ID,plate,sym,well,temp,treatment,lacerate,day,dpl,tent_count,day_cat
Plate 1_A1_Sym_25C,Plate 1,Sym,A1,25C (ambient),Sym_25,1,"0 dpi

07.28.2025",0,0,day_0
Plate 1_A1_Sym_25C,Plate 1,Sym,A1,25C (ambient),Sym_25,1,"3 dpl

07.31.2025",3,0,day_3
Plate 1_A1_Sym_25C,Plate 1,Sym,A1,25C (ambient),Sym_25,1,"4 dpl

08.01.2025",4,na,day_4
Plate 1_A1_Sym_25C,Plate 1,Sym,A1,25C (ambient),Sym_25,1,"5 dpl

08.02.2025",5,na,day_5
Plate 1_A1_Sym_25C,Plate 1,Sym,A1,25C (ambient),Sym_25,1,"6 dpl

08.03. 2025",6,na,day_6
Plate 1_A1_Sym_25C,Plate 1,Sym,A1,25C (ambient),Sym_25,1,"7 dpl

08.04.2025",7,na,day_7
Plate 1_A1_Sym_25C,Plate 1,Sym,A1,25C (ambient),Sym_25,1,"8 dpl

08.05.2025",8,na,day_8
Plate 1_A1_Sym_25C,Plate 1,Sym,A1,25C (ambient),Sym_25,1,"9 dpl

08.06.2025",9,na,day_9
Plate 1_A1_Sym_25C,Plate 1,Sym,A1,25C (ambient),Sym_25,1,"10 dpl

08.07.2025",10,na,day_10
Plate 1_A1_Sym_25C,Plate 1,Sym,A1,25C (ambient),Sym_25,1,"11 dpl

08.08.2025",11,na,day_11
Plate 1_A1_Sym_25C,Plate 1,Sym,A1,25C (ambient),Sym_25,1,"13 dpl

08.10.2025",13,na,day_13
Plate 1_A1_Sym_25C,Plate 1,Sym,A1,25C (ambient),Sym_25,1,"14 dpl

08.11.2025",14,na,day_14
Plate 1_A1_Sym_25C,Plate 1,Sym,A1,25C (ambient),Sym_25,1,21 dpl,21,na,day_21
Plate 1_A1_Sym_25C,Plate 1,Sym,A1,25C (ambient),Sym_25,2,"0 dpi

07.28.2025",0,0,day_0
Plate 1_A1_Sym_25C,Plate 1,Sym,A1,25C (ambient),Sym_25,2,"3 dpl

07.31.2025",3,0,day_3
Plate 1_A1_Sym_25C,Plate 1,Sym,A1,25C (ambient),Sym_25,2,"4 dpl

08.01.2025",4,na,day_4
Plate 1_A1_Sym_25C,Plate 1,Sym,A1,25C (ambient),Sym_25,2,"5 dpl

08.02.2025",5,na,day_5
Plate 1_A1_Sym_25C,Plate 1,Sym,A1,25C (ambient),Sym_25,2,"6 dpl

08.03. 2025",6,na,day_6
Plate 1_A1_Sym_25C,Plate 1,Sym,A1,25C (ambient),Sym_25,2,"7 dpl

08.04.2025",7,na,day_7
Plate 1_A1_Sym_25C,Plate 1,Sym,A1,25C (ambient),Sym_25,2,"8 dpl

08.05.2025",8,na,day_8
Plate 1_A1_Sym_25C,Plate 1,Sym,A1,25C (ambient),Sym_25,2,"9 dpl

08.06.2025",9,na,day_9
Plate 1_A1_Sym_25C,Plate 1,Sym,A1,25C (ambient),Sym_25,2,"10 dpl

08.07.2025",10,na,day_10
Plate 1_A1_Sym_25C,Plate 1,Sym,A1,25C (ambient),Sym_25,2,"11 dpl

08.08.2025",11,na,day_11
Plate 1_A1_Sym_25C,Plate 1,Sym,A1,25C (ambient),Sym_25,2,"13 dpl

08.10.2025",13,na,day_13
Plate 1_A1_Sym_25C,Plate 1,Sym,A1,25C (ambient),Sym_25,2,"14 dpl

08.11.2025",14,na,day_14
Plate 1_A1_Sym_25C,Plate 1,Sym,A1,25C (ambient),Sym_25,2,21 dpl,21,na,day_21
Plate 1_A2_Sym_25C,Plate 1,Sym,A2,25C (ambient),Sym_25,1,"0 dpi

07.28.2025",0,0,day_0
Plate 1_A2_Sym_25C,Plate 1,Sym,A2,25C (ambient),Sym_25,1,"3 dpl

07.31.2025",3,0,day_3
Plate 1_A2_Sym_25C,Plate 1,Sym,A2,25C (ambient),Sym_25,1,"4 dpl

08.01.2025",4,na,day_4
Plate 1_A2_Sym_25C,Plate 1,Sym,A2,25C (ambient),Sym_25,1,"5 dpl

08.02.2025",5,na,day_5
Plate 1_A2_Sym_25C,Plate 1,Sym,A2,25C (ambient),Sym_25,1,"6 dpl

08.03. 2025",6,na,day_6
Plate 1_A2_Sym_25C,Plate 1,Sym,A2,25C (ambient),Sym_25,1,"7 dpl

08.04.2025",7,na,day_7
Plate 1_A2_Sym_25C,Plate 1,Sym,A2,25C (ambient),Sym_25,1,"8 dpl

08.05.2025",8,na,day_8
Plate 1_A2_Sym_25C,Plate 1,Sym,A2,25C (ambient),Sym_25,1,"9 dpl

08.06.2025",9,na,day_9
Plate 1_A2_Sym_25C,Plate 1,Sym,A2,25C (ambient),Sym_25,1,"10 dpl

08.07.2025",10,na,day_10
Plate 1_A2_Sym_25C,Plate 1,Sym,A2,25C (ambient),Sym_25,1,"11 dpl

08.08.2025",11,na,day_11
Plate 1_A2_Sym_25C,Plate 1,Sym,A2,25C (ambient),Sym_25,1,"13 dpl

08.10.2025",13,na,day_13
Plate 1_A2_Sym_25C,Plate 1,Sym,A2,25C (ambient),Sym_25,1,"14 dpl

08.11.2025",14,na,day_14
Plate 1_A2_Sym_25C,Plate 1,Sym,A2,25C (ambient),Sym_25,1,21 dpl,21,na,day_21
Plate 1_A3_Sym_25C,Plate 1,Sym,A3,25C (ambient),Sym_25,1,"0 dpi

07.28.2025",0,0,day_0
Plate 1_A3_Sym_25C,Plate 1,Sym,A3,25C (ambient),Sym_25,1,"3 dpl

07.31.2025",3,0,day_3
Plate 1_A3_Sym_25C,Plate 1,Sym,A3,25C (ambient),Sym_25,1,"4 dpl

08.01.2025",4,0,day_4
Plate 1_A3_Sym_25C,Plate 1,Sym,A3,25C (ambient),Sym_25,1,"5 dpl

08.02.2025",5,0,day_5
Plate 1_A3_Sym_25C,Plate 1,Sym,A3,25C (ambient),Sym_25,1,"6 dpl

08.03. 2025",6,0,day_6
Plate 1_A3_Sym_25C,Plate 1,Sym,A3,25C (ambient),Sym_25,1,"7 dpl

08.04.2025",7,0,day_7
Plate 1_A3_Sym_25C,Plate 1,Sym,A3,25C (ambient),Sym_25,1,"8 dpl

08.05.2025",8,0,day_8
Plate 1_A3_Sym_25C,Plate 1,Sym,A3,25C (ambient),Sym_25,1,"9 dpl

08.06.2025",9,na,day_9
Plate 1_A3_Sym_25C,Plate 1,Sym,A3,25C (ambient),Sym_25,1,"10 dpl

08.07.2025",10,na,day_10
Plate 1_A3_Sym_25C,Plate 1,Sym,A3,25C (ambient),Sym_25,1,"11 dpl

08.08.2025",11,na,day_11
Plate 1_A3_Sym_25C,Plate 1,Sym,A3,25C (ambient),Sym_25,1,"13 dpl

08.10.2025",13,na,day_13
Plate 1_A3_Sym_25C,Plate 1,Sym,A3,25C (ambient),Sym_25,1,"14 dpl

08.11.2025",14,na,day_14
Plate 1_A3_Sym_25C,Plate 1,Sym,A3,25C (ambient),Sym_25,1,21 dpl,21,na,day_21
Plate 1_A3_Sym_25C,Plate 1,Sym,A3,25C (ambient),Sym_25,2,"0 dpi

07.28.2025",0,0,day_0
Plate 1_A3_Sym_25C,Plate 1,Sym,A3,25C (ambient),Sym_25,2,"3 dpl

07.31.2025",3,0,day_3
Plate 1_A3_Sym_25C,Plate 1,Sym,A3,25C (ambient),Sym_25,2,"4 dpl

08.01.2025",4,na,day_4
Plate 1_A3_Sym_25C,Plate 1,Sym,A3,25C (ambient),Sym_25,2,"5 dpl

08.02.2025",5,na,day_5
Plate 1_A3_Sym_25C,Plate 1,Sym,A3,25C (ambient),Sym_25,2,"6 dpl

08.03. 2025",6,na,day_6
Plate 1_A3_Sym_25C,Plate 1,Sym,A3,25C (ambient),Sym_25,2,"7 dpl

08.04.2025",7,na,day_7
Plate 1_A3_Sym_25C,Plate 1,Sym,A3,25C (ambient),Sym_25,2,"8 dpl

08.05.2025",8,na,day_8
Plate 1_A3_Sym_25C,Plate 1,Sym,A3,25C (ambient),Sym_25,2,"9 dpl

08.06.2025",9,na,day_9
Plate 1_A3_Sym_25C,Plate 1,Sym,A3,25C (ambient),Sym_25,2,"10 dpl

08.07.2025",10,na,day_10
Plate 1_A3_Sym_25C,Plate 1,Sym,A3,25C (ambient),Sym_25,2,"11 dpl

08.08.2025",11,na,day_11
Plate 1_A3_Sym_25C,Plate 1,Sym,A3,25C (ambient),Sym_25,2,"13 dpl

08.10.2025",13,na,day_13
Plate 1_A3_Sym_25C,Plate 1,Sym,A3,25C (ambient),Sym_25,2,"14 dpl

08.11.2025",14,na,day_14
Plate 1_A3_Sym_25C,Plate 1,Sym,A3,25C (ambient),Sym_25,2,21 dpl,21,na,day_21
Plate 1_A4_Sym_25C,Plate 1,Sym,A4,25C (ambient),Sym_25,1,"0 dpi

07.28.2025",0,0,day_0
Plate 1_A4_Sym_25C,Plate 1,Sym,A4,25C (ambient),Sym_25,1,"3 dpl

07.31.2025",3,0,day_3
Plate 1_A4_Sym_25C,Plate 1,Sym,A4,25C (ambient),Sym_25,1,"4 dpl

08.01.2025",4,0,day_4
Plate 1_A4_Sym_25C,Plate 1,Sym,A4,25C (ambient),Sym_25,1,"5 dpl

08.02.2025",5,0,day_5
Plate 1_A4_Sym_25C,Plate 1,Sym,A4,25C (ambient),Sym_25,1,"6 dpl

08.03. 2025",6,0,day_6
Plate 1_A4_Sym_25C,Plate 1,Sym,A4,25C (ambient),Sym_25,1,"7 dpl

08.04.2025",7,0,day_7
Plate 1_A4_Sym_25C,Plate 1,Sym,A4,25C (ambient),Sym_25,1,"8 dpl

08.05.2025",8,0,day_8
Plate 1_A4_Sym_25C,Plate 1,Sym,A4,25C (ambient),Sym_25,1,"9 dpl

08.06.2025",9,0,day_9
Plate 1_A4_Sym_25C,Plate 1,Sym,A4,25C (ambient),Sym_25,1,"10 dpl

08.07.2025",10,0,day_10
Plate 1_A4_Sym_25C,Plate 1,Sym,A4,25C (ambient),Sym_25,1,"11 dpl

08.08.2025",11,0,day_11
Plate 1_A4_Sym_25C,Plate 1,Sym,A4,25C (ambient),Sym_25,1,"13 dpl

08.10.2025",13,0,day_13
Plate 1_A4_Sym_25C,Plate 1,Sym,A4,25C (ambient),Sym_25,1,"14 dpl

08.11.2025",14,0,day_14
Plate 1_A4_Sym_25C,Plate 1,Sym,A4,25C (ambient),Sym_25,1,21 dpl,21,0,day_21
Plate 1_A5_Sym_25C,Plate 1,Sym,A5,25C (ambient),Sym_25,1,"0 dpi

07.28.2025",0,0,day_0
Plate 1_A5_Sym_25C,Plate 1,Sym,A5,25C (ambient),Sym_25,1,"3 dpl

07.31.2025",3,0,day_3
Plate 1_A5_Sym_25C,Plate 1,Sym,A5,25C (ambient),Sym_25,1,"4 dpl

08.01.2025",4,na,day_4
Plate 1_A5_Sym_25C,Plate 1,Sym,A5,25C (ambient),Sym_25,1,"5 dpl

08.02.2025",5,na,day_5
Plate 1_A5_Sym_25C,Plate 1,Sym,A5,25C (ambient),Sym_25,1,"6 dpl

08.03. 2025",6,na,day_6
Plate 1_A5_Sym_25C,Plate 1,Sym,A5,25C (ambient),Sym_25,1,"7 dpl

08.04.2025",7,na,day_7
Plate 1_A5_Sym_25C,Plate 1,Sym,A5,25C (ambient),Sym_25,1,"8 dpl

08.05.2025",8,na,day_8
Plate 1_A5_Sym_25C,Plate 1,Sym,A5,25C (ambient),Sym_25,1,"9 dpl

08.06.2025",9,na,day_9
Plate 1_A5_Sym_25C,Plate 1,Sym,A5,25C (ambient),Sym_25,1,"10 dpl

08.07.2025",10,na,day_10
Plate 1_A5_Sym_25C,Plate 1,Sym,A5,25C (ambient),Sym_25,1,"11 dpl

08.08.2025",11,na,day_11
Plate 1_A5_Sym_25C,Plate 1,Sym,A5,25C (ambient),Sym_25,1,"13 dpl

08.10.2025",13,na,day_13
Plate 1_A5_Sym_25C,Plate 1,Sym,A5,25C (ambient),Sym_25,1,"14 dpl

08.11.2025",14,na,day_14
Plate 1_A5_Sym_25C,Plate 1,Sym,A5,25C (ambient),Sym_25,1,21 dpl,21,na,day_21
Plate 1_A6_Sym_25C,Plate 1,Sym,A6,25C (ambient),Sym_25,1,"0 dpi

07.28.2025",0,0,day_0
Plate 1_A6_Sym_25C,Plate 1,Sym,A6,25C (ambient),Sym_25,1,"3 dpl

07.31.2025",3,na,day_3
Plate 1_A6_Sym_25C,Plate 1,Sym,A6,25C (ambient),Sym_25,1,"4 dpl

08.01.2025",4,na,day_4
Plate 1_A6_Sym_25C,Plate 1,Sym,A6,25C (ambient),Sym_25,1,"5 dpl

08.02.2025",5,na,day_5
Plate 1_A6_Sym_25C,Plate 1,Sym,A6,25C (ambient),Sym_25,1,"6 dpl

08.03. 2025",6,na,day_6
Plate 1_A6_Sym_25C,Plate 1,Sym,A6,25C (ambient),Sym_25,1,"7 dpl

08.04.2025",7,na,day_7
Plate 1_A6_Sym_25C,Plate 1,Sym,A6,25C (ambient),Sym_25,1,"8 dpl

08.05.2025",8,na,day_8
Plate 1_A6_Sym_25C,Plate 1,Sym,A6,25C (ambient),Sym_25,1,"9 dpl

08.06.2025",9,na,day_9
Plate 1_A6_Sym_25C,Plate 1,Sym,A6,25C (ambient),Sym_25,1,"10 dpl

08.07.2025",10,na,day_10
Plate 1_A6_Sym_25C,Plate 1,Sym,A6,25C (ambient),Sym_25,1,"11 dpl

08.08.2025",11,na,day_11
Plate 1_A6_Sym_25C,Plate 1,Sym,A6,25C (ambient),Sym_25,1,"13 dpl

08.10.2025",13,na,day_13
Plate 1_A6_Sym_25C,Plate 1,Sym,A6,25C (ambient),Sym_25,1,"14 dpl

08.11.2025",14,na,day_14
Plate 1_A6_Sym_25C,Plate 1,Sym,A6,25C (ambient),Sym_25,1,21 dpl,21,na,day_21
Plate 1_A6_Sym_25C,Plate 1,Sym,A6,25C (ambient),Sym_25,2,"0 dpi

07.28.2025",0,0,day_0
Plate 1_A6_Sym_25C,Plate 1,Sym,A6,25C (ambient),Sym_25,2,"3 dpl

07.31.2025",3,na,day_3
Plate 1_A6_Sym_25C,Plate 1,Sym,A6,25C (ambient),Sym_25,2,"4 dpl

08.01.2025",4,na,day_4
Plate 1_A6_Sym_25C,Plate 1,Sym,A6,25C (ambient),Sym_25,2,"5 dpl

08.02.2025",5,na,day_5
Plate 1_A6_Sym_25C,Plate 1,Sym,A6,25C (ambient),Sym_25,2,"6 dpl

08.03. 2025",6,na,day_6
Plate 1_A6_Sym_25C,Plate 1,Sym,A6,25C (ambient),Sym_25,2,"7 dpl

08.04.2025",7,na,day_7
Plate 1_A6_Sym_25C,Plate 1,Sym,A6,25C (ambient),Sym_25,2,"8 dpl

08.05.2025",8,na,day_8
Plate 1_A6_Sym_25C,Plate 1,Sym,A6,25C (ambient),Sym_25,2,"9 dpl

08.06.2025",9,na,day_9
Plate 1_A6_Sym_25C,Plate 1,Sym,A6,25C (ambient),Sym_25,2,"10 dpl

08.07.2025",10,na,day_10
Plate 1_A6_Sym_25C,Plate 1,Sym,A6,25C (ambient),Sym_25,2,"11 dpl

08.08.2025",11,na,day_11
Plate 1_A6_Sym_25C,Plate 1,Sym,A6,25C (ambient),Sym_25,2,"13 dpl

08.10.2025",13,na,day_13
Plate 1_A6_Sym_25C,Plate 1,Sym,A6,25C (ambient),Sym_25,2,"14 dpl

08.11.2025",14,na,day_14
Plate 1_A6_Sym_25C,Plate 1,Sym,A6,25C (ambient),Sym_25,2,21 dpl,21,na,day_21
Plate 1_B1_Sym_25C,Plate 1,Sym,B1,25C (ambient),Sym_25,1,"0 dpi

07.28.2025",0,0,day_0
Plate 1_B1_Sym_25C,Plate 1,Sym,B1,25C (ambient),Sym_25,1,"3 dpl

07.31.2025",3,0,day_3
Plate 1_B1_Sym_25C,Plate 1,Sym,B1,25C (ambient),Sym_25,1,"4 dpl

08.01.2025",4,na,day_4
Plate 1_B1_Sym_25C,Plate 1,Sym,B1,25C (ambient),Sym_25,1,"5 dpl

08.02.2025",5,na,day_5
Plate 1_B1_Sym_25C,Plate 1,Sym,B1,25C (ambient),Sym_25,1,"6 dpl

08.03. 2025",6,na,day_6
Plate 1_B1_Sym_25C,Plate 1,Sym,B1,25C (ambient),Sym_25,1,"7 dpl

08.04.2025",7,na,day_7
Plate 1_B1_Sym_25C,Plate 1,Sym,B1,25C (ambient),Sym_25,1,"8 dpl

08.05.2025",8,na,day_8
Plate 1_B1_Sym_25C,Plate 1,Sym,B1,25C (ambient),Sym_25,1,"9 dpl

08.06.2025",9,na,day_9
Plate 1_B1_Sym_25C,Plate 1,Sym,B1,25C (ambient),Sym_25,1,"10 dpl

08.07.2025",10,na,day_10
Plate 1_B1_Sym_25C,Plate 1,Sym,B1,25C (ambient),Sym_25,1,"11 dpl

08.08.2025",11,na,day_11
Plate 1_B1_Sym_25C,Plate 1,Sym,B1,25C (ambient),Sym_25,1,"13 dpl

08.10.2025",13,na,day_13
Plate 1_B1_Sym_25C,Plate 1,Sym,B1,25C (ambient),Sym_25,1,"14 dpl

08.11.2025",14,na,day_14
Plate 1_B1_Sym_25C,Plate 1,Sym,B1,25C (ambient),Sym_25,1,21 dpl,21,na,day_21
Plate 1_B2_Sym_25C,Plate 1,Sym,B2,25C (ambient),Sym_25,1,"0 dpi

07.28.2025",0,0,day_0
Plate 1_B2_Sym_25C,Plate 1,Sym,B2,25C (ambient),Sym_25,1,"3 dpl

07.31.2025",3,0,day_3
Plate 1_B2_Sym_25C,Plate 1,Sym,B2,25C (ambient),Sym_25,1,"4 dpl

08.01.2025",4,na,day_4
Plate 1_B2_Sym_25C,Plate 1,Sym,B2,25C (ambient),Sym_25,1,"5 dpl

08.02.2025",5,na,day_5
Plate 1_B2_Sym_25C,Plate 1,Sym,B2,25C (ambient),Sym_25,1,"6 dpl

08.03. 2025",6,na,day_6
Plate 1_B2_Sym_25C,Plate 1,Sym,B2,25C (ambient),Sym_25,1,"7 dpl

08.04.2025",7,na,day_7
Plate 1_B2_Sym_25C,Plate 1,Sym,B2,25C (ambient),Sym_25,1,"8 dpl

08.05.2025",8,na,day_8
Plate 1_B2_Sym_25C,Plate 1,Sym,B2,25C (ambient),Sym_25,1,"9 dpl

08.06.2025",9,na,day_9
Plate 1_B2_Sym_25C,Plate 1,Sym,B2,25C (ambient),Sym_25,1,"10 dpl

08.07.2025",10,na,day_10
Plate 1_B2_Sym_25C,Plate 1,Sym,B2,25C (ambient),Sym_25,1,"11 dpl

08.08.2025",11,na,day_11
Plate 1_B2_Sym_25C,Plate 1,Sym,B2,25C (ambient),Sym_25,1,"13 dpl

08.10.2025",13,na,day_13
Plate 1_B2_Sym_25C,Plate 1,Sym,B2,25C (ambient),Sym_25,1,"14 dpl

08.11.2025",14,na,day_14
Plate 1_B2_Sym_25C,Plate 1,Sym,B2,25C (ambient),Sym_25,1,21 dpl,21,na,day_21
Plate 1_B3_Sym_25C,Plate 1,Sym,B3,25C (ambient),Sym_25,1,"0 dpi

07.28.2025",0,0,day_0
Plate 1_B3_Sym_25C,Plate 1,Sym,B3,25C (ambient),Sym_25,1,"3 dpl

07.31.2025",3,0,day_3
Plate 1_B3_Sym_25C,Plate 1,Sym,B3,25C (ambient),Sym_25,1,"4 dpl

08.01.2025",4,na,day_4
Plate 1_B3_Sym_25C,Plate 1,Sym,B3,25C (ambient),Sym_25,1,"5 dpl

08.02.2025",5,na,day_5
Plate 1_B3_Sym_25C,Plate 1,Sym,B3,25C (ambient),Sym_25,1,"6 dpl

08.03. 2025",6,na,day_6
Plate 1_B3_Sym_25C,Plate 1,Sym,B3,25C (ambient),Sym_25,1,"7 dpl

08.04.2025",7,na,day_7
Plate 1_B3_Sym_25C,Plate 1,Sym,B3,25C (ambient),Sym_25,1,"8 dpl

08.05.2025",8,na,day_8
Plate 1_B3_Sym_25C,Plate 1,Sym,B3,25C (ambient),Sym_25,1,"9 dpl

08.06.2025",9,na,day_9
Plate 1_B3_Sym_25C,Plate 1,Sym,B3,25C (ambient),Sym_25,1,"10 dpl

08.07.2025",10,na,day_10
Plate 1_B3_Sym_25C,Plate 1,Sym,B3,25C (ambient),Sym_25,1,"11 dpl

08.08.2025",11,na,day_11
Plate 1_B3_Sym_25C,Plate 1,Sym,B3,25C (ambient),Sym_25,1,"13 dpl

08.10.2025",13,na,day_13
Plate 1_B3_Sym_25C,Plate 1,Sym,B3,25C (ambient),Sym_25,1,"14 dpl

08.11.2025",14,na,day_14
Plate 1_B3_Sym_25C,Plate 1,Sym,B3,25C (ambient),Sym_25,1,21 dpl,21,na,day_21
Plate 1_B3_Sym_25C,Plate 1,Sym,B3,25C (ambient),Sym_25,2,"0 dpi

07.28.2025",0,0,day_0
Plate 1_B3_Sym_25C,Plate 1,Sym,B3,25C (ambient),Sym_25,2,"3 dpl

07.31.2025",3,na,day_3
Plate 1_B3_Sym_25C,Plate 1,Sym,B3,25C (ambient),Sym_25,2,"4 dpl

08.01.2025",4,na,day_4
Plate 1_B3_Sym_25C,Plate 1,Sym,B3,25C (ambient),Sym_25,2,"5 dpl

08.02.2025",5,na,day_5
Plate 1_B3_Sym_25C,Plate 1,Sym,B3,25C (ambient),Sym_25,2,"6 dpl

08.03. 2025",6,na,day_6
Plate 1_B3_Sym_25C,Plate 1,Sym,B3,25C (ambient),Sym_25,2,"7 dpl

08.04.2025",7,na,day_7
Plate 1_B3_Sym_25C,Plate 1,Sym,B3,25C (ambient),Sym_25,2,"8 dpl

08.05.2025",8,na,day_8
Plate 1_B3_Sym_25C,Plate 1,Sym,B3,25C (ambient),Sym_25,2,"9 dpl

08.06.2025",9,na,day_9
Plate 1_B3_Sym_25C,Plate 1,Sym,B3,25C (ambient),Sym_25,2,"10 dpl

08.07.2025",10,na,day_10
Plate 1_B3_Sym_25C,Plate 1,Sym,B3,25C (ambient),Sym_25,2,"11 dpl

08.08.2025",11,na,day_11
Plate 1_B3_Sym_25C,Plate 1,Sym,B3,25C (ambient),Sym_25,2,"13 dpl

08.10.2025",13,na,day_13
Plate 1_B3_Sym_25C,Plate 1,Sym,B3,25C (ambient),Sym_25,2,"14 dpl

08.11.2025",14,na,day_14
Plate 1_B3_Sym_25C,Plate 1,Sym,B3,25C (ambient),Sym_25,2,21 dpl,21,na,day_21
Plate 1_B4_Sym_25C,Plate 1,Sym,B4,25C (ambient),Sym_25,1,"0 dpi

07.28.2025",0,0,day_0
Plate 1_B4_Sym_25C,Plate 1,Sym,B4,25C (ambient),Sym_25,1,"3 dpl

07.31.2025",3,na,day_3
Plate 1_B4_Sym_25C,Plate 1,Sym,B4,25C (ambient),Sym_25,1,"4 dpl

08.01.2025",4,na,day_4
Plate 1_B4_Sym_25C,Plate 1,Sym,B4,25C (ambient),Sym_25,1,"5 dpl

08.02.2025",5,na,day_5
Plate 1_B4_Sym_25C,Plate 1,Sym,B4,25C (ambient),Sym_25,1,"6 dpl

08.03. 2025",6,na,day_6
Plate 1_B4_Sym_25C,Plate 1,Sym,B4,25C (ambient),Sym_25,1,"7 dpl

08.04.2025",7,na,day_7
Plate 1_B4_Sym_25C,Plate 1,Sym,B4,25C (ambient),Sym_25,1,"8 dpl

08.05.2025",8,na,day_8
Plate 1_B4_Sym_25C,Plate 1,Sym,B4,25C (ambient),Sym_25,1,"9 dpl

08.06.2025",9,na,day_9
Plate 1_B4_Sym_25C,Plate 1,Sym,B4,25C (ambient),Sym_25,1,"10 dpl

08.07.2025",10,na,day_10
Plate 1_B4_Sym_25C,Plate 1,Sym,B4,25C (ambient),Sym_25,1,"11 dpl

08.08.2025",11,na,day_11
Plate 1_B4_Sym_25C,Plate 1,Sym,B4,25C (ambient),Sym_25,1,"13 dpl

08.10.2025",13,na,day_13
Plate 1_B4_Sym_25C,Plate 1,Sym,B4,25C (ambient),Sym_25,1,"14 dpl

08.11.2025",14,na,day_14
Plate 1_B4_Sym_25C,Plate 1,Sym,B4,25C (ambient),Sym_25,1,21 dpl,21,na,day_21
Plate 1_B5_Sym_25C,Plate 1,Sym,B5,25C (ambient),Sym_25,1,"0 dpi

07.28.2025",0,0,day_0
Plate 1_B5_Sym_25C,Plate 1,Sym,B5,25C (ambient),Sym_25,1,"3 dpl

07.31.2025",3,na,day_3
Plate 1_B5_Sym_25C,Plate 1,Sym,B5,25C (ambient),Sym_25,1,"4 dpl

08.01.2025",4,na,day_4
Plate 1_B5_Sym_25C,Plate 1,Sym,B5,25C (ambient),Sym_25,1,"5 dpl

08.02.2025",5,na,day_5
Plate 1_B5_Sym_25C,Plate 1,Sym,B5,25C (ambient),Sym_25,1,"6 dpl

08.03. 2025",6,na,day_6
Plate 1_B5_Sym_25C,Plate 1,Sym,B5,25C (ambient),Sym_25,1,"7 dpl

08.04.2025",7,na,day_7
Plate 1_B5_Sym_25C,Plate 1,Sym,B5,25C (ambient),Sym_25,1,"8 dpl

08.05.2025",8,na,day_8
Plate 1_B5_Sym_25C,Plate 1,Sym,B5,25C (ambient),Sym_25,1,"9 dpl

08.06.2025",9,na,day_9
Plate 1_B5_Sym_25C,Plate 1,Sym,B5,25C (ambient),Sym_25,1,"10 dpl

08.07.2025",10,na,day_10
Plate 1_B5_Sym_25C,Plate 1,Sym,B5,25C (ambient),Sym_25,1,"11 dpl

08.08.2025",11,na,day_11
Plate 1_B5_Sym_25C,Plate 1,Sym,B5,25C (ambient),Sym_25,1,"13 dpl

08.10.2025",13,na,day_13
Plate 1_B5_Sym_25C,Plate 1,Sym,B5,25C (ambient),Sym_25,1,"14 dpl

08.11.2025",14,na,day_14
Plate 1_B5_Sym_25C,Plate 1,Sym,B5,25C (ambient),Sym_25,1,21 dpl,21,na,day_21
Plate 1_B5_Sym_25C,Plate 1,Sym,B5,25C (ambient),Sym_25,2,"0 dpi

07.28.2025",0,0,day_0
Plate 1_B5_Sym_25C,Plate 1,Sym,B5,25C (ambient),Sym_25,2,"3 dpl

07.31.2025",3,na,day_3
Plate 1_B5_Sym_25C,Plate 1,Sym,B5,25C (ambient),Sym_25,2,"4 dpl

08.01.2025",4,na,day_4
Plate 1_B5_Sym_25C,Plate 1,Sym,B5,25C (ambient),Sym_25,2,"5 dpl

08.02.2025",5,na,day_5
Plate 1_B5_Sym_25C,Plate 1,Sym,B5,25C (ambient),Sym_25,2,"6 dpl

08.03. 2025",6,na,day_6
Plate 1_B5_Sym_25C,Plate 1,Sym,B5,25C (ambient),Sym_25,2,"7 dpl

08.04.2025",7,na,day_7
Plate 1_B5_Sym_25C,Plate 1,Sym,B5,25C (ambient),Sym_25,2,"8 dpl

08.05.2025",8,na,day_8
Plate 1_B5_Sym_25C,Plate 1,Sym,B5,25C (ambient),Sym_25,2,"9 dpl

08.06.2025",9,na,day_9
Plate 1_B5_Sym_25C,Plate 1,Sym,B5,25C (ambient),Sym_25,2,"10 dpl

08.07.2025",10,na,day_10
Plate 1_B5_Sym_25C,Plate 1,Sym,B5,25C (ambient),Sym_25,2,"11 dpl

08.08.2025",11,na,day_11
Plate 1_B5_Sym_25C,Plate 1,Sym,B5,25C (ambient),Sym_25,2,"13 dpl

08.10.2025",13,na,day_13
Plate 1_B5_Sym_25C,Plate 1,Sym,B5,25C (ambient),Sym_25,2,"14 dpl

08.11.2025",14,na,day_14
Plate 1_B5_Sym_25C,Plate 1,Sym,B5,25C (ambient),Sym_25,2,21 dpl,21,na,day_21
Plate 1_B6_Sym_25C,Plate 1,Sym,B6,25C (ambient),Sym_25,1,"0 dpi

07.28.2025",0,0,day_0
Plate 1_B6_Sym_25C,Plate 1,Sym,B6,25C (ambient),Sym_25,1,"3 dpl

07.31.2025",3,0,day_3
Plate 1_B6_Sym_25C,Plate 1,Sym,B6,25C (ambient),Sym_25,1,"4 dpl

08.01.2025",4,0,day_4
Plate 1_B6_Sym_25C,Plate 1,Sym,B6,25C (ambient),Sym_25,1,"5 dpl

08.02.2025",5,0,day_5
Plate 1_B6_Sym_25C,Plate 1,Sym,B6,25C (ambient),Sym_25,1,"6 dpl

08.03. 2025",6,0,day_6
Plate 1_B6_Sym_25C,Plate 1,Sym,B6,25C (ambient),Sym_25,1,"7 dpl

08.04.2025",7,na,day_7
Plate 1_B6_Sym_25C,Plate 1,Sym,B6,25C (ambient),Sym_25,1,"8 dpl

08.05.2025",8,na,day_8
Plate 1_B6_Sym_25C,Plate 1,Sym,B6,25C (ambient),Sym_25,1,"9 dpl

08.06.2025",9,na,day_9
Plate 1_B6_Sym_25C,Plate 1,Sym,B6,25C (ambient),Sym_25,1,"10 dpl

08.07.2025",10,na,day_10
Plate 1_B6_Sym_25C,Plate 1,Sym,B6,25C (ambient),Sym_25,1,"11 dpl

08.08.2025",11,na,day_11
Plate 1_B6_Sym_25C,Plate 1,Sym,B6,25C (ambient),Sym_25,1,"13 dpl

08.10.2025",13,na,day_13
Plate 1_B6_Sym_25C,Plate 1,Sym,B6,25C (ambient),Sym_25,1,"14 dpl

08.11.2025",14,na,day_14
Plate 1_B6_Sym_25C,Plate 1,Sym,B6,25C (ambient),Sym_25,1,21 dpl,21,na,day_21
Plate 1_C1_Sym_25C,Plate 1,Sym,C1,25C (ambient),Sym_25,1,"0 dpi

07.28.2025",0,0,day_0
Plate 1_C1_Sym_25C,Plate 1,Sym,C1,25C (ambient),Sym_25,1,"3 dpl

07.31.2025",3,0,day_3
Plate 1_C1_Sym_25C,Plate 1,Sym,C1,25C (ambient),Sym_25,1,"4 dpl

08.01.2025",4,0,day_4
Plate 1_C1_Sym_25C,Plate 1,Sym,C1,25C (ambient),Sym_25,1,"5 dpl

08.02.2025",5,0,day_5
Plate 1_C1_Sym_25C,Plate 1,Sym,C1,25C (ambient),Sym_25,1,"6 dpl

08.03. 2025",6,0,day_6
Plate 1_C1_Sym_25C,Plate 1,Sym,C1,25C (ambient),Sym_25,1,"7 dpl

08.04.2025",7,0,day_7
Plate 1_C1_Sym_25C,Plate 1,Sym,C1,25C (ambient),Sym_25,1,"8 dpl

08.05.2025",8,0,day_8
Plate 1_C1_Sym_25C,Plate 1,Sym,C1,25C (ambient),Sym_25,1,"9 dpl

08.06.2025",9,0,day_9
Plate 1_C1_Sym_25C,Plate 1,Sym,C1,25C (ambient),Sym_25,1,"10 dpl

08.07.2025",10,0,day_10
Plate 1_C1_Sym_25C,Plate 1,Sym,C1,25C (ambient),Sym_25,1,"11 dpl

08.08.2025",11,na,day_11
Plate 1_C1_Sym_25C,Plate 1,Sym,C1,25C (ambient),Sym_25,1,"13 dpl

08.10.2025",13,na,day_13
Plate 1_C1_Sym_25C,Plate 1,Sym,C1,25C (ambient),Sym_25,1,"14 dpl

08.11.2025",14,na,day_14
Plate 1_C1_Sym_25C,Plate 1,Sym,C1,25C (ambient),Sym_25,1,21 dpl,21,na,day_21
Plate 1_C2_Sym_25C,Plate 1,Sym,C2,25C (ambient),Sym_25,1,"0 dpi

07.28.2025",0,0,day_0
Plate 1_C2_Sym_25C,Plate 1,Sym,C2,25C (ambient),Sym_25,1,"3 dpl

07.31.2025",3,0,day_3
Plate 1_C2_Sym_25C,Plate 1,Sym,C2,25C (ambient),Sym_25,1,"4 dpl

08.01.2025",4,0,day_4
Plate 1_C2_Sym_25C,Plate 1,Sym,C2,25C (ambient),Sym_25,1,"5 dpl

08.02.2025",5,0,day_5
Plate 1_C2_Sym_25C,Plate 1,Sym,C2,25C (ambient),Sym_25,1,"6 dpl

08.03. 2025",6,0,day_6
Plate 1_C2_Sym_25C,Plate 1,Sym,C2,25C (ambient),Sym_25,1,"7 dpl

08.04.2025",7,0,day_7
Plate 1_C2_Sym_25C,Plate 1,Sym,C2,25C (ambient),Sym_25,1,"8 dpl

08.05.2025",8,na,day_8
Plate 1_C2_Sym_25C,Plate 1,Sym,C2,25C (ambient),Sym_25,1,"9 dpl

08.06.2025",9,na,day_9
Plate 1_C2_Sym_25C,Plate 1,Sym,C2,25C (ambient),Sym_25,1,"10 dpl

08.07.2025",10,na,day_10
Plate 1_C2_Sym_25C,Plate 1,Sym,C2,25C (ambient),Sym_25,1,"11 dpl

08.08.2025",11,na,day_11
Plate 1_C2_Sym_25C,Plate 1,Sym,C2,25C (ambient),Sym_25,1,"13 dpl

08.10.2025",13,na,day_13
Plate 1_C2_Sym_25C,Plate 1,Sym,C2,25C (ambient),Sym_25,1,"14 dpl

08.11.2025",14,na,day_14
Plate 1_C2_Sym_25C,Plate 1,Sym,C2,25C (ambient),Sym_25,1,21 dpl,21,na,day_21
Plate 1_C2_Sym_25C,Plate 1,Sym,C2,25C (ambient),Sym_25,2,"0 dpi

07.28.2025",0,0,day_0
Plate 1_C2_Sym_25C,Plate 1,Sym,C2,25C (ambient),Sym_25,2,"3 dpl

07.31.2025",3,0,day_3
Plate 1_C2_Sym_25C,Plate 1,Sym,C2,25C (ambient),Sym_25,2,"4 dpl

08.01.2025",4,0,day_4
Plate 1_C2_Sym_25C,Plate 1,Sym,C2,25C (ambient),Sym_25,2,"5 dpl

08.02.2025",5,0,day_5
Plate 1_C2_Sym_25C,Plate 1,Sym,C2,25C (ambient),Sym_25,2,"6 dpl

08.03. 2025",6,0,day_6
Plate 1_C2_Sym_25C,Plate 1,Sym,C2,25C (ambient),Sym_25,2,"7 dpl

08.04.2025",7,0,day_7
Plate 1_C2_Sym_25C,Plate 1,Sym,C2,25C (ambient),Sym_25,2,"8 dpl

08.05.2025",8,0,day_8
Plate 1_C2_Sym_25C,Plate 1,Sym,C2,25C (ambient),Sym_25,2,"9 dpl

08.06.2025",9,0,day_9
Plate 1_C2_Sym_25C,Plate 1,Sym,C2,25C (ambient),Sym_25,2,"10 dpl

08.07.2025",10,0,day_10
Plate 1_C2_Sym_25C,Plate 1,Sym,C2,25C (ambient),Sym_25,2,"11 dpl

08.08.2025",11,na,day_11
Plate 1_C2_Sym_25C,Plate 1,Sym,C2,25C (ambient),Sym_25,2,"13 dpl

08.10.2025",13,na,day_13
Plate 1_C2_Sym_25C,Plate 1,Sym,C2,25C (ambient),Sym_25,2,"14 dpl

08.11.2025",14,na,day_14
Plate 1_C2_Sym_25C,Plate 1,Sym,C2,25C (ambient),Sym_25,2,21 dpl,21,na,day_21
Plate 1_C3_Sym_25C,Plate 1,Sym,C3,25C (ambient),Sym_25,1,"0 dpi

07.28.2025",0,0,day_0
Plate 1_C3_Sym_25C,Plate 1,Sym,C3,25C (ambient),Sym_25,1,"3 dpl

07.31.2025",3,0,day_3
Plate 1_C3_Sym_25C,Plate 1,Sym,C3,25C (ambient),Sym_25,1,"4 dpl

08.01.2025",4,0,day_4
Plate 1_C3_Sym_25C,Plate 1,Sym,C3,25C (ambient),Sym_25,1,"5 dpl

08.02.2025",5,0,day_5
Plate 1_C3_Sym_25C,Plate 1,Sym,C3,25C (ambient),Sym_25,1,"6 dpl

08.03. 2025",6,0,day_6
Plate 1_C3_Sym_25C,Plate 1,Sym,C3,25C (ambient),Sym_25,1,"7 dpl

08.04.2025",7,0,day_7
Plate 1_C3_Sym_25C,Plate 1,Sym,C3,25C (ambient),Sym_25,1,"8 dpl

08.05.2025",8,0,day_8
Plate 1_C3_Sym_25C,Plate 1,Sym,C3,25C (ambient),Sym_25,1,"9 dpl

08.06.2025",9,0,day_9
Plate 1_C3_Sym_25C,Plate 1,Sym,C3,25C (ambient),Sym_25,1,"10 dpl

08.07.2025",10,0,day_10
Plate 1_C3_Sym_25C,Plate 1,Sym,C3,25C (ambient),Sym_25,1,"11 dpl

08.08.2025",11,0,day_11
Plate 1_C3_Sym_25C,Plate 1,Sym,C3,25C (ambient),Sym_25,1,"13 dpl

08.10.2025",13,0,day_13
Plate 1_C3_Sym_25C,Plate 1,Sym,C3,25C (ambient),Sym_25,1,"14 dpl

08.11.2025",14,0,day_14
Plate 1_C3_Sym_25C,Plate 1,Sym,C3,25C (ambient),Sym_25,1,21 dpl,21,0,day_21
Plate 1_C4_Sym_25C,Plate 1,Sym,C4,25C (ambient),Sym_25,1,"0 dpi

07.28.2025",0,0,day_0
Plate 1_C4_Sym_25C,Plate 1,Sym,C4,25C (ambient),Sym_25,1,"3 dpl

07.31.2025",3,0,day_3
Plate 1_C4_Sym_25C,Plate 1,Sym,C4,25C (ambient),Sym_25,1,"4 dpl

08.01.2025",4,0,day_4
Plate 1_C4_Sym_25C,Plate 1,Sym,C4,25C (ambient),Sym_25,1,"5 dpl

08.02.2025",5,0,day_5
Plate 1_C4_Sym_25C,Plate 1,Sym,C4,25C (ambient),Sym_25,1,"6 dpl

08.03. 2025",6,0,day_6
Plate 1_C4_Sym_25C,Plate 1,Sym,C4,25C (ambient),Sym_25,1,"7 dpl

08.04.2025",7,0,day_7
Plate 1_C4_Sym_25C,Plate 1,Sym,C4,25C (ambient),Sym_25,1,"8 dpl

08.05.2025",8,0,day_8
Plate 1_C4_Sym_25C,Plate 1,Sym,C4,25C (ambient),Sym_25,1,"9 dpl

08.06.2025",9,0,day_9
Plate 1_C4_Sym_25C,Plate 1,Sym,C4,25C (ambient),Sym_25,1,"10 dpl

08.07.2025",10,0,day_10
Plate 1_C4_Sym_25C,Plate 1,Sym,C4,25C (ambient),Sym_25,1,"11 dpl

08.08.2025",11,0,day_11
Plate 1_C4_Sym_25C,Plate 1,Sym,C4,25C (ambient),Sym_25,1,"13 dpl

08.10.2025",13,0,day_13
Plate 1_C4_Sym_25C,Plate 1,Sym,C4,25C (ambient),Sym_25,1,"14 dpl

08.11.2025",14,0,day_14
Plate 1_C4_Sym_25C,Plate 1,Sym,C4,25C (ambient),Sym_25,1,21 dpl,21,0,day_21
Plate 1_C5_Sym_25C,Plate 1,Sym,C5,25C (ambient),Sym_25,1,"0 dpi

07.28.2025",0,0,day_0
Plate 1_C5_Sym_25C,Plate 1,Sym,C5,25C (ambient),Sym_25,1,"3 dpl

07.31.2025",3,0,day_3
Plate 1_C5_Sym_25C,Plate 1,Sym,C5,25C (ambient),Sym_25,1,"4 dpl

08.01.2025",4,na,day_4
Plate 1_C5_Sym_25C,Plate 1,Sym,C5,25C (ambient),Sym_25,1,"5 dpl

08.02.2025",5,na,day_5
Plate 1_C5_Sym_25C,Plate 1,Sym,C5,25C (ambient),Sym_25,1,"6 dpl

08.03. 2025",6,na,day_6
Plate 1_C5_Sym_25C,Plate 1,Sym,C5,25C (ambient),Sym_25,1,"7 dpl

08.04.2025",7,na,day_7
Plate 1_C5_Sym_25C,Plate 1,Sym,C5,25C (ambient),Sym_25,1,"8 dpl

08.05.2025",8,na,day_8
Plate 1_C5_Sym_25C,Plate 1,Sym,C5,25C (ambient),Sym_25,1,"9 dpl

08.06.2025",9,na,day_9
Plate 1_C5_Sym_25C,Plate 1,Sym,C5,25C (ambient),Sym_25,1,"10 dpl

08.07.2025",10,na,day_10
Plate 1_C5_Sym_25C,Plate 1,Sym,C5,25C (ambient),Sym_25,1,"11 dpl

08.08.2025",11,na,day_11
Plate 1_C5_Sym_25C,Plate 1,Sym,C5,25C (ambient),Sym_25,1,"13 dpl

08.10.2025",13,na,day_13
Plate 1_C5_Sym_25C,Plate 1,Sym,C5,25C (ambient),Sym_25,1,"14 dpl

08.11.2025",14,na,day_14
Plate 1_C5_Sym_25C,Plate 1,Sym,C5,25C (ambient),Sym_25,1,21 dpl,21,na,day_21
Plate 1_C5_Sym_25C,Plate 1,Sym,C5,25C (ambient),Sym_25,2,"0 dpi

07.28.2025",0,na,day_0
Plate 1_C5_Sym_25C,Plate 1,Sym,C5,25C (ambient),Sym_25,2,"3 dpl

07.31.2025",3,0,day_3
Plate 1_C5_Sym_25C,Plate 1,Sym,C5,25C (ambient),Sym_25,2,"4 dpl

08.01.2025",4,na,day_4
Plate 1_C5_Sym_25C,Plate 1,Sym,C5,25C (ambient),Sym_25,2,"5 dpl

08.02.2025",5,na,day_5
Plate 1_C5_Sym_25C,Plate 1,Sym,C5,25C (ambient),Sym_25,2,"6 dpl

08.03. 2025",6,na,day_6
Plate 1_C5_Sym_25C,Plate 1,Sym,C5,25C (ambient),Sym_25,2,"7 dpl

08.04.2025",7,na,day_7
Plate 1_C5_Sym_25C,Plate 1,Sym,C5,25C (ambient),Sym_25,2,"8 dpl

08.05.2025",8,na,day_8
Plate 1_C5_Sym_25C,Plate 1,Sym,C5,25C (ambient),Sym_25,2,"9 dpl

08.06.2025",9,na,day_9
Plate 1_C5_Sym_25C,Plate 1,Sym,C5,25C (ambient),Sym_25,2,"10 dpl

08.07.2025",10,na,day_10
Plate 1_C5_Sym_25C,Plate 1,Sym,C5,25C (ambient),Sym_25,2,"11 dpl

08.08.2025",11,na,day_11
Plate 1_C5_Sym_25C,Plate 1,Sym,C5,25C (ambient),Sym_25,2,"13 dpl

08.10.2025",13,na,day_13
Plate 1_C5_Sym_25C,Plate 1,Sym,C5,25C (ambient),Sym_25,2,"14 dpl

08.11.2025",14,na,day_14
Plate 1_C5_Sym_25C,Plate 1,Sym,C5,25C (ambient),Sym_25,2,21 dpl,21,na,day_21
Plate 1_C6_Sym_25C,Plate 1,Sym,C6,25C (ambient),Sym_25,1,"0 dpi

07.28.2025",0,0,day_0
Plate 1_C6_Sym_25C,Plate 1,Sym,C6,25C (ambient),Sym_25,1,"3 dpl

07.31.2025",3,0,day_3
Plate 1_C6_Sym_25C,Plate 1,Sym,C6,25C (ambient),Sym_25,1,"4 dpl

08.01.2025",4,0,day_4
Plate 1_C6_Sym_25C,Plate 1,Sym,C6,25C (ambient),Sym_25,1,"5 dpl

08.02.2025",5,0,day_5
Plate 1_C6_Sym_25C,Plate 1,Sym,C6,25C (ambient),Sym_25,1,"6 dpl

08.03. 2025",6,0,day_6
Plate 1_C6_Sym_25C,Plate 1,Sym,C6,25C (ambient),Sym_25,1,"7 dpl

08.04.2025",7,0,day_7
Plate 1_C6_Sym_25C,Plate 1,Sym,C6,25C (ambient),Sym_25,1,"8 dpl

08.05.2025",8,0,day_8
Plate 1_C6_Sym_25C,Plate 1,Sym,C6,25C (ambient),Sym_25,1,"9 dpl

08.06.2025",9,0,day_9
Plate 1_C6_Sym_25C,Plate 1,Sym,C6,25C (ambient),Sym_25,1,"10 dpl

08.07.2025",10,0,day_10
Plate 1_C6_Sym_25C,Plate 1,Sym,C6,25C (ambient),Sym_25,1,"11 dpl

08.08.2025",11,0,day_11
Plate 1_C6_Sym_25C,Plate 1,Sym,C6,25C (ambient),Sym_25,1,"13 dpl

08.10.2025",13,0,day_13
Plate 1_C6_Sym_25C,Plate 1,Sym,C6,25C (ambient),Sym_25,1,"14 dpl

08.11.2025",14,0,day_14
Plate 1_C6_Sym_25C,Plate 1,Sym,C6,25C (ambient),Sym_25,1,21 dpl,21,0,day_21
Plate 1_C6_Sym_25C,Plate 1,Sym,C6,25C (ambient),Sym_25,2,"0 dpi

07.28.2025",0,0,day_0
Plate 1_C6_Sym_25C,Plate 1,Sym,C6,25C (ambient),Sym_25,2,"3 dpl

07.31.2025",3,na,day_3
Plate 1_C6_Sym_25C,Plate 1,Sym,C6,25C (ambient),Sym_25,2,"4 dpl

08.01.2025",4,na,day_4
Plate 1_C6_Sym_25C,Plate 1,Sym,C6,25C (ambient),Sym_25,2,"5 dpl

08.02.2025",5,na,day_5
Plate 1_C6_Sym_25C,Plate 1,Sym,C6,25C (ambient),Sym_25,2,"6 dpl

08.03. 2025",6,na,day_6
Plate 1_C6_Sym_25C,Plate 1,Sym,C6,25C (ambient),Sym_25,2,"7 dpl

08.04.2025",7,na,day_7
Plate 1_C6_Sym_25C,Plate 1,Sym,C6,25C (ambient),Sym_25,2,"8 dpl

08.05.2025",8,na,day_8
Plate 1_C6_Sym_25C,Plate 1,Sym,C6,25C (ambient),Sym_25,2,"9 dpl

08.06.2025",9,na,day_9
Plate 1_C6_Sym_25C,Plate 1,Sym,C6,25C (ambient),Sym_25,2,"10 dpl

08.07.2025",10,na,day_10
Plate 1_C6_Sym_25C,Plate 1,Sym,C6,25C (ambient),Sym_25,2,"11 dpl

08.08.2025",11,na,day_11
Plate 1_C6_Sym_25C,Plate 1,Sym,C6,25C (ambient),Sym_25,2,"13 dpl

08.10.2025",13,na,day_13
Plate 1_C6_Sym_25C,Plate 1,Sym,C6,25C (ambient),Sym_25,2,"14 dpl

08.11.2025",14,na,day_14
Plate 1_C6_Sym_25C,Plate 1,Sym,C6,25C (ambient),Sym_25,2,21 dpl,21,na,day_21
Plate 1_D1_Sym_25C,Plate 1,Sym,D1,25C (ambient),Sym_25,1,"0 dpi

07.28.2025",0,0,day_0
Plate 1_D1_Sym_25C,Plate 1,Sym,D1,25C (ambient),Sym_25,1,"3 dpl

07.31.2025",3,0,day_3
Plate 1_D1_Sym_25C,Plate 1,Sym,D1,25C (ambient),Sym_25,1,"4 dpl

08.01.2025",4,0,day_4
Plate 1_D1_Sym_25C,Plate 1,Sym,D1,25C (ambient),Sym_25,1,"5 dpl

08.02.2025",5,0,day_5
Plate 1_D1_Sym_25C,Plate 1,Sym,D1,25C (ambient),Sym_25,1,"6 dpl

08.03. 2025",6,0,day_6
Plate 1_D1_Sym_25C,Plate 1,Sym,D1,25C (ambient),Sym_25,1,"7 dpl

08.04.2025",7,na,day_7
Plate 1_D1_Sym_25C,Plate 1,Sym,D1,25C (ambient),Sym_25,1,"8 dpl

08.05.2025",8,na,day_8
Plate 1_D1_Sym_25C,Plate 1,Sym,D1,25C (ambient),Sym_25,1,"9 dpl

08.06.2025",9,na,day_9
Plate 1_D1_Sym_25C,Plate 1,Sym,D1,25C (ambient),Sym_25,1,"10 dpl

08.07.2025",10,na,day_10
Plate 1_D1_Sym_25C,Plate 1,Sym,D1,25C (ambient),Sym_25,1,"11 dpl

08.08.2025",11,na,day_11
Plate 1_D1_Sym_25C,Plate 1,Sym,D1,25C (ambient),Sym_25,1,"13 dpl

08.10.2025",13,na,day_13
Plate 1_D1_Sym_25C,Plate 1,Sym,D1,25C (ambient),Sym_25,1,"14 dpl

08.11.2025",14,na,day_14
Plate 1_D1_Sym_25C,Plate 1,Sym,D1,25C (ambient),Sym_25,1,21 dpl,21,na,day_21
Plate 1_D1_Sym_25C,Plate 1,Sym,D1,25C (ambient),Sym_25,2,"0 dpi

07.28.2025",0,0,day_0
Plate 1_D1_Sym_25C,Plate 1,Sym,D1,25C (ambient),Sym_25,2,"3 dpl

07.31.2025",3,na,day_3
Plate 1_D1_Sym_25C,Plate 1,Sym,D1,25C (ambient),Sym_25,2,"4 dpl

08.01.2025",4,na,day_4
Plate 1_D1_Sym_25C,Plate 1,Sym,D1,25C (ambient),Sym_25,2,"5 dpl

08.02.2025",5,na,day_5
Plate 1_D1_Sym_25C,Plate 1,Sym,D1,25C (ambient),Sym_25,2,"6 dpl

08.03. 2025",6,na,day_6
Plate 1_D1_Sym_25C,Plate 1,Sym,D1,25C (ambient),Sym_25,2,"7 dpl

08.04.2025",7,na,day_7
Plate 1_D1_Sym_25C,Plate 1,Sym,D1,25C (ambient),Sym_25,2,"8 dpl

08.05.2025",8,na,day_8
Plate 1_D1_Sym_25C,Plate 1,Sym,D1,25C (ambient),Sym_25,2,"9 dpl

08.06.2025",9,na,day_9
Plate 1_D1_Sym_25C,Plate 1,Sym,D1,25C (ambient),Sym_25,2,"10 dpl

08.07.2025",10,na,day_10
Plate 1_D1_Sym_25C,Plate 1,Sym,D1,25C (ambient),Sym_25,2,"11 dpl

08.08.2025",11,na,day_11
Plate 1_D1_Sym_25C,Plate 1,Sym,D1,25C (ambient),Sym_25,2,"13 dpl

08.10.2025",13,na,day_13
Plate 1_D1_Sym_25C,Plate 1,Sym,D1,25C (ambient),Sym_25,2,"14 dpl

08.11.2025",14,na,day_14
Plate 1_D1_Sym_25C,Plate 1,Sym,D1,25C (ambient),Sym_25,2,21 dpl,21,na,day_21
Plate 1_D2_Sym_25C,Plate 1,Sym,D2,25C (ambient),Sym_25,1,"0 dpi

07.28.2025",0,0,day_0
Plate 1_D2_Sym_25C,Plate 1,Sym,D2,25C (ambient),Sym_25,1,"3 dpl

07.31.2025",3,0,day_3
Plate 1_D2_Sym_25C,Plate 1,Sym,D2,25C (ambient),Sym_25,1,"4 dpl

08.01.2025",4,0,day_4
Plate 1_D2_Sym_25C,Plate 1,Sym,D2,25C (ambient),Sym_25,1,"5 dpl

08.02.2025",5,0,day_5
Plate 1_D2_Sym_25C,Plate 1,Sym,D2,25C (ambient),Sym_25,1,"6 dpl

08.03. 2025",6,0,day_6
Plate 1_D2_Sym_25C,Plate 1,Sym,D2,25C (ambient),Sym_25,1,"7 dpl

08.04.2025",7,0,day_7
Plate 1_D2_Sym_25C,Plate 1,Sym,D2,25C (ambient),Sym_25,1,"8 dpl

08.05.2025",8,0,day_8
Plate 1_D2_Sym_25C,Plate 1,Sym,D2,25C (ambient),Sym_25,1,"9 dpl

08.06.2025",9,0,day_9
Plate 1_D2_Sym_25C,Plate 1,Sym,D2,25C (ambient),Sym_25,1,"10 dpl

08.07.2025",10,0,day_10
Plate 1_D2_Sym_25C,Plate 1,Sym,D2,25C (ambient),Sym_25,1,"11 dpl

08.08.2025",11,0,day_11
Plate 1_D2_Sym_25C,Plate 1,Sym,D2,25C (ambient),Sym_25,1,"13 dpl

08.10.2025",13,na,day_13
Plate 1_D2_Sym_25C,Plate 1,Sym,D2,25C (ambient),Sym_25,1,"14 dpl

08.11.2025",14,na,day_14
Plate 1_D2_Sym_25C,Plate 1,Sym,D2,25C (ambient),Sym_25,1,21 dpl,21,na,day_21
Plate 1_D3_Sym_25C,Plate 1,Sym,D3,25C (ambient),Sym_25,1,"0 dpi

07.28.2025",0,0,day_0
Plate 1_D3_Sym_25C,Plate 1,Sym,D3,25C (ambient),Sym_25,1,"3 dpl

07.31.2025",3,0,day_3
Plate 1_D3_Sym_25C,Plate 1,Sym,D3,25C (ambient),Sym_25,1,"4 dpl

08.01.2025",4,0,day_4
Plate 1_D3_Sym_25C,Plate 1,Sym,D3,25C (ambient),Sym_25,1,"5 dpl

08.02.2025",5,0,day_5
Plate 1_D3_Sym_25C,Plate 1,Sym,D3,25C (ambient),Sym_25,1,"6 dpl

08.03. 2025",6,0,day_6
Plate 1_D3_Sym_25C,Plate 1,Sym,D3,25C (ambient),Sym_25,1,"7 dpl

08.04.2025",7,0,day_7
Plate 1_D3_Sym_25C,Plate 1,Sym,D3,25C (ambient),Sym_25,1,"8 dpl

08.05.2025",8,0,day_8
Plate 1_D3_Sym_25C,Plate 1,Sym,D3,25C (ambient),Sym_25,1,"9 dpl

08.06.2025",9,0,day_9
Plate 1_D3_Sym_25C,Plate 1,Sym,D3,25C (ambient),Sym_25,1,"10 dpl

08.07.2025",10,0,day_10
Plate 1_D3_Sym_25C,Plate 1,Sym,D3,25C (ambient),Sym_25,1,"11 dpl

08.08.2025",11,na,day_11
Plate 1_D3_Sym_25C,Plate 1,Sym,D3,25C (ambient),Sym_25,1,"13 dpl

08.10.2025",13,na,day_13
Plate 1_D3_Sym_25C,Plate 1,Sym,D3,25C (ambient),Sym_25,1,"14 dpl

08.11.2025",14,na,day_14
Plate 1_D3_Sym_25C,Plate 1,Sym,D3,25C (ambient),Sym_25,1,21 dpl,21,na,day_21
Plate 1_D3_Sym_25C,Plate 1,Sym,D3,25C (ambient),Sym_25,2,"0 dpi

07.28.2025",0,0,day_0
Plate 1_D3_Sym_25C,Plate 1,Sym,D3,25C (ambient),Sym_25,2,"3 dpl

07.31.2025",3,0,day_3
Plate 1_D3_Sym_25C,Plate 1,Sym,D3,25C (ambient),Sym_25,2,"4 dpl

08.01.2025",4,0,day_4
Plate 1_D3_Sym_25C,Plate 1,Sym,D3,25C (ambient),Sym_25,2,"5 dpl

08.02.2025",5,0,day_5
Plate 1_D3_Sym_25C,Plate 1,Sym,D3,25C (ambient),Sym_25,2,"6 dpl

08.03. 2025",6,0,day_6
Plate 1_D3_Sym_25C,Plate 1,Sym,D3,25C (ambient),Sym_25,2,"7 dpl

08.04.2025",7,0,day_7
Plate 1_D3_Sym_25C,Plate 1,Sym,D3,25C (ambient),Sym_25,2,"8 dpl

08.05.2025",8,0,day_8
Plate 1_D3_Sym_25C,Plate 1,Sym,D3,25C (ambient),Sym_25,2,"9 dpl

08.06.2025",9,0,day_9
Plate 1_D3_Sym_25C,Plate 1,Sym,D3,25C (ambient),Sym_25,2,"10 dpl

08.07.2025",10,0,day_10
Plate 1_D3_Sym_25C,Plate 1,Sym,D3,25C (ambient),Sym_25,2,"11 dpl

08.08.2025",11,na,day_11
Plate 1_D3_Sym_25C,Plate 1,Sym,D3,25C (ambient),Sym_25,2,"13 dpl

08.10.2025",13,na,day_13
Plate 1_D3_Sym_25C,Plate 1,Sym,D3,25C (ambient),Sym_25,2,"14 dpl

08.11.2025",14,na,day_14
Plate 1_D3_Sym_25C,Plate 1,Sym,D3,25C (ambient),Sym_25,2,21 dpl,21,na,day_21
Plate 1_D4_Sym_25C,Plate 1,Sym,D4,25C (ambient),Sym_25,1,"0 dpi

07.28.2025",0,0,day_0
Plate 1_D4_Sym_25C,Plate 1,Sym,D4,25C (ambient),Sym_25,1,"3 dpl

07.31.2025",3,0,day_3
Plate 1_D4_Sym_25C,Plate 1,Sym,D4,25C (ambient),Sym_25,1,"4 dpl

08.01.2025",4,0,day_4
Plate 1_D4_Sym_25C,Plate 1,Sym,D4,25C (ambient),Sym_25,1,"5 dpl

08.02.2025",5,0,day_5
Plate 1_D4_Sym_25C,Plate 1,Sym,D4,25C (ambient),Sym_25,1,"6 dpl

08.03. 2025",6,0,day_6
Plate 1_D4_Sym_25C,Plate 1,Sym,D4,25C (ambient),Sym_25,1,"7 dpl

08.04.2025",7,0,day_7
Plate 1_D4_Sym_25C,Plate 1,Sym,D4,25C (ambient),Sym_25,1,"8 dpl

08.05.2025",8,0,day_8
Plate 1_D4_Sym_25C,Plate 1,Sym,D4,25C (ambient),Sym_25,1,"9 dpl

08.06.2025",9,0,day_9
Plate 1_D4_Sym_25C,Plate 1,Sym,D4,25C (ambient),Sym_25,1,"10 dpl

08.07.2025",10,0,day_10
Plate 1_D4_Sym_25C,Plate 1,Sym,D4,25C (ambient),Sym_25,1,"11 dpl

08.08.2025",11,0,day_11
Plate 1_D4_Sym_25C,Plate 1,Sym,D4,25C (ambient),Sym_25,1,"13 dpl

08.10.2025",13,0,day_13
Plate 1_D4_Sym_25C,Plate 1,Sym,D4,25C (ambient),Sym_25,1,"14 dpl

08.11.2025",14,0,day_14
Plate 1_D4_Sym_25C,Plate 1,Sym,D4,25C (ambient),Sym_25,1,21 dpl,21,0,day_21
Plate 1_D5_Sym_25C,Plate 1,Sym,D5,25C (ambient),Sym_25,1,"0 dpi

07.28.2025",0,0,day_0
Plate 1_D5_Sym_25C,Plate 1,Sym,D5,25C (ambient),Sym_25,1,"3 dpl

07.31.2025",3,0,day_3
Plate 1_D5_Sym_25C,Plate 1,Sym,D5,25C (ambient),Sym_25,1,"4 dpl

08.01.2025",4,0,day_4
Plate 1_D5_Sym_25C,Plate 1,Sym,D5,25C (ambient),Sym_25,1,"5 dpl

08.02.2025",5,0,day_5
Plate 1_D5_Sym_25C,Plate 1,Sym,D5,25C (ambient),Sym_25,1,"6 dpl

08.03. 2025",6,0,day_6
Plate 1_D5_Sym_25C,Plate 1,Sym,D5,25C (ambient),Sym_25,1,"7 dpl

08.04.2025",7,0,day_7
Plate 1_D5_Sym_25C,Plate 1,Sym,D5,25C (ambient),Sym_25,1,"8 dpl

08.05.2025",8,0,day_8
Plate 1_D5_Sym_25C,Plate 1,Sym,D5,25C (ambient),Sym_25,1,"9 dpl

08.06.2025",9,0,day_9
Plate 1_D5_Sym_25C,Plate 1,Sym,D5,25C (ambient),Sym_25,1,"10 dpl

08.07.2025",10,0,day_10
Plate 1_D5_Sym_25C,Plate 1,Sym,D5,25C (ambient),Sym_25,1,"11 dpl

08.08.2025",11,0,day_11
Plate 1_D5_Sym_25C,Plate 1,Sym,D5,25C (ambient),Sym_25,1,"13 dpl

08.10.2025",13,0,day_13
Plate 1_D5_Sym_25C,Plate 1,Sym,D5,25C (ambient),Sym_25,1,"14 dpl

08.11.2025",14,0,day_14
Plate 1_D5_Sym_25C,Plate 1,Sym,D5,25C (ambient),Sym_25,1,21 dpl,21,0,day_21
Plate 1_D6_Sym_25C,Plate 1,Sym,D6,25C (ambient),Sym_25,1,"0 dpi

07.28.2025",0,0,day_0
Plate 1_D6_Sym_25C,Plate 1,Sym,D6,25C (ambient),Sym_25,1,"3 dpl

07.31.2025",3,0,day_3
Plate 1_D6_Sym_25C,Plate 1,Sym,D6,25C (ambient),Sym_25,1,"4 dpl

08.01.2025",4,0,day_4
Plate 1_D6_Sym_25C,Plate 1,Sym,D6,25C (ambient),Sym_25,1,"5 dpl

08.02.2025",5,0,day_5
Plate 1_D6_Sym_25C,Plate 1,Sym,D6,25C (ambient),Sym_25,1,"6 dpl

08.03. 2025",6,0,day_6
Plate 1_D6_Sym_25C,Plate 1,Sym,D6,25C (ambient),Sym_25,1,"7 dpl

08.04.2025",7,0,day_7
Plate 1_D6_Sym_25C,Plate 1,Sym,D6,25C (ambient),Sym_25,1,"8 dpl

08.05.2025",8,0,day_8
Plate 1_D6_Sym_25C,Plate 1,Sym,D6,25C (ambient),Sym_25,1,"9 dpl

08.06.2025",9,0,day_9
Plate 1_D6_Sym_25C,Plate 1,Sym,D6,25C (ambient),Sym_25,1,"10 dpl

08.07.2025",10,0,day_10
Plate 1_D6_Sym_25C,Plate 1,Sym,D6,25C (ambient),Sym_25,1,"11 dpl

08.08.2025",11,0,day_11
Plate 1_D6_Sym_25C,Plate 1,Sym,D6,25C (ambient),Sym_25,1,"13 dpl

08.10.2025",13,0,day_13
Plate 1_D6_Sym_25C,Plate 1,Sym,D6,25C (ambient),Sym_25,1,"14 dpl

08.11.2025",14,0,day_14
Plate 1_D6_Sym_25C,Plate 1,Sym,D6,25C (ambient),Sym_25,1,21 dpl,21,0,day_21
Plate 1_D6_Sym_25C,Plate 1,Sym,D6,25C (ambient),Sym_25,2,"0 dpi

07.28.2025",0,0,day_0
Plate 1_D6_Sym_25C,Plate 1,Sym,D6,25C (ambient),Sym_25,2,"3 dpl

07.31.2025",3,na,day_3
Plate 1_D6_Sym_25C,Plate 1,Sym,D6,25C (ambient),Sym_25,2,"4 dpl

08.01.2025",4,na,day_4
Plate 1_D6_Sym_25C,Plate 1,Sym,D6,25C (ambient),Sym_25,2,"5 dpl

08.02.2025",5,na,day_5
Plate 1_D6_Sym_25C,Plate 1,Sym,D6,25C (ambient),Sym_25,2,"6 dpl

08.03. 2025",6,na,day_6
Plate 1_D6_Sym_25C,Plate 1,Sym,D6,25C (ambient),Sym_25,2,"7 dpl

08.04.2025",7,na,day_7
Plate 1_D6_Sym_25C,Plate 1,Sym,D6,25C (ambient),Sym_25,2,"8 dpl

08.05.2025",8,na,day_8
Plate 1_D6_Sym_25C,Plate 1,Sym,D6,25C (ambient),Sym_25,2,"9 dpl

08.06.2025",9,na,day_9
Plate 1_D6_Sym_25C,Plate 1,Sym,D6,25C (ambient),Sym_25,2,"10 dpl

08.07.2025",10,na,day_10
Plate 1_D6_Sym_25C,Plate 1,Sym,D6,25C (ambient),Sym_25,2,"11 dpl

08.08.2025",11,na,day_11
Plate 1_D6_Sym_25C,Plate 1,Sym,D6,25C (ambient),Sym_25,2,"13 dpl

08.10.2025",13,na,day_13
Plate 1_D6_Sym_25C,Plate 1,Sym,D6,25C (ambient),Sym_25,2,"14 dpl

08.11.2025",14,na,day_14
Plate 1_D6_Sym_25C,Plate 1,Sym,D6,25C (ambient),Sym_25,2,21 dpl,21,na,day_21
Plate 2_A1_Sym_25C,Plate 2,Sym,A1,25C (ambient),Sym_25,1,"0 dpi

07.28.2025",0,0,day_0
Plate 2_A1_Sym_25C,Plate 2,Sym,A1,25C (ambient),Sym_25,1,"3 dpl

07.31.2025",3,0,day_3
Plate 2_A1_Sym_25C,Plate 2,Sym,A1,25C (ambient),Sym_25,1,"4 dpl

08.01.2025",4,0,day_4
Plate 2_A1_Sym_25C,Plate 2,Sym,A1,25C (ambient),Sym_25,1,"5 dpl

08.02.2025",5,0,day_5
Plate 2_A1_Sym_25C,Plate 2,Sym,A1,25C (ambient),Sym_25,1,"6 dpl

08.03. 2025",6,0,day_6
Plate 2_A1_Sym_25C,Plate 2,Sym,A1,25C (ambient),Sym_25,1,"7 dpl

08.04.2025",7,0,day_7
Plate 2_A1_Sym_25C,Plate 2,Sym,A1,25C (ambient),Sym_25,1,"8 dpl

08.05.2025",8,0,day_8
Plate 2_A1_Sym_25C,Plate 2,Sym,A1,25C (ambient),Sym_25,1,"9 dpl

08.06.2025",9,0,day_9
Plate 2_A1_Sym_25C,Plate 2,Sym,A1,25C (ambient),Sym_25,1,"10 dpl

08.07.2025",10,0,day_10
Plate 2_A1_Sym_25C,Plate 2,Sym,A1,25C (ambient),Sym_25,1,"11 dpl

08.08.2025",11,0,day_11
Plate 2_A1_Sym_25C,Plate 2,Sym,A1,25C (ambient),Sym_25,1,"13 dpl

08.10.2025",13,0,day_13
Plate 2_A1_Sym_25C,Plate 2,Sym,A1,25C (ambient),Sym_25,1,"14 dpl

08.11.2025",14,0,day_14
Plate 2_A1_Sym_25C,Plate 2,Sym,A1,25C (ambient),Sym_25,1,21 dpl,21,0,day_21
Plate 2_A1_Sym_25C,Plate 2,Sym,A1,25C (ambient),Sym_25,2,"0 dpi

07.28.2025",0,0,day_0
Plate 2_A1_Sym_25C,Plate 2,Sym,A1,25C (ambient),Sym_25,2,"3 dpl

07.31.2025",3,na,day_3
Plate 2_A1_Sym_25C,Plate 2,Sym,A1,25C (ambient),Sym_25,2,"4 dpl

08.01.2025",4,na,day_4
Plate 2_A1_Sym_25C,Plate 2,Sym,A1,25C (ambient),Sym_25,2,"5 dpl

08.02.2025",5,na,day_5
Plate 2_A1_Sym_25C,Plate 2,Sym,A1,25C (ambient),Sym_25,2,"6 dpl

08.03. 2025",6,na,day_6
Plate 2_A1_Sym_25C,Plate 2,Sym,A1,25C (ambient),Sym_25,2,"7 dpl

08.04.2025",7,na,day_7
Plate 2_A1_Sym_25C,Plate 2,Sym,A1,25C (ambient),Sym_25,2,"8 dpl

08.05.2025",8,na,day_8
Plate 2_A1_Sym_25C,Plate 2,Sym,A1,25C (ambient),Sym_25,2,"9 dpl

08.06.2025",9,na,day_9
Plate 2_A1_Sym_25C,Plate 2,Sym,A1,25C (ambient),Sym_25,2,"10 dpl

08.07.2025",10,na,day_10
Plate 2_A1_Sym_25C,Plate 2,Sym,A1,25C (ambient),Sym_25,2,"11 dpl

08.08.2025",11,na,day_11
Plate 2_A1_Sym_25C,Plate 2,Sym,A1,25C (ambient),Sym_25,2,"13 dpl

08.10.2025",13,na,day_13
Plate 2_A1_Sym_25C,Plate 2,Sym,A1,25C (ambient),Sym_25,2,"14 dpl

08.11.2025",14,na,day_14
Plate 2_A1_Sym_25C,Plate 2,Sym,A1,25C (ambient),Sym_25,2,21 dpl,21,na,day_21
Plate 2_A2_Sym_25C,Plate 2,Sym,A2,25C (ambient),Sym_25,1,"0 dpi

07.28.2025",0,0,day_0
Plate 2_A2_Sym_25C,Plate 2,Sym,A2,25C (ambient),Sym_25,1,"3 dpl

07.31.2025",3,0,day_3
Plate 2_A2_Sym_25C,Plate 2,Sym,A2,25C (ambient),Sym_25,1,"4 dpl

08.01.2025",4,na,day_4
Plate 2_A2_Sym_25C,Plate 2,Sym,A2,25C (ambient),Sym_25,1,"5 dpl

08.02.2025",5,na,day_5
Plate 2_A2_Sym_25C,Plate 2,Sym,A2,25C (ambient),Sym_25,1,"6 dpl

08.03. 2025",6,na,day_6
Plate 2_A2_Sym_25C,Plate 2,Sym,A2,25C (ambient),Sym_25,1,"7 dpl

08.04.2025",7,na,day_7
Plate 2_A2_Sym_25C,Plate 2,Sym,A2,25C (ambient),Sym_25,1,"8 dpl

08.05.2025",8,na,day_8
Plate 2_A2_Sym_25C,Plate 2,Sym,A2,25C (ambient),Sym_25,1,"9 dpl

08.06.2025",9,na,day_9
Plate 2_A2_Sym_25C,Plate 2,Sym,A2,25C (ambient),Sym_25,1,"10 dpl

08.07.2025",10,na,day_10
Plate 2_A2_Sym_25C,Plate 2,Sym,A2,25C (ambient),Sym_25,1,"11 dpl

08.08.2025",11,na,day_11
Plate 2_A2_Sym_25C,Plate 2,Sym,A2,25C (ambient),Sym_25,1,"13 dpl

08.10.2025",13,na,day_13
Plate 2_A2_Sym_25C,Plate 2,Sym,A2,25C (ambient),Sym_25,1,"14 dpl

08.11.2025",14,na,day_14
Plate 2_A2_Sym_25C,Plate 2,Sym,A2,25C (ambient),Sym_25,1,21 dpl,21,na,day_21
Plate 2_A3_Sym_25C,Plate 2,Sym,A3,25C (ambient),Sym_25,1,"0 dpi

07.28.2025",0,0,day_0
Plate 2_A3_Sym_25C,Plate 2,Sym,A3,25C (ambient),Sym_25,1,"3 dpl

07.31.2025",3,0,day_3
Plate 2_A3_Sym_25C,Plate 2,Sym,A3,25C (ambient),Sym_25,1,"4 dpl

08.01.2025",4,0,day_4
Plate 2_A3_Sym_25C,Plate 2,Sym,A3,25C (ambient),Sym_25,1,"5 dpl

08.02.2025",5,na,day_5
Plate 2_A3_Sym_25C,Plate 2,Sym,A3,25C (ambient),Sym_25,1,"6 dpl

08.03. 2025",6,na,day_6
Plate 2_A3_Sym_25C,Plate 2,Sym,A3,25C (ambient),Sym_25,1,"7 dpl

08.04.2025",7,na,day_7
Plate 2_A3_Sym_25C,Plate 2,Sym,A3,25C (ambient),Sym_25,1,"8 dpl

08.05.2025",8,na,day_8
Plate 2_A3_Sym_25C,Plate 2,Sym,A3,25C (ambient),Sym_25,1,"9 dpl

08.06.2025",9,na,day_9
Plate 2_A3_Sym_25C,Plate 2,Sym,A3,25C (ambient),Sym_25,1,"10 dpl

08.07.2025",10,na,day_10
Plate 2_A3_Sym_25C,Plate 2,Sym,A3,25C (ambient),Sym_25,1,"11 dpl

08.08.2025",11,na,day_11
Plate 2_A3_Sym_25C,Plate 2,Sym,A3,25C (ambient),Sym_25,1,"13 dpl

08.10.2025",13,na,day_13
Plate 2_A3_Sym_25C,Plate 2,Sym,A3,25C (ambient),Sym_25,1,"14 dpl

08.11.2025",14,na,day_14
Plate 2_A3_Sym_25C,Plate 2,Sym,A3,25C (ambient),Sym_25,1,21 dpl,21,na,day_21
Plate 2_A4_Sym_25C,Plate 2,Sym,A4,25C (ambient),Sym_25,1,"0 dpi

07.28.2025",0,0,day_0
Plate 2_A4_Sym_25C,Plate 2,Sym,A4,25C (ambient),Sym_25,1,"3 dpl

07.31.2025",3,0,day_3
Plate 2_A4_Sym_25C,Plate 2,Sym,A4,25C (ambient),Sym_25,1,"4 dpl

08.01.2025",4,na,day_4
Plate 2_A4_Sym_25C,Plate 2,Sym,A4,25C (ambient),Sym_25,1,"5 dpl

08.02.2025",5,na,day_5
Plate 2_A4_Sym_25C,Plate 2,Sym,A4,25C (ambient),Sym_25,1,"6 dpl

08.03. 2025",6,na,day_6
Plate 2_A4_Sym_25C,Plate 2,Sym,A4,25C (ambient),Sym_25,1,"7 dpl

08.04.2025",7,na,day_7
Plate 2_A4_Sym_25C,Plate 2,Sym,A4,25C (ambient),Sym_25,1,"8 dpl

08.05.2025",8,na,day_8
Plate 2_A4_Sym_25C,Plate 2,Sym,A4,25C (ambient),Sym_25,1,"9 dpl

08.06.2025",9,na,day_9
Plate 2_A4_Sym_25C,Plate 2,Sym,A4,25C (ambient),Sym_25,1,"10 dpl

08.07.2025",10,na,day_10
Plate 2_A4_Sym_25C,Plate 2,Sym,A4,25C (ambient),Sym_25,1,"11 dpl

08.08.2025",11,na,day_11
Plate 2_A4_Sym_25C,Plate 2,Sym,A4,25C (ambient),Sym_25,1,"13 dpl

08.10.2025",13,na,day_13
Plate 2_A4_Sym_25C,Plate 2,Sym,A4,25C (ambient),Sym_25,1,"14 dpl

08.11.2025",14,na,day_14
Plate 2_A4_Sym_25C,Plate 2,Sym,A4,25C (ambient),Sym_25,1,21 dpl,21,na,day_21
Plate 2_A5_Sym_25C,Plate 2,Sym,A5,25C (ambient),Sym_25,1,"0 dpi

07.28.2025",0,0,day_0
Plate 2_A5_Sym_25C,Plate 2,Sym,A5,25C (ambient),Sym_25,1,"3 dpl

07.31.2025",3,0,day_3
Plate 2_A5_Sym_25C,Plate 2,Sym,A5,25C (ambient),Sym_25,1,"4 dpl

08.01.2025",4,0,day_4
Plate 2_A5_Sym_25C,Plate 2,Sym,A5,25C (ambient),Sym_25,1,"5 dpl

08.02.2025",5,0,day_5
Plate 2_A5_Sym_25C,Plate 2,Sym,A5,25C (ambient),Sym_25,1,"6 dpl

08.03. 2025",6,0,day_6
Plate 2_A5_Sym_25C,Plate 2,Sym,A5,25C (ambient),Sym_25,1,"7 dpl

08.04.2025",7,0,day_7
Plate 2_A5_Sym_25C,Plate 2,Sym,A5,25C (ambient),Sym_25,1,"8 dpl

08.05.2025",8,0,day_8
Plate 2_A5_Sym_25C,Plate 2,Sym,A5,25C (ambient),Sym_25,1,"9 dpl

08.06.2025",9,0,day_9
Plate 2_A5_Sym_25C,Plate 2,Sym,A5,25C (ambient),Sym_25,1,"10 dpl

08.07.2025",10,0,day_10
Plate 2_A5_Sym_25C,Plate 2,Sym,A5,25C (ambient),Sym_25,1,"11 dpl

08.08.2025",11,0,day_11
Plate 2_A5_Sym_25C,Plate 2,Sym,A5,25C (ambient),Sym_25,1,"13 dpl

08.10.2025",13,0,day_13
Plate 2_A5_Sym_25C,Plate 2,Sym,A5,25C (ambient),Sym_25,1,"14 dpl

08.11.2025",14,0,day_14
Plate 2_A5_Sym_25C,Plate 2,Sym,A5,25C (ambient),Sym_25,1,21 dpl,21,0,day_21
Plate 2_A6_Sym_25C,Plate 2,Sym,A6,25C (ambient),Sym_25,1,"0 dpi

07.28.2025",0,0,day_0
Plate 2_A6_Sym_25C,Plate 2,Sym,A6,25C (ambient),Sym_25,1,"3 dpl

07.31.2025",3,0,day_3
Plate 2_A6_Sym_25C,Plate 2,Sym,A6,25C (ambient),Sym_25,1,"4 dpl

08.01.2025",4,0,day_4
Plate 2_A6_Sym_25C,Plate 2,Sym,A6,25C (ambient),Sym_25,1,"5 dpl

08.02.2025",5,0,day_5
Plate 2_A6_Sym_25C,Plate 2,Sym,A6,25C (ambient),Sym_25,1,"6 dpl

08.03. 2025",6,0,day_6
Plate 2_A6_Sym_25C,Plate 2,Sym,A6,25C (ambient),Sym_25,1,"7 dpl

08.04.2025",7,0,day_7
Plate 2_A6_Sym_25C,Plate 2,Sym,A6,25C (ambient),Sym_25,1,"8 dpl

08.05.2025",8,0,day_8
Plate 2_A6_Sym_25C,Plate 2,Sym,A6,25C (ambient),Sym_25,1,"9 dpl

08.06.2025",9,0,day_9
Plate 2_A6_Sym_25C,Plate 2,Sym,A6,25C (ambient),Sym_25,1,"10 dpl

08.07.2025",10,0,day_10
Plate 2_A6_Sym_25C,Plate 2,Sym,A6,25C (ambient),Sym_25,1,"11 dpl

08.08.2025",11,0,day_11
Plate 2_A6_Sym_25C,Plate 2,Sym,A6,25C (ambient),Sym_25,1,"13 dpl

08.10.2025",13,0,day_13
Plate 2_A6_Sym_25C,Plate 2,Sym,A6,25C (ambient),Sym_25,1,"14 dpl

08.11.2025",14,0,day_14
Plate 2_A6_Sym_25C,Plate 2,Sym,A6,25C (ambient),Sym_25,1,21 dpl,21,0,day_21
Plate 2_B1_Sym_25C,Plate 2,Sym,B1,25C (ambient),Sym_25,1,"0 dpi

07.28.2025",0,0,day_0
Plate 2_B1_Sym_25C,Plate 2,Sym,B1,25C (ambient),Sym_25,1,"3 dpl

07.31.2025",3,0,day_3
Plate 2_B1_Sym_25C,Plate 2,Sym,B1,25C (ambient),Sym_25,1,"4 dpl

08.01.2025",4,0,day_4
Plate 2_B1_Sym_25C,Plate 2,Sym,B1,25C (ambient),Sym_25,1,"5 dpl

08.02.2025",5,0,day_5
Plate 2_B1_Sym_25C,Plate 2,Sym,B1,25C (ambient),Sym_25,1,"6 dpl

08.03. 2025",6,0,day_6
Plate 2_B1_Sym_25C,Plate 2,Sym,B1,25C (ambient),Sym_25,1,"7 dpl

08.04.2025",7,0,day_7
Plate 2_B1_Sym_25C,Plate 2,Sym,B1,25C (ambient),Sym_25,1,"8 dpl

08.05.2025",8,0,day_8
Plate 2_B1_Sym_25C,Plate 2,Sym,B1,25C (ambient),Sym_25,1,"9 dpl

08.06.2025",9,0,day_9
Plate 2_B1_Sym_25C,Plate 2,Sym,B1,25C (ambient),Sym_25,1,"10 dpl

08.07.2025",10,0,day_10
Plate 2_B1_Sym_25C,Plate 2,Sym,B1,25C (ambient),Sym_25,1,"11 dpl

08.08.2025",11,0,day_11
Plate 2_B1_Sym_25C,Plate 2,Sym,B1,25C (ambient),Sym_25,1,"13 dpl

08.10.2025",13,0,day_13
Plate 2_B1_Sym_25C,Plate 2,Sym,B1,25C (ambient),Sym_25,1,"14 dpl

08.11.2025",14,0,day_14
Plate 2_B1_Sym_25C,Plate 2,Sym,B1,25C (ambient),Sym_25,1,21 dpl,21,0,day_21
Plate 2_B2_Sym_25C,Plate 2,Sym,B2,25C (ambient),Sym_25,1,"0 dpi

07.28.2025",0,0,day_0
Plate 2_B2_Sym_25C,Plate 2,Sym,B2,25C (ambient),Sym_25,1,"3 dpl

07.31.2025",3,na,day_3
Plate 2_B2_Sym_25C,Plate 2,Sym,B2,25C (ambient),Sym_25,1,"4 dpl

08.01.2025",4,na,day_4
Plate 2_B2_Sym_25C,Plate 2,Sym,B2,25C (ambient),Sym_25,1,"5 dpl

08.02.2025",5,na,day_5
Plate 2_B2_Sym_25C,Plate 2,Sym,B2,25C (ambient),Sym_25,1,"6 dpl

08.03. 2025",6,na,day_6
Plate 2_B2_Sym_25C,Plate 2,Sym,B2,25C (ambient),Sym_25,1,"7 dpl

08.04.2025",7,na,day_7
Plate 2_B2_Sym_25C,Plate 2,Sym,B2,25C (ambient),Sym_25,1,"8 dpl

08.05.2025",8,na,day_8
Plate 2_B2_Sym_25C,Plate 2,Sym,B2,25C (ambient),Sym_25,1,"9 dpl

08.06.2025",9,na,day_9
Plate 2_B2_Sym_25C,Plate 2,Sym,B2,25C (ambient),Sym_25,1,"10 dpl

08.07.2025",10,na,day_10
Plate 2_B2_Sym_25C,Plate 2,Sym,B2,25C (ambient),Sym_25,1,"11 dpl

08.08.2025",11,na,day_11
Plate 2_B2_Sym_25C,Plate 2,Sym,B2,25C (ambient),Sym_25,1,"13 dpl

08.10.2025",13,na,day_13
Plate 2_B2_Sym_25C,Plate 2,Sym,B2,25C (ambient),Sym_25,1,"14 dpl

08.11.2025",14,na,day_14
Plate 2_B2_Sym_25C,Plate 2,Sym,B2,25C (ambient),Sym_25,1,21 dpl,21,na,day_21
Plate 2_B3_Sym_25C,Plate 2,Sym,B3,25C (ambient),Sym_25,1,"0 dpi

07.28.2025",0,0,day_0
Plate 2_B3_Sym_25C,Plate 2,Sym,B3,25C (ambient),Sym_25,1,"3 dpl

07.31.2025",3,0,day_3
Plate 2_B3_Sym_25C,Plate 2,Sym,B3,25C (ambient),Sym_25,1,"4 dpl

08.01.2025",4,0,day_4
Plate 2_B3_Sym_25C,Plate 2,Sym,B3,25C (ambient),Sym_25,1,"5 dpl

08.02.2025",5,0,day_5
Plate 2_B3_Sym_25C,Plate 2,Sym,B3,25C (ambient),Sym_25,1,"6 dpl

08.03. 2025",6,0,day_6
Plate 2_B3_Sym_25C,Plate 2,Sym,B3,25C (ambient),Sym_25,1,"7 dpl

08.04.2025",7,na,day_7
Plate 2_B3_Sym_25C,Plate 2,Sym,B3,25C (ambient),Sym_25,1,"8 dpl

08.05.2025",8,na,day_8
Plate 2_B3_Sym_25C,Plate 2,Sym,B3,25C (ambient),Sym_25,1,"9 dpl

08.06.2025",9,na,day_9
Plate 2_B3_Sym_25C,Plate 2,Sym,B3,25C (ambient),Sym_25,1,"10 dpl

08.07.2025",10,na,day_10
Plate 2_B3_Sym_25C,Plate 2,Sym,B3,25C (ambient),Sym_25,1,"11 dpl

08.08.2025",11,na,day_11
Plate 2_B3_Sym_25C,Plate 2,Sym,B3,25C (ambient),Sym_25,1,"13 dpl

08.10.2025",13,na,day_13
Plate 2_B3_Sym_25C,Plate 2,Sym,B3,25C (ambient),Sym_25,1,"14 dpl

08.11.2025",14,na,day_14
Plate 2_B3_Sym_25C,Plate 2,Sym,B3,25C (ambient),Sym_25,1,21 dpl,21,na,day_21
Plate 2_B4_Sym_25C,Plate 2,Sym,B4,25C (ambient),Sym_25,1,"0 dpi

07.28.2025",0,0,day_0
Plate 2_B4_Sym_25C,Plate 2,Sym,B4,25C (ambient),Sym_25,1,"3 dpl

07.31.2025",3,0,day_3
Plate 2_B4_Sym_25C,Plate 2,Sym,B4,25C (ambient),Sym_25,1,"4 dpl

08.01.2025",4,0,day_4
Plate 2_B4_Sym_25C,Plate 2,Sym,B4,25C (ambient),Sym_25,1,"5 dpl

08.02.2025",5,0,day_5
Plate 2_B4_Sym_25C,Plate 2,Sym,B4,25C (ambient),Sym_25,1,"6 dpl

08.03. 2025",6,0,day_6
Plate 2_B4_Sym_25C,Plate 2,Sym,B4,25C (ambient),Sym_25,1,"7 dpl

08.04.2025",7,na,day_7
Plate 2_B4_Sym_25C,Plate 2,Sym,B4,25C (ambient),Sym_25,1,"8 dpl

08.05.2025",8,na,day_8
Plate 2_B4_Sym_25C,Plate 2,Sym,B4,25C (ambient),Sym_25,1,"9 dpl

08.06.2025",9,na,day_9
Plate 2_B4_Sym_25C,Plate 2,Sym,B4,25C (ambient),Sym_25,1,"10 dpl

08.07.2025",10,na,day_10
Plate 2_B4_Sym_25C,Plate 2,Sym,B4,25C (ambient),Sym_25,1,"11 dpl

08.08.2025",11,na,day_11
Plate 2_B4_Sym_25C,Plate 2,Sym,B4,25C (ambient),Sym_25,1,"13 dpl

08.10.2025",13,na,day_13
Plate 2_B4_Sym_25C,Plate 2,Sym,B4,25C (ambient),Sym_25,1,"14 dpl

08.11.2025",14,na,day_14
Plate 2_B4_Sym_25C,Plate 2,Sym,B4,25C (ambient),Sym_25,1,21 dpl,21,na,day_21
Plate 2_B4_Sym_25C,Plate 2,Sym,B4,25C (ambient),Sym_25,2,"0 dpi

07.28.2025",0,na,day_0
Plate 2_B4_Sym_25C,Plate 2,Sym,B4,25C (ambient),Sym_25,2,"3 dpl

07.31.2025",3,na,day_3
Plate 2_B4_Sym_25C,Plate 2,Sym,B4,25C (ambient),Sym_25,2,"4 dpl

08.01.2025",4,na,day_4
Plate 2_B4_Sym_25C,Plate 2,Sym,B4,25C (ambient),Sym_25,2,"5 dpl

08.02.2025",5,na,day_5
Plate 2_B4_Sym_25C,Plate 2,Sym,B4,25C (ambient),Sym_25,2,"6 dpl

08.03. 2025",6,na,day_6
Plate 2_B4_Sym_25C,Plate 2,Sym,B4,25C (ambient),Sym_25,2,"7 dpl

08.04.2025",7,na,day_7
Plate 2_B4_Sym_25C,Plate 2,Sym,B4,25C (ambient),Sym_25,2,"8 dpl

08.05.2025",8,na,day_8
Plate 2_B4_Sym_25C,Plate 2,Sym,B4,25C (ambient),Sym_25,2,"9 dpl

08.06.2025",9,na,day_9
Plate 2_B4_Sym_25C,Plate 2,Sym,B4,25C (ambient),Sym_25,2,"10 dpl

08.07.2025",10,na,day_10
Plate 2_B4_Sym_25C,Plate 2,Sym,B4,25C (ambient),Sym_25,2,"11 dpl

08.08.2025",11,na,day_11
Plate 2_B4_Sym_25C,Plate 2,Sym,B4,25C (ambient),Sym_25,2,"13 dpl

08.10.2025",13,na,day_13
Plate 2_B4_Sym_25C,Plate 2,Sym,B4,25C (ambient),Sym_25,2,"14 dpl

08.11.2025",14,na,day_14
Plate 2_B4_Sym_25C,Plate 2,Sym,B4,25C (ambient),Sym_25,2,21 dpl,21,na,day_21
Plate 2_B5_Sym_25C,Plate 2,Sym,B5,25C (ambient),Sym_25,1,"0 dpi

07.28.2025",0,0,day_0
Plate 2_B5_Sym_25C,Plate 2,Sym,B5,25C (ambient),Sym_25,1,"3 dpl

07.31.2025",3,0,day_3
Plate 2_B5_Sym_25C,Plate 2,Sym,B5,25C (ambient),Sym_25,1,"4 dpl

08.01.2025",4,0,day_4
Plate 2_B5_Sym_25C,Plate 2,Sym,B5,25C (ambient),Sym_25,1,"5 dpl

08.02.2025",5,0,day_5
Plate 2_B5_Sym_25C,Plate 2,Sym,B5,25C (ambient),Sym_25,1,"6 dpl

08.03. 2025",6,0,day_6
Plate 2_B5_Sym_25C,Plate 2,Sym,B5,25C (ambient),Sym_25,1,"7 dpl

08.04.2025",7,0,day_7
Plate 2_B5_Sym_25C,Plate 2,Sym,B5,25C (ambient),Sym_25,1,"8 dpl

08.05.2025",8,0,day_8
Plate 2_B5_Sym_25C,Plate 2,Sym,B5,25C (ambient),Sym_25,1,"9 dpl

08.06.2025",9,0,day_9
Plate 2_B5_Sym_25C,Plate 2,Sym,B5,25C (ambient),Sym_25,1,"10 dpl

08.07.2025",10,0,day_10
Plate 2_B5_Sym_25C,Plate 2,Sym,B5,25C (ambient),Sym_25,1,"11 dpl

08.08.2025",11,0,day_11
Plate 2_B5_Sym_25C,Plate 2,Sym,B5,25C (ambient),Sym_25,1,"13 dpl

08.10.2025",13,0,day_13
Plate 2_B5_Sym_25C,Plate 2,Sym,B5,25C (ambient),Sym_25,1,"14 dpl

08.11.2025",14,0,day_14
Plate 2_B5_Sym_25C,Plate 2,Sym,B5,25C (ambient),Sym_25,1,21 dpl,21,0,day_21
Plate 2_B5_Sym_25C,Plate 2,Sym,B5,25C (ambient),Sym_25,2,"0 dpi

07.28.2025",0,0,day_0
Plate 2_B5_Sym_25C,Plate 2,Sym,B5,25C (ambient),Sym_25,2,"3 dpl

07.31.2025",3,0,day_3
Plate 2_B5_Sym_25C,Plate 2,Sym,B5,25C (ambient),Sym_25,2,"4 dpl

08.01.2025",4,0,day_4
Plate 2_B5_Sym_25C,Plate 2,Sym,B5,25C (ambient),Sym_25,2,"5 dpl

08.02.2025",5,0,day_5
Plate 2_B5_Sym_25C,Plate 2,Sym,B5,25C (ambient),Sym_25,2,"6 dpl

08.03. 2025",6,0,day_6
Plate 2_B5_Sym_25C,Plate 2,Sym,B5,25C (ambient),Sym_25,2,"7 dpl

08.04.2025",7,0,day_7
Plate 2_B5_Sym_25C,Plate 2,Sym,B5,25C (ambient),Sym_25,2,"8 dpl

08.05.2025",8,0,day_8
Plate 2_B5_Sym_25C,Plate 2,Sym,B5,25C (ambient),Sym_25,2,"9 dpl

08.06.2025",9,0,day_9
Plate 2_B5_Sym_25C,Plate 2,Sym,B5,25C (ambient),Sym_25,2,"10 dpl

08.07.2025",10,0,day_10
Plate 2_B5_Sym_25C,Plate 2,Sym,B5,25C (ambient),Sym_25,2,"11 dpl

08.08.2025",11,0,day_11
Plate 2_B5_Sym_25C,Plate 2,Sym,B5,25C (ambient),Sym_25,2,"13 dpl

08.10.2025",13,0,day_13
Plate 2_B5_Sym_25C,Plate 2,Sym,B5,25C (ambient),Sym_25,2,"14 dpl

08.11.2025",14,0,day_14
Plate 2_B5_Sym_25C,Plate 2,Sym,B5,25C (ambient),Sym_25,2,21 dpl,21,0,day_21
Plate 2_B6_Sym_25C,Plate 2,Sym,B6,25C (ambient),Sym_25,1,"0 dpi

07.28.2025",0,0,day_0
Plate 2_B6_Sym_25C,Plate 2,Sym,B6,25C (ambient),Sym_25,1,"3 dpl

07.31.2025",3,0,day_3
Plate 2_B6_Sym_25C,Plate 2,Sym,B6,25C (ambient),Sym_25,1,"4 dpl

08.01.2025",4,0,day_4
Plate 2_B6_Sym_25C,Plate 2,Sym,B6,25C (ambient),Sym_25,1,"5 dpl

08.02.2025",5,0,day_5
Plate 2_B6_Sym_25C,Plate 2,Sym,B6,25C (ambient),Sym_25,1,"6 dpl

08.03. 2025",6,0,day_6
Plate 2_B6_Sym_25C,Plate 2,Sym,B6,25C (ambient),Sym_25,1,"7 dpl

08.04.2025",7,0,day_7
Plate 2_B6_Sym_25C,Plate 2,Sym,B6,25C (ambient),Sym_25,1,"8 dpl

08.05.2025",8,0,day_8
Plate 2_B6_Sym_25C,Plate 2,Sym,B6,25C (ambient),Sym_25,1,"9 dpl

08.06.2025",9,0,day_9
Plate 2_B6_Sym_25C,Plate 2,Sym,B6,25C (ambient),Sym_25,1,"10 dpl

08.07.2025",10,0,day_10
Plate 2_B6_Sym_25C,Plate 2,Sym,B6,25C (ambient),Sym_25,1,"11 dpl

08.08.2025",11,0,day_11
Plate 2_B6_Sym_25C,Plate 2,Sym,B6,25C (ambient),Sym_25,1,"13 dpl

08.10.2025",13,0,day_13
Plate 2_B6_Sym_25C,Plate 2,Sym,B6,25C (ambient),Sym_25,1,"14 dpl

08.11.2025",14,0,day_14
Plate 2_B6_Sym_25C,Plate 2,Sym,B6,25C (ambient),Sym_25,1,21 dpl,21,0,day_21
Plate 2_C1_Sym_25C,Plate 2,Sym,C1,25C (ambient),Sym_25,1,"0 dpi

07.28.2025",0,0,day_0
Plate 2_C1_Sym_25C,Plate 2,Sym,C1,25C (ambient),Sym_25,1,"3 dpl

07.31.2025",3,0,day_3
Plate 2_C1_Sym_25C,Plate 2,Sym,C1,25C (ambient),Sym_25,1,"4 dpl

08.01.2025",4,0,day_4
Plate 2_C1_Sym_25C,Plate 2,Sym,C1,25C (ambient),Sym_25,1,"5 dpl

08.02.2025",5,0,day_5
Plate 2_C1_Sym_25C,Plate 2,Sym,C1,25C (ambient),Sym_25,1,"6 dpl

08.03. 2025",6,0,day_6
Plate 2_C1_Sym_25C,Plate 2,Sym,C1,25C (ambient),Sym_25,1,"7 dpl

08.04.2025",7,0,day_7
Plate 2_C1_Sym_25C,Plate 2,Sym,C1,25C (ambient),Sym_25,1,"8 dpl

08.05.2025",8,0,day_8
Plate 2_C1_Sym_25C,Plate 2,Sym,C1,25C (ambient),Sym_25,1,"9 dpl

08.06.2025",9,0,day_9
Plate 2_C1_Sym_25C,Plate 2,Sym,C1,25C (ambient),Sym_25,1,"10 dpl

08.07.2025",10,0,day_10
Plate 2_C1_Sym_25C,Plate 2,Sym,C1,25C (ambient),Sym_25,1,"11 dpl

08.08.2025",11,0,day_11
Plate 2_C1_Sym_25C,Plate 2,Sym,C1,25C (ambient),Sym_25,1,"13 dpl

08.10.2025",13,0,day_13
Plate 2_C1_Sym_25C,Plate 2,Sym,C1,25C (ambient),Sym_25,1,"14 dpl

08.11.2025",14,0,day_14
Plate 2_C1_Sym_25C,Plate 2,Sym,C1,25C (ambient),Sym_25,1,21 dpl,21,0,day_21
Plate 2_C2_Sym_25C,Plate 2,Sym,C2,25C (ambient),Sym_25,1,"0 dpi

07.28.2025",0,0,day_0
Plate 2_C2_Sym_25C,Plate 2,Sym,C2,25C (ambient),Sym_25,1,"3 dpl

07.31.2025",3,0,day_3
Plate 2_C2_Sym_25C,Plate 2,Sym,C2,25C (ambient),Sym_25,1,"4 dpl

08.01.2025",4,na,day_4
Plate 2_C2_Sym_25C,Plate 2,Sym,C2,25C (ambient),Sym_25,1,"5 dpl

08.02.2025",5,na,day_5
Plate 2_C2_Sym_25C,Plate 2,Sym,C2,25C (ambient),Sym_25,1,"6 dpl

08.03. 2025",6,na,day_6
Plate 2_C2_Sym_25C,Plate 2,Sym,C2,25C (ambient),Sym_25,1,"7 dpl

08.04.2025",7,na,day_7
Plate 2_C2_Sym_25C,Plate 2,Sym,C2,25C (ambient),Sym_25,1,"8 dpl

08.05.2025",8,na,day_8
Plate 2_C2_Sym_25C,Plate 2,Sym,C2,25C (ambient),Sym_25,1,"9 dpl

08.06.2025",9,na,day_9
Plate 2_C2_Sym_25C,Plate 2,Sym,C2,25C (ambient),Sym_25,1,"10 dpl

08.07.2025",10,na,day_10
Plate 2_C2_Sym_25C,Plate 2,Sym,C2,25C (ambient),Sym_25,1,"11 dpl

08.08.2025",11,na,day_11
Plate 2_C2_Sym_25C,Plate 2,Sym,C2,25C (ambient),Sym_25,1,"13 dpl

08.10.2025",13,na,day_13
Plate 2_C2_Sym_25C,Plate 2,Sym,C2,25C (ambient),Sym_25,1,"14 dpl

08.11.2025",14,na,day_14
Plate 2_C2_Sym_25C,Plate 2,Sym,C2,25C (ambient),Sym_25,1,21 dpl,21,na,day_21
Plate 2_C3_Sym_25C,Plate 2,Sym,C3,25C (ambient),Sym_25,1,"0 dpi

07.28.2025",0,0,day_0
Plate 2_C3_Sym_25C,Plate 2,Sym,C3,25C (ambient),Sym_25,1,"3 dpl

07.31.2025",3,0,day_3
Plate 2_C3_Sym_25C,Plate 2,Sym,C3,25C (ambient),Sym_25,1,"4 dpl

08.01.2025",4,0,day_4
Plate 2_C3_Sym_25C,Plate 2,Sym,C3,25C (ambient),Sym_25,1,"5 dpl

08.02.2025",5,0,day_5
Plate 2_C3_Sym_25C,Plate 2,Sym,C3,25C (ambient),Sym_25,1,"6 dpl

08.03. 2025",6,0,day_6
Plate 2_C3_Sym_25C,Plate 2,Sym,C3,25C (ambient),Sym_25,1,"7 dpl

08.04.2025",7,0,day_7
Plate 2_C3_Sym_25C,Plate 2,Sym,C3,25C (ambient),Sym_25,1,"8 dpl

08.05.2025",8,na,day_8
Plate 2_C3_Sym_25C,Plate 2,Sym,C3,25C (ambient),Sym_25,1,"9 dpl

08.06.2025",9,na,day_9
Plate 2_C3_Sym_25C,Plate 2,Sym,C3,25C (ambient),Sym_25,1,"10 dpl

08.07.2025",10,na,day_10
Plate 2_C3_Sym_25C,Plate 2,Sym,C3,25C (ambient),Sym_25,1,"11 dpl

08.08.2025",11,na,day_11
Plate 2_C3_Sym_25C,Plate 2,Sym,C3,25C (ambient),Sym_25,1,"13 dpl

08.10.2025",13,na,day_13
Plate 2_C3_Sym_25C,Plate 2,Sym,C3,25C (ambient),Sym_25,1,"14 dpl

08.11.2025",14,na,day_14
Plate 2_C3_Sym_25C,Plate 2,Sym,C3,25C (ambient),Sym_25,1,21 dpl,21,na,day_21
Plate 2_C4_Sym_25C,Plate 2,Sym,C4,25C (ambient),Sym_25,1,"0 dpi

07.28.2025",0,0,day_0
Plate 2_C4_Sym_25C,Plate 2,Sym,C4,25C (ambient),Sym_25,1,"3 dpl

07.31.2025",3,0,day_3
Plate 2_C4_Sym_25C,Plate 2,Sym,C4,25C (ambient),Sym_25,1,"4 dpl

08.01.2025",4,0,day_4
Plate 2_C4_Sym_25C,Plate 2,Sym,C4,25C (ambient),Sym_25,1,"5 dpl

08.02.2025",5,0,day_5
Plate 2_C4_Sym_25C,Plate 2,Sym,C4,25C (ambient),Sym_25,1,"6 dpl

08.03. 2025",6,0,day_6
Plate 2_C4_Sym_25C,Plate 2,Sym,C4,25C (ambient),Sym_25,1,"7 dpl

08.04.2025",7,0,day_7
Plate 2_C4_Sym_25C,Plate 2,Sym,C4,25C (ambient),Sym_25,1,"8 dpl

08.05.2025",8,0,day_8
Plate 2_C4_Sym_25C,Plate 2,Sym,C4,25C (ambient),Sym_25,1,"9 dpl

08.06.2025",9,0,day_9
Plate 2_C4_Sym_25C,Plate 2,Sym,C4,25C (ambient),Sym_25,1,"10 dpl

08.07.2025",10,0,day_10
Plate 2_C4_Sym_25C,Plate 2,Sym,C4,25C (ambient),Sym_25,1,"11 dpl

08.08.2025",11,0,day_11
Plate 2_C4_Sym_25C,Plate 2,Sym,C4,25C (ambient),Sym_25,1,"13 dpl

08.10.2025",13,0,day_13
Plate 2_C4_Sym_25C,Plate 2,Sym,C4,25C (ambient),Sym_25,1,"14 dpl

08.11.2025",14,0,day_14
Plate 2_C4_Sym_25C,Plate 2,Sym,C4,25C (ambient),Sym_25,1,21 dpl,21,0,day_21
Plate 2_C5_Sym_25C,Plate 2,Sym,C5,25C (ambient),Sym_25,1,"0 dpi

07.28.2025",0,0,day_0
Plate 2_C5_Sym_25C,Plate 2,Sym,C5,25C (ambient),Sym_25,1,"3 dpl

07.31.2025",3,0,day_3
Plate 2_C5_Sym_25C,Plate 2,Sym,C5,25C (ambient),Sym_25,1,"4 dpl

08.01.2025",4,0,day_4
Plate 2_C5_Sym_25C,Plate 2,Sym,C5,25C (ambient),Sym_25,1,"5 dpl

08.02.2025",5,0,day_5
Plate 2_C5_Sym_25C,Plate 2,Sym,C5,25C (ambient),Sym_25,1,"6 dpl

08.03. 2025",6,0,day_6
Plate 2_C5_Sym_25C,Plate 2,Sym,C5,25C (ambient),Sym_25,1,"7 dpl

08.04.2025",7,0,day_7
Plate 2_C5_Sym_25C,Plate 2,Sym,C5,25C (ambient),Sym_25,1,"8 dpl

08.05.2025",8,0,day_8
Plate 2_C5_Sym_25C,Plate 2,Sym,C5,25C (ambient),Sym_25,1,"9 dpl

08.06.2025",9,4,day_9
Plate 2_C5_Sym_25C,Plate 2,Sym,C5,25C (ambient),Sym_25,1,"10 dpl

08.07.2025",10,na,day_10
Plate 2_C5_Sym_25C,Plate 2,Sym,C5,25C (ambient),Sym_25,1,"11 dpl

08.08.2025",11,na,day_11
Plate 2_C5_Sym_25C,Plate 2,Sym,C5,25C (ambient),Sym_25,1,"13 dpl

08.10.2025",13,na,day_13
Plate 2_C5_Sym_25C,Plate 2,Sym,C5,25C (ambient),Sym_25,1,"14 dpl

08.11.2025",14,na,day_14
Plate 2_C5_Sym_25C,Plate 2,Sym,C5,25C (ambient),Sym_25,1,21 dpl,21,na,day_21
Plate 2_C6_Sym_25C,Plate 2,Sym,C6,25C (ambient),Sym_25,1,"0 dpi

07.28.2025",0,0,day_0
Plate 2_C6_Sym_25C,Plate 2,Sym,C6,25C (ambient),Sym_25,1,"3 dpl

07.31.2025",3,0,day_3
Plate 2_C6_Sym_25C,Plate 2,Sym,C6,25C (ambient),Sym_25,1,"4 dpl

08.01.2025",4,0,day_4
Plate 2_C6_Sym_25C,Plate 2,Sym,C6,25C (ambient),Sym_25,1,"5 dpl

08.02.2025",5,0,day_5
Plate 2_C6_Sym_25C,Plate 2,Sym,C6,25C (ambient),Sym_25,1,"6 dpl

08.03. 2025",6,0,day_6
Plate 2_C6_Sym_25C,Plate 2,Sym,C6,25C (ambient),Sym_25,1,"7 dpl

08.04.2025",7,0,day_7
Plate 2_C6_Sym_25C,Plate 2,Sym,C6,25C (ambient),Sym_25,1,"8 dpl

08.05.2025",8,0,day_8
Plate 2_C6_Sym_25C,Plate 2,Sym,C6,25C (ambient),Sym_25,1,"9 dpl

08.06.2025",9,0,day_9
Plate 2_C6_Sym_25C,Plate 2,Sym,C6,25C (ambient),Sym_25,1,"10 dpl

08.07.2025",10,0,day_10
Plate 2_C6_Sym_25C,Plate 2,Sym,C6,25C (ambient),Sym_25,1,"11 dpl

08.08.2025",11,0,day_11
Plate 2_C6_Sym_25C,Plate 2,Sym,C6,25C (ambient),Sym_25,1,"13 dpl

08.10.2025",13,0,day_13
Plate 2_C6_Sym_25C,Plate 2,Sym,C6,25C (ambient),Sym_25,1,"14 dpl

08.11.2025",14,0,day_14
Plate 2_C6_Sym_25C,Plate 2,Sym,C6,25C (ambient),Sym_25,1,21 dpl,21,0,day_21
Plate 2_C6_Sym_25C,Plate 2,Sym,C6,25C (ambient),Sym_25,2,"0 dpi

07.28.2025",0,0,day_0
Plate 2_C6_Sym_25C,Plate 2,Sym,C6,25C (ambient),Sym_25,2,"3 dpl

07.31.2025",3,na,day_3
Plate 2_C6_Sym_25C,Plate 2,Sym,C6,25C (ambient),Sym_25,2,"4 dpl

08.01.2025",4,na,day_4
Plate 2_C6_Sym_25C,Plate 2,Sym,C6,25C (ambient),Sym_25,2,"5 dpl

08.02.2025",5,na,day_5
Plate 2_C6_Sym_25C,Plate 2,Sym,C6,25C (ambient),Sym_25,2,"6 dpl

08.03. 2025",6,na,day_6
Plate 2_C6_Sym_25C,Plate 2,Sym,C6,25C (ambient),Sym_25,2,"7 dpl

08.04.2025",7,na,day_7
Plate 2_C6_Sym_25C,Plate 2,Sym,C6,25C (ambient),Sym_25,2,"8 dpl

08.05.2025",8,na,day_8
Plate 2_C6_Sym_25C,Plate 2,Sym,C6,25C (ambient),Sym_25,2,"9 dpl

08.06.2025",9,na,day_9
Plate 2_C6_Sym_25C,Plate 2,Sym,C6,25C (ambient),Sym_25,2,"10 dpl

08.07.2025",10,na,day_10
Plate 2_C6_Sym_25C,Plate 2,Sym,C6,25C (ambient),Sym_25,2,"11 dpl

08.08.2025",11,na,day_11
Plate 2_C6_Sym_25C,Plate 2,Sym,C6,25C (ambient),Sym_25,2,"13 dpl

08.10.2025",13,na,day_13
Plate 2_C6_Sym_25C,Plate 2,Sym,C6,25C (ambient),Sym_25,2,"14 dpl

08.11.2025",14,na,day_14
Plate 2_C6_Sym_25C,Plate 2,Sym,C6,25C (ambient),Sym_25,2,21 dpl,21,na,day_21
Plate 2_D1_Sym_25C,Plate 2,Sym,D1,25C (ambient),Sym_25,1,"0 dpi

07.28.2025",0,0,day_0
Plate 2_D1_Sym_25C,Plate 2,Sym,D1,25C (ambient),Sym_25,1,"3 dpl

07.31.2025",3,0,day_3
Plate 2_D1_Sym_25C,Plate 2,Sym,D1,25C (ambient),Sym_25,1,"4 dpl

08.01.2025",4,0,day_4
Plate 2_D1_Sym_25C,Plate 2,Sym,D1,25C (ambient),Sym_25,1,"5 dpl

08.02.2025",5,0,day_5
Plate 2_D1_Sym_25C,Plate 2,Sym,D1,25C (ambient),Sym_25,1,"6 dpl

08.03. 2025",6,0,day_6
Plate 2_D1_Sym_25C,Plate 2,Sym,D1,25C (ambient),Sym_25,1,"7 dpl

08.04.2025",7,0,day_7
Plate 2_D1_Sym_25C,Plate 2,Sym,D1,25C (ambient),Sym_25,1,"8 dpl

08.05.2025",8,na,day_8
Plate 2_D1_Sym_25C,Plate 2,Sym,D1,25C (ambient),Sym_25,1,"9 dpl

08.06.2025",9,na,day_9
Plate 2_D1_Sym_25C,Plate 2,Sym,D1,25C (ambient),Sym_25,1,"10 dpl

08.07.2025",10,na,day_10
Plate 2_D1_Sym_25C,Plate 2,Sym,D1,25C (ambient),Sym_25,1,"11 dpl

08.08.2025",11,na,day_11
Plate 2_D1_Sym_25C,Plate 2,Sym,D1,25C (ambient),Sym_25,1,"13 dpl

08.10.2025",13,na,day_13
Plate 2_D1_Sym_25C,Plate 2,Sym,D1,25C (ambient),Sym_25,1,"14 dpl

08.11.2025",14,na,day_14
Plate 2_D1_Sym_25C,Plate 2,Sym,D1,25C (ambient),Sym_25,1,21 dpl,21,na,day_21
Plate 2_D2_Sym_25C,Plate 2,Sym,D2,25C (ambient),Sym_25,1,"0 dpi

07.28.2025",0,0,day_0
Plate 2_D2_Sym_25C,Plate 2,Sym,D2,25C (ambient),Sym_25,1,"3 dpl

07.31.2025",3,na,day_3
Plate 2_D2_Sym_25C,Plate 2,Sym,D2,25C (ambient),Sym_25,1,"4 dpl

08.01.2025",4,na,day_4
Plate 2_D2_Sym_25C,Plate 2,Sym,D2,25C (ambient),Sym_25,1,"5 dpl

08.02.2025",5,na,day_5
Plate 2_D2_Sym_25C,Plate 2,Sym,D2,25C (ambient),Sym_25,1,"6 dpl

08.03. 2025",6,na,day_6
Plate 2_D2_Sym_25C,Plate 2,Sym,D2,25C (ambient),Sym_25,1,"7 dpl

08.04.2025",7,na,day_7
Plate 2_D2_Sym_25C,Plate 2,Sym,D2,25C (ambient),Sym_25,1,"8 dpl

08.05.2025",8,na,day_8
Plate 2_D2_Sym_25C,Plate 2,Sym,D2,25C (ambient),Sym_25,1,"9 dpl

08.06.2025",9,na,day_9
Plate 2_D2_Sym_25C,Plate 2,Sym,D2,25C (ambient),Sym_25,1,"10 dpl

08.07.2025",10,na,day_10
Plate 2_D2_Sym_25C,Plate 2,Sym,D2,25C (ambient),Sym_25,1,"11 dpl

08.08.2025",11,na,day_11
Plate 2_D2_Sym_25C,Plate 2,Sym,D2,25C (ambient),Sym_25,1,"13 dpl

08.10.2025",13,na,day_13
Plate 2_D2_Sym_25C,Plate 2,Sym,D2,25C (ambient),Sym_25,1,"14 dpl

08.11.2025",14,na,day_14
Plate 2_D2_Sym_25C,Plate 2,Sym,D2,25C (ambient),Sym_25,1,21 dpl,21,na,day_21
Plate 2_D3_Sym_25C,Plate 2,Sym,D3,25C (ambient),Sym_25,1,"0 dpi

07.28.2025",0,0,day_0
Plate 2_D3_Sym_25C,Plate 2,Sym,D3,25C (ambient),Sym_25,1,"3 dpl

07.31.2025",3,0,day_3
Plate 2_D3_Sym_25C,Plate 2,Sym,D3,25C (ambient),Sym_25,1,"4 dpl

08.01.2025",4,0,day_4
Plate 2_D3_Sym_25C,Plate 2,Sym,D3,25C (ambient),Sym_25,1,"5 dpl

08.02.2025",5,0,day_5
Plate 2_D3_Sym_25C,Plate 2,Sym,D3,25C (ambient),Sym_25,1,"6 dpl

08.03. 2025",6,0,day_6
Plate 2_D3_Sym_25C,Plate 2,Sym,D3,25C (ambient),Sym_25,1,"7 dpl

08.04.2025",7,0,day_7
Plate 2_D3_Sym_25C,Plate 2,Sym,D3,25C (ambient),Sym_25,1,"8 dpl

08.05.2025",8,0,day_8
Plate 2_D3_Sym_25C,Plate 2,Sym,D3,25C (ambient),Sym_25,1,"9 dpl

08.06.2025",9,0,day_9
Plate 2_D3_Sym_25C,Plate 2,Sym,D3,25C (ambient),Sym_25,1,"10 dpl

08.07.2025",10,0,day_10
Plate 2_D3_Sym_25C,Plate 2,Sym,D3,25C (ambient),Sym_25,1,"11 dpl

08.08.2025",11,0,day_11
Plate 2_D3_Sym_25C,Plate 2,Sym,D3,25C (ambient),Sym_25,1,"13 dpl

08.10.2025",13,0,day_13
Plate 2_D3_Sym_25C,Plate 2,Sym,D3,25C (ambient),Sym_25,1,"14 dpl

08.11.2025",14,0,day_14
Plate 2_D3_Sym_25C,Plate 2,Sym,D3,25C (ambient),Sym_25,1,21 dpl,21,0,day_21
Plate 2_D4_Sym_25C,Plate 2,Sym,D4,25C (ambient),Sym_25,1,"0 dpi

07.28.2025",0,0,day_0
Plate 2_D4_Sym_25C,Plate 2,Sym,D4,25C (ambient),Sym_25,1,"3 dpl

07.31.2025",3,0,day_3
Plate 2_D4_Sym_25C,Plate 2,Sym,D4,25C (ambient),Sym_25,1,"4 dpl

08.01.2025",4,0,day_4
Plate 2_D4_Sym_25C,Plate 2,Sym,D4,25C (ambient),Sym_25,1,"5 dpl

08.02.2025",5,0,day_5
Plate 2_D4_Sym_25C,Plate 2,Sym,D4,25C (ambient),Sym_25,1,"6 dpl

08.03. 2025",6,0,day_6
Plate 2_D4_Sym_25C,Plate 2,Sym,D4,25C (ambient),Sym_25,1,"7 dpl

08.04.2025",7,0,day_7
Plate 2_D4_Sym_25C,Plate 2,Sym,D4,25C (ambient),Sym_25,1,"8 dpl

08.05.2025",8,0,day_8
Plate 2_D4_Sym_25C,Plate 2,Sym,D4,25C (ambient),Sym_25,1,"9 dpl

08.06.2025",9,0,day_9
Plate 2_D4_Sym_25C,Plate 2,Sym,D4,25C (ambient),Sym_25,1,"10 dpl

08.07.2025",10,0,day_10
Plate 2_D4_Sym_25C,Plate 2,Sym,D4,25C (ambient),Sym_25,1,"11 dpl

08.08.2025",11,0,day_11
Plate 2_D4_Sym_25C,Plate 2,Sym,D4,25C (ambient),Sym_25,1,"13 dpl

08.10.2025",13,0,day_13
Plate 2_D4_Sym_25C,Plate 2,Sym,D4,25C (ambient),Sym_25,1,"14 dpl

08.11.2025",14,0,day_14
Plate 2_D4_Sym_25C,Plate 2,Sym,D4,25C (ambient),Sym_25,1,21 dpl,21,0,day_21
Plate 2_D4_Sym_25C,Plate 2,Sym,D4,25C (ambient),Sym_25,2,"0 dpi

07.28.2025",0,0,day_0
Plate 2_D4_Sym_25C,Plate 2,Sym,D4,25C (ambient),Sym_25,2,"3 dpl

07.31.2025",3,0,day_3
Plate 2_D4_Sym_25C,Plate 2,Sym,D4,25C (ambient),Sym_25,2,"4 dpl

08.01.2025",4,na,day_4
Plate 2_D4_Sym_25C,Plate 2,Sym,D4,25C (ambient),Sym_25,2,"5 dpl

08.02.2025",5,na,day_5
Plate 2_D4_Sym_25C,Plate 2,Sym,D4,25C (ambient),Sym_25,2,"6 dpl

08.03. 2025",6,na,day_6
Plate 2_D4_Sym_25C,Plate 2,Sym,D4,25C (ambient),Sym_25,2,"7 dpl

08.04.2025",7,na,day_7
Plate 2_D4_Sym_25C,Plate 2,Sym,D4,25C (ambient),Sym_25,2,"8 dpl

08.05.2025",8,na,day_8
Plate 2_D4_Sym_25C,Plate 2,Sym,D4,25C (ambient),Sym_25,2,"9 dpl

08.06.2025",9,na,day_9
Plate 2_D4_Sym_25C,Plate 2,Sym,D4,25C (ambient),Sym_25,2,"10 dpl

08.07.2025",10,na,day_10
Plate 2_D4_Sym_25C,Plate 2,Sym,D4,25C (ambient),Sym_25,2,"11 dpl

08.08.2025",11,na,day_11
Plate 2_D4_Sym_25C,Plate 2,Sym,D4,25C (ambient),Sym_25,2,"13 dpl

08.10.2025",13,na,day_13
Plate 2_D4_Sym_25C,Plate 2,Sym,D4,25C (ambient),Sym_25,2,"14 dpl

08.11.2025",14,na,day_14
Plate 2_D4_Sym_25C,Plate 2,Sym,D4,25C (ambient),Sym_25,2,21 dpl,21,na,day_21
Plate 2_D5_Sym_25C,Plate 2,Sym,D5,25C (ambient),Sym_25,1,"0 dpi

07.28.2025",0,0,day_0
Plate 2_D5_Sym_25C,Plate 2,Sym,D5,25C (ambient),Sym_25,1,"3 dpl

07.31.2025",3,0,day_3
Plate 2_D5_Sym_25C,Plate 2,Sym,D5,25C (ambient),Sym_25,1,"4 dpl

08.01.2025",4,na,day_4
Plate 2_D5_Sym_25C,Plate 2,Sym,D5,25C (ambient),Sym_25,1,"5 dpl

08.02.2025",5,na,day_5
Plate 2_D5_Sym_25C,Plate 2,Sym,D5,25C (ambient),Sym_25,1,"6 dpl

08.03. 2025",6,na,day_6
Plate 2_D5_Sym_25C,Plate 2,Sym,D5,25C (ambient),Sym_25,1,"7 dpl

08.04.2025",7,na,day_7
Plate 2_D5_Sym_25C,Plate 2,Sym,D5,25C (ambient),Sym_25,1,"8 dpl

08.05.2025",8,na,day_8
Plate 2_D5_Sym_25C,Plate 2,Sym,D5,25C (ambient),Sym_25,1,"9 dpl

08.06.2025",9,na,day_9
Plate 2_D5_Sym_25C,Plate 2,Sym,D5,25C (ambient),Sym_25,1,"10 dpl

08.07.2025",10,na,day_10
Plate 2_D5_Sym_25C,Plate 2,Sym,D5,25C (ambient),Sym_25,1,"11 dpl

08.08.2025",11,na,day_11
Plate 2_D5_Sym_25C,Plate 2,Sym,D5,25C (ambient),Sym_25,1,"13 dpl

08.10.2025",13,na,day_13
Plate 2_D5_Sym_25C,Plate 2,Sym,D5,25C (ambient),Sym_25,1,"14 dpl

08.11.2025",14,na,day_14
Plate 2_D5_Sym_25C,Plate 2,Sym,D5,25C (ambient),Sym_25,1,21 dpl,21,na,day_21
Plate 2_D6_Sym_25C,Plate 2,Sym,D6,25C (ambient),Sym_25,1,"0 dpi

07.28.2025",0,0,day_0
Plate 2_D6_Sym_25C,Plate 2,Sym,D6,25C (ambient),Sym_25,1,"3 dpl

07.31.2025",3,na,day_3
Plate 2_D6_Sym_25C,Plate 2,Sym,D6,25C (ambient),Sym_25,1,"4 dpl

08.01.2025",4,na,day_4
Plate 2_D6_Sym_25C,Plate 2,Sym,D6,25C (ambient),Sym_25,1,"5 dpl

08.02.2025",5,na,day_5
Plate 2_D6_Sym_25C,Plate 2,Sym,D6,25C (ambient),Sym_25,1,"6 dpl

08.03. 2025",6,na,day_6
Plate 2_D6_Sym_25C,Plate 2,Sym,D6,25C (ambient),Sym_25,1,"7 dpl

08.04.2025",7,na,day_7
Plate 2_D6_Sym_25C,Plate 2,Sym,D6,25C (ambient),Sym_25,1,"8 dpl

08.05.2025",8,na,day_8
Plate 2_D6_Sym_25C,Plate 2,Sym,D6,25C (ambient),Sym_25,1,"9 dpl

08.06.2025",9,na,day_9
Plate 2_D6_Sym_25C,Plate 2,Sym,D6,25C (ambient),Sym_25,1,"10 dpl

08.07.2025",10,na,day_10
Plate 2_D6_Sym_25C,Plate 2,Sym,D6,25C (ambient),Sym_25,1,"11 dpl

08.08.2025",11,na,day_11
Plate 2_D6_Sym_25C,Plate 2,Sym,D6,25C (ambient),Sym_25,1,"13 dpl

08.10.2025",13,na,day_13
Plate 2_D6_Sym_25C,Plate 2,Sym,D6,25C (ambient),Sym_25,1,"14 dpl

08.11.2025",14,na,day_14
Plate 2_D6_Sym_25C,Plate 2,Sym,D6,25C (ambient),Sym_25,1,21 dpl,21,na,day_21
Plate 3_A1_Sym_25C,Plate 3,Sym,A1,25C (ambient),Sym_25,1,"0 dpi

07.28.2025",0,0,day_0
Plate 3_A1_Sym_25C,Plate 3,Sym,A1,25C (ambient),Sym_25,1,"3 dpl

07.31.2025",3,edu,day_3
Plate 3_A1_Sym_25C,Plate 3,Sym,A1,25C (ambient),Sym_25,1,"4 dpl

08.01.2025",4,edu,day_4
Plate 3_A1_Sym_25C,Plate 3,Sym,A1,25C (ambient),Sym_25,1,"5 dpl

08.02.2025",5,edu,day_5
Plate 3_A1_Sym_25C,Plate 3,Sym,A1,25C (ambient),Sym_25,1,"6 dpl

08.03. 2025",6,edu,day_6
Plate 3_A1_Sym_25C,Plate 3,Sym,A1,25C (ambient),Sym_25,1,"7 dpl

08.04.2025",7,edu,day_7
Plate 3_A1_Sym_25C,Plate 3,Sym,A1,25C (ambient),Sym_25,1,"8 dpl

08.05.2025",8,edu,day_8
Plate 3_A1_Sym_25C,Plate 3,Sym,A1,25C (ambient),Sym_25,1,"9 dpl

08.06.2025",9,edu,day_9
Plate 3_A1_Sym_25C,Plate 3,Sym,A1,25C (ambient),Sym_25,1,"10 dpl

08.07.2025",10,edu,day_10
Plate 3_A1_Sym_25C,Plate 3,Sym,A1,25C (ambient),Sym_25,1,"11 dpl

08.08.2025",11,edu,day_11
Plate 3_A1_Sym_25C,Plate 3,Sym,A1,25C (ambient),Sym_25,1,"13 dpl

08.10.2025",13,edu,day_13
Plate 3_A1_Sym_25C,Plate 3,Sym,A1,25C (ambient),Sym_25,1,"14 dpl

08.11.2025",14,edu,day_14
Plate 3_A1_Sym_25C,Plate 3,Sym,A1,25C (ambient),Sym_25,1,21 dpl,21,edu,day_21
Plate 3_A1_Sym_25C,Plate 3,Sym,A1,25C (ambient),Sym_25,2,"0 dpi

07.28.2025",0,0,day_0
Plate 3_A1_Sym_25C,Plate 3,Sym,A1,25C (ambient),Sym_25,2,"3 dpl

07.31.2025",3,edu,day_3
Plate 3_A1_Sym_25C,Plate 3,Sym,A1,25C (ambient),Sym_25,2,"4 dpl

08.01.2025",4,edu,day_4
Plate 3_A1_Sym_25C,Plate 3,Sym,A1,25C (ambient),Sym_25,2,"5 dpl

08.02.2025",5,edu,day_5
Plate 3_A1_Sym_25C,Plate 3,Sym,A1,25C (ambient),Sym_25,2,"6 dpl

08.03. 2025",6,edu,day_6
Plate 3_A1_Sym_25C,Plate 3,Sym,A1,25C (ambient),Sym_25,2,"7 dpl

08.04.2025",7,edu,day_7
Plate 3_A1_Sym_25C,Plate 3,Sym,A1,25C (ambient),Sym_25,2,"8 dpl

08.05.2025",8,edu,day_8
Plate 3_A1_Sym_25C,Plate 3,Sym,A1,25C (ambient),Sym_25,2,"9 dpl

08.06.2025",9,edu,day_9
Plate 3_A1_Sym_25C,Plate 3,Sym,A1,25C (ambient),Sym_25,2,"10 dpl

08.07.2025",10,edu,day_10
Plate 3_A1_Sym_25C,Plate 3,Sym,A1,25C (ambient),Sym_25,2,"11 dpl

08.08.2025",11,edu,day_11
Plate 3_A1_Sym_25C,Plate 3,Sym,A1,25C (ambient),Sym_25,2,"13 dpl

08.10.2025",13,edu,day_13
Plate 3_A1_Sym_25C,Plate 3,Sym,A1,25C (ambient),Sym_25,2,"14 dpl

08.11.2025",14,edu,day_14
Plate 3_A1_Sym_25C,Plate 3,Sym,A1,25C (ambient),Sym_25,2,21 dpl,21,edu,day_21
Plate 3_A2_Sym_25C,Plate 3,Sym,A2,25C (ambient),Sym_25,1,"0 dpi

07.28.2025",0,0,day_0
Plate 3_A2_Sym_25C,Plate 3,Sym,A2,25C (ambient),Sym_25,1,"3 dpl

07.31.2025",3,edu,day_3
Plate 3_A2_Sym_25C,Plate 3,Sym,A2,25C (ambient),Sym_25,1,"4 dpl

08.01.2025",4,edu,day_4
Plate 3_A2_Sym_25C,Plate 3,Sym,A2,25C (ambient),Sym_25,1,"5 dpl

08.02.2025",5,edu,day_5
Plate 3_A2_Sym_25C,Plate 3,Sym,A2,25C (ambient),Sym_25,1,"6 dpl

08.03. 2025",6,edu,day_6
Plate 3_A2_Sym_25C,Plate 3,Sym,A2,25C (ambient),Sym_25,1,"7 dpl

08.04.2025",7,edu,day_7
Plate 3_A2_Sym_25C,Plate 3,Sym,A2,25C (ambient),Sym_25,1,"8 dpl

08.05.2025",8,edu,day_8
Plate 3_A2_Sym_25C,Plate 3,Sym,A2,25C (ambient),Sym_25,1,"9 dpl

08.06.2025",9,edu,day_9
Plate 3_A2_Sym_25C,Plate 3,Sym,A2,25C (ambient),Sym_25,1,"10 dpl

08.07.2025",10,edu,day_10
Plate 3_A2_Sym_25C,Plate 3,Sym,A2,25C (ambient),Sym_25,1,"11 dpl

08.08.2025",11,edu,day_11
Plate 3_A2_Sym_25C,Plate 3,Sym,A2,25C (ambient),Sym_25,1,"13 dpl

08.10.2025",13,edu,day_13
Plate 3_A2_Sym_25C,Plate 3,Sym,A2,25C (ambient),Sym_25,1,"14 dpl

08.11.2025",14,edu,day_14
Plate 3_A2_Sym_25C,Plate 3,Sym,A2,25C (ambient),Sym_25,1,21 dpl,21,edu,day_21
Plate 3_A3_Sym_25C,Plate 3,Sym,A3,25C (ambient),Sym_25,1,"0 dpi

07.28.2025",0,0,day_0
Plate 3_A3_Sym_25C,Plate 3,Sym,A3,25C (ambient),Sym_25,1,"3 dpl

07.31.2025",3,edu,day_3
Plate 3_A3_Sym_25C,Plate 3,Sym,A3,25C (ambient),Sym_25,1,"4 dpl

08.01.2025",4,edu,day_4
Plate 3_A3_Sym_25C,Plate 3,Sym,A3,25C (ambient),Sym_25,1,"5 dpl

08.02.2025",5,edu,day_5
Plate 3_A3_Sym_25C,Plate 3,Sym,A3,25C (ambient),Sym_25,1,"6 dpl

08.03. 2025",6,edu,day_6
Plate 3_A3_Sym_25C,Plate 3,Sym,A3,25C (ambient),Sym_25,1,"7 dpl

08.04.2025",7,edu,day_7
Plate 3_A3_Sym_25C,Plate 3,Sym,A3,25C (ambient),Sym_25,1,"8 dpl

08.05.2025",8,edu,day_8
Plate 3_A3_Sym_25C,Plate 3,Sym,A3,25C (ambient),Sym_25,1,"9 dpl

08.06.2025",9,edu,day_9
Plate 3_A3_Sym_25C,Plate 3,Sym,A3,25C (ambient),Sym_25,1,"10 dpl

08.07.2025",10,edu,day_10
Plate 3_A3_Sym_25C,Plate 3,Sym,A3,25C (ambient),Sym_25,1,"11 dpl

08.08.2025",11,edu,day_11
Plate 3_A3_Sym_25C,Plate 3,Sym,A3,25C (ambient),Sym_25,1,"13 dpl

08.10.2025",13,edu,day_13
Plate 3_A3_Sym_25C,Plate 3,Sym,A3,25C (ambient),Sym_25,1,"14 dpl

08.11.2025",14,edu,day_14
Plate 3_A3_Sym_25C,Plate 3,Sym,A3,25C (ambient),Sym_25,1,21 dpl,21,edu,day_21
Plate 3_A4_Sym_25C,Plate 3,Sym,A4,25C (ambient),Sym_25,1,"0 dpi

07.28.2025",0,0,day_0
Plate 3_A4_Sym_25C,Plate 3,Sym,A4,25C (ambient),Sym_25,1,"3 dpl

07.31.2025",3,edu,day_3
Plate 3_A4_Sym_25C,Plate 3,Sym,A4,25C (ambient),Sym_25,1,"4 dpl

08.01.2025",4,edu,day_4
Plate 3_A4_Sym_25C,Plate 3,Sym,A4,25C (ambient),Sym_25,1,"5 dpl

08.02.2025",5,edu,day_5
Plate 3_A4_Sym_25C,Plate 3,Sym,A4,25C (ambient),Sym_25,1,"6 dpl

08.03. 2025",6,edu,day_6
Plate 3_A4_Sym_25C,Plate 3,Sym,A4,25C (ambient),Sym_25,1,"7 dpl

08.04.2025",7,edu,day_7
Plate 3_A4_Sym_25C,Plate 3,Sym,A4,25C (ambient),Sym_25,1,"8 dpl

08.05.2025",8,edu,day_8
Plate 3_A4_Sym_25C,Plate 3,Sym,A4,25C (ambient),Sym_25,1,"9 dpl

08.06.2025",9,edu,day_9
Plate 3_A4_Sym_25C,Plate 3,Sym,A4,25C (ambient),Sym_25,1,"10 dpl

08.07.2025",10,edu,day_10
Plate 3_A4_Sym_25C,Plate 3,Sym,A4,25C (ambient),Sym_25,1,"11 dpl

08.08.2025",11,edu,day_11
Plate 3_A4_Sym_25C,Plate 3,Sym,A4,25C (ambient),Sym_25,1,"13 dpl

08.10.2025",13,edu,day_13
Plate 3_A4_Sym_25C,Plate 3,Sym,A4,25C (ambient),Sym_25,1,"14 dpl

08.11.2025",14,edu,day_14
Plate 3_A4_Sym_25C,Plate 3,Sym,A4,25C (ambient),Sym_25,1,21 dpl,21,edu,day_21
Plate 3_A5_Sym_25C,Plate 3,Sym,A5,25C (ambient),Sym_25,1,"0 dpi

07.28.2025",0,0,day_0
Plate 3_A5_Sym_25C,Plate 3,Sym,A5,25C (ambient),Sym_25,1,"3 dpl

07.31.2025",3,edu,day_3
Plate 3_A5_Sym_25C,Plate 3,Sym,A5,25C (ambient),Sym_25,1,"4 dpl

08.01.2025",4,edu,day_4
Plate 3_A5_Sym_25C,Plate 3,Sym,A5,25C (ambient),Sym_25,1,"5 dpl

08.02.2025",5,edu,day_5
Plate 3_A5_Sym_25C,Plate 3,Sym,A5,25C (ambient),Sym_25,1,"6 dpl

08.03. 2025",6,edu,day_6
Plate 3_A5_Sym_25C,Plate 3,Sym,A5,25C (ambient),Sym_25,1,"7 dpl

08.04.2025",7,edu,day_7
Plate 3_A5_Sym_25C,Plate 3,Sym,A5,25C (ambient),Sym_25,1,"8 dpl

08.05.2025",8,edu,day_8
Plate 3_A5_Sym_25C,Plate 3,Sym,A5,25C (ambient),Sym_25,1,"9 dpl

08.06.2025",9,edu,day_9
Plate 3_A5_Sym_25C,Plate 3,Sym,A5,25C (ambient),Sym_25,1,"10 dpl

08.07.2025",10,edu,day_10
Plate 3_A5_Sym_25C,Plate 3,Sym,A5,25C (ambient),Sym_25,1,"11 dpl

08.08.2025",11,edu,day_11
Plate 3_A5_Sym_25C,Plate 3,Sym,A5,25C (ambient),Sym_25,1,"13 dpl

08.10.2025",13,edu,day_13
Plate 3_A5_Sym_25C,Plate 3,Sym,A5,25C (ambient),Sym_25,1,"14 dpl

08.11.2025",14,edu,day_14
Plate 3_A5_Sym_25C,Plate 3,Sym,A5,25C (ambient),Sym_25,1,21 dpl,21,edu,day_21
Plate 3_A6_Sym_25C,Plate 3,Sym,A6,25C (ambient),Sym_25,1,"0 dpi

07.28.2025",0,0,day_0
Plate 3_A6_Sym_25C,Plate 3,Sym,A6,25C (ambient),Sym_25,1,"3 dpl

07.31.2025",3,edu,day_3
Plate 3_A6_Sym_25C,Plate 3,Sym,A6,25C (ambient),Sym_25,1,"4 dpl

08.01.2025",4,edu,day_4
Plate 3_A6_Sym_25C,Plate 3,Sym,A6,25C (ambient),Sym_25,1,"5 dpl

08.02.2025",5,edu,day_5
Plate 3_A6_Sym_25C,Plate 3,Sym,A6,25C (ambient),Sym_25,1,"6 dpl

08.03. 2025",6,edu,day_6
Plate 3_A6_Sym_25C,Plate 3,Sym,A6,25C (ambient),Sym_25,1,"7 dpl

08.04.2025",7,edu,day_7
Plate 3_A6_Sym_25C,Plate 3,Sym,A6,25C (ambient),Sym_25,1,"8 dpl

08.05.2025",8,edu,day_8
Plate 3_A6_Sym_25C,Plate 3,Sym,A6,25C (ambient),Sym_25,1,"9 dpl

08.06.2025",9,edu,day_9
Plate 3_A6_Sym_25C,Plate 3,Sym,A6,25C (ambient),Sym_25,1,"10 dpl

08.07.2025",10,edu,day_10
Plate 3_A6_Sym_25C,Plate 3,Sym,A6,25C (ambient),Sym_25,1,"11 dpl

08.08.2025",11,edu,day_11
Plate 3_A6_Sym_25C,Plate 3,Sym,A6,25C (ambient),Sym_25,1,"13 dpl

08.10.2025",13,edu,day_13
Plate 3_A6_Sym_25C,Plate 3,Sym,A6,25C (ambient),Sym_25,1,"14 dpl

08.11.2025",14,edu,day_14
Plate 3_A6_Sym_25C,Plate 3,Sym,A6,25C (ambient),Sym_25,1,21 dpl,21,edu,day_21
Plate 3_B1_Sym_25C,Plate 3,Sym,B1,25C (ambient),Sym_25,1,"0 dpi

07.28.2025",0,0,day_0
Plate 3_B1_Sym_25C,Plate 3,Sym,B1,25C (ambient),Sym_25,1,"3 dpl

07.31.2025",3,0,day_3
Plate 3_B1_Sym_25C,Plate 3,Sym,B1,25C (ambient),Sym_25,1,"4 dpl

08.01.2025",4,0,day_4
Plate 3_B1_Sym_25C,Plate 3,Sym,B1,25C (ambient),Sym_25,1,"5 dpl

08.02.2025",5,0,day_5
Plate 3_B1_Sym_25C,Plate 3,Sym,B1,25C (ambient),Sym_25,1,"6 dpl

08.03. 2025",6,edu,day_6
Plate 3_B1_Sym_25C,Plate 3,Sym,B1,25C (ambient),Sym_25,1,"7 dpl

08.04.2025",7,edu,day_7
Plate 3_B1_Sym_25C,Plate 3,Sym,B1,25C (ambient),Sym_25,1,"8 dpl

08.05.2025",8,edu,day_8
Plate 3_B1_Sym_25C,Plate 3,Sym,B1,25C (ambient),Sym_25,1,"9 dpl

08.06.2025",9,edu,day_9
Plate 3_B1_Sym_25C,Plate 3,Sym,B1,25C (ambient),Sym_25,1,"10 dpl

08.07.2025",10,edu,day_10
Plate 3_B1_Sym_25C,Plate 3,Sym,B1,25C (ambient),Sym_25,1,"11 dpl

08.08.2025",11,edu,day_11
Plate 3_B1_Sym_25C,Plate 3,Sym,B1,25C (ambient),Sym_25,1,"13 dpl

08.10.2025",13,edu,day_13
Plate 3_B1_Sym_25C,Plate 3,Sym,B1,25C (ambient),Sym_25,1,"14 dpl

08.11.2025",14,edu,day_14
Plate 3_B1_Sym_25C,Plate 3,Sym,B1,25C (ambient),Sym_25,1,21 dpl,21,edu,day_21
Plate 3_B1_Sym_25C,Plate 3,Sym,B1,25C (ambient),Sym_25,2,"0 dpi

07.28.2025",0,0,day_0
Plate 3_B1_Sym_25C,Plate 3,Sym,B1,25C (ambient),Sym_25,2,"3 dpl

07.31.2025",3,na,day_3
Plate 3_B1_Sym_25C,Plate 3,Sym,B1,25C (ambient),Sym_25,2,"4 dpl

08.01.2025",4,na,day_4
Plate 3_B1_Sym_25C,Plate 3,Sym,B1,25C (ambient),Sym_25,2,"5 dpl

08.02.2025",5,na,day_5
Plate 3_B1_Sym_25C,Plate 3,Sym,B1,25C (ambient),Sym_25,2,"6 dpl

08.03. 2025",6,edu,day_6
Plate 3_B1_Sym_25C,Plate 3,Sym,B1,25C (ambient),Sym_25,2,"7 dpl

08.04.2025",7,edu,day_7
Plate 3_B1_Sym_25C,Plate 3,Sym,B1,25C (ambient),Sym_25,2,"8 dpl

08.05.2025",8,edu,day_8
Plate 3_B1_Sym_25C,Plate 3,Sym,B1,25C (ambient),Sym_25,2,"9 dpl

08.06.2025",9,edu,day_9
Plate 3_B1_Sym_25C,Plate 3,Sym,B1,25C (ambient),Sym_25,2,"10 dpl

08.07.2025",10,edu,day_10
Plate 3_B1_Sym_25C,Plate 3,Sym,B1,25C (ambient),Sym_25,2,"11 dpl

08.08.2025",11,edu,day_11
Plate 3_B1_Sym_25C,Plate 3,Sym,B1,25C (ambient),Sym_25,2,"13 dpl

08.10.2025",13,edu,day_13
Plate 3_B1_Sym_25C,Plate 3,Sym,B1,25C (ambient),Sym_25,2,"14 dpl

08.11.2025",14,edu,day_14
Plate 3_B1_Sym_25C,Plate 3,Sym,B1,25C (ambient),Sym_25,2,21 dpl,21,edu,day_21
Plate 3_B2_Sym_25C,Plate 3,Sym,B2,25C (ambient),Sym_25,1,"0 dpi

07.28.2025",0,0,day_0
Plate 3_B2_Sym_25C,Plate 3,Sym,B2,25C (ambient),Sym_25,1,"3 dpl

07.31.2025",3,0,day_3
Plate 3_B2_Sym_25C,Plate 3,Sym,B2,25C (ambient),Sym_25,1,"4 dpl

08.01.2025",4,0,day_4
Plate 3_B2_Sym_25C,Plate 3,Sym,B2,25C (ambient),Sym_25,1,"5 dpl

08.02.2025",5,0,day_5
Plate 3_B2_Sym_25C,Plate 3,Sym,B2,25C (ambient),Sym_25,1,"6 dpl

08.03. 2025",6,edu,day_6
Plate 3_B2_Sym_25C,Plate 3,Sym,B2,25C (ambient),Sym_25,1,"7 dpl

08.04.2025",7,edu,day_7
Plate 3_B2_Sym_25C,Plate 3,Sym,B2,25C (ambient),Sym_25,1,"8 dpl

08.05.2025",8,edu,day_8
Plate 3_B2_Sym_25C,Plate 3,Sym,B2,25C (ambient),Sym_25,1,"9 dpl

08.06.2025",9,edu,day_9
Plate 3_B2_Sym_25C,Plate 3,Sym,B2,25C (ambient),Sym_25,1,"10 dpl

08.07.2025",10,edu,day_10
Plate 3_B2_Sym_25C,Plate 3,Sym,B2,25C (ambient),Sym_25,1,"11 dpl

08.08.2025",11,edu,day_11
Plate 3_B2_Sym_25C,Plate 3,Sym,B2,25C (ambient),Sym_25,1,"13 dpl

08.10.2025",13,edu,day_13
Plate 3_B2_Sym_25C,Plate 3,Sym,B2,25C (ambient),Sym_25,1,"14 dpl

08.11.2025",14,edu,day_14
Plate 3_B2_Sym_25C,Plate 3,Sym,B2,25C (ambient),Sym_25,1,21 dpl,21,edu,day_21
Plate 3_B3_Sym_25C,Plate 3,Sym,B3,25C (ambient),Sym_25,1,"0 dpi

07.28.2025",0,0,day_0
Plate 3_B3_Sym_25C,Plate 3,Sym,B3,25C (ambient),Sym_25,1,"3 dpl

07.31.2025",3,0,day_3
Plate 3_B3_Sym_25C,Plate 3,Sym,B3,25C (ambient),Sym_25,1,"4 dpl

08.01.2025",4,na,day_4
Plate 3_B3_Sym_25C,Plate 3,Sym,B3,25C (ambient),Sym_25,1,"5 dpl

08.02.2025",5,na,day_5
Plate 3_B3_Sym_25C,Plate 3,Sym,B3,25C (ambient),Sym_25,1,"6 dpl

08.03. 2025",6,na,day_6
Plate 3_B3_Sym_25C,Plate 3,Sym,B3,25C (ambient),Sym_25,1,"7 dpl

08.04.2025",7,na,day_7
Plate 3_B3_Sym_25C,Plate 3,Sym,B3,25C (ambient),Sym_25,1,"8 dpl

08.05.2025",8,na,day_8
Plate 3_B3_Sym_25C,Plate 3,Sym,B3,25C (ambient),Sym_25,1,"9 dpl

08.06.2025",9,na,day_9
Plate 3_B3_Sym_25C,Plate 3,Sym,B3,25C (ambient),Sym_25,1,"10 dpl

08.07.2025",10,na,day_10
Plate 3_B3_Sym_25C,Plate 3,Sym,B3,25C (ambient),Sym_25,1,"11 dpl

08.08.2025",11,na,day_11
Plate 3_B3_Sym_25C,Plate 3,Sym,B3,25C (ambient),Sym_25,1,"13 dpl

08.10.2025",13,na,day_13
Plate 3_B3_Sym_25C,Plate 3,Sym,B3,25C (ambient),Sym_25,1,"14 dpl

08.11.2025",14,na,day_14
Plate 3_B3_Sym_25C,Plate 3,Sym,B3,25C (ambient),Sym_25,1,21 dpl,21,na,day_21
Plate 3_B3_Sym_25C,Plate 3,Sym,B3,25C (ambient),Sym_25,2,"0 dpi

07.28.2025",0,0,day_0
Plate 3_B3_Sym_25C,Plate 3,Sym,B3,25C (ambient),Sym_25,2,"3 dpl

07.31.2025",3,na,day_3
Plate 3_B3_Sym_25C,Plate 3,Sym,B3,25C (ambient),Sym_25,2,"4 dpl

08.01.2025",4,na,day_4
Plate 3_B3_Sym_25C,Plate 3,Sym,B3,25C (ambient),Sym_25,2,"5 dpl

08.02.2025",5,na,day_5
Plate 3_B3_Sym_25C,Plate 3,Sym,B3,25C (ambient),Sym_25,2,"6 dpl

08.03. 2025",6,na,day_6
Plate 3_B3_Sym_25C,Plate 3,Sym,B3,25C (ambient),Sym_25,2,"7 dpl

08.04.2025",7,na,day_7
Plate 3_B3_Sym_25C,Plate 3,Sym,B3,25C (ambient),Sym_25,2,"8 dpl

08.05.2025",8,na,day_8
Plate 3_B3_Sym_25C,Plate 3,Sym,B3,25C (ambient),Sym_25,2,"9 dpl

08.06.2025",9,na,day_9
Plate 3_B3_Sym_25C,Plate 3,Sym,B3,25C (ambient),Sym_25,2,"10 dpl

08.07.2025",10,na,day_10
Plate 3_B3_Sym_25C,Plate 3,Sym,B3,25C (ambient),Sym_25,2,"11 dpl

08.08.2025",11,na,day_11
Plate 3_B3_Sym_25C,Plate 3,Sym,B3,25C (ambient),Sym_25,2,"13 dpl

08.10.2025",13,na,day_13
Plate 3_B3_Sym_25C,Plate 3,Sym,B3,25C (ambient),Sym_25,2,"14 dpl

08.11.2025",14,na,day_14
Plate 3_B3_Sym_25C,Plate 3,Sym,B3,25C (ambient),Sym_25,2,21 dpl,21,na,day_21
Plate 3_B4_Sym_25C,Plate 3,Sym,B4,25C (ambient),Sym_25,1,"0 dpi

07.28.2025",0,0,day_0
Plate 3_B4_Sym_25C,Plate 3,Sym,B4,25C (ambient),Sym_25,1,"3 dpl

07.31.2025",3,na,day_3
Plate 3_B4_Sym_25C,Plate 3,Sym,B4,25C (ambient),Sym_25,1,"4 dpl

08.01.2025",4,na,day_4
Plate 3_B4_Sym_25C,Plate 3,Sym,B4,25C (ambient),Sym_25,1,"5 dpl

08.02.2025",5,na,day_5
Plate 3_B4_Sym_25C,Plate 3,Sym,B4,25C (ambient),Sym_25,1,"6 dpl

08.03. 2025",6,na,day_6
Plate 3_B4_Sym_25C,Plate 3,Sym,B4,25C (ambient),Sym_25,1,"7 dpl

08.04.2025",7,na,day_7
Plate 3_B4_Sym_25C,Plate 3,Sym,B4,25C (ambient),Sym_25,1,"8 dpl

08.05.2025",8,na,day_8
Plate 3_B4_Sym_25C,Plate 3,Sym,B4,25C (ambient),Sym_25,1,"9 dpl

08.06.2025",9,na,day_9
Plate 3_B4_Sym_25C,Plate 3,Sym,B4,25C (ambient),Sym_25,1,"10 dpl

08.07.2025",10,na,day_10
Plate 3_B4_Sym_25C,Plate 3,Sym,B4,25C (ambient),Sym_25,1,"11 dpl

08.08.2025",11,na,day_11
Plate 3_B4_Sym_25C,Plate 3,Sym,B4,25C (ambient),Sym_25,1,"13 dpl

08.10.2025",13,na,day_13
Plate 3_B4_Sym_25C,Plate 3,Sym,B4,25C (ambient),Sym_25,1,"14 dpl

08.11.2025",14,na,day_14
Plate 3_B4_Sym_25C,Plate 3,Sym,B4,25C (ambient),Sym_25,1,21 dpl,21,na,day_21
Plate 3_B5_Sym_25C,Plate 3,Sym,B5,25C (ambient),Sym_25,1,"0 dpi

07.28.2025",0,0,day_0
Plate 3_B5_Sym_25C,Plate 3,Sym,B5,25C (ambient),Sym_25,1,"3 dpl

07.31.2025",3,0,day_3
Plate 3_B5_Sym_25C,Plate 3,Sym,B5,25C (ambient),Sym_25,1,"4 dpl

08.01.2025",4,na,day_4
Plate 3_B5_Sym_25C,Plate 3,Sym,B5,25C (ambient),Sym_25,1,"5 dpl

08.02.2025",5,na,day_5
Plate 3_B5_Sym_25C,Plate 3,Sym,B5,25C (ambient),Sym_25,1,"6 dpl

08.03. 2025",6,na,day_6
Plate 3_B5_Sym_25C,Plate 3,Sym,B5,25C (ambient),Sym_25,1,"7 dpl

08.04.2025",7,na,day_7
Plate 3_B5_Sym_25C,Plate 3,Sym,B5,25C (ambient),Sym_25,1,"8 dpl

08.05.2025",8,na,day_8
Plate 3_B5_Sym_25C,Plate 3,Sym,B5,25C (ambient),Sym_25,1,"9 dpl

08.06.2025",9,na,day_9
Plate 3_B5_Sym_25C,Plate 3,Sym,B5,25C (ambient),Sym_25,1,"10 dpl

08.07.2025",10,na,day_10
Plate 3_B5_Sym_25C,Plate 3,Sym,B5,25C (ambient),Sym_25,1,"11 dpl

08.08.2025",11,na,day_11
Plate 3_B5_Sym_25C,Plate 3,Sym,B5,25C (ambient),Sym_25,1,"13 dpl

08.10.2025",13,na,day_13
Plate 3_B5_Sym_25C,Plate 3,Sym,B5,25C (ambient),Sym_25,1,"14 dpl

08.11.2025",14,na,day_14
Plate 3_B5_Sym_25C,Plate 3,Sym,B5,25C (ambient),Sym_25,1,21 dpl,21,na,day_21
Plate 3_B6_Sym_25C,Plate 3,Sym,B6,25C (ambient),Sym_25,1,"0 dpi

07.28.2025",0,0,day_0
Plate 3_B6_Sym_25C,Plate 3,Sym,B6,25C (ambient),Sym_25,1,"3 dpl

07.31.2025",3,0,day_3
Plate 3_B6_Sym_25C,Plate 3,Sym,B6,25C (ambient),Sym_25,1,"4 dpl

08.01.2025",4,0,day_4
Plate 3_B6_Sym_25C,Plate 3,Sym,B6,25C (ambient),Sym_25,1,"5 dpl

08.02.2025",5,edu,day_5
Plate 3_B6_Sym_25C,Plate 3,Sym,B6,25C (ambient),Sym_25,1,"6 dpl

08.03. 2025",6,edu,day_6
Plate 3_B6_Sym_25C,Plate 3,Sym,B6,25C (ambient),Sym_25,1,"7 dpl

08.04.2025",7,edu,day_7
Plate 3_B6_Sym_25C,Plate 3,Sym,B6,25C (ambient),Sym_25,1,"8 dpl

08.05.2025",8,edu,day_8
Plate 3_B6_Sym_25C,Plate 3,Sym,B6,25C (ambient),Sym_25,1,"9 dpl

08.06.2025",9,edu,day_9
Plate 3_B6_Sym_25C,Plate 3,Sym,B6,25C (ambient),Sym_25,1,"10 dpl

08.07.2025",10,edu,day_10
Plate 3_B6_Sym_25C,Plate 3,Sym,B6,25C (ambient),Sym_25,1,"11 dpl

08.08.2025",11,edu,day_11
Plate 3_B6_Sym_25C,Plate 3,Sym,B6,25C (ambient),Sym_25,1,"13 dpl

08.10.2025",13,edu,day_13
Plate 3_B6_Sym_25C,Plate 3,Sym,B6,25C (ambient),Sym_25,1,"14 dpl

08.11.2025",14,edu,day_14
Plate 3_B6_Sym_25C,Plate 3,Sym,B6,25C (ambient),Sym_25,1,21 dpl,21,edu,day_21
Plate 3_C1_Sym_25C,Plate 3,Sym,C1,25C (ambient),Sym_25,1,"0 dpi

07.28.2025",0,0,day_0
Plate 3_C1_Sym_25C,Plate 3,Sym,C1,25C (ambient),Sym_25,1,"3 dpl

07.31.2025",3,0,day_3
Plate 3_C1_Sym_25C,Plate 3,Sym,C1,25C (ambient),Sym_25,1,"4 dpl

08.01.2025",4,0,day_4
Plate 3_C1_Sym_25C,Plate 3,Sym,C1,25C (ambient),Sym_25,1,"5 dpl

08.02.2025",5,0,day_5
Plate 3_C1_Sym_25C,Plate 3,Sym,C1,25C (ambient),Sym_25,1,"6 dpl

08.03. 2025",6,1,day_6
Plate 3_C1_Sym_25C,Plate 3,Sym,C1,25C (ambient),Sym_25,1,"7 dpl

08.04.2025",7,1,day_7
Plate 3_C1_Sym_25C,Plate 3,Sym,C1,25C (ambient),Sym_25,1,"8 dpl

08.05.2025",8,1,day_8
Plate 3_C1_Sym_25C,Plate 3,Sym,C1,25C (ambient),Sym_25,1,"9 dpl

08.06.2025",9,1,day_9
Plate 3_C1_Sym_25C,Plate 3,Sym,C1,25C (ambient),Sym_25,1,"10 dpl

08.07.2025",10,1,day_10
Plate 3_C1_Sym_25C,Plate 3,Sym,C1,25C (ambient),Sym_25,1,"11 dpl

08.08.2025",11,1,day_11
Plate 3_C1_Sym_25C,Plate 3,Sym,C1,25C (ambient),Sym_25,1,"13 dpl

08.10.2025",13,1,day_13
Plate 3_C1_Sym_25C,Plate 3,Sym,C1,25C (ambient),Sym_25,1,"14 dpl

08.11.2025",14,na,day_14
Plate 3_C1_Sym_25C,Plate 3,Sym,C1,25C (ambient),Sym_25,1,21 dpl,21,na,day_21
Plate 3_C1_Sym_25C,Plate 3,Sym,C1,25C (ambient),Sym_25,2,"0 dpi

07.28.2025",0,0,day_0
Plate 3_C1_Sym_25C,Plate 3,Sym,C1,25C (ambient),Sym_25,2,"3 dpl

07.31.2025",3,0,day_3
Plate 3_C1_Sym_25C,Plate 3,Sym,C1,25C (ambient),Sym_25,2,"4 dpl

08.01.2025",4,0,day_4
Plate 3_C1_Sym_25C,Plate 3,Sym,C1,25C (ambient),Sym_25,2,"5 dpl

08.02.2025",5,0,day_5
Plate 3_C1_Sym_25C,Plate 3,Sym,C1,25C (ambient),Sym_25,2,"6 dpl

08.03. 2025",6,0,day_6
Plate 3_C1_Sym_25C,Plate 3,Sym,C1,25C (ambient),Sym_25,2,"7 dpl

08.04.2025",7,0,day_7
Plate 3_C1_Sym_25C,Plate 3,Sym,C1,25C (ambient),Sym_25,2,"8 dpl

08.05.2025",8,0,day_8
Plate 3_C1_Sym_25C,Plate 3,Sym,C1,25C (ambient),Sym_25,2,"9 dpl

08.06.2025",9,0,day_9
Plate 3_C1_Sym_25C,Plate 3,Sym,C1,25C (ambient),Sym_25,2,"10 dpl

08.07.2025",10,0,day_10
Plate 3_C1_Sym_25C,Plate 3,Sym,C1,25C (ambient),Sym_25,2,"11 dpl

08.08.2025",11,0,day_11
Plate 3_C1_Sym_25C,Plate 3,Sym,C1,25C (ambient),Sym_25,2,"13 dpl

08.10.2025",13,0,day_13
Plate 3_C1_Sym_25C,Plate 3,Sym,C1,25C (ambient),Sym_25,2,"14 dpl

08.11.2025",14,na,day_14
Plate 3_C1_Sym_25C,Plate 3,Sym,C1,25C (ambient),Sym_25,2,21 dpl,21,na,day_21
Plate 3_C2_Sym_25C,Plate 3,Sym,C2,25C (ambient),Sym_25,1,"0 dpi

07.28.2025",0,0,day_0
Plate 3_C2_Sym_25C,Plate 3,Sym,C2,25C (ambient),Sym_25,1,"3 dpl

07.31.2025",3,0,day_3
Plate 3_C2_Sym_25C,Plate 3,Sym,C2,25C (ambient),Sym_25,1,"4 dpl

08.01.2025",4,0,day_4
Plate 3_C2_Sym_25C,Plate 3,Sym,C2,25C (ambient),Sym_25,1,"5 dpl

08.02.2025",5,0,day_5
Plate 3_C2_Sym_25C,Plate 3,Sym,C2,25C (ambient),Sym_25,1,"6 dpl

08.03. 2025",6,0,day_6
Plate 3_C2_Sym_25C,Plate 3,Sym,C2,25C (ambient),Sym_25,1,"7 dpl

08.04.2025",7,0,day_7
Plate 3_C2_Sym_25C,Plate 3,Sym,C2,25C (ambient),Sym_25,1,"8 dpl

08.05.2025",8,0,day_8
Plate 3_C2_Sym_25C,Plate 3,Sym,C2,25C (ambient),Sym_25,1,"9 dpl

08.06.2025",9,0,day_9
Plate 3_C2_Sym_25C,Plate 3,Sym,C2,25C (ambient),Sym_25,1,"10 dpl

08.07.2025",10,0,day_10
Plate 3_C2_Sym_25C,Plate 3,Sym,C2,25C (ambient),Sym_25,1,"11 dpl

08.08.2025",11,0,day_11
Plate 3_C2_Sym_25C,Plate 3,Sym,C2,25C (ambient),Sym_25,1,"13 dpl

08.10.2025",13,0,day_13
Plate 3_C2_Sym_25C,Plate 3,Sym,C2,25C (ambient),Sym_25,1,"14 dpl

08.11.2025",14,na,day_14
Plate 3_C2_Sym_25C,Plate 3,Sym,C2,25C (ambient),Sym_25,1,21 dpl,21,na,day_21
Plate 3_C3_Sym_25C,Plate 3,Sym,C3,25C (ambient),Sym_25,1,"0 dpi

07.28.2025",0,0,day_0
Plate 3_C3_Sym_25C,Plate 3,Sym,C3,25C (ambient),Sym_25,1,"3 dpl

07.31.2025",3,0,day_3
Plate 3_C3_Sym_25C,Plate 3,Sym,C3,25C (ambient),Sym_25,1,"4 dpl

08.01.2025",4,0,day_4
Plate 3_C3_Sym_25C,Plate 3,Sym,C3,25C (ambient),Sym_25,1,"5 dpl

08.02.2025",5,0,day_5
Plate 3_C3_Sym_25C,Plate 3,Sym,C3,25C (ambient),Sym_25,1,"6 dpl

08.03. 2025",6,0,day_6
Plate 3_C3_Sym_25C,Plate 3,Sym,C3,25C (ambient),Sym_25,1,"7 dpl

08.04.2025",7,0,day_7
Plate 3_C3_Sym_25C,Plate 3,Sym,C3,25C (ambient),Sym_25,1,"8 dpl

08.05.2025",8,0,day_8
Plate 3_C3_Sym_25C,Plate 3,Sym,C3,25C (ambient),Sym_25,1,"9 dpl

08.06.2025",9,0,day_9
Plate 3_C3_Sym_25C,Plate 3,Sym,C3,25C (ambient),Sym_25,1,"10 dpl

08.07.2025",10,0,day_10
Plate 3_C3_Sym_25C,Plate 3,Sym,C3,25C (ambient),Sym_25,1,"11 dpl

08.08.2025",11,0,day_11
Plate 3_C3_Sym_25C,Plate 3,Sym,C3,25C (ambient),Sym_25,1,"13 dpl

08.10.2025",13,0,day_13
Plate 3_C3_Sym_25C,Plate 3,Sym,C3,25C (ambient),Sym_25,1,"14 dpl

08.11.2025",14,na,day_14
Plate 3_C3_Sym_25C,Plate 3,Sym,C3,25C (ambient),Sym_25,1,21 dpl,21,na,day_21
Plate 3_C4_Sym_25C,Plate 3,Sym,C4,25C (ambient),Sym_25,1,"0 dpi

07.28.2025",0,0,day_0
Plate 3_C4_Sym_25C,Plate 3,Sym,C4,25C (ambient),Sym_25,1,"3 dpl

07.31.2025",3,0,day_3
Plate 3_C4_Sym_25C,Plate 3,Sym,C4,25C (ambient),Sym_25,1,"4 dpl

08.01.2025",4,0,day_4
Plate 3_C4_Sym_25C,Plate 3,Sym,C4,25C (ambient),Sym_25,1,"5 dpl

08.02.2025",5,0,day_5
Plate 3_C4_Sym_25C,Plate 3,Sym,C4,25C (ambient),Sym_25,1,"6 dpl

08.03. 2025",6,0,day_6
Plate 3_C4_Sym_25C,Plate 3,Sym,C4,25C (ambient),Sym_25,1,"7 dpl

08.04.2025",7,0,day_7
Plate 3_C4_Sym_25C,Plate 3,Sym,C4,25C (ambient),Sym_25,1,"8 dpl

08.05.2025",8,0,day_8
Plate 3_C4_Sym_25C,Plate 3,Sym,C4,25C (ambient),Sym_25,1,"9 dpl

08.06.2025",9,0,day_9
Plate 3_C4_Sym_25C,Plate 3,Sym,C4,25C (ambient),Sym_25,1,"10 dpl

08.07.2025",10,0,day_10
Plate 3_C4_Sym_25C,Plate 3,Sym,C4,25C (ambient),Sym_25,1,"11 dpl

08.08.2025",11,0,day_11
Plate 3_C4_Sym_25C,Plate 3,Sym,C4,25C (ambient),Sym_25,1,"13 dpl

08.10.2025",13,0,day_13
Plate 3_C4_Sym_25C,Plate 3,Sym,C4,25C (ambient),Sym_25,1,"14 dpl

08.11.2025",14,0,day_14
Plate 3_C4_Sym_25C,Plate 3,Sym,C4,25C (ambient),Sym_25,1,21 dpl,21,0,day_21
Plate 3_C5_Sym_25C,Plate 3,Sym,C5,25C (ambient),Sym_25,1,"0 dpi

07.28.2025",0,0,day_0
Plate 3_C5_Sym_25C,Plate 3,Sym,C5,25C (ambient),Sym_25,1,"3 dpl

07.31.2025",3,0,day_3
Plate 3_C5_Sym_25C,Plate 3,Sym,C5,25C (ambient),Sym_25,1,"4 dpl

08.01.2025",4,0,day_4
Plate 3_C5_Sym_25C,Plate 3,Sym,C5,25C (ambient),Sym_25,1,"5 dpl

08.02.2025",5,0,day_5
Plate 3_C5_Sym_25C,Plate 3,Sym,C5,25C (ambient),Sym_25,1,"6 dpl

08.03. 2025",6,1,day_6
Plate 3_C5_Sym_25C,Plate 3,Sym,C5,25C (ambient),Sym_25,1,"7 dpl

08.04.2025",7,1,day_7
Plate 3_C5_Sym_25C,Plate 3,Sym,C5,25C (ambient),Sym_25,1,"8 dpl

08.05.2025",8,edu,day_8
Plate 3_C5_Sym_25C,Plate 3,Sym,C5,25C (ambient),Sym_25,1,"9 dpl

08.06.2025",9,edu,day_9
Plate 3_C5_Sym_25C,Plate 3,Sym,C5,25C (ambient),Sym_25,1,"10 dpl

08.07.2025",10,edu,day_10
Plate 3_C5_Sym_25C,Plate 3,Sym,C5,25C (ambient),Sym_25,1,"11 dpl

08.08.2025",11,edu,day_11
Plate 3_C5_Sym_25C,Plate 3,Sym,C5,25C (ambient),Sym_25,1,"13 dpl

08.10.2025",13,edu,day_13
Plate 3_C5_Sym_25C,Plate 3,Sym,C5,25C (ambient),Sym_25,1,"14 dpl

08.11.2025",14,edu,day_14
Plate 3_C5_Sym_25C,Plate 3,Sym,C5,25C (ambient),Sym_25,1,21 dpl,21,edu,day_21
Plate 3_C6_Sym_25C,Plate 3,Sym,C6,25C (ambient),Sym_25,1,"0 dpi

07.28.2025",0,0,day_0
Plate 3_C6_Sym_25C,Plate 3,Sym,C6,25C (ambient),Sym_25,1,"3 dpl

07.31.2025",3,0,day_3
Plate 3_C6_Sym_25C,Plate 3,Sym,C6,25C (ambient),Sym_25,1,"4 dpl

08.01.2025",4,0,day_4
Plate 3_C6_Sym_25C,Plate 3,Sym,C6,25C (ambient),Sym_25,1,"5 dpl

08.02.2025",5,edu,day_5
Plate 3_C6_Sym_25C,Plate 3,Sym,C6,25C (ambient),Sym_25,1,"6 dpl

08.03. 2025",6,edu,day_6
Plate 3_C6_Sym_25C,Plate 3,Sym,C6,25C (ambient),Sym_25,1,"7 dpl

08.04.2025",7,edu,day_7
Plate 3_C6_Sym_25C,Plate 3,Sym,C6,25C (ambient),Sym_25,1,"8 dpl

08.05.2025",8,edu,day_8
Plate 3_C6_Sym_25C,Plate 3,Sym,C6,25C (ambient),Sym_25,1,"9 dpl

08.06.2025",9,edu,day_9
Plate 3_C6_Sym_25C,Plate 3,Sym,C6,25C (ambient),Sym_25,1,"10 dpl

08.07.2025",10,edu,day_10
Plate 3_C6_Sym_25C,Plate 3,Sym,C6,25C (ambient),Sym_25,1,"11 dpl

08.08.2025",11,edu,day_11
Plate 3_C6_Sym_25C,Plate 3,Sym,C6,25C (ambient),Sym_25,1,"13 dpl

08.10.2025",13,edu,day_13
Plate 3_C6_Sym_25C,Plate 3,Sym,C6,25C (ambient),Sym_25,1,"14 dpl

08.11.2025",14,edu,day_14
Plate 3_C6_Sym_25C,Plate 3,Sym,C6,25C (ambient),Sym_25,1,21 dpl,21,edu,day_21
Plate 3_D1_Sym_25C,Plate 3,Sym,D1,25C (ambient),Sym_25,1,"0 dpi

07.28.2025",0,0,day_0
Plate 3_D1_Sym_25C,Plate 3,Sym,D1,25C (ambient),Sym_25,1,"3 dpl

07.31.2025",3,na,day_3
Plate 3_D1_Sym_25C,Plate 3,Sym,D1,25C (ambient),Sym_25,1,"4 dpl

08.01.2025",4,na,day_4
Plate 3_D1_Sym_25C,Plate 3,Sym,D1,25C (ambient),Sym_25,1,"5 dpl

08.02.2025",5,na,day_5
Plate 3_D1_Sym_25C,Plate 3,Sym,D1,25C (ambient),Sym_25,1,"6 dpl

08.03. 2025",6,na,day_6
Plate 3_D1_Sym_25C,Plate 3,Sym,D1,25C (ambient),Sym_25,1,"7 dpl

08.04.2025",7,na,day_7
Plate 3_D1_Sym_25C,Plate 3,Sym,D1,25C (ambient),Sym_25,1,"8 dpl

08.05.2025",8,na,day_8
Plate 3_D1_Sym_25C,Plate 3,Sym,D1,25C (ambient),Sym_25,1,"9 dpl

08.06.2025",9,na,day_9
Plate 3_D1_Sym_25C,Plate 3,Sym,D1,25C (ambient),Sym_25,1,"10 dpl

08.07.2025",10,na,day_10
Plate 3_D1_Sym_25C,Plate 3,Sym,D1,25C (ambient),Sym_25,1,"11 dpl

08.08.2025",11,na,day_11
Plate 3_D1_Sym_25C,Plate 3,Sym,D1,25C (ambient),Sym_25,1,"13 dpl

08.10.2025",13,na,day_13
Plate 3_D1_Sym_25C,Plate 3,Sym,D1,25C (ambient),Sym_25,1,"14 dpl

08.11.2025",14,na,day_14
Plate 3_D1_Sym_25C,Plate 3,Sym,D1,25C (ambient),Sym_25,1,21 dpl,21,na,day_21
Plate 3_D1_Sym_25C,Plate 3,Sym,D1,25C (ambient),Sym_25,2,"0 dpi

07.28.2025",0,na,day_0
Plate 3_D1_Sym_25C,Plate 3,Sym,D1,25C (ambient),Sym_25,2,"3 dpl

07.31.2025",3,na,day_3
Plate 3_D1_Sym_25C,Plate 3,Sym,D1,25C (ambient),Sym_25,2,"4 dpl

08.01.2025",4,na,day_4
Plate 3_D1_Sym_25C,Plate 3,Sym,D1,25C (ambient),Sym_25,2,"5 dpl

08.02.2025",5,na,day_5
Plate 3_D1_Sym_25C,Plate 3,Sym,D1,25C (ambient),Sym_25,2,"6 dpl

08.03. 2025",6,na,day_6
Plate 3_D1_Sym_25C,Plate 3,Sym,D1,25C (ambient),Sym_25,2,"7 dpl

08.04.2025",7,na,day_7
Plate 3_D1_Sym_25C,Plate 3,Sym,D1,25C (ambient),Sym_25,2,"8 dpl

08.05.2025",8,na,day_8
Plate 3_D1_Sym_25C,Plate 3,Sym,D1,25C (ambient),Sym_25,2,"9 dpl

08.06.2025",9,na,day_9
Plate 3_D1_Sym_25C,Plate 3,Sym,D1,25C (ambient),Sym_25,2,"10 dpl

08.07.2025",10,na,day_10
Plate 3_D1_Sym_25C,Plate 3,Sym,D1,25C (ambient),Sym_25,2,"11 dpl

08.08.2025",11,na,day_11
Plate 3_D1_Sym_25C,Plate 3,Sym,D1,25C (ambient),Sym_25,2,"13 dpl

08.10.2025",13,na,day_13
Plate 3_D1_Sym_25C,Plate 3,Sym,D1,25C (ambient),Sym_25,2,"14 dpl

08.11.2025",14,na,day_14
Plate 3_D1_Sym_25C,Plate 3,Sym,D1,25C (ambient),Sym_25,2,21 dpl,21,na,day_21
Plate 3_D2_Sym_25C,Plate 3,Sym,D2,25C (ambient),Sym_25,1,"0 dpi

07.28.2025",0,0,day_0
Plate 3_D2_Sym_25C,Plate 3,Sym,D2,25C (ambient),Sym_25,1,"3 dpl

07.31.2025",3,0,day_3
Plate 3_D2_Sym_25C,Plate 3,Sym,D2,25C (ambient),Sym_25,1,"4 dpl

08.01.2025",4,0,day_4
Plate 3_D2_Sym_25C,Plate 3,Sym,D2,25C (ambient),Sym_25,1,"5 dpl

08.02.2025",5,0,day_5
Plate 3_D2_Sym_25C,Plate 3,Sym,D2,25C (ambient),Sym_25,1,"6 dpl

08.03. 2025",6,0,day_6
Plate 3_D2_Sym_25C,Plate 3,Sym,D2,25C (ambient),Sym_25,1,"7 dpl

08.04.2025",7,0,day_7
Plate 3_D2_Sym_25C,Plate 3,Sym,D2,25C (ambient),Sym_25,1,"8 dpl

08.05.2025",8,0,day_8
Plate 3_D2_Sym_25C,Plate 3,Sym,D2,25C (ambient),Sym_25,1,"9 dpl

08.06.2025",9,0,day_9
Plate 3_D2_Sym_25C,Plate 3,Sym,D2,25C (ambient),Sym_25,1,"10 dpl

08.07.2025",10,0,day_10
Plate 3_D2_Sym_25C,Plate 3,Sym,D2,25C (ambient),Sym_25,1,"11 dpl

08.08.2025",11,0,day_11
Plate 3_D2_Sym_25C,Plate 3,Sym,D2,25C (ambient),Sym_25,1,"13 dpl

08.10.2025",13,0,day_13
Plate 3_D2_Sym_25C,Plate 3,Sym,D2,25C (ambient),Sym_25,1,"14 dpl

08.11.2025",14,0,day_14
Plate 3_D2_Sym_25C,Plate 3,Sym,D2,25C (ambient),Sym_25,1,21 dpl,21,0,day_21
Plate 3_D3_Sym_25C,Plate 3,Sym,D3,25C (ambient),Sym_25,1,"0 dpi

07.28.2025",0,0,day_0
Plate 3_D3_Sym_25C,Plate 3,Sym,D3,25C (ambient),Sym_25,1,"3 dpl

07.31.2025",3,0,day_3
Plate 3_D3_Sym_25C,Plate 3,Sym,D3,25C (ambient),Sym_25,1,"4 dpl

08.01.2025",4,0,day_4
Plate 3_D3_Sym_25C,Plate 3,Sym,D3,25C (ambient),Sym_25,1,"5 dpl

08.02.2025",5,0,day_5
Plate 3_D3_Sym_25C,Plate 3,Sym,D3,25C (ambient),Sym_25,1,"6 dpl

08.03. 2025",6,5,day_6
Plate 3_D3_Sym_25C,Plate 3,Sym,D3,25C (ambient),Sym_25,1,"7 dpl

08.04.2025",7,5,day_7
Plate 3_D3_Sym_25C,Plate 3,Sym,D3,25C (ambient),Sym_25,1,"8 dpl

08.05.2025",8,5,day_8
Plate 3_D3_Sym_25C,Plate 3,Sym,D3,25C (ambient),Sym_25,1,"9 dpl

08.06.2025",9,5,day_9
Plate 3_D3_Sym_25C,Plate 3,Sym,D3,25C (ambient),Sym_25,1,"10 dpl

08.07.2025",10,5,day_10
Plate 3_D3_Sym_25C,Plate 3,Sym,D3,25C (ambient),Sym_25,1,"11 dpl

08.08.2025",11,na,day_11
Plate 3_D3_Sym_25C,Plate 3,Sym,D3,25C (ambient),Sym_25,1,"13 dpl

08.10.2025",13,na,day_13
Plate 3_D3_Sym_25C,Plate 3,Sym,D3,25C (ambient),Sym_25,1,"14 dpl

08.11.2025",14,na,day_14
Plate 3_D3_Sym_25C,Plate 3,Sym,D3,25C (ambient),Sym_25,1,21 dpl,21,na,day_21
Plate 3_D4_Sym_25C,Plate 3,Sym,D4,25C (ambient),Sym_25,1,"0 dpi

07.28.2025",0,0,day_0
Plate 3_D4_Sym_25C,Plate 3,Sym,D4,25C (ambient),Sym_25,1,"3 dpl

07.31.2025",3,0,day_3
Plate 3_D4_Sym_25C,Plate 3,Sym,D4,25C (ambient),Sym_25,1,"4 dpl

08.01.2025",4,0,day_4
Plate 3_D4_Sym_25C,Plate 3,Sym,D4,25C (ambient),Sym_25,1,"5 dpl

08.02.2025",5,0,day_5
Plate 3_D4_Sym_25C,Plate 3,Sym,D4,25C (ambient),Sym_25,1,"6 dpl

08.03. 2025",6,0,day_6
Plate 3_D4_Sym_25C,Plate 3,Sym,D4,25C (ambient),Sym_25,1,"7 dpl

08.04.2025",7,0,day_7
Plate 3_D4_Sym_25C,Plate 3,Sym,D4,25C (ambient),Sym_25,1,"8 dpl

08.05.2025",8,edu,day_8
Plate 3_D4_Sym_25C,Plate 3,Sym,D4,25C (ambient),Sym_25,1,"9 dpl

08.06.2025",9,edu,day_9
Plate 3_D4_Sym_25C,Plate 3,Sym,D4,25C (ambient),Sym_25,1,"10 dpl

08.07.2025",10,edu,day_10
Plate 3_D4_Sym_25C,Plate 3,Sym,D4,25C (ambient),Sym_25,1,"11 dpl

08.08.2025",11,edu,day_11
Plate 3_D4_Sym_25C,Plate 3,Sym,D4,25C (ambient),Sym_25,1,"13 dpl

08.10.2025",13,edu,day_13
Plate 3_D4_Sym_25C,Plate 3,Sym,D4,25C (ambient),Sym_25,1,"14 dpl

08.11.2025",14,edu,day_14
Plate 3_D4_Sym_25C,Plate 3,Sym,D4,25C (ambient),Sym_25,1,21 dpl,21,edu,day_21
Plate 3_D4_Sym_25C,Plate 3,Sym,D4,25C (ambient),Sym_25,2,"0 dpi

07.28.2025",0,0,day_0
Plate 3_D4_Sym_25C,Plate 3,Sym,D4,25C (ambient),Sym_25,2,"3 dpl

07.31.2025",3,0,day_3
Plate 3_D4_Sym_25C,Plate 3,Sym,D4,25C (ambient),Sym_25,2,"4 dpl

08.01.2025",4,0,day_4
Plate 3_D4_Sym_25C,Plate 3,Sym,D4,25C (ambient),Sym_25,2,"5 dpl

08.02.2025",5,0,day_5
Plate 3_D4_Sym_25C,Plate 3,Sym,D4,25C (ambient),Sym_25,2,"6 dpl

08.03. 2025",6,na,day_6
Plate 3_D4_Sym_25C,Plate 3,Sym,D4,25C (ambient),Sym_25,2,"7 dpl

08.04.2025",7,na,day_7
Plate 3_D4_Sym_25C,Plate 3,Sym,D4,25C (ambient),Sym_25,2,"8 dpl

08.05.2025",8,na,day_8
Plate 3_D4_Sym_25C,Plate 3,Sym,D4,25C (ambient),Sym_25,2,"9 dpl

08.06.2025",9,na,day_9
Plate 3_D4_Sym_25C,Plate 3,Sym,D4,25C (ambient),Sym_25,2,"10 dpl

08.07.2025",10,na,day_10
Plate 3_D4_Sym_25C,Plate 3,Sym,D4,25C (ambient),Sym_25,2,"11 dpl

08.08.2025",11,na,day_11
Plate 3_D4_Sym_25C,Plate 3,Sym,D4,25C (ambient),Sym_25,2,"13 dpl

08.10.2025",13,na,day_13
Plate 3_D4_Sym_25C,Plate 3,Sym,D4,25C (ambient),Sym_25,2,"14 dpl

08.11.2025",14,na,day_14
Plate 3_D4_Sym_25C,Plate 3,Sym,D4,25C (ambient),Sym_25,2,21 dpl,21,na,day_21
Plate 3_D5_Sym_25C,Plate 3,Sym,D5,25C (ambient),Sym_25,1,"0 dpi

07.28.2025",0,0,day_0
Plate 3_D5_Sym_25C,Plate 3,Sym,D5,25C (ambient),Sym_25,1,"3 dpl

07.31.2025",3,0,day_3
Plate 3_D5_Sym_25C,Plate 3,Sym,D5,25C (ambient),Sym_25,1,"4 dpl

08.01.2025",4,0,day_4
Plate 3_D5_Sym_25C,Plate 3,Sym,D5,25C (ambient),Sym_25,1,"5 dpl

08.02.2025",5,0,day_5
Plate 3_D5_Sym_25C,Plate 3,Sym,D5,25C (ambient),Sym_25,1,"6 dpl

08.03. 2025",6,0,day_6
Plate 3_D5_Sym_25C,Plate 3,Sym,D5,25C (ambient),Sym_25,1,"7 dpl

08.04.2025",7,0,day_7
Plate 3_D5_Sym_25C,Plate 3,Sym,D5,25C (ambient),Sym_25,1,"8 dpl

08.05.2025",8,edu,day_8
Plate 3_D5_Sym_25C,Plate 3,Sym,D5,25C (ambient),Sym_25,1,"9 dpl

08.06.2025",9,edu,day_9
Plate 3_D5_Sym_25C,Plate 3,Sym,D5,25C (ambient),Sym_25,1,"10 dpl

08.07.2025",10,edu,day_10
Plate 3_D5_Sym_25C,Plate 3,Sym,D5,25C (ambient),Sym_25,1,"11 dpl

08.08.2025",11,edu,day_11
Plate 3_D5_Sym_25C,Plate 3,Sym,D5,25C (ambient),Sym_25,1,"13 dpl

08.10.2025",13,edu,day_13
Plate 3_D5_Sym_25C,Plate 3,Sym,D5,25C (ambient),Sym_25,1,"14 dpl

08.11.2025",14,edu,day_14
Plate 3_D5_Sym_25C,Plate 3,Sym,D5,25C (ambient),Sym_25,1,21 dpl,21,edu,day_21
Plate 3_D5_Sym_25C,Plate 3,Sym,D5,25C (ambient),Sym_25,2,"0 dpi

07.28.2025",0,0,day_0
Plate 3_D5_Sym_25C,Plate 3,Sym,D5,25C (ambient),Sym_25,2,"3 dpl

07.31.2025",3,0,day_3
Plate 3_D5_Sym_25C,Plate 3,Sym,D5,25C (ambient),Sym_25,2,"4 dpl

08.01.2025",4,0,day_4
Plate 3_D5_Sym_25C,Plate 3,Sym,D5,25C (ambient),Sym_25,2,"5 dpl

08.02.2025",5,na,day_5
Plate 3_D5_Sym_25C,Plate 3,Sym,D5,25C (ambient),Sym_25,2,"6 dpl

08.03. 2025",6,na,day_6
Plate 3_D5_Sym_25C,Plate 3,Sym,D5,25C (ambient),Sym_25,2,"7 dpl

08.04.2025",7,na,day_7
Plate 3_D5_Sym_25C,Plate 3,Sym,D5,25C (ambient),Sym_25,2,"8 dpl

08.05.2025",8,na,day_8
Plate 3_D5_Sym_25C,Plate 3,Sym,D5,25C (ambient),Sym_25,2,"9 dpl

08.06.2025",9,na,day_9
Plate 3_D5_Sym_25C,Plate 3,Sym,D5,25C (ambient),Sym_25,2,"10 dpl

08.07.2025",10,na,day_10
Plate 3_D5_Sym_25C,Plate 3,Sym,D5,25C (ambient),Sym_25,2,"11 dpl

08.08.2025",11,na,day_11
Plate 3_D5_Sym_25C,Plate 3,Sym,D5,25C (ambient),Sym_25,2,"13 dpl

08.10.2025",13,na,day_13
Plate 3_D5_Sym_25C,Plate 3,Sym,D5,25C (ambient),Sym_25,2,"14 dpl

08.11.2025",14,na,day_14
Plate 3_D5_Sym_25C,Plate 3,Sym,D5,25C (ambient),Sym_25,2,21 dpl,21,na,day_21
Plate 3_D5_Sym_25C,Plate 3,Sym,D5,25C (ambient),Sym_25,3,"0 dpi

07.28.2025",0,0,day_0
Plate 3_D5_Sym_25C,Plate 3,Sym,D5,25C (ambient),Sym_25,3,"3 dpl

07.31.2025",3,na,day_3
Plate 3_D5_Sym_25C,Plate 3,Sym,D5,25C (ambient),Sym_25,3,"4 dpl

08.01.2025",4,na,day_4
Plate 3_D5_Sym_25C,Plate 3,Sym,D5,25C (ambient),Sym_25,3,"5 dpl

08.02.2025",5,na,day_5
Plate 3_D5_Sym_25C,Plate 3,Sym,D5,25C (ambient),Sym_25,3,"6 dpl

08.03. 2025",6,na,day_6
Plate 3_D5_Sym_25C,Plate 3,Sym,D5,25C (ambient),Sym_25,3,"7 dpl

08.04.2025",7,na,day_7
Plate 3_D5_Sym_25C,Plate 3,Sym,D5,25C (ambient),Sym_25,3,"8 dpl

08.05.2025",8,na,day_8
Plate 3_D5_Sym_25C,Plate 3,Sym,D5,25C (ambient),Sym_25,3,"9 dpl

08.06.2025",9,na,day_9
Plate 3_D5_Sym_25C,Plate 3,Sym,D5,25C (ambient),Sym_25,3,"10 dpl

08.07.2025",10,na,day_10
Plate 3_D5_Sym_25C,Plate 3,Sym,D5,25C (ambient),Sym_25,3,"11 dpl

08.08.2025",11,na,day_11
Plate 3_D5_Sym_25C,Plate 3,Sym,D5,25C (ambient),Sym_25,3,"13 dpl

08.10.2025",13,na,day_13
Plate 3_D5_Sym_25C,Plate 3,Sym,D5,25C (ambient),Sym_25,3,"14 dpl

08.11.2025",14,na,day_14
Plate 3_D5_Sym_25C,Plate 3,Sym,D5,25C (ambient),Sym_25,3,21 dpl,21,na,day_21
Plate 3_D6_Sym_25C,Plate 3,Sym,D6,25C (ambient),Sym_25,1,"0 dpi

07.28.2025",0,0,day_0
Plate 3_D6_Sym_25C,Plate 3,Sym,D6,25C (ambient),Sym_25,1,"3 dpl

07.31.2025",3,0,day_3
Plate 3_D6_Sym_25C,Plate 3,Sym,D6,25C (ambient),Sym_25,1,"4 dpl

08.01.2025",4,0,day_4
Plate 3_D6_Sym_25C,Plate 3,Sym,D6,25C (ambient),Sym_25,1,"5 dpl

08.02.2025",5,0,day_5
Plate 3_D6_Sym_25C,Plate 3,Sym,D6,25C (ambient),Sym_25,1,"6 dpl

08.03. 2025",6,4,day_6
Plate 3_D6_Sym_25C,Plate 3,Sym,D6,25C (ambient),Sym_25,1,"7 dpl

08.04.2025",7,4,day_7
Plate 3_D6_Sym_25C,Plate 3,Sym,D6,25C (ambient),Sym_25,1,"8 dpl

08.05.2025",8,edu,day_8
Plate 3_D6_Sym_25C,Plate 3,Sym,D6,25C (ambient),Sym_25,1,"9 dpl

08.06.2025",9,edu,day_9
Plate 3_D6_Sym_25C,Plate 3,Sym,D6,25C (ambient),Sym_25,1,"10 dpl

08.07.2025",10,edu,day_10
Plate 3_D6_Sym_25C,Plate 3,Sym,D6,25C (ambient),Sym_25,1,"11 dpl

08.08.2025",11,edu,day_11
Plate 3_D6_Sym_25C,Plate 3,Sym,D6,25C (ambient),Sym_25,1,"13 dpl

08.10.2025",13,edu,day_13
Plate 3_D6_Sym_25C,Plate 3,Sym,D6,25C (ambient),Sym_25,1,"14 dpl

08.11.2025",14,edu,day_14
Plate 3_D6_Sym_25C,Plate 3,Sym,D6,25C (ambient),Sym_25,1,21 dpl,21,edu,day_21
Plate 4_A1_Sym_32C,Plate 4,Sym,A1,32C (heat stress),Sym_32,1,"0 dpi

07.28.2025",0,0,day_0
Plate 4_A1_Sym_32C,Plate 4,Sym,A1,32C (heat stress),Sym_32,1,"3 dpl

07.31.2025",3,na,day_3
Plate 4_A1_Sym_32C,Plate 4,Sym,A1,32C (heat stress),Sym_32,1,"4 dpl

08.01.2025",4,na,day_4
Plate 4_A1_Sym_32C,Plate 4,Sym,A1,32C (heat stress),Sym_32,1,"5 dpl

08.02.2025",5,na,day_5
Plate 4_A1_Sym_32C,Plate 4,Sym,A1,32C (heat stress),Sym_32,1,"6 dpl

08.03. 2025",6,na,day_6
Plate 4_A1_Sym_32C,Plate 4,Sym,A1,32C (heat stress),Sym_32,1,"7 dpl

08.04.2025",7,na,day_7
Plate 4_A1_Sym_32C,Plate 4,Sym,A1,32C (heat stress),Sym_32,1,"8 dpl

08.05.2025",8,na,day_8
Plate 4_A1_Sym_32C,Plate 4,Sym,A1,32C (heat stress),Sym_32,1,"9 dpl

08.06.2025",9,na,day_9
Plate 4_A1_Sym_32C,Plate 4,Sym,A1,32C (heat stress),Sym_32,1,"10 dpl

08.07.2025",10,na,day_10
Plate 4_A1_Sym_32C,Plate 4,Sym,A1,32C (heat stress),Sym_32,1,"11 dpl

08.08.2025",11,na,day_11
Plate 4_A1_Sym_32C,Plate 4,Sym,A1,32C (heat stress),Sym_32,1,"13 dpl

08.10.2025",13,na,day_13
Plate 4_A1_Sym_32C,Plate 4,Sym,A1,32C (heat stress),Sym_32,1,"14 dpl

08.11.2025",14,na,day_14
Plate 4_A1_Sym_32C,Plate 4,Sym,A1,32C (heat stress),Sym_32,1,21 dpl,21,na,day_21
Plate 4_A1_Sym_32C,Plate 4,Sym,A1,32C (heat stress),Sym_32,2,"0 dpi

07.28.2025",0,0,day_0
Plate 4_A1_Sym_32C,Plate 4,Sym,A1,32C (heat stress),Sym_32,2,"3 dpl

07.31.2025",3,na,day_3
Plate 4_A1_Sym_32C,Plate 4,Sym,A1,32C (heat stress),Sym_32,2,"4 dpl

08.01.2025",4,na,day_4
Plate 4_A1_Sym_32C,Plate 4,Sym,A1,32C (heat stress),Sym_32,2,"5 dpl

08.02.2025",5,na,day_5
Plate 4_A1_Sym_32C,Plate 4,Sym,A1,32C (heat stress),Sym_32,2,"6 dpl

08.03. 2025",6,na,day_6
Plate 4_A1_Sym_32C,Plate 4,Sym,A1,32C (heat stress),Sym_32,2,"7 dpl

08.04.2025",7,na,day_7
Plate 4_A1_Sym_32C,Plate 4,Sym,A1,32C (heat stress),Sym_32,2,"8 dpl

08.05.2025",8,na,day_8
Plate 4_A1_Sym_32C,Plate 4,Sym,A1,32C (heat stress),Sym_32,2,"9 dpl

08.06.2025",9,na,day_9
Plate 4_A1_Sym_32C,Plate 4,Sym,A1,32C (heat stress),Sym_32,2,"10 dpl

08.07.2025",10,na,day_10
Plate 4_A1_Sym_32C,Plate 4,Sym,A1,32C (heat stress),Sym_32,2,"11 dpl

08.08.2025",11,na,day_11
Plate 4_A1_Sym_32C,Plate 4,Sym,A1,32C (heat stress),Sym_32,2,"13 dpl

08.10.2025",13,na,day_13
Plate 4_A1_Sym_32C,Plate 4,Sym,A1,32C (heat stress),Sym_32,2,"14 dpl

08.11.2025",14,na,day_14
Plate 4_A1_Sym_32C,Plate 4,Sym,A1,32C (heat stress),Sym_32,2,21 dpl,21,na,day_21
Plate 4_A1_Sym_32C,Plate 4,Sym,A1,32C (heat stress),Sym_32,3,"0 dpi

07.28.2025",0,na,day_0
Plate 4_A1_Sym_32C,Plate 4,Sym,A1,32C (heat stress),Sym_32,3,"3 dpl

07.31.2025",3,na,day_3
Plate 4_A1_Sym_32C,Plate 4,Sym,A1,32C (heat stress),Sym_32,3,"4 dpl

08.01.2025",4,na,day_4
Plate 4_A1_Sym_32C,Plate 4,Sym,A1,32C (heat stress),Sym_32,3,"5 dpl

08.02.2025",5,na,day_5
Plate 4_A1_Sym_32C,Plate 4,Sym,A1,32C (heat stress),Sym_32,3,"6 dpl

08.03. 2025",6,na,day_6
Plate 4_A1_Sym_32C,Plate 4,Sym,A1,32C (heat stress),Sym_32,3,"7 dpl

08.04.2025",7,na,day_7
Plate 4_A1_Sym_32C,Plate 4,Sym,A1,32C (heat stress),Sym_32,3,"8 dpl

08.05.2025",8,na,day_8
Plate 4_A1_Sym_32C,Plate 4,Sym,A1,32C (heat stress),Sym_32,3,"9 dpl

08.06.2025",9,na,day_9
Plate 4_A1_Sym_32C,Plate 4,Sym,A1,32C (heat stress),Sym_32,3,"10 dpl

08.07.2025",10,na,day_10
Plate 4_A1_Sym_32C,Plate 4,Sym,A1,32C (heat stress),Sym_32,3,"11 dpl

08.08.2025",11,na,day_11
Plate 4_A1_Sym_32C,Plate 4,Sym,A1,32C (heat stress),Sym_32,3,"13 dpl

08.10.2025",13,na,day_13
Plate 4_A1_Sym_32C,Plate 4,Sym,A1,32C (heat stress),Sym_32,3,"14 dpl

08.11.2025",14,na,day_14
Plate 4_A1_Sym_32C,Plate 4,Sym,A1,32C (heat stress),Sym_32,3,21 dpl,21,na,day_21
Plate 4_A2_Sym_32C,Plate 4,Sym,A2,32C (heat stress),Sym_32,1,"0 dpi

07.28.2025",0,0,day_0
Plate 4_A2_Sym_32C,Plate 4,Sym,A2,32C (heat stress),Sym_32,1,"3 dpl

07.31.2025",3,na,day_3
Plate 4_A2_Sym_32C,Plate 4,Sym,A2,32C (heat stress),Sym_32,1,"4 dpl

08.01.2025",4,na,day_4
Plate 4_A2_Sym_32C,Plate 4,Sym,A2,32C (heat stress),Sym_32,1,"5 dpl

08.02.2025",5,na,day_5
Plate 4_A2_Sym_32C,Plate 4,Sym,A2,32C (heat stress),Sym_32,1,"6 dpl

08.03. 2025",6,na,day_6
Plate 4_A2_Sym_32C,Plate 4,Sym,A2,32C (heat stress),Sym_32,1,"7 dpl

08.04.2025",7,na,day_7
Plate 4_A2_Sym_32C,Plate 4,Sym,A2,32C (heat stress),Sym_32,1,"8 dpl

08.05.2025",8,na,day_8
Plate 4_A2_Sym_32C,Plate 4,Sym,A2,32C (heat stress),Sym_32,1,"9 dpl

08.06.2025",9,na,day_9
Plate 4_A2_Sym_32C,Plate 4,Sym,A2,32C (heat stress),Sym_32,1,"10 dpl

08.07.2025",10,na,day_10
Plate 4_A2_Sym_32C,Plate 4,Sym,A2,32C (heat stress),Sym_32,1,"11 dpl

08.08.2025",11,na,day_11
Plate 4_A2_Sym_32C,Plate 4,Sym,A2,32C (heat stress),Sym_32,1,"13 dpl

08.10.2025",13,na,day_13
Plate 4_A2_Sym_32C,Plate 4,Sym,A2,32C (heat stress),Sym_32,1,"14 dpl

08.11.2025",14,na,day_14
Plate 4_A2_Sym_32C,Plate 4,Sym,A2,32C (heat stress),Sym_32,1,21 dpl,21,na,day_21
Plate 4_A2_Sym_32C,Plate 4,Sym,A2,32C (heat stress),Sym_32,1,"0 dpi

07.28.2025",0,0,day_0
Plate 4_A2_Sym_32C,Plate 4,Sym,A2,32C (heat stress),Sym_32,1,"3 dpl

07.31.2025",3,na,day_3
Plate 4_A2_Sym_32C,Plate 4,Sym,A2,32C (heat stress),Sym_32,1,"4 dpl

08.01.2025",4,na,day_4
Plate 4_A2_Sym_32C,Plate 4,Sym,A2,32C (heat stress),Sym_32,1,"5 dpl

08.02.2025",5,na,day_5
Plate 4_A2_Sym_32C,Plate 4,Sym,A2,32C (heat stress),Sym_32,1,"6 dpl

08.03. 2025",6,na,day_6
Plate 4_A2_Sym_32C,Plate 4,Sym,A2,32C (heat stress),Sym_32,1,"7 dpl

08.04.2025",7,na,day_7
Plate 4_A2_Sym_32C,Plate 4,Sym,A2,32C (heat stress),Sym_32,1,"8 dpl

08.05.2025",8,na,day_8
Plate 4_A2_Sym_32C,Plate 4,Sym,A2,32C (heat stress),Sym_32,1,"9 dpl

08.06.2025",9,na,day_9
Plate 4_A2_Sym_32C,Plate 4,Sym,A2,32C (heat stress),Sym_32,1,"10 dpl

08.07.2025",10,na,day_10
Plate 4_A2_Sym_32C,Plate 4,Sym,A2,32C (heat stress),Sym_32,1,"11 dpl

08.08.2025",11,na,day_11
Plate 4_A2_Sym_32C,Plate 4,Sym,A2,32C (heat stress),Sym_32,1,"13 dpl

08.10.2025",13,na,day_13
Plate 4_A2_Sym_32C,Plate 4,Sym,A2,32C (heat stress),Sym_32,1,"14 dpl

08.11.2025",14,na,day_14
Plate 4_A2_Sym_32C,Plate 4,Sym,A2,32C (heat stress),Sym_32,1,21 dpl,21,na,day_21
Plate 4_A2_Sym_32C,Plate 4,Sym,A2,32C (heat stress),Sym_32,2,"0 dpi

07.28.2025",0,0,day_0
Plate 4_A2_Sym_32C,Plate 4,Sym,A2,32C (heat stress),Sym_32,2,"3 dpl

07.31.2025",3,na,day_3
Plate 4_A2_Sym_32C,Plate 4,Sym,A2,32C (heat stress),Sym_32,2,"4 dpl

08.01.2025",4,na,day_4
Plate 4_A2_Sym_32C,Plate 4,Sym,A2,32C (heat stress),Sym_32,2,"5 dpl

08.02.2025",5,na,day_5
Plate 4_A2_Sym_32C,Plate 4,Sym,A2,32C (heat stress),Sym_32,2,"6 dpl

08.03. 2025",6,na,day_6
Plate 4_A2_Sym_32C,Plate 4,Sym,A2,32C (heat stress),Sym_32,2,"7 dpl

08.04.2025",7,na,day_7
Plate 4_A2_Sym_32C,Plate 4,Sym,A2,32C (heat stress),Sym_32,2,"8 dpl

08.05.2025",8,na,day_8
Plate 4_A2_Sym_32C,Plate 4,Sym,A2,32C (heat stress),Sym_32,2,"9 dpl

08.06.2025",9,na,day_9
Plate 4_A2_Sym_32C,Plate 4,Sym,A2,32C (heat stress),Sym_32,2,"10 dpl

08.07.2025",10,na,day_10
Plate 4_A2_Sym_32C,Plate 4,Sym,A2,32C (heat stress),Sym_32,2,"11 dpl

08.08.2025",11,na,day_11
Plate 4_A2_Sym_32C,Plate 4,Sym,A2,32C (heat stress),Sym_32,2,"13 dpl

08.10.2025",13,na,day_13
Plate 4_A2_Sym_32C,Plate 4,Sym,A2,32C (heat stress),Sym_32,2,"14 dpl

08.11.2025",14,na,day_14
Plate 4_A2_Sym_32C,Plate 4,Sym,A2,32C (heat stress),Sym_32,2,21 dpl,21,na,day_21
Plate 4_A3_Sym_32C,Plate 4,Sym,A3,32C (heat stress),Sym_32,1,"0 dpi

07.28.2025",0,0,day_0
Plate 4_A3_Sym_32C,Plate 4,Sym,A3,32C (heat stress),Sym_32,1,"3 dpl

07.31.2025",3,0,day_3
Plate 4_A3_Sym_32C,Plate 4,Sym,A3,32C (heat stress),Sym_32,1,"4 dpl

08.01.2025",4,na,day_4
Plate 4_A3_Sym_32C,Plate 4,Sym,A3,32C (heat stress),Sym_32,1,"5 dpl

08.02.2025",5,na,day_5
Plate 4_A3_Sym_32C,Plate 4,Sym,A3,32C (heat stress),Sym_32,1,"6 dpl

08.03. 2025",6,na,day_6
Plate 4_A3_Sym_32C,Plate 4,Sym,A3,32C (heat stress),Sym_32,1,"7 dpl

08.04.2025",7,na,day_7
Plate 4_A3_Sym_32C,Plate 4,Sym,A3,32C (heat stress),Sym_32,1,"8 dpl

08.05.2025",8,na,day_8
Plate 4_A3_Sym_32C,Plate 4,Sym,A3,32C (heat stress),Sym_32,1,"9 dpl

08.06.2025",9,na,day_9
Plate 4_A3_Sym_32C,Plate 4,Sym,A3,32C (heat stress),Sym_32,1,"10 dpl

08.07.2025",10,na,day_10
Plate 4_A3_Sym_32C,Plate 4,Sym,A3,32C (heat stress),Sym_32,1,"11 dpl

08.08.2025",11,na,day_11
Plate 4_A3_Sym_32C,Plate 4,Sym,A3,32C (heat stress),Sym_32,1,"13 dpl

08.10.2025",13,na,day_13
Plate 4_A3_Sym_32C,Plate 4,Sym,A3,32C (heat stress),Sym_32,1,"14 dpl

08.11.2025",14,na,day_14
Plate 4_A3_Sym_32C,Plate 4,Sym,A3,32C (heat stress),Sym_32,1,21 dpl,21,na,day_21
Plate 4_A3_Sym_32C,Plate 4,Sym,A3,32C (heat stress),Sym_32,2,"0 dpi

07.28.2025",0,0,day_0
Plate 4_A3_Sym_32C,Plate 4,Sym,A3,32C (heat stress),Sym_32,2,"3 dpl

07.31.2025",3,na,day_3
Plate 4_A3_Sym_32C,Plate 4,Sym,A3,32C (heat stress),Sym_32,2,"4 dpl

08.01.2025",4,na,day_4
Plate 4_A3_Sym_32C,Plate 4,Sym,A3,32C (heat stress),Sym_32,2,"5 dpl

08.02.2025",5,na,day_5
Plate 4_A3_Sym_32C,Plate 4,Sym,A3,32C (heat stress),Sym_32,2,"6 dpl

08.03. 2025",6,na,day_6
Plate 4_A3_Sym_32C,Plate 4,Sym,A3,32C (heat stress),Sym_32,2,"7 dpl

08.04.2025",7,na,day_7
Plate 4_A3_Sym_32C,Plate 4,Sym,A3,32C (heat stress),Sym_32,2,"8 dpl

08.05.2025",8,na,day_8
Plate 4_A3_Sym_32C,Plate 4,Sym,A3,32C (heat stress),Sym_32,2,"9 dpl

08.06.2025",9,na,day_9
Plate 4_A3_Sym_32C,Plate 4,Sym,A3,32C (heat stress),Sym_32,2,"10 dpl

08.07.2025",10,na,day_10
Plate 4_A3_Sym_32C,Plate 4,Sym,A3,32C (heat stress),Sym_32,2,"11 dpl

08.08.2025",11,na,day_11
Plate 4_A3_Sym_32C,Plate 4,Sym,A3,32C (heat stress),Sym_32,2,"13 dpl

08.10.2025",13,na,day_13
Plate 4_A3_Sym_32C,Plate 4,Sym,A3,32C (heat stress),Sym_32,2,"14 dpl

08.11.2025",14,na,day_14
Plate 4_A3_Sym_32C,Plate 4,Sym,A3,32C (heat stress),Sym_32,2,21 dpl,21,na,day_21
Plate 4_A4_Sym_32C,Plate 4,Sym,A4,32C (heat stress),Sym_32,1,"0 dpi

07.28.2025",0,0,day_0
Plate 4_A4_Sym_32C,Plate 4,Sym,A4,32C (heat stress),Sym_32,1,"3 dpl

07.31.2025",3,0,day_3
Plate 4_A4_Sym_32C,Plate 4,Sym,A4,32C (heat stress),Sym_32,1,"4 dpl

08.01.2025",4,0,day_4
Plate 4_A4_Sym_32C,Plate 4,Sym,A4,32C (heat stress),Sym_32,1,"5 dpl

08.02.2025",5,0,day_5
Plate 4_A4_Sym_32C,Plate 4,Sym,A4,32C (heat stress),Sym_32,1,"6 dpl

08.03. 2025",6,0,day_6
Plate 4_A4_Sym_32C,Plate 4,Sym,A4,32C (heat stress),Sym_32,1,"7 dpl

08.04.2025",7,0,day_7
Plate 4_A4_Sym_32C,Plate 4,Sym,A4,32C (heat stress),Sym_32,1,"8 dpl

08.05.2025",8,0,day_8
Plate 4_A4_Sym_32C,Plate 4,Sym,A4,32C (heat stress),Sym_32,1,"9 dpl

08.06.2025",9,0,day_9
Plate 4_A4_Sym_32C,Plate 4,Sym,A4,32C (heat stress),Sym_32,1,"10 dpl

08.07.2025",10,na,day_10
Plate 4_A4_Sym_32C,Plate 4,Sym,A4,32C (heat stress),Sym_32,1,"11 dpl

08.08.2025",11,na,day_11
Plate 4_A4_Sym_32C,Plate 4,Sym,A4,32C (heat stress),Sym_32,1,"13 dpl

08.10.2025",13,na,day_13
Plate 4_A4_Sym_32C,Plate 4,Sym,A4,32C (heat stress),Sym_32,1,"14 dpl

08.11.2025",14,na,day_14
Plate 4_A4_Sym_32C,Plate 4,Sym,A4,32C (heat stress),Sym_32,1,21 dpl,21,na,day_21
Plate 4_A4_Sym_32C,Plate 4,Sym,A4,32C (heat stress),Sym_32,2,"0 dpi

07.28.2025",0,0,day_0
Plate 4_A4_Sym_32C,Plate 4,Sym,A4,32C (heat stress),Sym_32,2,"3 dpl

07.31.2025",3,0,day_3
Plate 4_A4_Sym_32C,Plate 4,Sym,A4,32C (heat stress),Sym_32,2,"4 dpl

08.01.2025",4,0,day_4
Plate 4_A4_Sym_32C,Plate 4,Sym,A4,32C (heat stress),Sym_32,2,"5 dpl

08.02.2025",5,0,day_5
Plate 4_A4_Sym_32C,Plate 4,Sym,A4,32C (heat stress),Sym_32,2,"6 dpl

08.03. 2025",6,0,day_6
Plate 4_A4_Sym_32C,Plate 4,Sym,A4,32C (heat stress),Sym_32,2,"7 dpl

08.04.2025",7,0,day_7
Plate 4_A4_Sym_32C,Plate 4,Sym,A4,32C (heat stress),Sym_32,2,"8 dpl

08.05.2025",8,2,day_8
Plate 4_A4_Sym_32C,Plate 4,Sym,A4,32C (heat stress),Sym_32,2,"9 dpl

08.06.2025",9,2,day_9
Plate 4_A4_Sym_32C,Plate 4,Sym,A4,32C (heat stress),Sym_32,2,"10 dpl

08.07.2025",10,2,day_10
Plate 4_A4_Sym_32C,Plate 4,Sym,A4,32C (heat stress),Sym_32,2,"11 dpl

08.08.2025",11,2,day_11
Plate 4_A4_Sym_32C,Plate 4,Sym,A4,32C (heat stress),Sym_32,2,"13 dpl

08.10.2025",13,2,day_13
Plate 4_A4_Sym_32C,Plate 4,Sym,A4,32C (heat stress),Sym_32,2,"14 dpl

08.11.2025",14,2,day_14
Plate 4_A4_Sym_32C,Plate 4,Sym,A4,32C (heat stress),Sym_32,2,21 dpl,21,2,day_21
Plate 4_A5_Sym_32C,Plate 4,Sym,A5,32C (heat stress),Sym_32,1,"0 dpi

07.28.2025",0,0,day_0
Plate 4_A5_Sym_32C,Plate 4,Sym,A5,32C (heat stress),Sym_32,1,"3 dpl

07.31.2025",3,0,day_3
Plate 4_A5_Sym_32C,Plate 4,Sym,A5,32C (heat stress),Sym_32,1,"4 dpl

08.01.2025",4,0,day_4
Plate 4_A5_Sym_32C,Plate 4,Sym,A5,32C (heat stress),Sym_32,1,"5 dpl

08.02.2025",5,0,day_5
Plate 4_A5_Sym_32C,Plate 4,Sym,A5,32C (heat stress),Sym_32,1,"6 dpl

08.03. 2025",6,0,day_6
Plate 4_A5_Sym_32C,Plate 4,Sym,A5,32C (heat stress),Sym_32,1,"7 dpl

08.04.2025",7,0,day_7
Plate 4_A5_Sym_32C,Plate 4,Sym,A5,32C (heat stress),Sym_32,1,"8 dpl

08.05.2025",8,0,day_8
Plate 4_A5_Sym_32C,Plate 4,Sym,A5,32C (heat stress),Sym_32,1,"9 dpl

08.06.2025",9,0,day_9
Plate 4_A5_Sym_32C,Plate 4,Sym,A5,32C (heat stress),Sym_32,1,"10 dpl

08.07.2025",10,0,day_10
Plate 4_A5_Sym_32C,Plate 4,Sym,A5,32C (heat stress),Sym_32,1,"11 dpl

08.08.2025",11,0,day_11
Plate 4_A5_Sym_32C,Plate 4,Sym,A5,32C (heat stress),Sym_32,1,"13 dpl

08.10.2025",13,0,day_13
Plate 4_A5_Sym_32C,Plate 4,Sym,A5,32C (heat stress),Sym_32,1,"14 dpl

08.11.2025",14,0,day_14
Plate 4_A5_Sym_32C,Plate 4,Sym,A5,32C (heat stress),Sym_32,1,21 dpl,21,0,day_21
Plate 4_A6_Sym_32C,Plate 4,Sym,A6,32C (heat stress),Sym_32,1,"0 dpi

07.28.2025",0,0,day_0
Plate 4_A6_Sym_32C,Plate 4,Sym,A6,32C (heat stress),Sym_32,1,"3 dpl

07.31.2025",3,0,day_3
Plate 4_A6_Sym_32C,Plate 4,Sym,A6,32C (heat stress),Sym_32,1,"4 dpl

08.01.2025",4,0,day_4
Plate 4_A6_Sym_32C,Plate 4,Sym,A6,32C (heat stress),Sym_32,1,"5 dpl

08.02.2025",5,0,day_5
Plate 4_A6_Sym_32C,Plate 4,Sym,A6,32C (heat stress),Sym_32,1,"6 dpl

08.03. 2025",6,0,day_6
Plate 4_A6_Sym_32C,Plate 4,Sym,A6,32C (heat stress),Sym_32,1,"7 dpl

08.04.2025",7,0,day_7
Plate 4_A6_Sym_32C,Plate 4,Sym,A6,32C (heat stress),Sym_32,1,"8 dpl

08.05.2025",8,0,day_8
Plate 4_A6_Sym_32C,Plate 4,Sym,A6,32C (heat stress),Sym_32,1,"9 dpl

08.06.2025",9,0,day_9
Plate 4_A6_Sym_32C,Plate 4,Sym,A6,32C (heat stress),Sym_32,1,"10 dpl

08.07.2025",10,0,day_10
Plate 4_A6_Sym_32C,Plate 4,Sym,A6,32C (heat stress),Sym_32,1,"11 dpl

08.08.2025",11,0,day_11
Plate 4_A6_Sym_32C,Plate 4,Sym,A6,32C (heat stress),Sym_32,1,"13 dpl

08.10.2025",13,0,day_13
Plate 4_A6_Sym_32C,Plate 4,Sym,A6,32C (heat stress),Sym_32,1,"14 dpl

08.11.2025",14,0,day_14
Plate 4_A6_Sym_32C,Plate 4,Sym,A6,32C (heat stress),Sym_32,1,21 dpl,21,0,day_21
Plate 4_B1_Sym_32C,Plate 4,Sym,B1,32C (heat stress),Sym_32,1,"0 dpi

07.28.2025",0,0,day_0
Plate 4_B1_Sym_32C,Plate 4,Sym,B1,32C (heat stress),Sym_32,1,"3 dpl

07.31.2025",3,0,day_3
Plate 4_B1_Sym_32C,Plate 4,Sym,B1,32C (heat stress),Sym_32,1,"4 dpl

08.01.2025",4,0,day_4
Plate 4_B1_Sym_32C,Plate 4,Sym,B1,32C (heat stress),Sym_32,1,"5 dpl

08.02.2025",5,0,day_5
Plate 4_B1_Sym_32C,Plate 4,Sym,B1,32C (heat stress),Sym_32,1,"6 dpl

08.03. 2025",6,0,day_6
Plate 4_B1_Sym_32C,Plate 4,Sym,B1,32C (heat stress),Sym_32,1,"7 dpl

08.04.2025",7,0,day_7
Plate 4_B1_Sym_32C,Plate 4,Sym,B1,32C (heat stress),Sym_32,1,"8 dpl

08.05.2025",8,0,day_8
Plate 4_B1_Sym_32C,Plate 4,Sym,B1,32C (heat stress),Sym_32,1,"9 dpl

08.06.2025",9,na,day_9
Plate 4_B1_Sym_32C,Plate 4,Sym,B1,32C (heat stress),Sym_32,1,"10 dpl

08.07.2025",10,na,day_10
Plate 4_B1_Sym_32C,Plate 4,Sym,B1,32C (heat stress),Sym_32,1,"11 dpl

08.08.2025",11,na,day_11
Plate 4_B1_Sym_32C,Plate 4,Sym,B1,32C (heat stress),Sym_32,1,"13 dpl

08.10.2025",13,na,day_13
Plate 4_B1_Sym_32C,Plate 4,Sym,B1,32C (heat stress),Sym_32,1,"14 dpl

08.11.2025",14,na,day_14
Plate 4_B1_Sym_32C,Plate 4,Sym,B1,32C (heat stress),Sym_32,1,21 dpl,21,na,day_21
Plate 4_B2_Sym_32C,Plate 4,Sym,B2,32C (heat stress),Sym_32,1,"0 dpi

07.28.2025",0,0,day_0
Plate 4_B2_Sym_32C,Plate 4,Sym,B2,32C (heat stress),Sym_32,1,"3 dpl

07.31.2025",3,0,day_3
Plate 4_B2_Sym_32C,Plate 4,Sym,B2,32C (heat stress),Sym_32,1,"4 dpl

08.01.2025",4,0,day_4
Plate 4_B2_Sym_32C,Plate 4,Sym,B2,32C (heat stress),Sym_32,1,"5 dpl

08.02.2025",5,0,day_5
Plate 4_B2_Sym_32C,Plate 4,Sym,B2,32C (heat stress),Sym_32,1,"6 dpl

08.03. 2025",6,0,day_6
Plate 4_B2_Sym_32C,Plate 4,Sym,B2,32C (heat stress),Sym_32,1,"7 dpl

08.04.2025",7,0,day_7
Plate 4_B2_Sym_32C,Plate 4,Sym,B2,32C (heat stress),Sym_32,1,"8 dpl

08.05.2025",8,?,day_8
Plate 4_B2_Sym_32C,Plate 4,Sym,B2,32C (heat stress),Sym_32,1,"9 dpl

08.06.2025",9,na,day_9
Plate 4_B2_Sym_32C,Plate 4,Sym,B2,32C (heat stress),Sym_32,1,"10 dpl

08.07.2025",10,na,day_10
Plate 4_B2_Sym_32C,Plate 4,Sym,B2,32C (heat stress),Sym_32,1,"11 dpl

08.08.2025",11,na,day_11
Plate 4_B2_Sym_32C,Plate 4,Sym,B2,32C (heat stress),Sym_32,1,"13 dpl

08.10.2025",13,na,day_13
Plate 4_B2_Sym_32C,Plate 4,Sym,B2,32C (heat stress),Sym_32,1,"14 dpl

08.11.2025",14,na,day_14
Plate 4_B2_Sym_32C,Plate 4,Sym,B2,32C (heat stress),Sym_32,1,21 dpl,21,na,day_21
Plate 4_B2_Sym_32C,Plate 4,Sym,B2,32C (heat stress),Sym_32,2,"0 dpi

07.28.2025",0,0,day_0
Plate 4_B2_Sym_32C,Plate 4,Sym,B2,32C (heat stress),Sym_32,2,"3 dpl

07.31.2025",3,na,day_3
Plate 4_B2_Sym_32C,Plate 4,Sym,B2,32C (heat stress),Sym_32,2,"4 dpl

08.01.2025",4,na,day_4
Plate 4_B2_Sym_32C,Plate 4,Sym,B2,32C (heat stress),Sym_32,2,"5 dpl

08.02.2025",5,na,day_5
Plate 4_B2_Sym_32C,Plate 4,Sym,B2,32C (heat stress),Sym_32,2,"6 dpl

08.03. 2025",6,na,day_6
Plate 4_B2_Sym_32C,Plate 4,Sym,B2,32C (heat stress),Sym_32,2,"7 dpl

08.04.2025",7,na,day_7
Plate 4_B2_Sym_32C,Plate 4,Sym,B2,32C (heat stress),Sym_32,2,"8 dpl

08.05.2025",8,na,day_8
Plate 4_B2_Sym_32C,Plate 4,Sym,B2,32C (heat stress),Sym_32,2,"9 dpl

08.06.2025",9,na,day_9
Plate 4_B2_Sym_32C,Plate 4,Sym,B2,32C (heat stress),Sym_32,2,"10 dpl

08.07.2025",10,na,day_10
Plate 4_B2_Sym_32C,Plate 4,Sym,B2,32C (heat stress),Sym_32,2,"11 dpl

08.08.2025",11,na,day_11
Plate 4_B2_Sym_32C,Plate 4,Sym,B2,32C (heat stress),Sym_32,2,"13 dpl

08.10.2025",13,na,day_13
Plate 4_B2_Sym_32C,Plate 4,Sym,B2,32C (heat stress),Sym_32,2,"14 dpl

08.11.2025",14,na,day_14
Plate 4_B2_Sym_32C,Plate 4,Sym,B2,32C (heat stress),Sym_32,2,21 dpl,21,na,day_21
Plate 4_B3_Sym_32C,Plate 4,Sym,B3,32C (heat stress),Sym_32,1,"0 dpi

07.28.2025",0,0,day_0
Plate 4_B3_Sym_32C,Plate 4,Sym,B3,32C (heat stress),Sym_32,1,"3 dpl

07.31.2025",3,na,day_3
Plate 4_B3_Sym_32C,Plate 4,Sym,B3,32C (heat stress),Sym_32,1,"4 dpl

08.01.2025",4,na,day_4
Plate 4_B3_Sym_32C,Plate 4,Sym,B3,32C (heat stress),Sym_32,1,"5 dpl

08.02.2025",5,na,day_5
Plate 4_B3_Sym_32C,Plate 4,Sym,B3,32C (heat stress),Sym_32,1,"6 dpl

08.03. 2025",6,na,day_6
Plate 4_B3_Sym_32C,Plate 4,Sym,B3,32C (heat stress),Sym_32,1,"7 dpl

08.04.2025",7,na,day_7
Plate 4_B3_Sym_32C,Plate 4,Sym,B3,32C (heat stress),Sym_32,1,"8 dpl

08.05.2025",8,na,day_8
Plate 4_B3_Sym_32C,Plate 4,Sym,B3,32C (heat stress),Sym_32,1,"9 dpl

08.06.2025",9,na,day_9
Plate 4_B3_Sym_32C,Plate 4,Sym,B3,32C (heat stress),Sym_32,1,"10 dpl

08.07.2025",10,na,day_10
Plate 4_B3_Sym_32C,Plate 4,Sym,B3,32C (heat stress),Sym_32,1,"11 dpl

08.08.2025",11,na,day_11
Plate 4_B3_Sym_32C,Plate 4,Sym,B3,32C (heat stress),Sym_32,1,"13 dpl

08.10.2025",13,na,day_13
Plate 4_B3_Sym_32C,Plate 4,Sym,B3,32C (heat stress),Sym_32,1,"14 dpl

08.11.2025",14,na,day_14
Plate 4_B3_Sym_32C,Plate 4,Sym,B3,32C (heat stress),Sym_32,1,21 dpl,21,na,day_21
Plate 4_B4_Sym_32C,Plate 4,Sym,B4,32C (heat stress),Sym_32,1,"0 dpi

07.28.2025",0,0,day_0
Plate 4_B4_Sym_32C,Plate 4,Sym,B4,32C (heat stress),Sym_32,1,"3 dpl

07.31.2025",3,0,day_3
Plate 4_B4_Sym_32C,Plate 4,Sym,B4,32C (heat stress),Sym_32,1,"4 dpl

08.01.2025",4,0,day_4
Plate 4_B4_Sym_32C,Plate 4,Sym,B4,32C (heat stress),Sym_32,1,"5 dpl

08.02.2025",5,0,day_5
Plate 4_B4_Sym_32C,Plate 4,Sym,B4,32C (heat stress),Sym_32,1,"6 dpl

08.03. 2025",6,8,day_6
Plate 4_B4_Sym_32C,Plate 4,Sym,B4,32C (heat stress),Sym_32,1,"7 dpl

08.04.2025",7,8,day_7
Plate 4_B4_Sym_32C,Plate 4,Sym,B4,32C (heat stress),Sym_32,1,"8 dpl

08.05.2025",8,11,day_8
Plate 4_B4_Sym_32C,Plate 4,Sym,B4,32C (heat stress),Sym_32,1,"9 dpl

08.06.2025",9,11,day_9
Plate 4_B4_Sym_32C,Plate 4,Sym,B4,32C (heat stress),Sym_32,1,"10 dpl

08.07.2025",10,11,day_10
Plate 4_B4_Sym_32C,Plate 4,Sym,B4,32C (heat stress),Sym_32,1,"11 dpl

08.08.2025",11,11,day_11
Plate 4_B4_Sym_32C,Plate 4,Sym,B4,32C (heat stress),Sym_32,1,"13 dpl

08.10.2025",13,na,day_13
Plate 4_B4_Sym_32C,Plate 4,Sym,B4,32C (heat stress),Sym_32,1,"14 dpl

08.11.2025",14,na,day_14
Plate 4_B4_Sym_32C,Plate 4,Sym,B4,32C (heat stress),Sym_32,1,21 dpl,21,na,day_21
Plate 4_B4_Sym_32C,Plate 4,Sym,B4,32C (heat stress),Sym_32,2,"0 dpi

07.28.2025",0,0,day_0
Plate 4_B4_Sym_32C,Plate 4,Sym,B4,32C (heat stress),Sym_32,2,"3 dpl

07.31.2025",3,na,day_3
Plate 4_B4_Sym_32C,Plate 4,Sym,B4,32C (heat stress),Sym_32,2,"4 dpl

08.01.2025",4,na,day_4
Plate 4_B4_Sym_32C,Plate 4,Sym,B4,32C (heat stress),Sym_32,2,"5 dpl

08.02.2025",5,na,day_5
Plate 4_B4_Sym_32C,Plate 4,Sym,B4,32C (heat stress),Sym_32,2,"6 dpl

08.03. 2025",6,na,day_6
Plate 4_B4_Sym_32C,Plate 4,Sym,B4,32C (heat stress),Sym_32,2,"7 dpl

08.04.2025",7,na,day_7
Plate 4_B4_Sym_32C,Plate 4,Sym,B4,32C (heat stress),Sym_32,2,"8 dpl

08.05.2025",8,na,day_8
Plate 4_B4_Sym_32C,Plate 4,Sym,B4,32C (heat stress),Sym_32,2,"9 dpl

08.06.2025",9,na,day_9
Plate 4_B4_Sym_32C,Plate 4,Sym,B4,32C (heat stress),Sym_32,2,"10 dpl

08.07.2025",10,na,day_10
Plate 4_B4_Sym_32C,Plate 4,Sym,B4,32C (heat stress),Sym_32,2,"11 dpl

08.08.2025",11,na,day_11
Plate 4_B4_Sym_32C,Plate 4,Sym,B4,32C (heat stress),Sym_32,2,"13 dpl

08.10.2025",13,na,day_13
Plate 4_B4_Sym_32C,Plate 4,Sym,B4,32C (heat stress),Sym_32,2,"14 dpl

08.11.2025",14,na,day_14
Plate 4_B4_Sym_32C,Plate 4,Sym,B4,32C (heat stress),Sym_32,2,21 dpl,21,na,day_21
Plate 4_B5_Sym_32C,Plate 4,Sym,B5,32C (heat stress),Sym_32,1,"0 dpi

07.28.2025",0,0,day_0
Plate 4_B5_Sym_32C,Plate 4,Sym,B5,32C (heat stress),Sym_32,1,"3 dpl

07.31.2025",3,0,day_3
Plate 4_B5_Sym_32C,Plate 4,Sym,B5,32C (heat stress),Sym_32,1,"4 dpl

08.01.2025",4,na,day_4
Plate 4_B5_Sym_32C,Plate 4,Sym,B5,32C (heat stress),Sym_32,1,"5 dpl

08.02.2025",5,na,day_5
Plate 4_B5_Sym_32C,Plate 4,Sym,B5,32C (heat stress),Sym_32,1,"6 dpl

08.03. 2025",6,na,day_6
Plate 4_B5_Sym_32C,Plate 4,Sym,B5,32C (heat stress),Sym_32,1,"7 dpl

08.04.2025",7,na,day_7
Plate 4_B5_Sym_32C,Plate 4,Sym,B5,32C (heat stress),Sym_32,1,"8 dpl

08.05.2025",8,na,day_8
Plate 4_B5_Sym_32C,Plate 4,Sym,B5,32C (heat stress),Sym_32,1,"9 dpl

08.06.2025",9,na,day_9
Plate 4_B5_Sym_32C,Plate 4,Sym,B5,32C (heat stress),Sym_32,1,"10 dpl

08.07.2025",10,na,day_10
Plate 4_B5_Sym_32C,Plate 4,Sym,B5,32C (heat stress),Sym_32,1,"11 dpl

08.08.2025",11,na,day_11
Plate 4_B5_Sym_32C,Plate 4,Sym,B5,32C (heat stress),Sym_32,1,"13 dpl

08.10.2025",13,na,day_13
Plate 4_B5_Sym_32C,Plate 4,Sym,B5,32C (heat stress),Sym_32,1,"14 dpl

08.11.2025",14,na,day_14
Plate 4_B5_Sym_32C,Plate 4,Sym,B5,32C (heat stress),Sym_32,1,21 dpl,21,na,day_21
Plate 4_B6_Sym_32C,Plate 4,Sym,B6,32C (heat stress),Sym_32,1,"0 dpi

07.28.2025",0,0,day_0
Plate 4_B6_Sym_32C,Plate 4,Sym,B6,32C (heat stress),Sym_32,1,"3 dpl

07.31.2025",3,0,day_3
Plate 4_B6_Sym_32C,Plate 4,Sym,B6,32C (heat stress),Sym_32,1,"4 dpl

08.01.2025",4,0,day_4
Plate 4_B6_Sym_32C,Plate 4,Sym,B6,32C (heat stress),Sym_32,1,"5 dpl

08.02.2025",5,0,day_5
Plate 4_B6_Sym_32C,Plate 4,Sym,B6,32C (heat stress),Sym_32,1,"6 dpl

08.03. 2025",6,0,day_6
Plate 4_B6_Sym_32C,Plate 4,Sym,B6,32C (heat stress),Sym_32,1,"7 dpl

08.04.2025",7,0,day_7
Plate 4_B6_Sym_32C,Plate 4,Sym,B6,32C (heat stress),Sym_32,1,"8 dpl

08.05.2025",8,0,day_8
Plate 4_B6_Sym_32C,Plate 4,Sym,B6,32C (heat stress),Sym_32,1,"9 dpl

08.06.2025",9,0,day_9
Plate 4_B6_Sym_32C,Plate 4,Sym,B6,32C (heat stress),Sym_32,1,"10 dpl

08.07.2025",10,0,day_10
Plate 4_B6_Sym_32C,Plate 4,Sym,B6,32C (heat stress),Sym_32,1,"11 dpl

08.08.2025",11,0,day_11
Plate 4_B6_Sym_32C,Plate 4,Sym,B6,32C (heat stress),Sym_32,1,"13 dpl

08.10.2025",13,0,day_13
Plate 4_B6_Sym_32C,Plate 4,Sym,B6,32C (heat stress),Sym_32,1,"14 dpl

08.11.2025",14,0,day_14
Plate 4_B6_Sym_32C,Plate 4,Sym,B6,32C (heat stress),Sym_32,1,21 dpl,21,0,day_21
Plate 4_B6_Sym_32C,Plate 4,Sym,B6,32C (heat stress),Sym_32,2,"0 dpi

07.28.2025",0,0,day_0
Plate 4_B6_Sym_32C,Plate 4,Sym,B6,32C (heat stress),Sym_32,2,"3 dpl

07.31.2025",3,na,day_3
Plate 4_B6_Sym_32C,Plate 4,Sym,B6,32C (heat stress),Sym_32,2,"4 dpl

08.01.2025",4,na,day_4
Plate 4_B6_Sym_32C,Plate 4,Sym,B6,32C (heat stress),Sym_32,2,"5 dpl

08.02.2025",5,na,day_5
Plate 4_B6_Sym_32C,Plate 4,Sym,B6,32C (heat stress),Sym_32,2,"6 dpl

08.03. 2025",6,na,day_6
Plate 4_B6_Sym_32C,Plate 4,Sym,B6,32C (heat stress),Sym_32,2,"7 dpl

08.04.2025",7,na,day_7
Plate 4_B6_Sym_32C,Plate 4,Sym,B6,32C (heat stress),Sym_32,2,"8 dpl

08.05.2025",8,na,day_8
Plate 4_B6_Sym_32C,Plate 4,Sym,B6,32C (heat stress),Sym_32,2,"9 dpl

08.06.2025",9,na,day_9
Plate 4_B6_Sym_32C,Plate 4,Sym,B6,32C (heat stress),Sym_32,2,"10 dpl

08.07.2025",10,na,day_10
Plate 4_B6_Sym_32C,Plate 4,Sym,B6,32C (heat stress),Sym_32,2,"11 dpl

08.08.2025",11,na,day_11
Plate 4_B6_Sym_32C,Plate 4,Sym,B6,32C (heat stress),Sym_32,2,"13 dpl

08.10.2025",13,na,day_13
Plate 4_B6_Sym_32C,Plate 4,Sym,B6,32C (heat stress),Sym_32,2,"14 dpl

08.11.2025",14,na,day_14
Plate 4_B6_Sym_32C,Plate 4,Sym,B6,32C (heat stress),Sym_32,2,21 dpl,21,na,day_21
Plate 4_C1_Sym_32C,Plate 4,Sym,C1,32C (heat stress),Sym_32,1,"0 dpi

07.28.2025",0,0,day_0
Plate 4_C1_Sym_32C,Plate 4,Sym,C1,32C (heat stress),Sym_32,1,"3 dpl

07.31.2025",3,na,day_3
Plate 4_C1_Sym_32C,Plate 4,Sym,C1,32C (heat stress),Sym_32,1,"4 dpl

08.01.2025",4,na,day_4
Plate 4_C1_Sym_32C,Plate 4,Sym,C1,32C (heat stress),Sym_32,1,"5 dpl

08.02.2025",5,na,day_5
Plate 4_C1_Sym_32C,Plate 4,Sym,C1,32C (heat stress),Sym_32,1,"6 dpl

08.03. 2025",6,na,day_6
Plate 4_C1_Sym_32C,Plate 4,Sym,C1,32C (heat stress),Sym_32,1,"7 dpl

08.04.2025",7,na,day_7
Plate 4_C1_Sym_32C,Plate 4,Sym,C1,32C (heat stress),Sym_32,1,"8 dpl

08.05.2025",8,na,day_8
Plate 4_C1_Sym_32C,Plate 4,Sym,C1,32C (heat stress),Sym_32,1,"9 dpl

08.06.2025",9,na,day_9
Plate 4_C1_Sym_32C,Plate 4,Sym,C1,32C (heat stress),Sym_32,1,"10 dpl

08.07.2025",10,na,day_10
Plate 4_C1_Sym_32C,Plate 4,Sym,C1,32C (heat stress),Sym_32,1,"11 dpl

08.08.2025",11,na,day_11
Plate 4_C1_Sym_32C,Plate 4,Sym,C1,32C (heat stress),Sym_32,1,"13 dpl

08.10.2025",13,na,day_13
Plate 4_C1_Sym_32C,Plate 4,Sym,C1,32C (heat stress),Sym_32,1,"14 dpl

08.11.2025",14,na,day_14
Plate 4_C1_Sym_32C,Plate 4,Sym,C1,32C (heat stress),Sym_32,1,21 dpl,21,na,day_21
Plate 4_C1_Sym_32C,Plate 4,Sym,C1,32C (heat stress),Sym_32,2,"0 dpi

07.28.2025",0,0,day_0
Plate 4_C1_Sym_32C,Plate 4,Sym,C1,32C (heat stress),Sym_32,2,"3 dpl

07.31.2025",3,na,day_3
Plate 4_C1_Sym_32C,Plate 4,Sym,C1,32C (heat stress),Sym_32,2,"4 dpl

08.01.2025",4,na,day_4
Plate 4_C1_Sym_32C,Plate 4,Sym,C1,32C (heat stress),Sym_32,2,"5 dpl

08.02.2025",5,na,day_5
Plate 4_C1_Sym_32C,Plate 4,Sym,C1,32C (heat stress),Sym_32,2,"6 dpl

08.03. 2025",6,na,day_6
Plate 4_C1_Sym_32C,Plate 4,Sym,C1,32C (heat stress),Sym_32,2,"7 dpl

08.04.2025",7,na,day_7
Plate 4_C1_Sym_32C,Plate 4,Sym,C1,32C (heat stress),Sym_32,2,"8 dpl

08.05.2025",8,na,day_8
Plate 4_C1_Sym_32C,Plate 4,Sym,C1,32C (heat stress),Sym_32,2,"9 dpl

08.06.2025",9,na,day_9
Plate 4_C1_Sym_32C,Plate 4,Sym,C1,32C (heat stress),Sym_32,2,"10 dpl

08.07.2025",10,na,day_10
Plate 4_C1_Sym_32C,Plate 4,Sym,C1,32C (heat stress),Sym_32,2,"11 dpl

08.08.2025",11,na,day_11
Plate 4_C1_Sym_32C,Plate 4,Sym,C1,32C (heat stress),Sym_32,2,"13 dpl

08.10.2025",13,na,day_13
Plate 4_C1_Sym_32C,Plate 4,Sym,C1,32C (heat stress),Sym_32,2,"14 dpl

08.11.2025",14,na,day_14
Plate 4_C1_Sym_32C,Plate 4,Sym,C1,32C (heat stress),Sym_32,2,21 dpl,21,na,day_21
Plate 4_C2_Sym_32C,Plate 4,Sym,C2,32C (heat stress),Sym_32,1,"0 dpi

07.28.2025",0,0,day_0
Plate 4_C2_Sym_32C,Plate 4,Sym,C2,32C (heat stress),Sym_32,1,"3 dpl

07.31.2025",3,na,day_3
Plate 4_C2_Sym_32C,Plate 4,Sym,C2,32C (heat stress),Sym_32,1,"4 dpl

08.01.2025",4,na,day_4
Plate 4_C2_Sym_32C,Plate 4,Sym,C2,32C (heat stress),Sym_32,1,"5 dpl

08.02.2025",5,na,day_5
Plate 4_C2_Sym_32C,Plate 4,Sym,C2,32C (heat stress),Sym_32,1,"6 dpl

08.03. 2025",6,na,day_6
Plate 4_C2_Sym_32C,Plate 4,Sym,C2,32C (heat stress),Sym_32,1,"7 dpl

08.04.2025",7,na,day_7
Plate 4_C2_Sym_32C,Plate 4,Sym,C2,32C (heat stress),Sym_32,1,"8 dpl

08.05.2025",8,na,day_8
Plate 4_C2_Sym_32C,Plate 4,Sym,C2,32C (heat stress),Sym_32,1,"9 dpl

08.06.2025",9,na,day_9
Plate 4_C2_Sym_32C,Plate 4,Sym,C2,32C (heat stress),Sym_32,1,"10 dpl

08.07.2025",10,na,day_10
Plate 4_C2_Sym_32C,Plate 4,Sym,C2,32C (heat stress),Sym_32,1,"11 dpl

08.08.2025",11,na,day_11
Plate 4_C2_Sym_32C,Plate 4,Sym,C2,32C (heat stress),Sym_32,1,"13 dpl

08.10.2025",13,na,day_13
Plate 4_C2_Sym_32C,Plate 4,Sym,C2,32C (heat stress),Sym_32,1,"14 dpl

08.11.2025",14,na,day_14
Plate 4_C2_Sym_32C,Plate 4,Sym,C2,32C (heat stress),Sym_32,1,21 dpl,21,na,day_21
Plate 4_C2_Sym_32C,Plate 4,Sym,C2,32C (heat stress),Sym_32,2,"0 dpi

07.28.2025",0,0,day_0
Plate 4_C2_Sym_32C,Plate 4,Sym,C2,32C (heat stress),Sym_32,2,"3 dpl

07.31.2025",3,na,day_3
Plate 4_C2_Sym_32C,Plate 4,Sym,C2,32C (heat stress),Sym_32,2,"4 dpl

08.01.2025",4,na,day_4
Plate 4_C2_Sym_32C,Plate 4,Sym,C2,32C (heat stress),Sym_32,2,"5 dpl

08.02.2025",5,na,day_5
Plate 4_C2_Sym_32C,Plate 4,Sym,C2,32C (heat stress),Sym_32,2,"6 dpl

08.03. 2025",6,na,day_6
Plate 4_C2_Sym_32C,Plate 4,Sym,C2,32C (heat stress),Sym_32,2,"7 dpl

08.04.2025",7,na,day_7
Plate 4_C2_Sym_32C,Plate 4,Sym,C2,32C (heat stress),Sym_32,2,"8 dpl

08.05.2025",8,na,day_8
Plate 4_C2_Sym_32C,Plate 4,Sym,C2,32C (heat stress),Sym_32,2,"9 dpl

08.06.2025",9,na,day_9
Plate 4_C2_Sym_32C,Plate 4,Sym,C2,32C (heat stress),Sym_32,2,"10 dpl

08.07.2025",10,na,day_10
Plate 4_C2_Sym_32C,Plate 4,Sym,C2,32C (heat stress),Sym_32,2,"11 dpl

08.08.2025",11,na,day_11
Plate 4_C2_Sym_32C,Plate 4,Sym,C2,32C (heat stress),Sym_32,2,"13 dpl

08.10.2025",13,na,day_13
Plate 4_C2_Sym_32C,Plate 4,Sym,C2,32C (heat stress),Sym_32,2,"14 dpl

08.11.2025",14,na,day_14
Plate 4_C2_Sym_32C,Plate 4,Sym,C2,32C (heat stress),Sym_32,2,21 dpl,21,na,day_21
Plate 4_C3_Sym_32C,Plate 4,Sym,C3,32C (heat stress),Sym_32,1,"0 dpi

07.28.2025",0,0,day_0
Plate 4_C3_Sym_32C,Plate 4,Sym,C3,32C (heat stress),Sym_32,1,"3 dpl

07.31.2025",3,0,day_3
Plate 4_C3_Sym_32C,Plate 4,Sym,C3,32C (heat stress),Sym_32,1,"4 dpl

08.01.2025",4,na,day_4
Plate 4_C3_Sym_32C,Plate 4,Sym,C3,32C (heat stress),Sym_32,1,"5 dpl

08.02.2025",5,na,day_5
Plate 4_C3_Sym_32C,Plate 4,Sym,C3,32C (heat stress),Sym_32,1,"6 dpl

08.03. 2025",6,na,day_6
Plate 4_C3_Sym_32C,Plate 4,Sym,C3,32C (heat stress),Sym_32,1,"7 dpl

08.04.2025",7,na,day_7
Plate 4_C3_Sym_32C,Plate 4,Sym,C3,32C (heat stress),Sym_32,1,"8 dpl

08.05.2025",8,na,day_8
Plate 4_C3_Sym_32C,Plate 4,Sym,C3,32C (heat stress),Sym_32,1,"9 dpl

08.06.2025",9,na,day_9
Plate 4_C3_Sym_32C,Plate 4,Sym,C3,32C (heat stress),Sym_32,1,"10 dpl

08.07.2025",10,na,day_10
Plate 4_C3_Sym_32C,Plate 4,Sym,C3,32C (heat stress),Sym_32,1,"11 dpl

08.08.2025",11,na,day_11
Plate 4_C3_Sym_32C,Plate 4,Sym,C3,32C (heat stress),Sym_32,1,"13 dpl

08.10.2025",13,na,day_13
Plate 4_C3_Sym_32C,Plate 4,Sym,C3,32C (heat stress),Sym_32,1,"14 dpl

08.11.2025",14,na,day_14
Plate 4_C3_Sym_32C,Plate 4,Sym,C3,32C (heat stress),Sym_32,1,21 dpl,21,na,day_21
Plate 4_C4_Sym_32C,Plate 4,Sym,C4,32C (heat stress),Sym_32,1,"0 dpi

07.28.2025",0,0,day_0
Plate 4_C4_Sym_32C,Plate 4,Sym,C4,32C (heat stress),Sym_32,1,"3 dpl

07.31.2025",3,0,day_3
Plate 4_C4_Sym_32C,Plate 4,Sym,C4,32C (heat stress),Sym_32,1,"4 dpl

08.01.2025",4,0,day_4
Plate 4_C4_Sym_32C,Plate 4,Sym,C4,32C (heat stress),Sym_32,1,"5 dpl

08.02.2025",5,0,day_5
Plate 4_C4_Sym_32C,Plate 4,Sym,C4,32C (heat stress),Sym_32,1,"6 dpl

08.03. 2025",6,0,day_6
Plate 4_C4_Sym_32C,Plate 4,Sym,C4,32C (heat stress),Sym_32,1,"7 dpl

08.04.2025",7,0,day_7
Plate 4_C4_Sym_32C,Plate 4,Sym,C4,32C (heat stress),Sym_32,1,"8 dpl

08.05.2025",8,0,day_8
Plate 4_C4_Sym_32C,Plate 4,Sym,C4,32C (heat stress),Sym_32,1,"9 dpl

08.06.2025",9,na,day_9
Plate 4_C4_Sym_32C,Plate 4,Sym,C4,32C (heat stress),Sym_32,1,"10 dpl

08.07.2025",10,na,day_10
Plate 4_C4_Sym_32C,Plate 4,Sym,C4,32C (heat stress),Sym_32,1,"11 dpl

08.08.2025",11,na,day_11
Plate 4_C4_Sym_32C,Plate 4,Sym,C4,32C (heat stress),Sym_32,1,"13 dpl

08.10.2025",13,na,day_13
Plate 4_C4_Sym_32C,Plate 4,Sym,C4,32C (heat stress),Sym_32,1,"14 dpl

08.11.2025",14,na,day_14
Plate 4_C4_Sym_32C,Plate 4,Sym,C4,32C (heat stress),Sym_32,1,21 dpl,21,na,day_21
Plate 4_C5_Sym_32C,Plate 4,Sym,C5,32C (heat stress),Sym_32,1,"0 dpi

07.28.2025",0,0,day_0
Plate 4_C5_Sym_32C,Plate 4,Sym,C5,32C (heat stress),Sym_32,1,"3 dpl

07.31.2025",3,0,day_3
Plate 4_C5_Sym_32C,Plate 4,Sym,C5,32C (heat stress),Sym_32,1,"4 dpl

08.01.2025",4,0,day_4
Plate 4_C5_Sym_32C,Plate 4,Sym,C5,32C (heat stress),Sym_32,1,"5 dpl

08.02.2025",5,0,day_5
Plate 4_C5_Sym_32C,Plate 4,Sym,C5,32C (heat stress),Sym_32,1,"6 dpl

08.03. 2025",6,0,day_6
Plate 4_C5_Sym_32C,Plate 4,Sym,C5,32C (heat stress),Sym_32,1,"7 dpl

08.04.2025",7,0,day_7
Plate 4_C5_Sym_32C,Plate 4,Sym,C5,32C (heat stress),Sym_32,1,"8 dpl

08.05.2025",8,0,day_8
Plate 4_C5_Sym_32C,Plate 4,Sym,C5,32C (heat stress),Sym_32,1,"9 dpl

08.06.2025",9,0,day_9
Plate 4_C5_Sym_32C,Plate 4,Sym,C5,32C (heat stress),Sym_32,1,"10 dpl

08.07.2025",10,0,day_10
Plate 4_C5_Sym_32C,Plate 4,Sym,C5,32C (heat stress),Sym_32,1,"11 dpl

08.08.2025",11,0,day_11
Plate 4_C5_Sym_32C,Plate 4,Sym,C5,32C (heat stress),Sym_32,1,"13 dpl

08.10.2025",13,0,day_13
Plate 4_C5_Sym_32C,Plate 4,Sym,C5,32C (heat stress),Sym_32,1,"14 dpl

08.11.2025",14,0,day_14
Plate 4_C5_Sym_32C,Plate 4,Sym,C5,32C (heat stress),Sym_32,1,21 dpl,21,0,day_21
Plate 4_C6_Sym_32C,Plate 4,Sym,C6,32C (heat stress),Sym_32,1,"0 dpi

07.28.2025",0,0,day_0
Plate 4_C6_Sym_32C,Plate 4,Sym,C6,32C (heat stress),Sym_32,1,"3 dpl

07.31.2025",3,0,day_3
Plate 4_C6_Sym_32C,Plate 4,Sym,C6,32C (heat stress),Sym_32,1,"4 dpl

08.01.2025",4,0,day_4
Plate 4_C6_Sym_32C,Plate 4,Sym,C6,32C (heat stress),Sym_32,1,"5 dpl

08.02.2025",5,0,day_5
Plate 4_C6_Sym_32C,Plate 4,Sym,C6,32C (heat stress),Sym_32,1,"6 dpl

08.03. 2025",6,0,day_6
Plate 4_C6_Sym_32C,Plate 4,Sym,C6,32C (heat stress),Sym_32,1,"7 dpl

08.04.2025",7,0,day_7
Plate 4_C6_Sym_32C,Plate 4,Sym,C6,32C (heat stress),Sym_32,1,"8 dpl

08.05.2025",8,0,day_8
Plate 4_C6_Sym_32C,Plate 4,Sym,C6,32C (heat stress),Sym_32,1,"9 dpl

08.06.2025",9,0,day_9
Plate 4_C6_Sym_32C,Plate 4,Sym,C6,32C (heat stress),Sym_32,1,"10 dpl

08.07.2025",10,0,day_10
Plate 4_C6_Sym_32C,Plate 4,Sym,C6,32C (heat stress),Sym_32,1,"11 dpl

08.08.2025",11,0,day_11
Plate 4_C6_Sym_32C,Plate 4,Sym,C6,32C (heat stress),Sym_32,1,"13 dpl

08.10.2025",13,0,day_13
Plate 4_C6_Sym_32C,Plate 4,Sym,C6,32C (heat stress),Sym_32,1,"14 dpl

08.11.2025",14,0,day_14
Plate 4_C6_Sym_32C,Plate 4,Sym,C6,32C (heat stress),Sym_32,1,21 dpl,21,0,day_21
Plate 4_C6_Sym_32C,Plate 4,Sym,C6,32C (heat stress),Sym_32,2,"0 dpi

07.28.2025",0,0,day_0
Plate 4_C6_Sym_32C,Plate 4,Sym,C6,32C (heat stress),Sym_32,2,"3 dpl

07.31.2025",3,na,day_3
Plate 4_C6_Sym_32C,Plate 4,Sym,C6,32C (heat stress),Sym_32,2,"4 dpl

08.01.2025",4,na,day_4
Plate 4_C6_Sym_32C,Plate 4,Sym,C6,32C (heat stress),Sym_32,2,"5 dpl

08.02.2025",5,na,day_5
Plate 4_C6_Sym_32C,Plate 4,Sym,C6,32C (heat stress),Sym_32,2,"6 dpl

08.03. 2025",6,na,day_6
Plate 4_C6_Sym_32C,Plate 4,Sym,C6,32C (heat stress),Sym_32,2,"7 dpl

08.04.2025",7,na,day_7
Plate 4_C6_Sym_32C,Plate 4,Sym,C6,32C (heat stress),Sym_32,2,"8 dpl

08.05.2025",8,na,day_8
Plate 4_C6_Sym_32C,Plate 4,Sym,C6,32C (heat stress),Sym_32,2,"9 dpl

08.06.2025",9,na,day_9
Plate 4_C6_Sym_32C,Plate 4,Sym,C6,32C (heat stress),Sym_32,2,"10 dpl

08.07.2025",10,na,day_10
Plate 4_C6_Sym_32C,Plate 4,Sym,C6,32C (heat stress),Sym_32,2,"11 dpl

08.08.2025",11,na,day_11
Plate 4_C6_Sym_32C,Plate 4,Sym,C6,32C (heat stress),Sym_32,2,"13 dpl

08.10.2025",13,na,day_13
Plate 4_C6_Sym_32C,Plate 4,Sym,C6,32C (heat stress),Sym_32,2,"14 dpl

08.11.2025",14,na,day_14
Plate 4_C6_Sym_32C,Plate 4,Sym,C6,32C (heat stress),Sym_32,2,21 dpl,21,na,day_21
Plate 4_D1_Sym_32C,Plate 4,Sym,D1,32C (heat stress),Sym_32,1,"0 dpi

07.28.2025",0,0,day_0
Plate 4_D1_Sym_32C,Plate 4,Sym,D1,32C (heat stress),Sym_32,1,"3 dpl

07.31.2025",3,0,day_3
Plate 4_D1_Sym_32C,Plate 4,Sym,D1,32C (heat stress),Sym_32,1,"4 dpl

08.01.2025",4,0,day_4
Plate 4_D1_Sym_32C,Plate 4,Sym,D1,32C (heat stress),Sym_32,1,"5 dpl

08.02.2025",5,0,day_5
Plate 4_D1_Sym_32C,Plate 4,Sym,D1,32C (heat stress),Sym_32,1,"6 dpl

08.03. 2025",6,na,day_6
Plate 4_D1_Sym_32C,Plate 4,Sym,D1,32C (heat stress),Sym_32,1,"7 dpl

08.04.2025",7,na,day_7
Plate 4_D1_Sym_32C,Plate 4,Sym,D1,32C (heat stress),Sym_32,1,"8 dpl

08.05.2025",8,na,day_8
Plate 4_D1_Sym_32C,Plate 4,Sym,D1,32C (heat stress),Sym_32,1,"9 dpl

08.06.2025",9,na,day_9
Plate 4_D1_Sym_32C,Plate 4,Sym,D1,32C (heat stress),Sym_32,1,"10 dpl

08.07.2025",10,na,day_10
Plate 4_D1_Sym_32C,Plate 4,Sym,D1,32C (heat stress),Sym_32,1,"11 dpl

08.08.2025",11,na,day_11
Plate 4_D1_Sym_32C,Plate 4,Sym,D1,32C (heat stress),Sym_32,1,"13 dpl

08.10.2025",13,na,day_13
Plate 4_D1_Sym_32C,Plate 4,Sym,D1,32C (heat stress),Sym_32,1,"14 dpl

08.11.2025",14,na,day_14
Plate 4_D1_Sym_32C,Plate 4,Sym,D1,32C (heat stress),Sym_32,1,21 dpl,21,na,day_21
Plate 4_D1_Sym_32C,Plate 4,Sym,D1,32C (heat stress),Sym_32,2,"0 dpi

07.28.2025",0,0,day_0
Plate 4_D1_Sym_32C,Plate 4,Sym,D1,32C (heat stress),Sym_32,2,"3 dpl

07.31.2025",3,0,day_3
Plate 4_D1_Sym_32C,Plate 4,Sym,D1,32C (heat stress),Sym_32,2,"4 dpl

08.01.2025",4,0,day_4
Plate 4_D1_Sym_32C,Plate 4,Sym,D1,32C (heat stress),Sym_32,2,"5 dpl

08.02.2025",5,na,day_5
Plate 4_D1_Sym_32C,Plate 4,Sym,D1,32C (heat stress),Sym_32,2,"6 dpl

08.03. 2025",6,na,day_6
Plate 4_D1_Sym_32C,Plate 4,Sym,D1,32C (heat stress),Sym_32,2,"7 dpl

08.04.2025",7,na,day_7
Plate 4_D1_Sym_32C,Plate 4,Sym,D1,32C (heat stress),Sym_32,2,"8 dpl

08.05.2025",8,na,day_8
Plate 4_D1_Sym_32C,Plate 4,Sym,D1,32C (heat stress),Sym_32,2,"9 dpl

08.06.2025",9,na,day_9
Plate 4_D1_Sym_32C,Plate 4,Sym,D1,32C (heat stress),Sym_32,2,"10 dpl

08.07.2025",10,na,day_10
Plate 4_D1_Sym_32C,Plate 4,Sym,D1,32C (heat stress),Sym_32,2,"11 dpl

08.08.2025",11,na,day_11
Plate 4_D1_Sym_32C,Plate 4,Sym,D1,32C (heat stress),Sym_32,2,"13 dpl

08.10.2025",13,na,day_13
Plate 4_D1_Sym_32C,Plate 4,Sym,D1,32C (heat stress),Sym_32,2,"14 dpl

08.11.2025",14,na,day_14
Plate 4_D1_Sym_32C,Plate 4,Sym,D1,32C (heat stress),Sym_32,2,21 dpl,21,na,day_21
Plate 4_D2_Sym_32C,Plate 4,Sym,D2,32C (heat stress),Sym_32,1,"0 dpi

07.28.2025",0,0,day_0
Plate 4_D2_Sym_32C,Plate 4,Sym,D2,32C (heat stress),Sym_32,1,"3 dpl

07.31.2025",3,0,day_3
Plate 4_D2_Sym_32C,Plate 4,Sym,D2,32C (heat stress),Sym_32,1,"4 dpl

08.01.2025",4,0,day_4
Plate 4_D2_Sym_32C,Plate 4,Sym,D2,32C (heat stress),Sym_32,1,"5 dpl

08.02.2025",5,0,day_5
Plate 4_D2_Sym_32C,Plate 4,Sym,D2,32C (heat stress),Sym_32,1,"6 dpl

08.03. 2025",6,0,day_6
Plate 4_D2_Sym_32C,Plate 4,Sym,D2,32C (heat stress),Sym_32,1,"7 dpl

08.04.2025",7,0,day_7
Plate 4_D2_Sym_32C,Plate 4,Sym,D2,32C (heat stress),Sym_32,1,"8 dpl

08.05.2025",8,0,day_8
Plate 4_D2_Sym_32C,Plate 4,Sym,D2,32C (heat stress),Sym_32,1,"9 dpl

08.06.2025",9,0,day_9
Plate 4_D2_Sym_32C,Plate 4,Sym,D2,32C (heat stress),Sym_32,1,"10 dpl

08.07.2025",10,0,day_10
Plate 4_D2_Sym_32C,Plate 4,Sym,D2,32C (heat stress),Sym_32,1,"11 dpl

08.08.2025",11,0,day_11
Plate 4_D2_Sym_32C,Plate 4,Sym,D2,32C (heat stress),Sym_32,1,"13 dpl

08.10.2025",13,0,day_13
Plate 4_D2_Sym_32C,Plate 4,Sym,D2,32C (heat stress),Sym_32,1,"14 dpl

08.11.2025",14,0,day_14
Plate 4_D2_Sym_32C,Plate 4,Sym,D2,32C (heat stress),Sym_32,1,21 dpl,21,0,day_21
Plate 4_D3_Sym_32C,Plate 4,Sym,D3,32C (heat stress),Sym_32,1,"0 dpi

07.28.2025",0,0,day_0
Plate 4_D3_Sym_32C,Plate 4,Sym,D3,32C (heat stress),Sym_32,1,"3 dpl

07.31.2025",3,0,day_3
Plate 4_D3_Sym_32C,Plate 4,Sym,D3,32C (heat stress),Sym_32,1,"4 dpl

08.01.2025",4,0,day_4
Plate 4_D3_Sym_32C,Plate 4,Sym,D3,32C (heat stress),Sym_32,1,"5 dpl

08.02.2025",5,0,day_5
Plate 4_D3_Sym_32C,Plate 4,Sym,D3,32C (heat stress),Sym_32,1,"6 dpl

08.03. 2025",6,0,day_6
Plate 4_D3_Sym_32C,Plate 4,Sym,D3,32C (heat stress),Sym_32,1,"7 dpl

08.04.2025",7,0,day_7
Plate 4_D3_Sym_32C,Plate 4,Sym,D3,32C (heat stress),Sym_32,1,"8 dpl

08.05.2025",8,0,day_8
Plate 4_D3_Sym_32C,Plate 4,Sym,D3,32C (heat stress),Sym_32,1,"9 dpl

08.06.2025",9,0,day_9
Plate 4_D3_Sym_32C,Plate 4,Sym,D3,32C (heat stress),Sym_32,1,"10 dpl

08.07.2025",10,0,day_10
Plate 4_D3_Sym_32C,Plate 4,Sym,D3,32C (heat stress),Sym_32,1,"11 dpl

08.08.2025",11,0,day_11
Plate 4_D3_Sym_32C,Plate 4,Sym,D3,32C (heat stress),Sym_32,1,"13 dpl

08.10.2025",13,0,day_13
Plate 4_D3_Sym_32C,Plate 4,Sym,D3,32C (heat stress),Sym_32,1,"14 dpl

08.11.2025",14,0,day_14
Plate 4_D3_Sym_32C,Plate 4,Sym,D3,32C (heat stress),Sym_32,1,21 dpl,21,0,day_21
Plate 4_D4_Sym_32C,Plate 4,Sym,D4,32C (heat stress),Sym_32,1,"0 dpi

07.28.2025",0,0,day_0
Plate 4_D4_Sym_32C,Plate 4,Sym,D4,32C (heat stress),Sym_32,1,"3 dpl

07.31.2025",3,0,day_3
Plate 4_D4_Sym_32C,Plate 4,Sym,D4,32C (heat stress),Sym_32,1,"4 dpl

08.01.2025",4,na,day_4
Plate 4_D4_Sym_32C,Plate 4,Sym,D4,32C (heat stress),Sym_32,1,"5 dpl

08.02.2025",5,na,day_5
Plate 4_D4_Sym_32C,Plate 4,Sym,D4,32C (heat stress),Sym_32,1,"6 dpl

08.03. 2025",6,na,day_6
Plate 4_D4_Sym_32C,Plate 4,Sym,D4,32C (heat stress),Sym_32,1,"7 dpl

08.04.2025",7,na,day_7
Plate 4_D4_Sym_32C,Plate 4,Sym,D4,32C (heat stress),Sym_32,1,"8 dpl

08.05.2025",8,na,day_8
Plate 4_D4_Sym_32C,Plate 4,Sym,D4,32C (heat stress),Sym_32,1,"9 dpl

08.06.2025",9,na,day_9
Plate 4_D4_Sym_32C,Plate 4,Sym,D4,32C (heat stress),Sym_32,1,"10 dpl

08.07.2025",10,na,day_10
Plate 4_D4_Sym_32C,Plate 4,Sym,D4,32C (heat stress),Sym_32,1,"11 dpl

08.08.2025",11,na,day_11
Plate 4_D4_Sym_32C,Plate 4,Sym,D4,32C (heat stress),Sym_32,1,"13 dpl

08.10.2025",13,na,day_13
Plate 4_D4_Sym_32C,Plate 4,Sym,D4,32C (heat stress),Sym_32,1,"14 dpl

08.11.2025",14,na,day_14
Plate 4_D4_Sym_32C,Plate 4,Sym,D4,32C (heat stress),Sym_32,1,21 dpl,21,na,day_21
Plate 4_D4_Sym_32C,Plate 4,Sym,D4,32C (heat stress),Sym_32,2,"0 dpi

07.28.2025",0,0,day_0
Plate 4_D4_Sym_32C,Plate 4,Sym,D4,32C (heat stress),Sym_32,2,"3 dpl

07.31.2025",3,na,day_3
Plate 4_D4_Sym_32C,Plate 4,Sym,D4,32C (heat stress),Sym_32,2,"4 dpl

08.01.2025",4,na,day_4
Plate 4_D4_Sym_32C,Plate 4,Sym,D4,32C (heat stress),Sym_32,2,"5 dpl

08.02.2025",5,na,day_5
Plate 4_D4_Sym_32C,Plate 4,Sym,D4,32C (heat stress),Sym_32,2,"6 dpl

08.03. 2025",6,na,day_6
Plate 4_D4_Sym_32C,Plate 4,Sym,D4,32C (heat stress),Sym_32,2,"7 dpl

08.04.2025",7,na,day_7
Plate 4_D4_Sym_32C,Plate 4,Sym,D4,32C (heat stress),Sym_32,2,"8 dpl

08.05.2025",8,na,day_8
Plate 4_D4_Sym_32C,Plate 4,Sym,D4,32C (heat stress),Sym_32,2,"9 dpl

08.06.2025",9,na,day_9
Plate 4_D4_Sym_32C,Plate 4,Sym,D4,32C (heat stress),Sym_32,2,"10 dpl

08.07.2025",10,na,day_10
Plate 4_D4_Sym_32C,Plate 4,Sym,D4,32C (heat stress),Sym_32,2,"11 dpl

08.08.2025",11,na,day_11
Plate 4_D4_Sym_32C,Plate 4,Sym,D4,32C (heat stress),Sym_32,2,"13 dpl

08.10.2025",13,na,day_13
Plate 4_D4_Sym_32C,Plate 4,Sym,D4,32C (heat stress),Sym_32,2,"14 dpl

08.11.2025",14,na,day_14
Plate 4_D4_Sym_32C,Plate 4,Sym,D4,32C (heat stress),Sym_32,2,21 dpl,21,na,day_21
Plate 4_D5_Sym_32C,Plate 4,Sym,D5,32C (heat stress),Sym_32,1,"0 dpi

07.28.2025",0,0,day_0
Plate 4_D5_Sym_32C,Plate 4,Sym,D5,32C (heat stress),Sym_32,1,"3 dpl

07.31.2025",3,0,day_3
Plate 4_D5_Sym_32C,Plate 4,Sym,D5,32C (heat stress),Sym_32,1,"4 dpl

08.01.2025",4,0,day_4
Plate 4_D5_Sym_32C,Plate 4,Sym,D5,32C (heat stress),Sym_32,1,"5 dpl

08.02.2025",5,0,day_5
Plate 4_D5_Sym_32C,Plate 4,Sym,D5,32C (heat stress),Sym_32,1,"6 dpl

08.03. 2025",6,0,day_6
Plate 4_D5_Sym_32C,Plate 4,Sym,D5,32C (heat stress),Sym_32,1,"7 dpl

08.04.2025",7,0,day_7
Plate 4_D5_Sym_32C,Plate 4,Sym,D5,32C (heat stress),Sym_32,1,"8 dpl

08.05.2025",8,0,day_8
Plate 4_D5_Sym_32C,Plate 4,Sym,D5,32C (heat stress),Sym_32,1,"9 dpl

08.06.2025",9,0,day_9
Plate 4_D5_Sym_32C,Plate 4,Sym,D5,32C (heat stress),Sym_32,1,"10 dpl

08.07.2025",10,0,day_10
Plate 4_D5_Sym_32C,Plate 4,Sym,D5,32C (heat stress),Sym_32,1,"11 dpl

08.08.2025",11,0,day_11
Plate 4_D5_Sym_32C,Plate 4,Sym,D5,32C (heat stress),Sym_32,1,"13 dpl

08.10.2025",13,0,day_13
Plate 4_D5_Sym_32C,Plate 4,Sym,D5,32C (heat stress),Sym_32,1,"14 dpl

08.11.2025",14,0,day_14
Plate 4_D5_Sym_32C,Plate 4,Sym,D5,32C (heat stress),Sym_32,1,21 dpl,21,0,day_21
Plate 4_D6_Sym_32C,Plate 4,Sym,D6,32C (heat stress),Sym_32,1,"0 dpi

07.28.2025",0,0,day_0
Plate 4_D6_Sym_32C,Plate 4,Sym,D6,32C (heat stress),Sym_32,1,"3 dpl

07.31.2025",3,0,day_3
Plate 4_D6_Sym_32C,Plate 4,Sym,D6,32C (heat stress),Sym_32,1,"4 dpl

08.01.2025",4,0,day_4
Plate 4_D6_Sym_32C,Plate 4,Sym,D6,32C (heat stress),Sym_32,1,"5 dpl

08.02.2025",5,0,day_5
Plate 4_D6_Sym_32C,Plate 4,Sym,D6,32C (heat stress),Sym_32,1,"6 dpl

08.03. 2025",6,0,day_6
Plate 4_D6_Sym_32C,Plate 4,Sym,D6,32C (heat stress),Sym_32,1,"7 dpl

08.04.2025",7,0,day_7
Plate 4_D6_Sym_32C,Plate 4,Sym,D6,32C (heat stress),Sym_32,1,"8 dpl

08.05.2025",8,12,day_8
Plate 4_D6_Sym_32C,Plate 4,Sym,D6,32C (heat stress),Sym_32,1,"9 dpl

08.06.2025",9,12,day_9
Plate 4_D6_Sym_32C,Plate 4,Sym,D6,32C (heat stress),Sym_32,1,"10 dpl

08.07.2025",10,na,day_10
Plate 4_D6_Sym_32C,Plate 4,Sym,D6,32C (heat stress),Sym_32,1,"11 dpl

08.08.2025",11,na,day_11
Plate 4_D6_Sym_32C,Plate 4,Sym,D6,32C (heat stress),Sym_32,1,"13 dpl

08.10.2025",13,na,day_13
Plate 4_D6_Sym_32C,Plate 4,Sym,D6,32C (heat stress),Sym_32,1,"14 dpl

08.11.2025",14,na,day_14
Plate 4_D6_Sym_32C,Plate 4,Sym,D6,32C (heat stress),Sym_32,1,21 dpl,21,na,day_21
Plate 5_A1_Sym_32C,Plate 5,Sym,A1,32C (heat stress),Sym_32,1,"0 dpi

07.28.2025",0,0,day_0
Plate 5_A1_Sym_32C,Plate 5,Sym,A1,32C (heat stress),Sym_32,1,"3 dpl

07.31.2025",3,0,day_3
Plate 5_A1_Sym_32C,Plate 5,Sym,A1,32C (heat stress),Sym_32,1,"4 dpl

08.01.2025",4,na,day_4
Plate 5_A1_Sym_32C,Plate 5,Sym,A1,32C (heat stress),Sym_32,1,"5 dpl

08.02.2025",5,na,day_5
Plate 5_A1_Sym_32C,Plate 5,Sym,A1,32C (heat stress),Sym_32,1,"6 dpl

08.03. 2025",6,na,day_6
Plate 5_A1_Sym_32C,Plate 5,Sym,A1,32C (heat stress),Sym_32,1,"7 dpl

08.04.2025",7,na,day_7
Plate 5_A1_Sym_32C,Plate 5,Sym,A1,32C (heat stress),Sym_32,1,"8 dpl

08.05.2025",8,na,day_8
Plate 5_A1_Sym_32C,Plate 5,Sym,A1,32C (heat stress),Sym_32,1,"9 dpl

08.06.2025",9,na,day_9
Plate 5_A1_Sym_32C,Plate 5,Sym,A1,32C (heat stress),Sym_32,1,"10 dpl

08.07.2025",10,na,day_10
Plate 5_A1_Sym_32C,Plate 5,Sym,A1,32C (heat stress),Sym_32,1,"11 dpl

08.08.2025",11,na,day_11
Plate 5_A1_Sym_32C,Plate 5,Sym,A1,32C (heat stress),Sym_32,1,"13 dpl

08.10.2025",13,na,day_13
Plate 5_A1_Sym_32C,Plate 5,Sym,A1,32C (heat stress),Sym_32,1,"14 dpl

08.11.2025",14,na,day_14
Plate 5_A1_Sym_32C,Plate 5,Sym,A1,32C (heat stress),Sym_32,1,21 dpl,21,na,day_21
Plate 5_A1_Sym_32C,Plate 5,Sym,A1,32C (heat stress),Sym_32,2,"0 dpi

07.28.2025",0,na,day_0
Plate 5_A1_Sym_32C,Plate 5,Sym,A1,32C (heat stress),Sym_32,2,"3 dpl

07.31.2025",3,0,day_3
Plate 5_A1_Sym_32C,Plate 5,Sym,A1,32C (heat stress),Sym_32,2,"4 dpl

08.01.2025",4,na,day_4
Plate 5_A1_Sym_32C,Plate 5,Sym,A1,32C (heat stress),Sym_32,2,"5 dpl

08.02.2025",5,na,day_5
Plate 5_A1_Sym_32C,Plate 5,Sym,A1,32C (heat stress),Sym_32,2,"6 dpl

08.03. 2025",6,na,day_6
Plate 5_A1_Sym_32C,Plate 5,Sym,A1,32C (heat stress),Sym_32,2,"7 dpl

08.04.2025",7,na,day_7
Plate 5_A1_Sym_32C,Plate 5,Sym,A1,32C (heat stress),Sym_32,2,"8 dpl

08.05.2025",8,na,day_8
Plate 5_A1_Sym_32C,Plate 5,Sym,A1,32C (heat stress),Sym_32,2,"9 dpl

08.06.2025",9,na,day_9
Plate 5_A1_Sym_32C,Plate 5,Sym,A1,32C (heat stress),Sym_32,2,"10 dpl

08.07.2025",10,na,day_10
Plate 5_A1_Sym_32C,Plate 5,Sym,A1,32C (heat stress),Sym_32,2,"11 dpl

08.08.2025",11,na,day_11
Plate 5_A1_Sym_32C,Plate 5,Sym,A1,32C (heat stress),Sym_32,2,"13 dpl

08.10.2025",13,na,day_13
Plate 5_A1_Sym_32C,Plate 5,Sym,A1,32C (heat stress),Sym_32,2,"14 dpl

08.11.2025",14,na,day_14
Plate 5_A1_Sym_32C,Plate 5,Sym,A1,32C (heat stress),Sym_32,2,21 dpl,21,na,day_21
Plate 5_A2_Sym_32C,Plate 5,Sym,A2,32C (heat stress),Sym_32,1,"0 dpi

07.28.2025",0,0,day_0
Plate 5_A2_Sym_32C,Plate 5,Sym,A2,32C (heat stress),Sym_32,1,"3 dpl

07.31.2025",3,0,day_3
Plate 5_A2_Sym_32C,Plate 5,Sym,A2,32C (heat stress),Sym_32,1,"4 dpl

08.01.2025",4,0,day_4
Plate 5_A2_Sym_32C,Plate 5,Sym,A2,32C (heat stress),Sym_32,1,"5 dpl

08.02.2025",5,0,day_5
Plate 5_A2_Sym_32C,Plate 5,Sym,A2,32C (heat stress),Sym_32,1,"6 dpl

08.03. 2025",6,0,day_6
Plate 5_A2_Sym_32C,Plate 5,Sym,A2,32C (heat stress),Sym_32,1,"7 dpl

08.04.2025",7,0,day_7
Plate 5_A2_Sym_32C,Plate 5,Sym,A2,32C (heat stress),Sym_32,1,"8 dpl

08.05.2025",8,0,day_8
Plate 5_A2_Sym_32C,Plate 5,Sym,A2,32C (heat stress),Sym_32,1,"9 dpl

08.06.2025",9,0,day_9
Plate 5_A2_Sym_32C,Plate 5,Sym,A2,32C (heat stress),Sym_32,1,"10 dpl

08.07.2025",10,0,day_10
Plate 5_A2_Sym_32C,Plate 5,Sym,A2,32C (heat stress),Sym_32,1,"11 dpl

08.08.2025",11,0,day_11
Plate 5_A2_Sym_32C,Plate 5,Sym,A2,32C (heat stress),Sym_32,1,"13 dpl

08.10.2025",13,0,day_13
Plate 5_A2_Sym_32C,Plate 5,Sym,A2,32C (heat stress),Sym_32,1,"14 dpl

08.11.2025",14,0,day_14
Plate 5_A2_Sym_32C,Plate 5,Sym,A2,32C (heat stress),Sym_32,1,21 dpl,21,0,day_21
Plate 5_A3_Sym_32C,Plate 5,Sym,A3,32C (heat stress),Sym_32,1,"0 dpi

07.28.2025",0,0,day_0
Plate 5_A3_Sym_32C,Plate 5,Sym,A3,32C (heat stress),Sym_32,1,"3 dpl

07.31.2025",3,0,day_3
Plate 5_A3_Sym_32C,Plate 5,Sym,A3,32C (heat stress),Sym_32,1,"4 dpl

08.01.2025",4,0,day_4
Plate 5_A3_Sym_32C,Plate 5,Sym,A3,32C (heat stress),Sym_32,1,"5 dpl

08.02.2025",5,0,day_5
Plate 5_A3_Sym_32C,Plate 5,Sym,A3,32C (heat stress),Sym_32,1,"6 dpl

08.03. 2025",6,0,day_6
Plate 5_A3_Sym_32C,Plate 5,Sym,A3,32C (heat stress),Sym_32,1,"7 dpl

08.04.2025",7,0,day_7
Plate 5_A3_Sym_32C,Plate 5,Sym,A3,32C (heat stress),Sym_32,1,"8 dpl

08.05.2025",8,0,day_8
Plate 5_A3_Sym_32C,Plate 5,Sym,A3,32C (heat stress),Sym_32,1,"9 dpl

08.06.2025",9,na,day_9
Plate 5_A3_Sym_32C,Plate 5,Sym,A3,32C (heat stress),Sym_32,1,"10 dpl

08.07.2025",10,na,day_10
Plate 5_A3_Sym_32C,Plate 5,Sym,A3,32C (heat stress),Sym_32,1,"11 dpl

08.08.2025",11,na,day_11
Plate 5_A3_Sym_32C,Plate 5,Sym,A3,32C (heat stress),Sym_32,1,"13 dpl

08.10.2025",13,na,day_13
Plate 5_A3_Sym_32C,Plate 5,Sym,A3,32C (heat stress),Sym_32,1,"14 dpl

08.11.2025",14,na,day_14
Plate 5_A3_Sym_32C,Plate 5,Sym,A3,32C (heat stress),Sym_32,1,21 dpl,21,na,day_21
Plate 5_A4_Sym_32C,Plate 5,Sym,A4,32C (heat stress),Sym_32,1,"0 dpi

07.28.2025",0,0,day_0
Plate 5_A4_Sym_32C,Plate 5,Sym,A4,32C (heat stress),Sym_32,1,"3 dpl

07.31.2025",3,0,day_3
Plate 5_A4_Sym_32C,Plate 5,Sym,A4,32C (heat stress),Sym_32,1,"4 dpl

08.01.2025",4,na,day_4
Plate 5_A4_Sym_32C,Plate 5,Sym,A4,32C (heat stress),Sym_32,1,"5 dpl

08.02.2025",5,na,day_5
Plate 5_A4_Sym_32C,Plate 5,Sym,A4,32C (heat stress),Sym_32,1,"6 dpl

08.03. 2025",6,na,day_6
Plate 5_A4_Sym_32C,Plate 5,Sym,A4,32C (heat stress),Sym_32,1,"7 dpl

08.04.2025",7,na,day_7
Plate 5_A4_Sym_32C,Plate 5,Sym,A4,32C (heat stress),Sym_32,1,"8 dpl

08.05.2025",8,na,day_8
Plate 5_A4_Sym_32C,Plate 5,Sym,A4,32C (heat stress),Sym_32,1,"9 dpl

08.06.2025",9,na,day_9
Plate 5_A4_Sym_32C,Plate 5,Sym,A4,32C (heat stress),Sym_32,1,"10 dpl

08.07.2025",10,na,day_10
Plate 5_A4_Sym_32C,Plate 5,Sym,A4,32C (heat stress),Sym_32,1,"11 dpl

08.08.2025",11,na,day_11
Plate 5_A4_Sym_32C,Plate 5,Sym,A4,32C (heat stress),Sym_32,1,"13 dpl

08.10.2025",13,na,day_13
Plate 5_A4_Sym_32C,Plate 5,Sym,A4,32C (heat stress),Sym_32,1,"14 dpl

08.11.2025",14,na,day_14
Plate 5_A4_Sym_32C,Plate 5,Sym,A4,32C (heat stress),Sym_32,1,21 dpl,21,na,day_21
Plate 5_A5_Sym_32C,Plate 5,Sym,A5,32C (heat stress),Sym_32,1,"0 dpi

07.28.2025",0,0,day_0
Plate 5_A5_Sym_32C,Plate 5,Sym,A5,32C (heat stress),Sym_32,1,"3 dpl

07.31.2025",3,na,day_3
Plate 5_A5_Sym_32C,Plate 5,Sym,A5,32C (heat stress),Sym_32,1,"4 dpl

08.01.2025",4,na,day_4
Plate 5_A5_Sym_32C,Plate 5,Sym,A5,32C (heat stress),Sym_32,1,"5 dpl

08.02.2025",5,na,day_5
Plate 5_A5_Sym_32C,Plate 5,Sym,A5,32C (heat stress),Sym_32,1,"6 dpl

08.03. 2025",6,na,day_6
Plate 5_A5_Sym_32C,Plate 5,Sym,A5,32C (heat stress),Sym_32,1,"7 dpl

08.04.2025",7,na,day_7
Plate 5_A5_Sym_32C,Plate 5,Sym,A5,32C (heat stress),Sym_32,1,"8 dpl

08.05.2025",8,na,day_8
Plate 5_A5_Sym_32C,Plate 5,Sym,A5,32C (heat stress),Sym_32,1,"9 dpl

08.06.2025",9,na,day_9
Plate 5_A5_Sym_32C,Plate 5,Sym,A5,32C (heat stress),Sym_32,1,"10 dpl

08.07.2025",10,na,day_10
Plate 5_A5_Sym_32C,Plate 5,Sym,A5,32C (heat stress),Sym_32,1,"11 dpl

08.08.2025",11,na,day_11
Plate 5_A5_Sym_32C,Plate 5,Sym,A5,32C (heat stress),Sym_32,1,"13 dpl

08.10.2025",13,na,day_13
Plate 5_A5_Sym_32C,Plate 5,Sym,A5,32C (heat stress),Sym_32,1,"14 dpl

08.11.2025",14,na,day_14
Plate 5_A5_Sym_32C,Plate 5,Sym,A5,32C (heat stress),Sym_32,1,21 dpl,21,na,day_21
Plate 5_A5_Sym_32C,Plate 5,Sym,A5,32C (heat stress),Sym_32,2,"0 dpi

07.28.2025",0,0,day_0
Plate 5_A5_Sym_32C,Plate 5,Sym,A5,32C (heat stress),Sym_32,2,"3 dpl

07.31.2025",3,na,day_3
Plate 5_A5_Sym_32C,Plate 5,Sym,A5,32C (heat stress),Sym_32,2,"4 dpl

08.01.2025",4,na,day_4
Plate 5_A5_Sym_32C,Plate 5,Sym,A5,32C (heat stress),Sym_32,2,"5 dpl

08.02.2025",5,na,day_5
Plate 5_A5_Sym_32C,Plate 5,Sym,A5,32C (heat stress),Sym_32,2,"6 dpl

08.03. 2025",6,na,day_6
Plate 5_A5_Sym_32C,Plate 5,Sym,A5,32C (heat stress),Sym_32,2,"7 dpl

08.04.2025",7,na,day_7
Plate 5_A5_Sym_32C,Plate 5,Sym,A5,32C (heat stress),Sym_32,2,"8 dpl

08.05.2025",8,na,day_8
Plate 5_A5_Sym_32C,Plate 5,Sym,A5,32C (heat stress),Sym_32,2,"9 dpl

08.06.2025",9,na,day_9
Plate 5_A5_Sym_32C,Plate 5,Sym,A5,32C (heat stress),Sym_32,2,"10 dpl

08.07.2025",10,na,day_10
Plate 5_A5_Sym_32C,Plate 5,Sym,A5,32C (heat stress),Sym_32,2,"11 dpl

08.08.2025",11,na,day_11
Plate 5_A5_Sym_32C,Plate 5,Sym,A5,32C (heat stress),Sym_32,2,"13 dpl

08.10.2025",13,na,day_13
Plate 5_A5_Sym_32C,Plate 5,Sym,A5,32C (heat stress),Sym_32,2,"14 dpl

08.11.2025",14,na,day_14
Plate 5_A5_Sym_32C,Plate 5,Sym,A5,32C (heat stress),Sym_32,2,21 dpl,21,na,day_21
Plate 5_A6_Sym_32C,Plate 5,Sym,A6,32C (heat stress),Sym_32,1,"0 dpi

07.28.2025",0,0,day_0
Plate 5_A6_Sym_32C,Plate 5,Sym,A6,32C (heat stress),Sym_32,1,"3 dpl

07.31.2025",3,0,day_3
Plate 5_A6_Sym_32C,Plate 5,Sym,A6,32C (heat stress),Sym_32,1,"4 dpl

08.01.2025",4,na,day_4
Plate 5_A6_Sym_32C,Plate 5,Sym,A6,32C (heat stress),Sym_32,1,"5 dpl

08.02.2025",5,na,day_5
Plate 5_A6_Sym_32C,Plate 5,Sym,A6,32C (heat stress),Sym_32,1,"6 dpl

08.03. 2025",6,na,day_6
Plate 5_A6_Sym_32C,Plate 5,Sym,A6,32C (heat stress),Sym_32,1,"7 dpl

08.04.2025",7,na,day_7
Plate 5_A6_Sym_32C,Plate 5,Sym,A6,32C (heat stress),Sym_32,1,"8 dpl

08.05.2025",8,na,day_8
Plate 5_A6_Sym_32C,Plate 5,Sym,A6,32C (heat stress),Sym_32,1,"9 dpl

08.06.2025",9,na,day_9
Plate 5_A6_Sym_32C,Plate 5,Sym,A6,32C (heat stress),Sym_32,1,"10 dpl

08.07.2025",10,na,day_10
Plate 5_A6_Sym_32C,Plate 5,Sym,A6,32C (heat stress),Sym_32,1,"11 dpl

08.08.2025",11,na,day_11
Plate 5_A6_Sym_32C,Plate 5,Sym,A6,32C (heat stress),Sym_32,1,"13 dpl

08.10.2025",13,na,day_13
Plate 5_A6_Sym_32C,Plate 5,Sym,A6,32C (heat stress),Sym_32,1,"14 dpl

08.11.2025",14,na,day_14
Plate 5_A6_Sym_32C,Plate 5,Sym,A6,32C (heat stress),Sym_32,1,21 dpl,21,na,day_21
Plate 5_B1_Sym_32C,Plate 5,Sym,B1,32C (heat stress),Sym_32,1,"0 dpi

07.28.2025",0,0,day_0
Plate 5_B1_Sym_32C,Plate 5,Sym,B1,32C (heat stress),Sym_32,1,"3 dpl

07.31.2025",3,0,day_3
Plate 5_B1_Sym_32C,Plate 5,Sym,B1,32C (heat stress),Sym_32,1,"4 dpl

08.01.2025",4,0,day_4
Plate 5_B1_Sym_32C,Plate 5,Sym,B1,32C (heat stress),Sym_32,1,"5 dpl

08.02.2025",5,0,day_5
Plate 5_B1_Sym_32C,Plate 5,Sym,B1,32C (heat stress),Sym_32,1,"6 dpl

08.03. 2025",6,7,day_6
Plate 5_B1_Sym_32C,Plate 5,Sym,B1,32C (heat stress),Sym_32,1,"7 dpl

08.04.2025",7,7,day_7
Plate 5_B1_Sym_32C,Plate 5,Sym,B1,32C (heat stress),Sym_32,1,"8 dpl

08.05.2025",8,7,day_8
Plate 5_B1_Sym_32C,Plate 5,Sym,B1,32C (heat stress),Sym_32,1,"9 dpl

08.06.2025",9,7,day_9
Plate 5_B1_Sym_32C,Plate 5,Sym,B1,32C (heat stress),Sym_32,1,"10 dpl

08.07.2025",10,7,day_10
Plate 5_B1_Sym_32C,Plate 5,Sym,B1,32C (heat stress),Sym_32,1,"11 dpl

08.08.2025",11,na,day_11
Plate 5_B1_Sym_32C,Plate 5,Sym,B1,32C (heat stress),Sym_32,1,"13 dpl

08.10.2025",13,na,day_13
Plate 5_B1_Sym_32C,Plate 5,Sym,B1,32C (heat stress),Sym_32,1,"14 dpl

08.11.2025",14,na,day_14
Plate 5_B1_Sym_32C,Plate 5,Sym,B1,32C (heat stress),Sym_32,1,21 dpl,21,na,day_21
Plate 5_B1_Sym_32C,Plate 5,Sym,B1,32C (heat stress),Sym_32,2,"0 dpi

07.28.2025",0,0,day_0
Plate 5_B1_Sym_32C,Plate 5,Sym,B1,32C (heat stress),Sym_32,2,"3 dpl

07.31.2025",3,0,day_3
Plate 5_B1_Sym_32C,Plate 5,Sym,B1,32C (heat stress),Sym_32,2,"4 dpl

08.01.2025",4,0,day_4
Plate 5_B1_Sym_32C,Plate 5,Sym,B1,32C (heat stress),Sym_32,2,"5 dpl

08.02.2025",5,na,day_5
Plate 5_B1_Sym_32C,Plate 5,Sym,B1,32C (heat stress),Sym_32,2,"6 dpl

08.03. 2025",6,na,day_6
Plate 5_B1_Sym_32C,Plate 5,Sym,B1,32C (heat stress),Sym_32,2,"7 dpl

08.04.2025",7,na,day_7
Plate 5_B1_Sym_32C,Plate 5,Sym,B1,32C (heat stress),Sym_32,2,"8 dpl

08.05.2025",8,na,day_8
Plate 5_B1_Sym_32C,Plate 5,Sym,B1,32C (heat stress),Sym_32,2,"9 dpl

08.06.2025",9,na,day_9
Plate 5_B1_Sym_32C,Plate 5,Sym,B1,32C (heat stress),Sym_32,2,"10 dpl

08.07.2025",10,na,day_10
Plate 5_B1_Sym_32C,Plate 5,Sym,B1,32C (heat stress),Sym_32,2,"11 dpl

08.08.2025",11,na,day_11
Plate 5_B1_Sym_32C,Plate 5,Sym,B1,32C (heat stress),Sym_32,2,"13 dpl

08.10.2025",13,na,day_13
Plate 5_B1_Sym_32C,Plate 5,Sym,B1,32C (heat stress),Sym_32,2,"14 dpl

08.11.2025",14,na,day_14
Plate 5_B1_Sym_32C,Plate 5,Sym,B1,32C (heat stress),Sym_32,2,21 dpl,21,na,day_21
Plate 5_B2_Sym_32C,Plate 5,Sym,B2,32C (heat stress),Sym_32,1,"0 dpi

07.28.2025",0,0,day_0
Plate 5_B2_Sym_32C,Plate 5,Sym,B2,32C (heat stress),Sym_32,1,"3 dpl

07.31.2025",3,0,day_3
Plate 5_B2_Sym_32C,Plate 5,Sym,B2,32C (heat stress),Sym_32,1,"4 dpl

08.01.2025",4,0,day_4
Plate 5_B2_Sym_32C,Plate 5,Sym,B2,32C (heat stress),Sym_32,1,"5 dpl

08.02.2025",5,0,day_5
Plate 5_B2_Sym_32C,Plate 5,Sym,B2,32C (heat stress),Sym_32,1,"6 dpl

08.03. 2025",6,0,day_6
Plate 5_B2_Sym_32C,Plate 5,Sym,B2,32C (heat stress),Sym_32,1,"7 dpl

08.04.2025",7,0,day_7
Plate 5_B2_Sym_32C,Plate 5,Sym,B2,32C (heat stress),Sym_32,1,"8 dpl

08.05.2025",8,0,day_8
Plate 5_B2_Sym_32C,Plate 5,Sym,B2,32C (heat stress),Sym_32,1,"9 dpl

08.06.2025",9,0,day_9
Plate 5_B2_Sym_32C,Plate 5,Sym,B2,32C (heat stress),Sym_32,1,"10 dpl

08.07.2025",10,0,day_10
Plate 5_B2_Sym_32C,Plate 5,Sym,B2,32C (heat stress),Sym_32,1,"11 dpl

08.08.2025",11,0,day_11
Plate 5_B2_Sym_32C,Plate 5,Sym,B2,32C (heat stress),Sym_32,1,"13 dpl

08.10.2025",13,0,day_13
Plate 5_B2_Sym_32C,Plate 5,Sym,B2,32C (heat stress),Sym_32,1,"14 dpl

08.11.2025",14,0,day_14
Plate 5_B2_Sym_32C,Plate 5,Sym,B2,32C (heat stress),Sym_32,1,21 dpl,21,0,day_21
Plate 5_B3_Sym_32C,Plate 5,Sym,B3,32C (heat stress),Sym_32,1,"0 dpi

07.28.2025",0,0,day_0
Plate 5_B3_Sym_32C,Plate 5,Sym,B3,32C (heat stress),Sym_32,1,"3 dpl

07.31.2025",3,0,day_3
Plate 5_B3_Sym_32C,Plate 5,Sym,B3,32C (heat stress),Sym_32,1,"4 dpl

08.01.2025",4,na,day_4
Plate 5_B3_Sym_32C,Plate 5,Sym,B3,32C (heat stress),Sym_32,1,"5 dpl

08.02.2025",5,na,day_5
Plate 5_B3_Sym_32C,Plate 5,Sym,B3,32C (heat stress),Sym_32,1,"6 dpl

08.03. 2025",6,na,day_6
Plate 5_B3_Sym_32C,Plate 5,Sym,B3,32C (heat stress),Sym_32,1,"7 dpl

08.04.2025",7,na,day_7
Plate 5_B3_Sym_32C,Plate 5,Sym,B3,32C (heat stress),Sym_32,1,"8 dpl

08.05.2025",8,na,day_8
Plate 5_B3_Sym_32C,Plate 5,Sym,B3,32C (heat stress),Sym_32,1,"9 dpl

08.06.2025",9,na,day_9
Plate 5_B3_Sym_32C,Plate 5,Sym,B3,32C (heat stress),Sym_32,1,"10 dpl

08.07.2025",10,na,day_10
Plate 5_B3_Sym_32C,Plate 5,Sym,B3,32C (heat stress),Sym_32,1,"11 dpl

08.08.2025",11,na,day_11
Plate 5_B3_Sym_32C,Plate 5,Sym,B3,32C (heat stress),Sym_32,1,"13 dpl

08.10.2025",13,na,day_13
Plate 5_B3_Sym_32C,Plate 5,Sym,B3,32C (heat stress),Sym_32,1,"14 dpl

08.11.2025",14,na,day_14
Plate 5_B3_Sym_32C,Plate 5,Sym,B3,32C (heat stress),Sym_32,1,21 dpl,21,na,day_21
Plate 5_B4_Sym_32C,Plate 5,Sym,B4,32C (heat stress),Sym_32,1,"0 dpi

07.28.2025",0,0,day_0
Plate 5_B4_Sym_32C,Plate 5,Sym,B4,32C (heat stress),Sym_32,1,"3 dpl

07.31.2025",3,0,day_3
Plate 5_B4_Sym_32C,Plate 5,Sym,B4,32C (heat stress),Sym_32,1,"4 dpl

08.01.2025",4,na,day_4
Plate 5_B4_Sym_32C,Plate 5,Sym,B4,32C (heat stress),Sym_32,1,"5 dpl

08.02.2025",5,na,day_5
Plate 5_B4_Sym_32C,Plate 5,Sym,B4,32C (heat stress),Sym_32,1,"6 dpl

08.03. 2025",6,na,day_6
Plate 5_B4_Sym_32C,Plate 5,Sym,B4,32C (heat stress),Sym_32,1,"7 dpl

08.04.2025",7,na,day_7
Plate 5_B4_Sym_32C,Plate 5,Sym,B4,32C (heat stress),Sym_32,1,"8 dpl

08.05.2025",8,na,day_8
Plate 5_B4_Sym_32C,Plate 5,Sym,B4,32C (heat stress),Sym_32,1,"9 dpl

08.06.2025",9,na,day_9
Plate 5_B4_Sym_32C,Plate 5,Sym,B4,32C (heat stress),Sym_32,1,"10 dpl

08.07.2025",10,na,day_10
Plate 5_B4_Sym_32C,Plate 5,Sym,B4,32C (heat stress),Sym_32,1,"11 dpl

08.08.2025",11,na,day_11
Plate 5_B4_Sym_32C,Plate 5,Sym,B4,32C (heat stress),Sym_32,1,"13 dpl

08.10.2025",13,na,day_13
Plate 5_B4_Sym_32C,Plate 5,Sym,B4,32C (heat stress),Sym_32,1,"14 dpl

08.11.2025",14,na,day_14
Plate 5_B4_Sym_32C,Plate 5,Sym,B4,32C (heat stress),Sym_32,1,21 dpl,21,na,day_21
Plate 5_B4_Sym_32C,Plate 5,Sym,B4,32C (heat stress),Sym_32,2,"0 dpi

07.28.2025",0,0,day_0
Plate 5_B4_Sym_32C,Plate 5,Sym,B4,32C (heat stress),Sym_32,2,"3 dpl

07.31.2025",3,na,day_3
Plate 5_B4_Sym_32C,Plate 5,Sym,B4,32C (heat stress),Sym_32,2,"4 dpl

08.01.2025",4,na,day_4
Plate 5_B4_Sym_32C,Plate 5,Sym,B4,32C (heat stress),Sym_32,2,"5 dpl

08.02.2025",5,na,day_5
Plate 5_B4_Sym_32C,Plate 5,Sym,B4,32C (heat stress),Sym_32,2,"6 dpl

08.03. 2025",6,na,day_6
Plate 5_B4_Sym_32C,Plate 5,Sym,B4,32C (heat stress),Sym_32,2,"7 dpl

08.04.2025",7,na,day_7
Plate 5_B4_Sym_32C,Plate 5,Sym,B4,32C (heat stress),Sym_32,2,"8 dpl

08.05.2025",8,na,day_8
Plate 5_B4_Sym_32C,Plate 5,Sym,B4,32C (heat stress),Sym_32,2,"9 dpl

08.06.2025",9,na,day_9
Plate 5_B4_Sym_32C,Plate 5,Sym,B4,32C (heat stress),Sym_32,2,"10 dpl

08.07.2025",10,na,day_10
Plate 5_B4_Sym_32C,Plate 5,Sym,B4,32C (heat stress),Sym_32,2,"11 dpl

08.08.2025",11,na,day_11
Plate 5_B4_Sym_32C,Plate 5,Sym,B4,32C (heat stress),Sym_32,2,"13 dpl

08.10.2025",13,na,day_13
Plate 5_B4_Sym_32C,Plate 5,Sym,B4,32C (heat stress),Sym_32,2,"14 dpl

08.11.2025",14,na,day_14
Plate 5_B4_Sym_32C,Plate 5,Sym,B4,32C (heat stress),Sym_32,2,21 dpl,21,na,day_21
Plate 5_B5_Sym_32C,Plate 5,Sym,B5,32C (heat stress),Sym_32,1,"0 dpi

07.28.2025",0,0,day_0
Plate 5_B5_Sym_32C,Plate 5,Sym,B5,32C (heat stress),Sym_32,1,"3 dpl

07.31.2025",3,na,day_3
Plate 5_B5_Sym_32C,Plate 5,Sym,B5,32C (heat stress),Sym_32,1,"4 dpl

08.01.2025",4,na,day_4
Plate 5_B5_Sym_32C,Plate 5,Sym,B5,32C (heat stress),Sym_32,1,"5 dpl

08.02.2025",5,na,day_5
Plate 5_B5_Sym_32C,Plate 5,Sym,B5,32C (heat stress),Sym_32,1,"6 dpl

08.03. 2025",6,na,day_6
Plate 5_B5_Sym_32C,Plate 5,Sym,B5,32C (heat stress),Sym_32,1,"7 dpl

08.04.2025",7,na,day_7
Plate 5_B5_Sym_32C,Plate 5,Sym,B5,32C (heat stress),Sym_32,1,"8 dpl

08.05.2025",8,na,day_8
Plate 5_B5_Sym_32C,Plate 5,Sym,B5,32C (heat stress),Sym_32,1,"9 dpl

08.06.2025",9,na,day_9
Plate 5_B5_Sym_32C,Plate 5,Sym,B5,32C (heat stress),Sym_32,1,"10 dpl

08.07.2025",10,na,day_10
Plate 5_B5_Sym_32C,Plate 5,Sym,B5,32C (heat stress),Sym_32,1,"11 dpl

08.08.2025",11,na,day_11
Plate 5_B5_Sym_32C,Plate 5,Sym,B5,32C (heat stress),Sym_32,1,"13 dpl

08.10.2025",13,na,day_13
Plate 5_B5_Sym_32C,Plate 5,Sym,B5,32C (heat stress),Sym_32,1,"14 dpl

08.11.2025",14,na,day_14
Plate 5_B5_Sym_32C,Plate 5,Sym,B5,32C (heat stress),Sym_32,1,21 dpl,21,na,day_21
Plate 5_B6_Sym_32C,Plate 5,Sym,B6,32C (heat stress),Sym_32,1,"0 dpi

07.28.2025",0,0,day_0
Plate 5_B6_Sym_32C,Plate 5,Sym,B6,32C (heat stress),Sym_32,1,"3 dpl

07.31.2025",3,0,day_3
Plate 5_B6_Sym_32C,Plate 5,Sym,B6,32C (heat stress),Sym_32,1,"4 dpl

08.01.2025",4,0,day_4
Plate 5_B6_Sym_32C,Plate 5,Sym,B6,32C (heat stress),Sym_32,1,"5 dpl

08.02.2025",5,0,day_5
Plate 5_B6_Sym_32C,Plate 5,Sym,B6,32C (heat stress),Sym_32,1,"6 dpl

08.03. 2025",6,0,day_6
Plate 5_B6_Sym_32C,Plate 5,Sym,B6,32C (heat stress),Sym_32,1,"7 dpl

08.04.2025",7,0,day_7
Plate 5_B6_Sym_32C,Plate 5,Sym,B6,32C (heat stress),Sym_32,1,"8 dpl

08.05.2025",8,0,day_8
Plate 5_B6_Sym_32C,Plate 5,Sym,B6,32C (heat stress),Sym_32,1,"9 dpl

08.06.2025",9,0,day_9
Plate 5_B6_Sym_32C,Plate 5,Sym,B6,32C (heat stress),Sym_32,1,"10 dpl

08.07.2025",10,0,day_10
Plate 5_B6_Sym_32C,Plate 5,Sym,B6,32C (heat stress),Sym_32,1,"11 dpl

08.08.2025",11,0,day_11
Plate 5_B6_Sym_32C,Plate 5,Sym,B6,32C (heat stress),Sym_32,1,"13 dpl

08.10.2025",13,0,day_13
Plate 5_B6_Sym_32C,Plate 5,Sym,B6,32C (heat stress),Sym_32,1,"14 dpl

08.11.2025",14,0,day_14
Plate 5_B6_Sym_32C,Plate 5,Sym,B6,32C (heat stress),Sym_32,1,21 dpl,21,0,day_21
Plate 5_C1_Sym_32C,Plate 5,Sym,C1,32C (heat stress),Sym_32,1,"0 dpi

07.28.2025",0,0,day_0
Plate 5_C1_Sym_32C,Plate 5,Sym,C1,32C (heat stress),Sym_32,1,"3 dpl

07.31.2025",3,0,day_3
Plate 5_C1_Sym_32C,Plate 5,Sym,C1,32C (heat stress),Sym_32,1,"4 dpl

08.01.2025",4,0,day_4
Plate 5_C1_Sym_32C,Plate 5,Sym,C1,32C (heat stress),Sym_32,1,"5 dpl

08.02.2025",5,0,day_5
Plate 5_C1_Sym_32C,Plate 5,Sym,C1,32C (heat stress),Sym_32,1,"6 dpl

08.03. 2025",6,0,day_6
Plate 5_C1_Sym_32C,Plate 5,Sym,C1,32C (heat stress),Sym_32,1,"7 dpl

08.04.2025",7,0,day_7
Plate 5_C1_Sym_32C,Plate 5,Sym,C1,32C (heat stress),Sym_32,1,"8 dpl

08.05.2025",8,0,day_8
Plate 5_C1_Sym_32C,Plate 5,Sym,C1,32C (heat stress),Sym_32,1,"9 dpl

08.06.2025",9,0,day_9
Plate 5_C1_Sym_32C,Plate 5,Sym,C1,32C (heat stress),Sym_32,1,"10 dpl

08.07.2025",10,0,day_10
Plate 5_C1_Sym_32C,Plate 5,Sym,C1,32C (heat stress),Sym_32,1,"11 dpl

08.08.2025",11,0,day_11
Plate 5_C1_Sym_32C,Plate 5,Sym,C1,32C (heat stress),Sym_32,1,"13 dpl

08.10.2025",13,0,day_13
Plate 5_C1_Sym_32C,Plate 5,Sym,C1,32C (heat stress),Sym_32,1,"14 dpl

08.11.2025",14,0,day_14
Plate 5_C1_Sym_32C,Plate 5,Sym,C1,32C (heat stress),Sym_32,1,21 dpl,21,0,day_21
Plate 5_C2_Sym_32C,Plate 5,Sym,C2,32C (heat stress),Sym_32,1,"0 dpi

07.28.2025",0,0,day_0
Plate 5_C2_Sym_32C,Plate 5,Sym,C2,32C (heat stress),Sym_32,1,"3 dpl

07.31.2025",3,0,day_3
Plate 5_C2_Sym_32C,Plate 5,Sym,C2,32C (heat stress),Sym_32,1,"4 dpl

08.01.2025",4,0,day_4
Plate 5_C2_Sym_32C,Plate 5,Sym,C2,32C (heat stress),Sym_32,1,"5 dpl

08.02.2025",5,0,day_5
Plate 5_C2_Sym_32C,Plate 5,Sym,C2,32C (heat stress),Sym_32,1,"6 dpl

08.03. 2025",6,0,day_6
Plate 5_C2_Sym_32C,Plate 5,Sym,C2,32C (heat stress),Sym_32,1,"7 dpl

08.04.2025",7,0,day_7
Plate 5_C2_Sym_32C,Plate 5,Sym,C2,32C (heat stress),Sym_32,1,"8 dpl

08.05.2025",8,0,day_8
Plate 5_C2_Sym_32C,Plate 5,Sym,C2,32C (heat stress),Sym_32,1,"9 dpl

08.06.2025",9,0,day_9
Plate 5_C2_Sym_32C,Plate 5,Sym,C2,32C (heat stress),Sym_32,1,"10 dpl

08.07.2025",10,0,day_10
Plate 5_C2_Sym_32C,Plate 5,Sym,C2,32C (heat stress),Sym_32,1,"11 dpl

08.08.2025",11,0,day_11
Plate 5_C2_Sym_32C,Plate 5,Sym,C2,32C (heat stress),Sym_32,1,"13 dpl

08.10.2025",13,0,day_13
Plate 5_C2_Sym_32C,Plate 5,Sym,C2,32C (heat stress),Sym_32,1,"14 dpl

08.11.2025",14,0,day_14
Plate 5_C2_Sym_32C,Plate 5,Sym,C2,32C (heat stress),Sym_32,1,21 dpl,21,0,day_21
Plate 5_C3_Sym_32C,Plate 5,Sym,C3,32C (heat stress),Sym_32,1,"0 dpi

07.28.2025",0,0,day_0
Plate 5_C3_Sym_32C,Plate 5,Sym,C3,32C (heat stress),Sym_32,1,"3 dpl

07.31.2025",3,0,day_3
Plate 5_C3_Sym_32C,Plate 5,Sym,C3,32C (heat stress),Sym_32,1,"4 dpl

08.01.2025",4,na,day_4
Plate 5_C3_Sym_32C,Plate 5,Sym,C3,32C (heat stress),Sym_32,1,"5 dpl

08.02.2025",5,na,day_5
Plate 5_C3_Sym_32C,Plate 5,Sym,C3,32C (heat stress),Sym_32,1,"6 dpl

08.03. 2025",6,na,day_6
Plate 5_C3_Sym_32C,Plate 5,Sym,C3,32C (heat stress),Sym_32,1,"7 dpl

08.04.2025",7,na,day_7
Plate 5_C3_Sym_32C,Plate 5,Sym,C3,32C (heat stress),Sym_32,1,"8 dpl

08.05.2025",8,na,day_8
Plate 5_C3_Sym_32C,Plate 5,Sym,C3,32C (heat stress),Sym_32,1,"9 dpl

08.06.2025",9,na,day_9
Plate 5_C3_Sym_32C,Plate 5,Sym,C3,32C (heat stress),Sym_32,1,"10 dpl

08.07.2025",10,na,day_10
Plate 5_C3_Sym_32C,Plate 5,Sym,C3,32C (heat stress),Sym_32,1,"11 dpl

08.08.2025",11,na,day_11
Plate 5_C3_Sym_32C,Plate 5,Sym,C3,32C (heat stress),Sym_32,1,"13 dpl

08.10.2025",13,na,day_13
Plate 5_C3_Sym_32C,Plate 5,Sym,C3,32C (heat stress),Sym_32,1,"14 dpl

08.11.2025",14,na,day_14
Plate 5_C3_Sym_32C,Plate 5,Sym,C3,32C (heat stress),Sym_32,1,21 dpl,21,na,day_21
Plate 5_C3_Sym_32C,Plate 5,Sym,C3,32C (heat stress),Sym_32,2,"0 dpi

07.28.2025",0,0,day_0
Plate 5_C3_Sym_32C,Plate 5,Sym,C3,32C (heat stress),Sym_32,2,"3 dpl

07.31.2025",3,na,day_3
Plate 5_C3_Sym_32C,Plate 5,Sym,C3,32C (heat stress),Sym_32,2,"4 dpl

08.01.2025",4,na,day_4
Plate 5_C3_Sym_32C,Plate 5,Sym,C3,32C (heat stress),Sym_32,2,"5 dpl

08.02.2025",5,na,day_5
Plate 5_C3_Sym_32C,Plate 5,Sym,C3,32C (heat stress),Sym_32,2,"6 dpl

08.03. 2025",6,na,day_6
Plate 5_C3_Sym_32C,Plate 5,Sym,C3,32C (heat stress),Sym_32,2,"7 dpl

08.04.2025",7,na,day_7
Plate 5_C3_Sym_32C,Plate 5,Sym,C3,32C (heat stress),Sym_32,2,"8 dpl

08.05.2025",8,na,day_8
Plate 5_C3_Sym_32C,Plate 5,Sym,C3,32C (heat stress),Sym_32,2,"9 dpl

08.06.2025",9,na,day_9
Plate 5_C3_Sym_32C,Plate 5,Sym,C3,32C (heat stress),Sym_32,2,"10 dpl

08.07.2025",10,na,day_10
Plate 5_C3_Sym_32C,Plate 5,Sym,C3,32C (heat stress),Sym_32,2,"11 dpl

08.08.2025",11,na,day_11
Plate 5_C3_Sym_32C,Plate 5,Sym,C3,32C (heat stress),Sym_32,2,"13 dpl

08.10.2025",13,na,day_13
Plate 5_C3_Sym_32C,Plate 5,Sym,C3,32C (heat stress),Sym_32,2,"14 dpl

08.11.2025",14,na,day_14
Plate 5_C3_Sym_32C,Plate 5,Sym,C3,32C (heat stress),Sym_32,2,21 dpl,21,na,day_21
Plate 5_C4_Sym_32C,Plate 5,Sym,C4,32C (heat stress),Sym_32,1,"0 dpi

07.28.2025",0,0,day_0
Plate 5_C4_Sym_32C,Plate 5,Sym,C4,32C (heat stress),Sym_32,1,"3 dpl

07.31.2025",3,0,day_3
Plate 5_C4_Sym_32C,Plate 5,Sym,C4,32C (heat stress),Sym_32,1,"4 dpl

08.01.2025",4,0,day_4
Plate 5_C4_Sym_32C,Plate 5,Sym,C4,32C (heat stress),Sym_32,1,"5 dpl

08.02.2025",5,0,day_5
Plate 5_C4_Sym_32C,Plate 5,Sym,C4,32C (heat stress),Sym_32,1,"6 dpl

08.03. 2025",6,0,day_6
Plate 5_C4_Sym_32C,Plate 5,Sym,C4,32C (heat stress),Sym_32,1,"7 dpl

08.04.2025",7,0,day_7
Plate 5_C4_Sym_32C,Plate 5,Sym,C4,32C (heat stress),Sym_32,1,"8 dpl

08.05.2025",8,0,day_8
Plate 5_C4_Sym_32C,Plate 5,Sym,C4,32C (heat stress),Sym_32,1,"9 dpl

08.06.2025",9,0,day_9
Plate 5_C4_Sym_32C,Plate 5,Sym,C4,32C (heat stress),Sym_32,1,"10 dpl

08.07.2025",10,na,day_10
Plate 5_C4_Sym_32C,Plate 5,Sym,C4,32C (heat stress),Sym_32,1,"11 dpl

08.08.2025",11,na,day_11
Plate 5_C4_Sym_32C,Plate 5,Sym,C4,32C (heat stress),Sym_32,1,"13 dpl

08.10.2025",13,na,day_13
Plate 5_C4_Sym_32C,Plate 5,Sym,C4,32C (heat stress),Sym_32,1,"14 dpl

08.11.2025",14,na,day_14
Plate 5_C4_Sym_32C,Plate 5,Sym,C4,32C (heat stress),Sym_32,1,21 dpl,21,na,day_21
Plate 5_C5_Sym_32C,Plate 5,Sym,C5,32C (heat stress),Sym_32,1,"0 dpi

07.28.2025",0,0,day_0
Plate 5_C5_Sym_32C,Plate 5,Sym,C5,32C (heat stress),Sym_32,1,"3 dpl

07.31.2025",3,0,day_3
Plate 5_C5_Sym_32C,Plate 5,Sym,C5,32C (heat stress),Sym_32,1,"4 dpl

08.01.2025",4,0,day_4
Plate 5_C5_Sym_32C,Plate 5,Sym,C5,32C (heat stress),Sym_32,1,"5 dpl

08.02.2025",5,0,day_5
Plate 5_C5_Sym_32C,Plate 5,Sym,C5,32C (heat stress),Sym_32,1,"6 dpl

08.03. 2025",6,0,day_6
Plate 5_C5_Sym_32C,Plate 5,Sym,C5,32C (heat stress),Sym_32,1,"7 dpl

08.04.2025",7,1,day_7
Plate 5_C5_Sym_32C,Plate 5,Sym,C5,32C (heat stress),Sym_32,1,"8 dpl

08.05.2025",8,3,day_8
Plate 5_C5_Sym_32C,Plate 5,Sym,C5,32C (heat stress),Sym_32,1,"9 dpl

08.06.2025",9,6,day_9
Plate 5_C5_Sym_32C,Plate 5,Sym,C5,32C (heat stress),Sym_32,1,"10 dpl

08.07.2025",10,na,day_10
Plate 5_C5_Sym_32C,Plate 5,Sym,C5,32C (heat stress),Sym_32,1,"11 dpl

08.08.2025",11,na,day_11
Plate 5_C5_Sym_32C,Plate 5,Sym,C5,32C (heat stress),Sym_32,1,"13 dpl

08.10.2025",13,na,day_13
Plate 5_C5_Sym_32C,Plate 5,Sym,C5,32C (heat stress),Sym_32,1,"14 dpl

08.11.2025",14,na,day_14
Plate 5_C5_Sym_32C,Plate 5,Sym,C5,32C (heat stress),Sym_32,1,21 dpl,21,na,day_21
Plate 5_C6_Sym_32C,Plate 5,Sym,C6,32C (heat stress),Sym_32,1,"0 dpi

07.28.2025",0,0,day_0
Plate 5_C6_Sym_32C,Plate 5,Sym,C6,32C (heat stress),Sym_32,1,"3 dpl

07.31.2025",3,0,day_3
Plate 5_C6_Sym_32C,Plate 5,Sym,C6,32C (heat stress),Sym_32,1,"4 dpl

08.01.2025",4,na,day_4
Plate 5_C6_Sym_32C,Plate 5,Sym,C6,32C (heat stress),Sym_32,1,"5 dpl

08.02.2025",5,na,day_5
Plate 5_C6_Sym_32C,Plate 5,Sym,C6,32C (heat stress),Sym_32,1,"6 dpl

08.03. 2025",6,na,day_6
Plate 5_C6_Sym_32C,Plate 5,Sym,C6,32C (heat stress),Sym_32,1,"7 dpl

08.04.2025",7,na,day_7
Plate 5_C6_Sym_32C,Plate 5,Sym,C6,32C (heat stress),Sym_32,1,"8 dpl

08.05.2025",8,na,day_8
Plate 5_C6_Sym_32C,Plate 5,Sym,C6,32C (heat stress),Sym_32,1,"9 dpl

08.06.2025",9,na,day_9
Plate 5_C6_Sym_32C,Plate 5,Sym,C6,32C (heat stress),Sym_32,1,"10 dpl

08.07.2025",10,na,day_10
Plate 5_C6_Sym_32C,Plate 5,Sym,C6,32C (heat stress),Sym_32,1,"11 dpl

08.08.2025",11,na,day_11
Plate 5_C6_Sym_32C,Plate 5,Sym,C6,32C (heat stress),Sym_32,1,"13 dpl

08.10.2025",13,na,day_13
Plate 5_C6_Sym_32C,Plate 5,Sym,C6,32C (heat stress),Sym_32,1,"14 dpl

08.11.2025",14,na,day_14
Plate 5_C6_Sym_32C,Plate 5,Sym,C6,32C (heat stress),Sym_32,1,21 dpl,21,na,day_21
Plate 5_D1_Sym_32C,Plate 5,Sym,D1,32C (heat stress),Sym_32,1,"0 dpi

07.28.2025",0,0,day_0
Plate 5_D1_Sym_32C,Plate 5,Sym,D1,32C (heat stress),Sym_32,1,"3 dpl

07.31.2025",3,0,day_3
Plate 5_D1_Sym_32C,Plate 5,Sym,D1,32C (heat stress),Sym_32,1,"4 dpl

08.01.2025",4,na,day_4
Plate 5_D1_Sym_32C,Plate 5,Sym,D1,32C (heat stress),Sym_32,1,"5 dpl

08.02.2025",5,na,day_5
Plate 5_D1_Sym_32C,Plate 5,Sym,D1,32C (heat stress),Sym_32,1,"6 dpl

08.03. 2025",6,na,day_6
Plate 5_D1_Sym_32C,Plate 5,Sym,D1,32C (heat stress),Sym_32,1,"7 dpl

08.04.2025",7,na,day_7
Plate 5_D1_Sym_32C,Plate 5,Sym,D1,32C (heat stress),Sym_32,1,"8 dpl

08.05.2025",8,na,day_8
Plate 5_D1_Sym_32C,Plate 5,Sym,D1,32C (heat stress),Sym_32,1,"9 dpl

08.06.2025",9,na,day_9
Plate 5_D1_Sym_32C,Plate 5,Sym,D1,32C (heat stress),Sym_32,1,"10 dpl

08.07.2025",10,na,day_10
Plate 5_D1_Sym_32C,Plate 5,Sym,D1,32C (heat stress),Sym_32,1,"11 dpl

08.08.2025",11,na,day_11
Plate 5_D1_Sym_32C,Plate 5,Sym,D1,32C (heat stress),Sym_32,1,"13 dpl

08.10.2025",13,na,day_13
Plate 5_D1_Sym_32C,Plate 5,Sym,D1,32C (heat stress),Sym_32,1,"14 dpl

08.11.2025",14,na,day_14
Plate 5_D1_Sym_32C,Plate 5,Sym,D1,32C (heat stress),Sym_32,1,21 dpl,21,na,day_21
Plate 5_D2_Sym_32C,Plate 5,Sym,D2,32C (heat stress),Sym_32,1,"0 dpi

07.28.2025",0,0,day_0
Plate 5_D2_Sym_32C,Plate 5,Sym,D2,32C (heat stress),Sym_32,1,"3 dpl

07.31.2025",3,0,day_3
Plate 5_D2_Sym_32C,Plate 5,Sym,D2,32C (heat stress),Sym_32,1,"4 dpl

08.01.2025",4,0,day_4
Plate 5_D2_Sym_32C,Plate 5,Sym,D2,32C (heat stress),Sym_32,1,"5 dpl

08.02.2025",5,0,day_5
Plate 5_D2_Sym_32C,Plate 5,Sym,D2,32C (heat stress),Sym_32,1,"6 dpl

08.03. 2025",6,0,day_6
Plate 5_D2_Sym_32C,Plate 5,Sym,D2,32C (heat stress),Sym_32,1,"7 dpl

08.04.2025",7,0,day_7
Plate 5_D2_Sym_32C,Plate 5,Sym,D2,32C (heat stress),Sym_32,1,"8 dpl

08.05.2025",8,0,day_8
Plate 5_D2_Sym_32C,Plate 5,Sym,D2,32C (heat stress),Sym_32,1,"9 dpl

08.06.2025",9,0,day_9
Plate 5_D2_Sym_32C,Plate 5,Sym,D2,32C (heat stress),Sym_32,1,"10 dpl

08.07.2025",10,0,day_10
Plate 5_D2_Sym_32C,Plate 5,Sym,D2,32C (heat stress),Sym_32,1,"11 dpl

08.08.2025",11,0,day_11
Plate 5_D2_Sym_32C,Plate 5,Sym,D2,32C (heat stress),Sym_32,1,"13 dpl

08.10.2025",13,0,day_13
Plate 5_D2_Sym_32C,Plate 5,Sym,D2,32C (heat stress),Sym_32,1,"14 dpl

08.11.2025",14,0,day_14
Plate 5_D2_Sym_32C,Plate 5,Sym,D2,32C (heat stress),Sym_32,1,21 dpl,21,0,day_21
Plate 5_D3_Sym_32C,Plate 5,Sym,D3,32C (heat stress),Sym_32,1,"0 dpi

07.28.2025",0,0,day_0
Plate 5_D3_Sym_32C,Plate 5,Sym,D3,32C (heat stress),Sym_32,1,"3 dpl

07.31.2025",3,0,day_3
Plate 5_D3_Sym_32C,Plate 5,Sym,D3,32C (heat stress),Sym_32,1,"4 dpl

08.01.2025",4,0,day_4
Plate 5_D3_Sym_32C,Plate 5,Sym,D3,32C (heat stress),Sym_32,1,"5 dpl

08.02.2025",5,0,day_5
Plate 5_D3_Sym_32C,Plate 5,Sym,D3,32C (heat stress),Sym_32,1,"6 dpl

08.03. 2025",6,0,day_6
Plate 5_D3_Sym_32C,Plate 5,Sym,D3,32C (heat stress),Sym_32,1,"7 dpl

08.04.2025",7,0,day_7
Plate 5_D3_Sym_32C,Plate 5,Sym,D3,32C (heat stress),Sym_32,1,"8 dpl

08.05.2025",8,0,day_8
Plate 5_D3_Sym_32C,Plate 5,Sym,D3,32C (heat stress),Sym_32,1,"9 dpl

08.06.2025",9,0,day_9
Plate 5_D3_Sym_32C,Plate 5,Sym,D3,32C (heat stress),Sym_32,1,"10 dpl

08.07.2025",10,0,day_10
Plate 5_D3_Sym_32C,Plate 5,Sym,D3,32C (heat stress),Sym_32,1,"11 dpl

08.08.2025",11,0,day_11
Plate 5_D3_Sym_32C,Plate 5,Sym,D3,32C (heat stress),Sym_32,1,"13 dpl

08.10.2025",13,0,day_13
Plate 5_D3_Sym_32C,Plate 5,Sym,D3,32C (heat stress),Sym_32,1,"14 dpl

08.11.2025",14,0,day_14
Plate 5_D3_Sym_32C,Plate 5,Sym,D3,32C (heat stress),Sym_32,1,21 dpl,21,0,day_21
Plate 5_D4_Sym_32C,Plate 5,Sym,D4,32C (heat stress),Sym_32,1,"0 dpi

07.28.2025",0,0,day_0
Plate 5_D4_Sym_32C,Plate 5,Sym,D4,32C (heat stress),Sym_32,1,"3 dpl

07.31.2025",3,0,day_3
Plate 5_D4_Sym_32C,Plate 5,Sym,D4,32C (heat stress),Sym_32,1,"4 dpl

08.01.2025",4,0,day_4
Plate 5_D4_Sym_32C,Plate 5,Sym,D4,32C (heat stress),Sym_32,1,"5 dpl

08.02.2025",5,0,day_5
Plate 5_D4_Sym_32C,Plate 5,Sym,D4,32C (heat stress),Sym_32,1,"6 dpl

08.03. 2025",6,0,day_6
Plate 5_D4_Sym_32C,Plate 5,Sym,D4,32C (heat stress),Sym_32,1,"7 dpl

08.04.2025",7,0,day_7
Plate 5_D4_Sym_32C,Plate 5,Sym,D4,32C (heat stress),Sym_32,1,"8 dpl

08.05.2025",8,0,day_8
Plate 5_D4_Sym_32C,Plate 5,Sym,D4,32C (heat stress),Sym_32,1,"9 dpl

08.06.2025",9,0,day_9
Plate 5_D4_Sym_32C,Plate 5,Sym,D4,32C (heat stress),Sym_32,1,"10 dpl

08.07.2025",10,0,day_10
Plate 5_D4_Sym_32C,Plate 5,Sym,D4,32C (heat stress),Sym_32,1,"11 dpl

08.08.2025",11,0,day_11
Plate 5_D4_Sym_32C,Plate 5,Sym,D4,32C (heat stress),Sym_32,1,"13 dpl

08.10.2025",13,0,day_13
Plate 5_D4_Sym_32C,Plate 5,Sym,D4,32C (heat stress),Sym_32,1,"14 dpl

08.11.2025",14,0,day_14
Plate 5_D4_Sym_32C,Plate 5,Sym,D4,32C (heat stress),Sym_32,1,21 dpl,21,na,day_21
Plate 5_D5_Sym_32C,Plate 5,Sym,D5,32C (heat stress),Sym_32,1,"0 dpi

07.28.2025",0,0,day_0
Plate 5_D5_Sym_32C,Plate 5,Sym,D5,32C (heat stress),Sym_32,1,"3 dpl

07.31.2025",3,0,day_3
Plate 5_D5_Sym_32C,Plate 5,Sym,D5,32C (heat stress),Sym_32,1,"4 dpl

08.01.2025",4,0,day_4
Plate 5_D5_Sym_32C,Plate 5,Sym,D5,32C (heat stress),Sym_32,1,"5 dpl

08.02.2025",5,0,day_5
Plate 5_D5_Sym_32C,Plate 5,Sym,D5,32C (heat stress),Sym_32,1,"6 dpl

08.03. 2025",6,0,day_6
Plate 5_D5_Sym_32C,Plate 5,Sym,D5,32C (heat stress),Sym_32,1,"7 dpl

08.04.2025",7,0,day_7
Plate 5_D5_Sym_32C,Plate 5,Sym,D5,32C (heat stress),Sym_32,1,"8 dpl

08.05.2025",8,0,day_8
Plate 5_D5_Sym_32C,Plate 5,Sym,D5,32C (heat stress),Sym_32,1,"9 dpl

08.06.2025",9,0,day_9
Plate 5_D5_Sym_32C,Plate 5,Sym,D5,32C (heat stress),Sym_32,1,"10 dpl

08.07.2025",10,0,day_10
Plate 5_D5_Sym_32C,Plate 5,Sym,D5,32C (heat stress),Sym_32,1,"11 dpl

08.08.2025",11,0,day_11
Plate 5_D5_Sym_32C,Plate 5,Sym,D5,32C (heat stress),Sym_32,1,"13 dpl

08.10.2025",13,0,day_13
Plate 5_D5_Sym_32C,Plate 5,Sym,D5,32C (heat stress),Sym_32,1,"14 dpl

08.11.2025",14,0,day_14
Plate 5_D5_Sym_32C,Plate 5,Sym,D5,32C (heat stress),Sym_32,1,21 dpl,21,0,day_21
Plate 5_D6_Sym_32C,Plate 5,Sym,D6,32C (heat stress),Sym_32,1,"0 dpi

07.28.2025",0,0,day_0
Plate 5_D6_Sym_32C,Plate 5,Sym,D6,32C (heat stress),Sym_32,1,"3 dpl

07.31.2025",3,0,day_3
Plate 5_D6_Sym_32C,Plate 5,Sym,D6,32C (heat stress),Sym_32,1,"4 dpl

08.01.2025",4,0,day_4
Plate 5_D6_Sym_32C,Plate 5,Sym,D6,32C (heat stress),Sym_32,1,"5 dpl

08.02.2025",5,0,day_5
Plate 5_D6_Sym_32C,Plate 5,Sym,D6,32C (heat stress),Sym_32,1,"6 dpl

08.03. 2025",6,0,day_6
Plate 5_D6_Sym_32C,Plate 5,Sym,D6,32C (heat stress),Sym_32,1,"7 dpl

08.04.2025",7,0,day_7
Plate 5_D6_Sym_32C,Plate 5,Sym,D6,32C (heat stress),Sym_32,1,"8 dpl

08.05.2025",8,0,day_8
Plate 5_D6_Sym_32C,Plate 5,Sym,D6,32C (heat stress),Sym_32,1,"9 dpl

08.06.2025",9,0,day_9
Plate 5_D6_Sym_32C,Plate 5,Sym,D6,32C (heat stress),Sym_32,1,"10 dpl

08.07.2025",10,0,day_10
Plate 5_D6_Sym_32C,Plate 5,Sym,D6,32C (heat stress),Sym_32,1,"11 dpl

08.08.2025",11,0,day_11
Plate 5_D6_Sym_32C,Plate 5,Sym,D6,32C (heat stress),Sym_32,1,"13 dpl

08.10.2025",13,na,day_13
Plate 5_D6_Sym_32C,Plate 5,Sym,D6,32C (heat stress),Sym_32,1,"14 dpl

08.11.2025",14,na,day_14
Plate 5_D6_Sym_32C,Plate 5,Sym,D6,32C (heat stress),Sym_32,1,21 dpl,21,na,day_21
Plate 5_D6_Sym_32C,Plate 5,Sym,D6,32C (heat stress),Sym_32,2,"0 dpi

07.28.2025",0,0,day_0
Plate 5_D6_Sym_32C,Plate 5,Sym,D6,32C (heat stress),Sym_32,2,"3 dpl

07.31.2025",3,0,day_3
Plate 5_D6_Sym_32C,Plate 5,Sym,D6,32C (heat stress),Sym_32,2,"4 dpl

08.01.2025",4,0,day_4
Plate 5_D6_Sym_32C,Plate 5,Sym,D6,32C (heat stress),Sym_32,2,"5 dpl

08.02.2025",5,0,day_5
Plate 5_D6_Sym_32C,Plate 5,Sym,D6,32C (heat stress),Sym_32,2,"6 dpl

08.03. 2025",6,0,day_6
Plate 5_D6_Sym_32C,Plate 5,Sym,D6,32C (heat stress),Sym_32,2,"7 dpl

08.04.2025",7,0,day_7
Plate 5_D6_Sym_32C,Plate 5,Sym,D6,32C (heat stress),Sym_32,2,"8 dpl

08.05.2025",8,0,day_8
Plate 5_D6_Sym_32C,Plate 5,Sym,D6,32C (heat stress),Sym_32,2,"9 dpl

08.06.2025",9,0,day_9
Plate 5_D6_Sym_32C,Plate 5,Sym,D6,32C (heat stress),Sym_32,2,"10 dpl

08.07.2025",10,0,day_10
Plate 5_D6_Sym_32C,Plate 5,Sym,D6,32C (heat stress),Sym_32,2,"11 dpl

08.08.2025",11,0,day_11
Plate 5_D6_Sym_32C,Plate 5,Sym,D6,32C (heat stress),Sym_32,2,"13 dpl

08.10.2025",13,na,day_13
Plate 5_D6_Sym_32C,Plate 5,Sym,D6,32C (heat stress),Sym_32,2,"14 dpl

08.11.2025",14,na,day_14
Plate 5_D6_Sym_32C,Plate 5,Sym,D6,32C (heat stress),Sym_32,2,21 dpl,21,na,day_21
Plate 6_A1_Sym_32C,Plate 6,Sym,A1,32C (heat stress),Sym_32,1,"0 dpi

07.28.2025",0,0,day_0
Plate 6_A1_Sym_32C,Plate 6,Sym,A1,32C (heat stress),Sym_32,1,"3 dpl

07.31.2025",3,edu,day_3
Plate 6_A1_Sym_32C,Plate 6,Sym,A1,32C (heat stress),Sym_32,1,"4 dpl

08.01.2025",4,edu,day_4
Plate 6_A1_Sym_32C,Plate 6,Sym,A1,32C (heat stress),Sym_32,1,"5 dpl

08.02.2025",5,edu,day_5
Plate 6_A1_Sym_32C,Plate 6,Sym,A1,32C (heat stress),Sym_32,1,"6 dpl

08.03. 2025",6,edu,day_6
Plate 6_A1_Sym_32C,Plate 6,Sym,A1,32C (heat stress),Sym_32,1,"7 dpl

08.04.2025",7,edu,day_7
Plate 6_A1_Sym_32C,Plate 6,Sym,A1,32C (heat stress),Sym_32,1,"8 dpl

08.05.2025",8,edu,day_8
Plate 6_A1_Sym_32C,Plate 6,Sym,A1,32C (heat stress),Sym_32,1,"9 dpl

08.06.2025",9,edu,day_9
Plate 6_A1_Sym_32C,Plate 6,Sym,A1,32C (heat stress),Sym_32,1,"10 dpl

08.07.2025",10,edu,day_10
Plate 6_A1_Sym_32C,Plate 6,Sym,A1,32C (heat stress),Sym_32,1,"11 dpl

08.08.2025",11,edu,day_11
Plate 6_A1_Sym_32C,Plate 6,Sym,A1,32C (heat stress),Sym_32,1,"13 dpl

08.10.2025",13,edu,day_13
Plate 6_A1_Sym_32C,Plate 6,Sym,A1,32C (heat stress),Sym_32,1,"14 dpl

08.11.2025",14,edu,day_14
Plate 6_A1_Sym_32C,Plate 6,Sym,A1,32C (heat stress),Sym_32,1,21 dpl,21,edu,day_21
Plate 6_A1_Sym_32C,Plate 6,Sym,A1,32C (heat stress),Sym_32,2,"0 dpi

07.28.2025",0,0,day_0
Plate 6_A1_Sym_32C,Plate 6,Sym,A1,32C (heat stress),Sym_32,2,"3 dpl

07.31.2025",3,edu,day_3
Plate 6_A1_Sym_32C,Plate 6,Sym,A1,32C (heat stress),Sym_32,2,"4 dpl

08.01.2025",4,edu,day_4
Plate 6_A1_Sym_32C,Plate 6,Sym,A1,32C (heat stress),Sym_32,2,"5 dpl

08.02.2025",5,edu,day_5
Plate 6_A1_Sym_32C,Plate 6,Sym,A1,32C (heat stress),Sym_32,2,"6 dpl

08.03. 2025",6,edu,day_6
Plate 6_A1_Sym_32C,Plate 6,Sym,A1,32C (heat stress),Sym_32,2,"7 dpl

08.04.2025",7,edu,day_7
Plate 6_A1_Sym_32C,Plate 6,Sym,A1,32C (heat stress),Sym_32,2,"8 dpl

08.05.2025",8,edu,day_8
Plate 6_A1_Sym_32C,Plate 6,Sym,A1,32C (heat stress),Sym_32,2,"9 dpl

08.06.2025",9,edu,day_9
Plate 6_A1_Sym_32C,Plate 6,Sym,A1,32C (heat stress),Sym_32,2,"10 dpl

08.07.2025",10,edu,day_10
Plate 6_A1_Sym_32C,Plate 6,Sym,A1,32C (heat stress),Sym_32,2,"11 dpl

08.08.2025",11,edu,day_11
Plate 6_A1_Sym_32C,Plate 6,Sym,A1,32C (heat stress),Sym_32,2,"13 dpl

08.10.2025",13,edu,day_13
Plate 6_A1_Sym_32C,Plate 6,Sym,A1,32C (heat stress),Sym_32,2,"14 dpl

08.11.2025",14,edu,day_14
Plate 6_A1_Sym_32C,Plate 6,Sym,A1,32C (heat stress),Sym_32,2,21 dpl,21,edu,day_21
Plate 6_A2_Sym_32C,Plate 6,Sym,A2,32C (heat stress),Sym_32,1,"0 dpi

07.28.2025",0,0,day_0
Plate 6_A2_Sym_32C,Plate 6,Sym,A2,32C (heat stress),Sym_32,1,"3 dpl

07.31.2025",3,edu,day_3
Plate 6_A2_Sym_32C,Plate 6,Sym,A2,32C (heat stress),Sym_32,1,"4 dpl

08.01.2025",4,edu,day_4
Plate 6_A2_Sym_32C,Plate 6,Sym,A2,32C (heat stress),Sym_32,1,"5 dpl

08.02.2025",5,edu,day_5
Plate 6_A2_Sym_32C,Plate 6,Sym,A2,32C (heat stress),Sym_32,1,"6 dpl

08.03. 2025",6,edu,day_6
Plate 6_A2_Sym_32C,Plate 6,Sym,A2,32C (heat stress),Sym_32,1,"7 dpl

08.04.2025",7,edu,day_7
Plate 6_A2_Sym_32C,Plate 6,Sym,A2,32C (heat stress),Sym_32,1,"8 dpl

08.05.2025",8,edu,day_8
Plate 6_A2_Sym_32C,Plate 6,Sym,A2,32C (heat stress),Sym_32,1,"9 dpl

08.06.2025",9,edu,day_9
Plate 6_A2_Sym_32C,Plate 6,Sym,A2,32C (heat stress),Sym_32,1,"10 dpl

08.07.2025",10,edu,day_10
Plate 6_A2_Sym_32C,Plate 6,Sym,A2,32C (heat stress),Sym_32,1,"11 dpl

08.08.2025",11,edu,day_11
Plate 6_A2_Sym_32C,Plate 6,Sym,A2,32C (heat stress),Sym_32,1,"13 dpl

08.10.2025",13,edu,day_13
Plate 6_A2_Sym_32C,Plate 6,Sym,A2,32C (heat stress),Sym_32,1,"14 dpl

08.11.2025",14,edu,day_14
Plate 6_A2_Sym_32C,Plate 6,Sym,A2,32C (heat stress),Sym_32,1,21 dpl,21,edu,day_21
Plate 6_A3_Sym_32C,Plate 6,Sym,A3,32C (heat stress),Sym_32,1,"0 dpi

07.28.2025",0,0,day_0
Plate 6_A3_Sym_32C,Plate 6,Sym,A3,32C (heat stress),Sym_32,1,"3 dpl

07.31.2025",3,edu,day_3
Plate 6_A3_Sym_32C,Plate 6,Sym,A3,32C (heat stress),Sym_32,1,"4 dpl

08.01.2025",4,edu,day_4
Plate 6_A3_Sym_32C,Plate 6,Sym,A3,32C (heat stress),Sym_32,1,"5 dpl

08.02.2025",5,edu,day_5
Plate 6_A3_Sym_32C,Plate 6,Sym,A3,32C (heat stress),Sym_32,1,"6 dpl

08.03. 2025",6,edu,day_6
Plate 6_A3_Sym_32C,Plate 6,Sym,A3,32C (heat stress),Sym_32,1,"7 dpl

08.04.2025",7,edu,day_7
Plate 6_A3_Sym_32C,Plate 6,Sym,A3,32C (heat stress),Sym_32,1,"8 dpl

08.05.2025",8,edu,day_8
Plate 6_A3_Sym_32C,Plate 6,Sym,A3,32C (heat stress),Sym_32,1,"9 dpl

08.06.2025",9,edu,day_9
Plate 6_A3_Sym_32C,Plate 6,Sym,A3,32C (heat stress),Sym_32,1,"10 dpl

08.07.2025",10,edu,day_10
Plate 6_A3_Sym_32C,Plate 6,Sym,A3,32C (heat stress),Sym_32,1,"11 dpl

08.08.2025",11,edu,day_11
Plate 6_A3_Sym_32C,Plate 6,Sym,A3,32C (heat stress),Sym_32,1,"13 dpl

08.10.2025",13,edu,day_13
Plate 6_A3_Sym_32C,Plate 6,Sym,A3,32C (heat stress),Sym_32,1,"14 dpl

08.11.2025",14,edu,day_14
Plate 6_A3_Sym_32C,Plate 6,Sym,A3,32C (heat stress),Sym_32,1,21 dpl,21,edu,day_21
Plate 6_A3_Sym_32C,Plate 6,Sym,A3,32C (heat stress),Sym_32,2,"0 dpi

07.28.2025",0,0,day_0
Plate 6_A3_Sym_32C,Plate 6,Sym,A3,32C (heat stress),Sym_32,2,"3 dpl

07.31.2025",3,edu,day_3
Plate 6_A3_Sym_32C,Plate 6,Sym,A3,32C (heat stress),Sym_32,2,"4 dpl

08.01.2025",4,edu,day_4
Plate 6_A3_Sym_32C,Plate 6,Sym,A3,32C (heat stress),Sym_32,2,"5 dpl

08.02.2025",5,edu,day_5
Plate 6_A3_Sym_32C,Plate 6,Sym,A3,32C (heat stress),Sym_32,2,"6 dpl

08.03. 2025",6,edu,day_6
Plate 6_A3_Sym_32C,Plate 6,Sym,A3,32C (heat stress),Sym_32,2,"7 dpl

08.04.2025",7,edu,day_7
Plate 6_A3_Sym_32C,Plate 6,Sym,A3,32C (heat stress),Sym_32,2,"8 dpl

08.05.2025",8,edu,day_8
Plate 6_A3_Sym_32C,Plate 6,Sym,A3,32C (heat stress),Sym_32,2,"9 dpl

08.06.2025",9,edu,day_9
Plate 6_A3_Sym_32C,Plate 6,Sym,A3,32C (heat stress),Sym_32,2,"10 dpl

08.07.2025",10,edu,day_10
Plate 6_A3_Sym_32C,Plate 6,Sym,A3,32C (heat stress),Sym_32,2,"11 dpl

08.08.2025",11,edu,day_11
Plate 6_A3_Sym_32C,Plate 6,Sym,A3,32C (heat stress),Sym_32,2,"13 dpl

08.10.2025",13,edu,day_13
Plate 6_A3_Sym_32C,Plate 6,Sym,A3,32C (heat stress),Sym_32,2,"14 dpl

08.11.2025",14,edu,day_14
Plate 6_A3_Sym_32C,Plate 6,Sym,A3,32C (heat stress),Sym_32,2,21 dpl,21,edu,day_21
Plate 6_A3_Sym_32C,Plate 6,Sym,A3,32C (heat stress),Sym_32,3,"0 dpi

07.28.2025",0,0,day_0
Plate 6_A3_Sym_32C,Plate 6,Sym,A3,32C (heat stress),Sym_32,3,"3 dpl

07.31.2025",3,edu,day_3
Plate 6_A3_Sym_32C,Plate 6,Sym,A3,32C (heat stress),Sym_32,3,"4 dpl

08.01.2025",4,edu,day_4
Plate 6_A3_Sym_32C,Plate 6,Sym,A3,32C (heat stress),Sym_32,3,"5 dpl

08.02.2025",5,edu,day_5
Plate 6_A3_Sym_32C,Plate 6,Sym,A3,32C (heat stress),Sym_32,3,"6 dpl

08.03. 2025",6,edu,day_6
Plate 6_A3_Sym_32C,Plate 6,Sym,A3,32C (heat stress),Sym_32,3,"7 dpl

08.04.2025",7,edu,day_7
Plate 6_A3_Sym_32C,Plate 6,Sym,A3,32C (heat stress),Sym_32,3,"8 dpl

08.05.2025",8,edu,day_8
Plate 6_A3_Sym_32C,Plate 6,Sym,A3,32C (heat stress),Sym_32,3,"9 dpl

08.06.2025",9,edu,day_9
Plate 6_A3_Sym_32C,Plate 6,Sym,A3,32C (heat stress),Sym_32,3,"10 dpl

08.07.2025",10,edu,day_10
Plate 6_A3_Sym_32C,Plate 6,Sym,A3,32C (heat stress),Sym_32,3,"11 dpl

08.08.2025",11,edu,day_11
Plate 6_A3_Sym_32C,Plate 6,Sym,A3,32C (heat stress),Sym_32,3,"13 dpl

08.10.2025",13,edu,day_13
Plate 6_A3_Sym_32C,Plate 6,Sym,A3,32C (heat stress),Sym_32,3,"14 dpl

08.11.2025",14,edu,day_14
Plate 6_A3_Sym_32C,Plate 6,Sym,A3,32C (heat stress),Sym_32,3,21 dpl,21,edu,day_21
Plate 6_A4_Sym_32C,Plate 6,Sym,A4,32C (heat stress),Sym_32,1,"0 dpi

07.28.2025",0,0,day_0
Plate 6_A4_Sym_32C,Plate 6,Sym,A4,32C (heat stress),Sym_32,1,"3 dpl

07.31.2025",3,edu,day_3
Plate 6_A4_Sym_32C,Plate 6,Sym,A4,32C (heat stress),Sym_32,1,"4 dpl

08.01.2025",4,edu,day_4
Plate 6_A4_Sym_32C,Plate 6,Sym,A4,32C (heat stress),Sym_32,1,"5 dpl

08.02.2025",5,edu,day_5
Plate 6_A4_Sym_32C,Plate 6,Sym,A4,32C (heat stress),Sym_32,1,"6 dpl

08.03. 2025",6,edu,day_6
Plate 6_A4_Sym_32C,Plate 6,Sym,A4,32C (heat stress),Sym_32,1,"7 dpl

08.04.2025",7,edu,day_7
Plate 6_A4_Sym_32C,Plate 6,Sym,A4,32C (heat stress),Sym_32,1,"8 dpl

08.05.2025",8,edu,day_8
Plate 6_A4_Sym_32C,Plate 6,Sym,A4,32C (heat stress),Sym_32,1,"9 dpl

08.06.2025",9,edu,day_9
Plate 6_A4_Sym_32C,Plate 6,Sym,A4,32C (heat stress),Sym_32,1,"10 dpl

08.07.2025",10,edu,day_10
Plate 6_A4_Sym_32C,Plate 6,Sym,A4,32C (heat stress),Sym_32,1,"11 dpl

08.08.2025",11,edu,day_11
Plate 6_A4_Sym_32C,Plate 6,Sym,A4,32C (heat stress),Sym_32,1,"13 dpl

08.10.2025",13,edu,day_13
Plate 6_A4_Sym_32C,Plate 6,Sym,A4,32C (heat stress),Sym_32,1,"14 dpl

08.11.2025",14,edu,day_14
Plate 6_A4_Sym_32C,Plate 6,Sym,A4,32C (heat stress),Sym_32,1,21 dpl,21,edu,day_21
Plate 6_A5_Sym_32C,Plate 6,Sym,A5,32C (heat stress),Sym_32,1,"0 dpi

07.28.2025",0,0,day_0
Plate 6_A5_Sym_32C,Plate 6,Sym,A5,32C (heat stress),Sym_32,1,"3 dpl

07.31.2025",3,edu,day_3
Plate 6_A5_Sym_32C,Plate 6,Sym,A5,32C (heat stress),Sym_32,1,"4 dpl

08.01.2025",4,edu,day_4
Plate 6_A5_Sym_32C,Plate 6,Sym,A5,32C (heat stress),Sym_32,1,"5 dpl

08.02.2025",5,edu,day_5
Plate 6_A5_Sym_32C,Plate 6,Sym,A5,32C (heat stress),Sym_32,1,"6 dpl

08.03. 2025",6,edu,day_6
Plate 6_A5_Sym_32C,Plate 6,Sym,A5,32C (heat stress),Sym_32,1,"7 dpl

08.04.2025",7,edu,day_7
Plate 6_A5_Sym_32C,Plate 6,Sym,A5,32C (heat stress),Sym_32,1,"8 dpl

08.05.2025",8,edu,day_8
Plate 6_A5_Sym_32C,Plate 6,Sym,A5,32C (heat stress),Sym_32,1,"9 dpl

08.06.2025",9,edu,day_9
Plate 6_A5_Sym_32C,Plate 6,Sym,A5,32C (heat stress),Sym_32,1,"10 dpl

08.07.2025",10,edu,day_10
Plate 6_A5_Sym_32C,Plate 6,Sym,A5,32C (heat stress),Sym_32,1,"11 dpl

08.08.2025",11,edu,day_11
Plate 6_A5_Sym_32C,Plate 6,Sym,A5,32C (heat stress),Sym_32,1,"13 dpl

08.10.2025",13,edu,day_13
Plate 6_A5_Sym_32C,Plate 6,Sym,A5,32C (heat stress),Sym_32,1,"14 dpl

08.11.2025",14,edu,day_14
Plate 6_A5_Sym_32C,Plate 6,Sym,A5,32C (heat stress),Sym_32,1,21 dpl,21,edu,day_21
Plate 6_A6_Sym_32C,Plate 6,Sym,A6,32C (heat stress),Sym_32,1,"0 dpi

07.28.2025",0,0,day_0
Plate 6_A6_Sym_32C,Plate 6,Sym,A6,32C (heat stress),Sym_32,1,"3 dpl

07.31.2025",3,edu,day_3
Plate 6_A6_Sym_32C,Plate 6,Sym,A6,32C (heat stress),Sym_32,1,"4 dpl

08.01.2025",4,edu,day_4
Plate 6_A6_Sym_32C,Plate 6,Sym,A6,32C (heat stress),Sym_32,1,"5 dpl

08.02.2025",5,edu,day_5
Plate 6_A6_Sym_32C,Plate 6,Sym,A6,32C (heat stress),Sym_32,1,"6 dpl

08.03. 2025",6,edu,day_6
Plate 6_A6_Sym_32C,Plate 6,Sym,A6,32C (heat stress),Sym_32,1,"7 dpl

08.04.2025",7,edu,day_7
Plate 6_A6_Sym_32C,Plate 6,Sym,A6,32C (heat stress),Sym_32,1,"8 dpl

08.05.2025",8,edu,day_8
Plate 6_A6_Sym_32C,Plate 6,Sym,A6,32C (heat stress),Sym_32,1,"9 dpl

08.06.2025",9,edu,day_9
Plate 6_A6_Sym_32C,Plate 6,Sym,A6,32C (heat stress),Sym_32,1,"10 dpl

08.07.2025",10,edu,day_10
Plate 6_A6_Sym_32C,Plate 6,Sym,A6,32C (heat stress),Sym_32,1,"11 dpl

08.08.2025",11,edu,day_11
Plate 6_A6_Sym_32C,Plate 6,Sym,A6,32C (heat stress),Sym_32,1,"13 dpl

08.10.2025",13,edu,day_13
Plate 6_A6_Sym_32C,Plate 6,Sym,A6,32C (heat stress),Sym_32,1,"14 dpl

08.11.2025",14,edu,day_14
Plate 6_A6_Sym_32C,Plate 6,Sym,A6,32C (heat stress),Sym_32,1,21 dpl,21,edu,day_21
Plate 6_B1_Sym_32C,Plate 6,Sym,B1,32C (heat stress),Sym_32,1,"0 dpi

07.28.2025",0,0,day_0
Plate 6_B1_Sym_32C,Plate 6,Sym,B1,32C (heat stress),Sym_32,1,"3 dpl

07.31.2025",3,na,day_3
Plate 6_B1_Sym_32C,Plate 6,Sym,B1,32C (heat stress),Sym_32,1,"4 dpl

08.01.2025",4,na,day_4
Plate 6_B1_Sym_32C,Plate 6,Sym,B1,32C (heat stress),Sym_32,1,"5 dpl

08.02.2025",5,na,day_5
Plate 6_B1_Sym_32C,Plate 6,Sym,B1,32C (heat stress),Sym_32,1,"6 dpl

08.03. 2025",6,na,day_6
Plate 6_B1_Sym_32C,Plate 6,Sym,B1,32C (heat stress),Sym_32,1,"7 dpl

08.04.2025",7,na,day_7
Plate 6_B1_Sym_32C,Plate 6,Sym,B1,32C (heat stress),Sym_32,1,"8 dpl

08.05.2025",8,na,day_8
Plate 6_B1_Sym_32C,Plate 6,Sym,B1,32C (heat stress),Sym_32,1,"9 dpl

08.06.2025",9,na,day_9
Plate 6_B1_Sym_32C,Plate 6,Sym,B1,32C (heat stress),Sym_32,1,"10 dpl

08.07.2025",10,na,day_10
Plate 6_B1_Sym_32C,Plate 6,Sym,B1,32C (heat stress),Sym_32,1,"11 dpl

08.08.2025",11,na,day_11
Plate 6_B1_Sym_32C,Plate 6,Sym,B1,32C (heat stress),Sym_32,1,"13 dpl

08.10.2025",13,na,day_13
Plate 6_B1_Sym_32C,Plate 6,Sym,B1,32C (heat stress),Sym_32,1,"14 dpl

08.11.2025",14,na,day_14
Plate 6_B1_Sym_32C,Plate 6,Sym,B1,32C (heat stress),Sym_32,1,21 dpl,21,na,day_21
Plate 6_B2_Sym_32C,Plate 6,Sym,B2,32C (heat stress),Sym_32,1,"0 dpi

07.28.2025",0,0,day_0
Plate 6_B2_Sym_32C,Plate 6,Sym,B2,32C (heat stress),Sym_32,1,"3 dpl

07.31.2025",3,0,day_3
Plate 6_B2_Sym_32C,Plate 6,Sym,B2,32C (heat stress),Sym_32,1,"4 dpl

08.01.2025",4,0,day_4
Plate 6_B2_Sym_32C,Plate 6,Sym,B2,32C (heat stress),Sym_32,1,"5 dpl

08.02.2025",5,edu,day_5
Plate 6_B2_Sym_32C,Plate 6,Sym,B2,32C (heat stress),Sym_32,1,"6 dpl

08.03. 2025",6,edu,day_6
Plate 6_B2_Sym_32C,Plate 6,Sym,B2,32C (heat stress),Sym_32,1,"7 dpl

08.04.2025",7,edu,day_7
Plate 6_B2_Sym_32C,Plate 6,Sym,B2,32C (heat stress),Sym_32,1,"8 dpl

08.05.2025",8,edu,day_8
Plate 6_B2_Sym_32C,Plate 6,Sym,B2,32C (heat stress),Sym_32,1,"9 dpl

08.06.2025",9,edu,day_9
Plate 6_B2_Sym_32C,Plate 6,Sym,B2,32C (heat stress),Sym_32,1,"10 dpl

08.07.2025",10,edu,day_10
Plate 6_B2_Sym_32C,Plate 6,Sym,B2,32C (heat stress),Sym_32,1,"11 dpl

08.08.2025",11,edu,day_11
Plate 6_B2_Sym_32C,Plate 6,Sym,B2,32C (heat stress),Sym_32,1,"13 dpl

08.10.2025",13,edu,day_13
Plate 6_B2_Sym_32C,Plate 6,Sym,B2,32C (heat stress),Sym_32,1,"14 dpl

08.11.2025",14,edu,day_14
Plate 6_B2_Sym_32C,Plate 6,Sym,B2,32C (heat stress),Sym_32,1,21 dpl,21,edu,day_21
Plate 6_B3_Sym_32C,Plate 6,Sym,B3,32C (heat stress),Sym_32,1,"0 dpi

07.28.2025",0,0,day_0
Plate 6_B3_Sym_32C,Plate 6,Sym,B3,32C (heat stress),Sym_32,1,"3 dpl

07.31.2025",3,0,day_3
Plate 6_B3_Sym_32C,Plate 6,Sym,B3,32C (heat stress),Sym_32,1,"4 dpl

08.01.2025",4,0,day_4
Plate 6_B3_Sym_32C,Plate 6,Sym,B3,32C (heat stress),Sym_32,1,"5 dpl

08.02.2025",5,edu,day_5
Plate 6_B3_Sym_32C,Plate 6,Sym,B3,32C (heat stress),Sym_32,1,"6 dpl

08.03. 2025",6,edu,day_6
Plate 6_B3_Sym_32C,Plate 6,Sym,B3,32C (heat stress),Sym_32,1,"7 dpl

08.04.2025",7,edu,day_7
Plate 6_B3_Sym_32C,Plate 6,Sym,B3,32C (heat stress),Sym_32,1,"8 dpl

08.05.2025",8,edu,day_8
Plate 6_B3_Sym_32C,Plate 6,Sym,B3,32C (heat stress),Sym_32,1,"9 dpl

08.06.2025",9,edu,day_9
Plate 6_B3_Sym_32C,Plate 6,Sym,B3,32C (heat stress),Sym_32,1,"10 dpl

08.07.2025",10,edu,day_10
Plate 6_B3_Sym_32C,Plate 6,Sym,B3,32C (heat stress),Sym_32,1,"11 dpl

08.08.2025",11,edu,day_11
Plate 6_B3_Sym_32C,Plate 6,Sym,B3,32C (heat stress),Sym_32,1,"13 dpl

08.10.2025",13,edu,day_13
Plate 6_B3_Sym_32C,Plate 6,Sym,B3,32C (heat stress),Sym_32,1,"14 dpl

08.11.2025",14,edu,day_14
Plate 6_B3_Sym_32C,Plate 6,Sym,B3,32C (heat stress),Sym_32,1,21 dpl,21,edu,day_21
Plate 6_B4_Sym_32C,Plate 6,Sym,B4,32C (heat stress),Sym_32,1,"0 dpi

07.28.2025",0,0,day_0
Plate 6_B4_Sym_32C,Plate 6,Sym,B4,32C (heat stress),Sym_32,1,"3 dpl

07.31.2025",3,0,day_3
Plate 6_B4_Sym_32C,Plate 6,Sym,B4,32C (heat stress),Sym_32,1,"4 dpl

08.01.2025",4,0,day_4
Plate 6_B4_Sym_32C,Plate 6,Sym,B4,32C (heat stress),Sym_32,1,"5 dpl

08.02.2025",5,edu,day_5
Plate 6_B4_Sym_32C,Plate 6,Sym,B4,32C (heat stress),Sym_32,1,"6 dpl

08.03. 2025",6,edu,day_6
Plate 6_B4_Sym_32C,Plate 6,Sym,B4,32C (heat stress),Sym_32,1,"7 dpl

08.04.2025",7,edu,day_7
Plate 6_B4_Sym_32C,Plate 6,Sym,B4,32C (heat stress),Sym_32,1,"8 dpl

08.05.2025",8,edu,day_8
Plate 6_B4_Sym_32C,Plate 6,Sym,B4,32C (heat stress),Sym_32,1,"9 dpl

08.06.2025",9,edu,day_9
Plate 6_B4_Sym_32C,Plate 6,Sym,B4,32C (heat stress),Sym_32,1,"10 dpl

08.07.2025",10,edu,day_10
Plate 6_B4_Sym_32C,Plate 6,Sym,B4,32C (heat stress),Sym_32,1,"11 dpl

08.08.2025",11,edu,day_11
Plate 6_B4_Sym_32C,Plate 6,Sym,B4,32C (heat stress),Sym_32,1,"13 dpl

08.10.2025",13,edu,day_13
Plate 6_B4_Sym_32C,Plate 6,Sym,B4,32C (heat stress),Sym_32,1,"14 dpl

08.11.2025",14,edu,day_14
Plate 6_B4_Sym_32C,Plate 6,Sym,B4,32C (heat stress),Sym_32,1,21 dpl,21,edu,day_21
Plate 6_B5_Sym_32C,Plate 6,Sym,B5,32C (heat stress),Sym_32,1,"0 dpi

07.28.2025",0,0,day_0
Plate 6_B5_Sym_32C,Plate 6,Sym,B5,32C (heat stress),Sym_32,1,"3 dpl

07.31.2025",3,na,day_3
Plate 6_B5_Sym_32C,Plate 6,Sym,B5,32C (heat stress),Sym_32,1,"4 dpl

08.01.2025",4,na,day_4
Plate 6_B5_Sym_32C,Plate 6,Sym,B5,32C (heat stress),Sym_32,1,"5 dpl

08.02.2025",5,na,day_5
Plate 6_B5_Sym_32C,Plate 6,Sym,B5,32C (heat stress),Sym_32,1,"6 dpl

08.03. 2025",6,na,day_6
Plate 6_B5_Sym_32C,Plate 6,Sym,B5,32C (heat stress),Sym_32,1,"7 dpl

08.04.2025",7,na,day_7
Plate 6_B5_Sym_32C,Plate 6,Sym,B5,32C (heat stress),Sym_32,1,"8 dpl

08.05.2025",8,na,day_8
Plate 6_B5_Sym_32C,Plate 6,Sym,B5,32C (heat stress),Sym_32,1,"9 dpl

08.06.2025",9,na,day_9
Plate 6_B5_Sym_32C,Plate 6,Sym,B5,32C (heat stress),Sym_32,1,"10 dpl

08.07.2025",10,na,day_10
Plate 6_B5_Sym_32C,Plate 6,Sym,B5,32C (heat stress),Sym_32,1,"11 dpl

08.08.2025",11,na,day_11
Plate 6_B5_Sym_32C,Plate 6,Sym,B5,32C (heat stress),Sym_32,1,"13 dpl

08.10.2025",13,na,day_13
Plate 6_B5_Sym_32C,Plate 6,Sym,B5,32C (heat stress),Sym_32,1,"14 dpl

08.11.2025",14,na,day_14
Plate 6_B5_Sym_32C,Plate 6,Sym,B5,32C (heat stress),Sym_32,1,21 dpl,21,na,day_21
Plate 6_B6_Sym_32C,Plate 6,Sym,B6,32C (heat stress),Sym_32,1,"0 dpi

07.28.2025",0,0,day_0
Plate 6_B6_Sym_32C,Plate 6,Sym,B6,32C (heat stress),Sym_32,1,"3 dpl

07.31.2025",3,0,day_3
Plate 6_B6_Sym_32C,Plate 6,Sym,B6,32C (heat stress),Sym_32,1,"4 dpl

08.01.2025",4,0,day_4
Plate 6_B6_Sym_32C,Plate 6,Sym,B6,32C (heat stress),Sym_32,1,"5 dpl

08.02.2025",5,edu,day_5
Plate 6_B6_Sym_32C,Plate 6,Sym,B6,32C (heat stress),Sym_32,1,"6 dpl

08.03. 2025",6,edu,day_6
Plate 6_B6_Sym_32C,Plate 6,Sym,B6,32C (heat stress),Sym_32,1,"7 dpl

08.04.2025",7,edu,day_7
Plate 6_B6_Sym_32C,Plate 6,Sym,B6,32C (heat stress),Sym_32,1,"8 dpl

08.05.2025",8,edu,day_8
Plate 6_B6_Sym_32C,Plate 6,Sym,B6,32C (heat stress),Sym_32,1,"9 dpl

08.06.2025",9,edu,day_9
Plate 6_B6_Sym_32C,Plate 6,Sym,B6,32C (heat stress),Sym_32,1,"10 dpl

08.07.2025",10,edu,day_10
Plate 6_B6_Sym_32C,Plate 6,Sym,B6,32C (heat stress),Sym_32,1,"11 dpl

08.08.2025",11,edu,day_11
Plate 6_B6_Sym_32C,Plate 6,Sym,B6,32C (heat stress),Sym_32,1,"13 dpl

08.10.2025",13,edu,day_13
Plate 6_B6_Sym_32C,Plate 6,Sym,B6,32C (heat stress),Sym_32,1,"14 dpl

08.11.2025",14,edu,day_14
Plate 6_B6_Sym_32C,Plate 6,Sym,B6,32C (heat stress),Sym_32,1,21 dpl,21,edu,day_21
Plate 6_C1_Sym_32C,Plate 6,Sym,C1,32C (heat stress),Sym_32,1,"0 dpi

07.28.2025",0,0,day_0
Plate 6_C1_Sym_32C,Plate 6,Sym,C1,32C (heat stress),Sym_32,1,"3 dpl

07.31.2025",3,0,day_3
Plate 6_C1_Sym_32C,Plate 6,Sym,C1,32C (heat stress),Sym_32,1,"4 dpl

08.01.2025",4,0,day_4
Plate 6_C1_Sym_32C,Plate 6,Sym,C1,32C (heat stress),Sym_32,1,"5 dpl

08.02.2025",5,0,day_5
Plate 6_C1_Sym_32C,Plate 6,Sym,C1,32C (heat stress),Sym_32,1,"6 dpl

08.03. 2025",6,0,day_6
Plate 6_C1_Sym_32C,Plate 6,Sym,C1,32C (heat stress),Sym_32,1,"7 dpl

08.04.2025",7,0,day_7
Plate 6_C1_Sym_32C,Plate 6,Sym,C1,32C (heat stress),Sym_32,1,"8 dpl

08.05.2025",8,0,day_8
Plate 6_C1_Sym_32C,Plate 6,Sym,C1,32C (heat stress),Sym_32,1,"9 dpl

08.06.2025",9,0,day_9
Plate 6_C1_Sym_32C,Plate 6,Sym,C1,32C (heat stress),Sym_32,1,"10 dpl

08.07.2025",10,0,day_10
Plate 6_C1_Sym_32C,Plate 6,Sym,C1,32C (heat stress),Sym_32,1,"11 dpl

08.08.2025",11,0,day_11
Plate 6_C1_Sym_32C,Plate 6,Sym,C1,32C (heat stress),Sym_32,1,"13 dpl

08.10.2025",13,0,day_13
Plate 6_C1_Sym_32C,Plate 6,Sym,C1,32C (heat stress),Sym_32,1,"14 dpl

08.11.2025",14,na,day_14
Plate 6_C1_Sym_32C,Plate 6,Sym,C1,32C (heat stress),Sym_32,1,21 dpl,21,na,day_21
Plate 6_C2_Sym_32C,Plate 6,Sym,C2,32C (heat stress),Sym_32,1,"0 dpi

07.28.2025",0,0,day_0
Plate 6_C2_Sym_32C,Plate 6,Sym,C2,32C (heat stress),Sym_32,1,"3 dpl

07.31.2025",3,0,day_3
Plate 6_C2_Sym_32C,Plate 6,Sym,C2,32C (heat stress),Sym_32,1,"4 dpl

08.01.2025",4,0,day_4
Plate 6_C2_Sym_32C,Plate 6,Sym,C2,32C (heat stress),Sym_32,1,"5 dpl

08.02.2025",5,0,day_5
Plate 6_C2_Sym_32C,Plate 6,Sym,C2,32C (heat stress),Sym_32,1,"6 dpl

08.03. 2025",6,1,day_6
Plate 6_C2_Sym_32C,Plate 6,Sym,C2,32C (heat stress),Sym_32,1,"7 dpl

08.04.2025",7,1,day_7
Plate 6_C2_Sym_32C,Plate 6,Sym,C2,32C (heat stress),Sym_32,1,"8 dpl

08.05.2025",8,edu,day_8
Plate 6_C2_Sym_32C,Plate 6,Sym,C2,32C (heat stress),Sym_32,1,"9 dpl

08.06.2025",9,edu,day_9
Plate 6_C2_Sym_32C,Plate 6,Sym,C2,32C (heat stress),Sym_32,1,"10 dpl

08.07.2025",10,edu,day_10
Plate 6_C2_Sym_32C,Plate 6,Sym,C2,32C (heat stress),Sym_32,1,"11 dpl

08.08.2025",11,edu,day_11
Plate 6_C2_Sym_32C,Plate 6,Sym,C2,32C (heat stress),Sym_32,1,"13 dpl

08.10.2025",13,edu,day_13
Plate 6_C2_Sym_32C,Plate 6,Sym,C2,32C (heat stress),Sym_32,1,"14 dpl

08.11.2025",14,edu,day_14
Plate 6_C2_Sym_32C,Plate 6,Sym,C2,32C (heat stress),Sym_32,1,21 dpl,21,edu,day_21
Plate 6_C3_Sym_32C,Plate 6,Sym,C3,32C (heat stress),Sym_32,1,"0 dpi

07.28.2025",0,0,day_0
Plate 6_C3_Sym_32C,Plate 6,Sym,C3,32C (heat stress),Sym_32,1,"3 dpl

07.31.2025",3,0,day_3
Plate 6_C3_Sym_32C,Plate 6,Sym,C3,32C (heat stress),Sym_32,1,"4 dpl

08.01.2025",4,0,day_4
Plate 6_C3_Sym_32C,Plate 6,Sym,C3,32C (heat stress),Sym_32,1,"5 dpl

08.02.2025",5,0,day_5
Plate 6_C3_Sym_32C,Plate 6,Sym,C3,32C (heat stress),Sym_32,1,"6 dpl

08.03. 2025",6,0,day_6
Plate 6_C3_Sym_32C,Plate 6,Sym,C3,32C (heat stress),Sym_32,1,"7 dpl

08.04.2025",7,0,day_7
Plate 6_C3_Sym_32C,Plate 6,Sym,C3,32C (heat stress),Sym_32,1,"8 dpl

08.05.2025",8,edu,day_8
Plate 6_C3_Sym_32C,Plate 6,Sym,C3,32C (heat stress),Sym_32,1,"9 dpl

08.06.2025",9,edu,day_9
Plate 6_C3_Sym_32C,Plate 6,Sym,C3,32C (heat stress),Sym_32,1,"10 dpl

08.07.2025",10,edu,day_10
Plate 6_C3_Sym_32C,Plate 6,Sym,C3,32C (heat stress),Sym_32,1,"11 dpl

08.08.2025",11,edu,day_11
Plate 6_C3_Sym_32C,Plate 6,Sym,C3,32C (heat stress),Sym_32,1,"13 dpl

08.10.2025",13,edu,day_13
Plate 6_C3_Sym_32C,Plate 6,Sym,C3,32C (heat stress),Sym_32,1,"14 dpl

08.11.2025",14,edu,day_14
Plate 6_C3_Sym_32C,Plate 6,Sym,C3,32C (heat stress),Sym_32,1,21 dpl,21,edu,day_21
Plate 6_C4_Sym_32C,Plate 6,Sym,C4,32C (heat stress),Sym_32,1,"0 dpi

07.28.2025",0,0,day_0
Plate 6_C4_Sym_32C,Plate 6,Sym,C4,32C (heat stress),Sym_32,1,"3 dpl

07.31.2025",3,0,day_3
Plate 6_C4_Sym_32C,Plate 6,Sym,C4,32C (heat stress),Sym_32,1,"4 dpl

08.01.2025",4,0,day_4
Plate 6_C4_Sym_32C,Plate 6,Sym,C4,32C (heat stress),Sym_32,1,"5 dpl

08.02.2025",5,0,day_5
Plate 6_C4_Sym_32C,Plate 6,Sym,C4,32C (heat stress),Sym_32,1,"6 dpl

08.03. 2025",6,0,day_6
Plate 6_C4_Sym_32C,Plate 6,Sym,C4,32C (heat stress),Sym_32,1,"7 dpl

08.04.2025",7,0,day_7
Plate 6_C4_Sym_32C,Plate 6,Sym,C4,32C (heat stress),Sym_32,1,"8 dpl

08.05.2025",8,edu,day_8
Plate 6_C4_Sym_32C,Plate 6,Sym,C4,32C (heat stress),Sym_32,1,"9 dpl

08.06.2025",9,edu,day_9
Plate 6_C4_Sym_32C,Plate 6,Sym,C4,32C (heat stress),Sym_32,1,"10 dpl

08.07.2025",10,edu,day_10
Plate 6_C4_Sym_32C,Plate 6,Sym,C4,32C (heat stress),Sym_32,1,"11 dpl

08.08.2025",11,edu,day_11
Plate 6_C4_Sym_32C,Plate 6,Sym,C4,32C (heat stress),Sym_32,1,"13 dpl

08.10.2025",13,edu,day_13
Plate 6_C4_Sym_32C,Plate 6,Sym,C4,32C (heat stress),Sym_32,1,"14 dpl

08.11.2025",14,edu,day_14
Plate 6_C4_Sym_32C,Plate 6,Sym,C4,32C (heat stress),Sym_32,1,21 dpl,21,edu,day_21
Plate 6_C5_Sym_32C,Plate 6,Sym,C5,32C (heat stress),Sym_32,1,"0 dpi

07.28.2025",0,0,day_0
Plate 6_C5_Sym_32C,Plate 6,Sym,C5,32C (heat stress),Sym_32,1,"3 dpl

07.31.2025",3,0,day_3
Plate 6_C5_Sym_32C,Plate 6,Sym,C5,32C (heat stress),Sym_32,1,"4 dpl

08.01.2025",4,0,day_4
Plate 6_C5_Sym_32C,Plate 6,Sym,C5,32C (heat stress),Sym_32,1,"5 dpl

08.02.2025",5,0,day_5
Plate 6_C5_Sym_32C,Plate 6,Sym,C5,32C (heat stress),Sym_32,1,"6 dpl

08.03. 2025",6,0,day_6
Plate 6_C5_Sym_32C,Plate 6,Sym,C5,32C (heat stress),Sym_32,1,"7 dpl

08.04.2025",7,0,day_7
Plate 6_C5_Sym_32C,Plate 6,Sym,C5,32C (heat stress),Sym_32,1,"8 dpl

08.05.2025",8,edu,day_8
Plate 6_C5_Sym_32C,Plate 6,Sym,C5,32C (heat stress),Sym_32,1,"9 dpl

08.06.2025",9,edu,day_9
Plate 6_C5_Sym_32C,Plate 6,Sym,C5,32C (heat stress),Sym_32,1,"10 dpl

08.07.2025",10,edu,day_10
Plate 6_C5_Sym_32C,Plate 6,Sym,C5,32C (heat stress),Sym_32,1,"11 dpl

08.08.2025",11,edu,day_11
Plate 6_C5_Sym_32C,Plate 6,Sym,C5,32C (heat stress),Sym_32,1,"13 dpl

08.10.2025",13,edu,day_13
Plate 6_C5_Sym_32C,Plate 6,Sym,C5,32C (heat stress),Sym_32,1,"14 dpl

08.11.2025",14,edu,day_14
Plate 6_C5_Sym_32C,Plate 6,Sym,C5,32C (heat stress),Sym_32,1,21 dpl,21,edu,day_21
Plate 6_C6_Sym_32C,Plate 6,Sym,C6,32C (heat stress),Sym_32,1,"0 dpi

07.28.2025",0,0,day_0
Plate 6_C6_Sym_32C,Plate 6,Sym,C6,32C (heat stress),Sym_32,1,"3 dpl

07.31.2025",3,na,day_3
Plate 6_C6_Sym_32C,Plate 6,Sym,C6,32C (heat stress),Sym_32,1,"4 dpl

08.01.2025",4,na,day_4
Plate 6_C6_Sym_32C,Plate 6,Sym,C6,32C (heat stress),Sym_32,1,"5 dpl

08.02.2025",5,na,day_5
Plate 6_C6_Sym_32C,Plate 6,Sym,C6,32C (heat stress),Sym_32,1,"6 dpl

08.03. 2025",6,na,day_6
Plate 6_C6_Sym_32C,Plate 6,Sym,C6,32C (heat stress),Sym_32,1,"7 dpl

08.04.2025",7,na,day_7
Plate 6_C6_Sym_32C,Plate 6,Sym,C6,32C (heat stress),Sym_32,1,"8 dpl

08.05.2025",8,na,day_8
Plate 6_C6_Sym_32C,Plate 6,Sym,C6,32C (heat stress),Sym_32,1,"9 dpl

08.06.2025",9,na,day_9
Plate 6_C6_Sym_32C,Plate 6,Sym,C6,32C (heat stress),Sym_32,1,"10 dpl

08.07.2025",10,na,day_10
Plate 6_C6_Sym_32C,Plate 6,Sym,C6,32C (heat stress),Sym_32,1,"11 dpl

08.08.2025",11,na,day_11
Plate 6_C6_Sym_32C,Plate 6,Sym,C6,32C (heat stress),Sym_32,1,"13 dpl

08.10.2025",13,na,day_13
Plate 6_C6_Sym_32C,Plate 6,Sym,C6,32C (heat stress),Sym_32,1,"14 dpl

08.11.2025",14,na,day_14
Plate 6_C6_Sym_32C,Plate 6,Sym,C6,32C (heat stress),Sym_32,1,21 dpl,21,na,day_21
Plate 6_D1_Sym_32C,Plate 6,Sym,D1,32C (heat stress),Sym_32,1,"0 dpi

07.28.2025",0,0,day_0
Plate 6_D1_Sym_32C,Plate 6,Sym,D1,32C (heat stress),Sym_32,1,"3 dpl

07.31.2025",3,0,day_3
Plate 6_D1_Sym_32C,Plate 6,Sym,D1,32C (heat stress),Sym_32,1,"4 dpl

08.01.2025",4,0,day_4
Plate 6_D1_Sym_32C,Plate 6,Sym,D1,32C (heat stress),Sym_32,1,"5 dpl

08.02.2025",5,0,day_5
Plate 6_D1_Sym_32C,Plate 6,Sym,D1,32C (heat stress),Sym_32,1,"6 dpl

08.03. 2025",6,0,day_6
Plate 6_D1_Sym_32C,Plate 6,Sym,D1,32C (heat stress),Sym_32,1,"7 dpl

08.04.2025",7,0,day_7
Plate 6_D1_Sym_32C,Plate 6,Sym,D1,32C (heat stress),Sym_32,1,"8 dpl

08.05.2025",8,0,day_8
Plate 6_D1_Sym_32C,Plate 6,Sym,D1,32C (heat stress),Sym_32,1,"9 dpl

08.06.2025",9,0,day_9
Plate 6_D1_Sym_32C,Plate 6,Sym,D1,32C (heat stress),Sym_32,1,"10 dpl

08.07.2025",10,0,day_10
Plate 6_D1_Sym_32C,Plate 6,Sym,D1,32C (heat stress),Sym_32,1,"11 dpl

08.08.2025",11,0,day_11
Plate 6_D1_Sym_32C,Plate 6,Sym,D1,32C (heat stress),Sym_32,1,"13 dpl

08.10.2025",13,0,day_13
Plate 6_D1_Sym_32C,Plate 6,Sym,D1,32C (heat stress),Sym_32,1,"14 dpl

08.11.2025",14,na,day_14
Plate 6_D1_Sym_32C,Plate 6,Sym,D1,32C (heat stress),Sym_32,1,21 dpl,21,na,day_21
Plate 6_D2_Sym_32C,Plate 6,Sym,D2,32C (heat stress),Sym_32,1,"0 dpi

07.28.2025",0,0,day_0
Plate 6_D2_Sym_32C,Plate 6,Sym,D2,32C (heat stress),Sym_32,1,"3 dpl

07.31.2025",3,0,day_3
Plate 6_D2_Sym_32C,Plate 6,Sym,D2,32C (heat stress),Sym_32,1,"4 dpl

08.01.2025",4,0,day_4
Plate 6_D2_Sym_32C,Plate 6,Sym,D2,32C (heat stress),Sym_32,1,"5 dpl

08.02.2025",5,0,day_5
Plate 6_D2_Sym_32C,Plate 6,Sym,D2,32C (heat stress),Sym_32,1,"6 dpl

08.03. 2025",6,0,day_6
Plate 6_D2_Sym_32C,Plate 6,Sym,D2,32C (heat stress),Sym_32,1,"7 dpl

08.04.2025",7,0,day_7
Plate 6_D2_Sym_32C,Plate 6,Sym,D2,32C (heat stress),Sym_32,1,"8 dpl

08.05.2025",8,0,day_8
Plate 6_D2_Sym_32C,Plate 6,Sym,D2,32C (heat stress),Sym_32,1,"9 dpl

08.06.2025",9,0,day_9
Plate 6_D2_Sym_32C,Plate 6,Sym,D2,32C (heat stress),Sym_32,1,"10 dpl

08.07.2025",10,0,day_10
Plate 6_D2_Sym_32C,Plate 6,Sym,D2,32C (heat stress),Sym_32,1,"11 dpl

08.08.2025",11,0,day_11
Plate 6_D2_Sym_32C,Plate 6,Sym,D2,32C (heat stress),Sym_32,1,"13 dpl

08.10.2025",13,0,day_13
Plate 6_D2_Sym_32C,Plate 6,Sym,D2,32C (heat stress),Sym_32,1,"14 dpl

08.11.2025",14,na,day_14
Plate 6_D2_Sym_32C,Plate 6,Sym,D2,32C (heat stress),Sym_32,1,21 dpl,21,na,day_21
Plate 6_D3_Sym_32C,Plate 6,Sym,D3,32C (heat stress),Sym_32,1,"0 dpi

07.28.2025",0,0,day_0
Plate 6_D3_Sym_32C,Plate 6,Sym,D3,32C (heat stress),Sym_32,1,"3 dpl

07.31.2025",3,0,day_3
Plate 6_D3_Sym_32C,Plate 6,Sym,D3,32C (heat stress),Sym_32,1,"4 dpl

08.01.2025",4,0,day_4
Plate 6_D3_Sym_32C,Plate 6,Sym,D3,32C (heat stress),Sym_32,1,"5 dpl

08.02.2025",5,0,day_5
Plate 6_D3_Sym_32C,Plate 6,Sym,D3,32C (heat stress),Sym_32,1,"6 dpl

08.03. 2025",6,0,day_6
Plate 6_D3_Sym_32C,Plate 6,Sym,D3,32C (heat stress),Sym_32,1,"7 dpl

08.04.2025",7,0,day_7
Plate 6_D3_Sym_32C,Plate 6,Sym,D3,32C (heat stress),Sym_32,1,"8 dpl

08.05.2025",8,0,day_8
Plate 6_D3_Sym_32C,Plate 6,Sym,D3,32C (heat stress),Sym_32,1,"9 dpl

08.06.2025",9,0,day_9
Plate 6_D3_Sym_32C,Plate 6,Sym,D3,32C (heat stress),Sym_32,1,"10 dpl

08.07.2025",10,0,day_10
Plate 6_D3_Sym_32C,Plate 6,Sym,D3,32C (heat stress),Sym_32,1,"11 dpl

08.08.2025",11,0,day_11
Plate 6_D3_Sym_32C,Plate 6,Sym,D3,32C (heat stress),Sym_32,1,"13 dpl

08.10.2025",13,0,day_13
Plate 6_D3_Sym_32C,Plate 6,Sym,D3,32C (heat stress),Sym_32,1,"14 dpl

08.11.2025",14,0,day_14
Plate 6_D3_Sym_32C,Plate 6,Sym,D3,32C (heat stress),Sym_32,1,21 dpl,21,0,day_21
Plate 6_D3_Sym_32C,Plate 6,Sym,D3,32C (heat stress),Sym_32,2,"0 dpi

07.28.2025",0,0,day_0
Plate 6_D3_Sym_32C,Plate 6,Sym,D3,32C (heat stress),Sym_32,2,"3 dpl

07.31.2025",3,0,day_3
Plate 6_D3_Sym_32C,Plate 6,Sym,D3,32C (heat stress),Sym_32,2,"4 dpl

08.01.2025",4,0,day_4
Plate 6_D3_Sym_32C,Plate 6,Sym,D3,32C (heat stress),Sym_32,2,"5 dpl

08.02.2025",5,na,day_5
Plate 6_D3_Sym_32C,Plate 6,Sym,D3,32C (heat stress),Sym_32,2,"6 dpl

08.03. 2025",6,na,day_6
Plate 6_D3_Sym_32C,Plate 6,Sym,D3,32C (heat stress),Sym_32,2,"7 dpl

08.04.2025",7,na,day_7
Plate 6_D3_Sym_32C,Plate 6,Sym,D3,32C (heat stress),Sym_32,2,"8 dpl

08.05.2025",8,na,day_8
Plate 6_D3_Sym_32C,Plate 6,Sym,D3,32C (heat stress),Sym_32,2,"9 dpl

08.06.2025",9,na,day_9
Plate 6_D3_Sym_32C,Plate 6,Sym,D3,32C (heat stress),Sym_32,2,"10 dpl

08.07.2025",10,na,day_10
Plate 6_D3_Sym_32C,Plate 6,Sym,D3,32C (heat stress),Sym_32,2,"11 dpl

08.08.2025",11,na,day_11
Plate 6_D3_Sym_32C,Plate 6,Sym,D3,32C (heat stress),Sym_32,2,"13 dpl

08.10.2025",13,na,day_13
Plate 6_D3_Sym_32C,Plate 6,Sym,D3,32C (heat stress),Sym_32,2,"14 dpl

08.11.2025",14,na,day_14
Plate 6_D3_Sym_32C,Plate 6,Sym,D3,32C (heat stress),Sym_32,2,21 dpl,21,na,day_21
Plate 6_D4_Sym_32C,Plate 6,Sym,D4,32C (heat stress),Sym_32,1,"0 dpi

07.28.2025",0,0,day_0
Plate 6_D4_Sym_32C,Plate 6,Sym,D4,32C (heat stress),Sym_32,1,"3 dpl

07.31.2025",3,0,day_3
Plate 6_D4_Sym_32C,Plate 6,Sym,D4,32C (heat stress),Sym_32,1,"4 dpl

08.01.2025",4,0,day_4
Plate 6_D4_Sym_32C,Plate 6,Sym,D4,32C (heat stress),Sym_32,1,"5 dpl

08.02.2025",5,0,day_5
Plate 6_D4_Sym_32C,Plate 6,Sym,D4,32C (heat stress),Sym_32,1,"6 dpl

08.03. 2025",6,0,day_6
Plate 6_D4_Sym_32C,Plate 6,Sym,D4,32C (heat stress),Sym_32,1,"7 dpl

08.04.2025",7,0,day_7
Plate 6_D4_Sym_32C,Plate 6,Sym,D4,32C (heat stress),Sym_32,1,"8 dpl

08.05.2025",8,0,day_8
Plate 6_D4_Sym_32C,Plate 6,Sym,D4,32C (heat stress),Sym_32,1,"9 dpl

08.06.2025",9,0,day_9
Plate 6_D4_Sym_32C,Plate 6,Sym,D4,32C (heat stress),Sym_32,1,"10 dpl

08.07.2025",10,0,day_10
Plate 6_D4_Sym_32C,Plate 6,Sym,D4,32C (heat stress),Sym_32,1,"11 dpl

08.08.2025",11,0,day_11
Plate 6_D4_Sym_32C,Plate 6,Sym,D4,32C (heat stress),Sym_32,1,"13 dpl

08.10.2025",13,0,day_13
Plate 6_D4_Sym_32C,Plate 6,Sym,D4,32C (heat stress),Sym_32,1,"14 dpl

08.11.2025",14,na,day_14
Plate 6_D4_Sym_32C,Plate 6,Sym,D4,32C (heat stress),Sym_32,1,21 dpl,21,na,day_21
Plate 6_D5_Sym_32C,Plate 6,Sym,D5,32C (heat stress),Sym_32,1,"0 dpi

07.28.2025",0,0,day_0
Plate 6_D5_Sym_32C,Plate 6,Sym,D5,32C (heat stress),Sym_32,1,"3 dpl

07.31.2025",3,0,day_3
Plate 6_D5_Sym_32C,Plate 6,Sym,D5,32C (heat stress),Sym_32,1,"4 dpl

08.01.2025",4,0,day_4
Plate 6_D5_Sym_32C,Plate 6,Sym,D5,32C (heat stress),Sym_32,1,"5 dpl

08.02.2025",5,2,day_5
Plate 6_D5_Sym_32C,Plate 6,Sym,D5,32C (heat stress),Sym_32,1,"6 dpl

08.03. 2025",6,9,day_6
Plate 6_D5_Sym_32C,Plate 6,Sym,D5,32C (heat stress),Sym_32,1,"7 dpl

08.04.2025",7,11,day_7
Plate 6_D5_Sym_32C,Plate 6,Sym,D5,32C (heat stress),Sym_32,1,"8 dpl

08.05.2025",8,11,day_8
Plate 6_D5_Sym_32C,Plate 6,Sym,D5,32C (heat stress),Sym_32,1,"9 dpl

08.06.2025",9,11,day_9
Plate 6_D5_Sym_32C,Plate 6,Sym,D5,32C (heat stress),Sym_32,1,"10 dpl

08.07.2025",10,11,day_10
Plate 6_D5_Sym_32C,Plate 6,Sym,D5,32C (heat stress),Sym_32,1,"11 dpl

08.08.2025",11,11,day_11
Plate 6_D5_Sym_32C,Plate 6,Sym,D5,32C (heat stress),Sym_32,1,"13 dpl

08.10.2025",13,11,day_13
Plate 6_D5_Sym_32C,Plate 6,Sym,D5,32C (heat stress),Sym_32,1,"14 dpl

08.11.2025",14,na,day_14
Plate 6_D5_Sym_32C,Plate 6,Sym,D5,32C (heat stress),Sym_32,1,21 dpl,21,na,day_21
Plate 6_D6_Sym_32C,Plate 6,Sym,D6,32C (heat stress),Sym_32,1,"0 dpi

07.28.2025",0,0,day_0
Plate 6_D6_Sym_32C,Plate 6,Sym,D6,32C (heat stress),Sym_32,1,"3 dpl

07.31.2025",3,0,day_3
Plate 6_D6_Sym_32C,Plate 6,Sym,D6,32C (heat stress),Sym_32,1,"4 dpl

08.01.2025",4,0,day_4
Plate 6_D6_Sym_32C,Plate 6,Sym,D6,32C (heat stress),Sym_32,1,"5 dpl

08.02.2025",5,0,day_5
Plate 6_D6_Sym_32C,Plate 6,Sym,D6,32C (heat stress),Sym_32,1,"6 dpl

08.03. 2025",6,0,day_6
Plate 6_D6_Sym_32C,Plate 6,Sym,D6,32C (heat stress),Sym_32,1,"7 dpl

08.04.2025",7,0,day_7
Plate 6_D6_Sym_32C,Plate 6,Sym,D6,32C (heat stress),Sym_32,1,"8 dpl

08.05.2025",8,0,day_8
Plate 6_D6_Sym_32C,Plate 6,Sym,D6,32C (heat stress),Sym_32,1,"9 dpl

08.06.2025",9,0,day_9
Plate 6_D6_Sym_32C,Plate 6,Sym,D6,32C (heat stress),Sym_32,1,"10 dpl

08.07.2025",10,0,day_10
Plate 6_D6_Sym_32C,Plate 6,Sym,D6,32C (heat stress),Sym_32,1,"11 dpl

08.08.2025",11,8,day_11
Plate 6_D6_Sym_32C,Plate 6,Sym,D6,32C (heat stress),Sym_32,1,"13 dpl

08.10.2025",13,8,day_13
Plate 6_D6_Sym_32C,Plate 6,Sym,D6,32C (heat stress),Sym_32,1,"14 dpl

08.11.2025",14,8,day_14
Plate 6_D6_Sym_32C,Plate 6,Sym,D6,32C (heat stress),Sym_32,1,21 dpl,21,na,day_21
Plate 6_D6_Sym_32C,Plate 6,Sym,D6,32C (heat stress),Sym_32,2,"0 dpi

07.28.2025",0,0,day_0
Plate 6_D6_Sym_32C,Plate 6,Sym,D6,32C (heat stress),Sym_32,2,"3 dpl

07.31.2025",3,na,day_3
Plate 6_D6_Sym_32C,Plate 6,Sym,D6,32C (heat stress),Sym_32,2,"4 dpl

08.01.2025",4,na,day_4
Plate 6_D6_Sym_32C,Plate 6,Sym,D6,32C (heat stress),Sym_32,2,"5 dpl

08.02.2025",5,na,day_5
Plate 6_D6_Sym_32C,Plate 6,Sym,D6,32C (heat stress),Sym_32,2,"6 dpl

08.03. 2025",6,na,day_6
Plate 6_D6_Sym_32C,Plate 6,Sym,D6,32C (heat stress),Sym_32,2,"7 dpl

08.04.2025",7,na,day_7
Plate 6_D6_Sym_32C,Plate 6,Sym,D6,32C (heat stress),Sym_32,2,"8 dpl

08.05.2025",8,na,day_8
Plate 6_D6_Sym_32C,Plate 6,Sym,D6,32C (heat stress),Sym_32,2,"9 dpl

08.06.2025",9,na,day_9
Plate 6_D6_Sym_32C,Plate 6,Sym,D6,32C (heat stress),Sym_32,2,"10 dpl

08.07.2025",10,na,day_10
Plate 6_D6_Sym_32C,Plate 6,Sym,D6,32C (heat stress),Sym_32,2,"11 dpl

08.08.2025",11,na,day_11
Plate 6_D6_Sym_32C,Plate 6,Sym,D6,32C (heat stress),Sym_32,2,"13 dpl

08.10.2025",13,na,day_13
Plate 6_D6_Sym_32C,Plate 6,Sym,D6,32C (heat stress),Sym_32,2,"14 dpl

08.11.2025",14,na,day_14
Plate 6_D6_Sym_32C,Plate 6,Sym,D6,32C (heat stress),Sym_32,2,21 dpl,21,na,day_21
Plate 7_A1_Apo_25C,Plate 7,Apo,A1,25C (ambient),Apo_25,1,"0 dpi

07.28.2025",0,0,day_0
Plate 7_A1_Apo_25C,Plate 7,Apo,A1,25C (ambient),Apo_25,1,"3 dpl

07.31.2025",3,0,day_3
Plate 7_A1_Apo_25C,Plate 7,Apo,A1,25C (ambient),Apo_25,1,"4 dpl

08.01.2025",4,0,day_4
Plate 7_A1_Apo_25C,Plate 7,Apo,A1,25C (ambient),Apo_25,1,"5 dpl

08.02.2025",5,0,day_5
Plate 7_A1_Apo_25C,Plate 7,Apo,A1,25C (ambient),Apo_25,1,"6 dpl

08.03. 2025",6,0,day_6
Plate 7_A1_Apo_25C,Plate 7,Apo,A1,25C (ambient),Apo_25,1,"7 dpl

08.04.2025",7,0,day_7
Plate 7_A1_Apo_25C,Plate 7,Apo,A1,25C (ambient),Apo_25,1,"8 dpl

08.05.2025",8,0,day_8
Plate 7_A1_Apo_25C,Plate 7,Apo,A1,25C (ambient),Apo_25,1,"9 dpl

08.06.2025",9,0,day_9
Plate 7_A1_Apo_25C,Plate 7,Apo,A1,25C (ambient),Apo_25,1,"10 dpl

08.07.2025",10,0,day_10
Plate 7_A1_Apo_25C,Plate 7,Apo,A1,25C (ambient),Apo_25,1,"11 dpl

08.08.2025",11,0,day_11
Plate 7_A1_Apo_25C,Plate 7,Apo,A1,25C (ambient),Apo_25,1,"13 dpl

08.10.2025",13,0,day_13
Plate 7_A1_Apo_25C,Plate 7,Apo,A1,25C (ambient),Apo_25,1,"14 dpl

08.11.2025",14,0,day_14
Plate 7_A1_Apo_25C,Plate 7,Apo,A1,25C (ambient),Apo_25,1,21 dpl,21,0,day_21
Plate 7_A2_Apo_25C,Plate 7,Apo,A2,25C (ambient),Apo_25,1,"0 dpi

07.28.2025",0,0,day_0
Plate 7_A2_Apo_25C,Plate 7,Apo,A2,25C (ambient),Apo_25,1,"3 dpl

07.31.2025",3,0,day_3
Plate 7_A2_Apo_25C,Plate 7,Apo,A2,25C (ambient),Apo_25,1,"4 dpl

08.01.2025",4,0,day_4
Plate 7_A2_Apo_25C,Plate 7,Apo,A2,25C (ambient),Apo_25,1,"5 dpl

08.02.2025",5,0,day_5
Plate 7_A2_Apo_25C,Plate 7,Apo,A2,25C (ambient),Apo_25,1,"6 dpl

08.03. 2025",6,0,day_6
Plate 7_A2_Apo_25C,Plate 7,Apo,A2,25C (ambient),Apo_25,1,"7 dpl

08.04.2025",7,3,day_7
Plate 7_A2_Apo_25C,Plate 7,Apo,A2,25C (ambient),Apo_25,1,"8 dpl

08.05.2025",8,5,day_8
Plate 7_A2_Apo_25C,Plate 7,Apo,A2,25C (ambient),Apo_25,1,"9 dpl

08.06.2025",9,5,day_9
Plate 7_A2_Apo_25C,Plate 7,Apo,A2,25C (ambient),Apo_25,1,"10 dpl

08.07.2025",10,5,day_10
Plate 7_A2_Apo_25C,Plate 7,Apo,A2,25C (ambient),Apo_25,1,"11 dpl

08.08.2025",11,5,day_11
Plate 7_A2_Apo_25C,Plate 7,Apo,A2,25C (ambient),Apo_25,1,"13 dpl

08.10.2025",13,na,day_13
Plate 7_A2_Apo_25C,Plate 7,Apo,A2,25C (ambient),Apo_25,1,"14 dpl

08.11.2025",14,na,day_14
Plate 7_A2_Apo_25C,Plate 7,Apo,A2,25C (ambient),Apo_25,1,21 dpl,21,na,day_21
Plate 7_A3_Apo_25C,Plate 7,Apo,A3,25C (ambient),Apo_25,1,"0 dpi

07.28.2025",0,0,day_0
Plate 7_A3_Apo_25C,Plate 7,Apo,A3,25C (ambient),Apo_25,1,"3 dpl

07.31.2025",3,0,day_3
Plate 7_A3_Apo_25C,Plate 7,Apo,A3,25C (ambient),Apo_25,1,"4 dpl

08.01.2025",4,0,day_4
Plate 7_A3_Apo_25C,Plate 7,Apo,A3,25C (ambient),Apo_25,1,"5 dpl

08.02.2025",5,0,day_5
Plate 7_A3_Apo_25C,Plate 7,Apo,A3,25C (ambient),Apo_25,1,"6 dpl

08.03. 2025",6,0,day_6
Plate 7_A3_Apo_25C,Plate 7,Apo,A3,25C (ambient),Apo_25,1,"7 dpl

08.04.2025",7,0,day_7
Plate 7_A3_Apo_25C,Plate 7,Apo,A3,25C (ambient),Apo_25,1,"8 dpl

08.05.2025",8,0,day_8
Plate 7_A3_Apo_25C,Plate 7,Apo,A3,25C (ambient),Apo_25,1,"9 dpl

08.06.2025",9,0,day_9
Plate 7_A3_Apo_25C,Plate 7,Apo,A3,25C (ambient),Apo_25,1,"10 dpl

08.07.2025",10,3,day_10
Plate 7_A3_Apo_25C,Plate 7,Apo,A3,25C (ambient),Apo_25,1,"11 dpl

08.08.2025",11,3,day_11
Plate 7_A3_Apo_25C,Plate 7,Apo,A3,25C (ambient),Apo_25,1,"13 dpl

08.10.2025",13,3,day_13
Plate 7_A3_Apo_25C,Plate 7,Apo,A3,25C (ambient),Apo_25,1,"14 dpl

08.11.2025",14,3,day_14
Plate 7_A3_Apo_25C,Plate 7,Apo,A3,25C (ambient),Apo_25,1,21 dpl,21,3,day_21
Plate 7_A4_Apo_25C,Plate 7,Apo,A4,25C (ambient),Apo_25,1,"0 dpi

07.28.2025",0,0,day_0
Plate 7_A4_Apo_25C,Plate 7,Apo,A4,25C (ambient),Apo_25,1,"3 dpl

07.31.2025",3,0,day_3
Plate 7_A4_Apo_25C,Plate 7,Apo,A4,25C (ambient),Apo_25,1,"4 dpl

08.01.2025",4,0,day_4
Plate 7_A4_Apo_25C,Plate 7,Apo,A4,25C (ambient),Apo_25,1,"5 dpl

08.02.2025",5,0,day_5
Plate 7_A4_Apo_25C,Plate 7,Apo,A4,25C (ambient),Apo_25,1,"6 dpl

08.03. 2025",6,0,day_6
Plate 7_A4_Apo_25C,Plate 7,Apo,A4,25C (ambient),Apo_25,1,"7 dpl

08.04.2025",7,0,day_7
Plate 7_A4_Apo_25C,Plate 7,Apo,A4,25C (ambient),Apo_25,1,"8 dpl

08.05.2025",8,0,day_8
Plate 7_A4_Apo_25C,Plate 7,Apo,A4,25C (ambient),Apo_25,1,"9 dpl

08.06.2025",9,0,day_9
Plate 7_A4_Apo_25C,Plate 7,Apo,A4,25C (ambient),Apo_25,1,"10 dpl

08.07.2025",10,0,day_10
Plate 7_A4_Apo_25C,Plate 7,Apo,A4,25C (ambient),Apo_25,1,"11 dpl

08.08.2025",11,0,day_11
Plate 7_A4_Apo_25C,Plate 7,Apo,A4,25C (ambient),Apo_25,1,"13 dpl

08.10.2025",13,na,day_13
Plate 7_A4_Apo_25C,Plate 7,Apo,A4,25C (ambient),Apo_25,1,"14 dpl

08.11.2025",14,na,day_14
Plate 7_A4_Apo_25C,Plate 7,Apo,A4,25C (ambient),Apo_25,1,21 dpl,21,na,day_21
Plate 7_A5_Apo_25C,Plate 7,Apo,A5,25C (ambient),Apo_25,1,"0 dpi

07.28.2025",0,0,day_0
Plate 7_A5_Apo_25C,Plate 7,Apo,A5,25C (ambient),Apo_25,1,"3 dpl

07.31.2025",3,0,day_3
Plate 7_A5_Apo_25C,Plate 7,Apo,A5,25C (ambient),Apo_25,1,"4 dpl

08.01.2025",4,0,day_4
Plate 7_A5_Apo_25C,Plate 7,Apo,A5,25C (ambient),Apo_25,1,"5 dpl

08.02.2025",5,0,day_5
Plate 7_A5_Apo_25C,Plate 7,Apo,A5,25C (ambient),Apo_25,1,"6 dpl

08.03. 2025",6,0,day_6
Plate 7_A5_Apo_25C,Plate 7,Apo,A5,25C (ambient),Apo_25,1,"7 dpl

08.04.2025",7,0,day_7
Plate 7_A5_Apo_25C,Plate 7,Apo,A5,25C (ambient),Apo_25,1,"8 dpl

08.05.2025",8,0,day_8
Plate 7_A5_Apo_25C,Plate 7,Apo,A5,25C (ambient),Apo_25,1,"9 dpl

08.06.2025",9,0,day_9
Plate 7_A5_Apo_25C,Plate 7,Apo,A5,25C (ambient),Apo_25,1,"10 dpl

08.07.2025",10,0,day_10
Plate 7_A5_Apo_25C,Plate 7,Apo,A5,25C (ambient),Apo_25,1,"11 dpl

08.08.2025",11,0,day_11
Plate 7_A5_Apo_25C,Plate 7,Apo,A5,25C (ambient),Apo_25,1,"13 dpl

08.10.2025",13,0,day_13
Plate 7_A5_Apo_25C,Plate 7,Apo,A5,25C (ambient),Apo_25,1,"14 dpl

08.11.2025",14,0,day_14
Plate 7_A5_Apo_25C,Plate 7,Apo,A5,25C (ambient),Apo_25,1,21 dpl,21,0,day_21
Plate 7_A6_Apo_25C,Plate 7,Apo,A6,25C (ambient),Apo_25,1,"0 dpi

07.28.2025",0,0,day_0
Plate 7_A6_Apo_25C,Plate 7,Apo,A6,25C (ambient),Apo_25,1,"3 dpl

07.31.2025",3,0,day_3
Plate 7_A6_Apo_25C,Plate 7,Apo,A6,25C (ambient),Apo_25,1,"4 dpl

08.01.2025",4,0,day_4
Plate 7_A6_Apo_25C,Plate 7,Apo,A6,25C (ambient),Apo_25,1,"5 dpl

08.02.2025",5,0,day_5
Plate 7_A6_Apo_25C,Plate 7,Apo,A6,25C (ambient),Apo_25,1,"6 dpl

08.03. 2025",6,0,day_6
Plate 7_A6_Apo_25C,Plate 7,Apo,A6,25C (ambient),Apo_25,1,"7 dpl

08.04.2025",7,0,day_7
Plate 7_A6_Apo_25C,Plate 7,Apo,A6,25C (ambient),Apo_25,1,"8 dpl

08.05.2025",8,5,day_8
Plate 7_A6_Apo_25C,Plate 7,Apo,A6,25C (ambient),Apo_25,1,"9 dpl

08.06.2025",9,5,day_9
Plate 7_A6_Apo_25C,Plate 7,Apo,A6,25C (ambient),Apo_25,1,"10 dpl

08.07.2025",10,5,day_10
Plate 7_A6_Apo_25C,Plate 7,Apo,A6,25C (ambient),Apo_25,1,"11 dpl

08.08.2025",11,na,day_11
Plate 7_A6_Apo_25C,Plate 7,Apo,A6,25C (ambient),Apo_25,1,"13 dpl

08.10.2025",13,na,day_13
Plate 7_A6_Apo_25C,Plate 7,Apo,A6,25C (ambient),Apo_25,1,"14 dpl

08.11.2025",14,na,day_14
Plate 7_A6_Apo_25C,Plate 7,Apo,A6,25C (ambient),Apo_25,1,21 dpl,21,na,day_21
Plate 7_B1_Apo_25C,Plate 7,Apo,B1,25C (ambient),Apo_25,1,"0 dpi

07.28.2025",0,0,day_0
Plate 7_B1_Apo_25C,Plate 7,Apo,B1,25C (ambient),Apo_25,1,"3 dpl

07.31.2025",3,0,day_3
Plate 7_B1_Apo_25C,Plate 7,Apo,B1,25C (ambient),Apo_25,1,"4 dpl

08.01.2025",4,0,day_4
Plate 7_B1_Apo_25C,Plate 7,Apo,B1,25C (ambient),Apo_25,1,"5 dpl

08.02.2025",5,0,day_5
Plate 7_B1_Apo_25C,Plate 7,Apo,B1,25C (ambient),Apo_25,1,"6 dpl

08.03. 2025",6,3,day_6
Plate 7_B1_Apo_25C,Plate 7,Apo,B1,25C (ambient),Apo_25,1,"7 dpl

08.04.2025",7,3,day_7
Plate 7_B1_Apo_25C,Plate 7,Apo,B1,25C (ambient),Apo_25,1,"8 dpl

08.05.2025",8,6,day_8
Plate 7_B1_Apo_25C,Plate 7,Apo,B1,25C (ambient),Apo_25,1,"9 dpl

08.06.2025",9,6,day_9
Plate 7_B1_Apo_25C,Plate 7,Apo,B1,25C (ambient),Apo_25,1,"10 dpl

08.07.2025",10,?,day_10
Plate 7_B1_Apo_25C,Plate 7,Apo,B1,25C (ambient),Apo_25,1,"11 dpl

08.08.2025",11,na,day_11
Plate 7_B1_Apo_25C,Plate 7,Apo,B1,25C (ambient),Apo_25,1,"13 dpl

08.10.2025",13,na,day_13
Plate 7_B1_Apo_25C,Plate 7,Apo,B1,25C (ambient),Apo_25,1,"14 dpl

08.11.2025",14,na,day_14
Plate 7_B1_Apo_25C,Plate 7,Apo,B1,25C (ambient),Apo_25,1,21 dpl,21,na,day_21
Plate 7_B1_Apo_25C,Plate 7,Apo,B1,25C (ambient),Apo_25,2,"0 dpi

07.28.2025",0,0,day_0
Plate 7_B1_Apo_25C,Plate 7,Apo,B1,25C (ambient),Apo_25,2,"3 dpl

07.31.2025",3,0,day_3
Plate 7_B1_Apo_25C,Plate 7,Apo,B1,25C (ambient),Apo_25,2,"4 dpl

08.01.2025",4,0,day_4
Plate 7_B1_Apo_25C,Plate 7,Apo,B1,25C (ambient),Apo_25,2,"5 dpl

08.02.2025",5,na,day_5
Plate 7_B1_Apo_25C,Plate 7,Apo,B1,25C (ambient),Apo_25,2,"6 dpl

08.03. 2025",6,na,day_6
Plate 7_B1_Apo_25C,Plate 7,Apo,B1,25C (ambient),Apo_25,2,"7 dpl

08.04.2025",7,na,day_7
Plate 7_B1_Apo_25C,Plate 7,Apo,B1,25C (ambient),Apo_25,2,"8 dpl

08.05.2025",8,na,day_8
Plate 7_B1_Apo_25C,Plate 7,Apo,B1,25C (ambient),Apo_25,2,"9 dpl

08.06.2025",9,na,day_9
Plate 7_B1_Apo_25C,Plate 7,Apo,B1,25C (ambient),Apo_25,2,"10 dpl

08.07.2025",10,na,day_10
Plate 7_B1_Apo_25C,Plate 7,Apo,B1,25C (ambient),Apo_25,2,"11 dpl

08.08.2025",11,na,day_11
Plate 7_B1_Apo_25C,Plate 7,Apo,B1,25C (ambient),Apo_25,2,"13 dpl

08.10.2025",13,na,day_13
Plate 7_B1_Apo_25C,Plate 7,Apo,B1,25C (ambient),Apo_25,2,"14 dpl

08.11.2025",14,na,day_14
Plate 7_B1_Apo_25C,Plate 7,Apo,B1,25C (ambient),Apo_25,2,21 dpl,21,na,day_21
Plate 7_B2_Apo_25C,Plate 7,Apo,B2,25C (ambient),Apo_25,1,"0 dpi

07.28.2025",0,0,day_0
Plate 7_B2_Apo_25C,Plate 7,Apo,B2,25C (ambient),Apo_25,1,"3 dpl

07.31.2025",3,0,day_3
Plate 7_B2_Apo_25C,Plate 7,Apo,B2,25C (ambient),Apo_25,1,"4 dpl

08.01.2025",4,0,day_4
Plate 7_B2_Apo_25C,Plate 7,Apo,B2,25C (ambient),Apo_25,1,"5 dpl

08.02.2025",5,0,day_5
Plate 7_B2_Apo_25C,Plate 7,Apo,B2,25C (ambient),Apo_25,1,"6 dpl

08.03. 2025",6,0,day_6
Plate 7_B2_Apo_25C,Plate 7,Apo,B2,25C (ambient),Apo_25,1,"7 dpl

08.04.2025",7,0,day_7
Plate 7_B2_Apo_25C,Plate 7,Apo,B2,25C (ambient),Apo_25,1,"8 dpl

08.05.2025",8,0,day_8
Plate 7_B2_Apo_25C,Plate 7,Apo,B2,25C (ambient),Apo_25,1,"9 dpl

08.06.2025",9,0,day_9
Plate 7_B2_Apo_25C,Plate 7,Apo,B2,25C (ambient),Apo_25,1,"10 dpl

08.07.2025",10,0,day_10
Plate 7_B2_Apo_25C,Plate 7,Apo,B2,25C (ambient),Apo_25,1,"11 dpl

08.08.2025",11,0,day_11
Plate 7_B2_Apo_25C,Plate 7,Apo,B2,25C (ambient),Apo_25,1,"13 dpl

08.10.2025",13,0,day_13
Plate 7_B2_Apo_25C,Plate 7,Apo,B2,25C (ambient),Apo_25,1,"14 dpl

08.11.2025",14,0,day_14
Plate 7_B2_Apo_25C,Plate 7,Apo,B2,25C (ambient),Apo_25,1,21 dpl,21,0,day_21
Plate 7_B3_Apo_25C,Plate 7,Apo,B3,25C (ambient),Apo_25,1,"0 dpi

07.28.2025",0,0,day_0
Plate 7_B3_Apo_25C,Plate 7,Apo,B3,25C (ambient),Apo_25,1,"3 dpl

07.31.2025",3,0,day_3
Plate 7_B3_Apo_25C,Plate 7,Apo,B3,25C (ambient),Apo_25,1,"4 dpl

08.01.2025",4,0,day_4
Plate 7_B3_Apo_25C,Plate 7,Apo,B3,25C (ambient),Apo_25,1,"5 dpl

08.02.2025",5,0,day_5
Plate 7_B3_Apo_25C,Plate 7,Apo,B3,25C (ambient),Apo_25,1,"6 dpl

08.03. 2025",6,0,day_6
Plate 7_B3_Apo_25C,Plate 7,Apo,B3,25C (ambient),Apo_25,1,"7 dpl

08.04.2025",7,11,day_7
Plate 7_B3_Apo_25C,Plate 7,Apo,B3,25C (ambient),Apo_25,1,"8 dpl

08.05.2025",8,11,day_8
Plate 7_B3_Apo_25C,Plate 7,Apo,B3,25C (ambient),Apo_25,1,"9 dpl

08.06.2025",9,11,day_9
Plate 7_B3_Apo_25C,Plate 7,Apo,B3,25C (ambient),Apo_25,1,"10 dpl

08.07.2025",10,na,day_10
Plate 7_B3_Apo_25C,Plate 7,Apo,B3,25C (ambient),Apo_25,1,"11 dpl

08.08.2025",11,na,day_11
Plate 7_B3_Apo_25C,Plate 7,Apo,B3,25C (ambient),Apo_25,1,"13 dpl

08.10.2025",13,na,day_13
Plate 7_B3_Apo_25C,Plate 7,Apo,B3,25C (ambient),Apo_25,1,"14 dpl

08.11.2025",14,na,day_14
Plate 7_B3_Apo_25C,Plate 7,Apo,B3,25C (ambient),Apo_25,1,21 dpl,21,na,day_21
Plate 7_B4_Apo_25C,Plate 7,Apo,B4,25C (ambient),Apo_25,1,"0 dpi

07.28.2025",0,0,day_0
Plate 7_B4_Apo_25C,Plate 7,Apo,B4,25C (ambient),Apo_25,1,"3 dpl

07.31.2025",3,0,day_3
Plate 7_B4_Apo_25C,Plate 7,Apo,B4,25C (ambient),Apo_25,1,"4 dpl

08.01.2025",4,0,day_4
Plate 7_B4_Apo_25C,Plate 7,Apo,B4,25C (ambient),Apo_25,1,"5 dpl

08.02.2025",5,0,day_5
Plate 7_B4_Apo_25C,Plate 7,Apo,B4,25C (ambient),Apo_25,1,"6 dpl

08.03. 2025",6,0,day_6
Plate 7_B4_Apo_25C,Plate 7,Apo,B4,25C (ambient),Apo_25,1,"7 dpl

08.04.2025",7,0,day_7
Plate 7_B4_Apo_25C,Plate 7,Apo,B4,25C (ambient),Apo_25,1,"8 dpl

08.05.2025",8,1,day_8
Plate 7_B4_Apo_25C,Plate 7,Apo,B4,25C (ambient),Apo_25,1,"9 dpl

08.06.2025",9,1,day_9
Plate 7_B4_Apo_25C,Plate 7,Apo,B4,25C (ambient),Apo_25,1,"10 dpl

08.07.2025",10,2,day_10
Plate 7_B4_Apo_25C,Plate 7,Apo,B4,25C (ambient),Apo_25,1,"11 dpl

08.08.2025",11,2,day_11
Plate 7_B4_Apo_25C,Plate 7,Apo,B4,25C (ambient),Apo_25,1,"13 dpl

08.10.2025",13,2,day_13
Plate 7_B4_Apo_25C,Plate 7,Apo,B4,25C (ambient),Apo_25,1,"14 dpl

08.11.2025",14,2,day_14
Plate 7_B4_Apo_25C,Plate 7,Apo,B4,25C (ambient),Apo_25,1,21 dpl,21,2,day_21
Plate 7_B5_Apo_25C,Plate 7,Apo,B5,25C (ambient),Apo_25,1,"0 dpi

07.28.2025",0,0,day_0
Plate 7_B5_Apo_25C,Plate 7,Apo,B5,25C (ambient),Apo_25,1,"3 dpl

07.31.2025",3,0,day_3
Plate 7_B5_Apo_25C,Plate 7,Apo,B5,25C (ambient),Apo_25,1,"4 dpl

08.01.2025",4,0,day_4
Plate 7_B5_Apo_25C,Plate 7,Apo,B5,25C (ambient),Apo_25,1,"5 dpl

08.02.2025",5,0,day_5
Plate 7_B5_Apo_25C,Plate 7,Apo,B5,25C (ambient),Apo_25,1,"6 dpl

08.03. 2025",6,4,day_6
Plate 7_B5_Apo_25C,Plate 7,Apo,B5,25C (ambient),Apo_25,1,"7 dpl

08.04.2025",7,4,day_7
Plate 7_B5_Apo_25C,Plate 7,Apo,B5,25C (ambient),Apo_25,1,"8 dpl

08.05.2025",8,4,day_8
Plate 7_B5_Apo_25C,Plate 7,Apo,B5,25C (ambient),Apo_25,1,"9 dpl

08.06.2025",9,4,day_9
Plate 7_B5_Apo_25C,Plate 7,Apo,B5,25C (ambient),Apo_25,1,"10 dpl

08.07.2025",10,4,day_10
Plate 7_B5_Apo_25C,Plate 7,Apo,B5,25C (ambient),Apo_25,1,"11 dpl

08.08.2025",11,4,day_11
Plate 7_B5_Apo_25C,Plate 7,Apo,B5,25C (ambient),Apo_25,1,"13 dpl

08.10.2025",13,4,day_13
Plate 7_B5_Apo_25C,Plate 7,Apo,B5,25C (ambient),Apo_25,1,"14 dpl

08.11.2025",14,4,day_14
Plate 7_B5_Apo_25C,Plate 7,Apo,B5,25C (ambient),Apo_25,1,21 dpl,21,4,day_21
Plate 7_B6_Apo_25C,Plate 7,Apo,B6,25C (ambient),Apo_25,1,"0 dpi

07.28.2025",0,0,day_0
Plate 7_B6_Apo_25C,Plate 7,Apo,B6,25C (ambient),Apo_25,1,"3 dpl

07.31.2025",3,0,day_3
Plate 7_B6_Apo_25C,Plate 7,Apo,B6,25C (ambient),Apo_25,1,"4 dpl

08.01.2025",4,0,day_4
Plate 7_B6_Apo_25C,Plate 7,Apo,B6,25C (ambient),Apo_25,1,"5 dpl

08.02.2025",5,0,day_5
Plate 7_B6_Apo_25C,Plate 7,Apo,B6,25C (ambient),Apo_25,1,"6 dpl

08.03. 2025",6,0,day_6
Plate 7_B6_Apo_25C,Plate 7,Apo,B6,25C (ambient),Apo_25,1,"7 dpl

08.04.2025",7,1,day_7
Plate 7_B6_Apo_25C,Plate 7,Apo,B6,25C (ambient),Apo_25,1,"8 dpl

08.05.2025",8,12,day_8
Plate 7_B6_Apo_25C,Plate 7,Apo,B6,25C (ambient),Apo_25,1,"9 dpl

08.06.2025",9,12,day_9
Plate 7_B6_Apo_25C,Plate 7,Apo,B6,25C (ambient),Apo_25,1,"10 dpl

08.07.2025",10,12,day_10
Plate 7_B6_Apo_25C,Plate 7,Apo,B6,25C (ambient),Apo_25,1,"11 dpl

08.08.2025",11,12,day_11
Plate 7_B6_Apo_25C,Plate 7,Apo,B6,25C (ambient),Apo_25,1,"13 dpl

08.10.2025",13,12,day_13
Plate 7_B6_Apo_25C,Plate 7,Apo,B6,25C (ambient),Apo_25,1,"14 dpl

08.11.2025",14,12,day_14
Plate 7_B6_Apo_25C,Plate 7,Apo,B6,25C (ambient),Apo_25,1,21 dpl,21,12,day_21
Plate 7_C1_Apo_25C,Plate 7,Apo,C1,25C (ambient),Apo_25,1,"0 dpi

07.28.2025",0,0,day_0
Plate 7_C1_Apo_25C,Plate 7,Apo,C1,25C (ambient),Apo_25,1,"3 dpl

07.31.2025",3,0,day_3
Plate 7_C1_Apo_25C,Plate 7,Apo,C1,25C (ambient),Apo_25,1,"4 dpl

08.01.2025",4,0,day_4
Plate 7_C1_Apo_25C,Plate 7,Apo,C1,25C (ambient),Apo_25,1,"5 dpl

08.02.2025",5,0,day_5
Plate 7_C1_Apo_25C,Plate 7,Apo,C1,25C (ambient),Apo_25,1,"6 dpl

08.03. 2025",6,0,day_6
Plate 7_C1_Apo_25C,Plate 7,Apo,C1,25C (ambient),Apo_25,1,"7 dpl

08.04.2025",7,0,day_7
Plate 7_C1_Apo_25C,Plate 7,Apo,C1,25C (ambient),Apo_25,1,"8 dpl

08.05.2025",8,5,day_8
Plate 7_C1_Apo_25C,Plate 7,Apo,C1,25C (ambient),Apo_25,1,"9 dpl

08.06.2025",9,5,day_9
Plate 7_C1_Apo_25C,Plate 7,Apo,C1,25C (ambient),Apo_25,1,"10 dpl

08.07.2025",10,5,day_10
Plate 7_C1_Apo_25C,Plate 7,Apo,C1,25C (ambient),Apo_25,1,"11 dpl

08.08.2025",11,5,day_11
Plate 7_C1_Apo_25C,Plate 7,Apo,C1,25C (ambient),Apo_25,1,"13 dpl

08.10.2025",13,na,day_13
Plate 7_C1_Apo_25C,Plate 7,Apo,C1,25C (ambient),Apo_25,1,"14 dpl

08.11.2025",14,na,day_14
Plate 7_C1_Apo_25C,Plate 7,Apo,C1,25C (ambient),Apo_25,1,21 dpl,21,na,day_21
Plate 7_C2_Apo_25C,Plate 7,Apo,C2,25C (ambient),Apo_25,1,"0 dpi

07.28.2025",0,0,day_0
Plate 7_C2_Apo_25C,Plate 7,Apo,C2,25C (ambient),Apo_25,1,"3 dpl

07.31.2025",3,0,day_3
Plate 7_C2_Apo_25C,Plate 7,Apo,C2,25C (ambient),Apo_25,1,"4 dpl

08.01.2025",4,0,day_4
Plate 7_C2_Apo_25C,Plate 7,Apo,C2,25C (ambient),Apo_25,1,"5 dpl

08.02.2025",5,0,day_5
Plate 7_C2_Apo_25C,Plate 7,Apo,C2,25C (ambient),Apo_25,1,"6 dpl

08.03. 2025",6,0,day_6
Plate 7_C2_Apo_25C,Plate 7,Apo,C2,25C (ambient),Apo_25,1,"7 dpl

08.04.2025",7,0,day_7
Plate 7_C2_Apo_25C,Plate 7,Apo,C2,25C (ambient),Apo_25,1,"8 dpl

08.05.2025",8,9,day_8
Plate 7_C2_Apo_25C,Plate 7,Apo,C2,25C (ambient),Apo_25,1,"9 dpl

08.06.2025",9,9,day_9
Plate 7_C2_Apo_25C,Plate 7,Apo,C2,25C (ambient),Apo_25,1,"10 dpl

08.07.2025",10,9,day_10
Plate 7_C2_Apo_25C,Plate 7,Apo,C2,25C (ambient),Apo_25,1,"11 dpl

08.08.2025",11,9,day_11
Plate 7_C2_Apo_25C,Plate 7,Apo,C2,25C (ambient),Apo_25,1,"13 dpl

08.10.2025",13,na,day_13
Plate 7_C2_Apo_25C,Plate 7,Apo,C2,25C (ambient),Apo_25,1,"14 dpl

08.11.2025",14,na,day_14
Plate 7_C2_Apo_25C,Plate 7,Apo,C2,25C (ambient),Apo_25,1,21 dpl,21,na,day_21
Plate 7_C3_Apo_25C,Plate 7,Apo,C3,25C (ambient),Apo_25,1,"0 dpi

07.28.2025",0,0,day_0
Plate 7_C3_Apo_25C,Plate 7,Apo,C3,25C (ambient),Apo_25,1,"3 dpl

07.31.2025",3,0,day_3
Plate 7_C3_Apo_25C,Plate 7,Apo,C3,25C (ambient),Apo_25,1,"4 dpl

08.01.2025",4,0,day_4
Plate 7_C3_Apo_25C,Plate 7,Apo,C3,25C (ambient),Apo_25,1,"5 dpl

08.02.2025",5,0,day_5
Plate 7_C3_Apo_25C,Plate 7,Apo,C3,25C (ambient),Apo_25,1,"6 dpl

08.03. 2025",6,0,day_6
Plate 7_C3_Apo_25C,Plate 7,Apo,C3,25C (ambient),Apo_25,1,"7 dpl

08.04.2025",7,0,day_7
Plate 7_C3_Apo_25C,Plate 7,Apo,C3,25C (ambient),Apo_25,1,"8 dpl

08.05.2025",8,0,day_8
Plate 7_C3_Apo_25C,Plate 7,Apo,C3,25C (ambient),Apo_25,1,"9 dpl

08.06.2025",9,0,day_9
Plate 7_C3_Apo_25C,Plate 7,Apo,C3,25C (ambient),Apo_25,1,"10 dpl

08.07.2025",10,0,day_10
Plate 7_C3_Apo_25C,Plate 7,Apo,C3,25C (ambient),Apo_25,1,"11 dpl

08.08.2025",11,0,day_11
Plate 7_C3_Apo_25C,Plate 7,Apo,C3,25C (ambient),Apo_25,1,"13 dpl

08.10.2025",13,0,day_13
Plate 7_C3_Apo_25C,Plate 7,Apo,C3,25C (ambient),Apo_25,1,"14 dpl

08.11.2025",14,0,day_14
Plate 7_C3_Apo_25C,Plate 7,Apo,C3,25C (ambient),Apo_25,1,21 dpl,21,0,day_21
Plate 7_C3_Apo_25C,Plate 7,Apo,C3,25C (ambient),Apo_25,2,"0 dpi

07.28.2025",0,na,day_0
Plate 7_C3_Apo_25C,Plate 7,Apo,C3,25C (ambient),Apo_25,2,"3 dpl

07.31.2025",3,na,day_3
Plate 7_C3_Apo_25C,Plate 7,Apo,C3,25C (ambient),Apo_25,2,"4 dpl

08.01.2025",4,na,day_4
Plate 7_C3_Apo_25C,Plate 7,Apo,C3,25C (ambient),Apo_25,2,"5 dpl

08.02.2025",5,na,day_5
Plate 7_C3_Apo_25C,Plate 7,Apo,C3,25C (ambient),Apo_25,2,"6 dpl

08.03. 2025",6,na,day_6
Plate 7_C3_Apo_25C,Plate 7,Apo,C3,25C (ambient),Apo_25,2,"7 dpl

08.04.2025",7,na,day_7
Plate 7_C3_Apo_25C,Plate 7,Apo,C3,25C (ambient),Apo_25,2,"8 dpl

08.05.2025",8,na,day_8
Plate 7_C3_Apo_25C,Plate 7,Apo,C3,25C (ambient),Apo_25,2,"9 dpl

08.06.2025",9,na,day_9
Plate 7_C3_Apo_25C,Plate 7,Apo,C3,25C (ambient),Apo_25,2,"10 dpl

08.07.2025",10,na,day_10
Plate 7_C3_Apo_25C,Plate 7,Apo,C3,25C (ambient),Apo_25,2,"11 dpl

08.08.2025",11,na,day_11
Plate 7_C3_Apo_25C,Plate 7,Apo,C3,25C (ambient),Apo_25,2,"13 dpl

08.10.2025",13,na,day_13
Plate 7_C3_Apo_25C,Plate 7,Apo,C3,25C (ambient),Apo_25,2,"14 dpl

08.11.2025",14,na,day_14
Plate 7_C3_Apo_25C,Plate 7,Apo,C3,25C (ambient),Apo_25,2,21 dpl,21,na,day_21
Plate 7_C4_Apo_25C,Plate 7,Apo,C4,25C (ambient),Apo_25,1,"0 dpi

07.28.2025",0,0,day_0
Plate 7_C4_Apo_25C,Plate 7,Apo,C4,25C (ambient),Apo_25,1,"3 dpl

07.31.2025",3,0,day_3
Plate 7_C4_Apo_25C,Plate 7,Apo,C4,25C (ambient),Apo_25,1,"4 dpl

08.01.2025",4,0,day_4
Plate 7_C4_Apo_25C,Plate 7,Apo,C4,25C (ambient),Apo_25,1,"5 dpl

08.02.2025",5,0,day_5
Plate 7_C4_Apo_25C,Plate 7,Apo,C4,25C (ambient),Apo_25,1,"6 dpl

08.03. 2025",6,0,day_6
Plate 7_C4_Apo_25C,Plate 7,Apo,C4,25C (ambient),Apo_25,1,"7 dpl

08.04.2025",7,0,day_7
Plate 7_C4_Apo_25C,Plate 7,Apo,C4,25C (ambient),Apo_25,1,"8 dpl

08.05.2025",8,0,day_8
Plate 7_C4_Apo_25C,Plate 7,Apo,C4,25C (ambient),Apo_25,1,"9 dpl

08.06.2025",9,0,day_9
Plate 7_C4_Apo_25C,Plate 7,Apo,C4,25C (ambient),Apo_25,1,"10 dpl

08.07.2025",10,0,day_10
Plate 7_C4_Apo_25C,Plate 7,Apo,C4,25C (ambient),Apo_25,1,"11 dpl

08.08.2025",11,0,day_11
Plate 7_C4_Apo_25C,Plate 7,Apo,C4,25C (ambient),Apo_25,1,"13 dpl

08.10.2025",13,0,day_13
Plate 7_C4_Apo_25C,Plate 7,Apo,C4,25C (ambient),Apo_25,1,"14 dpl

08.11.2025",14,?,day_14
Plate 7_C4_Apo_25C,Plate 7,Apo,C4,25C (ambient),Apo_25,1,21 dpl,21,?,day_21
Plate 7_C5_Apo_25C,Plate 7,Apo,C5,25C (ambient),Apo_25,1,"0 dpi

07.28.2025",0,0,day_0
Plate 7_C5_Apo_25C,Plate 7,Apo,C5,25C (ambient),Apo_25,1,"3 dpl

07.31.2025",3,0,day_3
Plate 7_C5_Apo_25C,Plate 7,Apo,C5,25C (ambient),Apo_25,1,"4 dpl

08.01.2025",4,0,day_4
Plate 7_C5_Apo_25C,Plate 7,Apo,C5,25C (ambient),Apo_25,1,"5 dpl

08.02.2025",5,0,day_5
Plate 7_C5_Apo_25C,Plate 7,Apo,C5,25C (ambient),Apo_25,1,"6 dpl

08.03. 2025",6,0,day_6
Plate 7_C5_Apo_25C,Plate 7,Apo,C5,25C (ambient),Apo_25,1,"7 dpl

08.04.2025",7,0,day_7
Plate 7_C5_Apo_25C,Plate 7,Apo,C5,25C (ambient),Apo_25,1,"8 dpl

08.05.2025",8,0,day_8
Plate 7_C5_Apo_25C,Plate 7,Apo,C5,25C (ambient),Apo_25,1,"9 dpl

08.06.2025",9,0,day_9
Plate 7_C5_Apo_25C,Plate 7,Apo,C5,25C (ambient),Apo_25,1,"10 dpl

08.07.2025",10,0,day_10
Plate 7_C5_Apo_25C,Plate 7,Apo,C5,25C (ambient),Apo_25,1,"11 dpl

08.08.2025",11,0,day_11
Plate 7_C5_Apo_25C,Plate 7,Apo,C5,25C (ambient),Apo_25,1,"13 dpl

08.10.2025",13,0,day_13
Plate 7_C5_Apo_25C,Plate 7,Apo,C5,25C (ambient),Apo_25,1,"14 dpl

08.11.2025",14,0,day_14
Plate 7_C5_Apo_25C,Plate 7,Apo,C5,25C (ambient),Apo_25,1,21 dpl,21,?,day_21
Plate 7_C6_Apo_25C,Plate 7,Apo,C6,25C (ambient),Apo_25,1,"0 dpi

07.28.2025",0,0,day_0
Plate 7_C6_Apo_25C,Plate 7,Apo,C6,25C (ambient),Apo_25,1,"3 dpl

07.31.2025",3,0,day_3
Plate 7_C6_Apo_25C,Plate 7,Apo,C6,25C (ambient),Apo_25,1,"4 dpl

08.01.2025",4,0,day_4
Plate 7_C6_Apo_25C,Plate 7,Apo,C6,25C (ambient),Apo_25,1,"5 dpl

08.02.2025",5,0,day_5
Plate 7_C6_Apo_25C,Plate 7,Apo,C6,25C (ambient),Apo_25,1,"6 dpl

08.03. 2025",6,0,day_6
Plate 7_C6_Apo_25C,Plate 7,Apo,C6,25C (ambient),Apo_25,1,"7 dpl

08.04.2025",7,0,day_7
Plate 7_C6_Apo_25C,Plate 7,Apo,C6,25C (ambient),Apo_25,1,"8 dpl

08.05.2025",8,0,day_8
Plate 7_C6_Apo_25C,Plate 7,Apo,C6,25C (ambient),Apo_25,1,"9 dpl

08.06.2025",9,0,day_9
Plate 7_C6_Apo_25C,Plate 7,Apo,C6,25C (ambient),Apo_25,1,"10 dpl

08.07.2025",10,0,day_10
Plate 7_C6_Apo_25C,Plate 7,Apo,C6,25C (ambient),Apo_25,1,"11 dpl

08.08.2025",11,0,day_11
Plate 7_C6_Apo_25C,Plate 7,Apo,C6,25C (ambient),Apo_25,1,"13 dpl

08.10.2025",13,0,day_13
Plate 7_C6_Apo_25C,Plate 7,Apo,C6,25C (ambient),Apo_25,1,"14 dpl

08.11.2025",14,0,day_14
Plate 7_C6_Apo_25C,Plate 7,Apo,C6,25C (ambient),Apo_25,1,21 dpl,21,0,day_21
Plate 7_D1_Apo_25C,Plate 7,Apo,D1,25C (ambient),Apo_25,1,"0 dpi

07.28.2025",0,0,day_0
Plate 7_D1_Apo_25C,Plate 7,Apo,D1,25C (ambient),Apo_25,1,"3 dpl

07.31.2025",3,0,day_3
Plate 7_D1_Apo_25C,Plate 7,Apo,D1,25C (ambient),Apo_25,1,"4 dpl

08.01.2025",4,0,day_4
Plate 7_D1_Apo_25C,Plate 7,Apo,D1,25C (ambient),Apo_25,1,"5 dpl

08.02.2025",5,0,day_5
Plate 7_D1_Apo_25C,Plate 7,Apo,D1,25C (ambient),Apo_25,1,"6 dpl

08.03. 2025",6,0,day_6
Plate 7_D1_Apo_25C,Plate 7,Apo,D1,25C (ambient),Apo_25,1,"7 dpl

08.04.2025",7,0,day_7
Plate 7_D1_Apo_25C,Plate 7,Apo,D1,25C (ambient),Apo_25,1,"8 dpl

08.05.2025",8,1,day_8
Plate 7_D1_Apo_25C,Plate 7,Apo,D1,25C (ambient),Apo_25,1,"9 dpl

08.06.2025",9,1,day_9
Plate 7_D1_Apo_25C,Plate 7,Apo,D1,25C (ambient),Apo_25,1,"10 dpl

08.07.2025",10,1,day_10
Plate 7_D1_Apo_25C,Plate 7,Apo,D1,25C (ambient),Apo_25,1,"11 dpl

08.08.2025",11,1,day_11
Plate 7_D1_Apo_25C,Plate 7,Apo,D1,25C (ambient),Apo_25,1,"13 dpl

08.10.2025",13,1,day_13
Plate 7_D1_Apo_25C,Plate 7,Apo,D1,25C (ambient),Apo_25,1,"14 dpl

08.11.2025",14,1,day_14
Plate 7_D1_Apo_25C,Plate 7,Apo,D1,25C (ambient),Apo_25,1,21 dpl,21,1,day_21
Plate 7_D2_Apo_25C,Plate 7,Apo,D2,25C (ambient),Apo_25,1,"0 dpi

07.28.2025",0,0,day_0
Plate 7_D2_Apo_25C,Plate 7,Apo,D2,25C (ambient),Apo_25,1,"3 dpl

07.31.2025",3,0,day_3
Plate 7_D2_Apo_25C,Plate 7,Apo,D2,25C (ambient),Apo_25,1,"4 dpl

08.01.2025",4,0,day_4
Plate 7_D2_Apo_25C,Plate 7,Apo,D2,25C (ambient),Apo_25,1,"5 dpl

08.02.2025",5,0,day_5
Plate 7_D2_Apo_25C,Plate 7,Apo,D2,25C (ambient),Apo_25,1,"6 dpl

08.03. 2025",6,0,day_6
Plate 7_D2_Apo_25C,Plate 7,Apo,D2,25C (ambient),Apo_25,1,"7 dpl

08.04.2025",7,0,day_7
Plate 7_D2_Apo_25C,Plate 7,Apo,D2,25C (ambient),Apo_25,1,"8 dpl

08.05.2025",8,8,day_8
Plate 7_D2_Apo_25C,Plate 7,Apo,D2,25C (ambient),Apo_25,1,"9 dpl

08.06.2025",9,10,day_9
Plate 7_D2_Apo_25C,Plate 7,Apo,D2,25C (ambient),Apo_25,1,"10 dpl

08.07.2025",10,10,day_10
Plate 7_D2_Apo_25C,Plate 7,Apo,D2,25C (ambient),Apo_25,1,"11 dpl

08.08.2025",11,na,day_11
Plate 7_D2_Apo_25C,Plate 7,Apo,D2,25C (ambient),Apo_25,1,"13 dpl

08.10.2025",13,na,day_13
Plate 7_D2_Apo_25C,Plate 7,Apo,D2,25C (ambient),Apo_25,1,"14 dpl

08.11.2025",14,na,day_14
Plate 7_D2_Apo_25C,Plate 7,Apo,D2,25C (ambient),Apo_25,1,21 dpl,21,na,day_21
Plate 7_D3_Apo_25C,Plate 7,Apo,D3,25C (ambient),Apo_25,1,"0 dpi

07.28.2025",0,0,day_0
Plate 7_D3_Apo_25C,Plate 7,Apo,D3,25C (ambient),Apo_25,1,"3 dpl

07.31.2025",3,0,day_3
Plate 7_D3_Apo_25C,Plate 7,Apo,D3,25C (ambient),Apo_25,1,"4 dpl

08.01.2025",4,0,day_4
Plate 7_D3_Apo_25C,Plate 7,Apo,D3,25C (ambient),Apo_25,1,"5 dpl

08.02.2025",5,0,day_5
Plate 7_D3_Apo_25C,Plate 7,Apo,D3,25C (ambient),Apo_25,1,"6 dpl

08.03. 2025",6,0,day_6
Plate 7_D3_Apo_25C,Plate 7,Apo,D3,25C (ambient),Apo_25,1,"7 dpl

08.04.2025",7,0,day_7
Plate 7_D3_Apo_25C,Plate 7,Apo,D3,25C (ambient),Apo_25,1,"8 dpl

08.05.2025",8,0,day_8
Plate 7_D3_Apo_25C,Plate 7,Apo,D3,25C (ambient),Apo_25,1,"9 dpl

08.06.2025",9,0,day_9
Plate 7_D3_Apo_25C,Plate 7,Apo,D3,25C (ambient),Apo_25,1,"10 dpl

08.07.2025",10,0,day_10
Plate 7_D3_Apo_25C,Plate 7,Apo,D3,25C (ambient),Apo_25,1,"11 dpl

08.08.2025",11,0,day_11
Plate 7_D3_Apo_25C,Plate 7,Apo,D3,25C (ambient),Apo_25,1,"13 dpl

08.10.2025",13,0,day_13
Plate 7_D3_Apo_25C,Plate 7,Apo,D3,25C (ambient),Apo_25,1,"14 dpl

08.11.2025",14,0,day_14
Plate 7_D3_Apo_25C,Plate 7,Apo,D3,25C (ambient),Apo_25,1,21 dpl,21,0,day_21
Plate 7_D4_Apo_25C,Plate 7,Apo,D4,25C (ambient),Apo_25,1,"0 dpi

07.28.2025",0,0,day_0
Plate 7_D4_Apo_25C,Plate 7,Apo,D4,25C (ambient),Apo_25,1,"3 dpl

07.31.2025",3,0,day_3
Plate 7_D4_Apo_25C,Plate 7,Apo,D4,25C (ambient),Apo_25,1,"4 dpl

08.01.2025",4,0,day_4
Plate 7_D4_Apo_25C,Plate 7,Apo,D4,25C (ambient),Apo_25,1,"5 dpl

08.02.2025",5,0,day_5
Plate 7_D4_Apo_25C,Plate 7,Apo,D4,25C (ambient),Apo_25,1,"6 dpl

08.03. 2025",6,0,day_6
Plate 7_D4_Apo_25C,Plate 7,Apo,D4,25C (ambient),Apo_25,1,"7 dpl

08.04.2025",7,0,day_7
Plate 7_D4_Apo_25C,Plate 7,Apo,D4,25C (ambient),Apo_25,1,"8 dpl

08.05.2025",8,0,day_8
Plate 7_D4_Apo_25C,Plate 7,Apo,D4,25C (ambient),Apo_25,1,"9 dpl

08.06.2025",9,0,day_9
Plate 7_D4_Apo_25C,Plate 7,Apo,D4,25C (ambient),Apo_25,1,"10 dpl

08.07.2025",10,0,day_10
Plate 7_D4_Apo_25C,Plate 7,Apo,D4,25C (ambient),Apo_25,1,"11 dpl

08.08.2025",11,0,day_11
Plate 7_D4_Apo_25C,Plate 7,Apo,D4,25C (ambient),Apo_25,1,"13 dpl

08.10.2025",13,0,day_13
Plate 7_D4_Apo_25C,Plate 7,Apo,D4,25C (ambient),Apo_25,1,"14 dpl

08.11.2025",14,0,day_14
Plate 7_D4_Apo_25C,Plate 7,Apo,D4,25C (ambient),Apo_25,1,21 dpl,21,0,day_21
Plate 7_D5_Apo_25C,Plate 7,Apo,D5,25C (ambient),Apo_25,1,"0 dpi

07.28.2025",0,0,day_0
Plate 7_D5_Apo_25C,Plate 7,Apo,D5,25C (ambient),Apo_25,1,"3 dpl

07.31.2025",3,0,day_3
Plate 7_D5_Apo_25C,Plate 7,Apo,D5,25C (ambient),Apo_25,1,"4 dpl

08.01.2025",4,0,day_4
Plate 7_D5_Apo_25C,Plate 7,Apo,D5,25C (ambient),Apo_25,1,"5 dpl

08.02.2025",5,0,day_5
Plate 7_D5_Apo_25C,Plate 7,Apo,D5,25C (ambient),Apo_25,1,"6 dpl

08.03. 2025",6,0,day_6
Plate 7_D5_Apo_25C,Plate 7,Apo,D5,25C (ambient),Apo_25,1,"7 dpl

08.04.2025",7,0,day_7
Plate 7_D5_Apo_25C,Plate 7,Apo,D5,25C (ambient),Apo_25,1,"8 dpl

08.05.2025",8,1,day_8
Plate 7_D5_Apo_25C,Plate 7,Apo,D5,25C (ambient),Apo_25,1,"9 dpl

08.06.2025",9,1,day_9
Plate 7_D5_Apo_25C,Plate 7,Apo,D5,25C (ambient),Apo_25,1,"10 dpl

08.07.2025",10,1,day_10
Plate 7_D5_Apo_25C,Plate 7,Apo,D5,25C (ambient),Apo_25,1,"11 dpl

08.08.2025",11,1,day_11
Plate 7_D5_Apo_25C,Plate 7,Apo,D5,25C (ambient),Apo_25,1,"13 dpl

08.10.2025",13,na,day_13
Plate 7_D5_Apo_25C,Plate 7,Apo,D5,25C (ambient),Apo_25,1,"14 dpl

08.11.2025",14,na,day_14
Plate 7_D5_Apo_25C,Plate 7,Apo,D5,25C (ambient),Apo_25,1,21 dpl,21,na,day_21
Plate 7_D6_Apo_25C,Plate 7,Apo,D6,25C (ambient),Apo_25,1,"0 dpi

07.28.2025",0,0,day_0
Plate 7_D6_Apo_25C,Plate 7,Apo,D6,25C (ambient),Apo_25,1,"3 dpl

07.31.2025",3,0,day_3
Plate 7_D6_Apo_25C,Plate 7,Apo,D6,25C (ambient),Apo_25,1,"4 dpl

08.01.2025",4,0,day_4
Plate 7_D6_Apo_25C,Plate 7,Apo,D6,25C (ambient),Apo_25,1,"5 dpl

08.02.2025",5,0,day_5
Plate 7_D6_Apo_25C,Plate 7,Apo,D6,25C (ambient),Apo_25,1,"6 dpl

08.03. 2025",6,0,day_6
Plate 7_D6_Apo_25C,Plate 7,Apo,D6,25C (ambient),Apo_25,1,"7 dpl

08.04.2025",7,0,day_7
Plate 7_D6_Apo_25C,Plate 7,Apo,D6,25C (ambient),Apo_25,1,"8 dpl

08.05.2025",8,na,day_8
Plate 7_D6_Apo_25C,Plate 7,Apo,D6,25C (ambient),Apo_25,1,"9 dpl

08.06.2025",9,na,day_9
Plate 7_D6_Apo_25C,Plate 7,Apo,D6,25C (ambient),Apo_25,1,"10 dpl

08.07.2025",10,na,day_10
Plate 7_D6_Apo_25C,Plate 7,Apo,D6,25C (ambient),Apo_25,1,"11 dpl

08.08.2025",11,na,day_11
Plate 7_D6_Apo_25C,Plate 7,Apo,D6,25C (ambient),Apo_25,1,"13 dpl

08.10.2025",13,na,day_13
Plate 7_D6_Apo_25C,Plate 7,Apo,D6,25C (ambient),Apo_25,1,"14 dpl

08.11.2025",14,na,day_14
Plate 7_D6_Apo_25C,Plate 7,Apo,D6,25C (ambient),Apo_25,1,21 dpl,21,na,day_21
Plate 8_A1_Apo_25C,Plate 8,Apo,A1,25C (ambient),Apo_25,1,"0 dpi

07.28.2025",0,0,day_0
Plate 8_A1_Apo_25C,Plate 8,Apo,A1,25C (ambient),Apo_25,1,"3 dpl

07.31.2025",3,edu,day_3
Plate 8_A1_Apo_25C,Plate 8,Apo,A1,25C (ambient),Apo_25,1,"4 dpl

08.01.2025",4,edu,day_4
Plate 8_A1_Apo_25C,Plate 8,Apo,A1,25C (ambient),Apo_25,1,"5 dpl

08.02.2025",5,edu,day_5
Plate 8_A1_Apo_25C,Plate 8,Apo,A1,25C (ambient),Apo_25,1,"6 dpl

08.03. 2025",6,edu,day_6
Plate 8_A1_Apo_25C,Plate 8,Apo,A1,25C (ambient),Apo_25,1,"7 dpl

08.04.2025",7,edu,day_7
Plate 8_A1_Apo_25C,Plate 8,Apo,A1,25C (ambient),Apo_25,1,"8 dpl

08.05.2025",8,edu,day_8
Plate 8_A1_Apo_25C,Plate 8,Apo,A1,25C (ambient),Apo_25,1,"9 dpl

08.06.2025",9,edu,day_9
Plate 8_A1_Apo_25C,Plate 8,Apo,A1,25C (ambient),Apo_25,1,"10 dpl

08.07.2025",10,edu,day_10
Plate 8_A1_Apo_25C,Plate 8,Apo,A1,25C (ambient),Apo_25,1,"11 dpl

08.08.2025",11,edu,day_11
Plate 8_A1_Apo_25C,Plate 8,Apo,A1,25C (ambient),Apo_25,1,"13 dpl

08.10.2025",13,edu,day_13
Plate 8_A1_Apo_25C,Plate 8,Apo,A1,25C (ambient),Apo_25,1,"14 dpl

08.11.2025",14,edu,day_14
Plate 8_A1_Apo_25C,Plate 8,Apo,A1,25C (ambient),Apo_25,1,21 dpl,21,edu,day_21
Plate 8_A2_Apo_25C,Plate 8,Apo,A2,25C (ambient),Apo_25,1,"0 dpi

07.28.2025",0,0,day_0
Plate 8_A2_Apo_25C,Plate 8,Apo,A2,25C (ambient),Apo_25,1,"3 dpl

07.31.2025",3,edu,day_3
Plate 8_A2_Apo_25C,Plate 8,Apo,A2,25C (ambient),Apo_25,1,"4 dpl

08.01.2025",4,edu,day_4
Plate 8_A2_Apo_25C,Plate 8,Apo,A2,25C (ambient),Apo_25,1,"5 dpl

08.02.2025",5,edu,day_5
Plate 8_A2_Apo_25C,Plate 8,Apo,A2,25C (ambient),Apo_25,1,"6 dpl

08.03. 2025",6,edu,day_6
Plate 8_A2_Apo_25C,Plate 8,Apo,A2,25C (ambient),Apo_25,1,"7 dpl

08.04.2025",7,edu,day_7
Plate 8_A2_Apo_25C,Plate 8,Apo,A2,25C (ambient),Apo_25,1,"8 dpl

08.05.2025",8,edu,day_8
Plate 8_A2_Apo_25C,Plate 8,Apo,A2,25C (ambient),Apo_25,1,"9 dpl

08.06.2025",9,edu,day_9
Plate 8_A2_Apo_25C,Plate 8,Apo,A2,25C (ambient),Apo_25,1,"10 dpl

08.07.2025",10,edu,day_10
Plate 8_A2_Apo_25C,Plate 8,Apo,A2,25C (ambient),Apo_25,1,"11 dpl

08.08.2025",11,edu,day_11
Plate 8_A2_Apo_25C,Plate 8,Apo,A2,25C (ambient),Apo_25,1,"13 dpl

08.10.2025",13,edu,day_13
Plate 8_A2_Apo_25C,Plate 8,Apo,A2,25C (ambient),Apo_25,1,"14 dpl

08.11.2025",14,edu,day_14
Plate 8_A2_Apo_25C,Plate 8,Apo,A2,25C (ambient),Apo_25,1,21 dpl,21,edu,day_21
Plate 8_A3_Apo_25C,Plate 8,Apo,A3,25C (ambient),Apo_25,1,"0 dpi

07.28.2025",0,0,day_0
Plate 8_A3_Apo_25C,Plate 8,Apo,A3,25C (ambient),Apo_25,1,"3 dpl

07.31.2025",3,edu,day_3
Plate 8_A3_Apo_25C,Plate 8,Apo,A3,25C (ambient),Apo_25,1,"4 dpl

08.01.2025",4,edu,day_4
Plate 8_A3_Apo_25C,Plate 8,Apo,A3,25C (ambient),Apo_25,1,"5 dpl

08.02.2025",5,edu,day_5
Plate 8_A3_Apo_25C,Plate 8,Apo,A3,25C (ambient),Apo_25,1,"6 dpl

08.03. 2025",6,edu,day_6
Plate 8_A3_Apo_25C,Plate 8,Apo,A3,25C (ambient),Apo_25,1,"7 dpl

08.04.2025",7,edu,day_7
Plate 8_A3_Apo_25C,Plate 8,Apo,A3,25C (ambient),Apo_25,1,"8 dpl

08.05.2025",8,edu,day_8
Plate 8_A3_Apo_25C,Plate 8,Apo,A3,25C (ambient),Apo_25,1,"9 dpl

08.06.2025",9,edu,day_9
Plate 8_A3_Apo_25C,Plate 8,Apo,A3,25C (ambient),Apo_25,1,"10 dpl

08.07.2025",10,edu,day_10
Plate 8_A3_Apo_25C,Plate 8,Apo,A3,25C (ambient),Apo_25,1,"11 dpl

08.08.2025",11,edu,day_11
Plate 8_A3_Apo_25C,Plate 8,Apo,A3,25C (ambient),Apo_25,1,"13 dpl

08.10.2025",13,edu,day_13
Plate 8_A3_Apo_25C,Plate 8,Apo,A3,25C (ambient),Apo_25,1,"14 dpl

08.11.2025",14,edu,day_14
Plate 8_A3_Apo_25C,Plate 8,Apo,A3,25C (ambient),Apo_25,1,21 dpl,21,edu,day_21
Plate 8_A4_Apo_25C,Plate 8,Apo,A4,25C (ambient),Apo_25,1,"0 dpi

07.28.2025",0,0,day_0
Plate 8_A4_Apo_25C,Plate 8,Apo,A4,25C (ambient),Apo_25,1,"3 dpl

07.31.2025",3,edu,day_3
Plate 8_A4_Apo_25C,Plate 8,Apo,A4,25C (ambient),Apo_25,1,"4 dpl

08.01.2025",4,edu,day_4
Plate 8_A4_Apo_25C,Plate 8,Apo,A4,25C (ambient),Apo_25,1,"5 dpl

08.02.2025",5,edu,day_5
Plate 8_A4_Apo_25C,Plate 8,Apo,A4,25C (ambient),Apo_25,1,"6 dpl

08.03. 2025",6,edu,day_6
Plate 8_A4_Apo_25C,Plate 8,Apo,A4,25C (ambient),Apo_25,1,"7 dpl

08.04.2025",7,edu,day_7
Plate 8_A4_Apo_25C,Plate 8,Apo,A4,25C (ambient),Apo_25,1,"8 dpl

08.05.2025",8,edu,day_8
Plate 8_A4_Apo_25C,Plate 8,Apo,A4,25C (ambient),Apo_25,1,"9 dpl

08.06.2025",9,edu,day_9
Plate 8_A4_Apo_25C,Plate 8,Apo,A4,25C (ambient),Apo_25,1,"10 dpl

08.07.2025",10,edu,day_10
Plate 8_A4_Apo_25C,Plate 8,Apo,A4,25C (ambient),Apo_25,1,"11 dpl

08.08.2025",11,edu,day_11
Plate 8_A4_Apo_25C,Plate 8,Apo,A4,25C (ambient),Apo_25,1,"13 dpl

08.10.2025",13,edu,day_13
Plate 8_A4_Apo_25C,Plate 8,Apo,A4,25C (ambient),Apo_25,1,"14 dpl

08.11.2025",14,edu,day_14
Plate 8_A4_Apo_25C,Plate 8,Apo,A4,25C (ambient),Apo_25,1,21 dpl,21,edu,day_21
Plate 8_A5_Apo_25C,Plate 8,Apo,A5,25C (ambient),Apo_25,1,"0 dpi

07.28.2025",0,0,day_0
Plate 8_A5_Apo_25C,Plate 8,Apo,A5,25C (ambient),Apo_25,1,"3 dpl

07.31.2025",3,edu,day_3
Plate 8_A5_Apo_25C,Plate 8,Apo,A5,25C (ambient),Apo_25,1,"4 dpl

08.01.2025",4,edu,day_4
Plate 8_A5_Apo_25C,Plate 8,Apo,A5,25C (ambient),Apo_25,1,"5 dpl

08.02.2025",5,edu,day_5
Plate 8_A5_Apo_25C,Plate 8,Apo,A5,25C (ambient),Apo_25,1,"6 dpl

08.03. 2025",6,edu,day_6
Plate 8_A5_Apo_25C,Plate 8,Apo,A5,25C (ambient),Apo_25,1,"7 dpl

08.04.2025",7,edu,day_7
Plate 8_A5_Apo_25C,Plate 8,Apo,A5,25C (ambient),Apo_25,1,"8 dpl

08.05.2025",8,edu,day_8
Plate 8_A5_Apo_25C,Plate 8,Apo,A5,25C (ambient),Apo_25,1,"9 dpl

08.06.2025",9,edu,day_9
Plate 8_A5_Apo_25C,Plate 8,Apo,A5,25C (ambient),Apo_25,1,"10 dpl

08.07.2025",10,edu,day_10
Plate 8_A5_Apo_25C,Plate 8,Apo,A5,25C (ambient),Apo_25,1,"11 dpl

08.08.2025",11,edu,day_11
Plate 8_A5_Apo_25C,Plate 8,Apo,A5,25C (ambient),Apo_25,1,"13 dpl

08.10.2025",13,edu,day_13
Plate 8_A5_Apo_25C,Plate 8,Apo,A5,25C (ambient),Apo_25,1,"14 dpl

08.11.2025",14,edu,day_14
Plate 8_A5_Apo_25C,Plate 8,Apo,A5,25C (ambient),Apo_25,1,21 dpl,21,edu,day_21
Plate 8_A6_Apo_25C,Plate 8,Apo,A6,25C (ambient),Apo_25,1,"0 dpi

07.28.2025",0,0,day_0
Plate 8_A6_Apo_25C,Plate 8,Apo,A6,25C (ambient),Apo_25,1,"3 dpl

07.31.2025",3,na,day_3
Plate 8_A6_Apo_25C,Plate 8,Apo,A6,25C (ambient),Apo_25,1,"4 dpl

08.01.2025",4,na,day_4
Plate 8_A6_Apo_25C,Plate 8,Apo,A6,25C (ambient),Apo_25,1,"5 dpl

08.02.2025",5,na,day_5
Plate 8_A6_Apo_25C,Plate 8,Apo,A6,25C (ambient),Apo_25,1,"6 dpl

08.03. 2025",6,na,day_6
Plate 8_A6_Apo_25C,Plate 8,Apo,A6,25C (ambient),Apo_25,1,"7 dpl

08.04.2025",7,na,day_7
Plate 8_A6_Apo_25C,Plate 8,Apo,A6,25C (ambient),Apo_25,1,"8 dpl

08.05.2025",8,na,day_8
Plate 8_A6_Apo_25C,Plate 8,Apo,A6,25C (ambient),Apo_25,1,"9 dpl

08.06.2025",9,na,day_9
Plate 8_A6_Apo_25C,Plate 8,Apo,A6,25C (ambient),Apo_25,1,"10 dpl

08.07.2025",10,na,day_10
Plate 8_A6_Apo_25C,Plate 8,Apo,A6,25C (ambient),Apo_25,1,"11 dpl

08.08.2025",11,na,day_11
Plate 8_A6_Apo_25C,Plate 8,Apo,A6,25C (ambient),Apo_25,1,"13 dpl

08.10.2025",13,na,day_13
Plate 8_A6_Apo_25C,Plate 8,Apo,A6,25C (ambient),Apo_25,1,"14 dpl

08.11.2025",14,na,day_14
Plate 8_A6_Apo_25C,Plate 8,Apo,A6,25C (ambient),Apo_25,1,21 dpl,21,na,day_21
Plate 8_B1_Apo_25C,Plate 8,Apo,B1,25C (ambient),Apo_25,1,"0 dpi

07.28.2025",0,0,day_0
Plate 8_B1_Apo_25C,Plate 8,Apo,B1,25C (ambient),Apo_25,1,"3 dpl

07.31.2025",3,0,day_3
Plate 8_B1_Apo_25C,Plate 8,Apo,B1,25C (ambient),Apo_25,1,"4 dpl

08.01.2025",4,0,day_4
Plate 8_B1_Apo_25C,Plate 8,Apo,B1,25C (ambient),Apo_25,1,"5 dpl

08.02.2025",5,0,day_5
Plate 8_B1_Apo_25C,Plate 8,Apo,B1,25C (ambient),Apo_25,1,"6 dpl

08.03. 2025",6,0,day_6
Plate 8_B1_Apo_25C,Plate 8,Apo,B1,25C (ambient),Apo_25,1,"7 dpl

08.04.2025",7,0,day_7
Plate 8_B1_Apo_25C,Plate 8,Apo,B1,25C (ambient),Apo_25,1,"8 dpl

08.05.2025",8,0,day_8
Plate 8_B1_Apo_25C,Plate 8,Apo,B1,25C (ambient),Apo_25,1,"9 dpl

08.06.2025",9,0,day_9
Plate 8_B1_Apo_25C,Plate 8,Apo,B1,25C (ambient),Apo_25,1,"10 dpl

08.07.2025",10,0,day_10
Plate 8_B1_Apo_25C,Plate 8,Apo,B1,25C (ambient),Apo_25,1,"11 dpl

08.08.2025",11,0,day_11
Plate 8_B1_Apo_25C,Plate 8,Apo,B1,25C (ambient),Apo_25,1,"13 dpl

08.10.2025",13,0,day_13
Plate 8_B1_Apo_25C,Plate 8,Apo,B1,25C (ambient),Apo_25,1,"14 dpl

08.11.2025",14,0,day_14
Plate 8_B1_Apo_25C,Plate 8,Apo,B1,25C (ambient),Apo_25,1,21 dpl,21,0,day_21
Plate 8_B2_Apo_25C,Plate 8,Apo,B2,25C (ambient),Apo_25,1,"0 dpi

07.28.2025",0,0,day_0
Plate 8_B2_Apo_25C,Plate 8,Apo,B2,25C (ambient),Apo_25,1,"3 dpl

07.31.2025",3,0,day_3
Plate 8_B2_Apo_25C,Plate 8,Apo,B2,25C (ambient),Apo_25,1,"4 dpl

08.01.2025",4,0,day_4
Plate 8_B2_Apo_25C,Plate 8,Apo,B2,25C (ambient),Apo_25,1,"5 dpl

08.02.2025",5,na,day_5
Plate 8_B2_Apo_25C,Plate 8,Apo,B2,25C (ambient),Apo_25,1,"6 dpl

08.03. 2025",6,na,day_6
Plate 8_B2_Apo_25C,Plate 8,Apo,B2,25C (ambient),Apo_25,1,"7 dpl

08.04.2025",7,na,day_7
Plate 8_B2_Apo_25C,Plate 8,Apo,B2,25C (ambient),Apo_25,1,"8 dpl

08.05.2025",8,na,day_8
Plate 8_B2_Apo_25C,Plate 8,Apo,B2,25C (ambient),Apo_25,1,"9 dpl

08.06.2025",9,na,day_9
Plate 8_B2_Apo_25C,Plate 8,Apo,B2,25C (ambient),Apo_25,1,"10 dpl

08.07.2025",10,na,day_10
Plate 8_B2_Apo_25C,Plate 8,Apo,B2,25C (ambient),Apo_25,1,"11 dpl

08.08.2025",11,na,day_11
Plate 8_B2_Apo_25C,Plate 8,Apo,B2,25C (ambient),Apo_25,1,"13 dpl

08.10.2025",13,na,day_13
Plate 8_B2_Apo_25C,Plate 8,Apo,B2,25C (ambient),Apo_25,1,"14 dpl

08.11.2025",14,na,day_14
Plate 8_B2_Apo_25C,Plate 8,Apo,B2,25C (ambient),Apo_25,1,21 dpl,21,na,day_21
Plate 8_B3_Apo_25C,Plate 8,Apo,B3,25C (ambient),Apo_25,1,"0 dpi

07.28.2025",0,0,day_0
Plate 8_B3_Apo_25C,Plate 8,Apo,B3,25C (ambient),Apo_25,1,"3 dpl

07.31.2025",3,0,day_3
Plate 8_B3_Apo_25C,Plate 8,Apo,B3,25C (ambient),Apo_25,1,"4 dpl

08.01.2025",4,0,day_4
Plate 8_B3_Apo_25C,Plate 8,Apo,B3,25C (ambient),Apo_25,1,"5 dpl

08.02.2025",5,edu,day_5
Plate 8_B3_Apo_25C,Plate 8,Apo,B3,25C (ambient),Apo_25,1,"6 dpl

08.03. 2025",6,edu,day_6
Plate 8_B3_Apo_25C,Plate 8,Apo,B3,25C (ambient),Apo_25,1,"7 dpl

08.04.2025",7,edu,day_7
Plate 8_B3_Apo_25C,Plate 8,Apo,B3,25C (ambient),Apo_25,1,"8 dpl

08.05.2025",8,edu,day_8
Plate 8_B3_Apo_25C,Plate 8,Apo,B3,25C (ambient),Apo_25,1,"9 dpl

08.06.2025",9,edu,day_9
Plate 8_B3_Apo_25C,Plate 8,Apo,B3,25C (ambient),Apo_25,1,"10 dpl

08.07.2025",10,edu,day_10
Plate 8_B3_Apo_25C,Plate 8,Apo,B3,25C (ambient),Apo_25,1,"11 dpl

08.08.2025",11,edu,day_11
Plate 8_B3_Apo_25C,Plate 8,Apo,B3,25C (ambient),Apo_25,1,"13 dpl

08.10.2025",13,edu,day_13
Plate 8_B3_Apo_25C,Plate 8,Apo,B3,25C (ambient),Apo_25,1,"14 dpl

08.11.2025",14,edu,day_14
Plate 8_B3_Apo_25C,Plate 8,Apo,B3,25C (ambient),Apo_25,1,21 dpl,21,edu,day_21
Plate 8_B4_Apo_25C,Plate 8,Apo,B4,25C (ambient),Apo_25,1,"0 dpi

07.28.2025",0,0,day_0
Plate 8_B4_Apo_25C,Plate 8,Apo,B4,25C (ambient),Apo_25,1,"3 dpl

07.31.2025",3,0,day_3
Plate 8_B4_Apo_25C,Plate 8,Apo,B4,25C (ambient),Apo_25,1,"4 dpl

08.01.2025",4,0,day_4
Plate 8_B4_Apo_25C,Plate 8,Apo,B4,25C (ambient),Apo_25,1,"5 dpl

08.02.2025",5,edu,day_5
Plate 8_B4_Apo_25C,Plate 8,Apo,B4,25C (ambient),Apo_25,1,"6 dpl

08.03. 2025",6,edu,day_6
Plate 8_B4_Apo_25C,Plate 8,Apo,B4,25C (ambient),Apo_25,1,"7 dpl

08.04.2025",7,edu,day_7
Plate 8_B4_Apo_25C,Plate 8,Apo,B4,25C (ambient),Apo_25,1,"8 dpl

08.05.2025",8,edu,day_8
Plate 8_B4_Apo_25C,Plate 8,Apo,B4,25C (ambient),Apo_25,1,"9 dpl

08.06.2025",9,edu,day_9
Plate 8_B4_Apo_25C,Plate 8,Apo,B4,25C (ambient),Apo_25,1,"10 dpl

08.07.2025",10,edu,day_10
Plate 8_B4_Apo_25C,Plate 8,Apo,B4,25C (ambient),Apo_25,1,"11 dpl

08.08.2025",11,edu,day_11
Plate 8_B4_Apo_25C,Plate 8,Apo,B4,25C (ambient),Apo_25,1,"13 dpl

08.10.2025",13,edu,day_13
Plate 8_B4_Apo_25C,Plate 8,Apo,B4,25C (ambient),Apo_25,1,"14 dpl

08.11.2025",14,edu,day_14
Plate 8_B4_Apo_25C,Plate 8,Apo,B4,25C (ambient),Apo_25,1,21 dpl,21,edu,day_21
Plate 8_B5_Apo_25C,Plate 8,Apo,B5,25C (ambient),Apo_25,1,"0 dpi

07.28.2025",0,0,day_0
Plate 8_B5_Apo_25C,Plate 8,Apo,B5,25C (ambient),Apo_25,1,"3 dpl

07.31.2025",3,na,day_3
Plate 8_B5_Apo_25C,Plate 8,Apo,B5,25C (ambient),Apo_25,1,"4 dpl

08.01.2025",4,na,day_4
Plate 8_B5_Apo_25C,Plate 8,Apo,B5,25C (ambient),Apo_25,1,"5 dpl

08.02.2025",5,na,day_5
Plate 8_B5_Apo_25C,Plate 8,Apo,B5,25C (ambient),Apo_25,1,"6 dpl

08.03. 2025",6,na,day_6
Plate 8_B5_Apo_25C,Plate 8,Apo,B5,25C (ambient),Apo_25,1,"7 dpl

08.04.2025",7,na,day_7
Plate 8_B5_Apo_25C,Plate 8,Apo,B5,25C (ambient),Apo_25,1,"8 dpl

08.05.2025",8,na,day_8
Plate 8_B5_Apo_25C,Plate 8,Apo,B5,25C (ambient),Apo_25,1,"9 dpl

08.06.2025",9,na,day_9
Plate 8_B5_Apo_25C,Plate 8,Apo,B5,25C (ambient),Apo_25,1,"10 dpl

08.07.2025",10,na,day_10
Plate 8_B5_Apo_25C,Plate 8,Apo,B5,25C (ambient),Apo_25,1,"11 dpl

08.08.2025",11,na,day_11
Plate 8_B5_Apo_25C,Plate 8,Apo,B5,25C (ambient),Apo_25,1,"13 dpl

08.10.2025",13,na,day_13
Plate 8_B5_Apo_25C,Plate 8,Apo,B5,25C (ambient),Apo_25,1,"14 dpl

08.11.2025",14,na,day_14
Plate 8_B5_Apo_25C,Plate 8,Apo,B5,25C (ambient),Apo_25,1,21 dpl,21,na,day_21
Plate 8_B6_Apo_25C,Plate 8,Apo,B6,25C (ambient),Apo_25,1,"0 dpi

07.28.2025",0,0,day_0
Plate 8_B6_Apo_25C,Plate 8,Apo,B6,25C (ambient),Apo_25,1,"3 dpl

07.31.2025",3,0,day_3
Plate 8_B6_Apo_25C,Plate 8,Apo,B6,25C (ambient),Apo_25,1,"4 dpl

08.01.2025",4,0,day_4
Plate 8_B6_Apo_25C,Plate 8,Apo,B6,25C (ambient),Apo_25,1,"5 dpl

08.02.2025",5,edu,day_5
Plate 8_B6_Apo_25C,Plate 8,Apo,B6,25C (ambient),Apo_25,1,"6 dpl

08.03. 2025",6,edu,day_6
Plate 8_B6_Apo_25C,Plate 8,Apo,B6,25C (ambient),Apo_25,1,"7 dpl

08.04.2025",7,edu,day_7
Plate 8_B6_Apo_25C,Plate 8,Apo,B6,25C (ambient),Apo_25,1,"8 dpl

08.05.2025",8,edu,day_8
Plate 8_B6_Apo_25C,Plate 8,Apo,B6,25C (ambient),Apo_25,1,"9 dpl

08.06.2025",9,edu,day_9
Plate 8_B6_Apo_25C,Plate 8,Apo,B6,25C (ambient),Apo_25,1,"10 dpl

08.07.2025",10,edu,day_10
Plate 8_B6_Apo_25C,Plate 8,Apo,B6,25C (ambient),Apo_25,1,"11 dpl

08.08.2025",11,edu,day_11
Plate 8_B6_Apo_25C,Plate 8,Apo,B6,25C (ambient),Apo_25,1,"13 dpl

08.10.2025",13,edu,day_13
Plate 8_B6_Apo_25C,Plate 8,Apo,B6,25C (ambient),Apo_25,1,"14 dpl

08.11.2025",14,edu,day_14
Plate 8_B6_Apo_25C,Plate 8,Apo,B6,25C (ambient),Apo_25,1,21 dpl,21,edu,day_21
Plate 8_C1_Apo_25C,Plate 8,Apo,C1,25C (ambient),Apo_25,1,"0 dpi

07.28.2025",0,0,day_0
Plate 8_C1_Apo_25C,Plate 8,Apo,C1,25C (ambient),Apo_25,1,"3 dpl

07.31.2025",3,0,day_3
Plate 8_C1_Apo_25C,Plate 8,Apo,C1,25C (ambient),Apo_25,1,"4 dpl

08.01.2025",4,0,day_4
Plate 8_C1_Apo_25C,Plate 8,Apo,C1,25C (ambient),Apo_25,1,"5 dpl

08.02.2025",5,0,day_5
Plate 8_C1_Apo_25C,Plate 8,Apo,C1,25C (ambient),Apo_25,1,"6 dpl

08.03. 2025",6,0,day_6
Plate 8_C1_Apo_25C,Plate 8,Apo,C1,25C (ambient),Apo_25,1,"7 dpl

08.04.2025",7,0,day_7
Plate 8_C1_Apo_25C,Plate 8,Apo,C1,25C (ambient),Apo_25,1,"8 dpl

08.05.2025",8,0,day_8
Plate 8_C1_Apo_25C,Plate 8,Apo,C1,25C (ambient),Apo_25,1,"9 dpl

08.06.2025",9,0,day_9
Plate 8_C1_Apo_25C,Plate 8,Apo,C1,25C (ambient),Apo_25,1,"10 dpl

08.07.2025",10,0,day_10
Plate 8_C1_Apo_25C,Plate 8,Apo,C1,25C (ambient),Apo_25,1,"11 dpl

08.08.2025",11,0,day_11
Plate 8_C1_Apo_25C,Plate 8,Apo,C1,25C (ambient),Apo_25,1,"13 dpl

08.10.2025",13,0,day_13
Plate 8_C1_Apo_25C,Plate 8,Apo,C1,25C (ambient),Apo_25,1,"14 dpl

08.11.2025",14,0,day_14
Plate 8_C1_Apo_25C,Plate 8,Apo,C1,25C (ambient),Apo_25,1,21 dpl,21,0,day_21
Plate 8_C2_Apo_25C,Plate 8,Apo,C2,25C (ambient),Apo_25,1,"0 dpi

07.28.2025",0,0,day_0
Plate 8_C2_Apo_25C,Plate 8,Apo,C2,25C (ambient),Apo_25,1,"3 dpl

07.31.2025",3,0,day_3
Plate 8_C2_Apo_25C,Plate 8,Apo,C2,25C (ambient),Apo_25,1,"4 dpl

08.01.2025",4,0,day_4
Plate 8_C2_Apo_25C,Plate 8,Apo,C2,25C (ambient),Apo_25,1,"5 dpl

08.02.2025",5,0,day_5
Plate 8_C2_Apo_25C,Plate 8,Apo,C2,25C (ambient),Apo_25,1,"6 dpl

08.03. 2025",6,0,day_6
Plate 8_C2_Apo_25C,Plate 8,Apo,C2,25C (ambient),Apo_25,1,"7 dpl

08.04.2025",7,na,day_7
Plate 8_C2_Apo_25C,Plate 8,Apo,C2,25C (ambient),Apo_25,1,"8 dpl

08.05.2025",8,na,day_8
Plate 8_C2_Apo_25C,Plate 8,Apo,C2,25C (ambient),Apo_25,1,"9 dpl

08.06.2025",9,na,day_9
Plate 8_C2_Apo_25C,Plate 8,Apo,C2,25C (ambient),Apo_25,1,"10 dpl

08.07.2025",10,na,day_10
Plate 8_C2_Apo_25C,Plate 8,Apo,C2,25C (ambient),Apo_25,1,"11 dpl

08.08.2025",11,na,day_11
Plate 8_C2_Apo_25C,Plate 8,Apo,C2,25C (ambient),Apo_25,1,"13 dpl

08.10.2025",13,na,day_13
Plate 8_C2_Apo_25C,Plate 8,Apo,C2,25C (ambient),Apo_25,1,"14 dpl

08.11.2025",14,na,day_14
Plate 8_C2_Apo_25C,Plate 8,Apo,C2,25C (ambient),Apo_25,1,21 dpl,21,na,day_21
Plate 8_C3_Apo_25C,Plate 8,Apo,C3,25C (ambient),Apo_25,1,"0 dpi

07.28.2025",0,0,day_0
Plate 8_C3_Apo_25C,Plate 8,Apo,C3,25C (ambient),Apo_25,1,"3 dpl

07.31.2025",3,0,day_3
Plate 8_C3_Apo_25C,Plate 8,Apo,C3,25C (ambient),Apo_25,1,"4 dpl

08.01.2025",4,0,day_4
Plate 8_C3_Apo_25C,Plate 8,Apo,C3,25C (ambient),Apo_25,1,"5 dpl

08.02.2025",5,0,day_5
Plate 8_C3_Apo_25C,Plate 8,Apo,C3,25C (ambient),Apo_25,1,"6 dpl

08.03. 2025",6,0,day_6
Plate 8_C3_Apo_25C,Plate 8,Apo,C3,25C (ambient),Apo_25,1,"7 dpl

08.04.2025",7,0,day_7
Plate 8_C3_Apo_25C,Plate 8,Apo,C3,25C (ambient),Apo_25,1,"8 dpl

08.05.2025",8,?,day_8
Plate 8_C3_Apo_25C,Plate 8,Apo,C3,25C (ambient),Apo_25,1,"9 dpl

08.06.2025",9,?,day_9
Plate 8_C3_Apo_25C,Plate 8,Apo,C3,25C (ambient),Apo_25,1,"10 dpl

08.07.2025",10,?,day_10
Plate 8_C3_Apo_25C,Plate 8,Apo,C3,25C (ambient),Apo_25,1,"11 dpl

08.08.2025",11,na,day_11
Plate 8_C3_Apo_25C,Plate 8,Apo,C3,25C (ambient),Apo_25,1,"13 dpl

08.10.2025",13,na,day_13
Plate 8_C3_Apo_25C,Plate 8,Apo,C3,25C (ambient),Apo_25,1,"14 dpl

08.11.2025",14,na,day_14
Plate 8_C3_Apo_25C,Plate 8,Apo,C3,25C (ambient),Apo_25,1,21 dpl,21,na,day_21
Plate 8_C4_Apo_25C,Plate 8,Apo,C4,25C (ambient),Apo_25,1,"0 dpi

07.28.2025",0,0,day_0
Plate 8_C4_Apo_25C,Plate 8,Apo,C4,25C (ambient),Apo_25,1,"3 dpl

07.31.2025",3,0,day_3
Plate 8_C4_Apo_25C,Plate 8,Apo,C4,25C (ambient),Apo_25,1,"4 dpl

08.01.2025",4,0,day_4
Plate 8_C4_Apo_25C,Plate 8,Apo,C4,25C (ambient),Apo_25,1,"5 dpl

08.02.2025",5,0,day_5
Plate 8_C4_Apo_25C,Plate 8,Apo,C4,25C (ambient),Apo_25,1,"6 dpl

08.03. 2025",6,0,day_6
Plate 8_C4_Apo_25C,Plate 8,Apo,C4,25C (ambient),Apo_25,1,"7 dpl

08.04.2025",7,0,day_7
Plate 8_C4_Apo_25C,Plate 8,Apo,C4,25C (ambient),Apo_25,1,"8 dpl

08.05.2025",8,0,day_8
Plate 8_C4_Apo_25C,Plate 8,Apo,C4,25C (ambient),Apo_25,1,"9 dpl

08.06.2025",9,0,day_9
Plate 8_C4_Apo_25C,Plate 8,Apo,C4,25C (ambient),Apo_25,1,"10 dpl

08.07.2025",10,0,day_10
Plate 8_C4_Apo_25C,Plate 8,Apo,C4,25C (ambient),Apo_25,1,"11 dpl

08.08.2025",11,0,day_11
Plate 8_C4_Apo_25C,Plate 8,Apo,C4,25C (ambient),Apo_25,1,"13 dpl

08.10.2025",13,0,day_13
Plate 8_C4_Apo_25C,Plate 8,Apo,C4,25C (ambient),Apo_25,1,"14 dpl

08.11.2025",14,na,day_14
Plate 8_C4_Apo_25C,Plate 8,Apo,C4,25C (ambient),Apo_25,1,21 dpl,21,na,day_21
Plate 8_C5_Apo_25C,Plate 8,Apo,C5,25C (ambient),Apo_25,1,"0 dpi

07.28.2025",0,0,day_0
Plate 8_C5_Apo_25C,Plate 8,Apo,C5,25C (ambient),Apo_25,1,"3 dpl

07.31.2025",3,0,day_3
Plate 8_C5_Apo_25C,Plate 8,Apo,C5,25C (ambient),Apo_25,1,"4 dpl

08.01.2025",4,0,day_4
Plate 8_C5_Apo_25C,Plate 8,Apo,C5,25C (ambient),Apo_25,1,"5 dpl

08.02.2025",5,0,day_5
Plate 8_C5_Apo_25C,Plate 8,Apo,C5,25C (ambient),Apo_25,1,"6 dpl

08.03. 2025",6,0,day_6
Plate 8_C5_Apo_25C,Plate 8,Apo,C5,25C (ambient),Apo_25,1,"7 dpl

08.04.2025",7,0,day_7
Plate 8_C5_Apo_25C,Plate 8,Apo,C5,25C (ambient),Apo_25,1,"8 dpl

08.05.2025",8,0,day_8
Plate 8_C5_Apo_25C,Plate 8,Apo,C5,25C (ambient),Apo_25,1,"9 dpl

08.06.2025",9,0,day_9
Plate 8_C5_Apo_25C,Plate 8,Apo,C5,25C (ambient),Apo_25,1,"10 dpl

08.07.2025",10,0,day_10
Plate 8_C5_Apo_25C,Plate 8,Apo,C5,25C (ambient),Apo_25,1,"11 dpl

08.08.2025",11,0,day_11
Plate 8_C5_Apo_25C,Plate 8,Apo,C5,25C (ambient),Apo_25,1,"13 dpl

08.10.2025",13,0,day_13
Plate 8_C5_Apo_25C,Plate 8,Apo,C5,25C (ambient),Apo_25,1,"14 dpl

08.11.2025",14,na,day_14
Plate 8_C5_Apo_25C,Plate 8,Apo,C5,25C (ambient),Apo_25,1,21 dpl,21,na,day_21
Plate 8_C6_Apo_25C,Plate 8,Apo,C6,25C (ambient),Apo_25,1,"0 dpi

07.28.2025",0,0,day_0
Plate 8_C6_Apo_25C,Plate 8,Apo,C6,25C (ambient),Apo_25,1,"3 dpl

07.31.2025",3,0,day_3
Plate 8_C6_Apo_25C,Plate 8,Apo,C6,25C (ambient),Apo_25,1,"4 dpl

08.01.2025",4,0,day_4
Plate 8_C6_Apo_25C,Plate 8,Apo,C6,25C (ambient),Apo_25,1,"5 dpl

08.02.2025",5,0,day_5
Plate 8_C6_Apo_25C,Plate 8,Apo,C6,25C (ambient),Apo_25,1,"6 dpl

08.03. 2025",6,0,day_6
Plate 8_C6_Apo_25C,Plate 8,Apo,C6,25C (ambient),Apo_25,1,"7 dpl

08.04.2025",7,0,day_7
Plate 8_C6_Apo_25C,Plate 8,Apo,C6,25C (ambient),Apo_25,1,"8 dpl

08.05.2025",8,0,day_8
Plate 8_C6_Apo_25C,Plate 8,Apo,C6,25C (ambient),Apo_25,1,"9 dpl

08.06.2025",9,0,day_9
Plate 8_C6_Apo_25C,Plate 8,Apo,C6,25C (ambient),Apo_25,1,"10 dpl

08.07.2025",10,0,day_10
Plate 8_C6_Apo_25C,Plate 8,Apo,C6,25C (ambient),Apo_25,1,"11 dpl

08.08.2025",11,0,day_11
Plate 8_C6_Apo_25C,Plate 8,Apo,C6,25C (ambient),Apo_25,1,"13 dpl

08.10.2025",13,0,day_13
Plate 8_C6_Apo_25C,Plate 8,Apo,C6,25C (ambient),Apo_25,1,"14 dpl

08.11.2025",14,na,day_14
Plate 8_C6_Apo_25C,Plate 8,Apo,C6,25C (ambient),Apo_25,1,21 dpl,21,na,day_21
Plate 8_D1_Apo_25C,Plate 8,Apo,D1,25C (ambient),Apo_25,1,"0 dpi

07.28.2025",0,0,day_0
Plate 8_D1_Apo_25C,Plate 8,Apo,D1,25C (ambient),Apo_25,1,"3 dpl

07.31.2025",3,0,day_3
Plate 8_D1_Apo_25C,Plate 8,Apo,D1,25C (ambient),Apo_25,1,"4 dpl

08.01.2025",4,0,day_4
Plate 8_D1_Apo_25C,Plate 8,Apo,D1,25C (ambient),Apo_25,1,"5 dpl

08.02.2025",5,0,day_5
Plate 8_D1_Apo_25C,Plate 8,Apo,D1,25C (ambient),Apo_25,1,"6 dpl

08.03. 2025",6,0,day_6
Plate 8_D1_Apo_25C,Plate 8,Apo,D1,25C (ambient),Apo_25,1,"7 dpl

08.04.2025",7,0,day_7
Plate 8_D1_Apo_25C,Plate 8,Apo,D1,25C (ambient),Apo_25,1,"8 dpl

08.05.2025",8,edu,day_8
Plate 8_D1_Apo_25C,Plate 8,Apo,D1,25C (ambient),Apo_25,1,"9 dpl

08.06.2025",9,edu,day_9
Plate 8_D1_Apo_25C,Plate 8,Apo,D1,25C (ambient),Apo_25,1,"10 dpl

08.07.2025",10,edu,day_10
Plate 8_D1_Apo_25C,Plate 8,Apo,D1,25C (ambient),Apo_25,1,"11 dpl

08.08.2025",11,edu,day_11
Plate 8_D1_Apo_25C,Plate 8,Apo,D1,25C (ambient),Apo_25,1,"13 dpl

08.10.2025",13,edu,day_13
Plate 8_D1_Apo_25C,Plate 8,Apo,D1,25C (ambient),Apo_25,1,"14 dpl

08.11.2025",14,edu,day_14
Plate 8_D1_Apo_25C,Plate 8,Apo,D1,25C (ambient),Apo_25,1,21 dpl,21,edu,day_21
Plate 8_D2_Apo_25C,Plate 8,Apo,D2,25C (ambient),Apo_25,1,"0 dpi

07.28.2025",0,0,day_0
Plate 8_D2_Apo_25C,Plate 8,Apo,D2,25C (ambient),Apo_25,1,"3 dpl

07.31.2025",3,0,day_3
Plate 8_D2_Apo_25C,Plate 8,Apo,D2,25C (ambient),Apo_25,1,"4 dpl

08.01.2025",4,0,day_4
Plate 8_D2_Apo_25C,Plate 8,Apo,D2,25C (ambient),Apo_25,1,"5 dpl

08.02.2025",5,0,day_5
Plate 8_D2_Apo_25C,Plate 8,Apo,D2,25C (ambient),Apo_25,1,"6 dpl

08.03. 2025",6,0,day_6
Plate 8_D2_Apo_25C,Plate 8,Apo,D2,25C (ambient),Apo_25,1,"7 dpl

08.04.2025",7,0,day_7
Plate 8_D2_Apo_25C,Plate 8,Apo,D2,25C (ambient),Apo_25,1,"8 dpl

08.05.2025",8,edu,day_8
Plate 8_D2_Apo_25C,Plate 8,Apo,D2,25C (ambient),Apo_25,1,"9 dpl

08.06.2025",9,edu,day_9
Plate 8_D2_Apo_25C,Plate 8,Apo,D2,25C (ambient),Apo_25,1,"10 dpl

08.07.2025",10,edu,day_10
Plate 8_D2_Apo_25C,Plate 8,Apo,D2,25C (ambient),Apo_25,1,"11 dpl

08.08.2025",11,edu,day_11
Plate 8_D2_Apo_25C,Plate 8,Apo,D2,25C (ambient),Apo_25,1,"13 dpl

08.10.2025",13,edu,day_13
Plate 8_D2_Apo_25C,Plate 8,Apo,D2,25C (ambient),Apo_25,1,"14 dpl

08.11.2025",14,edu,day_14
Plate 8_D2_Apo_25C,Plate 8,Apo,D2,25C (ambient),Apo_25,1,21 dpl,21,edu,day_21
Plate 8_D3_Apo_25C,Plate 8,Apo,D3,25C (ambient),Apo_25,1,"0 dpi

07.28.2025",0,0,day_0
Plate 8_D3_Apo_25C,Plate 8,Apo,D3,25C (ambient),Apo_25,1,"3 dpl

07.31.2025",3,0,day_3
Plate 8_D3_Apo_25C,Plate 8,Apo,D3,25C (ambient),Apo_25,1,"4 dpl

08.01.2025",4,0,day_4
Plate 8_D3_Apo_25C,Plate 8,Apo,D3,25C (ambient),Apo_25,1,"5 dpl

08.02.2025",5,0,day_5
Plate 8_D3_Apo_25C,Plate 8,Apo,D3,25C (ambient),Apo_25,1,"6 dpl

08.03. 2025",6,0,day_6
Plate 8_D3_Apo_25C,Plate 8,Apo,D3,25C (ambient),Apo_25,1,"7 dpl

08.04.2025",7,0,day_7
Plate 8_D3_Apo_25C,Plate 8,Apo,D3,25C (ambient),Apo_25,1,"8 dpl

08.05.2025",8,edu,day_8
Plate 8_D3_Apo_25C,Plate 8,Apo,D3,25C (ambient),Apo_25,1,"9 dpl

08.06.2025",9,edu,day_9
Plate 8_D3_Apo_25C,Plate 8,Apo,D3,25C (ambient),Apo_25,1,"10 dpl

08.07.2025",10,edu,day_10
Plate 8_D3_Apo_25C,Plate 8,Apo,D3,25C (ambient),Apo_25,1,"11 dpl

08.08.2025",11,edu,day_11
Plate 8_D3_Apo_25C,Plate 8,Apo,D3,25C (ambient),Apo_25,1,"13 dpl

08.10.2025",13,edu,day_13
Plate 8_D3_Apo_25C,Plate 8,Apo,D3,25C (ambient),Apo_25,1,"14 dpl

08.11.2025",14,edu,day_14
Plate 8_D3_Apo_25C,Plate 8,Apo,D3,25C (ambient),Apo_25,1,21 dpl,21,edu,day_21
Plate 8_D4_Apo_25C,Plate 8,Apo,D4,25C (ambient),Apo_25,1,"0 dpi

07.28.2025",0,0,day_0
Plate 8_D4_Apo_25C,Plate 8,Apo,D4,25C (ambient),Apo_25,1,"3 dpl

07.31.2025",3,0,day_3
Plate 8_D4_Apo_25C,Plate 8,Apo,D4,25C (ambient),Apo_25,1,"4 dpl

08.01.2025",4,0,day_4
Plate 8_D4_Apo_25C,Plate 8,Apo,D4,25C (ambient),Apo_25,1,"5 dpl

08.02.2025",5,0,day_5
Plate 8_D4_Apo_25C,Plate 8,Apo,D4,25C (ambient),Apo_25,1,"6 dpl

08.03. 2025",6,0,day_6
Plate 8_D4_Apo_25C,Plate 8,Apo,D4,25C (ambient),Apo_25,1,"7 dpl

08.04.2025",7,na,day_7
Plate 8_D4_Apo_25C,Plate 8,Apo,D4,25C (ambient),Apo_25,1,"8 dpl

08.05.2025",8,na,day_8
Plate 8_D4_Apo_25C,Plate 8,Apo,D4,25C (ambient),Apo_25,1,"9 dpl

08.06.2025",9,na,day_9
Plate 8_D4_Apo_25C,Plate 8,Apo,D4,25C (ambient),Apo_25,1,"10 dpl

08.07.2025",10,na,day_10
Plate 8_D4_Apo_25C,Plate 8,Apo,D4,25C (ambient),Apo_25,1,"11 dpl

08.08.2025",11,na,day_11
Plate 8_D4_Apo_25C,Plate 8,Apo,D4,25C (ambient),Apo_25,1,"13 dpl

08.10.2025",13,na,day_13
Plate 8_D4_Apo_25C,Plate 8,Apo,D4,25C (ambient),Apo_25,1,"14 dpl

08.11.2025",14,na,day_14
Plate 8_D4_Apo_25C,Plate 8,Apo,D4,25C (ambient),Apo_25,1,21 dpl,21,na,day_21
Plate 8_D5_Apo_25C,Plate 8,Apo,D5,25C (ambient),Apo_25,1,"0 dpi

07.28.2025",0,0,day_0
Plate 8_D5_Apo_25C,Plate 8,Apo,D5,25C (ambient),Apo_25,1,"3 dpl

07.31.2025",3,0,day_3
Plate 8_D5_Apo_25C,Plate 8,Apo,D5,25C (ambient),Apo_25,1,"4 dpl

08.01.2025",4,0,day_4
Plate 8_D5_Apo_25C,Plate 8,Apo,D5,25C (ambient),Apo_25,1,"5 dpl

08.02.2025",5,0,day_5
Plate 8_D5_Apo_25C,Plate 8,Apo,D5,25C (ambient),Apo_25,1,"6 dpl

08.03. 2025",6,0,day_6
Plate 8_D5_Apo_25C,Plate 8,Apo,D5,25C (ambient),Apo_25,1,"7 dpl

08.04.2025",7,0,day_7
Plate 8_D5_Apo_25C,Plate 8,Apo,D5,25C (ambient),Apo_25,1,"8 dpl

08.05.2025",8,edu,day_8
Plate 8_D5_Apo_25C,Plate 8,Apo,D5,25C (ambient),Apo_25,1,"9 dpl

08.06.2025",9,edu,day_9
Plate 8_D5_Apo_25C,Plate 8,Apo,D5,25C (ambient),Apo_25,1,"10 dpl

08.07.2025",10,edu,day_10
Plate 8_D5_Apo_25C,Plate 8,Apo,D5,25C (ambient),Apo_25,1,"11 dpl

08.08.2025",11,edu,day_11
Plate 8_D5_Apo_25C,Plate 8,Apo,D5,25C (ambient),Apo_25,1,"13 dpl

08.10.2025",13,edu,day_13
Plate 8_D5_Apo_25C,Plate 8,Apo,D5,25C (ambient),Apo_25,1,"14 dpl

08.11.2025",14,edu,day_14
Plate 8_D5_Apo_25C,Plate 8,Apo,D5,25C (ambient),Apo_25,1,21 dpl,21,edu,day_21
Plate 8_D6_Apo_25C,Plate 8,Apo,D6,25C (ambient),Apo_25,1,"0 dpi

07.28.2025",0,0,day_0
Plate 8_D6_Apo_25C,Plate 8,Apo,D6,25C (ambient),Apo_25,1,"3 dpl

07.31.2025",3,0,day_3
Plate 8_D6_Apo_25C,Plate 8,Apo,D6,25C (ambient),Apo_25,1,"4 dpl

08.01.2025",4,0,day_4
Plate 8_D6_Apo_25C,Plate 8,Apo,D6,25C (ambient),Apo_25,1,"5 dpl

08.02.2025",5,0,day_5
Plate 8_D6_Apo_25C,Plate 8,Apo,D6,25C (ambient),Apo_25,1,"6 dpl

08.03. 2025",6,0,day_6
Plate 8_D6_Apo_25C,Plate 8,Apo,D6,25C (ambient),Apo_25,1,"7 dpl

08.04.2025",7,0,day_7
Plate 8_D6_Apo_25C,Plate 8,Apo,D6,25C (ambient),Apo_25,1,"8 dpl

08.05.2025",8,7,day_8
Plate 8_D6_Apo_25C,Plate 8,Apo,D6,25C (ambient),Apo_25,1,"9 dpl

08.06.2025",9,7,day_9
Plate 8_D6_Apo_25C,Plate 8,Apo,D6,25C (ambient),Apo_25,1,"10 dpl

08.07.2025",10,7,day_10
Plate 8_D6_Apo_25C,Plate 8,Apo,D6,25C (ambient),Apo_25,1,"11 dpl

08.08.2025",11,7,day_11
Plate 8_D6_Apo_25C,Plate 8,Apo,D6,25C (ambient),Apo_25,1,"13 dpl

08.10.2025",13,7,day_13
Plate 8_D6_Apo_25C,Plate 8,Apo,D6,25C (ambient),Apo_25,1,"14 dpl

08.11.2025",14,na,day_14
Plate 8_D6_Apo_25C,Plate 8,Apo,D6,25C (ambient),Apo_25,1,21 dpl,21,na,day_21
Plate 9_A1_Apo_32C,Plate 9,Apo,A1,32C (heat stress),Apo_32,1,"0 dpi

07.28.2025",0,0,day_0
Plate 9_A1_Apo_32C,Plate 9,Apo,A1,32C (heat stress),Apo_32,1,"3 dpl

07.31.2025",3,0,day_3
Plate 9_A1_Apo_32C,Plate 9,Apo,A1,32C (heat stress),Apo_32,1,"4 dpl

08.01.2025",4,0,day_4
Plate 9_A1_Apo_32C,Plate 9,Apo,A1,32C (heat stress),Apo_32,1,"5 dpl

08.02.2025",5,0,day_5
Plate 9_A1_Apo_32C,Plate 9,Apo,A1,32C (heat stress),Apo_32,1,"6 dpl

08.03. 2025",6,0,day_6
Plate 9_A1_Apo_32C,Plate 9,Apo,A1,32C (heat stress),Apo_32,1,"7 dpl

08.04.2025",7,0,day_7
Plate 9_A1_Apo_32C,Plate 9,Apo,A1,32C (heat stress),Apo_32,1,"8 dpl

08.05.2025",8,0,day_8
Plate 9_A1_Apo_32C,Plate 9,Apo,A1,32C (heat stress),Apo_32,1,"9 dpl

08.06.2025",9,0,day_9
Plate 9_A1_Apo_32C,Plate 9,Apo,A1,32C (heat stress),Apo_32,1,"10 dpl

08.07.2025",10,0,day_10
Plate 9_A1_Apo_32C,Plate 9,Apo,A1,32C (heat stress),Apo_32,1,"11 dpl

08.08.2025",11,0,day_11
Plate 9_A1_Apo_32C,Plate 9,Apo,A1,32C (heat stress),Apo_32,1,"13 dpl

08.10.2025",13,0,day_13
Plate 9_A1_Apo_32C,Plate 9,Apo,A1,32C (heat stress),Apo_32,1,"14 dpl

08.11.2025",14,0,day_14
Plate 9_A1_Apo_32C,Plate 9,Apo,A1,32C (heat stress),Apo_32,1,21 dpl,21,0,day_21
Plate 9_A2_Apo_32C,Plate 9,Apo,A2,32C (heat stress),Apo_32,1,"0 dpi

07.28.2025",0,0,day_0
Plate 9_A2_Apo_32C,Plate 9,Apo,A2,32C (heat stress),Apo_32,1,"3 dpl

07.31.2025",3,0,day_3
Plate 9_A2_Apo_32C,Plate 9,Apo,A2,32C (heat stress),Apo_32,1,"4 dpl

08.01.2025",4,0,day_4
Plate 9_A2_Apo_32C,Plate 9,Apo,A2,32C (heat stress),Apo_32,1,"5 dpl

08.02.2025",5,0,day_5
Plate 9_A2_Apo_32C,Plate 9,Apo,A2,32C (heat stress),Apo_32,1,"6 dpl

08.03. 2025",6,0,day_6
Plate 9_A2_Apo_32C,Plate 9,Apo,A2,32C (heat stress),Apo_32,1,"7 dpl

08.04.2025",7,0,day_7
Plate 9_A2_Apo_32C,Plate 9,Apo,A2,32C (heat stress),Apo_32,1,"8 dpl

08.05.2025",8,0,day_8
Plate 9_A2_Apo_32C,Plate 9,Apo,A2,32C (heat stress),Apo_32,1,"9 dpl

08.06.2025",9,0,day_9
Plate 9_A2_Apo_32C,Plate 9,Apo,A2,32C (heat stress),Apo_32,1,"10 dpl

08.07.2025",10,0,day_10
Plate 9_A2_Apo_32C,Plate 9,Apo,A2,32C (heat stress),Apo_32,1,"11 dpl

08.08.2025",11,0,day_11
Plate 9_A2_Apo_32C,Plate 9,Apo,A2,32C (heat stress),Apo_32,1,"13 dpl

08.10.2025",13,0,day_13
Plate 9_A2_Apo_32C,Plate 9,Apo,A2,32C (heat stress),Apo_32,1,"14 dpl

08.11.2025",14,0,day_14
Plate 9_A2_Apo_32C,Plate 9,Apo,A2,32C (heat stress),Apo_32,1,21 dpl,21,0,day_21
Plate 9_A2_Apo_32C,Plate 9,Apo,A2,32C (heat stress),Apo_32,2,"0 dpi

07.28.2025",0,na,day_0
Plate 9_A2_Apo_32C,Plate 9,Apo,A2,32C (heat stress),Apo_32,2,"3 dpl

07.31.2025",3,na,day_3
Plate 9_A2_Apo_32C,Plate 9,Apo,A2,32C (heat stress),Apo_32,2,"4 dpl

08.01.2025",4,na,day_4
Plate 9_A2_Apo_32C,Plate 9,Apo,A2,32C (heat stress),Apo_32,2,"5 dpl

08.02.2025",5,na,day_5
Plate 9_A2_Apo_32C,Plate 9,Apo,A2,32C (heat stress),Apo_32,2,"6 dpl

08.03. 2025",6,na,day_6
Plate 9_A2_Apo_32C,Plate 9,Apo,A2,32C (heat stress),Apo_32,2,"7 dpl

08.04.2025",7,na,day_7
Plate 9_A2_Apo_32C,Plate 9,Apo,A2,32C (heat stress),Apo_32,2,"8 dpl

08.05.2025",8,na,day_8
Plate 9_A2_Apo_32C,Plate 9,Apo,A2,32C (heat stress),Apo_32,2,"9 dpl

08.06.2025",9,na,day_9
Plate 9_A2_Apo_32C,Plate 9,Apo,A2,32C (heat stress),Apo_32,2,"10 dpl

08.07.2025",10,na,day_10
Plate 9_A2_Apo_32C,Plate 9,Apo,A2,32C (heat stress),Apo_32,2,"11 dpl

08.08.2025",11,na,day_11
Plate 9_A2_Apo_32C,Plate 9,Apo,A2,32C (heat stress),Apo_32,2,"13 dpl

08.10.2025",13,na,day_13
Plate 9_A2_Apo_32C,Plate 9,Apo,A2,32C (heat stress),Apo_32,2,"14 dpl

08.11.2025",14,na,day_14
Plate 9_A2_Apo_32C,Plate 9,Apo,A2,32C (heat stress),Apo_32,2,21 dpl,21,na,day_21
Plate 9_A3_Apo_32C,Plate 9,Apo,A3,32C (heat stress),Apo_32,1,"0 dpi

07.28.2025",0,0,day_0
Plate 9_A3_Apo_32C,Plate 9,Apo,A3,32C (heat stress),Apo_32,1,"3 dpl

07.31.2025",3,0,day_3
Plate 9_A3_Apo_32C,Plate 9,Apo,A3,32C (heat stress),Apo_32,1,"4 dpl

08.01.2025",4,0,day_4
Plate 9_A3_Apo_32C,Plate 9,Apo,A3,32C (heat stress),Apo_32,1,"5 dpl

08.02.2025",5,9,day_5
Plate 9_A3_Apo_32C,Plate 9,Apo,A3,32C (heat stress),Apo_32,1,"6 dpl

08.03. 2025",6,9,day_6
Plate 9_A3_Apo_32C,Plate 9,Apo,A3,32C (heat stress),Apo_32,1,"7 dpl

08.04.2025",7,9,day_7
Plate 9_A3_Apo_32C,Plate 9,Apo,A3,32C (heat stress),Apo_32,1,"8 dpl

08.05.2025",8,10,day_8
Plate 9_A3_Apo_32C,Plate 9,Apo,A3,32C (heat stress),Apo_32,1,"9 dpl

08.06.2025",9,10,day_9
Plate 9_A3_Apo_32C,Plate 9,Apo,A3,32C (heat stress),Apo_32,1,"10 dpl

08.07.2025",10,10,day_10
Plate 9_A3_Apo_32C,Plate 9,Apo,A3,32C (heat stress),Apo_32,1,"11 dpl

08.08.2025",11,na,day_11
Plate 9_A3_Apo_32C,Plate 9,Apo,A3,32C (heat stress),Apo_32,1,"13 dpl

08.10.2025",13,na,day_13
Plate 9_A3_Apo_32C,Plate 9,Apo,A3,32C (heat stress),Apo_32,1,"14 dpl

08.11.2025",14,na,day_14
Plate 9_A3_Apo_32C,Plate 9,Apo,A3,32C (heat stress),Apo_32,1,21 dpl,21,na,day_21
Plate 9_A4_Apo_32C,Plate 9,Apo,A4,32C (heat stress),Apo_32,1,"0 dpi

07.28.2025",0,0,day_0
Plate 9_A4_Apo_32C,Plate 9,Apo,A4,32C (heat stress),Apo_32,1,"3 dpl

07.31.2025",3,0,day_3
Plate 9_A4_Apo_32C,Plate 9,Apo,A4,32C (heat stress),Apo_32,1,"4 dpl

08.01.2025",4,0,day_4
Plate 9_A4_Apo_32C,Plate 9,Apo,A4,32C (heat stress),Apo_32,1,"5 dpl

08.02.2025",5,6,day_5
Plate 9_A4_Apo_32C,Plate 9,Apo,A4,32C (heat stress),Apo_32,1,"6 dpl

08.03. 2025",6,6,day_6
Plate 9_A4_Apo_32C,Plate 9,Apo,A4,32C (heat stress),Apo_32,1,"7 dpl

08.04.2025",7,6,day_7
Plate 9_A4_Apo_32C,Plate 9,Apo,A4,32C (heat stress),Apo_32,1,"8 dpl

08.05.2025",8,6,day_8
Plate 9_A4_Apo_32C,Plate 9,Apo,A4,32C (heat stress),Apo_32,1,"9 dpl

08.06.2025",9,?,day_9
Plate 9_A4_Apo_32C,Plate 9,Apo,A4,32C (heat stress),Apo_32,1,"10 dpl

08.07.2025",10,na,day_10
Plate 9_A4_Apo_32C,Plate 9,Apo,A4,32C (heat stress),Apo_32,1,"11 dpl

08.08.2025",11,na,day_11
Plate 9_A4_Apo_32C,Plate 9,Apo,A4,32C (heat stress),Apo_32,1,"13 dpl

08.10.2025",13,na,day_13
Plate 9_A4_Apo_32C,Plate 9,Apo,A4,32C (heat stress),Apo_32,1,"14 dpl

08.11.2025",14,na,day_14
Plate 9_A4_Apo_32C,Plate 9,Apo,A4,32C (heat stress),Apo_32,1,21 dpl,21,na,day_21
Plate 9_A5_Apo_32C,Plate 9,Apo,A5,32C (heat stress),Apo_32,1,"0 dpi

07.28.2025",0,0,day_0
Plate 9_A5_Apo_32C,Plate 9,Apo,A5,32C (heat stress),Apo_32,1,"3 dpl

07.31.2025",3,0,day_3
Plate 9_A5_Apo_32C,Plate 9,Apo,A5,32C (heat stress),Apo_32,1,"4 dpl

08.01.2025",4,0,day_4
Plate 9_A5_Apo_32C,Plate 9,Apo,A5,32C (heat stress),Apo_32,1,"5 dpl

08.02.2025",5,0,day_5
Plate 9_A5_Apo_32C,Plate 9,Apo,A5,32C (heat stress),Apo_32,1,"6 dpl

08.03. 2025",6,6,day_6
Plate 9_A5_Apo_32C,Plate 9,Apo,A5,32C (heat stress),Apo_32,1,"7 dpl

08.04.2025",7,7,day_7
Plate 9_A5_Apo_32C,Plate 9,Apo,A5,32C (heat stress),Apo_32,1,"8 dpl

08.05.2025",8,7,day_8
Plate 9_A5_Apo_32C,Plate 9,Apo,A5,32C (heat stress),Apo_32,1,"9 dpl

08.06.2025",9,7,day_9
Plate 9_A5_Apo_32C,Plate 9,Apo,A5,32C (heat stress),Apo_32,1,"10 dpl

08.07.2025",10,7,day_10
Plate 9_A5_Apo_32C,Plate 9,Apo,A5,32C (heat stress),Apo_32,1,"11 dpl

08.08.2025",11,7,day_11
Plate 9_A5_Apo_32C,Plate 9,Apo,A5,32C (heat stress),Apo_32,1,"13 dpl

08.10.2025",13,na,day_13
Plate 9_A5_Apo_32C,Plate 9,Apo,A5,32C (heat stress),Apo_32,1,"14 dpl

08.11.2025",14,na,day_14
Plate 9_A5_Apo_32C,Plate 9,Apo,A5,32C (heat stress),Apo_32,1,21 dpl,21,na,day_21
Plate 9_A6_Apo_32C,Plate 9,Apo,A6,32C (heat stress),Apo_32,1,"0 dpi

07.28.2025",0,0,day_0
Plate 9_A6_Apo_32C,Plate 9,Apo,A6,32C (heat stress),Apo_32,1,"3 dpl

07.31.2025",3,0,day_3
Plate 9_A6_Apo_32C,Plate 9,Apo,A6,32C (heat stress),Apo_32,1,"4 dpl

08.01.2025",4,0,day_4
Plate 9_A6_Apo_32C,Plate 9,Apo,A6,32C (heat stress),Apo_32,1,"5 dpl

08.02.2025",5,0,day_5
Plate 9_A6_Apo_32C,Plate 9,Apo,A6,32C (heat stress),Apo_32,1,"6 dpl

08.03. 2025",6,5,day_6
Plate 9_A6_Apo_32C,Plate 9,Apo,A6,32C (heat stress),Apo_32,1,"7 dpl

08.04.2025",7,5,day_7
Plate 9_A6_Apo_32C,Plate 9,Apo,A6,32C (heat stress),Apo_32,1,"8 dpl

08.05.2025",8,6,day_8
Plate 9_A6_Apo_32C,Plate 9,Apo,A6,32C (heat stress),Apo_32,1,"9 dpl

08.06.2025",9,6,day_9
Plate 9_A6_Apo_32C,Plate 9,Apo,A6,32C (heat stress),Apo_32,1,"10 dpl

08.07.2025",10,6,day_10
Plate 9_A6_Apo_32C,Plate 9,Apo,A6,32C (heat stress),Apo_32,1,"11 dpl

08.08.2025",11,6,day_11
Plate 9_A6_Apo_32C,Plate 9,Apo,A6,32C (heat stress),Apo_32,1,"13 dpl

08.10.2025",13,na,day_13
Plate 9_A6_Apo_32C,Plate 9,Apo,A6,32C (heat stress),Apo_32,1,"14 dpl

08.11.2025",14,na,day_14
Plate 9_A6_Apo_32C,Plate 9,Apo,A6,32C (heat stress),Apo_32,1,21 dpl,21,na,day_21
Plate 9_B1_Apo_32C,Plate 9,Apo,B1,32C (heat stress),Apo_32,1,"0 dpi

07.28.2025",0,0,day_0
Plate 9_B1_Apo_32C,Plate 9,Apo,B1,32C (heat stress),Apo_32,1,"3 dpl

07.31.2025",3,0,day_3
Plate 9_B1_Apo_32C,Plate 9,Apo,B1,32C (heat stress),Apo_32,1,"4 dpl

08.01.2025",4,1,day_4
Plate 9_B1_Apo_32C,Plate 9,Apo,B1,32C (heat stress),Apo_32,1,"5 dpl

08.02.2025",5,4,day_5
Plate 9_B1_Apo_32C,Plate 9,Apo,B1,32C (heat stress),Apo_32,1,"6 dpl

08.03. 2025",6,4,day_6
Plate 9_B1_Apo_32C,Plate 9,Apo,B1,32C (heat stress),Apo_32,1,"7 dpl

08.04.2025",7,6,day_7
Plate 9_B1_Apo_32C,Plate 9,Apo,B1,32C (heat stress),Apo_32,1,"8 dpl

08.05.2025",8,6,day_8
Plate 9_B1_Apo_32C,Plate 9,Apo,B1,32C (heat stress),Apo_32,1,"9 dpl

08.06.2025",9,6,day_9
Plate 9_B1_Apo_32C,Plate 9,Apo,B1,32C (heat stress),Apo_32,1,"10 dpl

08.07.2025",10,6,day_10
Plate 9_B1_Apo_32C,Plate 9,Apo,B1,32C (heat stress),Apo_32,1,"11 dpl

08.08.2025",11,6,day_11
Plate 9_B1_Apo_32C,Plate 9,Apo,B1,32C (heat stress),Apo_32,1,"13 dpl

08.10.2025",13,na,day_13
Plate 9_B1_Apo_32C,Plate 9,Apo,B1,32C (heat stress),Apo_32,1,"14 dpl

08.11.2025",14,na,day_14
Plate 9_B1_Apo_32C,Plate 9,Apo,B1,32C (heat stress),Apo_32,1,21 dpl,21,na,day_21
Plate 9_B2_Apo_32C,Plate 9,Apo,B2,32C (heat stress),Apo_32,1,"0 dpi

07.28.2025",0,0,day_0
Plate 9_B2_Apo_32C,Plate 9,Apo,B2,32C (heat stress),Apo_32,1,"3 dpl

07.31.2025",3,0,day_3
Plate 9_B2_Apo_32C,Plate 9,Apo,B2,32C (heat stress),Apo_32,1,"4 dpl

08.01.2025",4,0,day_4
Plate 9_B2_Apo_32C,Plate 9,Apo,B2,32C (heat stress),Apo_32,1,"5 dpl

08.02.2025",5,6,day_5
Plate 9_B2_Apo_32C,Plate 9,Apo,B2,32C (heat stress),Apo_32,1,"6 dpl

08.03. 2025",6,6,day_6
Plate 9_B2_Apo_32C,Plate 9,Apo,B2,32C (heat stress),Apo_32,1,"7 dpl

08.04.2025",7,6,day_7
Plate 9_B2_Apo_32C,Plate 9,Apo,B2,32C (heat stress),Apo_32,1,"8 dpl

08.05.2025",8,6,day_8
Plate 9_B2_Apo_32C,Plate 9,Apo,B2,32C (heat stress),Apo_32,1,"9 dpl

08.06.2025",9,6,day_9
Plate 9_B2_Apo_32C,Plate 9,Apo,B2,32C (heat stress),Apo_32,1,"10 dpl

08.07.2025",10,0,day_10
Plate 9_B2_Apo_32C,Plate 9,Apo,B2,32C (heat stress),Apo_32,1,"11 dpl

08.08.2025",11,0,day_11
Plate 9_B2_Apo_32C,Plate 9,Apo,B2,32C (heat stress),Apo_32,1,"13 dpl

08.10.2025",13,na,day_13
Plate 9_B2_Apo_32C,Plate 9,Apo,B2,32C (heat stress),Apo_32,1,"14 dpl

08.11.2025",14,na,day_14
Plate 9_B2_Apo_32C,Plate 9,Apo,B2,32C (heat stress),Apo_32,1,21 dpl,21,na,day_21
Plate 9_B3_Apo_32C,Plate 9,Apo,B3,32C (heat stress),Apo_32,1,"0 dpi

07.28.2025",0,0,day_0
Plate 9_B3_Apo_32C,Plate 9,Apo,B3,32C (heat stress),Apo_32,1,"3 dpl

07.31.2025",3,0,day_3
Plate 9_B3_Apo_32C,Plate 9,Apo,B3,32C (heat stress),Apo_32,1,"4 dpl

08.01.2025",4,0,day_4
Plate 9_B3_Apo_32C,Plate 9,Apo,B3,32C (heat stress),Apo_32,1,"5 dpl

08.02.2025",5,9,day_5
Plate 9_B3_Apo_32C,Plate 9,Apo,B3,32C (heat stress),Apo_32,1,"6 dpl

08.03. 2025",6,9,day_6
Plate 9_B3_Apo_32C,Plate 9,Apo,B3,32C (heat stress),Apo_32,1,"7 dpl

08.04.2025",7,9,day_7
Plate 9_B3_Apo_32C,Plate 9,Apo,B3,32C (heat stress),Apo_32,1,"8 dpl

08.05.2025",8,9,day_8
Plate 9_B3_Apo_32C,Plate 9,Apo,B3,32C (heat stress),Apo_32,1,"9 dpl

08.06.2025",9,9,day_9
Plate 9_B3_Apo_32C,Plate 9,Apo,B3,32C (heat stress),Apo_32,1,"10 dpl

08.07.2025",10,0,day_10
Plate 9_B3_Apo_32C,Plate 9,Apo,B3,32C (heat stress),Apo_32,1,"11 dpl

08.08.2025",11,0,day_11
Plate 9_B3_Apo_32C,Plate 9,Apo,B3,32C (heat stress),Apo_32,1,"13 dpl

08.10.2025",13,na,day_13
Plate 9_B3_Apo_32C,Plate 9,Apo,B3,32C (heat stress),Apo_32,1,"14 dpl

08.11.2025",14,na,day_14
Plate 9_B3_Apo_32C,Plate 9,Apo,B3,32C (heat stress),Apo_32,1,21 dpl,21,na,day_21
Plate 9_B4_Apo_32C,Plate 9,Apo,B4,32C (heat stress),Apo_32,1,"0 dpi

07.28.2025",0,0,day_0
Plate 9_B4_Apo_32C,Plate 9,Apo,B4,32C (heat stress),Apo_32,1,"3 dpl

07.31.2025",3,0,day_3
Plate 9_B4_Apo_32C,Plate 9,Apo,B4,32C (heat stress),Apo_32,1,"4 dpl

08.01.2025",4,0,day_4
Plate 9_B4_Apo_32C,Plate 9,Apo,B4,32C (heat stress),Apo_32,1,"5 dpl

08.02.2025",5,5,day_5
Plate 9_B4_Apo_32C,Plate 9,Apo,B4,32C (heat stress),Apo_32,1,"6 dpl

08.03. 2025",6,10,day_6
Plate 9_B4_Apo_32C,Plate 9,Apo,B4,32C (heat stress),Apo_32,1,"7 dpl

08.04.2025",7,10,day_7
Plate 9_B4_Apo_32C,Plate 9,Apo,B4,32C (heat stress),Apo_32,1,"8 dpl

08.05.2025",8,11,day_8
Plate 9_B4_Apo_32C,Plate 9,Apo,B4,32C (heat stress),Apo_32,1,"9 dpl

08.06.2025",9,11,day_9
Plate 9_B4_Apo_32C,Plate 9,Apo,B4,32C (heat stress),Apo_32,1,"10 dpl

08.07.2025",10,11,day_10
Plate 9_B4_Apo_32C,Plate 9,Apo,B4,32C (heat stress),Apo_32,1,"11 dpl

08.08.2025",11,11,day_11
Plate 9_B4_Apo_32C,Plate 9,Apo,B4,32C (heat stress),Apo_32,1,"13 dpl

08.10.2025",13,na,day_13
Plate 9_B4_Apo_32C,Plate 9,Apo,B4,32C (heat stress),Apo_32,1,"14 dpl

08.11.2025",14,na,day_14
Plate 9_B4_Apo_32C,Plate 9,Apo,B4,32C (heat stress),Apo_32,1,21 dpl,21,na,day_21
Plate 9_B4_Apo_32C,Plate 9,Apo,B4,32C (heat stress),Apo_32,2,"0 dpi

07.28.2025",0,0,day_0
Plate 9_B4_Apo_32C,Plate 9,Apo,B4,32C (heat stress),Apo_32,2,"3 dpl

07.31.2025",3,na,day_3
Plate 9_B4_Apo_32C,Plate 9,Apo,B4,32C (heat stress),Apo_32,2,"4 dpl

08.01.2025",4,na,day_4
Plate 9_B4_Apo_32C,Plate 9,Apo,B4,32C (heat stress),Apo_32,2,"5 dpl

08.02.2025",5,na,day_5
Plate 9_B4_Apo_32C,Plate 9,Apo,B4,32C (heat stress),Apo_32,2,"6 dpl

08.03. 2025",6,na,day_6
Plate 9_B4_Apo_32C,Plate 9,Apo,B4,32C (heat stress),Apo_32,2,"7 dpl

08.04.2025",7,na,day_7
Plate 9_B4_Apo_32C,Plate 9,Apo,B4,32C (heat stress),Apo_32,2,"8 dpl

08.05.2025",8,na,day_8
Plate 9_B4_Apo_32C,Plate 9,Apo,B4,32C (heat stress),Apo_32,2,"9 dpl

08.06.2025",9,na,day_9
Plate 9_B4_Apo_32C,Plate 9,Apo,B4,32C (heat stress),Apo_32,2,"10 dpl

08.07.2025",10,na,day_10
Plate 9_B4_Apo_32C,Plate 9,Apo,B4,32C (heat stress),Apo_32,2,"11 dpl

08.08.2025",11,na,day_11
Plate 9_B4_Apo_32C,Plate 9,Apo,B4,32C (heat stress),Apo_32,2,"13 dpl

08.10.2025",13,na,day_13
Plate 9_B4_Apo_32C,Plate 9,Apo,B4,32C (heat stress),Apo_32,2,"14 dpl

08.11.2025",14,na,day_14
Plate 9_B4_Apo_32C,Plate 9,Apo,B4,32C (heat stress),Apo_32,2,21 dpl,21,na,day_21
Plate 9_B5_Apo_32C,Plate 9,Apo,B5,32C (heat stress),Apo_32,1,"0 dpi

07.28.2025",0,0,day_0
Plate 9_B5_Apo_32C,Plate 9,Apo,B5,32C (heat stress),Apo_32,1,"3 dpl

07.31.2025",3,0,day_3
Plate 9_B5_Apo_32C,Plate 9,Apo,B5,32C (heat stress),Apo_32,1,"4 dpl

08.01.2025",4,0,day_4
Plate 9_B5_Apo_32C,Plate 9,Apo,B5,32C (heat stress),Apo_32,1,"5 dpl

08.02.2025",5,0,day_5
Plate 9_B5_Apo_32C,Plate 9,Apo,B5,32C (heat stress),Apo_32,1,"6 dpl

08.03. 2025",6,0,day_6
Plate 9_B5_Apo_32C,Plate 9,Apo,B5,32C (heat stress),Apo_32,1,"7 dpl

08.04.2025",7,0,day_7
Plate 9_B5_Apo_32C,Plate 9,Apo,B5,32C (heat stress),Apo_32,1,"8 dpl

08.05.2025",8,0,day_8
Plate 9_B5_Apo_32C,Plate 9,Apo,B5,32C (heat stress),Apo_32,1,"9 dpl

08.06.2025",9,0,day_9
Plate 9_B5_Apo_32C,Plate 9,Apo,B5,32C (heat stress),Apo_32,1,"10 dpl

08.07.2025",10,na,day_10
Plate 9_B5_Apo_32C,Plate 9,Apo,B5,32C (heat stress),Apo_32,1,"11 dpl

08.08.2025",11,na,day_11
Plate 9_B5_Apo_32C,Plate 9,Apo,B5,32C (heat stress),Apo_32,1,"13 dpl

08.10.2025",13,na,day_13
Plate 9_B5_Apo_32C,Plate 9,Apo,B5,32C (heat stress),Apo_32,1,"14 dpl

08.11.2025",14,na,day_14
Plate 9_B5_Apo_32C,Plate 9,Apo,B5,32C (heat stress),Apo_32,1,21 dpl,21,na,day_21
Plate 9_B6_Apo_32C,Plate 9,Apo,B6,32C (heat stress),Apo_32,1,"0 dpi

07.28.2025",0,0,day_0
Plate 9_B6_Apo_32C,Plate 9,Apo,B6,32C (heat stress),Apo_32,1,"3 dpl

07.31.2025",3,0,day_3
Plate 9_B6_Apo_32C,Plate 9,Apo,B6,32C (heat stress),Apo_32,1,"4 dpl

08.01.2025",4,0,day_4
Plate 9_B6_Apo_32C,Plate 9,Apo,B6,32C (heat stress),Apo_32,1,"5 dpl

08.02.2025",5,0,day_5
Plate 9_B6_Apo_32C,Plate 9,Apo,B6,32C (heat stress),Apo_32,1,"6 dpl

08.03. 2025",6,0,day_6
Plate 9_B6_Apo_32C,Plate 9,Apo,B6,32C (heat stress),Apo_32,1,"7 dpl

08.04.2025",7,0,day_7
Plate 9_B6_Apo_32C,Plate 9,Apo,B6,32C (heat stress),Apo_32,1,"8 dpl

08.05.2025",8,?,day_8
Plate 9_B6_Apo_32C,Plate 9,Apo,B6,32C (heat stress),Apo_32,1,"9 dpl

08.06.2025",9,?,day_9
Plate 9_B6_Apo_32C,Plate 9,Apo,B6,32C (heat stress),Apo_32,1,"10 dpl

08.07.2025",10,na,day_10
Plate 9_B6_Apo_32C,Plate 9,Apo,B6,32C (heat stress),Apo_32,1,"11 dpl

08.08.2025",11,na,day_11
Plate 9_B6_Apo_32C,Plate 9,Apo,B6,32C (heat stress),Apo_32,1,"13 dpl

08.10.2025",13,na,day_13
Plate 9_B6_Apo_32C,Plate 9,Apo,B6,32C (heat stress),Apo_32,1,"14 dpl

08.11.2025",14,na,day_14
Plate 9_B6_Apo_32C,Plate 9,Apo,B6,32C (heat stress),Apo_32,1,21 dpl,21,na,day_21
Plate 9_C1_Apo_32C,Plate 9,Apo,C1,32C (heat stress),Apo_32,1,"0 dpi

07.28.2025",0,0,day_0
Plate 9_C1_Apo_32C,Plate 9,Apo,C1,32C (heat stress),Apo_32,1,"3 dpl

07.31.2025",3,0,day_3
Plate 9_C1_Apo_32C,Plate 9,Apo,C1,32C (heat stress),Apo_32,1,"4 dpl

08.01.2025",4,0,day_4
Plate 9_C1_Apo_32C,Plate 9,Apo,C1,32C (heat stress),Apo_32,1,"5 dpl

08.02.2025",5,0,day_5
Plate 9_C1_Apo_32C,Plate 9,Apo,C1,32C (heat stress),Apo_32,1,"6 dpl

08.03. 2025",6,0,day_6
Plate 9_C1_Apo_32C,Plate 9,Apo,C1,32C (heat stress),Apo_32,1,"7 dpl

08.04.2025",7,0,day_7
Plate 9_C1_Apo_32C,Plate 9,Apo,C1,32C (heat stress),Apo_32,1,"8 dpl

08.05.2025",8,0,day_8
Plate 9_C1_Apo_32C,Plate 9,Apo,C1,32C (heat stress),Apo_32,1,"9 dpl

08.06.2025",9,0,day_9
Plate 9_C1_Apo_32C,Plate 9,Apo,C1,32C (heat stress),Apo_32,1,"10 dpl

08.07.2025",10,0,day_10
Plate 9_C1_Apo_32C,Plate 9,Apo,C1,32C (heat stress),Apo_32,1,"11 dpl

08.08.2025",11,0,day_11
Plate 9_C1_Apo_32C,Plate 9,Apo,C1,32C (heat stress),Apo_32,1,"13 dpl

08.10.2025",13,0,day_13
Plate 9_C1_Apo_32C,Plate 9,Apo,C1,32C (heat stress),Apo_32,1,"14 dpl

08.11.2025",14,0,day_14
Plate 9_C1_Apo_32C,Plate 9,Apo,C1,32C (heat stress),Apo_32,1,21 dpl,21,0,day_21
Plate 9_C2_Apo_32C,Plate 9,Apo,C2,32C (heat stress),Apo_32,1,"0 dpi

07.28.2025",0,0,day_0
Plate 9_C2_Apo_32C,Plate 9,Apo,C2,32C (heat stress),Apo_32,1,"3 dpl

07.31.2025",3,0,day_3
Plate 9_C2_Apo_32C,Plate 9,Apo,C2,32C (heat stress),Apo_32,1,"4 dpl

08.01.2025",4,0,day_4
Plate 9_C2_Apo_32C,Plate 9,Apo,C2,32C (heat stress),Apo_32,1,"5 dpl

08.02.2025",5,0,day_5
Plate 9_C2_Apo_32C,Plate 9,Apo,C2,32C (heat stress),Apo_32,1,"6 dpl

08.03. 2025",6,0,day_6
Plate 9_C2_Apo_32C,Plate 9,Apo,C2,32C (heat stress),Apo_32,1,"7 dpl

08.04.2025",7,0,day_7
Plate 9_C2_Apo_32C,Plate 9,Apo,C2,32C (heat stress),Apo_32,1,"8 dpl

08.05.2025",8,0,day_8
Plate 9_C2_Apo_32C,Plate 9,Apo,C2,32C (heat stress),Apo_32,1,"9 dpl

08.06.2025",9,0,day_9
Plate 9_C2_Apo_32C,Plate 9,Apo,C2,32C (heat stress),Apo_32,1,"10 dpl

08.07.2025",10,0,day_10
Plate 9_C2_Apo_32C,Plate 9,Apo,C2,32C (heat stress),Apo_32,1,"11 dpl

08.08.2025",11,0,day_11
Plate 9_C2_Apo_32C,Plate 9,Apo,C2,32C (heat stress),Apo_32,1,"13 dpl

08.10.2025",13,0,day_13
Plate 9_C2_Apo_32C,Plate 9,Apo,C2,32C (heat stress),Apo_32,1,"14 dpl

08.11.2025",14,0,day_14
Plate 9_C2_Apo_32C,Plate 9,Apo,C2,32C (heat stress),Apo_32,1,21 dpl,21,0,day_21
Plate 9_C3_Apo_32C,Plate 9,Apo,C3,32C (heat stress),Apo_32,1,"0 dpi

07.28.2025",0,0,day_0
Plate 9_C3_Apo_32C,Plate 9,Apo,C3,32C (heat stress),Apo_32,1,"3 dpl

07.31.2025",3,0,day_3
Plate 9_C3_Apo_32C,Plate 9,Apo,C3,32C (heat stress),Apo_32,1,"4 dpl

08.01.2025",4,1,day_4
Plate 9_C3_Apo_32C,Plate 9,Apo,C3,32C (heat stress),Apo_32,1,"5 dpl

08.02.2025",5,7,day_5
Plate 9_C3_Apo_32C,Plate 9,Apo,C3,32C (heat stress),Apo_32,1,"6 dpl

08.03. 2025",6,7,day_6
Plate 9_C3_Apo_32C,Plate 9,Apo,C3,32C (heat stress),Apo_32,1,"7 dpl

08.04.2025",7,7,day_7
Plate 9_C3_Apo_32C,Plate 9,Apo,C3,32C (heat stress),Apo_32,1,"8 dpl

08.05.2025",8,7,day_8
Plate 9_C3_Apo_32C,Plate 9,Apo,C3,32C (heat stress),Apo_32,1,"9 dpl

08.06.2025",9,7,day_9
Plate 9_C3_Apo_32C,Plate 9,Apo,C3,32C (heat stress),Apo_32,1,"10 dpl

08.07.2025",10,7,day_10
Plate 9_C3_Apo_32C,Plate 9,Apo,C3,32C (heat stress),Apo_32,1,"11 dpl

08.08.2025",11,7,day_11
Plate 9_C3_Apo_32C,Plate 9,Apo,C3,32C (heat stress),Apo_32,1,"13 dpl

08.10.2025",13,na,day_13
Plate 9_C3_Apo_32C,Plate 9,Apo,C3,32C (heat stress),Apo_32,1,"14 dpl

08.11.2025",14,na,day_14
Plate 9_C3_Apo_32C,Plate 9,Apo,C3,32C (heat stress),Apo_32,1,21 dpl,21,na,day_21
Plate 9_C4_Apo_32C,Plate 9,Apo,C4,32C (heat stress),Apo_32,1,"0 dpi

07.28.2025",0,0,day_0
Plate 9_C4_Apo_32C,Plate 9,Apo,C4,32C (heat stress),Apo_32,1,"3 dpl

07.31.2025",3,0,day_3
Plate 9_C4_Apo_32C,Plate 9,Apo,C4,32C (heat stress),Apo_32,1,"4 dpl

08.01.2025",4,0,day_4
Plate 9_C4_Apo_32C,Plate 9,Apo,C4,32C (heat stress),Apo_32,1,"5 dpl

08.02.2025",5,8,day_5
Plate 9_C4_Apo_32C,Plate 9,Apo,C4,32C (heat stress),Apo_32,1,"6 dpl

08.03. 2025",6,8,day_6
Plate 9_C4_Apo_32C,Plate 9,Apo,C4,32C (heat stress),Apo_32,1,"7 dpl

08.04.2025",7,8,day_7
Plate 9_C4_Apo_32C,Plate 9,Apo,C4,32C (heat stress),Apo_32,1,"8 dpl

08.05.2025",8,8,day_8
Plate 9_C4_Apo_32C,Plate 9,Apo,C4,32C (heat stress),Apo_32,1,"9 dpl

08.06.2025",9,8,day_9
Plate 9_C4_Apo_32C,Plate 9,Apo,C4,32C (heat stress),Apo_32,1,"10 dpl

08.07.2025",10,8,day_10
Plate 9_C4_Apo_32C,Plate 9,Apo,C4,32C (heat stress),Apo_32,1,"11 dpl

08.08.2025",11,8,day_11
Plate 9_C4_Apo_32C,Plate 9,Apo,C4,32C (heat stress),Apo_32,1,"13 dpl

08.10.2025",13,8,day_13
Plate 9_C4_Apo_32C,Plate 9,Apo,C4,32C (heat stress),Apo_32,1,"14 dpl

08.11.2025",14,8,day_14
Plate 9_C4_Apo_32C,Plate 9,Apo,C4,32C (heat stress),Apo_32,1,21 dpl,21,?,day_21
Plate 9_C5_Apo_32C,Plate 9,Apo,C5,32C (heat stress),Apo_32,1,"0 dpi

07.28.2025",0,0,day_0
Plate 9_C5_Apo_32C,Plate 9,Apo,C5,32C (heat stress),Apo_32,1,"3 dpl

07.31.2025",3,0,day_3
Plate 9_C5_Apo_32C,Plate 9,Apo,C5,32C (heat stress),Apo_32,1,"4 dpl

08.01.2025",4,1,day_4
Plate 9_C5_Apo_32C,Plate 9,Apo,C5,32C (heat stress),Apo_32,1,"5 dpl

08.02.2025",5,10,day_5
Plate 9_C5_Apo_32C,Plate 9,Apo,C5,32C (heat stress),Apo_32,1,"6 dpl

08.03. 2025",6,10,day_6
Plate 9_C5_Apo_32C,Plate 9,Apo,C5,32C (heat stress),Apo_32,1,"7 dpl

08.04.2025",7,11,day_7
Plate 9_C5_Apo_32C,Plate 9,Apo,C5,32C (heat stress),Apo_32,1,"8 dpl

08.05.2025",8,11,day_8
Plate 9_C5_Apo_32C,Plate 9,Apo,C5,32C (heat stress),Apo_32,1,"9 dpl

08.06.2025",9,11,day_9
Plate 9_C5_Apo_32C,Plate 9,Apo,C5,32C (heat stress),Apo_32,1,"10 dpl

08.07.2025",10,11,day_10
Plate 9_C5_Apo_32C,Plate 9,Apo,C5,32C (heat stress),Apo_32,1,"11 dpl

08.08.2025",11,11,day_11
Plate 9_C5_Apo_32C,Plate 9,Apo,C5,32C (heat stress),Apo_32,1,"13 dpl

08.10.2025",13,11,day_13
Plate 9_C5_Apo_32C,Plate 9,Apo,C5,32C (heat stress),Apo_32,1,"14 dpl

08.11.2025",14,11,day_14
Plate 9_C5_Apo_32C,Plate 9,Apo,C5,32C (heat stress),Apo_32,1,21 dpl,21,11,day_21
Plate 9_C6_Apo_32C,Plate 9,Apo,C6,32C (heat stress),Apo_32,1,"0 dpi

07.28.2025",0,0,day_0
Plate 9_C6_Apo_32C,Plate 9,Apo,C6,32C (heat stress),Apo_32,1,"3 dpl

07.31.2025",3,0,day_3
Plate 9_C6_Apo_32C,Plate 9,Apo,C6,32C (heat stress),Apo_32,1,"4 dpl

08.01.2025",4,0,day_4
Plate 9_C6_Apo_32C,Plate 9,Apo,C6,32C (heat stress),Apo_32,1,"5 dpl

08.02.2025",5,4,day_5
Plate 9_C6_Apo_32C,Plate 9,Apo,C6,32C (heat stress),Apo_32,1,"6 dpl

08.03. 2025",6,5,day_6
Plate 9_C6_Apo_32C,Plate 9,Apo,C6,32C (heat stress),Apo_32,1,"7 dpl

08.04.2025",7,6,day_7
Plate 9_C6_Apo_32C,Plate 9,Apo,C6,32C (heat stress),Apo_32,1,"8 dpl

08.05.2025",8,6,day_8
Plate 9_C6_Apo_32C,Plate 9,Apo,C6,32C (heat stress),Apo_32,1,"9 dpl

08.06.2025",9,6,day_9
Plate 9_C6_Apo_32C,Plate 9,Apo,C6,32C (heat stress),Apo_32,1,"10 dpl

08.07.2025",10,?,day_10
Plate 9_C6_Apo_32C,Plate 9,Apo,C6,32C (heat stress),Apo_32,1,"11 dpl

08.08.2025",11,na,day_11
Plate 9_C6_Apo_32C,Plate 9,Apo,C6,32C (heat stress),Apo_32,1,"13 dpl

08.10.2025",13,na,day_13
Plate 9_C6_Apo_32C,Plate 9,Apo,C6,32C (heat stress),Apo_32,1,"14 dpl

08.11.2025",14,na,day_14
Plate 9_C6_Apo_32C,Plate 9,Apo,C6,32C (heat stress),Apo_32,1,21 dpl,21,na,day_21
Plate 9_D1_Apo_32C,Plate 9,Apo,D1,32C (heat stress),Apo_32,1,"0 dpi

07.28.2025",0,0,day_0
Plate 9_D1_Apo_32C,Plate 9,Apo,D1,32C (heat stress),Apo_32,1,"3 dpl

07.31.2025",3,0,day_3
Plate 9_D1_Apo_32C,Plate 9,Apo,D1,32C (heat stress),Apo_32,1,"4 dpl

08.01.2025",4,1,day_4
Plate 9_D1_Apo_32C,Plate 9,Apo,D1,32C (heat stress),Apo_32,1,"5 dpl

08.02.2025",5,5,day_5
Plate 9_D1_Apo_32C,Plate 9,Apo,D1,32C (heat stress),Apo_32,1,"6 dpl

08.03. 2025",6,8,day_6
Plate 9_D1_Apo_32C,Plate 9,Apo,D1,32C (heat stress),Apo_32,1,"7 dpl

08.04.2025",7,5,day_7
Plate 9_D1_Apo_32C,Plate 9,Apo,D1,32C (heat stress),Apo_32,1,"8 dpl

08.05.2025",8,7,day_8
Plate 9_D1_Apo_32C,Plate 9,Apo,D1,32C (heat stress),Apo_32,1,"9 dpl

08.06.2025",9,7,day_9
Plate 9_D1_Apo_32C,Plate 9,Apo,D1,32C (heat stress),Apo_32,1,"10 dpl

08.07.2025",10,7,day_10
Plate 9_D1_Apo_32C,Plate 9,Apo,D1,32C (heat stress),Apo_32,1,"11 dpl

08.08.2025",11,7,day_11
Plate 9_D1_Apo_32C,Plate 9,Apo,D1,32C (heat stress),Apo_32,1,"13 dpl

08.10.2025",13,na,day_13
Plate 9_D1_Apo_32C,Plate 9,Apo,D1,32C (heat stress),Apo_32,1,"14 dpl

08.11.2025",14,na,day_14
Plate 9_D1_Apo_32C,Plate 9,Apo,D1,32C (heat stress),Apo_32,1,21 dpl,21,na,day_21
Plate 9_D2_Apo_32C,Plate 9,Apo,D2,32C (heat stress),Apo_32,1,"0 dpi

07.28.2025",0,0,day_0
Plate 9_D2_Apo_32C,Plate 9,Apo,D2,32C (heat stress),Apo_32,1,"3 dpl

07.31.2025",3,0,day_3
Plate 9_D2_Apo_32C,Plate 9,Apo,D2,32C (heat stress),Apo_32,1,"4 dpl

08.01.2025",4,0,day_4
Plate 9_D2_Apo_32C,Plate 9,Apo,D2,32C (heat stress),Apo_32,1,"5 dpl

08.02.2025",5,3,day_5
Plate 9_D2_Apo_32C,Plate 9,Apo,D2,32C (heat stress),Apo_32,1,"6 dpl

08.03. 2025",6,8,day_6
Plate 9_D2_Apo_32C,Plate 9,Apo,D2,32C (heat stress),Apo_32,1,"7 dpl

08.04.2025",7,7,day_7
Plate 9_D2_Apo_32C,Plate 9,Apo,D2,32C (heat stress),Apo_32,1,"8 dpl

08.05.2025",8,0,day_8
Plate 9_D2_Apo_32C,Plate 9,Apo,D2,32C (heat stress),Apo_32,1,"9 dpl

08.06.2025",9,0,day_9
Plate 9_D2_Apo_32C,Plate 9,Apo,D2,32C (heat stress),Apo_32,1,"10 dpl

08.07.2025",10,0,day_10
Plate 9_D2_Apo_32C,Plate 9,Apo,D2,32C (heat stress),Apo_32,1,"11 dpl

08.08.2025",11,na,day_11
Plate 9_D2_Apo_32C,Plate 9,Apo,D2,32C (heat stress),Apo_32,1,"13 dpl

08.10.2025",13,na,day_13
Plate 9_D2_Apo_32C,Plate 9,Apo,D2,32C (heat stress),Apo_32,1,"14 dpl

08.11.2025",14,na,day_14
Plate 9_D2_Apo_32C,Plate 9,Apo,D2,32C (heat stress),Apo_32,1,21 dpl,21,na,day_21
Plate 9_D3_Apo_32C,Plate 9,Apo,D3,32C (heat stress),Apo_32,1,"0 dpi

07.28.2025",0,0,day_0
Plate 9_D3_Apo_32C,Plate 9,Apo,D3,32C (heat stress),Apo_32,1,"3 dpl

07.31.2025",3,na,day_3
Plate 9_D3_Apo_32C,Plate 9,Apo,D3,32C (heat stress),Apo_32,1,"4 dpl

08.01.2025",4,na,day_4
Plate 9_D3_Apo_32C,Plate 9,Apo,D3,32C (heat stress),Apo_32,1,"5 dpl

08.02.2025",5,na,day_5
Plate 9_D3_Apo_32C,Plate 9,Apo,D3,32C (heat stress),Apo_32,1,"6 dpl

08.03. 2025",6,na,day_6
Plate 9_D3_Apo_32C,Plate 9,Apo,D3,32C (heat stress),Apo_32,1,"7 dpl

08.04.2025",7,na,day_7
Plate 9_D3_Apo_32C,Plate 9,Apo,D3,32C (heat stress),Apo_32,1,"8 dpl

08.05.2025",8,na,day_8
Plate 9_D3_Apo_32C,Plate 9,Apo,D3,32C (heat stress),Apo_32,1,"9 dpl

08.06.2025",9,na,day_9
Plate 9_D3_Apo_32C,Plate 9,Apo,D3,32C (heat stress),Apo_32,1,"10 dpl

08.07.2025",10,na,day_10
Plate 9_D3_Apo_32C,Plate 9,Apo,D3,32C (heat stress),Apo_32,1,"11 dpl

08.08.2025",11,na,day_11
Plate 9_D3_Apo_32C,Plate 9,Apo,D3,32C (heat stress),Apo_32,1,"13 dpl

08.10.2025",13,na,day_13
Plate 9_D3_Apo_32C,Plate 9,Apo,D3,32C (heat stress),Apo_32,1,"14 dpl

08.11.2025",14,na,day_14
Plate 9_D3_Apo_32C,Plate 9,Apo,D3,32C (heat stress),Apo_32,1,21 dpl,21,na,day_21
Plate 9_D4_Apo_32C,Plate 9,Apo,D4,32C (heat stress),Apo_32,1,"0 dpi

07.28.2025",0,0,day_0
Plate 9_D4_Apo_32C,Plate 9,Apo,D4,32C (heat stress),Apo_32,1,"3 dpl

07.31.2025",3,na,day_3
Plate 9_D4_Apo_32C,Plate 9,Apo,D4,32C (heat stress),Apo_32,1,"4 dpl

08.01.2025",4,na,day_4
Plate 9_D4_Apo_32C,Plate 9,Apo,D4,32C (heat stress),Apo_32,1,"5 dpl

08.02.2025",5,na,day_5
Plate 9_D4_Apo_32C,Plate 9,Apo,D4,32C (heat stress),Apo_32,1,"6 dpl

08.03. 2025",6,na,day_6
Plate 9_D4_Apo_32C,Plate 9,Apo,D4,32C (heat stress),Apo_32,1,"7 dpl

08.04.2025",7,na,day_7
Plate 9_D4_Apo_32C,Plate 9,Apo,D4,32C (heat stress),Apo_32,1,"8 dpl

08.05.2025",8,na,day_8
Plate 9_D4_Apo_32C,Plate 9,Apo,D4,32C (heat stress),Apo_32,1,"9 dpl

08.06.2025",9,na,day_9
Plate 9_D4_Apo_32C,Plate 9,Apo,D4,32C (heat stress),Apo_32,1,"10 dpl

08.07.2025",10,na,day_10
Plate 9_D4_Apo_32C,Plate 9,Apo,D4,32C (heat stress),Apo_32,1,"11 dpl

08.08.2025",11,na,day_11
Plate 9_D4_Apo_32C,Plate 9,Apo,D4,32C (heat stress),Apo_32,1,"13 dpl

08.10.2025",13,na,day_13
Plate 9_D4_Apo_32C,Plate 9,Apo,D4,32C (heat stress),Apo_32,1,"14 dpl

08.11.2025",14,na,day_14
Plate 9_D4_Apo_32C,Plate 9,Apo,D4,32C (heat stress),Apo_32,1,21 dpl,21,na,day_21
Plate 9_D5_Apo_32C,Plate 9,Apo,D5,32C (heat stress),Apo_32,1,"0 dpi

07.28.2025",0,0,day_0
Plate 9_D5_Apo_32C,Plate 9,Apo,D5,32C (heat stress),Apo_32,1,"3 dpl

07.31.2025",3,na,day_3
Plate 9_D5_Apo_32C,Plate 9,Apo,D5,32C (heat stress),Apo_32,1,"4 dpl

08.01.2025",4,na,day_4
Plate 9_D5_Apo_32C,Plate 9,Apo,D5,32C (heat stress),Apo_32,1,"5 dpl

08.02.2025",5,na,day_5
Plate 9_D5_Apo_32C,Plate 9,Apo,D5,32C (heat stress),Apo_32,1,"6 dpl

08.03. 2025",6,na,day_6
Plate 9_D5_Apo_32C,Plate 9,Apo,D5,32C (heat stress),Apo_32,1,"7 dpl

08.04.2025",7,na,day_7
Plate 9_D5_Apo_32C,Plate 9,Apo,D5,32C (heat stress),Apo_32,1,"8 dpl

08.05.2025",8,na,day_8
Plate 9_D5_Apo_32C,Plate 9,Apo,D5,32C (heat stress),Apo_32,1,"9 dpl

08.06.2025",9,na,day_9
Plate 9_D5_Apo_32C,Plate 9,Apo,D5,32C (heat stress),Apo_32,1,"10 dpl

08.07.2025",10,na,day_10
Plate 9_D5_Apo_32C,Plate 9,Apo,D5,32C (heat stress),Apo_32,1,"11 dpl

08.08.2025",11,na,day_11
Plate 9_D5_Apo_32C,Plate 9,Apo,D5,32C (heat stress),Apo_32,1,"13 dpl

08.10.2025",13,na,day_13
Plate 9_D5_Apo_32C,Plate 9,Apo,D5,32C (heat stress),Apo_32,1,"14 dpl

08.11.2025",14,na,day_14
Plate 9_D5_Apo_32C,Plate 9,Apo,D5,32C (heat stress),Apo_32,1,21 dpl,21,na,day_21
Plate 9_D6_Apo_32C,Plate 9,Apo,D6,32C (heat stress),Apo_32,1,"0 dpi

07.28.2025",0,0,day_0
Plate 9_D6_Apo_32C,Plate 9,Apo,D6,32C (heat stress),Apo_32,1,"3 dpl

07.31.2025",3,0,day_3
Plate 9_D6_Apo_32C,Plate 9,Apo,D6,32C (heat stress),Apo_32,1,"4 dpl

08.01.2025",4,0,day_4
Plate 9_D6_Apo_32C,Plate 9,Apo,D6,32C (heat stress),Apo_32,1,"5 dpl

08.02.2025",5,0,day_5
Plate 9_D6_Apo_32C,Plate 9,Apo,D6,32C (heat stress),Apo_32,1,"6 dpl

08.03. 2025",6,2,day_6
Plate 9_D6_Apo_32C,Plate 9,Apo,D6,32C (heat stress),Apo_32,1,"7 dpl

08.04.2025",7,2,day_7
Plate 9_D6_Apo_32C,Plate 9,Apo,D6,32C (heat stress),Apo_32,1,"8 dpl

08.05.2025",8,2,day_8
Plate 9_D6_Apo_32C,Plate 9,Apo,D6,32C (heat stress),Apo_32,1,"9 dpl

08.06.2025",9,2,day_9
Plate 9_D6_Apo_32C,Plate 9,Apo,D6,32C (heat stress),Apo_32,1,"10 dpl

08.07.2025",10,2,day_10
Plate 9_D6_Apo_32C,Plate 9,Apo,D6,32C (heat stress),Apo_32,1,"11 dpl

08.08.2025",11,2,day_11
Plate 9_D6_Apo_32C,Plate 9,Apo,D6,32C (heat stress),Apo_32,1,"13 dpl

08.10.2025",13,2,day_13
Plate 9_D6_Apo_32C,Plate 9,Apo,D6,32C (heat stress),Apo_32,1,"14 dpl

08.11.2025",14,2,day_14
Plate 9_D6_Apo_32C,Plate 9,Apo,D6,32C (heat stress),Apo_32,1,21 dpl,21,2,day_21
Plate 10_A1_Apo_32C,Plate 10,Apo,A1,32C (heat stress),Apo_32,1,"0 dpi

07.28.2025",0,0,day_0
Plate 10_A1_Apo_32C,Plate 10,Apo,A1,32C (heat stress),Apo_32,1,"3 dpl

07.31.2025",3,na,day_3
Plate 10_A1_Apo_32C,Plate 10,Apo,A1,32C (heat stress),Apo_32,1,"4 dpl

08.01.2025",4,na,day_4
Plate 10_A1_Apo_32C,Plate 10,Apo,A1,32C (heat stress),Apo_32,1,"5 dpl

08.02.2025",5,na,day_5
Plate 10_A1_Apo_32C,Plate 10,Apo,A1,32C (heat stress),Apo_32,1,"6 dpl

08.03. 2025",6,na,day_6
Plate 10_A1_Apo_32C,Plate 10,Apo,A1,32C (heat stress),Apo_32,1,"7 dpl

08.04.2025",7,na,day_7
Plate 10_A1_Apo_32C,Plate 10,Apo,A1,32C (heat stress),Apo_32,1,"8 dpl

08.05.2025",8,na,day_8
Plate 10_A1_Apo_32C,Plate 10,Apo,A1,32C (heat stress),Apo_32,1,"9 dpl

08.06.2025",9,na,day_9
Plate 10_A1_Apo_32C,Plate 10,Apo,A1,32C (heat stress),Apo_32,1,"10 dpl

08.07.2025",10,na,day_10
Plate 10_A1_Apo_32C,Plate 10,Apo,A1,32C (heat stress),Apo_32,1,"11 dpl

08.08.2025",11,na,day_11
Plate 10_A1_Apo_32C,Plate 10,Apo,A1,32C (heat stress),Apo_32,1,"13 dpl

08.10.2025",13,na,day_13
Plate 10_A1_Apo_32C,Plate 10,Apo,A1,32C (heat stress),Apo_32,1,"14 dpl

08.11.2025",14,na,day_14
Plate 10_A1_Apo_32C,Plate 10,Apo,A1,32C (heat stress),Apo_32,1,21 dpl,21,na,day_21
Plate 10_A2_Apo_32C,Plate 10,Apo,A2,32C (heat stress),Apo_32,1,"0 dpi

07.28.2025",0,0,day_0
Plate 10_A2_Apo_32C,Plate 10,Apo,A2,32C (heat stress),Apo_32,1,"3 dpl

07.31.2025",3,edu,day_3
Plate 10_A2_Apo_32C,Plate 10,Apo,A2,32C (heat stress),Apo_32,1,"4 dpl

08.01.2025",4,edu,day_4
Plate 10_A2_Apo_32C,Plate 10,Apo,A2,32C (heat stress),Apo_32,1,"5 dpl

08.02.2025",5,edu,day_5
Plate 10_A2_Apo_32C,Plate 10,Apo,A2,32C (heat stress),Apo_32,1,"6 dpl

08.03. 2025",6,edu,day_6
Plate 10_A2_Apo_32C,Plate 10,Apo,A2,32C (heat stress),Apo_32,1,"7 dpl

08.04.2025",7,edu,day_7
Plate 10_A2_Apo_32C,Plate 10,Apo,A2,32C (heat stress),Apo_32,1,"8 dpl

08.05.2025",8,edu,day_8
Plate 10_A2_Apo_32C,Plate 10,Apo,A2,32C (heat stress),Apo_32,1,"9 dpl

08.06.2025",9,edu,day_9
Plate 10_A2_Apo_32C,Plate 10,Apo,A2,32C (heat stress),Apo_32,1,"10 dpl

08.07.2025",10,edu,day_10
Plate 10_A2_Apo_32C,Plate 10,Apo,A2,32C (heat stress),Apo_32,1,"11 dpl

08.08.2025",11,edu,day_11
Plate 10_A2_Apo_32C,Plate 10,Apo,A2,32C (heat stress),Apo_32,1,"13 dpl

08.10.2025",13,edu,day_13
Plate 10_A2_Apo_32C,Plate 10,Apo,A2,32C (heat stress),Apo_32,1,"14 dpl

08.11.2025",14,edu,day_14
Plate 10_A2_Apo_32C,Plate 10,Apo,A2,32C (heat stress),Apo_32,1,21 dpl,21,edu,day_21
Plate 10_A3_Apo_32C,Plate 10,Apo,A3,32C (heat stress),Apo_32,1,"0 dpi

07.28.2025",0,0,day_0
Plate 10_A3_Apo_32C,Plate 10,Apo,A3,32C (heat stress),Apo_32,1,"3 dpl

07.31.2025",3,edu,day_3
Plate 10_A3_Apo_32C,Plate 10,Apo,A3,32C (heat stress),Apo_32,1,"4 dpl

08.01.2025",4,edu,day_4
Plate 10_A3_Apo_32C,Plate 10,Apo,A3,32C (heat stress),Apo_32,1,"5 dpl

08.02.2025",5,edu,day_5
Plate 10_A3_Apo_32C,Plate 10,Apo,A3,32C (heat stress),Apo_32,1,"6 dpl

08.03. 2025",6,edu,day_6
Plate 10_A3_Apo_32C,Plate 10,Apo,A3,32C (heat stress),Apo_32,1,"7 dpl

08.04.2025",7,edu,day_7
Plate 10_A3_Apo_32C,Plate 10,Apo,A3,32C (heat stress),Apo_32,1,"8 dpl

08.05.2025",8,edu,day_8
Plate 10_A3_Apo_32C,Plate 10,Apo,A3,32C (heat stress),Apo_32,1,"9 dpl

08.06.2025",9,edu,day_9
Plate 10_A3_Apo_32C,Plate 10,Apo,A3,32C (heat stress),Apo_32,1,"10 dpl

08.07.2025",10,edu,day_10
Plate 10_A3_Apo_32C,Plate 10,Apo,A3,32C (heat stress),Apo_32,1,"11 dpl

08.08.2025",11,edu,day_11
Plate 10_A3_Apo_32C,Plate 10,Apo,A3,32C (heat stress),Apo_32,1,"13 dpl

08.10.2025",13,edu,day_13
Plate 10_A3_Apo_32C,Plate 10,Apo,A3,32C (heat stress),Apo_32,1,"14 dpl

08.11.2025",14,edu,day_14
Plate 10_A3_Apo_32C,Plate 10,Apo,A3,32C (heat stress),Apo_32,1,21 dpl,21,edu,day_21
Plate 10_A4_Apo_32C,Plate 10,Apo,A4,32C (heat stress),Apo_32,1,"0 dpi

07.28.2025",0,0,day_0
Plate 10_A4_Apo_32C,Plate 10,Apo,A4,32C (heat stress),Apo_32,1,"3 dpl

07.31.2025",3,edu,day_3
Plate 10_A4_Apo_32C,Plate 10,Apo,A4,32C (heat stress),Apo_32,1,"4 dpl

08.01.2025",4,edu,day_4
Plate 10_A4_Apo_32C,Plate 10,Apo,A4,32C (heat stress),Apo_32,1,"5 dpl

08.02.2025",5,edu,day_5
Plate 10_A4_Apo_32C,Plate 10,Apo,A4,32C (heat stress),Apo_32,1,"6 dpl

08.03. 2025",6,edu,day_6
Plate 10_A4_Apo_32C,Plate 10,Apo,A4,32C (heat stress),Apo_32,1,"7 dpl

08.04.2025",7,edu,day_7
Plate 10_A4_Apo_32C,Plate 10,Apo,A4,32C (heat stress),Apo_32,1,"8 dpl

08.05.2025",8,edu,day_8
Plate 10_A4_Apo_32C,Plate 10,Apo,A4,32C (heat stress),Apo_32,1,"9 dpl

08.06.2025",9,edu,day_9
Plate 10_A4_Apo_32C,Plate 10,Apo,A4,32C (heat stress),Apo_32,1,"10 dpl

08.07.2025",10,edu,day_10
Plate 10_A4_Apo_32C,Plate 10,Apo,A4,32C (heat stress),Apo_32,1,"11 dpl

08.08.2025",11,edu,day_11
Plate 10_A4_Apo_32C,Plate 10,Apo,A4,32C (heat stress),Apo_32,1,"13 dpl

08.10.2025",13,edu,day_13
Plate 10_A4_Apo_32C,Plate 10,Apo,A4,32C (heat stress),Apo_32,1,"14 dpl

08.11.2025",14,edu,day_14
Plate 10_A4_Apo_32C,Plate 10,Apo,A4,32C (heat stress),Apo_32,1,21 dpl,21,edu,day_21
Plate 10_A5_Apo_32C,Plate 10,Apo,A5,32C (heat stress),Apo_32,1,"0 dpi

07.28.2025",0,0,day_0
Plate 10_A5_Apo_32C,Plate 10,Apo,A5,32C (heat stress),Apo_32,1,"3 dpl

07.31.2025",3,0,day_3
Plate 10_A5_Apo_32C,Plate 10,Apo,A5,32C (heat stress),Apo_32,1,"4 dpl

08.01.2025",4,0,day_4
Plate 10_A5_Apo_32C,Plate 10,Apo,A5,32C (heat stress),Apo_32,1,"5 dpl

08.02.2025",5,edu,day_5
Plate 10_A5_Apo_32C,Plate 10,Apo,A5,32C (heat stress),Apo_32,1,"6 dpl

08.03. 2025",6,edu,day_6
Plate 10_A5_Apo_32C,Plate 10,Apo,A5,32C (heat stress),Apo_32,1,"7 dpl

08.04.2025",7,edu,day_7
Plate 10_A5_Apo_32C,Plate 10,Apo,A5,32C (heat stress),Apo_32,1,"8 dpl

08.05.2025",8,edu,day_8
Plate 10_A5_Apo_32C,Plate 10,Apo,A5,32C (heat stress),Apo_32,1,"9 dpl

08.06.2025",9,edu,day_9
Plate 10_A5_Apo_32C,Plate 10,Apo,A5,32C (heat stress),Apo_32,1,"10 dpl

08.07.2025",10,edu,day_10
Plate 10_A5_Apo_32C,Plate 10,Apo,A5,32C (heat stress),Apo_32,1,"11 dpl

08.08.2025",11,edu,day_11
Plate 10_A5_Apo_32C,Plate 10,Apo,A5,32C (heat stress),Apo_32,1,"13 dpl

08.10.2025",13,edu,day_13
Plate 10_A5_Apo_32C,Plate 10,Apo,A5,32C (heat stress),Apo_32,1,"14 dpl

08.11.2025",14,edu,day_14
Plate 10_A5_Apo_32C,Plate 10,Apo,A5,32C (heat stress),Apo_32,1,21 dpl,21,edu,day_21
Plate 10_A6_Apo_32C,Plate 10,Apo,A6,32C (heat stress),Apo_32,1,"0 dpi

07.28.2025",0,0,day_0
Plate 10_A6_Apo_32C,Plate 10,Apo,A6,32C (heat stress),Apo_32,1,"3 dpl

07.31.2025",3,0,day_3
Plate 10_A6_Apo_32C,Plate 10,Apo,A6,32C (heat stress),Apo_32,1,"4 dpl

08.01.2025",4,0,day_4
Plate 10_A6_Apo_32C,Plate 10,Apo,A6,32C (heat stress),Apo_32,1,"5 dpl

08.02.2025",5,edu,day_5
Plate 10_A6_Apo_32C,Plate 10,Apo,A6,32C (heat stress),Apo_32,1,"6 dpl

08.03. 2025",6,edu,day_6
Plate 10_A6_Apo_32C,Plate 10,Apo,A6,32C (heat stress),Apo_32,1,"7 dpl

08.04.2025",7,edu,day_7
Plate 10_A6_Apo_32C,Plate 10,Apo,A6,32C (heat stress),Apo_32,1,"8 dpl

08.05.2025",8,edu,day_8
Plate 10_A6_Apo_32C,Plate 10,Apo,A6,32C (heat stress),Apo_32,1,"9 dpl

08.06.2025",9,edu,day_9
Plate 10_A6_Apo_32C,Plate 10,Apo,A6,32C (heat stress),Apo_32,1,"10 dpl

08.07.2025",10,edu,day_10
Plate 10_A6_Apo_32C,Plate 10,Apo,A6,32C (heat stress),Apo_32,1,"11 dpl

08.08.2025",11,edu,day_11
Plate 10_A6_Apo_32C,Plate 10,Apo,A6,32C (heat stress),Apo_32,1,"13 dpl

08.10.2025",13,edu,day_13
Plate 10_A6_Apo_32C,Plate 10,Apo,A6,32C (heat stress),Apo_32,1,"14 dpl

08.11.2025",14,edu,day_14
Plate 10_A6_Apo_32C,Plate 10,Apo,A6,32C (heat stress),Apo_32,1,21 dpl,21,edu,day_21
Plate 10_B1_Apo_32C,Plate 10,Apo,B1,32C (heat stress),Apo_32,1,"0 dpi

07.28.2025",0,0,day_0
Plate 10_B1_Apo_32C,Plate 10,Apo,B1,32C (heat stress),Apo_32,1,"3 dpl

07.31.2025",3,0,day_3
Plate 10_B1_Apo_32C,Plate 10,Apo,B1,32C (heat stress),Apo_32,1,"4 dpl

08.01.2025",4,0,day_4
Plate 10_B1_Apo_32C,Plate 10,Apo,B1,32C (heat stress),Apo_32,1,"5 dpl

08.02.2025",5,0,day_5
Plate 10_B1_Apo_32C,Plate 10,Apo,B1,32C (heat stress),Apo_32,1,"6 dpl

08.03. 2025",6,0,day_6
Plate 10_B1_Apo_32C,Plate 10,Apo,B1,32C (heat stress),Apo_32,1,"7 dpl

08.04.2025",7,0,day_7
Plate 10_B1_Apo_32C,Plate 10,Apo,B1,32C (heat stress),Apo_32,1,"8 dpl

08.05.2025",8,0,day_8
Plate 10_B1_Apo_32C,Plate 10,Apo,B1,32C (heat stress),Apo_32,1,"9 dpl

08.06.2025",9,0,day_9
Plate 10_B1_Apo_32C,Plate 10,Apo,B1,32C (heat stress),Apo_32,1,"10 dpl

08.07.2025",10,0,day_10
Plate 10_B1_Apo_32C,Plate 10,Apo,B1,32C (heat stress),Apo_32,1,"11 dpl

08.08.2025",11,0,day_11
Plate 10_B1_Apo_32C,Plate 10,Apo,B1,32C (heat stress),Apo_32,1,"13 dpl

08.10.2025",13,0,day_13
Plate 10_B1_Apo_32C,Plate 10,Apo,B1,32C (heat stress),Apo_32,1,"14 dpl

08.11.2025",14,na,day_14
Plate 10_B1_Apo_32C,Plate 10,Apo,B1,32C (heat stress),Apo_32,1,21 dpl,21,na,day_21
Plate 10_B2_Apo_32C,Plate 10,Apo,B2,32C (heat stress),Apo_32,1,"0 dpi

07.28.2025",0,0,day_0
Plate 10_B2_Apo_32C,Plate 10,Apo,B2,32C (heat stress),Apo_32,1,"3 dpl

07.31.2025",3,1,day_3
Plate 10_B2_Apo_32C,Plate 10,Apo,B2,32C (heat stress),Apo_32,1,"4 dpl

08.01.2025",4,0,day_4
Plate 10_B2_Apo_32C,Plate 10,Apo,B2,32C (heat stress),Apo_32,1,"5 dpl

08.02.2025",5,4,day_5
Plate 10_B2_Apo_32C,Plate 10,Apo,B2,32C (heat stress),Apo_32,1,"6 dpl

08.03. 2025",6,5,day_6
Plate 10_B2_Apo_32C,Plate 10,Apo,B2,32C (heat stress),Apo_32,1,"7 dpl

08.04.2025",7,5,day_7
Plate 10_B2_Apo_32C,Plate 10,Apo,B2,32C (heat stress),Apo_32,1,"8 dpl

08.05.2025",8,6,day_8
Plate 10_B2_Apo_32C,Plate 10,Apo,B2,32C (heat stress),Apo_32,1,"9 dpl

08.06.2025",9,na,day_9
Plate 10_B2_Apo_32C,Plate 10,Apo,B2,32C (heat stress),Apo_32,1,"10 dpl

08.07.2025",10,na,day_10
Plate 10_B2_Apo_32C,Plate 10,Apo,B2,32C (heat stress),Apo_32,1,"11 dpl

08.08.2025",11,na,day_11
Plate 10_B2_Apo_32C,Plate 10,Apo,B2,32C (heat stress),Apo_32,1,"13 dpl

08.10.2025",13,na,day_13
Plate 10_B2_Apo_32C,Plate 10,Apo,B2,32C (heat stress),Apo_32,1,"14 dpl

08.11.2025",14,na,day_14
Plate 10_B2_Apo_32C,Plate 10,Apo,B2,32C (heat stress),Apo_32,1,21 dpl,21,na,day_21
Plate 10_B3_Apo_32C,Plate 10,Apo,B3,32C (heat stress),Apo_32,1,"0 dpi

07.28.2025",0,0,day_0
Plate 10_B3_Apo_32C,Plate 10,Apo,B3,32C (heat stress),Apo_32,1,"3 dpl

07.31.2025",3,0,day_3
Plate 10_B3_Apo_32C,Plate 10,Apo,B3,32C (heat stress),Apo_32,1,"4 dpl

08.01.2025",4,0,day_4
Plate 10_B3_Apo_32C,Plate 10,Apo,B3,32C (heat stress),Apo_32,1,"5 dpl

08.02.2025",5,0,day_5
Plate 10_B3_Apo_32C,Plate 10,Apo,B3,32C (heat stress),Apo_32,1,"6 dpl

08.03. 2025",6,0,day_6
Plate 10_B3_Apo_32C,Plate 10,Apo,B3,32C (heat stress),Apo_32,1,"7 dpl

08.04.2025",7,na,day_7
Plate 10_B3_Apo_32C,Plate 10,Apo,B3,32C (heat stress),Apo_32,1,"8 dpl

08.05.2025",8,na,day_8
Plate 10_B3_Apo_32C,Plate 10,Apo,B3,32C (heat stress),Apo_32,1,"9 dpl

08.06.2025",9,na,day_9
Plate 10_B3_Apo_32C,Plate 10,Apo,B3,32C (heat stress),Apo_32,1,"10 dpl

08.07.2025",10,na,day_10
Plate 10_B3_Apo_32C,Plate 10,Apo,B3,32C (heat stress),Apo_32,1,"11 dpl

08.08.2025",11,na,day_11
Plate 10_B3_Apo_32C,Plate 10,Apo,B3,32C (heat stress),Apo_32,1,"13 dpl

08.10.2025",13,na,day_13
Plate 10_B3_Apo_32C,Plate 10,Apo,B3,32C (heat stress),Apo_32,1,"14 dpl

08.11.2025",14,na,day_14
Plate 10_B3_Apo_32C,Plate 10,Apo,B3,32C (heat stress),Apo_32,1,21 dpl,21,na,day_21
Plate 10_B4_Apo_32C,Plate 10,Apo,B4,32C (heat stress),Apo_32,1,"0 dpi

07.28.2025",0,0,day_0
Plate 10_B4_Apo_32C,Plate 10,Apo,B4,32C (heat stress),Apo_32,1,"3 dpl

07.31.2025",3,0,day_3
Plate 10_B4_Apo_32C,Plate 10,Apo,B4,32C (heat stress),Apo_32,1,"4 dpl

08.01.2025",4,0,day_4
Plate 10_B4_Apo_32C,Plate 10,Apo,B4,32C (heat stress),Apo_32,1,"5 dpl

08.02.2025",5,0,day_5
Plate 10_B4_Apo_32C,Plate 10,Apo,B4,32C (heat stress),Apo_32,1,"6 dpl

08.03. 2025",6,0,day_6
Plate 10_B4_Apo_32C,Plate 10,Apo,B4,32C (heat stress),Apo_32,1,"7 dpl

08.04.2025",7,0,day_7
Plate 10_B4_Apo_32C,Plate 10,Apo,B4,32C (heat stress),Apo_32,1,"8 dpl

08.05.2025",8,0,day_8
Plate 10_B4_Apo_32C,Plate 10,Apo,B4,32C (heat stress),Apo_32,1,"9 dpl

08.06.2025",9,0,day_9
Plate 10_B4_Apo_32C,Plate 10,Apo,B4,32C (heat stress),Apo_32,1,"10 dpl

08.07.2025",10,0,day_10
Plate 10_B4_Apo_32C,Plate 10,Apo,B4,32C (heat stress),Apo_32,1,"11 dpl

08.08.2025",11,0,day_11
Plate 10_B4_Apo_32C,Plate 10,Apo,B4,32C (heat stress),Apo_32,1,"13 dpl

08.10.2025",13,na,day_13
Plate 10_B4_Apo_32C,Plate 10,Apo,B4,32C (heat stress),Apo_32,1,"14 dpl

08.11.2025",14,na,day_14
Plate 10_B4_Apo_32C,Plate 10,Apo,B4,32C (heat stress),Apo_32,1,21 dpl,21,na,day_21
Plate 10_B5_Apo_32C,Plate 10,Apo,B5,32C (heat stress),Apo_32,1,"0 dpi

07.28.2025",0,0,day_0
Plate 10_B5_Apo_32C,Plate 10,Apo,B5,32C (heat stress),Apo_32,1,"3 dpl

07.31.2025",3,0,day_3
Plate 10_B5_Apo_32C,Plate 10,Apo,B5,32C (heat stress),Apo_32,1,"4 dpl

08.01.2025",4,0,day_4
Plate 10_B5_Apo_32C,Plate 10,Apo,B5,32C (heat stress),Apo_32,1,"5 dpl

08.02.2025",5,edu,day_5
Plate 10_B5_Apo_32C,Plate 10,Apo,B5,32C (heat stress),Apo_32,1,"6 dpl

08.03. 2025",6,edu,day_6
Plate 10_B5_Apo_32C,Plate 10,Apo,B5,32C (heat stress),Apo_32,1,"7 dpl

08.04.2025",7,edu,day_7
Plate 10_B5_Apo_32C,Plate 10,Apo,B5,32C (heat stress),Apo_32,1,"8 dpl

08.05.2025",8,edu,day_8
Plate 10_B5_Apo_32C,Plate 10,Apo,B5,32C (heat stress),Apo_32,1,"9 dpl

08.06.2025",9,edu,day_9
Plate 10_B5_Apo_32C,Plate 10,Apo,B5,32C (heat stress),Apo_32,1,"10 dpl

08.07.2025",10,edu,day_10
Plate 10_B5_Apo_32C,Plate 10,Apo,B5,32C (heat stress),Apo_32,1,"11 dpl

08.08.2025",11,edu,day_11
Plate 10_B5_Apo_32C,Plate 10,Apo,B5,32C (heat stress),Apo_32,1,"13 dpl

08.10.2025",13,edu,day_13
Plate 10_B5_Apo_32C,Plate 10,Apo,B5,32C (heat stress),Apo_32,1,"14 dpl

08.11.2025",14,edu,day_14
Plate 10_B5_Apo_32C,Plate 10,Apo,B5,32C (heat stress),Apo_32,1,21 dpl,21,edu,day_21
Plate 10_B6_Apo_32C,Plate 10,Apo,B6,32C (heat stress),Apo_32,1,"0 dpi

07.28.2025",0,0,day_0
Plate 10_B6_Apo_32C,Plate 10,Apo,B6,32C (heat stress),Apo_32,1,"3 dpl

07.31.2025",3,0,day_3
Plate 10_B6_Apo_32C,Plate 10,Apo,B6,32C (heat stress),Apo_32,1,"4 dpl

08.01.2025",4,0,day_4
Plate 10_B6_Apo_32C,Plate 10,Apo,B6,32C (heat stress),Apo_32,1,"5 dpl

08.02.2025",5,edu,day_5
Plate 10_B6_Apo_32C,Plate 10,Apo,B6,32C (heat stress),Apo_32,1,"6 dpl

08.03. 2025",6,edu,day_6
Plate 10_B6_Apo_32C,Plate 10,Apo,B6,32C (heat stress),Apo_32,1,"7 dpl

08.04.2025",7,edu,day_7
Plate 10_B6_Apo_32C,Plate 10,Apo,B6,32C (heat stress),Apo_32,1,"8 dpl

08.05.2025",8,edu,day_8
Plate 10_B6_Apo_32C,Plate 10,Apo,B6,32C (heat stress),Apo_32,1,"9 dpl

08.06.2025",9,edu,day_9
Plate 10_B6_Apo_32C,Plate 10,Apo,B6,32C (heat stress),Apo_32,1,"10 dpl

08.07.2025",10,edu,day_10
Plate 10_B6_Apo_32C,Plate 10,Apo,B6,32C (heat stress),Apo_32,1,"11 dpl

08.08.2025",11,edu,day_11
Plate 10_B6_Apo_32C,Plate 10,Apo,B6,32C (heat stress),Apo_32,1,"13 dpl

08.10.2025",13,edu,day_13
Plate 10_B6_Apo_32C,Plate 10,Apo,B6,32C (heat stress),Apo_32,1,"14 dpl

08.11.2025",14,edu,day_14
Plate 10_B6_Apo_32C,Plate 10,Apo,B6,32C (heat stress),Apo_32,1,21 dpl,21,edu,day_21
Plate 10_C1_Apo_32C,Plate 10,Apo,C1,32C (heat stress),Apo_32,1,"0 dpi

07.28.2025",0,0,day_0
Plate 10_C1_Apo_32C,Plate 10,Apo,C1,32C (heat stress),Apo_32,1,"3 dpl

07.31.2025",3,0,day_3
Plate 10_C1_Apo_32C,Plate 10,Apo,C1,32C (heat stress),Apo_32,1,"4 dpl

08.01.2025",4,0,day_4
Plate 10_C1_Apo_32C,Plate 10,Apo,C1,32C (heat stress),Apo_32,1,"5 dpl

08.02.2025",5,0,day_5
Plate 10_C1_Apo_32C,Plate 10,Apo,C1,32C (heat stress),Apo_32,1,"6 dpl

08.03. 2025",6,0,day_6
Plate 10_C1_Apo_32C,Plate 10,Apo,C1,32C (heat stress),Apo_32,1,"7 dpl

08.04.2025",7,0,day_7
Plate 10_C1_Apo_32C,Plate 10,Apo,C1,32C (heat stress),Apo_32,1,"8 dpl

08.05.2025",8,?,day_8
Plate 10_C1_Apo_32C,Plate 10,Apo,C1,32C (heat stress),Apo_32,1,"9 dpl

08.06.2025",9,na,day_9
Plate 10_C1_Apo_32C,Plate 10,Apo,C1,32C (heat stress),Apo_32,1,"10 dpl

08.07.2025",10,na,day_10
Plate 10_C1_Apo_32C,Plate 10,Apo,C1,32C (heat stress),Apo_32,1,"11 dpl

08.08.2025",11,na,day_11
Plate 10_C1_Apo_32C,Plate 10,Apo,C1,32C (heat stress),Apo_32,1,"13 dpl

08.10.2025",13,na,day_13
Plate 10_C1_Apo_32C,Plate 10,Apo,C1,32C (heat stress),Apo_32,1,"14 dpl

08.11.2025",14,na,day_14
Plate 10_C1_Apo_32C,Plate 10,Apo,C1,32C (heat stress),Apo_32,1,21 dpl,21,na,day_21
Plate 10_C2_Apo_32C,Plate 10,Apo,C2,32C (heat stress),Apo_32,1,"0 dpi

07.28.2025",0,0,day_0
Plate 10_C2_Apo_32C,Plate 10,Apo,C2,32C (heat stress),Apo_32,1,"3 dpl

07.31.2025",3,0,day_3
Plate 10_C2_Apo_32C,Plate 10,Apo,C2,32C (heat stress),Apo_32,1,"4 dpl

08.01.2025",4,0,day_4
Plate 10_C2_Apo_32C,Plate 10,Apo,C2,32C (heat stress),Apo_32,1,"5 dpl

08.02.2025",5,0,day_5
Plate 10_C2_Apo_32C,Plate 10,Apo,C2,32C (heat stress),Apo_32,1,"6 dpl

08.03. 2025",6,0,day_6
Plate 10_C2_Apo_32C,Plate 10,Apo,C2,32C (heat stress),Apo_32,1,"7 dpl

08.04.2025",7,0,day_7
Plate 10_C2_Apo_32C,Plate 10,Apo,C2,32C (heat stress),Apo_32,1,"8 dpl

08.05.2025",8,?,day_8
Plate 10_C2_Apo_32C,Plate 10,Apo,C2,32C (heat stress),Apo_32,1,"9 dpl

08.06.2025",9,na,day_9
Plate 10_C2_Apo_32C,Plate 10,Apo,C2,32C (heat stress),Apo_32,1,"10 dpl

08.07.2025",10,na,day_10
Plate 10_C2_Apo_32C,Plate 10,Apo,C2,32C (heat stress),Apo_32,1,"11 dpl

08.08.2025",11,na,day_11
Plate 10_C2_Apo_32C,Plate 10,Apo,C2,32C (heat stress),Apo_32,1,"13 dpl

08.10.2025",13,na,day_13
Plate 10_C2_Apo_32C,Plate 10,Apo,C2,32C (heat stress),Apo_32,1,"14 dpl

08.11.2025",14,na,day_14
Plate 10_C2_Apo_32C,Plate 10,Apo,C2,32C (heat stress),Apo_32,1,21 dpl,21,na,day_21
Plate 10_C3_Apo_32C,Plate 10,Apo,C3,32C (heat stress),Apo_32,1,"0 dpi

07.28.2025",0,0,day_0
Plate 10_C3_Apo_32C,Plate 10,Apo,C3,32C (heat stress),Apo_32,1,"3 dpl

07.31.2025",3,0,day_3
Plate 10_C3_Apo_32C,Plate 10,Apo,C3,32C (heat stress),Apo_32,1,"4 dpl

08.01.2025",4,0,day_4
Plate 10_C3_Apo_32C,Plate 10,Apo,C3,32C (heat stress),Apo_32,1,"5 dpl

08.02.2025",5,0,day_5
Plate 10_C3_Apo_32C,Plate 10,Apo,C3,32C (heat stress),Apo_32,1,"6 dpl

08.03. 2025",6,0,day_6
Plate 10_C3_Apo_32C,Plate 10,Apo,C3,32C (heat stress),Apo_32,1,"7 dpl

08.04.2025",7,0,day_7
Plate 10_C3_Apo_32C,Plate 10,Apo,C3,32C (heat stress),Apo_32,1,"8 dpl

08.05.2025",8,0,day_8
Plate 10_C3_Apo_32C,Plate 10,Apo,C3,32C (heat stress),Apo_32,1,"9 dpl

08.06.2025",9,0,day_9
Plate 10_C3_Apo_32C,Plate 10,Apo,C3,32C (heat stress),Apo_32,1,"10 dpl

08.07.2025",10,0,day_10
Plate 10_C3_Apo_32C,Plate 10,Apo,C3,32C (heat stress),Apo_32,1,"11 dpl

08.08.2025",11,0,day_11
Plate 10_C3_Apo_32C,Plate 10,Apo,C3,32C (heat stress),Apo_32,1,"13 dpl

08.10.2025",13,0,day_13
Plate 10_C3_Apo_32C,Plate 10,Apo,C3,32C (heat stress),Apo_32,1,"14 dpl

08.11.2025",14,na,day_14
Plate 10_C3_Apo_32C,Plate 10,Apo,C3,32C (heat stress),Apo_32,1,21 dpl,21,na,day_21
Plate 10_C4_Apo_32C,Plate 10,Apo,C4,32C (heat stress),Apo_32,1,"0 dpi

07.28.2025",0,0,day_0
Plate 10_C4_Apo_32C,Plate 10,Apo,C4,32C (heat stress),Apo_32,1,"3 dpl

07.31.2025",3,0,day_3
Plate 10_C4_Apo_32C,Plate 10,Apo,C4,32C (heat stress),Apo_32,1,"4 dpl

08.01.2025",4,0,day_4
Plate 10_C4_Apo_32C,Plate 10,Apo,C4,32C (heat stress),Apo_32,1,"5 dpl

08.02.2025",5,0,day_5
Plate 10_C4_Apo_32C,Plate 10,Apo,C4,32C (heat stress),Apo_32,1,"6 dpl

08.03. 2025",6,0,day_6
Plate 10_C4_Apo_32C,Plate 10,Apo,C4,32C (heat stress),Apo_32,1,"7 dpl

08.04.2025",7,0,day_7
Plate 10_C4_Apo_32C,Plate 10,Apo,C4,32C (heat stress),Apo_32,1,"8 dpl

08.05.2025",8,0,day_8
Plate 10_C4_Apo_32C,Plate 10,Apo,C4,32C (heat stress),Apo_32,1,"9 dpl

08.06.2025",9,0,day_9
Plate 10_C4_Apo_32C,Plate 10,Apo,C4,32C (heat stress),Apo_32,1,"10 dpl

08.07.2025",10,0,day_10
Plate 10_C4_Apo_32C,Plate 10,Apo,C4,32C (heat stress),Apo_32,1,"11 dpl

08.08.2025",11,0,day_11
Plate 10_C4_Apo_32C,Plate 10,Apo,C4,32C (heat stress),Apo_32,1,"13 dpl

08.10.2025",13,na,day_13
Plate 10_C4_Apo_32C,Plate 10,Apo,C4,32C (heat stress),Apo_32,1,"14 dpl

08.11.2025",14,na,day_14
Plate 10_C4_Apo_32C,Plate 10,Apo,C4,32C (heat stress),Apo_32,1,21 dpl,21,na,day_21
Plate 10_C5_Apo_32C,Plate 10,Apo,C5,32C (heat stress),Apo_32,1,"0 dpi

07.28.2025",0,0,day_0
Plate 10_C5_Apo_32C,Plate 10,Apo,C5,32C (heat stress),Apo_32,1,"3 dpl

07.31.2025",3,0,day_3
Plate 10_C5_Apo_32C,Plate 10,Apo,C5,32C (heat stress),Apo_32,1,"4 dpl

08.01.2025",4,0,day_4
Plate 10_C5_Apo_32C,Plate 10,Apo,C5,32C (heat stress),Apo_32,1,"5 dpl

08.02.2025",5,0,day_5
Plate 10_C5_Apo_32C,Plate 10,Apo,C5,32C (heat stress),Apo_32,1,"6 dpl

08.03. 2025",6,0,day_6
Plate 10_C5_Apo_32C,Plate 10,Apo,C5,32C (heat stress),Apo_32,1,"7 dpl

08.04.2025",7,na,day_7
Plate 10_C5_Apo_32C,Plate 10,Apo,C5,32C (heat stress),Apo_32,1,"8 dpl

08.05.2025",8,na,day_8
Plate 10_C5_Apo_32C,Plate 10,Apo,C5,32C (heat stress),Apo_32,1,"9 dpl

08.06.2025",9,na,day_9
Plate 10_C5_Apo_32C,Plate 10,Apo,C5,32C (heat stress),Apo_32,1,"10 dpl

08.07.2025",10,na,day_10
Plate 10_C5_Apo_32C,Plate 10,Apo,C5,32C (heat stress),Apo_32,1,"11 dpl

08.08.2025",11,na,day_11
Plate 10_C5_Apo_32C,Plate 10,Apo,C5,32C (heat stress),Apo_32,1,"13 dpl

08.10.2025",13,na,day_13
Plate 10_C5_Apo_32C,Plate 10,Apo,C5,32C (heat stress),Apo_32,1,"14 dpl

08.11.2025",14,na,day_14
Plate 10_C5_Apo_32C,Plate 10,Apo,C5,32C (heat stress),Apo_32,1,21 dpl,21,na,day_21
Plate 10_C6_Apo_32C,Plate 10,Apo,C6,32C (heat stress),Apo_32,1,"0 dpi

07.28.2025",0,0,day_0
Plate 10_C6_Apo_32C,Plate 10,Apo,C6,32C (heat stress),Apo_32,1,"3 dpl

07.31.2025",3,na,day_3
Plate 10_C6_Apo_32C,Plate 10,Apo,C6,32C (heat stress),Apo_32,1,"4 dpl

08.01.2025",4,na,day_4
Plate 10_C6_Apo_32C,Plate 10,Apo,C6,32C (heat stress),Apo_32,1,"5 dpl

08.02.2025",5,na,day_5
Plate 10_C6_Apo_32C,Plate 10,Apo,C6,32C (heat stress),Apo_32,1,"6 dpl

08.03. 2025",6,na,day_6
Plate 10_C6_Apo_32C,Plate 10,Apo,C6,32C (heat stress),Apo_32,1,"7 dpl

08.04.2025",7,na,day_7
Plate 10_C6_Apo_32C,Plate 10,Apo,C6,32C (heat stress),Apo_32,1,"8 dpl

08.05.2025",8,na,day_8
Plate 10_C6_Apo_32C,Plate 10,Apo,C6,32C (heat stress),Apo_32,1,"9 dpl

08.06.2025",9,na,day_9
Plate 10_C6_Apo_32C,Plate 10,Apo,C6,32C (heat stress),Apo_32,1,"10 dpl

08.07.2025",10,na,day_10
Plate 10_C6_Apo_32C,Plate 10,Apo,C6,32C (heat stress),Apo_32,1,"11 dpl

08.08.2025",11,na,day_11
Plate 10_C6_Apo_32C,Plate 10,Apo,C6,32C (heat stress),Apo_32,1,"13 dpl

08.10.2025",13,na,day_13
Plate 10_C6_Apo_32C,Plate 10,Apo,C6,32C (heat stress),Apo_32,1,"14 dpl

08.11.2025",14,na,day_14
Plate 10_C6_Apo_32C,Plate 10,Apo,C6,32C (heat stress),Apo_32,1,21 dpl,21,na,day_21
Plate 10_D1_Apo_32C,Plate 10,Apo,D1,32C (heat stress),Apo_32,1,"0 dpi

07.28.2025",0,0,day_0
Plate 10_D1_Apo_32C,Plate 10,Apo,D1,32C (heat stress),Apo_32,1,"3 dpl

07.31.2025",3,0,day_3
Plate 10_D1_Apo_32C,Plate 10,Apo,D1,32C (heat stress),Apo_32,1,"4 dpl

08.01.2025",4,0,day_4
Plate 10_D1_Apo_32C,Plate 10,Apo,D1,32C (heat stress),Apo_32,1,"5 dpl

08.02.2025",5,0,day_5
Plate 10_D1_Apo_32C,Plate 10,Apo,D1,32C (heat stress),Apo_32,1,"6 dpl

08.03. 2025",6,0,day_6
Plate 10_D1_Apo_32C,Plate 10,Apo,D1,32C (heat stress),Apo_32,1,"7 dpl

08.04.2025",7,0,day_7
Plate 10_D1_Apo_32C,Plate 10,Apo,D1,32C (heat stress),Apo_32,1,"8 dpl

08.05.2025",8,0,day_8
Plate 10_D1_Apo_32C,Plate 10,Apo,D1,32C (heat stress),Apo_32,1,"9 dpl

08.06.2025",9,0,day_9
Plate 10_D1_Apo_32C,Plate 10,Apo,D1,32C (heat stress),Apo_32,1,"10 dpl

08.07.2025",10,0,day_10
Plate 10_D1_Apo_32C,Plate 10,Apo,D1,32C (heat stress),Apo_32,1,"11 dpl

08.08.2025",11,0,day_11
Plate 10_D1_Apo_32C,Plate 10,Apo,D1,32C (heat stress),Apo_32,1,"13 dpl

08.10.2025",13,0,day_13
Plate 10_D1_Apo_32C,Plate 10,Apo,D1,32C (heat stress),Apo_32,1,"14 dpl

08.11.2025",14,na,day_14
Plate 10_D1_Apo_32C,Plate 10,Apo,D1,32C (heat stress),Apo_32,1,21 dpl,21,na,day_21
Plate 10_D2_Apo_32C,Plate 10,Apo,D2,32C (heat stress),Apo_32,1,"0 dpi

07.28.2025",0,0,day_0
Plate 10_D2_Apo_32C,Plate 10,Apo,D2,32C (heat stress),Apo_32,1,"3 dpl

07.31.2025",3,0,day_3
Plate 10_D2_Apo_32C,Plate 10,Apo,D2,32C (heat stress),Apo_32,1,"4 dpl

08.01.2025",4,0,day_4
Plate 10_D2_Apo_32C,Plate 10,Apo,D2,32C (heat stress),Apo_32,1,"5 dpl

08.02.2025",5,0,day_5
Plate 10_D2_Apo_32C,Plate 10,Apo,D2,32C (heat stress),Apo_32,1,"6 dpl

08.03. 2025",6,0,day_6
Plate 10_D2_Apo_32C,Plate 10,Apo,D2,32C (heat stress),Apo_32,1,"7 dpl

08.04.2025",7,0,day_7
Plate 10_D2_Apo_32C,Plate 10,Apo,D2,32C (heat stress),Apo_32,1,"8 dpl

08.05.2025",8,edu,day_8
Plate 10_D2_Apo_32C,Plate 10,Apo,D2,32C (heat stress),Apo_32,1,"9 dpl

08.06.2025",9,edu,day_9
Plate 10_D2_Apo_32C,Plate 10,Apo,D2,32C (heat stress),Apo_32,1,"10 dpl

08.07.2025",10,edu,day_10
Plate 10_D2_Apo_32C,Plate 10,Apo,D2,32C (heat stress),Apo_32,1,"11 dpl

08.08.2025",11,edu,day_11
Plate 10_D2_Apo_32C,Plate 10,Apo,D2,32C (heat stress),Apo_32,1,"13 dpl

08.10.2025",13,edu,day_13
Plate 10_D2_Apo_32C,Plate 10,Apo,D2,32C (heat stress),Apo_32,1,"14 dpl

08.11.2025",14,edu,day_14
Plate 10_D2_Apo_32C,Plate 10,Apo,D2,32C (heat stress),Apo_32,1,21 dpl,21,edu,day_21
Plate 10_D3_Apo_32C,Plate 10,Apo,D3,32C (heat stress),Apo_32,1,"0 dpi

07.28.2025",0,0,day_0
Plate 10_D3_Apo_32C,Plate 10,Apo,D3,32C (heat stress),Apo_32,1,"3 dpl

07.31.2025",3,0,day_3
Plate 10_D3_Apo_32C,Plate 10,Apo,D3,32C (heat stress),Apo_32,1,"4 dpl

08.01.2025",4,0,day_4
Plate 10_D3_Apo_32C,Plate 10,Apo,D3,32C (heat stress),Apo_32,1,"5 dpl

08.02.2025",5,0,day_5
Plate 10_D3_Apo_32C,Plate 10,Apo,D3,32C (heat stress),Apo_32,1,"6 dpl

08.03. 2025",6,0,day_6
Plate 10_D3_Apo_32C,Plate 10,Apo,D3,32C (heat stress),Apo_32,1,"7 dpl

08.04.2025",7,0,day_7
Plate 10_D3_Apo_32C,Plate 10,Apo,D3,32C (heat stress),Apo_32,1,"8 dpl

08.05.2025",8,edu,day_8
Plate 10_D3_Apo_32C,Plate 10,Apo,D3,32C (heat stress),Apo_32,1,"9 dpl

08.06.2025",9,edu,day_9
Plate 10_D3_Apo_32C,Plate 10,Apo,D3,32C (heat stress),Apo_32,1,"10 dpl

08.07.2025",10,edu,day_10
Plate 10_D3_Apo_32C,Plate 10,Apo,D3,32C (heat stress),Apo_32,1,"11 dpl

08.08.2025",11,edu,day_11
Plate 10_D3_Apo_32C,Plate 10,Apo,D3,32C (heat stress),Apo_32,1,"13 dpl

08.10.2025",13,edu,day_13
Plate 10_D3_Apo_32C,Plate 10,Apo,D3,32C (heat stress),Apo_32,1,"14 dpl

08.11.2025",14,edu,day_14
Plate 10_D3_Apo_32C,Plate 10,Apo,D3,32C (heat stress),Apo_32,1,21 dpl,21,edu,day_21
Plate 10_D4_Apo_32C,Plate 10,Apo,D4,32C (heat stress),Apo_32,1,"0 dpi

07.28.2025",0,0,day_0
Plate 10_D4_Apo_32C,Plate 10,Apo,D4,32C (heat stress),Apo_32,1,"3 dpl

07.31.2025",3,0,day_3
Plate 10_D4_Apo_32C,Plate 10,Apo,D4,32C (heat stress),Apo_32,1,"4 dpl

08.01.2025",4,0,day_4
Plate 10_D4_Apo_32C,Plate 10,Apo,D4,32C (heat stress),Apo_32,1,"5 dpl

08.02.2025",5,5,day_5
Plate 10_D4_Apo_32C,Plate 10,Apo,D4,32C (heat stress),Apo_32,1,"6 dpl

08.03. 2025",6,5,day_6
Plate 10_D4_Apo_32C,Plate 10,Apo,D4,32C (heat stress),Apo_32,1,"7 dpl

08.04.2025",7,0,day_7
Plate 10_D4_Apo_32C,Plate 10,Apo,D4,32C (heat stress),Apo_32,1,"8 dpl

08.05.2025",8,edu,day_8
Plate 10_D4_Apo_32C,Plate 10,Apo,D4,32C (heat stress),Apo_32,1,"9 dpl

08.06.2025",9,edu,day_9
Plate 10_D4_Apo_32C,Plate 10,Apo,D4,32C (heat stress),Apo_32,1,"10 dpl

08.07.2025",10,edu,day_10
Plate 10_D4_Apo_32C,Plate 10,Apo,D4,32C (heat stress),Apo_32,1,"11 dpl

08.08.2025",11,edu,day_11
Plate 10_D4_Apo_32C,Plate 10,Apo,D4,32C (heat stress),Apo_32,1,"13 dpl

08.10.2025",13,edu,day_13
Plate 10_D4_Apo_32C,Plate 10,Apo,D4,32C (heat stress),Apo_32,1,"14 dpl

08.11.2025",14,edu,day_14
Plate 10_D4_Apo_32C,Plate 10,Apo,D4,32C (heat stress),Apo_32,1,21 dpl,21,edu,day_21
Plate 10_D5_Apo_32C,Plate 10,Apo,D5,32C (heat stress),Apo_32,1,"0 dpi

07.28.2025",0,0,day_0
Plate 10_D5_Apo_32C,Plate 10,Apo,D5,32C (heat stress),Apo_32,1,"3 dpl

07.31.2025",3,0,day_3
Plate 10_D5_Apo_32C,Plate 10,Apo,D5,32C (heat stress),Apo_32,1,"4 dpl

08.01.2025",4,0,day_4
Plate 10_D5_Apo_32C,Plate 10,Apo,D5,32C (heat stress),Apo_32,1,"5 dpl

08.02.2025",5,0,day_5
Plate 10_D5_Apo_32C,Plate 10,Apo,D5,32C (heat stress),Apo_32,1,"6 dpl

08.03. 2025",6,1,day_6
Plate 10_D5_Apo_32C,Plate 10,Apo,D5,32C (heat stress),Apo_32,1,"7 dpl

08.04.2025",7,1,day_7
Plate 10_D5_Apo_32C,Plate 10,Apo,D5,32C (heat stress),Apo_32,1,"8 dpl

08.05.2025",8,edu,day_8
Plate 10_D5_Apo_32C,Plate 10,Apo,D5,32C (heat stress),Apo_32,1,"9 dpl

08.06.2025",9,edu,day_9
Plate 10_D5_Apo_32C,Plate 10,Apo,D5,32C (heat stress),Apo_32,1,"10 dpl

08.07.2025",10,edu,day_10
Plate 10_D5_Apo_32C,Plate 10,Apo,D5,32C (heat stress),Apo_32,1,"11 dpl

08.08.2025",11,edu,day_11
Plate 10_D5_Apo_32C,Plate 10,Apo,D5,32C (heat stress),Apo_32,1,"13 dpl

08.10.2025",13,edu,day_13
Plate 10_D5_Apo_32C,Plate 10,Apo,D5,32C (heat stress),Apo_32,1,"14 dpl

08.11.2025",14,edu,day_14
Plate 10_D5_Apo_32C,Plate 10,Apo,D5,32C (heat stress),Apo_32,1,21 dpl,21,edu,day_21
Plate 10_D6_Apo_32C,Plate 10,Apo,D6,32C (heat stress),Apo_32,1,"0 dpi

07.28.2025",0,0,day_0
Plate 10_D6_Apo_32C,Plate 10,Apo,D6,32C (heat stress),Apo_32,1,"3 dpl

07.31.2025",3,na,day_3
Plate 10_D6_Apo_32C,Plate 10,Apo,D6,32C (heat stress),Apo_32,1,"4 dpl

08.01.2025",4,na,day_4
Plate 10_D6_Apo_32C,Plate 10,Apo,D6,32C (heat stress),Apo_32,1,"5 dpl

08.02.2025",5,na,day_5
Plate 10_D6_Apo_32C,Plate 10,Apo,D6,32C (heat stress),Apo_32,1,"6 dpl

08.03. 2025",6,na,day_6
Plate 10_D6_Apo_32C,Plate 10,Apo,D6,32C (heat stress),Apo_32,1,"7 dpl

08.04.2025",7,na,day_7
Plate 10_D6_Apo_32C,Plate 10,Apo,D6,32C (heat stress),Apo_32,1,"8 dpl

08.05.2025",8,na,day_8
Plate 10_D6_Apo_32C,Plate 10,Apo,D6,32C (heat stress),Apo_32,1,"9 dpl

08.06.2025",9,na,day_9
Plate 10_D6_Apo_32C,Plate 10,Apo,D6,32C (heat stress),Apo_32,1,"10 dpl

08.07.2025",10,na,day_10
Plate 10_D6_Apo_32C,Plate 10,Apo,D6,32C (heat stress),Apo_32,1,"11 dpl

08.08.2025",11,na,day_11
Plate 10_D6_Apo_32C,Plate 10,Apo,D6,32C (heat stress),Apo_32,1,"13 dpl

08.10.2025",13,na,day_13
Plate 10_D6_Apo_32C,Plate 10,Apo,D6,32C (heat stress),Apo_32,1,"14 dpl

08.11.2025",14,na,day_14
Plate 10_D6_Apo_32C,Plate 10,Apo,D6,32C (heat stress),Apo_32,1,21 dpl,21,na,day_21
Plate 11_A1_Inoc_25C,Plate 11,Inoc,A1,25C (ambient),Inoc_25,1,"0 dpi

07.28.2025",0,0,day_0
Plate 11_A1_Inoc_25C,Plate 11,Inoc,A1,25C (ambient),Inoc_25,1,"3 dpl

07.31.2025",3,na,day_3
Plate 11_A1_Inoc_25C,Plate 11,Inoc,A1,25C (ambient),Inoc_25,1,"4 dpl

08.01.2025",4,na,day_4
Plate 11_A1_Inoc_25C,Plate 11,Inoc,A1,25C (ambient),Inoc_25,1,"5 dpl

08.02.2025",5,na,day_5
Plate 11_A1_Inoc_25C,Plate 11,Inoc,A1,25C (ambient),Inoc_25,1,"6 dpl

08.03. 2025",6,na,day_6
Plate 11_A1_Inoc_25C,Plate 11,Inoc,A1,25C (ambient),Inoc_25,1,"7 dpl

08.04.2025",7,na,day_7
Plate 11_A1_Inoc_25C,Plate 11,Inoc,A1,25C (ambient),Inoc_25,1,"8 dpl

08.05.2025",8,na,day_8
Plate 11_A1_Inoc_25C,Plate 11,Inoc,A1,25C (ambient),Inoc_25,1,"9 dpl

08.06.2025",9,na,day_9
Plate 11_A1_Inoc_25C,Plate 11,Inoc,A1,25C (ambient),Inoc_25,1,"10 dpl

08.07.2025",10,na,day_10
Plate 11_A1_Inoc_25C,Plate 11,Inoc,A1,25C (ambient),Inoc_25,1,"11 dpl

08.08.2025",11,na,day_11
Plate 11_A1_Inoc_25C,Plate 11,Inoc,A1,25C (ambient),Inoc_25,1,"13 dpl

08.10.2025",13,na,day_13
Plate 11_A1_Inoc_25C,Plate 11,Inoc,A1,25C (ambient),Inoc_25,1,"14 dpl

08.11.2025",14,na,day_14
Plate 11_A1_Inoc_25C,Plate 11,Inoc,A1,25C (ambient),Inoc_25,1,21 dpl,21,na,day_21
Plate 11_A2_Inoc_25C,Plate 11,Inoc,A2,25C (ambient),Inoc_25,1,"0 dpi

07.28.2025",0,0,day_0
Plate 11_A2_Inoc_25C,Plate 11,Inoc,A2,25C (ambient),Inoc_25,1,"3 dpl

07.31.2025",3,0,day_3
Plate 11_A2_Inoc_25C,Plate 11,Inoc,A2,25C (ambient),Inoc_25,1,"4 dpl

08.01.2025",4,0,day_4
Plate 11_A2_Inoc_25C,Plate 11,Inoc,A2,25C (ambient),Inoc_25,1,"5 dpl

08.02.2025",5,0,day_5
Plate 11_A2_Inoc_25C,Plate 11,Inoc,A2,25C (ambient),Inoc_25,1,"6 dpl

08.03. 2025",6,0,day_6
Plate 11_A2_Inoc_25C,Plate 11,Inoc,A2,25C (ambient),Inoc_25,1,"7 dpl

08.04.2025",7,0,day_7
Plate 11_A2_Inoc_25C,Plate 11,Inoc,A2,25C (ambient),Inoc_25,1,"8 dpl

08.05.2025",8,0,day_8
Plate 11_A2_Inoc_25C,Plate 11,Inoc,A2,25C (ambient),Inoc_25,1,"9 dpl

08.06.2025",9,0,day_9
Plate 11_A2_Inoc_25C,Plate 11,Inoc,A2,25C (ambient),Inoc_25,1,"10 dpl

08.07.2025",10,0,day_10
Plate 11_A2_Inoc_25C,Plate 11,Inoc,A2,25C (ambient),Inoc_25,1,"11 dpl

08.08.2025",11,0,day_11
Plate 11_A2_Inoc_25C,Plate 11,Inoc,A2,25C (ambient),Inoc_25,1,"13 dpl

08.10.2025",13,1,day_13
Plate 11_A2_Inoc_25C,Plate 11,Inoc,A2,25C (ambient),Inoc_25,1,"14 dpl

08.11.2025",14,1,day_14
Plate 11_A2_Inoc_25C,Plate 11,Inoc,A2,25C (ambient),Inoc_25,1,21 dpl,21,1,day_21
Plate 11_A3_Inoc_25C,Plate 11,Inoc,A3,25C (ambient),Inoc_25,1,"0 dpi

07.28.2025",0,0,day_0
Plate 11_A3_Inoc_25C,Plate 11,Inoc,A3,25C (ambient),Inoc_25,1,"3 dpl

07.31.2025",3,0,day_3
Plate 11_A3_Inoc_25C,Plate 11,Inoc,A3,25C (ambient),Inoc_25,1,"4 dpl

08.01.2025",4,0,day_4
Plate 11_A3_Inoc_25C,Plate 11,Inoc,A3,25C (ambient),Inoc_25,1,"5 dpl

08.02.2025",5,0,day_5
Plate 11_A3_Inoc_25C,Plate 11,Inoc,A3,25C (ambient),Inoc_25,1,"6 dpl

08.03. 2025",6,0,day_6
Plate 11_A3_Inoc_25C,Plate 11,Inoc,A3,25C (ambient),Inoc_25,1,"7 dpl

08.04.2025",7,0,day_7
Plate 11_A3_Inoc_25C,Plate 11,Inoc,A3,25C (ambient),Inoc_25,1,"8 dpl

08.05.2025",8,0,day_8
Plate 11_A3_Inoc_25C,Plate 11,Inoc,A3,25C (ambient),Inoc_25,1,"9 dpl

08.06.2025",9,6,day_9
Plate 11_A3_Inoc_25C,Plate 11,Inoc,A3,25C (ambient),Inoc_25,1,"10 dpl

08.07.2025",10,8,day_10
Plate 11_A3_Inoc_25C,Plate 11,Inoc,A3,25C (ambient),Inoc_25,1,"11 dpl

08.08.2025",11,8,day_11
Plate 11_A3_Inoc_25C,Plate 11,Inoc,A3,25C (ambient),Inoc_25,1,"13 dpl

08.10.2025",13,8,day_13
Plate 11_A3_Inoc_25C,Plate 11,Inoc,A3,25C (ambient),Inoc_25,1,"14 dpl

08.11.2025",14,9,day_14
Plate 11_A3_Inoc_25C,Plate 11,Inoc,A3,25C (ambient),Inoc_25,1,21 dpl,21,9,day_21
Plate 11_A3_Inoc_25C,Plate 11,Inoc,A3,25C (ambient),Inoc_25,2,"0 dpi

07.28.2025",0,0,day_0
Plate 11_A3_Inoc_25C,Plate 11,Inoc,A3,25C (ambient),Inoc_25,2,"3 dpl

07.31.2025",3,0,day_3
Plate 11_A3_Inoc_25C,Plate 11,Inoc,A3,25C (ambient),Inoc_25,2,"4 dpl

08.01.2025",4,0,day_4
Plate 11_A3_Inoc_25C,Plate 11,Inoc,A3,25C (ambient),Inoc_25,2,"5 dpl

08.02.2025",5,na,day_5
Plate 11_A3_Inoc_25C,Plate 11,Inoc,A3,25C (ambient),Inoc_25,2,"6 dpl

08.03. 2025",6,na,day_6
Plate 11_A3_Inoc_25C,Plate 11,Inoc,A3,25C (ambient),Inoc_25,2,"7 dpl

08.04.2025",7,na,day_7
Plate 11_A3_Inoc_25C,Plate 11,Inoc,A3,25C (ambient),Inoc_25,2,"8 dpl

08.05.2025",8,na,day_8
Plate 11_A3_Inoc_25C,Plate 11,Inoc,A3,25C (ambient),Inoc_25,2,"9 dpl

08.06.2025",9,na,day_9
Plate 11_A3_Inoc_25C,Plate 11,Inoc,A3,25C (ambient),Inoc_25,2,"10 dpl

08.07.2025",10,na,day_10
Plate 11_A3_Inoc_25C,Plate 11,Inoc,A3,25C (ambient),Inoc_25,2,"11 dpl

08.08.2025",11,na,day_11
Plate 11_A3_Inoc_25C,Plate 11,Inoc,A3,25C (ambient),Inoc_25,2,"13 dpl

08.10.2025",13,na,day_13
Plate 11_A3_Inoc_25C,Plate 11,Inoc,A3,25C (ambient),Inoc_25,2,"14 dpl

08.11.2025",14,na,day_14
Plate 11_A3_Inoc_25C,Plate 11,Inoc,A3,25C (ambient),Inoc_25,2,21 dpl,21,na,day_21
Plate 11_A4_Inoc_25C,Plate 11,Inoc,A4,25C (ambient),Inoc_25,1,"0 dpi

07.28.2025",0,0,day_0
Plate 11_A4_Inoc_25C,Plate 11,Inoc,A4,25C (ambient),Inoc_25,1,"3 dpl

07.31.2025",3,0,day_3
Plate 11_A4_Inoc_25C,Plate 11,Inoc,A4,25C (ambient),Inoc_25,1,"4 dpl

08.01.2025",4,0,day_4
Plate 11_A4_Inoc_25C,Plate 11,Inoc,A4,25C (ambient),Inoc_25,1,"5 dpl

08.02.2025",5,0,day_5
Plate 11_A4_Inoc_25C,Plate 11,Inoc,A4,25C (ambient),Inoc_25,1,"6 dpl

08.03. 2025",6,0,day_6
Plate 11_A4_Inoc_25C,Plate 11,Inoc,A4,25C (ambient),Inoc_25,1,"7 dpl

08.04.2025",7,0,day_7
Plate 11_A4_Inoc_25C,Plate 11,Inoc,A4,25C (ambient),Inoc_25,1,"8 dpl

08.05.2025",8,0,day_8
Plate 11_A4_Inoc_25C,Plate 11,Inoc,A4,25C (ambient),Inoc_25,1,"9 dpl

08.06.2025",9,0,day_9
Plate 11_A4_Inoc_25C,Plate 11,Inoc,A4,25C (ambient),Inoc_25,1,"10 dpl

08.07.2025",10,0,day_10
Plate 11_A4_Inoc_25C,Plate 11,Inoc,A4,25C (ambient),Inoc_25,1,"11 dpl

08.08.2025",11,0,day_11
Plate 11_A4_Inoc_25C,Plate 11,Inoc,A4,25C (ambient),Inoc_25,1,"13 dpl

08.10.2025",13,0,day_13
Plate 11_A4_Inoc_25C,Plate 11,Inoc,A4,25C (ambient),Inoc_25,1,"14 dpl

08.11.2025",14,0,day_14
Plate 11_A4_Inoc_25C,Plate 11,Inoc,A4,25C (ambient),Inoc_25,1,21 dpl,21,0,day_21
Plate 11_A4_Inoc_25C,Plate 11,Inoc,A4,25C (ambient),Inoc_25,2,"0 dpi

07.28.2025",0,0,day_0
Plate 11_A4_Inoc_25C,Plate 11,Inoc,A4,25C (ambient),Inoc_25,2,"3 dpl

07.31.2025",3,0,day_3
Plate 11_A4_Inoc_25C,Plate 11,Inoc,A4,25C (ambient),Inoc_25,2,"4 dpl

08.01.2025",4,na,day_4
Plate 11_A4_Inoc_25C,Plate 11,Inoc,A4,25C (ambient),Inoc_25,2,"5 dpl

08.02.2025",5,na,day_5
Plate 11_A4_Inoc_25C,Plate 11,Inoc,A4,25C (ambient),Inoc_25,2,"6 dpl

08.03. 2025",6,na,day_6
Plate 11_A4_Inoc_25C,Plate 11,Inoc,A4,25C (ambient),Inoc_25,2,"7 dpl

08.04.2025",7,na,day_7
Plate 11_A4_Inoc_25C,Plate 11,Inoc,A4,25C (ambient),Inoc_25,2,"8 dpl

08.05.2025",8,na,day_8
Plate 11_A4_Inoc_25C,Plate 11,Inoc,A4,25C (ambient),Inoc_25,2,"9 dpl

08.06.2025",9,na,day_9
Plate 11_A4_Inoc_25C,Plate 11,Inoc,A4,25C (ambient),Inoc_25,2,"10 dpl

08.07.2025",10,na,day_10
Plate 11_A4_Inoc_25C,Plate 11,Inoc,A4,25C (ambient),Inoc_25,2,"11 dpl

08.08.2025",11,na,day_11
Plate 11_A4_Inoc_25C,Plate 11,Inoc,A4,25C (ambient),Inoc_25,2,"13 dpl

08.10.2025",13,na,day_13
Plate 11_A4_Inoc_25C,Plate 11,Inoc,A4,25C (ambient),Inoc_25,2,"14 dpl

08.11.2025",14,na,day_14
Plate 11_A4_Inoc_25C,Plate 11,Inoc,A4,25C (ambient),Inoc_25,2,21 dpl,21,na,day_21
Plate 11_A5_Inoc_25C,Plate 11,Inoc,A5,25C (ambient),Inoc_25,1,"0 dpi

07.28.2025",0,0,day_0
Plate 11_A5_Inoc_25C,Plate 11,Inoc,A5,25C (ambient),Inoc_25,1,"3 dpl

07.31.2025",3,0,day_3
Plate 11_A5_Inoc_25C,Plate 11,Inoc,A5,25C (ambient),Inoc_25,1,"4 dpl

08.01.2025",4,0,day_4
Plate 11_A5_Inoc_25C,Plate 11,Inoc,A5,25C (ambient),Inoc_25,1,"5 dpl

08.02.2025",5,na,day_5
Plate 11_A5_Inoc_25C,Plate 11,Inoc,A5,25C (ambient),Inoc_25,1,"6 dpl

08.03. 2025",6,na,day_6
Plate 11_A5_Inoc_25C,Plate 11,Inoc,A5,25C (ambient),Inoc_25,1,"7 dpl

08.04.2025",7,na,day_7
Plate 11_A5_Inoc_25C,Plate 11,Inoc,A5,25C (ambient),Inoc_25,1,"8 dpl

08.05.2025",8,na,day_8
Plate 11_A5_Inoc_25C,Plate 11,Inoc,A5,25C (ambient),Inoc_25,1,"9 dpl

08.06.2025",9,na,day_9
Plate 11_A5_Inoc_25C,Plate 11,Inoc,A5,25C (ambient),Inoc_25,1,"10 dpl

08.07.2025",10,na,day_10
Plate 11_A5_Inoc_25C,Plate 11,Inoc,A5,25C (ambient),Inoc_25,1,"11 dpl

08.08.2025",11,na,day_11
Plate 11_A5_Inoc_25C,Plate 11,Inoc,A5,25C (ambient),Inoc_25,1,"13 dpl

08.10.2025",13,na,day_13
Plate 11_A5_Inoc_25C,Plate 11,Inoc,A5,25C (ambient),Inoc_25,1,"14 dpl

08.11.2025",14,na,day_14
Plate 11_A5_Inoc_25C,Plate 11,Inoc,A5,25C (ambient),Inoc_25,1,21 dpl,21,na,day_21
Plate 11_A6_Inoc_25C,Plate 11,Inoc,A6,25C (ambient),Inoc_25,1,"0 dpi

07.28.2025",0,0,day_0
Plate 11_A6_Inoc_25C,Plate 11,Inoc,A6,25C (ambient),Inoc_25,1,"3 dpl

07.31.2025",3,0,day_3
Plate 11_A6_Inoc_25C,Plate 11,Inoc,A6,25C (ambient),Inoc_25,1,"4 dpl

08.01.2025",4,0,day_4
Plate 11_A6_Inoc_25C,Plate 11,Inoc,A6,25C (ambient),Inoc_25,1,"5 dpl

08.02.2025",5,0,day_5
Plate 11_A6_Inoc_25C,Plate 11,Inoc,A6,25C (ambient),Inoc_25,1,"6 dpl

08.03. 2025",6,0,day_6
Plate 11_A6_Inoc_25C,Plate 11,Inoc,A6,25C (ambient),Inoc_25,1,"7 dpl

08.04.2025",7,0,day_7
Plate 11_A6_Inoc_25C,Plate 11,Inoc,A6,25C (ambient),Inoc_25,1,"8 dpl

08.05.2025",8,0,day_8
Plate 11_A6_Inoc_25C,Plate 11,Inoc,A6,25C (ambient),Inoc_25,1,"9 dpl

08.06.2025",9,0,day_9
Plate 11_A6_Inoc_25C,Plate 11,Inoc,A6,25C (ambient),Inoc_25,1,"10 dpl

08.07.2025",10,0,day_10
Plate 11_A6_Inoc_25C,Plate 11,Inoc,A6,25C (ambient),Inoc_25,1,"11 dpl

08.08.2025",11,0,day_11
Plate 11_A6_Inoc_25C,Plate 11,Inoc,A6,25C (ambient),Inoc_25,1,"13 dpl

08.10.2025",13,0,day_13
Plate 11_A6_Inoc_25C,Plate 11,Inoc,A6,25C (ambient),Inoc_25,1,"14 dpl

08.11.2025",14,na,day_14
Plate 11_A6_Inoc_25C,Plate 11,Inoc,A6,25C (ambient),Inoc_25,1,21 dpl,21,na,day_21
Plate 11_B1_Inoc_25C,Plate 11,Inoc,B1,25C (ambient),Inoc_25,1,"0 dpi

07.28.2025",0,0,day_0
Plate 11_B1_Inoc_25C,Plate 11,Inoc,B1,25C (ambient),Inoc_25,1,"3 dpl

07.31.2025",3,0,day_3
Plate 11_B1_Inoc_25C,Plate 11,Inoc,B1,25C (ambient),Inoc_25,1,"4 dpl

08.01.2025",4,0,day_4
Plate 11_B1_Inoc_25C,Plate 11,Inoc,B1,25C (ambient),Inoc_25,1,"5 dpl

08.02.2025",5,0,day_5
Plate 11_B1_Inoc_25C,Plate 11,Inoc,B1,25C (ambient),Inoc_25,1,"6 dpl

08.03. 2025",6,5,day_6
Plate 11_B1_Inoc_25C,Plate 11,Inoc,B1,25C (ambient),Inoc_25,1,"7 dpl

08.04.2025",7,6,day_7
Plate 11_B1_Inoc_25C,Plate 11,Inoc,B1,25C (ambient),Inoc_25,1,"8 dpl

08.05.2025",8,8,day_8
Plate 11_B1_Inoc_25C,Plate 11,Inoc,B1,25C (ambient),Inoc_25,1,"9 dpl

08.06.2025",9,8,day_9
Plate 11_B1_Inoc_25C,Plate 11,Inoc,B1,25C (ambient),Inoc_25,1,"10 dpl

08.07.2025",10,8,day_10
Plate 11_B1_Inoc_25C,Plate 11,Inoc,B1,25C (ambient),Inoc_25,1,"11 dpl

08.08.2025",11,10,day_11
Plate 11_B1_Inoc_25C,Plate 11,Inoc,B1,25C (ambient),Inoc_25,1,"13 dpl

08.10.2025",13,10,day_13
Plate 11_B1_Inoc_25C,Plate 11,Inoc,B1,25C (ambient),Inoc_25,1,"14 dpl

08.11.2025",14,11,day_14
Plate 11_B1_Inoc_25C,Plate 11,Inoc,B1,25C (ambient),Inoc_25,1,21 dpl,21,12,day_21
Plate 11_B2_Inoc_25C,Plate 11,Inoc,B2,25C (ambient),Inoc_25,1,"0 dpi

07.28.2025",0,0,day_0
Plate 11_B2_Inoc_25C,Plate 11,Inoc,B2,25C (ambient),Inoc_25,1,"3 dpl

07.31.2025",3,0,day_3
Plate 11_B2_Inoc_25C,Plate 11,Inoc,B2,25C (ambient),Inoc_25,1,"4 dpl

08.01.2025",4,0,day_4
Plate 11_B2_Inoc_25C,Plate 11,Inoc,B2,25C (ambient),Inoc_25,1,"5 dpl

08.02.2025",5,2,day_5
Plate 11_B2_Inoc_25C,Plate 11,Inoc,B2,25C (ambient),Inoc_25,1,"6 dpl

08.03. 2025",6,6,day_6
Plate 11_B2_Inoc_25C,Plate 11,Inoc,B2,25C (ambient),Inoc_25,1,"7 dpl

08.04.2025",7,6,day_7
Plate 11_B2_Inoc_25C,Plate 11,Inoc,B2,25C (ambient),Inoc_25,1,"8 dpl

08.05.2025",8,4,day_8
Plate 11_B2_Inoc_25C,Plate 11,Inoc,B2,25C (ambient),Inoc_25,1,"9 dpl

08.06.2025",9,5,day_9
Plate 11_B2_Inoc_25C,Plate 11,Inoc,B2,25C (ambient),Inoc_25,1,"10 dpl

08.07.2025",10,7,day_10
Plate 11_B2_Inoc_25C,Plate 11,Inoc,B2,25C (ambient),Inoc_25,1,"11 dpl

08.08.2025",11,7,day_11
Plate 11_B2_Inoc_25C,Plate 11,Inoc,B2,25C (ambient),Inoc_25,1,"13 dpl

08.10.2025",13,7,day_13
Plate 11_B2_Inoc_25C,Plate 11,Inoc,B2,25C (ambient),Inoc_25,1,"14 dpl

08.11.2025",14,7,day_14
Plate 11_B2_Inoc_25C,Plate 11,Inoc,B2,25C (ambient),Inoc_25,1,21 dpl,21,na,day_21
Plate 11_B3_Inoc_25C,Plate 11,Inoc,B3,25C (ambient),Inoc_25,1,"0 dpi

07.28.2025",0,0,day_0
Plate 11_B3_Inoc_25C,Plate 11,Inoc,B3,25C (ambient),Inoc_25,1,"3 dpl

07.31.2025",3,0,day_3
Plate 11_B3_Inoc_25C,Plate 11,Inoc,B3,25C (ambient),Inoc_25,1,"4 dpl

08.01.2025",4,0,day_4
Plate 11_B3_Inoc_25C,Plate 11,Inoc,B3,25C (ambient),Inoc_25,1,"5 dpl

08.02.2025",5,0,day_5
Plate 11_B3_Inoc_25C,Plate 11,Inoc,B3,25C (ambient),Inoc_25,1,"6 dpl

08.03. 2025",6,1,day_6
Plate 11_B3_Inoc_25C,Plate 11,Inoc,B3,25C (ambient),Inoc_25,1,"7 dpl

08.04.2025",7,8,day_7
Plate 11_B3_Inoc_25C,Plate 11,Inoc,B3,25C (ambient),Inoc_25,1,"8 dpl

08.05.2025",8,10,day_8
Plate 11_B3_Inoc_25C,Plate 11,Inoc,B3,25C (ambient),Inoc_25,1,"9 dpl

08.06.2025",9,10,day_9
Plate 11_B3_Inoc_25C,Plate 11,Inoc,B3,25C (ambient),Inoc_25,1,"10 dpl

08.07.2025",10,12,day_10
Plate 11_B3_Inoc_25C,Plate 11,Inoc,B3,25C (ambient),Inoc_25,1,"11 dpl

08.08.2025",11,12,day_11
Plate 11_B3_Inoc_25C,Plate 11,Inoc,B3,25C (ambient),Inoc_25,1,"13 dpl

08.10.2025",13,12,day_13
Plate 11_B3_Inoc_25C,Plate 11,Inoc,B3,25C (ambient),Inoc_25,1,"14 dpl

08.11.2025",14,12,day_14
Plate 11_B3_Inoc_25C,Plate 11,Inoc,B3,25C (ambient),Inoc_25,1,21 dpl,21,12,day_21
Plate 11_B4_Inoc_25C,Plate 11,Inoc,B4,25C (ambient),Inoc_25,1,"0 dpi

07.28.2025",0,0,day_0
Plate 11_B4_Inoc_25C,Plate 11,Inoc,B4,25C (ambient),Inoc_25,1,"3 dpl

07.31.2025",3,0,day_3
Plate 11_B4_Inoc_25C,Plate 11,Inoc,B4,25C (ambient),Inoc_25,1,"4 dpl

08.01.2025",4,0,day_4
Plate 11_B4_Inoc_25C,Plate 11,Inoc,B4,25C (ambient),Inoc_25,1,"5 dpl

08.02.2025",5,0,day_5
Plate 11_B4_Inoc_25C,Plate 11,Inoc,B4,25C (ambient),Inoc_25,1,"6 dpl

08.03. 2025",6,0,day_6
Plate 11_B4_Inoc_25C,Plate 11,Inoc,B4,25C (ambient),Inoc_25,1,"7 dpl

08.04.2025",7,na,day_7
Plate 11_B4_Inoc_25C,Plate 11,Inoc,B4,25C (ambient),Inoc_25,1,"8 dpl

08.05.2025",8,na,day_8
Plate 11_B4_Inoc_25C,Plate 11,Inoc,B4,25C (ambient),Inoc_25,1,"9 dpl

08.06.2025",9,na,day_9
Plate 11_B4_Inoc_25C,Plate 11,Inoc,B4,25C (ambient),Inoc_25,1,"10 dpl

08.07.2025",10,na,day_10
Plate 11_B4_Inoc_25C,Plate 11,Inoc,B4,25C (ambient),Inoc_25,1,"11 dpl

08.08.2025",11,na,day_11
Plate 11_B4_Inoc_25C,Plate 11,Inoc,B4,25C (ambient),Inoc_25,1,"13 dpl

08.10.2025",13,na,day_13
Plate 11_B4_Inoc_25C,Plate 11,Inoc,B4,25C (ambient),Inoc_25,1,"14 dpl

08.11.2025",14,na,day_14
Plate 11_B4_Inoc_25C,Plate 11,Inoc,B4,25C (ambient),Inoc_25,1,21 dpl,21,na,day_21
Plate 11_B5_Inoc_25C,Plate 11,Inoc,B5,25C (ambient),Inoc_25,1,"0 dpi

07.28.2025",0,0,day_0
Plate 11_B5_Inoc_25C,Plate 11,Inoc,B5,25C (ambient),Inoc_25,1,"3 dpl

07.31.2025",3,0,day_3
Plate 11_B5_Inoc_25C,Plate 11,Inoc,B5,25C (ambient),Inoc_25,1,"4 dpl

08.01.2025",4,0,day_4
Plate 11_B5_Inoc_25C,Plate 11,Inoc,B5,25C (ambient),Inoc_25,1,"5 dpl

08.02.2025",5,0,day_5
Plate 11_B5_Inoc_25C,Plate 11,Inoc,B5,25C (ambient),Inoc_25,1,"6 dpl

08.03. 2025",6,0,day_6
Plate 11_B5_Inoc_25C,Plate 11,Inoc,B5,25C (ambient),Inoc_25,1,"7 dpl

08.04.2025",7,10,day_7
Plate 11_B5_Inoc_25C,Plate 11,Inoc,B5,25C (ambient),Inoc_25,1,"8 dpl

08.05.2025",8,10,day_8
Plate 11_B5_Inoc_25C,Plate 11,Inoc,B5,25C (ambient),Inoc_25,1,"9 dpl

08.06.2025",9,12,day_9
Plate 11_B5_Inoc_25C,Plate 11,Inoc,B5,25C (ambient),Inoc_25,1,"10 dpl

08.07.2025",10,12,day_10
Plate 11_B5_Inoc_25C,Plate 11,Inoc,B5,25C (ambient),Inoc_25,1,"11 dpl

08.08.2025",11,12,day_11
Plate 11_B5_Inoc_25C,Plate 11,Inoc,B5,25C (ambient),Inoc_25,1,"13 dpl

08.10.2025",13,12,day_13
Plate 11_B5_Inoc_25C,Plate 11,Inoc,B5,25C (ambient),Inoc_25,1,"14 dpl

08.11.2025",14,12,day_14
Plate 11_B5_Inoc_25C,Plate 11,Inoc,B5,25C (ambient),Inoc_25,1,21 dpl,21,12,day_21
Plate 11_B6_Inoc_25C,Plate 11,Inoc,B6,25C (ambient),Inoc_25,1,"0 dpi

07.28.2025",0,0,day_0
Plate 11_B6_Inoc_25C,Plate 11,Inoc,B6,25C (ambient),Inoc_25,1,"3 dpl

07.31.2025",3,0,day_3
Plate 11_B6_Inoc_25C,Plate 11,Inoc,B6,25C (ambient),Inoc_25,1,"4 dpl

08.01.2025",4,na,day_4
Plate 11_B6_Inoc_25C,Plate 11,Inoc,B6,25C (ambient),Inoc_25,1,"5 dpl

08.02.2025",5,na,day_5
Plate 11_B6_Inoc_25C,Plate 11,Inoc,B6,25C (ambient),Inoc_25,1,"6 dpl

08.03. 2025",6,na,day_6
Plate 11_B6_Inoc_25C,Plate 11,Inoc,B6,25C (ambient),Inoc_25,1,"7 dpl

08.04.2025",7,na,day_7
Plate 11_B6_Inoc_25C,Plate 11,Inoc,B6,25C (ambient),Inoc_25,1,"8 dpl

08.05.2025",8,na,day_8
Plate 11_B6_Inoc_25C,Plate 11,Inoc,B6,25C (ambient),Inoc_25,1,"9 dpl

08.06.2025",9,na,day_9
Plate 11_B6_Inoc_25C,Plate 11,Inoc,B6,25C (ambient),Inoc_25,1,"10 dpl

08.07.2025",10,na,day_10
Plate 11_B6_Inoc_25C,Plate 11,Inoc,B6,25C (ambient),Inoc_25,1,"11 dpl

08.08.2025",11,na,day_11
Plate 11_B6_Inoc_25C,Plate 11,Inoc,B6,25C (ambient),Inoc_25,1,"13 dpl

08.10.2025",13,na,day_13
Plate 11_B6_Inoc_25C,Plate 11,Inoc,B6,25C (ambient),Inoc_25,1,"14 dpl

08.11.2025",14,na,day_14
Plate 11_B6_Inoc_25C,Plate 11,Inoc,B6,25C (ambient),Inoc_25,1,21 dpl,21,na,day_21
Plate 11_C1_Inoc_25C,Plate 11,Inoc,C1,25C (ambient),Inoc_25,1,"0 dpi

07.28.2025",0,0,day_0
Plate 11_C1_Inoc_25C,Plate 11,Inoc,C1,25C (ambient),Inoc_25,1,"3 dpl

07.31.2025",3,0,day_3
Plate 11_C1_Inoc_25C,Plate 11,Inoc,C1,25C (ambient),Inoc_25,1,"4 dpl

08.01.2025",4,0,day_4
Plate 11_C1_Inoc_25C,Plate 11,Inoc,C1,25C (ambient),Inoc_25,1,"5 dpl

08.02.2025",5,0,day_5
Plate 11_C1_Inoc_25C,Plate 11,Inoc,C1,25C (ambient),Inoc_25,1,"6 dpl

08.03. 2025",6,2,day_6
Plate 11_C1_Inoc_25C,Plate 11,Inoc,C1,25C (ambient),Inoc_25,1,"7 dpl

08.04.2025",7,6,day_7
Plate 11_C1_Inoc_25C,Plate 11,Inoc,C1,25C (ambient),Inoc_25,1,"8 dpl

08.05.2025",8,6,day_8
Plate 11_C1_Inoc_25C,Plate 11,Inoc,C1,25C (ambient),Inoc_25,1,"9 dpl

08.06.2025",9,6,day_9
Plate 11_C1_Inoc_25C,Plate 11,Inoc,C1,25C (ambient),Inoc_25,1,"10 dpl

08.07.2025",10,6,day_10
Plate 11_C1_Inoc_25C,Plate 11,Inoc,C1,25C (ambient),Inoc_25,1,"11 dpl

08.08.2025",11,6,day_11
Plate 11_C1_Inoc_25C,Plate 11,Inoc,C1,25C (ambient),Inoc_25,1,"13 dpl

08.10.2025",13,6,day_13
Plate 11_C1_Inoc_25C,Plate 11,Inoc,C1,25C (ambient),Inoc_25,1,"14 dpl

08.11.2025",14,na,day_14
Plate 11_C1_Inoc_25C,Plate 11,Inoc,C1,25C (ambient),Inoc_25,1,21 dpl,21,na,day_21
Plate 11_C2_Inoc_25C,Plate 11,Inoc,C2,25C (ambient),Inoc_25,1,"0 dpi

07.28.2025",0,0,day_0
Plate 11_C2_Inoc_25C,Plate 11,Inoc,C2,25C (ambient),Inoc_25,1,"3 dpl

07.31.2025",3,0,day_3
Plate 11_C2_Inoc_25C,Plate 11,Inoc,C2,25C (ambient),Inoc_25,1,"4 dpl

08.01.2025",4,0,day_4
Plate 11_C2_Inoc_25C,Plate 11,Inoc,C2,25C (ambient),Inoc_25,1,"5 dpl

08.02.2025",5,0,day_5
Plate 11_C2_Inoc_25C,Plate 11,Inoc,C2,25C (ambient),Inoc_25,1,"6 dpl

08.03. 2025",6,2,day_6
Plate 11_C2_Inoc_25C,Plate 11,Inoc,C2,25C (ambient),Inoc_25,1,"7 dpl

08.04.2025",7,2,day_7
Plate 11_C2_Inoc_25C,Plate 11,Inoc,C2,25C (ambient),Inoc_25,1,"8 dpl

08.05.2025",8,2,day_8
Plate 11_C2_Inoc_25C,Plate 11,Inoc,C2,25C (ambient),Inoc_25,1,"9 dpl

08.06.2025",9,2,day_9
Plate 11_C2_Inoc_25C,Plate 11,Inoc,C2,25C (ambient),Inoc_25,1,"10 dpl

08.07.2025",10,2,day_10
Plate 11_C2_Inoc_25C,Plate 11,Inoc,C2,25C (ambient),Inoc_25,1,"11 dpl

08.08.2025",11,4,day_11
Plate 11_C2_Inoc_25C,Plate 11,Inoc,C2,25C (ambient),Inoc_25,1,"13 dpl

08.10.2025",13,5,day_13
Plate 11_C2_Inoc_25C,Plate 11,Inoc,C2,25C (ambient),Inoc_25,1,"14 dpl

08.11.2025",14,5,day_14
Plate 11_C2_Inoc_25C,Plate 11,Inoc,C2,25C (ambient),Inoc_25,1,21 dpl,21,na,day_21
Plate 11_C3_Inoc_25C,Plate 11,Inoc,C3,25C (ambient),Inoc_25,1,"0 dpi

07.28.2025",0,0,day_0
Plate 11_C3_Inoc_25C,Plate 11,Inoc,C3,25C (ambient),Inoc_25,1,"3 dpl

07.31.2025",3,0,day_3
Plate 11_C3_Inoc_25C,Plate 11,Inoc,C3,25C (ambient),Inoc_25,1,"4 dpl

08.01.2025",4,0,day_4
Plate 11_C3_Inoc_25C,Plate 11,Inoc,C3,25C (ambient),Inoc_25,1,"5 dpl

08.02.2025",5,0,day_5
Plate 11_C3_Inoc_25C,Plate 11,Inoc,C3,25C (ambient),Inoc_25,1,"6 dpl

08.03. 2025",6,0,day_6
Plate 11_C3_Inoc_25C,Plate 11,Inoc,C3,25C (ambient),Inoc_25,1,"7 dpl

08.04.2025",7,0,day_7
Plate 11_C3_Inoc_25C,Plate 11,Inoc,C3,25C (ambient),Inoc_25,1,"8 dpl

08.05.2025",8,0,day_8
Plate 11_C3_Inoc_25C,Plate 11,Inoc,C3,25C (ambient),Inoc_25,1,"9 dpl

08.06.2025",9,0,day_9
Plate 11_C3_Inoc_25C,Plate 11,Inoc,C3,25C (ambient),Inoc_25,1,"10 dpl

08.07.2025",10,0,day_10
Plate 11_C3_Inoc_25C,Plate 11,Inoc,C3,25C (ambient),Inoc_25,1,"11 dpl

08.08.2025",11,0,day_11
Plate 11_C3_Inoc_25C,Plate 11,Inoc,C3,25C (ambient),Inoc_25,1,"13 dpl

08.10.2025",13,0,day_13
Plate 11_C3_Inoc_25C,Plate 11,Inoc,C3,25C (ambient),Inoc_25,1,"14 dpl

08.11.2025",14,0,day_14
Plate 11_C3_Inoc_25C,Plate 11,Inoc,C3,25C (ambient),Inoc_25,1,21 dpl,21,0,day_21
Plate 11_C3_Inoc_25C,Plate 11,Inoc,C3,25C (ambient),Inoc_25,2,"0 dpi

07.28.2025",0,0,day_0
Plate 11_C3_Inoc_25C,Plate 11,Inoc,C3,25C (ambient),Inoc_25,2,"3 dpl

07.31.2025",3,0,day_3
Plate 11_C3_Inoc_25C,Plate 11,Inoc,C3,25C (ambient),Inoc_25,2,"4 dpl

08.01.2025",4,0,day_4
Plate 11_C3_Inoc_25C,Plate 11,Inoc,C3,25C (ambient),Inoc_25,2,"5 dpl

08.02.2025",5,0,day_5
Plate 11_C3_Inoc_25C,Plate 11,Inoc,C3,25C (ambient),Inoc_25,2,"6 dpl

08.03. 2025",6,0,day_6
Plate 11_C3_Inoc_25C,Plate 11,Inoc,C3,25C (ambient),Inoc_25,2,"7 dpl

08.04.2025",7,0,day_7
Plate 11_C3_Inoc_25C,Plate 11,Inoc,C3,25C (ambient),Inoc_25,2,"8 dpl

08.05.2025",8,0,day_8
Plate 11_C3_Inoc_25C,Plate 11,Inoc,C3,25C (ambient),Inoc_25,2,"9 dpl

08.06.2025",9,0,day_9
Plate 11_C3_Inoc_25C,Plate 11,Inoc,C3,25C (ambient),Inoc_25,2,"10 dpl

08.07.2025",10,0,day_10
Plate 11_C3_Inoc_25C,Plate 11,Inoc,C3,25C (ambient),Inoc_25,2,"11 dpl

08.08.2025",11,0,day_11
Plate 11_C3_Inoc_25C,Plate 11,Inoc,C3,25C (ambient),Inoc_25,2,"13 dpl

08.10.2025",13,na,day_13
Plate 11_C3_Inoc_25C,Plate 11,Inoc,C3,25C (ambient),Inoc_25,2,"14 dpl

08.11.2025",14,na,day_14
Plate 11_C3_Inoc_25C,Plate 11,Inoc,C3,25C (ambient),Inoc_25,2,21 dpl,21,na,day_21
Plate 11_C4_Inoc_25C,Plate 11,Inoc,C4,25C (ambient),Inoc_25,1,"0 dpi

07.28.2025",0,0,day_0
Plate 11_C4_Inoc_25C,Plate 11,Inoc,C4,25C (ambient),Inoc_25,1,"3 dpl

07.31.2025",3,0,day_3
Plate 11_C4_Inoc_25C,Plate 11,Inoc,C4,25C (ambient),Inoc_25,1,"4 dpl

08.01.2025",4,0,day_4
Plate 11_C4_Inoc_25C,Plate 11,Inoc,C4,25C (ambient),Inoc_25,1,"5 dpl

08.02.2025",5,1,day_5
Plate 11_C4_Inoc_25C,Plate 11,Inoc,C4,25C (ambient),Inoc_25,1,"6 dpl

08.03. 2025",6,10,day_6
Plate 11_C4_Inoc_25C,Plate 11,Inoc,C4,25C (ambient),Inoc_25,1,"7 dpl

08.04.2025",7,12,day_7
Plate 11_C4_Inoc_25C,Plate 11,Inoc,C4,25C (ambient),Inoc_25,1,"8 dpl

08.05.2025",8,12,day_8
Plate 11_C4_Inoc_25C,Plate 11,Inoc,C4,25C (ambient),Inoc_25,1,"9 dpl

08.06.2025",9,12,day_9
Plate 11_C4_Inoc_25C,Plate 11,Inoc,C4,25C (ambient),Inoc_25,1,"10 dpl

08.07.2025",10,12,day_10
Plate 11_C4_Inoc_25C,Plate 11,Inoc,C4,25C (ambient),Inoc_25,1,"11 dpl

08.08.2025",11,12,day_11
Plate 11_C4_Inoc_25C,Plate 11,Inoc,C4,25C (ambient),Inoc_25,1,"13 dpl

08.10.2025",13,12,day_13
Plate 11_C4_Inoc_25C,Plate 11,Inoc,C4,25C (ambient),Inoc_25,1,"14 dpl

08.11.2025",14,12,day_14
Plate 11_C4_Inoc_25C,Plate 11,Inoc,C4,25C (ambient),Inoc_25,1,21 dpl,21,12,day_21
Plate 11_C4_Inoc_25C,Plate 11,Inoc,C4,25C (ambient),Inoc_25,2,"0 dpi

07.28.2025",0,0,day_0
Plate 11_C4_Inoc_25C,Plate 11,Inoc,C4,25C (ambient),Inoc_25,2,"3 dpl

07.31.2025",3,0,day_3
Plate 11_C4_Inoc_25C,Plate 11,Inoc,C4,25C (ambient),Inoc_25,2,"4 dpl

08.01.2025",4,na,day_4
Plate 11_C4_Inoc_25C,Plate 11,Inoc,C4,25C (ambient),Inoc_25,2,"5 dpl

08.02.2025",5,na,day_5
Plate 11_C4_Inoc_25C,Plate 11,Inoc,C4,25C (ambient),Inoc_25,2,"6 dpl

08.03. 2025",6,na,day_6
Plate 11_C4_Inoc_25C,Plate 11,Inoc,C4,25C (ambient),Inoc_25,2,"7 dpl

08.04.2025",7,na,day_7
Plate 11_C4_Inoc_25C,Plate 11,Inoc,C4,25C (ambient),Inoc_25,2,"8 dpl

08.05.2025",8,na,day_8
Plate 11_C4_Inoc_25C,Plate 11,Inoc,C4,25C (ambient),Inoc_25,2,"9 dpl

08.06.2025",9,na,day_9
Plate 11_C4_Inoc_25C,Plate 11,Inoc,C4,25C (ambient),Inoc_25,2,"10 dpl

08.07.2025",10,na,day_10
Plate 11_C4_Inoc_25C,Plate 11,Inoc,C4,25C (ambient),Inoc_25,2,"11 dpl

08.08.2025",11,na,day_11
Plate 11_C4_Inoc_25C,Plate 11,Inoc,C4,25C (ambient),Inoc_25,2,"13 dpl

08.10.2025",13,na,day_13
Plate 11_C4_Inoc_25C,Plate 11,Inoc,C4,25C (ambient),Inoc_25,2,"14 dpl

08.11.2025",14,na,day_14
Plate 11_C4_Inoc_25C,Plate 11,Inoc,C4,25C (ambient),Inoc_25,2,21 dpl,21,na,day_21
Plate 11_C5_Inoc_25C,Plate 11,Inoc,C5,25C (ambient),Inoc_25,1,"0 dpi

07.28.2025",0,0,day_0
Plate 11_C5_Inoc_25C,Plate 11,Inoc,C5,25C (ambient),Inoc_25,1,"3 dpl

07.31.2025",3,0,day_3
Plate 11_C5_Inoc_25C,Plate 11,Inoc,C5,25C (ambient),Inoc_25,1,"4 dpl

08.01.2025",4,0,day_4
Plate 11_C5_Inoc_25C,Plate 11,Inoc,C5,25C (ambient),Inoc_25,1,"5 dpl

08.02.2025",5,0,day_5
Plate 11_C5_Inoc_25C,Plate 11,Inoc,C5,25C (ambient),Inoc_25,1,"6 dpl

08.03. 2025",6,0,day_6
Plate 11_C5_Inoc_25C,Plate 11,Inoc,C5,25C (ambient),Inoc_25,1,"7 dpl

08.04.2025",7,0,day_7
Plate 11_C5_Inoc_25C,Plate 11,Inoc,C5,25C (ambient),Inoc_25,1,"8 dpl

08.05.2025",8,0,day_8
Plate 11_C5_Inoc_25C,Plate 11,Inoc,C5,25C (ambient),Inoc_25,1,"9 dpl

08.06.2025",9,2,day_9
Plate 11_C5_Inoc_25C,Plate 11,Inoc,C5,25C (ambient),Inoc_25,1,"10 dpl

08.07.2025",10,2,day_10
Plate 11_C5_Inoc_25C,Plate 11,Inoc,C5,25C (ambient),Inoc_25,1,"11 dpl

08.08.2025",11,2,day_11
Plate 11_C5_Inoc_25C,Plate 11,Inoc,C5,25C (ambient),Inoc_25,1,"13 dpl

08.10.2025",13,2,day_13
Plate 11_C5_Inoc_25C,Plate 11,Inoc,C5,25C (ambient),Inoc_25,1,"14 dpl

08.11.2025",14,2,day_14
Plate 11_C5_Inoc_25C,Plate 11,Inoc,C5,25C (ambient),Inoc_25,1,21 dpl,21,4,day_21
Plate 11_C6_Inoc_25C,Plate 11,Inoc,C6,25C (ambient),Inoc_25,1,"0 dpi

07.28.2025",0,0,day_0
Plate 11_C6_Inoc_25C,Plate 11,Inoc,C6,25C (ambient),Inoc_25,1,"3 dpl

07.31.2025",3,0,day_3
Plate 11_C6_Inoc_25C,Plate 11,Inoc,C6,25C (ambient),Inoc_25,1,"4 dpl

08.01.2025",4,0,day_4
Plate 11_C6_Inoc_25C,Plate 11,Inoc,C6,25C (ambient),Inoc_25,1,"5 dpl

08.02.2025",5,0,day_5
Plate 11_C6_Inoc_25C,Plate 11,Inoc,C6,25C (ambient),Inoc_25,1,"6 dpl

08.03. 2025",6,0,day_6
Plate 11_C6_Inoc_25C,Plate 11,Inoc,C6,25C (ambient),Inoc_25,1,"7 dpl

08.04.2025",7,3,day_7
Plate 11_C6_Inoc_25C,Plate 11,Inoc,C6,25C (ambient),Inoc_25,1,"8 dpl

08.05.2025",8,3,day_8
Plate 11_C6_Inoc_25C,Plate 11,Inoc,C6,25C (ambient),Inoc_25,1,"9 dpl

08.06.2025",9,3,day_9
Plate 11_C6_Inoc_25C,Plate 11,Inoc,C6,25C (ambient),Inoc_25,1,"10 dpl

08.07.2025",10,3,day_10
Plate 11_C6_Inoc_25C,Plate 11,Inoc,C6,25C (ambient),Inoc_25,1,"11 dpl

08.08.2025",11,3,day_11
Plate 11_C6_Inoc_25C,Plate 11,Inoc,C6,25C (ambient),Inoc_25,1,"13 dpl

08.10.2025",13,3,day_13
Plate 11_C6_Inoc_25C,Plate 11,Inoc,C6,25C (ambient),Inoc_25,1,"14 dpl

08.11.2025",14,3,day_14
Plate 11_C6_Inoc_25C,Plate 11,Inoc,C6,25C (ambient),Inoc_25,1,21 dpl,21,3,day_21
Plate 11_C6_Inoc_25C,Plate 11,Inoc,C6,25C (ambient),Inoc_25,2,"0 dpi

07.28.2025",0,0,day_0
Plate 11_C6_Inoc_25C,Plate 11,Inoc,C6,25C (ambient),Inoc_25,2,"3 dpl

07.31.2025",3,0,day_3
Plate 11_C6_Inoc_25C,Plate 11,Inoc,C6,25C (ambient),Inoc_25,2,"4 dpl

08.01.2025",4,0,day_4
Plate 11_C6_Inoc_25C,Plate 11,Inoc,C6,25C (ambient),Inoc_25,2,"5 dpl

08.02.2025",5,na,day_5
Plate 11_C6_Inoc_25C,Plate 11,Inoc,C6,25C (ambient),Inoc_25,2,"6 dpl

08.03. 2025",6,na,day_6
Plate 11_C6_Inoc_25C,Plate 11,Inoc,C6,25C (ambient),Inoc_25,2,"7 dpl

08.04.2025",7,na,day_7
Plate 11_C6_Inoc_25C,Plate 11,Inoc,C6,25C (ambient),Inoc_25,2,"8 dpl

08.05.2025",8,na,day_8
Plate 11_C6_Inoc_25C,Plate 11,Inoc,C6,25C (ambient),Inoc_25,2,"9 dpl

08.06.2025",9,na,day_9
Plate 11_C6_Inoc_25C,Plate 11,Inoc,C6,25C (ambient),Inoc_25,2,"10 dpl

08.07.2025",10,na,day_10
Plate 11_C6_Inoc_25C,Plate 11,Inoc,C6,25C (ambient),Inoc_25,2,"11 dpl

08.08.2025",11,na,day_11
Plate 11_C6_Inoc_25C,Plate 11,Inoc,C6,25C (ambient),Inoc_25,2,"13 dpl

08.10.2025",13,na,day_13
Plate 11_C6_Inoc_25C,Plate 11,Inoc,C6,25C (ambient),Inoc_25,2,"14 dpl

08.11.2025",14,na,day_14
Plate 11_C6_Inoc_25C,Plate 11,Inoc,C6,25C (ambient),Inoc_25,2,21 dpl,21,na,day_21
Plate 11_D1_Inoc_25C,Plate 11,Inoc,D1,25C (ambient),Inoc_25,1,"0 dpi

07.28.2025",0,0,day_0
Plate 11_D1_Inoc_25C,Plate 11,Inoc,D1,25C (ambient),Inoc_25,1,"3 dpl

07.31.2025",3,0,day_3
Plate 11_D1_Inoc_25C,Plate 11,Inoc,D1,25C (ambient),Inoc_25,1,"4 dpl

08.01.2025",4,0,day_4
Plate 11_D1_Inoc_25C,Plate 11,Inoc,D1,25C (ambient),Inoc_25,1,"5 dpl

08.02.2025",5,0,day_5
Plate 11_D1_Inoc_25C,Plate 11,Inoc,D1,25C (ambient),Inoc_25,1,"6 dpl

08.03. 2025",6,0,day_6
Plate 11_D1_Inoc_25C,Plate 11,Inoc,D1,25C (ambient),Inoc_25,1,"7 dpl

08.04.2025",7,1,day_7
Plate 11_D1_Inoc_25C,Plate 11,Inoc,D1,25C (ambient),Inoc_25,1,"8 dpl

08.05.2025",8,1,day_8
Plate 11_D1_Inoc_25C,Plate 11,Inoc,D1,25C (ambient),Inoc_25,1,"9 dpl

08.06.2025",9,1,day_9
Plate 11_D1_Inoc_25C,Plate 11,Inoc,D1,25C (ambient),Inoc_25,1,"10 dpl

08.07.2025",10,1,day_10
Plate 11_D1_Inoc_25C,Plate 11,Inoc,D1,25C (ambient),Inoc_25,1,"11 dpl

08.08.2025",11,3,day_11
Plate 11_D1_Inoc_25C,Plate 11,Inoc,D1,25C (ambient),Inoc_25,1,"13 dpl

08.10.2025",13,3,day_13
Plate 11_D1_Inoc_25C,Plate 11,Inoc,D1,25C (ambient),Inoc_25,1,"14 dpl

08.11.2025",14,7,day_14
Plate 11_D1_Inoc_25C,Plate 11,Inoc,D1,25C (ambient),Inoc_25,1,21 dpl,21,9,day_21
Plate 11_D2_Inoc_25C,Plate 11,Inoc,D2,25C (ambient),Inoc_25,1,"0 dpi

07.28.2025",0,0,day_0
Plate 11_D2_Inoc_25C,Plate 11,Inoc,D2,25C (ambient),Inoc_25,1,"3 dpl

07.31.2025",3,0,day_3
Plate 11_D2_Inoc_25C,Plate 11,Inoc,D2,25C (ambient),Inoc_25,1,"4 dpl

08.01.2025",4,0,day_4
Plate 11_D2_Inoc_25C,Plate 11,Inoc,D2,25C (ambient),Inoc_25,1,"5 dpl

08.02.2025",5,0,day_5
Plate 11_D2_Inoc_25C,Plate 11,Inoc,D2,25C (ambient),Inoc_25,1,"6 dpl

08.03. 2025",6,0,day_6
Plate 11_D2_Inoc_25C,Plate 11,Inoc,D2,25C (ambient),Inoc_25,1,"7 dpl

08.04.2025",7,9,day_7
Plate 11_D2_Inoc_25C,Plate 11,Inoc,D2,25C (ambient),Inoc_25,1,"8 dpl

08.05.2025",8,9,day_8
Plate 11_D2_Inoc_25C,Plate 11,Inoc,D2,25C (ambient),Inoc_25,1,"9 dpl

08.06.2025",9,10,day_9
Plate 11_D2_Inoc_25C,Plate 11,Inoc,D2,25C (ambient),Inoc_25,1,"10 dpl

08.07.2025",10,10,day_10
Plate 11_D2_Inoc_25C,Plate 11,Inoc,D2,25C (ambient),Inoc_25,1,"11 dpl

08.08.2025",11,12,day_11
Plate 11_D2_Inoc_25C,Plate 11,Inoc,D2,25C (ambient),Inoc_25,1,"13 dpl

08.10.2025",13,13,day_13
Plate 11_D2_Inoc_25C,Plate 11,Inoc,D2,25C (ambient),Inoc_25,1,"14 dpl

08.11.2025",14,13,day_14
Plate 11_D2_Inoc_25C,Plate 11,Inoc,D2,25C (ambient),Inoc_25,1,21 dpl,21,13,day_21
Plate 11_D3_Inoc_25C,Plate 11,Inoc,D3,25C (ambient),Inoc_25,1,"0 dpi

07.28.2025",0,0,day_0
Plate 11_D3_Inoc_25C,Plate 11,Inoc,D3,25C (ambient),Inoc_25,1,"3 dpl

07.31.2025",3,0,day_3
Plate 11_D3_Inoc_25C,Plate 11,Inoc,D3,25C (ambient),Inoc_25,1,"4 dpl

08.01.2025",4,0,day_4
Plate 11_D3_Inoc_25C,Plate 11,Inoc,D3,25C (ambient),Inoc_25,1,"5 dpl

08.02.2025",5,0,day_5
Plate 11_D3_Inoc_25C,Plate 11,Inoc,D3,25C (ambient),Inoc_25,1,"6 dpl

08.03. 2025",6,0,day_6
Plate 11_D3_Inoc_25C,Plate 11,Inoc,D3,25C (ambient),Inoc_25,1,"7 dpl

08.04.2025",7,0,day_7
Plate 11_D3_Inoc_25C,Plate 11,Inoc,D3,25C (ambient),Inoc_25,1,"8 dpl

08.05.2025",8,0,day_8
Plate 11_D3_Inoc_25C,Plate 11,Inoc,D3,25C (ambient),Inoc_25,1,"9 dpl

08.06.2025",9,2,day_9
Plate 11_D3_Inoc_25C,Plate 11,Inoc,D3,25C (ambient),Inoc_25,1,"10 dpl

08.07.2025",10,4,day_10
Plate 11_D3_Inoc_25C,Plate 11,Inoc,D3,25C (ambient),Inoc_25,1,"11 dpl

08.08.2025",11,4,day_11
Plate 11_D3_Inoc_25C,Plate 11,Inoc,D3,25C (ambient),Inoc_25,1,"13 dpl

08.10.2025",13,4,day_13
Plate 11_D3_Inoc_25C,Plate 11,Inoc,D3,25C (ambient),Inoc_25,1,"14 dpl

08.11.2025",14,4,day_14
Plate 11_D3_Inoc_25C,Plate 11,Inoc,D3,25C (ambient),Inoc_25,1,21 dpl,21,na,day_21
Plate 11_D4_Inoc_25C,Plate 11,Inoc,D4,25C (ambient),Inoc_25,1,"0 dpi

07.28.2025",0,0,day_0
Plate 11_D4_Inoc_25C,Plate 11,Inoc,D4,25C (ambient),Inoc_25,1,"3 dpl

07.31.2025",3,0,day_3
Plate 11_D4_Inoc_25C,Plate 11,Inoc,D4,25C (ambient),Inoc_25,1,"4 dpl

08.01.2025",4,0,day_4
Plate 11_D4_Inoc_25C,Plate 11,Inoc,D4,25C (ambient),Inoc_25,1,"5 dpl

08.02.2025",5,0,day_5
Plate 11_D4_Inoc_25C,Plate 11,Inoc,D4,25C (ambient),Inoc_25,1,"6 dpl

08.03. 2025",6,7,day_6
Plate 11_D4_Inoc_25C,Plate 11,Inoc,D4,25C (ambient),Inoc_25,1,"7 dpl

08.04.2025",7,7,day_7
Plate 11_D4_Inoc_25C,Plate 11,Inoc,D4,25C (ambient),Inoc_25,1,"8 dpl

08.05.2025",8,7,day_8
Plate 11_D4_Inoc_25C,Plate 11,Inoc,D4,25C (ambient),Inoc_25,1,"9 dpl

08.06.2025",9,7,day_9
Plate 11_D4_Inoc_25C,Plate 11,Inoc,D4,25C (ambient),Inoc_25,1,"10 dpl

08.07.2025",10,7,day_10
Plate 11_D4_Inoc_25C,Plate 11,Inoc,D4,25C (ambient),Inoc_25,1,"11 dpl

08.08.2025",11,7,day_11
Plate 11_D4_Inoc_25C,Plate 11,Inoc,D4,25C (ambient),Inoc_25,1,"13 dpl

08.10.2025",13,7,day_13
Plate 11_D4_Inoc_25C,Plate 11,Inoc,D4,25C (ambient),Inoc_25,1,"14 dpl

08.11.2025",14,8,day_14
Plate 11_D4_Inoc_25C,Plate 11,Inoc,D4,25C (ambient),Inoc_25,1,21 dpl,21,na,day_21
Plate 11_D4_Inoc_25C,Plate 11,Inoc,D4,25C (ambient),Inoc_25,2,"0 dpi

07.28.2025",0,na,day_0
Plate 11_D4_Inoc_25C,Plate 11,Inoc,D4,25C (ambient),Inoc_25,2,"3 dpl

07.31.2025",3,0,day_3
Plate 11_D4_Inoc_25C,Plate 11,Inoc,D4,25C (ambient),Inoc_25,2,"4 dpl

08.01.2025",4,0,day_4
Plate 11_D4_Inoc_25C,Plate 11,Inoc,D4,25C (ambient),Inoc_25,2,"5 dpl

08.02.2025",5,0,day_5
Plate 11_D4_Inoc_25C,Plate 11,Inoc,D4,25C (ambient),Inoc_25,2,"6 dpl

08.03. 2025",6,0,day_6
Plate 11_D4_Inoc_25C,Plate 11,Inoc,D4,25C (ambient),Inoc_25,2,"7 dpl

08.04.2025",7,0,day_7
Plate 11_D4_Inoc_25C,Plate 11,Inoc,D4,25C (ambient),Inoc_25,2,"8 dpl

08.05.2025",8,4,day_8
Plate 11_D4_Inoc_25C,Plate 11,Inoc,D4,25C (ambient),Inoc_25,2,"9 dpl

08.06.2025",9,na,day_9
Plate 11_D4_Inoc_25C,Plate 11,Inoc,D4,25C (ambient),Inoc_25,2,"10 dpl

08.07.2025",10,na,day_10
Plate 11_D4_Inoc_25C,Plate 11,Inoc,D4,25C (ambient),Inoc_25,2,"11 dpl

08.08.2025",11,na,day_11
Plate 11_D4_Inoc_25C,Plate 11,Inoc,D4,25C (ambient),Inoc_25,2,"13 dpl

08.10.2025",13,na,day_13
Plate 11_D4_Inoc_25C,Plate 11,Inoc,D4,25C (ambient),Inoc_25,2,"14 dpl

08.11.2025",14,na,day_14
Plate 11_D4_Inoc_25C,Plate 11,Inoc,D4,25C (ambient),Inoc_25,2,21 dpl,21,na,day_21
Plate 11_D5_Inoc_25C,Plate 11,Inoc,D5,25C (ambient),Inoc_25,1,"0 dpi

07.28.2025",0,0,day_0
Plate 11_D5_Inoc_25C,Plate 11,Inoc,D5,25C (ambient),Inoc_25,1,"3 dpl

07.31.2025",3,0,day_3
Plate 11_D5_Inoc_25C,Plate 11,Inoc,D5,25C (ambient),Inoc_25,1,"4 dpl

08.01.2025",4,0,day_4
Plate 11_D5_Inoc_25C,Plate 11,Inoc,D5,25C (ambient),Inoc_25,1,"5 dpl

08.02.2025",5,0,day_5
Plate 11_D5_Inoc_25C,Plate 11,Inoc,D5,25C (ambient),Inoc_25,1,"6 dpl

08.03. 2025",6,7,day_6
Plate 11_D5_Inoc_25C,Plate 11,Inoc,D5,25C (ambient),Inoc_25,1,"7 dpl

08.04.2025",7,7,day_7
Plate 11_D5_Inoc_25C,Plate 11,Inoc,D5,25C (ambient),Inoc_25,1,"8 dpl

08.05.2025",8,11,day_8
Plate 11_D5_Inoc_25C,Plate 11,Inoc,D5,25C (ambient),Inoc_25,1,"9 dpl

08.06.2025",9,11,day_9
Plate 11_D5_Inoc_25C,Plate 11,Inoc,D5,25C (ambient),Inoc_25,1,"10 dpl

08.07.2025",10,11,day_10
Plate 11_D5_Inoc_25C,Plate 11,Inoc,D5,25C (ambient),Inoc_25,1,"11 dpl

08.08.2025",11,11,day_11
Plate 11_D5_Inoc_25C,Plate 11,Inoc,D5,25C (ambient),Inoc_25,1,"13 dpl

08.10.2025",13,11,day_13
Plate 11_D5_Inoc_25C,Plate 11,Inoc,D5,25C (ambient),Inoc_25,1,"14 dpl

08.11.2025",14,11,day_14
Plate 11_D5_Inoc_25C,Plate 11,Inoc,D5,25C (ambient),Inoc_25,1,21 dpl,21,11,day_21
Plate 11_D6_Inoc_25C,Plate 11,Inoc,D6,25C (ambient),Inoc_25,1,"0 dpi

07.28.2025",0,0,day_0
Plate 11_D6_Inoc_25C,Plate 11,Inoc,D6,25C (ambient),Inoc_25,1,"3 dpl

07.31.2025",3,0,day_3
Plate 11_D6_Inoc_25C,Plate 11,Inoc,D6,25C (ambient),Inoc_25,1,"4 dpl

08.01.2025",4,na,day_4
Plate 11_D6_Inoc_25C,Plate 11,Inoc,D6,25C (ambient),Inoc_25,1,"5 dpl

08.02.2025",5,na,day_5
Plate 11_D6_Inoc_25C,Plate 11,Inoc,D6,25C (ambient),Inoc_25,1,"6 dpl

08.03. 2025",6,na,day_6
Plate 11_D6_Inoc_25C,Plate 11,Inoc,D6,25C (ambient),Inoc_25,1,"7 dpl

08.04.2025",7,na,day_7
Plate 11_D6_Inoc_25C,Plate 11,Inoc,D6,25C (ambient),Inoc_25,1,"8 dpl

08.05.2025",8,na,day_8
Plate 11_D6_Inoc_25C,Plate 11,Inoc,D6,25C (ambient),Inoc_25,1,"9 dpl

08.06.2025",9,na,day_9
Plate 11_D6_Inoc_25C,Plate 11,Inoc,D6,25C (ambient),Inoc_25,1,"10 dpl

08.07.2025",10,na,day_10
Plate 11_D6_Inoc_25C,Plate 11,Inoc,D6,25C (ambient),Inoc_25,1,"11 dpl

08.08.2025",11,na,day_11
Plate 11_D6_Inoc_25C,Plate 11,Inoc,D6,25C (ambient),Inoc_25,1,"13 dpl

08.10.2025",13,na,day_13
Plate 11_D6_Inoc_25C,Plate 11,Inoc,D6,25C (ambient),Inoc_25,1,"14 dpl

08.11.2025",14,na,day_14
Plate 11_D6_Inoc_25C,Plate 11,Inoc,D6,25C (ambient),Inoc_25,1,21 dpl,21,na,day_21
Plate 12_A1_Inoc_25C,Plate 12,Inoc,A1,25C (ambient),Inoc_25,1,"0 dpi

07.28.2025",0,0,day_0
Plate 12_A1_Inoc_25C,Plate 12,Inoc,A1,25C (ambient),Inoc_25,1,"3 dpl

07.31.2025",3,edu,day_3
Plate 12_A1_Inoc_25C,Plate 12,Inoc,A1,25C (ambient),Inoc_25,1,"4 dpl

08.01.2025",4,edu,day_4
Plate 12_A1_Inoc_25C,Plate 12,Inoc,A1,25C (ambient),Inoc_25,1,"5 dpl

08.02.2025",5,edu,day_5
Plate 12_A1_Inoc_25C,Plate 12,Inoc,A1,25C (ambient),Inoc_25,1,"6 dpl

08.03. 2025",6,edu,day_6
Plate 12_A1_Inoc_25C,Plate 12,Inoc,A1,25C (ambient),Inoc_25,1,"7 dpl

08.04.2025",7,edu,day_7
Plate 12_A1_Inoc_25C,Plate 12,Inoc,A1,25C (ambient),Inoc_25,1,"8 dpl

08.05.2025",8,edu,day_8
Plate 12_A1_Inoc_25C,Plate 12,Inoc,A1,25C (ambient),Inoc_25,1,"9 dpl

08.06.2025",9,edu,day_9
Plate 12_A1_Inoc_25C,Plate 12,Inoc,A1,25C (ambient),Inoc_25,1,"10 dpl

08.07.2025",10,edu,day_10
Plate 12_A1_Inoc_25C,Plate 12,Inoc,A1,25C (ambient),Inoc_25,1,"11 dpl

08.08.2025",11,edu,day_11
Plate 12_A1_Inoc_25C,Plate 12,Inoc,A1,25C (ambient),Inoc_25,1,"13 dpl

08.10.2025",13,edu,day_13
Plate 12_A1_Inoc_25C,Plate 12,Inoc,A1,25C (ambient),Inoc_25,1,"14 dpl

08.11.2025",14,edu,day_14
Plate 12_A1_Inoc_25C,Plate 12,Inoc,A1,25C (ambient),Inoc_25,1,21 dpl,21,edu,day_21
Plate 12_A2_Inoc_25C,Plate 12,Inoc,A2,25C (ambient),Inoc_25,1,"0 dpi

07.28.2025",0,0,day_0
Plate 12_A2_Inoc_25C,Plate 12,Inoc,A2,25C (ambient),Inoc_25,1,"3 dpl

07.31.2025",3,edu,day_3
Plate 12_A2_Inoc_25C,Plate 12,Inoc,A2,25C (ambient),Inoc_25,1,"4 dpl

08.01.2025",4,edu,day_4
Plate 12_A2_Inoc_25C,Plate 12,Inoc,A2,25C (ambient),Inoc_25,1,"5 dpl

08.02.2025",5,edu,day_5
Plate 12_A2_Inoc_25C,Plate 12,Inoc,A2,25C (ambient),Inoc_25,1,"6 dpl

08.03. 2025",6,edu,day_6
Plate 12_A2_Inoc_25C,Plate 12,Inoc,A2,25C (ambient),Inoc_25,1,"7 dpl

08.04.2025",7,edu,day_7
Plate 12_A2_Inoc_25C,Plate 12,Inoc,A2,25C (ambient),Inoc_25,1,"8 dpl

08.05.2025",8,edu,day_8
Plate 12_A2_Inoc_25C,Plate 12,Inoc,A2,25C (ambient),Inoc_25,1,"9 dpl

08.06.2025",9,edu,day_9
Plate 12_A2_Inoc_25C,Plate 12,Inoc,A2,25C (ambient),Inoc_25,1,"10 dpl

08.07.2025",10,edu,day_10
Plate 12_A2_Inoc_25C,Plate 12,Inoc,A2,25C (ambient),Inoc_25,1,"11 dpl

08.08.2025",11,edu,day_11
Plate 12_A2_Inoc_25C,Plate 12,Inoc,A2,25C (ambient),Inoc_25,1,"13 dpl

08.10.2025",13,edu,day_13
Plate 12_A2_Inoc_25C,Plate 12,Inoc,A2,25C (ambient),Inoc_25,1,"14 dpl

08.11.2025",14,edu,day_14
Plate 12_A2_Inoc_25C,Plate 12,Inoc,A2,25C (ambient),Inoc_25,1,21 dpl,21,edu,day_21
Plate 12_A3_Inoc_25C,Plate 12,Inoc,A3,25C (ambient),Inoc_25,1,"0 dpi

07.28.2025",0,0,day_0
Plate 12_A3_Inoc_25C,Plate 12,Inoc,A3,25C (ambient),Inoc_25,1,"3 dpl

07.31.2025",3,edu,day_3
Plate 12_A3_Inoc_25C,Plate 12,Inoc,A3,25C (ambient),Inoc_25,1,"4 dpl

08.01.2025",4,edu,day_4
Plate 12_A3_Inoc_25C,Plate 12,Inoc,A3,25C (ambient),Inoc_25,1,"5 dpl

08.02.2025",5,edu,day_5
Plate 12_A3_Inoc_25C,Plate 12,Inoc,A3,25C (ambient),Inoc_25,1,"6 dpl

08.03. 2025",6,edu,day_6
Plate 12_A3_Inoc_25C,Plate 12,Inoc,A3,25C (ambient),Inoc_25,1,"7 dpl

08.04.2025",7,edu,day_7
Plate 12_A3_Inoc_25C,Plate 12,Inoc,A3,25C (ambient),Inoc_25,1,"8 dpl

08.05.2025",8,edu,day_8
Plate 12_A3_Inoc_25C,Plate 12,Inoc,A3,25C (ambient),Inoc_25,1,"9 dpl

08.06.2025",9,edu,day_9
Plate 12_A3_Inoc_25C,Plate 12,Inoc,A3,25C (ambient),Inoc_25,1,"10 dpl

08.07.2025",10,edu,day_10
Plate 12_A3_Inoc_25C,Plate 12,Inoc,A3,25C (ambient),Inoc_25,1,"11 dpl

08.08.2025",11,edu,day_11
Plate 12_A3_Inoc_25C,Plate 12,Inoc,A3,25C (ambient),Inoc_25,1,"13 dpl

08.10.2025",13,edu,day_13
Plate 12_A3_Inoc_25C,Plate 12,Inoc,A3,25C (ambient),Inoc_25,1,"14 dpl

08.11.2025",14,edu,day_14
Plate 12_A3_Inoc_25C,Plate 12,Inoc,A3,25C (ambient),Inoc_25,1,21 dpl,21,edu,day_21
Plate 12_A4_Inoc_25C,Plate 12,Inoc,A4,25C (ambient),Inoc_25,1,"0 dpi

07.28.2025",0,0,day_0
Plate 12_A4_Inoc_25C,Plate 12,Inoc,A4,25C (ambient),Inoc_25,1,"3 dpl

07.31.2025",3,0,day_3
Plate 12_A4_Inoc_25C,Plate 12,Inoc,A4,25C (ambient),Inoc_25,1,"4 dpl

08.01.2025",4,0,day_4
Plate 12_A4_Inoc_25C,Plate 12,Inoc,A4,25C (ambient),Inoc_25,1,"5 dpl

08.02.2025",5,edu,day_5
Plate 12_A4_Inoc_25C,Plate 12,Inoc,A4,25C (ambient),Inoc_25,1,"6 dpl

08.03. 2025",6,edu,day_6
Plate 12_A4_Inoc_25C,Plate 12,Inoc,A4,25C (ambient),Inoc_25,1,"7 dpl

08.04.2025",7,edu,day_7
Plate 12_A4_Inoc_25C,Plate 12,Inoc,A4,25C (ambient),Inoc_25,1,"8 dpl

08.05.2025",8,edu,day_8
Plate 12_A4_Inoc_25C,Plate 12,Inoc,A4,25C (ambient),Inoc_25,1,"9 dpl

08.06.2025",9,edu,day_9
Plate 12_A4_Inoc_25C,Plate 12,Inoc,A4,25C (ambient),Inoc_25,1,"10 dpl

08.07.2025",10,edu,day_10
Plate 12_A4_Inoc_25C,Plate 12,Inoc,A4,25C (ambient),Inoc_25,1,"11 dpl

08.08.2025",11,edu,day_11
Plate 12_A4_Inoc_25C,Plate 12,Inoc,A4,25C (ambient),Inoc_25,1,"13 dpl

08.10.2025",13,edu,day_13
Plate 12_A4_Inoc_25C,Plate 12,Inoc,A4,25C (ambient),Inoc_25,1,"14 dpl

08.11.2025",14,edu,day_14
Plate 12_A4_Inoc_25C,Plate 12,Inoc,A4,25C (ambient),Inoc_25,1,21 dpl,21,edu,day_21
Plate 12_A5_Inoc_25C,Plate 12,Inoc,A5,25C (ambient),Inoc_25,1,"0 dpi

07.28.2025",0,0,day_0
Plate 12_A5_Inoc_25C,Plate 12,Inoc,A5,25C (ambient),Inoc_25,1,"3 dpl

07.31.2025",3,0,day_3
Plate 12_A5_Inoc_25C,Plate 12,Inoc,A5,25C (ambient),Inoc_25,1,"4 dpl

08.01.2025",4,0,day_4
Plate 12_A5_Inoc_25C,Plate 12,Inoc,A5,25C (ambient),Inoc_25,1,"5 dpl

08.02.2025",5,edu,day_5
Plate 12_A5_Inoc_25C,Plate 12,Inoc,A5,25C (ambient),Inoc_25,1,"6 dpl

08.03. 2025",6,edu,day_6
Plate 12_A5_Inoc_25C,Plate 12,Inoc,A5,25C (ambient),Inoc_25,1,"7 dpl

08.04.2025",7,edu,day_7
Plate 12_A5_Inoc_25C,Plate 12,Inoc,A5,25C (ambient),Inoc_25,1,"8 dpl

08.05.2025",8,edu,day_8
Plate 12_A5_Inoc_25C,Plate 12,Inoc,A5,25C (ambient),Inoc_25,1,"9 dpl

08.06.2025",9,edu,day_9
Plate 12_A5_Inoc_25C,Plate 12,Inoc,A5,25C (ambient),Inoc_25,1,"10 dpl

08.07.2025",10,edu,day_10
Plate 12_A5_Inoc_25C,Plate 12,Inoc,A5,25C (ambient),Inoc_25,1,"11 dpl

08.08.2025",11,edu,day_11
Plate 12_A5_Inoc_25C,Plate 12,Inoc,A5,25C (ambient),Inoc_25,1,"13 dpl

08.10.2025",13,edu,day_13
Plate 12_A5_Inoc_25C,Plate 12,Inoc,A5,25C (ambient),Inoc_25,1,"14 dpl

08.11.2025",14,edu,day_14
Plate 12_A5_Inoc_25C,Plate 12,Inoc,A5,25C (ambient),Inoc_25,1,21 dpl,21,edu,day_21
Plate 12_A6_Inoc_25C,Plate 12,Inoc,A6,25C (ambient),Inoc_25,1,"0 dpi

07.28.2025",0,0,day_0
Plate 12_A6_Inoc_25C,Plate 12,Inoc,A6,25C (ambient),Inoc_25,1,"3 dpl

07.31.2025",3,0,day_3
Plate 12_A6_Inoc_25C,Plate 12,Inoc,A6,25C (ambient),Inoc_25,1,"4 dpl

08.01.2025",4,0,day_4
Plate 12_A6_Inoc_25C,Plate 12,Inoc,A6,25C (ambient),Inoc_25,1,"5 dpl

08.02.2025",5,edu,day_5
Plate 12_A6_Inoc_25C,Plate 12,Inoc,A6,25C (ambient),Inoc_25,1,"6 dpl

08.03. 2025",6,edu,day_6
Plate 12_A6_Inoc_25C,Plate 12,Inoc,A6,25C (ambient),Inoc_25,1,"7 dpl

08.04.2025",7,edu,day_7
Plate 12_A6_Inoc_25C,Plate 12,Inoc,A6,25C (ambient),Inoc_25,1,"8 dpl

08.05.2025",8,edu,day_8
Plate 12_A6_Inoc_25C,Plate 12,Inoc,A6,25C (ambient),Inoc_25,1,"9 dpl

08.06.2025",9,edu,day_9
Plate 12_A6_Inoc_25C,Plate 12,Inoc,A6,25C (ambient),Inoc_25,1,"10 dpl

08.07.2025",10,edu,day_10
Plate 12_A6_Inoc_25C,Plate 12,Inoc,A6,25C (ambient),Inoc_25,1,"11 dpl

08.08.2025",11,edu,day_11
Plate 12_A6_Inoc_25C,Plate 12,Inoc,A6,25C (ambient),Inoc_25,1,"13 dpl

08.10.2025",13,edu,day_13
Plate 12_A6_Inoc_25C,Plate 12,Inoc,A6,25C (ambient),Inoc_25,1,"14 dpl

08.11.2025",14,edu,day_14
Plate 12_A6_Inoc_25C,Plate 12,Inoc,A6,25C (ambient),Inoc_25,1,21 dpl,21,edu,day_21
Plate 12_B1_Inoc_25C,Plate 12,Inoc,B1,25C (ambient),Inoc_25,1,"0 dpi

07.28.2025",0,0,day_0
Plate 12_B1_Inoc_25C,Plate 12,Inoc,B1,25C (ambient),Inoc_25,1,"3 dpl

07.31.2025",3,0,day_3
Plate 12_B1_Inoc_25C,Plate 12,Inoc,B1,25C (ambient),Inoc_25,1,"4 dpl

08.01.2025",4,0,day_4
Plate 12_B1_Inoc_25C,Plate 12,Inoc,B1,25C (ambient),Inoc_25,1,"5 dpl

08.02.2025",5,0,day_5
Plate 12_B1_Inoc_25C,Plate 12,Inoc,B1,25C (ambient),Inoc_25,1,"6 dpl

08.03. 2025",6,0,day_6
Plate 12_B1_Inoc_25C,Plate 12,Inoc,B1,25C (ambient),Inoc_25,1,"7 dpl

08.04.2025",7,0,day_7
Plate 12_B1_Inoc_25C,Plate 12,Inoc,B1,25C (ambient),Inoc_25,1,"8 dpl

08.05.2025",8,0,day_8
Plate 12_B1_Inoc_25C,Plate 12,Inoc,B1,25C (ambient),Inoc_25,1,"9 dpl

08.06.2025",9,5,day_9
Plate 12_B1_Inoc_25C,Plate 12,Inoc,B1,25C (ambient),Inoc_25,1,"10 dpl

08.07.2025",10,5,day_10
Plate 12_B1_Inoc_25C,Plate 12,Inoc,B1,25C (ambient),Inoc_25,1,"11 dpl

08.08.2025",11,5,day_11
Plate 12_B1_Inoc_25C,Plate 12,Inoc,B1,25C (ambient),Inoc_25,1,"13 dpl

08.10.2025",13,5,day_13
Plate 12_B1_Inoc_25C,Plate 12,Inoc,B1,25C (ambient),Inoc_25,1,"14 dpl

08.11.2025",14,na,day_14
Plate 12_B1_Inoc_25C,Plate 12,Inoc,B1,25C (ambient),Inoc_25,1,21 dpl,21,na,day_21
Plate 12_B2_Inoc_25C,Plate 12,Inoc,B2,25C (ambient),Inoc_25,1,"0 dpi

07.28.2025",0,0,day_0
Plate 12_B2_Inoc_25C,Plate 12,Inoc,B2,25C (ambient),Inoc_25,1,"3 dpl

07.31.2025",3,0,day_3
Plate 12_B2_Inoc_25C,Plate 12,Inoc,B2,25C (ambient),Inoc_25,1,"4 dpl

08.01.2025",4,0,day_4
Plate 12_B2_Inoc_25C,Plate 12,Inoc,B2,25C (ambient),Inoc_25,1,"5 dpl

08.02.2025",5,0,day_5
Plate 12_B2_Inoc_25C,Plate 12,Inoc,B2,25C (ambient),Inoc_25,1,"6 dpl

08.03. 2025",6,0,day_6
Plate 12_B2_Inoc_25C,Plate 12,Inoc,B2,25C (ambient),Inoc_25,1,"7 dpl

08.04.2025",7,0,day_7
Plate 12_B2_Inoc_25C,Plate 12,Inoc,B2,25C (ambient),Inoc_25,1,"8 dpl

08.05.2025",8,0,day_8
Plate 12_B2_Inoc_25C,Plate 12,Inoc,B2,25C (ambient),Inoc_25,1,"9 dpl

08.06.2025",9,0,day_9
Plate 12_B2_Inoc_25C,Plate 12,Inoc,B2,25C (ambient),Inoc_25,1,"10 dpl

08.07.2025",10,0,day_10
Plate 12_B2_Inoc_25C,Plate 12,Inoc,B2,25C (ambient),Inoc_25,1,"11 dpl

08.08.2025",11,6,day_11
Plate 12_B2_Inoc_25C,Plate 12,Inoc,B2,25C (ambient),Inoc_25,1,"13 dpl

08.10.2025",13,6,day_13
Plate 12_B2_Inoc_25C,Plate 12,Inoc,B2,25C (ambient),Inoc_25,1,"14 dpl

08.11.2025",14,6,day_14
Plate 12_B2_Inoc_25C,Plate 12,Inoc,B2,25C (ambient),Inoc_25,1,21 dpl,21,6,day_21
Plate 12_B3_Inoc_25C,Plate 12,Inoc,B3,25C (ambient),Inoc_25,1,"0 dpi

07.28.2025",0,0,day_0
Plate 12_B3_Inoc_25C,Plate 12,Inoc,B3,25C (ambient),Inoc_25,1,"3 dpl

07.31.2025",3,0,day_3
Plate 12_B3_Inoc_25C,Plate 12,Inoc,B3,25C (ambient),Inoc_25,1,"4 dpl

08.01.2025",4,0,day_4
Plate 12_B3_Inoc_25C,Plate 12,Inoc,B3,25C (ambient),Inoc_25,1,"5 dpl

08.02.2025",5,0,day_5
Plate 12_B3_Inoc_25C,Plate 12,Inoc,B3,25C (ambient),Inoc_25,1,"6 dpl

08.03. 2025",6,0,day_6
Plate 12_B3_Inoc_25C,Plate 12,Inoc,B3,25C (ambient),Inoc_25,1,"7 dpl

08.04.2025",7,4,day_7
Plate 12_B3_Inoc_25C,Plate 12,Inoc,B3,25C (ambient),Inoc_25,1,"8 dpl

08.05.2025",8,6,day_8
Plate 12_B3_Inoc_25C,Plate 12,Inoc,B3,25C (ambient),Inoc_25,1,"9 dpl

08.06.2025",9,6,day_9
Plate 12_B3_Inoc_25C,Plate 12,Inoc,B3,25C (ambient),Inoc_25,1,"10 dpl

08.07.2025",10,7,day_10
Plate 12_B3_Inoc_25C,Plate 12,Inoc,B3,25C (ambient),Inoc_25,1,"11 dpl

08.08.2025",11,7,day_11
Plate 12_B3_Inoc_25C,Plate 12,Inoc,B3,25C (ambient),Inoc_25,1,"13 dpl

08.10.2025",13,7,day_13
Plate 12_B3_Inoc_25C,Plate 12,Inoc,B3,25C (ambient),Inoc_25,1,"14 dpl

08.11.2025",14,7,day_14
Plate 12_B3_Inoc_25C,Plate 12,Inoc,B3,25C (ambient),Inoc_25,1,21 dpl,21,7,day_21
Plate 12_B4_Inoc_25C,Plate 12,Inoc,B4,25C (ambient),Inoc_25,1,"0 dpi

07.28.2025",0,0,day_0
Plate 12_B4_Inoc_25C,Plate 12,Inoc,B4,25C (ambient),Inoc_25,1,"3 dpl

07.31.2025",3,0,day_3
Plate 12_B4_Inoc_25C,Plate 12,Inoc,B4,25C (ambient),Inoc_25,1,"4 dpl

08.01.2025",4,0,day_4
Plate 12_B4_Inoc_25C,Plate 12,Inoc,B4,25C (ambient),Inoc_25,1,"5 dpl

08.02.2025",5,edu,day_5
Plate 12_B4_Inoc_25C,Plate 12,Inoc,B4,25C (ambient),Inoc_25,1,"6 dpl

08.03. 2025",6,edu,day_6
Plate 12_B4_Inoc_25C,Plate 12,Inoc,B4,25C (ambient),Inoc_25,1,"7 dpl

08.04.2025",7,edu,day_7
Plate 12_B4_Inoc_25C,Plate 12,Inoc,B4,25C (ambient),Inoc_25,1,"8 dpl

08.05.2025",8,edu,day_8
Plate 12_B4_Inoc_25C,Plate 12,Inoc,B4,25C (ambient),Inoc_25,1,"9 dpl

08.06.2025",9,edu,day_9
Plate 12_B4_Inoc_25C,Plate 12,Inoc,B4,25C (ambient),Inoc_25,1,"10 dpl

08.07.2025",10,edu,day_10
Plate 12_B4_Inoc_25C,Plate 12,Inoc,B4,25C (ambient),Inoc_25,1,"11 dpl

08.08.2025",11,edu,day_11
Plate 12_B4_Inoc_25C,Plate 12,Inoc,B4,25C (ambient),Inoc_25,1,"13 dpl

08.10.2025",13,edu,day_13
Plate 12_B4_Inoc_25C,Plate 12,Inoc,B4,25C (ambient),Inoc_25,1,"14 dpl

08.11.2025",14,edu,day_14
Plate 12_B4_Inoc_25C,Plate 12,Inoc,B4,25C (ambient),Inoc_25,1,21 dpl,21,edu,day_21
Plate 12_B5_Inoc_25C,Plate 12,Inoc,B5,25C (ambient),Inoc_25,1,"0 dpi

07.28.2025",0,0,day_0
Plate 12_B5_Inoc_25C,Plate 12,Inoc,B5,25C (ambient),Inoc_25,1,"3 dpl

07.31.2025",3,0,day_3
Plate 12_B5_Inoc_25C,Plate 12,Inoc,B5,25C (ambient),Inoc_25,1,"4 dpl

08.01.2025",4,0,day_4
Plate 12_B5_Inoc_25C,Plate 12,Inoc,B5,25C (ambient),Inoc_25,1,"5 dpl

08.02.2025",5,0,day_5
Plate 12_B5_Inoc_25C,Plate 12,Inoc,B5,25C (ambient),Inoc_25,1,"6 dpl

08.03. 2025",6,0,day_6
Plate 12_B5_Inoc_25C,Plate 12,Inoc,B5,25C (ambient),Inoc_25,1,"7 dpl

08.04.2025",7,4,day_7
Plate 12_B5_Inoc_25C,Plate 12,Inoc,B5,25C (ambient),Inoc_25,1,"8 dpl

08.05.2025",8,edu,day_8
Plate 12_B5_Inoc_25C,Plate 12,Inoc,B5,25C (ambient),Inoc_25,1,"9 dpl

08.06.2025",9,edu,day_9
Plate 12_B5_Inoc_25C,Plate 12,Inoc,B5,25C (ambient),Inoc_25,1,"10 dpl

08.07.2025",10,edu,day_10
Plate 12_B5_Inoc_25C,Plate 12,Inoc,B5,25C (ambient),Inoc_25,1,"11 dpl

08.08.2025",11,edu,day_11
Plate 12_B5_Inoc_25C,Plate 12,Inoc,B5,25C (ambient),Inoc_25,1,"13 dpl

08.10.2025",13,edu,day_13
Plate 12_B5_Inoc_25C,Plate 12,Inoc,B5,25C (ambient),Inoc_25,1,"14 dpl

08.11.2025",14,edu,day_14
Plate 12_B5_Inoc_25C,Plate 12,Inoc,B5,25C (ambient),Inoc_25,1,21 dpl,21,edu,day_21
Plate 12_B6_Inoc_25C,Plate 12,Inoc,B6,25C (ambient),Inoc_25,1,"0 dpi

07.28.2025",0,0,day_0
Plate 12_B6_Inoc_25C,Plate 12,Inoc,B6,25C (ambient),Inoc_25,1,"3 dpl

07.31.2025",3,0,day_3
Plate 12_B6_Inoc_25C,Plate 12,Inoc,B6,25C (ambient),Inoc_25,1,"4 dpl

08.01.2025",4,0,day_4
Plate 12_B6_Inoc_25C,Plate 12,Inoc,B6,25C (ambient),Inoc_25,1,"5 dpl

08.02.2025",5,0,day_5
Plate 12_B6_Inoc_25C,Plate 12,Inoc,B6,25C (ambient),Inoc_25,1,"6 dpl

08.03. 2025",6,0,day_6
Plate 12_B6_Inoc_25C,Plate 12,Inoc,B6,25C (ambient),Inoc_25,1,"7 dpl

08.04.2025",7,0,day_7
Plate 12_B6_Inoc_25C,Plate 12,Inoc,B6,25C (ambient),Inoc_25,1,"8 dpl

08.05.2025",8,edu,day_8
Plate 12_B6_Inoc_25C,Plate 12,Inoc,B6,25C (ambient),Inoc_25,1,"9 dpl

08.06.2025",9,edu,day_9
Plate 12_B6_Inoc_25C,Plate 12,Inoc,B6,25C (ambient),Inoc_25,1,"10 dpl

08.07.2025",10,edu,day_10
Plate 12_B6_Inoc_25C,Plate 12,Inoc,B6,25C (ambient),Inoc_25,1,"11 dpl

08.08.2025",11,edu,day_11
Plate 12_B6_Inoc_25C,Plate 12,Inoc,B6,25C (ambient),Inoc_25,1,"13 dpl

08.10.2025",13,edu,day_13
Plate 12_B6_Inoc_25C,Plate 12,Inoc,B6,25C (ambient),Inoc_25,1,"14 dpl

08.11.2025",14,edu,day_14
Plate 12_B6_Inoc_25C,Plate 12,Inoc,B6,25C (ambient),Inoc_25,1,21 dpl,21,edu,day_21
Plate 12_C1_Inoc_25C,Plate 12,Inoc,C1,25C (ambient),Inoc_25,1,"0 dpi

07.28.2025",0,0,day_0
Plate 12_C1_Inoc_25C,Plate 12,Inoc,C1,25C (ambient),Inoc_25,1,"3 dpl

07.31.2025",3,0,day_3
Plate 12_C1_Inoc_25C,Plate 12,Inoc,C1,25C (ambient),Inoc_25,1,"4 dpl

08.01.2025",4,0,day_4
Plate 12_C1_Inoc_25C,Plate 12,Inoc,C1,25C (ambient),Inoc_25,1,"5 dpl

08.02.2025",5,0,day_5
Plate 12_C1_Inoc_25C,Plate 12,Inoc,C1,25C (ambient),Inoc_25,1,"6 dpl

08.03. 2025",6,0,day_6
Plate 12_C1_Inoc_25C,Plate 12,Inoc,C1,25C (ambient),Inoc_25,1,"7 dpl

08.04.2025",7,0,day_7
Plate 12_C1_Inoc_25C,Plate 12,Inoc,C1,25C (ambient),Inoc_25,1,"8 dpl

08.05.2025",8,0,day_8
Plate 12_C1_Inoc_25C,Plate 12,Inoc,C1,25C (ambient),Inoc_25,1,"9 dpl

08.06.2025",9,0,day_9
Plate 12_C1_Inoc_25C,Plate 12,Inoc,C1,25C (ambient),Inoc_25,1,"10 dpl

08.07.2025",10,0,day_10
Plate 12_C1_Inoc_25C,Plate 12,Inoc,C1,25C (ambient),Inoc_25,1,"11 dpl

08.08.2025",11,2,day_11
Plate 12_C1_Inoc_25C,Plate 12,Inoc,C1,25C (ambient),Inoc_25,1,"13 dpl

08.10.2025",13,2,day_13
Plate 12_C1_Inoc_25C,Plate 12,Inoc,C1,25C (ambient),Inoc_25,1,"14 dpl

08.11.2025",14,na,day_14
Plate 12_C1_Inoc_25C,Plate 12,Inoc,C1,25C (ambient),Inoc_25,1,21 dpl,21,na,day_21
Plate 12_C2_Inoc_25C,Plate 12,Inoc,C2,25C (ambient),Inoc_25,1,"0 dpi

07.28.2025",0,0,day_0
Plate 12_C2_Inoc_25C,Plate 12,Inoc,C2,25C (ambient),Inoc_25,1,"3 dpl

07.31.2025",3,0,day_3
Plate 12_C2_Inoc_25C,Plate 12,Inoc,C2,25C (ambient),Inoc_25,1,"4 dpl

08.01.2025",4,0,day_4
Plate 12_C2_Inoc_25C,Plate 12,Inoc,C2,25C (ambient),Inoc_25,1,"5 dpl

08.02.2025",5,0,day_5
Plate 12_C2_Inoc_25C,Plate 12,Inoc,C2,25C (ambient),Inoc_25,1,"6 dpl

08.03. 2025",6,0,day_6
Plate 12_C2_Inoc_25C,Plate 12,Inoc,C2,25C (ambient),Inoc_25,1,"7 dpl

08.04.2025",7,0,day_7
Plate 12_C2_Inoc_25C,Plate 12,Inoc,C2,25C (ambient),Inoc_25,1,"8 dpl

08.05.2025",8,6,day_8
Plate 12_C2_Inoc_25C,Plate 12,Inoc,C2,25C (ambient),Inoc_25,1,"9 dpl

08.06.2025",9,8,day_9
Plate 12_C2_Inoc_25C,Plate 12,Inoc,C2,25C (ambient),Inoc_25,1,"10 dpl

08.07.2025",10,8,day_10
Plate 12_C2_Inoc_25C,Plate 12,Inoc,C2,25C (ambient),Inoc_25,1,"11 dpl

08.08.2025",11,8,day_11
Plate 12_C2_Inoc_25C,Plate 12,Inoc,C2,25C (ambient),Inoc_25,1,"13 dpl

08.10.2025",13,8,day_13
Plate 12_C2_Inoc_25C,Plate 12,Inoc,C2,25C (ambient),Inoc_25,1,"14 dpl

08.11.2025",14,na,day_14
Plate 12_C2_Inoc_25C,Plate 12,Inoc,C2,25C (ambient),Inoc_25,1,21 dpl,21,na,day_21
Plate 12_C2_Inoc_25C,Plate 12,Inoc,C2,25C (ambient),Inoc_25,2,"0 dpi

07.28.2025",0,0,day_0
Plate 12_C2_Inoc_25C,Plate 12,Inoc,C2,25C (ambient),Inoc_25,2,"3 dpl

07.31.2025",3,0,day_3
Plate 12_C2_Inoc_25C,Plate 12,Inoc,C2,25C (ambient),Inoc_25,2,"4 dpl

08.01.2025",4,0,day_4
Plate 12_C2_Inoc_25C,Plate 12,Inoc,C2,25C (ambient),Inoc_25,2,"5 dpl

08.02.2025",5,0,day_5
Plate 12_C2_Inoc_25C,Plate 12,Inoc,C2,25C (ambient),Inoc_25,2,"6 dpl

08.03. 2025",6,0,day_6
Plate 12_C2_Inoc_25C,Plate 12,Inoc,C2,25C (ambient),Inoc_25,2,"7 dpl

08.04.2025",7,0,day_7
Plate 12_C2_Inoc_25C,Plate 12,Inoc,C2,25C (ambient),Inoc_25,2,"8 dpl

08.05.2025",8,0,day_8
Plate 12_C2_Inoc_25C,Plate 12,Inoc,C2,25C (ambient),Inoc_25,2,"9 dpl

08.06.2025",9,na,day_9
Plate 12_C2_Inoc_25C,Plate 12,Inoc,C2,25C (ambient),Inoc_25,2,"10 dpl

08.07.2025",10,na,day_10
Plate 12_C2_Inoc_25C,Plate 12,Inoc,C2,25C (ambient),Inoc_25,2,"11 dpl

08.08.2025",11,na,day_11
Plate 12_C2_Inoc_25C,Plate 12,Inoc,C2,25C (ambient),Inoc_25,2,"13 dpl

08.10.2025",13,na,day_13
Plate 12_C2_Inoc_25C,Plate 12,Inoc,C2,25C (ambient),Inoc_25,2,"14 dpl

08.11.2025",14,na,day_14
Plate 12_C2_Inoc_25C,Plate 12,Inoc,C2,25C (ambient),Inoc_25,2,21 dpl,21,na,day_21
Plate 12_C3_Inoc_25C,Plate 12,Inoc,C3,25C (ambient),Inoc_25,1,"0 dpi

07.28.2025",0,0,day_0
Plate 12_C3_Inoc_25C,Plate 12,Inoc,C3,25C (ambient),Inoc_25,1,"3 dpl

07.31.2025",3,0,day_3
Plate 12_C3_Inoc_25C,Plate 12,Inoc,C3,25C (ambient),Inoc_25,1,"4 dpl

08.01.2025",4,0,day_4
Plate 12_C3_Inoc_25C,Plate 12,Inoc,C3,25C (ambient),Inoc_25,1,"5 dpl

08.02.2025",5,0,day_5
Plate 12_C3_Inoc_25C,Plate 12,Inoc,C3,25C (ambient),Inoc_25,1,"6 dpl

08.03. 2025",6,0,day_6
Plate 12_C3_Inoc_25C,Plate 12,Inoc,C3,25C (ambient),Inoc_25,1,"7 dpl

08.04.2025",7,0,day_7
Plate 12_C3_Inoc_25C,Plate 12,Inoc,C3,25C (ambient),Inoc_25,1,"8 dpl

08.05.2025",8,8,day_8
Plate 12_C3_Inoc_25C,Plate 12,Inoc,C3,25C (ambient),Inoc_25,1,"9 dpl

08.06.2025",9,8,day_9
Plate 12_C3_Inoc_25C,Plate 12,Inoc,C3,25C (ambient),Inoc_25,1,"10 dpl

08.07.2025",10,8,day_10
Plate 12_C3_Inoc_25C,Plate 12,Inoc,C3,25C (ambient),Inoc_25,1,"11 dpl

08.08.2025",11,8,day_11
Plate 12_C3_Inoc_25C,Plate 12,Inoc,C3,25C (ambient),Inoc_25,1,"13 dpl

08.10.2025",13,8,day_13
Plate 12_C3_Inoc_25C,Plate 12,Inoc,C3,25C (ambient),Inoc_25,1,"14 dpl

08.11.2025",14,na,day_14
Plate 12_C3_Inoc_25C,Plate 12,Inoc,C3,25C (ambient),Inoc_25,1,21 dpl,21,na,day_21
Plate 12_C4_Inoc_25C,Plate 12,Inoc,C4,25C (ambient),Inoc_25,1,"0 dpi

07.28.2025",0,0,day_0
Plate 12_C4_Inoc_25C,Plate 12,Inoc,C4,25C (ambient),Inoc_25,1,"3 dpl

07.31.2025",3,0,day_3
Plate 12_C4_Inoc_25C,Plate 12,Inoc,C4,25C (ambient),Inoc_25,1,"4 dpl

08.01.2025",4,na,day_4
Plate 12_C4_Inoc_25C,Plate 12,Inoc,C4,25C (ambient),Inoc_25,1,"5 dpl

08.02.2025",5,na,day_5
Plate 12_C4_Inoc_25C,Plate 12,Inoc,C4,25C (ambient),Inoc_25,1,"6 dpl

08.03. 2025",6,na,day_6
Plate 12_C4_Inoc_25C,Plate 12,Inoc,C4,25C (ambient),Inoc_25,1,"7 dpl

08.04.2025",7,na,day_7
Plate 12_C4_Inoc_25C,Plate 12,Inoc,C4,25C (ambient),Inoc_25,1,"8 dpl

08.05.2025",8,na,day_8
Plate 12_C4_Inoc_25C,Plate 12,Inoc,C4,25C (ambient),Inoc_25,1,"9 dpl

08.06.2025",9,na,day_9
Plate 12_C4_Inoc_25C,Plate 12,Inoc,C4,25C (ambient),Inoc_25,1,"10 dpl

08.07.2025",10,na,day_10
Plate 12_C4_Inoc_25C,Plate 12,Inoc,C4,25C (ambient),Inoc_25,1,"11 dpl

08.08.2025",11,na,day_11
Plate 12_C4_Inoc_25C,Plate 12,Inoc,C4,25C (ambient),Inoc_25,1,"13 dpl

08.10.2025",13,na,day_13
Plate 12_C4_Inoc_25C,Plate 12,Inoc,C4,25C (ambient),Inoc_25,1,"14 dpl

08.11.2025",14,na,day_14
Plate 12_C4_Inoc_25C,Plate 12,Inoc,C4,25C (ambient),Inoc_25,1,21 dpl,21,na,day_21
Plate 12_C5_Inoc_25C,Plate 12,Inoc,C5,25C (ambient),Inoc_25,1,"0 dpi

07.28.2025",0,0,day_0
Plate 12_C5_Inoc_25C,Plate 12,Inoc,C5,25C (ambient),Inoc_25,1,"3 dpl

07.31.2025",3,0,day_3
Plate 12_C5_Inoc_25C,Plate 12,Inoc,C5,25C (ambient),Inoc_25,1,"4 dpl

08.01.2025",4,0,day_4
Plate 12_C5_Inoc_25C,Plate 12,Inoc,C5,25C (ambient),Inoc_25,1,"5 dpl

08.02.2025",5,0,day_5
Plate 12_C5_Inoc_25C,Plate 12,Inoc,C5,25C (ambient),Inoc_25,1,"6 dpl

08.03. 2025",6,0,day_6
Plate 12_C5_Inoc_25C,Plate 12,Inoc,C5,25C (ambient),Inoc_25,1,"7 dpl

08.04.2025",7,0,day_7
Plate 12_C5_Inoc_25C,Plate 12,Inoc,C5,25C (ambient),Inoc_25,1,"8 dpl

08.05.2025",8,edu,day_8
Plate 12_C5_Inoc_25C,Plate 12,Inoc,C5,25C (ambient),Inoc_25,1,"9 dpl

08.06.2025",9,edu,day_9
Plate 12_C5_Inoc_25C,Plate 12,Inoc,C5,25C (ambient),Inoc_25,1,"10 dpl

08.07.2025",10,edu,day_10
Plate 12_C5_Inoc_25C,Plate 12,Inoc,C5,25C (ambient),Inoc_25,1,"11 dpl

08.08.2025",11,edu,day_11
Plate 12_C5_Inoc_25C,Plate 12,Inoc,C5,25C (ambient),Inoc_25,1,"13 dpl

08.10.2025",13,edu,day_13
Plate 12_C5_Inoc_25C,Plate 12,Inoc,C5,25C (ambient),Inoc_25,1,"14 dpl

08.11.2025",14,edu,day_14
Plate 12_C5_Inoc_25C,Plate 12,Inoc,C5,25C (ambient),Inoc_25,1,21 dpl,21,edu,day_21
Plate 12_C6_Inoc_25C,Plate 12,Inoc,C6,25C (ambient),Inoc_25,1,"0 dpi

07.28.2025",0,0,day_0
Plate 12_C6_Inoc_25C,Plate 12,Inoc,C6,25C (ambient),Inoc_25,1,"3 dpl

07.31.2025",3,0,day_3
Plate 12_C6_Inoc_25C,Plate 12,Inoc,C6,25C (ambient),Inoc_25,1,"4 dpl

08.01.2025",4,0,day_4
Plate 12_C6_Inoc_25C,Plate 12,Inoc,C6,25C (ambient),Inoc_25,1,"5 dpl

08.02.2025",5,0,day_5
Plate 12_C6_Inoc_25C,Plate 12,Inoc,C6,25C (ambient),Inoc_25,1,"6 dpl

08.03. 2025",6,0,day_6
Plate 12_C6_Inoc_25C,Plate 12,Inoc,C6,25C (ambient),Inoc_25,1,"7 dpl

08.04.2025",7,2,day_7
Plate 12_C6_Inoc_25C,Plate 12,Inoc,C6,25C (ambient),Inoc_25,1,"8 dpl

08.05.2025",8,edu,day_8
Plate 12_C6_Inoc_25C,Plate 12,Inoc,C6,25C (ambient),Inoc_25,1,"9 dpl

08.06.2025",9,edu,day_9
Plate 12_C6_Inoc_25C,Plate 12,Inoc,C6,25C (ambient),Inoc_25,1,"10 dpl

08.07.2025",10,edu,day_10
Plate 12_C6_Inoc_25C,Plate 12,Inoc,C6,25C (ambient),Inoc_25,1,"11 dpl

08.08.2025",11,edu,day_11
Plate 12_C6_Inoc_25C,Plate 12,Inoc,C6,25C (ambient),Inoc_25,1,"13 dpl

08.10.2025",13,edu,day_13
Plate 12_C6_Inoc_25C,Plate 12,Inoc,C6,25C (ambient),Inoc_25,1,"14 dpl

08.11.2025",14,edu,day_14
Plate 12_C6_Inoc_25C,Plate 12,Inoc,C6,25C (ambient),Inoc_25,1,21 dpl,21,edu,day_21
Plate 12_D1_Inoc_25C,Plate 12,Inoc,D1,25C (ambient),Inoc_25,1,"0 dpi

07.28.2025",0,0,day_0
Plate 12_D1_Inoc_25C,Plate 12,Inoc,D1,25C (ambient),Inoc_25,1,"3 dpl

07.31.2025",3,0,day_3
Plate 12_D1_Inoc_25C,Plate 12,Inoc,D1,25C (ambient),Inoc_25,1,"4 dpl

08.01.2025",4,0,day_4
Plate 12_D1_Inoc_25C,Plate 12,Inoc,D1,25C (ambient),Inoc_25,1,"5 dpl

08.02.2025",5,0,day_5
Plate 12_D1_Inoc_25C,Plate 12,Inoc,D1,25C (ambient),Inoc_25,1,"6 dpl

08.03. 2025",6,4,day_6
Plate 12_D1_Inoc_25C,Plate 12,Inoc,D1,25C (ambient),Inoc_25,1,"7 dpl

08.04.2025",7,4,day_7
Plate 12_D1_Inoc_25C,Plate 12,Inoc,D1,25C (ambient),Inoc_25,1,"8 dpl

08.05.2025",8,11,day_8
Plate 12_D1_Inoc_25C,Plate 12,Inoc,D1,25C (ambient),Inoc_25,1,"9 dpl

08.06.2025",9,11,day_9
Plate 12_D1_Inoc_25C,Plate 12,Inoc,D1,25C (ambient),Inoc_25,1,"10 dpl

08.07.2025",10,11,day_10
Plate 12_D1_Inoc_25C,Plate 12,Inoc,D1,25C (ambient),Inoc_25,1,"11 dpl

08.08.2025",11,11,day_11
Plate 12_D1_Inoc_25C,Plate 12,Inoc,D1,25C (ambient),Inoc_25,1,"13 dpl

08.10.2025",13,?,day_13
Plate 12_D1_Inoc_25C,Plate 12,Inoc,D1,25C (ambient),Inoc_25,1,"14 dpl

08.11.2025",14,na,day_14
Plate 12_D1_Inoc_25C,Plate 12,Inoc,D1,25C (ambient),Inoc_25,1,21 dpl,21,na,day_21
Plate 12_D2_Inoc_25C,Plate 12,Inoc,D2,25C (ambient),Inoc_25,1,"0 dpi

07.28.2025",0,0,day_0
Plate 12_D2_Inoc_25C,Plate 12,Inoc,D2,25C (ambient),Inoc_25,1,"3 dpl

07.31.2025",3,0,day_3
Plate 12_D2_Inoc_25C,Plate 12,Inoc,D2,25C (ambient),Inoc_25,1,"4 dpl

08.01.2025",4,0,day_4
Plate 12_D2_Inoc_25C,Plate 12,Inoc,D2,25C (ambient),Inoc_25,1,"5 dpl

08.02.2025",5,0,day_5
Plate 12_D2_Inoc_25C,Plate 12,Inoc,D2,25C (ambient),Inoc_25,1,"6 dpl

08.03. 2025",6,0,day_6
Plate 12_D2_Inoc_25C,Plate 12,Inoc,D2,25C (ambient),Inoc_25,1,"7 dpl

08.04.2025",7,0,day_7
Plate 12_D2_Inoc_25C,Plate 12,Inoc,D2,25C (ambient),Inoc_25,1,"8 dpl

08.05.2025",8,5,day_8
Plate 12_D2_Inoc_25C,Plate 12,Inoc,D2,25C (ambient),Inoc_25,1,"9 dpl

08.06.2025",9,?,day_9
Plate 12_D2_Inoc_25C,Plate 12,Inoc,D2,25C (ambient),Inoc_25,1,"10 dpl

08.07.2025",10,?,day_10
Plate 12_D2_Inoc_25C,Plate 12,Inoc,D2,25C (ambient),Inoc_25,1,"11 dpl

08.08.2025",11,5,day_11
Plate 12_D2_Inoc_25C,Plate 12,Inoc,D2,25C (ambient),Inoc_25,1,"13 dpl

08.10.2025",13,?,day_13
Plate 12_D2_Inoc_25C,Plate 12,Inoc,D2,25C (ambient),Inoc_25,1,"14 dpl

08.11.2025",14,na,day_14
Plate 12_D2_Inoc_25C,Plate 12,Inoc,D2,25C (ambient),Inoc_25,1,21 dpl,21,na,day_21
Plate 12_D3_Inoc_25C,Plate 12,Inoc,D3,25C (ambient),Inoc_25,1,"0 dpi

07.28.2025",0,0,day_0
Plate 12_D3_Inoc_25C,Plate 12,Inoc,D3,25C (ambient),Inoc_25,1,"3 dpl

07.31.2025",3,0,day_3
Plate 12_D3_Inoc_25C,Plate 12,Inoc,D3,25C (ambient),Inoc_25,1,"4 dpl

08.01.2025",4,na,day_4
Plate 12_D3_Inoc_25C,Plate 12,Inoc,D3,25C (ambient),Inoc_25,1,"5 dpl

08.02.2025",5,na,day_5
Plate 12_D3_Inoc_25C,Plate 12,Inoc,D3,25C (ambient),Inoc_25,1,"6 dpl

08.03. 2025",6,na,day_6
Plate 12_D3_Inoc_25C,Plate 12,Inoc,D3,25C (ambient),Inoc_25,1,"7 dpl

08.04.2025",7,na,day_7
Plate 12_D3_Inoc_25C,Plate 12,Inoc,D3,25C (ambient),Inoc_25,1,"8 dpl

08.05.2025",8,na,day_8
Plate 12_D3_Inoc_25C,Plate 12,Inoc,D3,25C (ambient),Inoc_25,1,"9 dpl

08.06.2025",9,na,day_9
Plate 12_D3_Inoc_25C,Plate 12,Inoc,D3,25C (ambient),Inoc_25,1,"10 dpl

08.07.2025",10,na,day_10
Plate 12_D3_Inoc_25C,Plate 12,Inoc,D3,25C (ambient),Inoc_25,1,"11 dpl

08.08.2025",11,na,day_11
Plate 12_D3_Inoc_25C,Plate 12,Inoc,D3,25C (ambient),Inoc_25,1,"13 dpl

08.10.2025",13,na,day_13
Plate 12_D3_Inoc_25C,Plate 12,Inoc,D3,25C (ambient),Inoc_25,1,"14 dpl

08.11.2025",14,na,day_14
Plate 12_D3_Inoc_25C,Plate 12,Inoc,D3,25C (ambient),Inoc_25,1,21 dpl,21,na,day_21
Plate 12_D4_Inoc_25C,Plate 12,Inoc,D4,25C (ambient),Inoc_25,1,"0 dpi

07.28.2025",0,0,day_0
Plate 12_D4_Inoc_25C,Plate 12,Inoc,D4,25C (ambient),Inoc_25,1,"3 dpl

07.31.2025",3,0,day_3
Plate 12_D4_Inoc_25C,Plate 12,Inoc,D4,25C (ambient),Inoc_25,1,"4 dpl

08.01.2025",4,na,day_4
Plate 12_D4_Inoc_25C,Plate 12,Inoc,D4,25C (ambient),Inoc_25,1,"5 dpl

08.02.2025",5,na,day_5
Plate 12_D4_Inoc_25C,Plate 12,Inoc,D4,25C (ambient),Inoc_25,1,"6 dpl

08.03. 2025",6,na,day_6
Plate 12_D4_Inoc_25C,Plate 12,Inoc,D4,25C (ambient),Inoc_25,1,"7 dpl

08.04.2025",7,na,day_7
Plate 12_D4_Inoc_25C,Plate 12,Inoc,D4,25C (ambient),Inoc_25,1,"8 dpl

08.05.2025",8,na,day_8
Plate 12_D4_Inoc_25C,Plate 12,Inoc,D4,25C (ambient),Inoc_25,1,"9 dpl

08.06.2025",9,na,day_9
Plate 12_D4_Inoc_25C,Plate 12,Inoc,D4,25C (ambient),Inoc_25,1,"10 dpl

08.07.2025",10,na,day_10
Plate 12_D4_Inoc_25C,Plate 12,Inoc,D4,25C (ambient),Inoc_25,1,"11 dpl

08.08.2025",11,na,day_11
Plate 12_D4_Inoc_25C,Plate 12,Inoc,D4,25C (ambient),Inoc_25,1,"13 dpl

08.10.2025",13,na,day_13
Plate 12_D4_Inoc_25C,Plate 12,Inoc,D4,25C (ambient),Inoc_25,1,"14 dpl

08.11.2025",14,na,day_14
Plate 12_D4_Inoc_25C,Plate 12,Inoc,D4,25C (ambient),Inoc_25,1,21 dpl,21,na,day_21
Plate 12_D5_Inoc_25C,Plate 12,Inoc,D5,25C (ambient),Inoc_25,1,"0 dpi

07.28.2025",0,0,day_0
Plate 12_D5_Inoc_25C,Plate 12,Inoc,D5,25C (ambient),Inoc_25,1,"3 dpl

07.31.2025",3,0,day_3
Plate 12_D5_Inoc_25C,Plate 12,Inoc,D5,25C (ambient),Inoc_25,1,"4 dpl

08.01.2025",4,na,day_4
Plate 12_D5_Inoc_25C,Plate 12,Inoc,D5,25C (ambient),Inoc_25,1,"5 dpl

08.02.2025",5,na,day_5
Plate 12_D5_Inoc_25C,Plate 12,Inoc,D5,25C (ambient),Inoc_25,1,"6 dpl

08.03. 2025",6,na,day_6
Plate 12_D5_Inoc_25C,Plate 12,Inoc,D5,25C (ambient),Inoc_25,1,"7 dpl

08.04.2025",7,na,day_7
Plate 12_D5_Inoc_25C,Plate 12,Inoc,D5,25C (ambient),Inoc_25,1,"8 dpl

08.05.2025",8,na,day_8
Plate 12_D5_Inoc_25C,Plate 12,Inoc,D5,25C (ambient),Inoc_25,1,"9 dpl

08.06.2025",9,na,day_9
Plate 12_D5_Inoc_25C,Plate 12,Inoc,D5,25C (ambient),Inoc_25,1,"10 dpl

08.07.2025",10,na,day_10
Plate 12_D5_Inoc_25C,Plate 12,Inoc,D5,25C (ambient),Inoc_25,1,"11 dpl

08.08.2025",11,na,day_11
Plate 12_D5_Inoc_25C,Plate 12,Inoc,D5,25C (ambient),Inoc_25,1,"13 dpl

08.10.2025",13,na,day_13
Plate 12_D5_Inoc_25C,Plate 12,Inoc,D5,25C (ambient),Inoc_25,1,"14 dpl

08.11.2025",14,na,day_14
Plate 12_D5_Inoc_25C,Plate 12,Inoc,D5,25C (ambient),Inoc_25,1,21 dpl,21,na,day_21
Plate 12_D6_Inoc_25C,Plate 12,Inoc,D6,25C (ambient),Inoc_25,1,"0 dpi

07.28.2025",0,0,day_0
Plate 12_D6_Inoc_25C,Plate 12,Inoc,D6,25C (ambient),Inoc_25,1,"3 dpl

07.31.2025",3,na,day_3
Plate 12_D6_Inoc_25C,Plate 12,Inoc,D6,25C (ambient),Inoc_25,1,"4 dpl

08.01.2025",4,na,day_4
Plate 12_D6_Inoc_25C,Plate 12,Inoc,D6,25C (ambient),Inoc_25,1,"5 dpl

08.02.2025",5,na,day_5
Plate 12_D6_Inoc_25C,Plate 12,Inoc,D6,25C (ambient),Inoc_25,1,"6 dpl

08.03. 2025",6,na,day_6
Plate 12_D6_Inoc_25C,Plate 12,Inoc,D6,25C (ambient),Inoc_25,1,"7 dpl

08.04.2025",7,na,day_7
Plate 12_D6_Inoc_25C,Plate 12,Inoc,D6,25C (ambient),Inoc_25,1,"8 dpl

08.05.2025",8,na,day_8
Plate 12_D6_Inoc_25C,Plate 12,Inoc,D6,25C (ambient),Inoc_25,1,"9 dpl

08.06.2025",9,na,day_9
Plate 12_D6_Inoc_25C,Plate 12,Inoc,D6,25C (ambient),Inoc_25,1,"10 dpl

08.07.2025",10,na,day_10
Plate 12_D6_Inoc_25C,Plate 12,Inoc,D6,25C (ambient),Inoc_25,1,"11 dpl

08.08.2025",11,na,day_11
Plate 12_D6_Inoc_25C,Plate 12,Inoc,D6,25C (ambient),Inoc_25,1,"13 dpl

08.10.2025",13,na,day_13
Plate 12_D6_Inoc_25C,Plate 12,Inoc,D6,25C (ambient),Inoc_25,1,"14 dpl

08.11.2025",14,na,day_14
Plate 12_D6_Inoc_25C,Plate 12,Inoc,D6,25C (ambient),Inoc_25,1,21 dpl,21,na,day_21
Plate 13_A1_Inoc_32C,Plate 13,Inoc,A1,32C (heat stress),Inoc_32,1,"0 dpi

07.28.2025",0,0,day_0
Plate 13_A1_Inoc_32C,Plate 13,Inoc,A1,32C (heat stress),Inoc_32,1,"3 dpl

07.31.2025",3,0,day_3
Plate 13_A1_Inoc_32C,Plate 13,Inoc,A1,32C (heat stress),Inoc_32,1,"4 dpl

08.01.2025",4,0,day_4
Plate 13_A1_Inoc_32C,Plate 13,Inoc,A1,32C (heat stress),Inoc_32,1,"5 dpl

08.02.2025",5,0,day_5
Plate 13_A1_Inoc_32C,Plate 13,Inoc,A1,32C (heat stress),Inoc_32,1,"6 dpl

08.03. 2025",6,0,day_6
Plate 13_A1_Inoc_32C,Plate 13,Inoc,A1,32C (heat stress),Inoc_32,1,"7 dpl

08.04.2025",7,0,day_7
Plate 13_A1_Inoc_32C,Plate 13,Inoc,A1,32C (heat stress),Inoc_32,1,"8 dpl

08.05.2025",8,3,day_8
Plate 13_A1_Inoc_32C,Plate 13,Inoc,A1,32C (heat stress),Inoc_32,1,"9 dpl

08.06.2025",9,5,day_9
Plate 13_A1_Inoc_32C,Plate 13,Inoc,A1,32C (heat stress),Inoc_32,1,"10 dpl

08.07.2025",10,5,day_10
Plate 13_A1_Inoc_32C,Plate 13,Inoc,A1,32C (heat stress),Inoc_32,1,"11 dpl

08.08.2025",11,5,day_11
Plate 13_A1_Inoc_32C,Plate 13,Inoc,A1,32C (heat stress),Inoc_32,1,"13 dpl

08.10.2025",13,5,day_13
Plate 13_A1_Inoc_32C,Plate 13,Inoc,A1,32C (heat stress),Inoc_32,1,"14 dpl

08.11.2025",14,5,day_14
Plate 13_A1_Inoc_32C,Plate 13,Inoc,A1,32C (heat stress),Inoc_32,1,21 dpl,21,?,day_21
Plate 13_A2_Inoc_32C,Plate 13,Inoc,A2,32C (heat stress),Inoc_32,1,"0 dpi

07.28.2025",0,0,day_0
Plate 13_A2_Inoc_32C,Plate 13,Inoc,A2,32C (heat stress),Inoc_32,1,"3 dpl

07.31.2025",3,0,day_3
Plate 13_A2_Inoc_32C,Plate 13,Inoc,A2,32C (heat stress),Inoc_32,1,"4 dpl

08.01.2025",4,0,day_4
Plate 13_A2_Inoc_32C,Plate 13,Inoc,A2,32C (heat stress),Inoc_32,1,"5 dpl

08.02.2025",5,7,day_5
Plate 13_A2_Inoc_32C,Plate 13,Inoc,A2,32C (heat stress),Inoc_32,1,"6 dpl

08.03. 2025",6,14,day_6
Plate 13_A2_Inoc_32C,Plate 13,Inoc,A2,32C (heat stress),Inoc_32,1,"7 dpl

08.04.2025",7,14,day_7
Plate 13_A2_Inoc_32C,Plate 13,Inoc,A2,32C (heat stress),Inoc_32,1,"8 dpl

08.05.2025",8,14,day_8
Plate 13_A2_Inoc_32C,Plate 13,Inoc,A2,32C (heat stress),Inoc_32,1,"9 dpl

08.06.2025",9,14,day_9
Plate 13_A2_Inoc_32C,Plate 13,Inoc,A2,32C (heat stress),Inoc_32,1,"10 dpl

08.07.2025",10,14,day_10
Plate 13_A2_Inoc_32C,Plate 13,Inoc,A2,32C (heat stress),Inoc_32,1,"11 dpl

08.08.2025",11,14,day_11
Plate 13_A2_Inoc_32C,Plate 13,Inoc,A2,32C (heat stress),Inoc_32,1,"13 dpl

08.10.2025",13,na,day_13
Plate 13_A2_Inoc_32C,Plate 13,Inoc,A2,32C (heat stress),Inoc_32,1,"14 dpl

08.11.2025",14,na,day_14
Plate 13_A2_Inoc_32C,Plate 13,Inoc,A2,32C (heat stress),Inoc_32,1,21 dpl,21,na,day_21
Plate 13_A2_Inoc_32C,Plate 13,Inoc,A2,32C (heat stress),Inoc_32,2,"0 dpi

07.28.2025",0,na,day_0
Plate 13_A2_Inoc_32C,Plate 13,Inoc,A2,32C (heat stress),Inoc_32,2,"3 dpl

07.31.2025",3,na,day_3
Plate 13_A2_Inoc_32C,Plate 13,Inoc,A2,32C (heat stress),Inoc_32,2,"4 dpl

08.01.2025",4,na,day_4
Plate 13_A2_Inoc_32C,Plate 13,Inoc,A2,32C (heat stress),Inoc_32,2,"5 dpl

08.02.2025",5,na,day_5
Plate 13_A2_Inoc_32C,Plate 13,Inoc,A2,32C (heat stress),Inoc_32,2,"6 dpl

08.03. 2025",6,na,day_6
Plate 13_A2_Inoc_32C,Plate 13,Inoc,A2,32C (heat stress),Inoc_32,2,"7 dpl

08.04.2025",7,na,day_7
Plate 13_A2_Inoc_32C,Plate 13,Inoc,A2,32C (heat stress),Inoc_32,2,"8 dpl

08.05.2025",8,na,day_8
Plate 13_A2_Inoc_32C,Plate 13,Inoc,A2,32C (heat stress),Inoc_32,2,"9 dpl

08.06.2025",9,na,day_9
Plate 13_A2_Inoc_32C,Plate 13,Inoc,A2,32C (heat stress),Inoc_32,2,"10 dpl

08.07.2025",10,na,day_10
Plate 13_A2_Inoc_32C,Plate 13,Inoc,A2,32C (heat stress),Inoc_32,2,"11 dpl

08.08.2025",11,na,day_11
Plate 13_A2_Inoc_32C,Plate 13,Inoc,A2,32C (heat stress),Inoc_32,2,"13 dpl

08.10.2025",13,na,day_13
Plate 13_A2_Inoc_32C,Plate 13,Inoc,A2,32C (heat stress),Inoc_32,2,"14 dpl

08.11.2025",14,na,day_14
Plate 13_A2_Inoc_32C,Plate 13,Inoc,A2,32C (heat stress),Inoc_32,2,21 dpl,21,na,day_21
Plate 13_A3_Inoc_32C,Plate 13,Inoc,A3,32C (heat stress),Inoc_32,1,"0 dpi

07.28.2025",0,0,day_0
Plate 13_A3_Inoc_32C,Plate 13,Inoc,A3,32C (heat stress),Inoc_32,1,"3 dpl

07.31.2025",3,0,day_3
Plate 13_A3_Inoc_32C,Plate 13,Inoc,A3,32C (heat stress),Inoc_32,1,"4 dpl

08.01.2025",4,7,day_4
Plate 13_A3_Inoc_32C,Plate 13,Inoc,A3,32C (heat stress),Inoc_32,1,"5 dpl

08.02.2025",5,8,day_5
Plate 13_A3_Inoc_32C,Plate 13,Inoc,A3,32C (heat stress),Inoc_32,1,"6 dpl

08.03. 2025",6,12,day_6
Plate 13_A3_Inoc_32C,Plate 13,Inoc,A3,32C (heat stress),Inoc_32,1,"7 dpl

08.04.2025",7,12,day_7
Plate 13_A3_Inoc_32C,Plate 13,Inoc,A3,32C (heat stress),Inoc_32,1,"8 dpl

08.05.2025",8,13,day_8
Plate 13_A3_Inoc_32C,Plate 13,Inoc,A3,32C (heat stress),Inoc_32,1,"9 dpl

08.06.2025",9,13,day_9
Plate 13_A3_Inoc_32C,Plate 13,Inoc,A3,32C (heat stress),Inoc_32,1,"10 dpl

08.07.2025",10,13,day_10
Plate 13_A3_Inoc_32C,Plate 13,Inoc,A3,32C (heat stress),Inoc_32,1,"11 dpl

08.08.2025",11,na,day_11
Plate 13_A3_Inoc_32C,Plate 13,Inoc,A3,32C (heat stress),Inoc_32,1,"13 dpl

08.10.2025",13,na,day_13
Plate 13_A3_Inoc_32C,Plate 13,Inoc,A3,32C (heat stress),Inoc_32,1,"14 dpl

08.11.2025",14,na,day_14
Plate 13_A3_Inoc_32C,Plate 13,Inoc,A3,32C (heat stress),Inoc_32,1,21 dpl,21,na,day_21
Plate 13_A4_Inoc_32C,Plate 13,Inoc,A4,32C (heat stress),Inoc_32,1,"0 dpi

07.28.2025",0,0,day_0
Plate 13_A4_Inoc_32C,Plate 13,Inoc,A4,32C (heat stress),Inoc_32,1,"3 dpl

07.31.2025",3,0,day_3
Plate 13_A4_Inoc_32C,Plate 13,Inoc,A4,32C (heat stress),Inoc_32,1,"4 dpl

08.01.2025",4,0,day_4
Plate 13_A4_Inoc_32C,Plate 13,Inoc,A4,32C (heat stress),Inoc_32,1,"5 dpl

08.02.2025",5,0,day_5
Plate 13_A4_Inoc_32C,Plate 13,Inoc,A4,32C (heat stress),Inoc_32,1,"6 dpl

08.03. 2025",6,0,day_6
Plate 13_A4_Inoc_32C,Plate 13,Inoc,A4,32C (heat stress),Inoc_32,1,"7 dpl

08.04.2025",7,0,day_7
Plate 13_A4_Inoc_32C,Plate 13,Inoc,A4,32C (heat stress),Inoc_32,1,"8 dpl

08.05.2025",8,0,day_8
Plate 13_A4_Inoc_32C,Plate 13,Inoc,A4,32C (heat stress),Inoc_32,1,"9 dpl

08.06.2025",9,0,day_9
Plate 13_A4_Inoc_32C,Plate 13,Inoc,A4,32C (heat stress),Inoc_32,1,"10 dpl

08.07.2025",10,0,day_10
Plate 13_A4_Inoc_32C,Plate 13,Inoc,A4,32C (heat stress),Inoc_32,1,"11 dpl

08.08.2025",11,0,day_11
Plate 13_A4_Inoc_32C,Plate 13,Inoc,A4,32C (heat stress),Inoc_32,1,"13 dpl

08.10.2025",13,0,day_13
Plate 13_A4_Inoc_32C,Plate 13,Inoc,A4,32C (heat stress),Inoc_32,1,"14 dpl

08.11.2025",14,0,day_14
Plate 13_A4_Inoc_32C,Plate 13,Inoc,A4,32C (heat stress),Inoc_32,1,21 dpl,21,0,day_21
Plate 13_A5_Inoc_32C,Plate 13,Inoc,A5,32C (heat stress),Inoc_32,1,"0 dpi

07.28.2025",0,0,day_0
Plate 13_A5_Inoc_32C,Plate 13,Inoc,A5,32C (heat stress),Inoc_32,1,"3 dpl

07.31.2025",3,0,day_3
Plate 13_A5_Inoc_32C,Plate 13,Inoc,A5,32C (heat stress),Inoc_32,1,"4 dpl

08.01.2025",4,0,day_4
Plate 13_A5_Inoc_32C,Plate 13,Inoc,A5,32C (heat stress),Inoc_32,1,"5 dpl

08.02.2025",5,2,day_5
Plate 13_A5_Inoc_32C,Plate 13,Inoc,A5,32C (heat stress),Inoc_32,1,"6 dpl

08.03. 2025",6,0,day_6
Plate 13_A5_Inoc_32C,Plate 13,Inoc,A5,32C (heat stress),Inoc_32,1,"7 dpl

08.04.2025",7,6,day_7
Plate 13_A5_Inoc_32C,Plate 13,Inoc,A5,32C (heat stress),Inoc_32,1,"8 dpl

08.05.2025",8,6,day_8
Plate 13_A5_Inoc_32C,Plate 13,Inoc,A5,32C (heat stress),Inoc_32,1,"9 dpl

08.06.2025",9,6,day_9
Plate 13_A5_Inoc_32C,Plate 13,Inoc,A5,32C (heat stress),Inoc_32,1,"10 dpl

08.07.2025",10,6,day_10
Plate 13_A5_Inoc_32C,Plate 13,Inoc,A5,32C (heat stress),Inoc_32,1,"11 dpl

08.08.2025",11,6,day_11
Plate 13_A5_Inoc_32C,Plate 13,Inoc,A5,32C (heat stress),Inoc_32,1,"13 dpl

08.10.2025",13,6,day_13
Plate 13_A5_Inoc_32C,Plate 13,Inoc,A5,32C (heat stress),Inoc_32,1,"14 dpl

08.11.2025",14,na,day_14
Plate 13_A5_Inoc_32C,Plate 13,Inoc,A5,32C (heat stress),Inoc_32,1,21 dpl,21,na,day_21
Plate 13_A6_Inoc_32C,Plate 13,Inoc,A6,32C (heat stress),Inoc_32,1,"0 dpi

07.28.2025",0,0,day_0
Plate 13_A6_Inoc_32C,Plate 13,Inoc,A6,32C (heat stress),Inoc_32,1,"3 dpl

07.31.2025",3,0,day_3
Plate 13_A6_Inoc_32C,Plate 13,Inoc,A6,32C (heat stress),Inoc_32,1,"4 dpl

08.01.2025",4,0,day_4
Plate 13_A6_Inoc_32C,Plate 13,Inoc,A6,32C (heat stress),Inoc_32,1,"5 dpl

08.02.2025",5,0,day_5
Plate 13_A6_Inoc_32C,Plate 13,Inoc,A6,32C (heat stress),Inoc_32,1,"6 dpl

08.03. 2025",6,0,day_6
Plate 13_A6_Inoc_32C,Plate 13,Inoc,A6,32C (heat stress),Inoc_32,1,"7 dpl

08.04.2025",7,0,day_7
Plate 13_A6_Inoc_32C,Plate 13,Inoc,A6,32C (heat stress),Inoc_32,1,"8 dpl

08.05.2025",8,0,day_8
Plate 13_A6_Inoc_32C,Plate 13,Inoc,A6,32C (heat stress),Inoc_32,1,"9 dpl

08.06.2025",9,2,day_9
Plate 13_A6_Inoc_32C,Plate 13,Inoc,A6,32C (heat stress),Inoc_32,1,"10 dpl

08.07.2025",10,2,day_10
Plate 13_A6_Inoc_32C,Plate 13,Inoc,A6,32C (heat stress),Inoc_32,1,"11 dpl

08.08.2025",11,2,day_11
Plate 13_A6_Inoc_32C,Plate 13,Inoc,A6,32C (heat stress),Inoc_32,1,"13 dpl

08.10.2025",13,na,day_13
Plate 13_A6_Inoc_32C,Plate 13,Inoc,A6,32C (heat stress),Inoc_32,1,"14 dpl

08.11.2025",14,na,day_14
Plate 13_A6_Inoc_32C,Plate 13,Inoc,A6,32C (heat stress),Inoc_32,1,21 dpl,21,na,day_21
Plate 13_B1_Inoc_32C,Plate 13,Inoc,B1,32C (heat stress),Inoc_32,1,"0 dpi

07.28.2025",0,0,day_0
Plate 13_B1_Inoc_32C,Plate 13,Inoc,B1,32C (heat stress),Inoc_32,1,"3 dpl

07.31.2025",3,0,day_3
Plate 13_B1_Inoc_32C,Plate 13,Inoc,B1,32C (heat stress),Inoc_32,1,"4 dpl

08.01.2025",4,0,day_4
Plate 13_B1_Inoc_32C,Plate 13,Inoc,B1,32C (heat stress),Inoc_32,1,"5 dpl

08.02.2025",5,5,day_5
Plate 13_B1_Inoc_32C,Plate 13,Inoc,B1,32C (heat stress),Inoc_32,1,"6 dpl

08.03. 2025",6,0,day_6
Plate 13_B1_Inoc_32C,Plate 13,Inoc,B1,32C (heat stress),Inoc_32,1,"7 dpl

08.04.2025",7,10,day_7
Plate 13_B1_Inoc_32C,Plate 13,Inoc,B1,32C (heat stress),Inoc_32,1,"8 dpl

08.05.2025",8,10,day_8
Plate 13_B1_Inoc_32C,Plate 13,Inoc,B1,32C (heat stress),Inoc_32,1,"9 dpl

08.06.2025",9,10,day_9
Plate 13_B1_Inoc_32C,Plate 13,Inoc,B1,32C (heat stress),Inoc_32,1,"10 dpl

08.07.2025",10,10,day_10
Plate 13_B1_Inoc_32C,Plate 13,Inoc,B1,32C (heat stress),Inoc_32,1,"11 dpl

08.08.2025",11,10,day_11
Plate 13_B1_Inoc_32C,Plate 13,Inoc,B1,32C (heat stress),Inoc_32,1,"13 dpl

08.10.2025",13,na,day_13
Plate 13_B1_Inoc_32C,Plate 13,Inoc,B1,32C (heat stress),Inoc_32,1,"14 dpl

08.11.2025",14,na,day_14
Plate 13_B1_Inoc_32C,Plate 13,Inoc,B1,32C (heat stress),Inoc_32,1,21 dpl,21,na,day_21
Plate 13_B2_Inoc_32C,Plate 13,Inoc,B2,32C (heat stress),Inoc_32,1,"0 dpi

07.28.2025",0,0,day_0
Plate 13_B2_Inoc_32C,Plate 13,Inoc,B2,32C (heat stress),Inoc_32,1,"3 dpl

07.31.2025",3,0,day_3
Plate 13_B2_Inoc_32C,Plate 13,Inoc,B2,32C (heat stress),Inoc_32,1,"4 dpl

08.01.2025",4,0,day_4
Plate 13_B2_Inoc_32C,Plate 13,Inoc,B2,32C (heat stress),Inoc_32,1,"5 dpl

08.02.2025",5,0,day_5
Plate 13_B2_Inoc_32C,Plate 13,Inoc,B2,32C (heat stress),Inoc_32,1,"6 dpl

08.03. 2025",6,0,day_6
Plate 13_B2_Inoc_32C,Plate 13,Inoc,B2,32C (heat stress),Inoc_32,1,"7 dpl

08.04.2025",7,0,day_7
Plate 13_B2_Inoc_32C,Plate 13,Inoc,B2,32C (heat stress),Inoc_32,1,"8 dpl

08.05.2025",8,11,day_8
Plate 13_B2_Inoc_32C,Plate 13,Inoc,B2,32C (heat stress),Inoc_32,1,"9 dpl

08.06.2025",9,11,day_9
Plate 13_B2_Inoc_32C,Plate 13,Inoc,B2,32C (heat stress),Inoc_32,1,"10 dpl

08.07.2025",10,11,day_10
Plate 13_B2_Inoc_32C,Plate 13,Inoc,B2,32C (heat stress),Inoc_32,1,"11 dpl

08.08.2025",11,11,day_11
Plate 13_B2_Inoc_32C,Plate 13,Inoc,B2,32C (heat stress),Inoc_32,1,"13 dpl

08.10.2025",13,11,day_13
Plate 13_B2_Inoc_32C,Plate 13,Inoc,B2,32C (heat stress),Inoc_32,1,"14 dpl

08.11.2025",14,11,day_14
Plate 13_B2_Inoc_32C,Plate 13,Inoc,B2,32C (heat stress),Inoc_32,1,21 dpl,21,11,day_21
Plate 13_B3_Inoc_32C,Plate 13,Inoc,B3,32C (heat stress),Inoc_32,1,"0 dpi

07.28.2025",0,0,day_0
Plate 13_B3_Inoc_32C,Plate 13,Inoc,B3,32C (heat stress),Inoc_32,1,"3 dpl

07.31.2025",3,0,day_3
Plate 13_B3_Inoc_32C,Plate 13,Inoc,B3,32C (heat stress),Inoc_32,1,"4 dpl

08.01.2025",4,0,day_4
Plate 13_B3_Inoc_32C,Plate 13,Inoc,B3,32C (heat stress),Inoc_32,1,"5 dpl

08.02.2025",5,5,day_5
Plate 13_B3_Inoc_32C,Plate 13,Inoc,B3,32C (heat stress),Inoc_32,1,"6 dpl

08.03. 2025",6,12,day_6
Plate 13_B3_Inoc_32C,Plate 13,Inoc,B3,32C (heat stress),Inoc_32,1,"7 dpl

08.04.2025",7,12,day_7
Plate 13_B3_Inoc_32C,Plate 13,Inoc,B3,32C (heat stress),Inoc_32,1,"8 dpl

08.05.2025",8,12,day_8
Plate 13_B3_Inoc_32C,Plate 13,Inoc,B3,32C (heat stress),Inoc_32,1,"9 dpl

08.06.2025",9,12,day_9
Plate 13_B3_Inoc_32C,Plate 13,Inoc,B3,32C (heat stress),Inoc_32,1,"10 dpl

08.07.2025",10,12,day_10
Plate 13_B3_Inoc_32C,Plate 13,Inoc,B3,32C (heat stress),Inoc_32,1,"11 dpl

08.08.2025",11,12,day_11
Plate 13_B3_Inoc_32C,Plate 13,Inoc,B3,32C (heat stress),Inoc_32,1,"13 dpl

08.10.2025",13,12,day_13
Plate 13_B3_Inoc_32C,Plate 13,Inoc,B3,32C (heat stress),Inoc_32,1,"14 dpl

08.11.2025",14,12,day_14
Plate 13_B3_Inoc_32C,Plate 13,Inoc,B3,32C (heat stress),Inoc_32,1,21 dpl,21,12,day_21
Plate 13_B4_Inoc_32C,Plate 13,Inoc,B4,32C (heat stress),Inoc_32,1,"0 dpi

07.28.2025",0,0,day_0
Plate 13_B4_Inoc_32C,Plate 13,Inoc,B4,32C (heat stress),Inoc_32,1,"3 dpl

07.31.2025",3,0,day_3
Plate 13_B4_Inoc_32C,Plate 13,Inoc,B4,32C (heat stress),Inoc_32,1,"4 dpl

08.01.2025",4,0,day_4
Plate 13_B4_Inoc_32C,Plate 13,Inoc,B4,32C (heat stress),Inoc_32,1,"5 dpl

08.02.2025",5,0,day_5
Plate 13_B4_Inoc_32C,Plate 13,Inoc,B4,32C (heat stress),Inoc_32,1,"6 dpl

08.03. 2025",6,11,day_6
Plate 13_B4_Inoc_32C,Plate 13,Inoc,B4,32C (heat stress),Inoc_32,1,"7 dpl

08.04.2025",7,13,day_7
Plate 13_B4_Inoc_32C,Plate 13,Inoc,B4,32C (heat stress),Inoc_32,1,"8 dpl

08.05.2025",8,13,day_8
Plate 13_B4_Inoc_32C,Plate 13,Inoc,B4,32C (heat stress),Inoc_32,1,"9 dpl

08.06.2025",9,13,day_9
Plate 13_B4_Inoc_32C,Plate 13,Inoc,B4,32C (heat stress),Inoc_32,1,"10 dpl

08.07.2025",10,15,day_10
Plate 13_B4_Inoc_32C,Plate 13,Inoc,B4,32C (heat stress),Inoc_32,1,"11 dpl

08.08.2025",11,15,day_11
Plate 13_B4_Inoc_32C,Plate 13,Inoc,B4,32C (heat stress),Inoc_32,1,"13 dpl

08.10.2025",13,15,day_13
Plate 13_B4_Inoc_32C,Plate 13,Inoc,B4,32C (heat stress),Inoc_32,1,"14 dpl

08.11.2025",14,15,day_14
Plate 13_B4_Inoc_32C,Plate 13,Inoc,B4,32C (heat stress),Inoc_32,1,21 dpl,21,?,day_21
Plate 13_B5_Inoc_32C,Plate 13,Inoc,B5,32C (heat stress),Inoc_32,1,"0 dpi

07.28.2025",0,0,day_0
Plate 13_B5_Inoc_32C,Plate 13,Inoc,B5,32C (heat stress),Inoc_32,1,"3 dpl

07.31.2025",3,0,day_3
Plate 13_B5_Inoc_32C,Plate 13,Inoc,B5,32C (heat stress),Inoc_32,1,"4 dpl

08.01.2025",4,0,day_4
Plate 13_B5_Inoc_32C,Plate 13,Inoc,B5,32C (heat stress),Inoc_32,1,"5 dpl

08.02.2025",5,0,day_5
Plate 13_B5_Inoc_32C,Plate 13,Inoc,B5,32C (heat stress),Inoc_32,1,"6 dpl

08.03. 2025",6,0,day_6
Plate 13_B5_Inoc_32C,Plate 13,Inoc,B5,32C (heat stress),Inoc_32,1,"7 dpl

08.04.2025",7,0,day_7
Plate 13_B5_Inoc_32C,Plate 13,Inoc,B5,32C (heat stress),Inoc_32,1,"8 dpl

08.05.2025",8,0,day_8
Plate 13_B5_Inoc_32C,Plate 13,Inoc,B5,32C (heat stress),Inoc_32,1,"9 dpl

08.06.2025",9,1,day_9
Plate 13_B5_Inoc_32C,Plate 13,Inoc,B5,32C (heat stress),Inoc_32,1,"10 dpl

08.07.2025",10,1,day_10
Plate 13_B5_Inoc_32C,Plate 13,Inoc,B5,32C (heat stress),Inoc_32,1,"11 dpl

08.08.2025",11,1,day_11
Plate 13_B5_Inoc_32C,Plate 13,Inoc,B5,32C (heat stress),Inoc_32,1,"13 dpl

08.10.2025",13,na,day_13
Plate 13_B5_Inoc_32C,Plate 13,Inoc,B5,32C (heat stress),Inoc_32,1,"14 dpl

08.11.2025",14,na,day_14
Plate 13_B5_Inoc_32C,Plate 13,Inoc,B5,32C (heat stress),Inoc_32,1,21 dpl,21,na,day_21
Plate 13_B6_Inoc_32C,Plate 13,Inoc,B6,32C (heat stress),Inoc_32,1,"0 dpi

07.28.2025",0,0,day_0
Plate 13_B6_Inoc_32C,Plate 13,Inoc,B6,32C (heat stress),Inoc_32,1,"3 dpl

07.31.2025",3,0,day_3
Plate 13_B6_Inoc_32C,Plate 13,Inoc,B6,32C (heat stress),Inoc_32,1,"4 dpl

08.01.2025",4,0,day_4
Plate 13_B6_Inoc_32C,Plate 13,Inoc,B6,32C (heat stress),Inoc_32,1,"5 dpl

08.02.2025",5,0,day_5
Plate 13_B6_Inoc_32C,Plate 13,Inoc,B6,32C (heat stress),Inoc_32,1,"6 dpl

08.03. 2025",6,0,day_6
Plate 13_B6_Inoc_32C,Plate 13,Inoc,B6,32C (heat stress),Inoc_32,1,"7 dpl

08.04.2025",7,0,day_7
Plate 13_B6_Inoc_32C,Plate 13,Inoc,B6,32C (heat stress),Inoc_32,1,"8 dpl

08.05.2025",8,0,day_8
Plate 13_B6_Inoc_32C,Plate 13,Inoc,B6,32C (heat stress),Inoc_32,1,"9 dpl

08.06.2025",9,7,day_9
Plate 13_B6_Inoc_32C,Plate 13,Inoc,B6,32C (heat stress),Inoc_32,1,"10 dpl

08.07.2025",10,10,day_10
Plate 13_B6_Inoc_32C,Plate 13,Inoc,B6,32C (heat stress),Inoc_32,1,"11 dpl

08.08.2025",11,10,day_11
Plate 13_B6_Inoc_32C,Plate 13,Inoc,B6,32C (heat stress),Inoc_32,1,"13 dpl

08.10.2025",13,10,day_13
Plate 13_B6_Inoc_32C,Plate 13,Inoc,B6,32C (heat stress),Inoc_32,1,"14 dpl

08.11.2025",14,10,day_14
Plate 13_B6_Inoc_32C,Plate 13,Inoc,B6,32C (heat stress),Inoc_32,1,21 dpl,21,?,day_21
Plate 13_C1_Inoc_32C,Plate 13,Inoc,C1,32C (heat stress),Inoc_32,1,"0 dpi

07.28.2025",0,0,day_0
Plate 13_C1_Inoc_32C,Plate 13,Inoc,C1,32C (heat stress),Inoc_32,1,"3 dpl

07.31.2025",3,na,day_3
Plate 13_C1_Inoc_32C,Plate 13,Inoc,C1,32C (heat stress),Inoc_32,1,"4 dpl

08.01.2025",4,na,day_4
Plate 13_C1_Inoc_32C,Plate 13,Inoc,C1,32C (heat stress),Inoc_32,1,"5 dpl

08.02.2025",5,na,day_5
Plate 13_C1_Inoc_32C,Plate 13,Inoc,C1,32C (heat stress),Inoc_32,1,"6 dpl

08.03. 2025",6,na,day_6
Plate 13_C1_Inoc_32C,Plate 13,Inoc,C1,32C (heat stress),Inoc_32,1,"7 dpl

08.04.2025",7,na,day_7
Plate 13_C1_Inoc_32C,Plate 13,Inoc,C1,32C (heat stress),Inoc_32,1,"8 dpl

08.05.2025",8,na,day_8
Plate 13_C1_Inoc_32C,Plate 13,Inoc,C1,32C (heat stress),Inoc_32,1,"9 dpl

08.06.2025",9,na,day_9
Plate 13_C1_Inoc_32C,Plate 13,Inoc,C1,32C (heat stress),Inoc_32,1,"10 dpl

08.07.2025",10,na,day_10
Plate 13_C1_Inoc_32C,Plate 13,Inoc,C1,32C (heat stress),Inoc_32,1,"11 dpl

08.08.2025",11,na,day_11
Plate 13_C1_Inoc_32C,Plate 13,Inoc,C1,32C (heat stress),Inoc_32,1,"13 dpl

08.10.2025",13,na,day_13
Plate 13_C1_Inoc_32C,Plate 13,Inoc,C1,32C (heat stress),Inoc_32,1,"14 dpl

08.11.2025",14,na,day_14
Plate 13_C1_Inoc_32C,Plate 13,Inoc,C1,32C (heat stress),Inoc_32,1,21 dpl,21,na,day_21
Plate 13_C2_Inoc_32C,Plate 13,Inoc,C2,32C (heat stress),Inoc_32,1,"0 dpi

07.28.2025",0,0,day_0
Plate 13_C2_Inoc_32C,Plate 13,Inoc,C2,32C (heat stress),Inoc_32,1,"3 dpl

07.31.2025",3,0,day_3
Plate 13_C2_Inoc_32C,Plate 13,Inoc,C2,32C (heat stress),Inoc_32,1,"4 dpl

08.01.2025",4,na,day_4
Plate 13_C2_Inoc_32C,Plate 13,Inoc,C2,32C (heat stress),Inoc_32,1,"5 dpl

08.02.2025",5,na,day_5
Plate 13_C2_Inoc_32C,Plate 13,Inoc,C2,32C (heat stress),Inoc_32,1,"6 dpl

08.03. 2025",6,na,day_6
Plate 13_C2_Inoc_32C,Plate 13,Inoc,C2,32C (heat stress),Inoc_32,1,"7 dpl

08.04.2025",7,na,day_7
Plate 13_C2_Inoc_32C,Plate 13,Inoc,C2,32C (heat stress),Inoc_32,1,"8 dpl

08.05.2025",8,na,day_8
Plate 13_C2_Inoc_32C,Plate 13,Inoc,C2,32C (heat stress),Inoc_32,1,"9 dpl

08.06.2025",9,na,day_9
Plate 13_C2_Inoc_32C,Plate 13,Inoc,C2,32C (heat stress),Inoc_32,1,"10 dpl

08.07.2025",10,na,day_10
Plate 13_C2_Inoc_32C,Plate 13,Inoc,C2,32C (heat stress),Inoc_32,1,"11 dpl

08.08.2025",11,na,day_11
Plate 13_C2_Inoc_32C,Plate 13,Inoc,C2,32C (heat stress),Inoc_32,1,"13 dpl

08.10.2025",13,na,day_13
Plate 13_C2_Inoc_32C,Plate 13,Inoc,C2,32C (heat stress),Inoc_32,1,"14 dpl

08.11.2025",14,na,day_14
Plate 13_C2_Inoc_32C,Plate 13,Inoc,C2,32C (heat stress),Inoc_32,1,21 dpl,21,na,day_21
Plate 13_C3_Inoc_32C,Plate 13,Inoc,C3,32C (heat stress),Inoc_32,1,"0 dpi

07.28.2025",0,0,day_0
Plate 13_C3_Inoc_32C,Plate 13,Inoc,C3,32C (heat stress),Inoc_32,1,"3 dpl

07.31.2025",3,0,day_3
Plate 13_C3_Inoc_32C,Plate 13,Inoc,C3,32C (heat stress),Inoc_32,1,"4 dpl

08.01.2025",4,0,day_4
Plate 13_C3_Inoc_32C,Plate 13,Inoc,C3,32C (heat stress),Inoc_32,1,"5 dpl

08.02.2025",5,0,day_5
Plate 13_C3_Inoc_32C,Plate 13,Inoc,C3,32C (heat stress),Inoc_32,1,"6 dpl

08.03. 2025",6,0,day_6
Plate 13_C3_Inoc_32C,Plate 13,Inoc,C3,32C (heat stress),Inoc_32,1,"7 dpl

08.04.2025",7,0,day_7
Plate 13_C3_Inoc_32C,Plate 13,Inoc,C3,32C (heat stress),Inoc_32,1,"8 dpl

08.05.2025",8,2,day_8
Plate 13_C3_Inoc_32C,Plate 13,Inoc,C3,32C (heat stress),Inoc_32,1,"9 dpl

08.06.2025",9,2,day_9
Plate 13_C3_Inoc_32C,Plate 13,Inoc,C3,32C (heat stress),Inoc_32,1,"10 dpl

08.07.2025",10,2,day_10
Plate 13_C3_Inoc_32C,Plate 13,Inoc,C3,32C (heat stress),Inoc_32,1,"11 dpl

08.08.2025",11,2,day_11
Plate 13_C3_Inoc_32C,Plate 13,Inoc,C3,32C (heat stress),Inoc_32,1,"13 dpl

08.10.2025",13,2,day_13
Plate 13_C3_Inoc_32C,Plate 13,Inoc,C3,32C (heat stress),Inoc_32,1,"14 dpl

08.11.2025",14,2,day_14
Plate 13_C3_Inoc_32C,Plate 13,Inoc,C3,32C (heat stress),Inoc_32,1,21 dpl,21,2,day_21
Plate 13_C4_Inoc_32C,Plate 13,Inoc,C4,32C (heat stress),Inoc_32,1,"0 dpi

07.28.2025",0,0,day_0
Plate 13_C4_Inoc_32C,Plate 13,Inoc,C4,32C (heat stress),Inoc_32,1,"3 dpl

07.31.2025",3,0,day_3
Plate 13_C4_Inoc_32C,Plate 13,Inoc,C4,32C (heat stress),Inoc_32,1,"4 dpl

08.01.2025",4,0,day_4
Plate 13_C4_Inoc_32C,Plate 13,Inoc,C4,32C (heat stress),Inoc_32,1,"5 dpl

08.02.2025",5,0,day_5
Plate 13_C4_Inoc_32C,Plate 13,Inoc,C4,32C (heat stress),Inoc_32,1,"6 dpl

08.03. 2025",6,0,day_6
Plate 13_C4_Inoc_32C,Plate 13,Inoc,C4,32C (heat stress),Inoc_32,1,"7 dpl

08.04.2025",7,0,day_7
Plate 13_C4_Inoc_32C,Plate 13,Inoc,C4,32C (heat stress),Inoc_32,1,"8 dpl

08.05.2025",8,0,day_8
Plate 13_C4_Inoc_32C,Plate 13,Inoc,C4,32C (heat stress),Inoc_32,1,"9 dpl

08.06.2025",9,?,day_9
Plate 13_C4_Inoc_32C,Plate 13,Inoc,C4,32C (heat stress),Inoc_32,1,"10 dpl

08.07.2025",10,na,day_10
Plate 13_C4_Inoc_32C,Plate 13,Inoc,C4,32C (heat stress),Inoc_32,1,"11 dpl

08.08.2025",11,na,day_11
Plate 13_C4_Inoc_32C,Plate 13,Inoc,C4,32C (heat stress),Inoc_32,1,"13 dpl

08.10.2025",13,na,day_13
Plate 13_C4_Inoc_32C,Plate 13,Inoc,C4,32C (heat stress),Inoc_32,1,"14 dpl

08.11.2025",14,na,day_14
Plate 13_C4_Inoc_32C,Plate 13,Inoc,C4,32C (heat stress),Inoc_32,1,21 dpl,21,na,day_21
Plate 13_C5_Inoc_32C,Plate 13,Inoc,C5,32C (heat stress),Inoc_32,1,"0 dpi

07.28.2025",0,0,day_0
Plate 13_C5_Inoc_32C,Plate 13,Inoc,C5,32C (heat stress),Inoc_32,1,"3 dpl

07.31.2025",3,0,day_3
Plate 13_C5_Inoc_32C,Plate 13,Inoc,C5,32C (heat stress),Inoc_32,1,"4 dpl

08.01.2025",4,0,day_4
Plate 13_C5_Inoc_32C,Plate 13,Inoc,C5,32C (heat stress),Inoc_32,1,"5 dpl

08.02.2025",5,0,day_5
Plate 13_C5_Inoc_32C,Plate 13,Inoc,C5,32C (heat stress),Inoc_32,1,"6 dpl

08.03. 2025",6,0,day_6
Plate 13_C5_Inoc_32C,Plate 13,Inoc,C5,32C (heat stress),Inoc_32,1,"7 dpl

08.04.2025",7,0,day_7
Plate 13_C5_Inoc_32C,Plate 13,Inoc,C5,32C (heat stress),Inoc_32,1,"8 dpl

08.05.2025",8,8,day_8
Plate 13_C5_Inoc_32C,Plate 13,Inoc,C5,32C (heat stress),Inoc_32,1,"9 dpl

08.06.2025",9,8,day_9
Plate 13_C5_Inoc_32C,Plate 13,Inoc,C5,32C (heat stress),Inoc_32,1,"10 dpl

08.07.2025",10,11,day_10
Plate 13_C5_Inoc_32C,Plate 13,Inoc,C5,32C (heat stress),Inoc_32,1,"11 dpl

08.08.2025",11,11,day_11
Plate 13_C5_Inoc_32C,Plate 13,Inoc,C5,32C (heat stress),Inoc_32,1,"13 dpl

08.10.2025",13,11,day_13
Plate 13_C5_Inoc_32C,Plate 13,Inoc,C5,32C (heat stress),Inoc_32,1,"14 dpl

08.11.2025",14,11,day_14
Plate 13_C5_Inoc_32C,Plate 13,Inoc,C5,32C (heat stress),Inoc_32,1,21 dpl,21,na,day_21
Plate 13_C6_Inoc_32C,Plate 13,Inoc,C6,32C (heat stress),Inoc_32,1,"0 dpi

07.28.2025",0,0,day_0
Plate 13_C6_Inoc_32C,Plate 13,Inoc,C6,32C (heat stress),Inoc_32,1,"3 dpl

07.31.2025",3,0,day_3
Plate 13_C6_Inoc_32C,Plate 13,Inoc,C6,32C (heat stress),Inoc_32,1,"4 dpl

08.01.2025",4,0,day_4
Plate 13_C6_Inoc_32C,Plate 13,Inoc,C6,32C (heat stress),Inoc_32,1,"5 dpl

08.02.2025",5,0,day_5
Plate 13_C6_Inoc_32C,Plate 13,Inoc,C6,32C (heat stress),Inoc_32,1,"6 dpl

08.03. 2025",6,0,day_6
Plate 13_C6_Inoc_32C,Plate 13,Inoc,C6,32C (heat stress),Inoc_32,1,"7 dpl

08.04.2025",7,0,day_7
Plate 13_C6_Inoc_32C,Plate 13,Inoc,C6,32C (heat stress),Inoc_32,1,"8 dpl

08.05.2025",8,0,day_8
Plate 13_C6_Inoc_32C,Plate 13,Inoc,C6,32C (heat stress),Inoc_32,1,"9 dpl

08.06.2025",9,0,day_9
Plate 13_C6_Inoc_32C,Plate 13,Inoc,C6,32C (heat stress),Inoc_32,1,"10 dpl

08.07.2025",10,0,day_10
Plate 13_C6_Inoc_32C,Plate 13,Inoc,C6,32C (heat stress),Inoc_32,1,"11 dpl

08.08.2025",11,7,day_11
Plate 13_C6_Inoc_32C,Plate 13,Inoc,C6,32C (heat stress),Inoc_32,1,"13 dpl

08.10.2025",13,7,day_13
Plate 13_C6_Inoc_32C,Plate 13,Inoc,C6,32C (heat stress),Inoc_32,1,"14 dpl

08.11.2025",14,7,day_14
Plate 13_C6_Inoc_32C,Plate 13,Inoc,C6,32C (heat stress),Inoc_32,1,21 dpl,21,7,day_21
Plate 13_D1_Inoc_32C,Plate 13,Inoc,D1,32C (heat stress),Inoc_32,1,"0 dpi

07.28.2025",0,0,day_0
Plate 13_D1_Inoc_32C,Plate 13,Inoc,D1,32C (heat stress),Inoc_32,1,"3 dpl

07.31.2025",3,0,day_3
Plate 13_D1_Inoc_32C,Plate 13,Inoc,D1,32C (heat stress),Inoc_32,1,"4 dpl

08.01.2025",4,0,day_4
Plate 13_D1_Inoc_32C,Plate 13,Inoc,D1,32C (heat stress),Inoc_32,1,"5 dpl

08.02.2025",5,0,day_5
Plate 13_D1_Inoc_32C,Plate 13,Inoc,D1,32C (heat stress),Inoc_32,1,"6 dpl

08.03. 2025",6,0,day_6
Plate 13_D1_Inoc_32C,Plate 13,Inoc,D1,32C (heat stress),Inoc_32,1,"7 dpl

08.04.2025",7,0,day_7
Plate 13_D1_Inoc_32C,Plate 13,Inoc,D1,32C (heat stress),Inoc_32,1,"8 dpl

08.05.2025",8,0,day_8
Plate 13_D1_Inoc_32C,Plate 13,Inoc,D1,32C (heat stress),Inoc_32,1,"9 dpl

08.06.2025",9,5,day_9
Plate 13_D1_Inoc_32C,Plate 13,Inoc,D1,32C (heat stress),Inoc_32,1,"10 dpl

08.07.2025",10,5,day_10
Plate 13_D1_Inoc_32C,Plate 13,Inoc,D1,32C (heat stress),Inoc_32,1,"11 dpl

08.08.2025",11,5,day_11
Plate 13_D1_Inoc_32C,Plate 13,Inoc,D1,32C (heat stress),Inoc_32,1,"13 dpl

08.10.2025",13,5,day_13
Plate 13_D1_Inoc_32C,Plate 13,Inoc,D1,32C (heat stress),Inoc_32,1,"14 dpl

08.11.2025",14,5,day_14
Plate 13_D1_Inoc_32C,Plate 13,Inoc,D1,32C (heat stress),Inoc_32,1,21 dpl,21,5,day_21
Plate 13_D2_Inoc_32C,Plate 13,Inoc,D2,32C (heat stress),Inoc_32,1,"0 dpi

07.28.2025",0,0,day_0
Plate 13_D2_Inoc_32C,Plate 13,Inoc,D2,32C (heat stress),Inoc_32,1,"3 dpl

07.31.2025",3,0,day_3
Plate 13_D2_Inoc_32C,Plate 13,Inoc,D2,32C (heat stress),Inoc_32,1,"4 dpl

08.01.2025",4,3,day_4
Plate 13_D2_Inoc_32C,Plate 13,Inoc,D2,32C (heat stress),Inoc_32,1,"5 dpl

08.02.2025",5,3,day_5
Plate 13_D2_Inoc_32C,Plate 13,Inoc,D2,32C (heat stress),Inoc_32,1,"6 dpl

08.03. 2025",6,4,day_6
Plate 13_D2_Inoc_32C,Plate 13,Inoc,D2,32C (heat stress),Inoc_32,1,"7 dpl

08.04.2025",7,4,day_7
Plate 13_D2_Inoc_32C,Plate 13,Inoc,D2,32C (heat stress),Inoc_32,1,"8 dpl

08.05.2025",8,5,day_8
Plate 13_D2_Inoc_32C,Plate 13,Inoc,D2,32C (heat stress),Inoc_32,1,"9 dpl

08.06.2025",9,5,day_9
Plate 13_D2_Inoc_32C,Plate 13,Inoc,D2,32C (heat stress),Inoc_32,1,"10 dpl

08.07.2025",10,5,day_10
Plate 13_D2_Inoc_32C,Plate 13,Inoc,D2,32C (heat stress),Inoc_32,1,"11 dpl

08.08.2025",11,na,day_11
Plate 13_D2_Inoc_32C,Plate 13,Inoc,D2,32C (heat stress),Inoc_32,1,"13 dpl

08.10.2025",13,na,day_13
Plate 13_D2_Inoc_32C,Plate 13,Inoc,D2,32C (heat stress),Inoc_32,1,"14 dpl

08.11.2025",14,na,day_14
Plate 13_D2_Inoc_32C,Plate 13,Inoc,D2,32C (heat stress),Inoc_32,1,21 dpl,21,na,day_21
Plate 13_D3_Inoc_32C,Plate 13,Inoc,D3,32C (heat stress),Inoc_32,1,"0 dpi

07.28.2025",0,0,day_0
Plate 13_D3_Inoc_32C,Plate 13,Inoc,D3,32C (heat stress),Inoc_32,1,"3 dpl

07.31.2025",3,0,day_3
Plate 13_D3_Inoc_32C,Plate 13,Inoc,D3,32C (heat stress),Inoc_32,1,"4 dpl

08.01.2025",4,0,day_4
Plate 13_D3_Inoc_32C,Plate 13,Inoc,D3,32C (heat stress),Inoc_32,1,"5 dpl

08.02.2025",5,0,day_5
Plate 13_D3_Inoc_32C,Plate 13,Inoc,D3,32C (heat stress),Inoc_32,1,"6 dpl

08.03. 2025",6,0,day_6
Plate 13_D3_Inoc_32C,Plate 13,Inoc,D3,32C (heat stress),Inoc_32,1,"7 dpl

08.04.2025",7,0,day_7
Plate 13_D3_Inoc_32C,Plate 13,Inoc,D3,32C (heat stress),Inoc_32,1,"8 dpl

08.05.2025",8,0,day_8
Plate 13_D3_Inoc_32C,Plate 13,Inoc,D3,32C (heat stress),Inoc_32,1,"9 dpl

08.06.2025",9,0,day_9
Plate 13_D3_Inoc_32C,Plate 13,Inoc,D3,32C (heat stress),Inoc_32,1,"10 dpl

08.07.2025",10,0,day_10
Plate 13_D3_Inoc_32C,Plate 13,Inoc,D3,32C (heat stress),Inoc_32,1,"11 dpl

08.08.2025",11,0,day_11
Plate 13_D3_Inoc_32C,Plate 13,Inoc,D3,32C (heat stress),Inoc_32,1,"13 dpl

08.10.2025",13,0,day_13
Plate 13_D3_Inoc_32C,Plate 13,Inoc,D3,32C (heat stress),Inoc_32,1,"14 dpl

08.11.2025",14,4,day_14
Plate 13_D3_Inoc_32C,Plate 13,Inoc,D3,32C (heat stress),Inoc_32,1,21 dpl,21,?,day_21
Plate 13_D4_Inoc_32C,Plate 13,Inoc,D4,32C (heat stress),Inoc_32,1,"0 dpi

07.28.2025",0,0,day_0
Plate 13_D4_Inoc_32C,Plate 13,Inoc,D4,32C (heat stress),Inoc_32,1,"3 dpl

07.31.2025",3,0,day_3
Plate 13_D4_Inoc_32C,Plate 13,Inoc,D4,32C (heat stress),Inoc_32,1,"4 dpl

08.01.2025",4,0,day_4
Plate 13_D4_Inoc_32C,Plate 13,Inoc,D4,32C (heat stress),Inoc_32,1,"5 dpl

08.02.2025",5,0,day_5
Plate 13_D4_Inoc_32C,Plate 13,Inoc,D4,32C (heat stress),Inoc_32,1,"6 dpl

08.03. 2025",6,0,day_6
Plate 13_D4_Inoc_32C,Plate 13,Inoc,D4,32C (heat stress),Inoc_32,1,"7 dpl

08.04.2025",7,0,day_7
Plate 13_D4_Inoc_32C,Plate 13,Inoc,D4,32C (heat stress),Inoc_32,1,"8 dpl

08.05.2025",8,0,day_8
Plate 13_D4_Inoc_32C,Plate 13,Inoc,D4,32C (heat stress),Inoc_32,1,"9 dpl

08.06.2025",9,0,day_9
Plate 13_D4_Inoc_32C,Plate 13,Inoc,D4,32C (heat stress),Inoc_32,1,"10 dpl

08.07.2025",10,0,day_10
Plate 13_D4_Inoc_32C,Plate 13,Inoc,D4,32C (heat stress),Inoc_32,1,"11 dpl

08.08.2025",11,na,day_11
Plate 13_D4_Inoc_32C,Plate 13,Inoc,D4,32C (heat stress),Inoc_32,1,"13 dpl

08.10.2025",13,na,day_13
Plate 13_D4_Inoc_32C,Plate 13,Inoc,D4,32C (heat stress),Inoc_32,1,"14 dpl

08.11.2025",14,na,day_14
Plate 13_D4_Inoc_32C,Plate 13,Inoc,D4,32C (heat stress),Inoc_32,1,21 dpl,21,na,day_21
Plate 13_D5_Inoc_32C,Plate 13,Inoc,D5,32C (heat stress),Inoc_32,1,"0 dpi

07.28.2025",0,0,day_0
Plate 13_D5_Inoc_32C,Plate 13,Inoc,D5,32C (heat stress),Inoc_32,1,"3 dpl

07.31.2025",3,na,day_3
Plate 13_D5_Inoc_32C,Plate 13,Inoc,D5,32C (heat stress),Inoc_32,1,"4 dpl

08.01.2025",4,na,day_4
Plate 13_D5_Inoc_32C,Plate 13,Inoc,D5,32C (heat stress),Inoc_32,1,"5 dpl

08.02.2025",5,na,day_5
Plate 13_D5_Inoc_32C,Plate 13,Inoc,D5,32C (heat stress),Inoc_32,1,"6 dpl

08.03. 2025",6,na,day_6
Plate 13_D5_Inoc_32C,Plate 13,Inoc,D5,32C (heat stress),Inoc_32,1,"7 dpl

08.04.2025",7,na,day_7
Plate 13_D5_Inoc_32C,Plate 13,Inoc,D5,32C (heat stress),Inoc_32,1,"8 dpl

08.05.2025",8,na,day_8
Plate 13_D5_Inoc_32C,Plate 13,Inoc,D5,32C (heat stress),Inoc_32,1,"9 dpl

08.06.2025",9,na,day_9
Plate 13_D5_Inoc_32C,Plate 13,Inoc,D5,32C (heat stress),Inoc_32,1,"10 dpl

08.07.2025",10,na,day_10
Plate 13_D5_Inoc_32C,Plate 13,Inoc,D5,32C (heat stress),Inoc_32,1,"11 dpl

08.08.2025",11,na,day_11
Plate 13_D5_Inoc_32C,Plate 13,Inoc,D5,32C (heat stress),Inoc_32,1,"13 dpl

08.10.2025",13,na,day_13
Plate 13_D5_Inoc_32C,Plate 13,Inoc,D5,32C (heat stress),Inoc_32,1,"14 dpl

08.11.2025",14,na,day_14
Plate 13_D5_Inoc_32C,Plate 13,Inoc,D5,32C (heat stress),Inoc_32,1,21 dpl,21,na,day_21
Plate 13_D6_Inoc_32C,Plate 13,Inoc,D6,32C (heat stress),Inoc_32,1,"0 dpi

07.28.2025",0,0,day_0
Plate 13_D6_Inoc_32C,Plate 13,Inoc,D6,32C (heat stress),Inoc_32,1,"3 dpl

07.31.2025",3,0,day_3
Plate 13_D6_Inoc_32C,Plate 13,Inoc,D6,32C (heat stress),Inoc_32,1,"4 dpl

08.01.2025",4,na,day_4
Plate 13_D6_Inoc_32C,Plate 13,Inoc,D6,32C (heat stress),Inoc_32,1,"5 dpl

08.02.2025",5,na,day_5
Plate 13_D6_Inoc_32C,Plate 13,Inoc,D6,32C (heat stress),Inoc_32,1,"6 dpl

08.03. 2025",6,na,day_6
Plate 13_D6_Inoc_32C,Plate 13,Inoc,D6,32C (heat stress),Inoc_32,1,"7 dpl

08.04.2025",7,na,day_7
Plate 13_D6_Inoc_32C,Plate 13,Inoc,D6,32C (heat stress),Inoc_32,1,"8 dpl

08.05.2025",8,na,day_8
Plate 13_D6_Inoc_32C,Plate 13,Inoc,D6,32C (heat stress),Inoc_32,1,"9 dpl

08.06.2025",9,na,day_9
Plate 13_D6_Inoc_32C,Plate 13,Inoc,D6,32C (heat stress),Inoc_32,1,"10 dpl

08.07.2025",10,na,day_10
Plate 13_D6_Inoc_32C,Plate 13,Inoc,D6,32C (heat stress),Inoc_32,1,"11 dpl

08.08.2025",11,na,day_11
Plate 13_D6_Inoc_32C,Plate 13,Inoc,D6,32C (heat stress),Inoc_32,1,"13 dpl

08.10.2025",13,na,day_13
Plate 13_D6_Inoc_32C,Plate 13,Inoc,D6,32C (heat stress),Inoc_32,1,"14 dpl

08.11.2025",14,na,day_14
Plate 13_D6_Inoc_32C,Plate 13,Inoc,D6,32C (heat stress),Inoc_32,1,21 dpl,21,na,day_21
Plate 14_A1_Inoc_32C,Plate 14,Inoc,A1,32C (heat stress),Inoc_32,1,"0 dpi

07.28.2025",0,0,day_0
Plate 14_A1_Inoc_32C,Plate 14,Inoc,A1,32C (heat stress),Inoc_32,1,"3 dpl

07.31.2025",3,edu,day_3
Plate 14_A1_Inoc_32C,Plate 14,Inoc,A1,32C (heat stress),Inoc_32,1,"4 dpl

08.01.2025",4,edu,day_4
Plate 14_A1_Inoc_32C,Plate 14,Inoc,A1,32C (heat stress),Inoc_32,1,"5 dpl

08.02.2025",5,edu,day_5
Plate 14_A1_Inoc_32C,Plate 14,Inoc,A1,32C (heat stress),Inoc_32,1,"6 dpl

08.03. 2025",6,edu,day_6
Plate 14_A1_Inoc_32C,Plate 14,Inoc,A1,32C (heat stress),Inoc_32,1,"7 dpl

08.04.2025",7,edu,day_7
Plate 14_A1_Inoc_32C,Plate 14,Inoc,A1,32C (heat stress),Inoc_32,1,"8 dpl

08.05.2025",8,edu,day_8
Plate 14_A1_Inoc_32C,Plate 14,Inoc,A1,32C (heat stress),Inoc_32,1,"9 dpl

08.06.2025",9,edu,day_9
Plate 14_A1_Inoc_32C,Plate 14,Inoc,A1,32C (heat stress),Inoc_32,1,"10 dpl

08.07.2025",10,edu,day_10
Plate 14_A1_Inoc_32C,Plate 14,Inoc,A1,32C (heat stress),Inoc_32,1,"11 dpl

08.08.2025",11,edu,day_11
Plate 14_A1_Inoc_32C,Plate 14,Inoc,A1,32C (heat stress),Inoc_32,1,"13 dpl

08.10.2025",13,edu,day_13
Plate 14_A1_Inoc_32C,Plate 14,Inoc,A1,32C (heat stress),Inoc_32,1,"14 dpl

08.11.2025",14,edu,day_14
Plate 14_A1_Inoc_32C,Plate 14,Inoc,A1,32C (heat stress),Inoc_32,1,21 dpl,21,edu,day_21
Plate 14_A2_Inoc_32C,Plate 14,Inoc,A2,32C (heat stress),Inoc_32,1,"0 dpi

07.28.2025",0,0,day_0
Plate 14_A2_Inoc_32C,Plate 14,Inoc,A2,32C (heat stress),Inoc_32,1,"3 dpl

07.31.2025",3,edu,day_3
Plate 14_A2_Inoc_32C,Plate 14,Inoc,A2,32C (heat stress),Inoc_32,1,"4 dpl

08.01.2025",4,edu,day_4
Plate 14_A2_Inoc_32C,Plate 14,Inoc,A2,32C (heat stress),Inoc_32,1,"5 dpl

08.02.2025",5,edu,day_5
Plate 14_A2_Inoc_32C,Plate 14,Inoc,A2,32C (heat stress),Inoc_32,1,"6 dpl

08.03. 2025",6,edu,day_6
Plate 14_A2_Inoc_32C,Plate 14,Inoc,A2,32C (heat stress),Inoc_32,1,"7 dpl

08.04.2025",7,edu,day_7
Plate 14_A2_Inoc_32C,Plate 14,Inoc,A2,32C (heat stress),Inoc_32,1,"8 dpl

08.05.2025",8,edu,day_8
Plate 14_A2_Inoc_32C,Plate 14,Inoc,A2,32C (heat stress),Inoc_32,1,"9 dpl

08.06.2025",9,edu,day_9
Plate 14_A2_Inoc_32C,Plate 14,Inoc,A2,32C (heat stress),Inoc_32,1,"10 dpl

08.07.2025",10,edu,day_10
Plate 14_A2_Inoc_32C,Plate 14,Inoc,A2,32C (heat stress),Inoc_32,1,"11 dpl

08.08.2025",11,edu,day_11
Plate 14_A2_Inoc_32C,Plate 14,Inoc,A2,32C (heat stress),Inoc_32,1,"13 dpl

08.10.2025",13,edu,day_13
Plate 14_A2_Inoc_32C,Plate 14,Inoc,A2,32C (heat stress),Inoc_32,1,"14 dpl

08.11.2025",14,edu,day_14
Plate 14_A2_Inoc_32C,Plate 14,Inoc,A2,32C (heat stress),Inoc_32,1,21 dpl,21,edu,day_21
Plate 14_A3_Inoc_32C,Plate 14,Inoc,A3,32C (heat stress),Inoc_32,1,"0 dpi

07.28.2025",0,0,day_0
Plate 14_A3_Inoc_32C,Plate 14,Inoc,A3,32C (heat stress),Inoc_32,1,"3 dpl

07.31.2025",3,edu,day_3
Plate 14_A3_Inoc_32C,Plate 14,Inoc,A3,32C (heat stress),Inoc_32,1,"4 dpl

08.01.2025",4,edu,day_4
Plate 14_A3_Inoc_32C,Plate 14,Inoc,A3,32C (heat stress),Inoc_32,1,"5 dpl

08.02.2025",5,edu,day_5
Plate 14_A3_Inoc_32C,Plate 14,Inoc,A3,32C (heat stress),Inoc_32,1,"6 dpl

08.03. 2025",6,edu,day_6
Plate 14_A3_Inoc_32C,Plate 14,Inoc,A3,32C (heat stress),Inoc_32,1,"7 dpl

08.04.2025",7,edu,day_7
Plate 14_A3_Inoc_32C,Plate 14,Inoc,A3,32C (heat stress),Inoc_32,1,"8 dpl

08.05.2025",8,edu,day_8
Plate 14_A3_Inoc_32C,Plate 14,Inoc,A3,32C (heat stress),Inoc_32,1,"9 dpl

08.06.2025",9,edu,day_9
Plate 14_A3_Inoc_32C,Plate 14,Inoc,A3,32C (heat stress),Inoc_32,1,"10 dpl

08.07.2025",10,edu,day_10
Plate 14_A3_Inoc_32C,Plate 14,Inoc,A3,32C (heat stress),Inoc_32,1,"11 dpl

08.08.2025",11,edu,day_11
Plate 14_A3_Inoc_32C,Plate 14,Inoc,A3,32C (heat stress),Inoc_32,1,"13 dpl

08.10.2025",13,edu,day_13
Plate 14_A3_Inoc_32C,Plate 14,Inoc,A3,32C (heat stress),Inoc_32,1,"14 dpl

08.11.2025",14,edu,day_14
Plate 14_A3_Inoc_32C,Plate 14,Inoc,A3,32C (heat stress),Inoc_32,1,21 dpl,21,edu,day_21
Plate 14_A4_Inoc_32C,Plate 14,Inoc,A4,32C (heat stress),Inoc_32,1,"0 dpi

07.28.2025",0,0,day_0
Plate 14_A4_Inoc_32C,Plate 14,Inoc,A4,32C (heat stress),Inoc_32,1,"3 dpl

07.31.2025",3,0,day_3
Plate 14_A4_Inoc_32C,Plate 14,Inoc,A4,32C (heat stress),Inoc_32,1,"4 dpl

08.01.2025",4,0,day_4
Plate 14_A4_Inoc_32C,Plate 14,Inoc,A4,32C (heat stress),Inoc_32,1,"5 dpl

08.02.2025",5,edu,day_5
Plate 14_A4_Inoc_32C,Plate 14,Inoc,A4,32C (heat stress),Inoc_32,1,"6 dpl

08.03. 2025",6,edu,day_6
Plate 14_A4_Inoc_32C,Plate 14,Inoc,A4,32C (heat stress),Inoc_32,1,"7 dpl

08.04.2025",7,edu,day_7
Plate 14_A4_Inoc_32C,Plate 14,Inoc,A4,32C (heat stress),Inoc_32,1,"8 dpl

08.05.2025",8,edu,day_8
Plate 14_A4_Inoc_32C,Plate 14,Inoc,A4,32C (heat stress),Inoc_32,1,"9 dpl

08.06.2025",9,edu,day_9
Plate 14_A4_Inoc_32C,Plate 14,Inoc,A4,32C (heat stress),Inoc_32,1,"10 dpl

08.07.2025",10,edu,day_10
Plate 14_A4_Inoc_32C,Plate 14,Inoc,A4,32C (heat stress),Inoc_32,1,"11 dpl

08.08.2025",11,edu,day_11
Plate 14_A4_Inoc_32C,Plate 14,Inoc,A4,32C (heat stress),Inoc_32,1,"13 dpl

08.10.2025",13,edu,day_13
Plate 14_A4_Inoc_32C,Plate 14,Inoc,A4,32C (heat stress),Inoc_32,1,"14 dpl

08.11.2025",14,edu,day_14
Plate 14_A4_Inoc_32C,Plate 14,Inoc,A4,32C (heat stress),Inoc_32,1,21 dpl,21,edu,day_21
Plate 14_A5_Inoc_32C,Plate 14,Inoc,A5,32C (heat stress),Inoc_32,1,"0 dpi

07.28.2025",0,0,day_0
Plate 14_A5_Inoc_32C,Plate 14,Inoc,A5,32C (heat stress),Inoc_32,1,"3 dpl

07.31.2025",3,0,day_3
Plate 14_A5_Inoc_32C,Plate 14,Inoc,A5,32C (heat stress),Inoc_32,1,"4 dpl

08.01.2025",4,0,day_4
Plate 14_A5_Inoc_32C,Plate 14,Inoc,A5,32C (heat stress),Inoc_32,1,"5 dpl

08.02.2025",5,edu,day_5
Plate 14_A5_Inoc_32C,Plate 14,Inoc,A5,32C (heat stress),Inoc_32,1,"6 dpl

08.03. 2025",6,edu,day_6
Plate 14_A5_Inoc_32C,Plate 14,Inoc,A5,32C (heat stress),Inoc_32,1,"7 dpl

08.04.2025",7,edu,day_7
Plate 14_A5_Inoc_32C,Plate 14,Inoc,A5,32C (heat stress),Inoc_32,1,"8 dpl

08.05.2025",8,edu,day_8
Plate 14_A5_Inoc_32C,Plate 14,Inoc,A5,32C (heat stress),Inoc_32,1,"9 dpl

08.06.2025",9,edu,day_9
Plate 14_A5_Inoc_32C,Plate 14,Inoc,A5,32C (heat stress),Inoc_32,1,"10 dpl

08.07.2025",10,edu,day_10
Plate 14_A5_Inoc_32C,Plate 14,Inoc,A5,32C (heat stress),Inoc_32,1,"11 dpl

08.08.2025",11,edu,day_11
Plate 14_A5_Inoc_32C,Plate 14,Inoc,A5,32C (heat stress),Inoc_32,1,"13 dpl

08.10.2025",13,edu,day_13
Plate 14_A5_Inoc_32C,Plate 14,Inoc,A5,32C (heat stress),Inoc_32,1,"14 dpl

08.11.2025",14,edu,day_14
Plate 14_A5_Inoc_32C,Plate 14,Inoc,A5,32C (heat stress),Inoc_32,1,21 dpl,21,edu,day_21
Plate 14_A6_Inoc_32C,Plate 14,Inoc,A6,32C (heat stress),Inoc_32,1,"0 dpi

07.28.2025",0,0,day_0
Plate 14_A6_Inoc_32C,Plate 14,Inoc,A6,32C (heat stress),Inoc_32,1,"3 dpl

07.31.2025",3,3,day_3
Plate 14_A6_Inoc_32C,Plate 14,Inoc,A6,32C (heat stress),Inoc_32,1,"4 dpl

08.01.2025",4,0,day_4
Plate 14_A6_Inoc_32C,Plate 14,Inoc,A6,32C (heat stress),Inoc_32,1,"5 dpl

08.02.2025",5,edu,day_5
Plate 14_A6_Inoc_32C,Plate 14,Inoc,A6,32C (heat stress),Inoc_32,1,"6 dpl

08.03. 2025",6,edu,day_6
Plate 14_A6_Inoc_32C,Plate 14,Inoc,A6,32C (heat stress),Inoc_32,1,"7 dpl

08.04.2025",7,edu,day_7
Plate 14_A6_Inoc_32C,Plate 14,Inoc,A6,32C (heat stress),Inoc_32,1,"8 dpl

08.05.2025",8,edu,day_8
Plate 14_A6_Inoc_32C,Plate 14,Inoc,A6,32C (heat stress),Inoc_32,1,"9 dpl

08.06.2025",9,edu,day_9
Plate 14_A6_Inoc_32C,Plate 14,Inoc,A6,32C (heat stress),Inoc_32,1,"10 dpl

08.07.2025",10,edu,day_10
Plate 14_A6_Inoc_32C,Plate 14,Inoc,A6,32C (heat stress),Inoc_32,1,"11 dpl

08.08.2025",11,edu,day_11
Plate 14_A6_Inoc_32C,Plate 14,Inoc,A6,32C (heat stress),Inoc_32,1,"13 dpl

08.10.2025",13,edu,day_13
Plate 14_A6_Inoc_32C,Plate 14,Inoc,A6,32C (heat stress),Inoc_32,1,"14 dpl

08.11.2025",14,edu,day_14
Plate 14_A6_Inoc_32C,Plate 14,Inoc,A6,32C (heat stress),Inoc_32,1,21 dpl,21,edu,day_21
Plate 14_B1_Inoc_32C,Plate 14,Inoc,B1,32C (heat stress),Inoc_32,1,"0 dpi

07.28.2025",0,0,day_0
Plate 14_B1_Inoc_32C,Plate 14,Inoc,B1,32C (heat stress),Inoc_32,1,"3 dpl

07.31.2025",3,0,day_3
Plate 14_B1_Inoc_32C,Plate 14,Inoc,B1,32C (heat stress),Inoc_32,1,"4 dpl

08.01.2025",4,0,day_4
Plate 14_B1_Inoc_32C,Plate 14,Inoc,B1,32C (heat stress),Inoc_32,1,"5 dpl

08.02.2025",5,edu,day_5
Plate 14_B1_Inoc_32C,Plate 14,Inoc,B1,32C (heat stress),Inoc_32,1,"6 dpl

08.03. 2025",6,edu,day_6
Plate 14_B1_Inoc_32C,Plate 14,Inoc,B1,32C (heat stress),Inoc_32,1,"7 dpl

08.04.2025",7,edu,day_7
Plate 14_B1_Inoc_32C,Plate 14,Inoc,B1,32C (heat stress),Inoc_32,1,"8 dpl

08.05.2025",8,edu,day_8
Plate 14_B1_Inoc_32C,Plate 14,Inoc,B1,32C (heat stress),Inoc_32,1,"9 dpl

08.06.2025",9,edu,day_9
Plate 14_B1_Inoc_32C,Plate 14,Inoc,B1,32C (heat stress),Inoc_32,1,"10 dpl

08.07.2025",10,edu,day_10
Plate 14_B1_Inoc_32C,Plate 14,Inoc,B1,32C (heat stress),Inoc_32,1,"11 dpl

08.08.2025",11,edu,day_11
Plate 14_B1_Inoc_32C,Plate 14,Inoc,B1,32C (heat stress),Inoc_32,1,"13 dpl

08.10.2025",13,edu,day_13
Plate 14_B1_Inoc_32C,Plate 14,Inoc,B1,32C (heat stress),Inoc_32,1,"14 dpl

08.11.2025",14,edu,day_14
Plate 14_B1_Inoc_32C,Plate 14,Inoc,B1,32C (heat stress),Inoc_32,1,21 dpl,21,edu,day_21
Plate 14_B2_Inoc_32C,Plate 14,Inoc,B2,32C (heat stress),Inoc_32,1,"0 dpi

07.28.2025",0,0,day_0
Plate 14_B2_Inoc_32C,Plate 14,Inoc,B2,32C (heat stress),Inoc_32,1,"3 dpl

07.31.2025",3,0,day_3
Plate 14_B2_Inoc_32C,Plate 14,Inoc,B2,32C (heat stress),Inoc_32,1,"4 dpl

08.01.2025",4,0,day_4
Plate 14_B2_Inoc_32C,Plate 14,Inoc,B2,32C (heat stress),Inoc_32,1,"5 dpl

08.02.2025",5,0,day_5
Plate 14_B2_Inoc_32C,Plate 14,Inoc,B2,32C (heat stress),Inoc_32,1,"6 dpl

08.03. 2025",6,0,day_6
Plate 14_B2_Inoc_32C,Plate 14,Inoc,B2,32C (heat stress),Inoc_32,1,"7 dpl

08.04.2025",7,0,day_7
Plate 14_B2_Inoc_32C,Plate 14,Inoc,B2,32C (heat stress),Inoc_32,1,"8 dpl

08.05.2025",8,4,day_8
Plate 14_B2_Inoc_32C,Plate 14,Inoc,B2,32C (heat stress),Inoc_32,1,"9 dpl

08.06.2025",9,4,day_9
Plate 14_B2_Inoc_32C,Plate 14,Inoc,B2,32C (heat stress),Inoc_32,1,"10 dpl

08.07.2025",10,4,day_10
Plate 14_B2_Inoc_32C,Plate 14,Inoc,B2,32C (heat stress),Inoc_32,1,"11 dpl

08.08.2025",11,4,day_11
Plate 14_B2_Inoc_32C,Plate 14,Inoc,B2,32C (heat stress),Inoc_32,1,"13 dpl

08.10.2025",13,na,day_13
Plate 14_B2_Inoc_32C,Plate 14,Inoc,B2,32C (heat stress),Inoc_32,1,"14 dpl

08.11.2025",14,na,day_14
Plate 14_B2_Inoc_32C,Plate 14,Inoc,B2,32C (heat stress),Inoc_32,1,21 dpl,21,na,day_21
Plate 14_B3_Inoc_32C,Plate 14,Inoc,B3,32C (heat stress),Inoc_32,1,"0 dpi

07.28.2025",0,0,day_0
Plate 14_B3_Inoc_32C,Plate 14,Inoc,B3,32C (heat stress),Inoc_32,1,"3 dpl

07.31.2025",3,0,day_3
Plate 14_B3_Inoc_32C,Plate 14,Inoc,B3,32C (heat stress),Inoc_32,1,"4 dpl

08.01.2025",4,0,day_4
Plate 14_B3_Inoc_32C,Plate 14,Inoc,B3,32C (heat stress),Inoc_32,1,"5 dpl

08.02.2025",5,0,day_5
Plate 14_B3_Inoc_32C,Plate 14,Inoc,B3,32C (heat stress),Inoc_32,1,"6 dpl

08.03. 2025",6,0,day_6
Plate 14_B3_Inoc_32C,Plate 14,Inoc,B3,32C (heat stress),Inoc_32,1,"7 dpl

08.04.2025",7,na,day_7
Plate 14_B3_Inoc_32C,Plate 14,Inoc,B3,32C (heat stress),Inoc_32,1,"8 dpl

08.05.2025",8,na,day_8
Plate 14_B3_Inoc_32C,Plate 14,Inoc,B3,32C (heat stress),Inoc_32,1,"9 dpl

08.06.2025",9,na,day_9
Plate 14_B3_Inoc_32C,Plate 14,Inoc,B3,32C (heat stress),Inoc_32,1,"10 dpl

08.07.2025",10,na,day_10
Plate 14_B3_Inoc_32C,Plate 14,Inoc,B3,32C (heat stress),Inoc_32,1,"11 dpl

08.08.2025",11,na,day_11
Plate 14_B3_Inoc_32C,Plate 14,Inoc,B3,32C (heat stress),Inoc_32,1,"13 dpl

08.10.2025",13,na,day_13
Plate 14_B3_Inoc_32C,Plate 14,Inoc,B3,32C (heat stress),Inoc_32,1,"14 dpl

08.11.2025",14,na,day_14
Plate 14_B3_Inoc_32C,Plate 14,Inoc,B3,32C (heat stress),Inoc_32,1,21 dpl,21,na,day_21
Plate 14_B4_Inoc_32C,Plate 14,Inoc,B4,32C (heat stress),Inoc_32,1,"0 dpi

07.28.2025",0,0,day_0
Plate 14_B4_Inoc_32C,Plate 14,Inoc,B4,32C (heat stress),Inoc_32,1,"3 dpl

07.31.2025",3,na,day_3
Plate 14_B4_Inoc_32C,Plate 14,Inoc,B4,32C (heat stress),Inoc_32,1,"4 dpl

08.01.2025",4,na,day_4
Plate 14_B4_Inoc_32C,Plate 14,Inoc,B4,32C (heat stress),Inoc_32,1,"5 dpl

08.02.2025",5,na,day_5
Plate 14_B4_Inoc_32C,Plate 14,Inoc,B4,32C (heat stress),Inoc_32,1,"6 dpl

08.03. 2025",6,na,day_6
Plate 14_B4_Inoc_32C,Plate 14,Inoc,B4,32C (heat stress),Inoc_32,1,"7 dpl

08.04.2025",7,na,day_7
Plate 14_B4_Inoc_32C,Plate 14,Inoc,B4,32C (heat stress),Inoc_32,1,"8 dpl

08.05.2025",8,na,day_8
Plate 14_B4_Inoc_32C,Plate 14,Inoc,B4,32C (heat stress),Inoc_32,1,"9 dpl

08.06.2025",9,na,day_9
Plate 14_B4_Inoc_32C,Plate 14,Inoc,B4,32C (heat stress),Inoc_32,1,"10 dpl

08.07.2025",10,na,day_10
Plate 14_B4_Inoc_32C,Plate 14,Inoc,B4,32C (heat stress),Inoc_32,1,"11 dpl

08.08.2025",11,na,day_11
Plate 14_B4_Inoc_32C,Plate 14,Inoc,B4,32C (heat stress),Inoc_32,1,"13 dpl

08.10.2025",13,na,day_13
Plate 14_B4_Inoc_32C,Plate 14,Inoc,B4,32C (heat stress),Inoc_32,1,"14 dpl

08.11.2025",14,na,day_14
Plate 14_B4_Inoc_32C,Plate 14,Inoc,B4,32C (heat stress),Inoc_32,1,21 dpl,21,na,day_21
Plate 14_B5_Inoc_32C,Plate 14,Inoc,B5,32C (heat stress),Inoc_32,1,"0 dpi

07.28.2025",0,0,day_0
Plate 14_B5_Inoc_32C,Plate 14,Inoc,B5,32C (heat stress),Inoc_32,1,"3 dpl

07.31.2025",3,0,day_3
Plate 14_B5_Inoc_32C,Plate 14,Inoc,B5,32C (heat stress),Inoc_32,1,"4 dpl

08.01.2025",4,0,day_4
Plate 14_B5_Inoc_32C,Plate 14,Inoc,B5,32C (heat stress),Inoc_32,1,"5 dpl

08.02.2025",5,6,day_5
Plate 14_B5_Inoc_32C,Plate 14,Inoc,B5,32C (heat stress),Inoc_32,1,"6 dpl

08.03. 2025",6,6,day_6
Plate 14_B5_Inoc_32C,Plate 14,Inoc,B5,32C (heat stress),Inoc_32,1,"7 dpl

08.04.2025",7,6,day_7
Plate 14_B5_Inoc_32C,Plate 14,Inoc,B5,32C (heat stress),Inoc_32,1,"8 dpl

08.05.2025",8,7,day_8
Plate 14_B5_Inoc_32C,Plate 14,Inoc,B5,32C (heat stress),Inoc_32,1,"9 dpl

08.06.2025",9,7,day_9
Plate 14_B5_Inoc_32C,Plate 14,Inoc,B5,32C (heat stress),Inoc_32,1,"10 dpl

08.07.2025",10,7,day_10
Plate 14_B5_Inoc_32C,Plate 14,Inoc,B5,32C (heat stress),Inoc_32,1,"11 dpl

08.08.2025",11,7,day_11
Plate 14_B5_Inoc_32C,Plate 14,Inoc,B5,32C (heat stress),Inoc_32,1,"13 dpl

08.10.2025",13,na,day_13
Plate 14_B5_Inoc_32C,Plate 14,Inoc,B5,32C (heat stress),Inoc_32,1,"14 dpl

08.11.2025",14,na,day_14
Plate 14_B5_Inoc_32C,Plate 14,Inoc,B5,32C (heat stress),Inoc_32,1,21 dpl,21,na,day_21
Plate 14_B6_Inoc_32C,Plate 14,Inoc,B6,32C (heat stress),Inoc_32,1,"0 dpi

07.28.2025",0,0,day_0
Plate 14_B6_Inoc_32C,Plate 14,Inoc,B6,32C (heat stress),Inoc_32,1,"3 dpl

07.31.2025",3,0,day_3
Plate 14_B6_Inoc_32C,Plate 14,Inoc,B6,32C (heat stress),Inoc_32,1,"4 dpl

08.01.2025",4,0,day_4
Plate 14_B6_Inoc_32C,Plate 14,Inoc,B6,32C (heat stress),Inoc_32,1,"5 dpl

08.02.2025",5,0,day_5
Plate 14_B6_Inoc_32C,Plate 14,Inoc,B6,32C (heat stress),Inoc_32,1,"6 dpl

08.03. 2025",6,0,day_6
Plate 14_B6_Inoc_32C,Plate 14,Inoc,B6,32C (heat stress),Inoc_32,1,"7 dpl

08.04.2025",7,0,day_7
Plate 14_B6_Inoc_32C,Plate 14,Inoc,B6,32C (heat stress),Inoc_32,1,"8 dpl

08.05.2025",8,0,day_8
Plate 14_B6_Inoc_32C,Plate 14,Inoc,B6,32C (heat stress),Inoc_32,1,"9 dpl

08.06.2025",9,0,day_9
Plate 14_B6_Inoc_32C,Plate 14,Inoc,B6,32C (heat stress),Inoc_32,1,"10 dpl

08.07.2025",10,0,day_10
Plate 14_B6_Inoc_32C,Plate 14,Inoc,B6,32C (heat stress),Inoc_32,1,"11 dpl

08.08.2025",11,0,day_11
Plate 14_B6_Inoc_32C,Plate 14,Inoc,B6,32C (heat stress),Inoc_32,1,"13 dpl

08.10.2025",13,0,day_13
Plate 14_B6_Inoc_32C,Plate 14,Inoc,B6,32C (heat stress),Inoc_32,1,"14 dpl

08.11.2025",14,0,day_14
Plate 14_B6_Inoc_32C,Plate 14,Inoc,B6,32C (heat stress),Inoc_32,1,21 dpl,21,0,day_21
Plate 14_C1_Inoc_32C,Plate 14,Inoc,C1,32C (heat stress),Inoc_32,1,"0 dpi

07.28.2025",0,0,day_0
Plate 14_C1_Inoc_32C,Plate 14,Inoc,C1,32C (heat stress),Inoc_32,1,"3 dpl

07.31.2025",3,0,day_3
Plate 14_C1_Inoc_32C,Plate 14,Inoc,C1,32C (heat stress),Inoc_32,1,"4 dpl

08.01.2025",4,0,day_4
Plate 14_C1_Inoc_32C,Plate 14,Inoc,C1,32C (heat stress),Inoc_32,1,"5 dpl

08.02.2025",5,0,day_5
Plate 14_C1_Inoc_32C,Plate 14,Inoc,C1,32C (heat stress),Inoc_32,1,"6 dpl

08.03. 2025",6,0,day_6
Plate 14_C1_Inoc_32C,Plate 14,Inoc,C1,32C (heat stress),Inoc_32,1,"7 dpl

08.04.2025",7,na,day_7
Plate 14_C1_Inoc_32C,Plate 14,Inoc,C1,32C (heat stress),Inoc_32,1,"8 dpl

08.05.2025",8,na,day_8
Plate 14_C1_Inoc_32C,Plate 14,Inoc,C1,32C (heat stress),Inoc_32,1,"9 dpl

08.06.2025",9,na,day_9
Plate 14_C1_Inoc_32C,Plate 14,Inoc,C1,32C (heat stress),Inoc_32,1,"10 dpl

08.07.2025",10,na,day_10
Plate 14_C1_Inoc_32C,Plate 14,Inoc,C1,32C (heat stress),Inoc_32,1,"11 dpl

08.08.2025",11,na,day_11
Plate 14_C1_Inoc_32C,Plate 14,Inoc,C1,32C (heat stress),Inoc_32,1,"13 dpl

08.10.2025",13,na,day_13
Plate 14_C1_Inoc_32C,Plate 14,Inoc,C1,32C (heat stress),Inoc_32,1,"14 dpl

08.11.2025",14,na,day_14
Plate 14_C1_Inoc_32C,Plate 14,Inoc,C1,32C (heat stress),Inoc_32,1,21 dpl,21,na,day_21
Plate 14_C2_Inoc_32C,Plate 14,Inoc,C2,32C (heat stress),Inoc_32,1,"0 dpi

07.28.2025",0,0,day_0
Plate 14_C2_Inoc_32C,Plate 14,Inoc,C2,32C (heat stress),Inoc_32,1,"3 dpl

07.31.2025",3,0,day_3
Plate 14_C2_Inoc_32C,Plate 14,Inoc,C2,32C (heat stress),Inoc_32,1,"4 dpl

08.01.2025",4,0,day_4
Plate 14_C2_Inoc_32C,Plate 14,Inoc,C2,32C (heat stress),Inoc_32,1,"5 dpl

08.02.2025",5,0,day_5
Plate 14_C2_Inoc_32C,Plate 14,Inoc,C2,32C (heat stress),Inoc_32,1,"6 dpl

08.03. 2025",6,0,day_6
Plate 14_C2_Inoc_32C,Plate 14,Inoc,C2,32C (heat stress),Inoc_32,1,"7 dpl

08.04.2025",7,0,day_7
Plate 14_C2_Inoc_32C,Plate 14,Inoc,C2,32C (heat stress),Inoc_32,1,"8 dpl

08.05.2025",8,edu,day_8
Plate 14_C2_Inoc_32C,Plate 14,Inoc,C2,32C (heat stress),Inoc_32,1,"9 dpl

08.06.2025",9,edu,day_9
Plate 14_C2_Inoc_32C,Plate 14,Inoc,C2,32C (heat stress),Inoc_32,1,"10 dpl

08.07.2025",10,edu,day_10
Plate 14_C2_Inoc_32C,Plate 14,Inoc,C2,32C (heat stress),Inoc_32,1,"11 dpl

08.08.2025",11,edu,day_11
Plate 14_C2_Inoc_32C,Plate 14,Inoc,C2,32C (heat stress),Inoc_32,1,"13 dpl

08.10.2025",13,edu,day_13
Plate 14_C2_Inoc_32C,Plate 14,Inoc,C2,32C (heat stress),Inoc_32,1,"14 dpl

08.11.2025",14,edu,day_14
Plate 14_C2_Inoc_32C,Plate 14,Inoc,C2,32C (heat stress),Inoc_32,1,21 dpl,21,edu,day_21
Plate 14_C3_Inoc_32C,Plate 14,Inoc,C3,32C (heat stress),Inoc_32,1,"0 dpi

07.28.2025",0,0,day_0
Plate 14_C3_Inoc_32C,Plate 14,Inoc,C3,32C (heat stress),Inoc_32,1,"3 dpl

07.31.2025",3,0,day_3
Plate 14_C3_Inoc_32C,Plate 14,Inoc,C3,32C (heat stress),Inoc_32,1,"4 dpl

08.01.2025",4,0,day_4
Plate 14_C3_Inoc_32C,Plate 14,Inoc,C3,32C (heat stress),Inoc_32,1,"5 dpl

08.02.2025",5,0,day_5
Plate 14_C3_Inoc_32C,Plate 14,Inoc,C3,32C (heat stress),Inoc_32,1,"6 dpl

08.03. 2025",6,0,day_6
Plate 14_C3_Inoc_32C,Plate 14,Inoc,C3,32C (heat stress),Inoc_32,1,"7 dpl

08.04.2025",7,0,day_7
Plate 14_C3_Inoc_32C,Plate 14,Inoc,C3,32C (heat stress),Inoc_32,1,"8 dpl

08.05.2025",8,edu,day_8
Plate 14_C3_Inoc_32C,Plate 14,Inoc,C3,32C (heat stress),Inoc_32,1,"9 dpl

08.06.2025",9,edu,day_9
Plate 14_C3_Inoc_32C,Plate 14,Inoc,C3,32C (heat stress),Inoc_32,1,"10 dpl

08.07.2025",10,edu,day_10
Plate 14_C3_Inoc_32C,Plate 14,Inoc,C3,32C (heat stress),Inoc_32,1,"11 dpl

08.08.2025",11,edu,day_11
Plate 14_C3_Inoc_32C,Plate 14,Inoc,C3,32C (heat stress),Inoc_32,1,"13 dpl

08.10.2025",13,edu,day_13
Plate 14_C3_Inoc_32C,Plate 14,Inoc,C3,32C (heat stress),Inoc_32,1,"14 dpl

08.11.2025",14,edu,day_14
Plate 14_C3_Inoc_32C,Plate 14,Inoc,C3,32C (heat stress),Inoc_32,1,21 dpl,21,edu,day_21
Plate 14_C4_Inoc_32C,Plate 14,Inoc,C4,32C (heat stress),Inoc_32,1,"0 dpi

07.28.2025",0,0,day_0
Plate 14_C4_Inoc_32C,Plate 14,Inoc,C4,32C (heat stress),Inoc_32,1,"3 dpl

07.31.2025",3,0,day_3
Plate 14_C4_Inoc_32C,Plate 14,Inoc,C4,32C (heat stress),Inoc_32,1,"4 dpl

08.01.2025",4,0,day_4
Plate 14_C4_Inoc_32C,Plate 14,Inoc,C4,32C (heat stress),Inoc_32,1,"5 dpl

08.02.2025",5,5,day_5
Plate 14_C4_Inoc_32C,Plate 14,Inoc,C4,32C (heat stress),Inoc_32,1,"6 dpl

08.03. 2025",6,5,day_6
Plate 14_C4_Inoc_32C,Plate 14,Inoc,C4,32C (heat stress),Inoc_32,1,"7 dpl

08.04.2025",7,5,day_7
Plate 14_C4_Inoc_32C,Plate 14,Inoc,C4,32C (heat stress),Inoc_32,1,"8 dpl

08.05.2025",8,edu,day_8
Plate 14_C4_Inoc_32C,Plate 14,Inoc,C4,32C (heat stress),Inoc_32,1,"9 dpl

08.06.2025",9,edu,day_9
Plate 14_C4_Inoc_32C,Plate 14,Inoc,C4,32C (heat stress),Inoc_32,1,"10 dpl

08.07.2025",10,edu,day_10
Plate 14_C4_Inoc_32C,Plate 14,Inoc,C4,32C (heat stress),Inoc_32,1,"11 dpl

08.08.2025",11,edu,day_11
Plate 14_C4_Inoc_32C,Plate 14,Inoc,C4,32C (heat stress),Inoc_32,1,"13 dpl

08.10.2025",13,edu,day_13
Plate 14_C4_Inoc_32C,Plate 14,Inoc,C4,32C (heat stress),Inoc_32,1,"14 dpl

08.11.2025",14,edu,day_14
Plate 14_C4_Inoc_32C,Plate 14,Inoc,C4,32C (heat stress),Inoc_32,1,21 dpl,21,edu,day_21
Plate 14_C5_Inoc_32C,Plate 14,Inoc,C5,32C (heat stress),Inoc_32,1,"0 dpi

07.28.2025",0,0,day_0
Plate 14_C5_Inoc_32C,Plate 14,Inoc,C5,32C (heat stress),Inoc_32,1,"3 dpl

07.31.2025",3,0,day_3
Plate 14_C5_Inoc_32C,Plate 14,Inoc,C5,32C (heat stress),Inoc_32,1,"4 dpl

08.01.2025",4,0,day_4
Plate 14_C5_Inoc_32C,Plate 14,Inoc,C5,32C (heat stress),Inoc_32,1,"5 dpl

08.02.2025",5,4,day_5
Plate 14_C5_Inoc_32C,Plate 14,Inoc,C5,32C (heat stress),Inoc_32,1,"6 dpl

08.03. 2025",6,4,day_6
Plate 14_C5_Inoc_32C,Plate 14,Inoc,C5,32C (heat stress),Inoc_32,1,"7 dpl

08.04.2025",7,4,day_7
Plate 14_C5_Inoc_32C,Plate 14,Inoc,C5,32C (heat stress),Inoc_32,1,"8 dpl

08.05.2025",8,edu,day_8
Plate 14_C5_Inoc_32C,Plate 14,Inoc,C5,32C (heat stress),Inoc_32,1,"9 dpl

08.06.2025",9,edu,day_9
Plate 14_C5_Inoc_32C,Plate 14,Inoc,C5,32C (heat stress),Inoc_32,1,"10 dpl

08.07.2025",10,edu,day_10
Plate 14_C5_Inoc_32C,Plate 14,Inoc,C5,32C (heat stress),Inoc_32,1,"11 dpl

08.08.2025",11,edu,day_11
Plate 14_C5_Inoc_32C,Plate 14,Inoc,C5,32C (heat stress),Inoc_32,1,"13 dpl

08.10.2025",13,edu,day_13
Plate 14_C5_Inoc_32C,Plate 14,Inoc,C5,32C (heat stress),Inoc_32,1,"14 dpl

08.11.2025",14,edu,day_14
Plate 14_C5_Inoc_32C,Plate 14,Inoc,C5,32C (heat stress),Inoc_32,1,21 dpl,21,edu,day_21
Plate 14_C6_Inoc_32C,Plate 14,Inoc,C6,32C (heat stress),Inoc_32,1,"0 dpi

07.28.2025",0,0,day_0
Plate 14_C6_Inoc_32C,Plate 14,Inoc,C6,32C (heat stress),Inoc_32,1,"3 dpl

07.31.2025",3,na,day_3
Plate 14_C6_Inoc_32C,Plate 14,Inoc,C6,32C (heat stress),Inoc_32,1,"4 dpl

08.01.2025",4,na,day_4
Plate 14_C6_Inoc_32C,Plate 14,Inoc,C6,32C (heat stress),Inoc_32,1,"5 dpl

08.02.2025",5,na,day_5
Plate 14_C6_Inoc_32C,Plate 14,Inoc,C6,32C (heat stress),Inoc_32,1,"6 dpl

08.03. 2025",6,na,day_6
Plate 14_C6_Inoc_32C,Plate 14,Inoc,C6,32C (heat stress),Inoc_32,1,"7 dpl

08.04.2025",7,na,day_7
Plate 14_C6_Inoc_32C,Plate 14,Inoc,C6,32C (heat stress),Inoc_32,1,"8 dpl

08.05.2025",8,na,day_8
Plate 14_C6_Inoc_32C,Plate 14,Inoc,C6,32C (heat stress),Inoc_32,1,"9 dpl

08.06.2025",9,na,day_9
Plate 14_C6_Inoc_32C,Plate 14,Inoc,C6,32C (heat stress),Inoc_32,1,"10 dpl

08.07.2025",10,na,day_10
Plate 14_C6_Inoc_32C,Plate 14,Inoc,C6,32C (heat stress),Inoc_32,1,"11 dpl

08.08.2025",11,na,day_11
Plate 14_C6_Inoc_32C,Plate 14,Inoc,C6,32C (heat stress),Inoc_32,1,"13 dpl

08.10.2025",13,na,day_13
Plate 14_C6_Inoc_32C,Plate 14,Inoc,C6,32C (heat stress),Inoc_32,1,"14 dpl

08.11.2025",14,na,day_14
Plate 14_C6_Inoc_32C,Plate 14,Inoc,C6,32C (heat stress),Inoc_32,1,21 dpl,21,na,day_21
Plate 14_D1_Inoc_32C,Plate 14,Inoc,D1,32C (heat stress),Inoc_32,1,"0 dpi

07.28.2025",0,0,day_0
Plate 14_D1_Inoc_32C,Plate 14,Inoc,D1,32C (heat stress),Inoc_32,1,"3 dpl

07.31.2025",3,0,day_3
Plate 14_D1_Inoc_32C,Plate 14,Inoc,D1,32C (heat stress),Inoc_32,1,"4 dpl

08.01.2025",4,0,day_4
Plate 14_D1_Inoc_32C,Plate 14,Inoc,D1,32C (heat stress),Inoc_32,1,"5 dpl

08.02.2025",5,0,day_5
Plate 14_D1_Inoc_32C,Plate 14,Inoc,D1,32C (heat stress),Inoc_32,1,"6 dpl

08.03. 2025",6,0,day_6
Plate 14_D1_Inoc_32C,Plate 14,Inoc,D1,32C (heat stress),Inoc_32,1,"7 dpl

08.04.2025",7,0,day_7
Plate 14_D1_Inoc_32C,Plate 14,Inoc,D1,32C (heat stress),Inoc_32,1,"8 dpl

08.05.2025",8,0,day_8
Plate 14_D1_Inoc_32C,Plate 14,Inoc,D1,32C (heat stress),Inoc_32,1,"9 dpl

08.06.2025",9,5,day_9
Plate 14_D1_Inoc_32C,Plate 14,Inoc,D1,32C (heat stress),Inoc_32,1,"10 dpl

08.07.2025",10,5,day_10
Plate 14_D1_Inoc_32C,Plate 14,Inoc,D1,32C (heat stress),Inoc_32,1,"11 dpl

08.08.2025",11,5,day_11
Plate 14_D1_Inoc_32C,Plate 14,Inoc,D1,32C (heat stress),Inoc_32,1,"13 dpl

08.10.2025",13,5,day_13
Plate 14_D1_Inoc_32C,Plate 14,Inoc,D1,32C (heat stress),Inoc_32,1,"14 dpl

08.11.2025",14,na,day_14
Plate 14_D1_Inoc_32C,Plate 14,Inoc,D1,32C (heat stress),Inoc_32,1,21 dpl,21,na,day_21
Plate 14_D2_Inoc_32C,Plate 14,Inoc,D2,32C (heat stress),Inoc_32,1,"0 dpi

07.28.2025",0,0,day_0
Plate 14_D2_Inoc_32C,Plate 14,Inoc,D2,32C (heat stress),Inoc_32,1,"3 dpl

07.31.2025",3,0,day_3
Plate 14_D2_Inoc_32C,Plate 14,Inoc,D2,32C (heat stress),Inoc_32,1,"4 dpl

08.01.2025",4,0,day_4
Plate 14_D2_Inoc_32C,Plate 14,Inoc,D2,32C (heat stress),Inoc_32,1,"5 dpl

08.02.2025",5,0,day_5
Plate 14_D2_Inoc_32C,Plate 14,Inoc,D2,32C (heat stress),Inoc_32,1,"6 dpl

08.03. 2025",6,0,day_6
Plate 14_D2_Inoc_32C,Plate 14,Inoc,D2,32C (heat stress),Inoc_32,1,"7 dpl

08.04.2025",7,0,day_7
Plate 14_D2_Inoc_32C,Plate 14,Inoc,D2,32C (heat stress),Inoc_32,1,"8 dpl

08.05.2025",8,0,day_8
Plate 14_D2_Inoc_32C,Plate 14,Inoc,D2,32C (heat stress),Inoc_32,1,"9 dpl

08.06.2025",9,0,day_9
Plate 14_D2_Inoc_32C,Plate 14,Inoc,D2,32C (heat stress),Inoc_32,1,"10 dpl

08.07.2025",10,0,day_10
Plate 14_D2_Inoc_32C,Plate 14,Inoc,D2,32C (heat stress),Inoc_32,1,"11 dpl

08.08.2025",11,0,day_11
Plate 14_D2_Inoc_32C,Plate 14,Inoc,D2,32C (heat stress),Inoc_32,1,"13 dpl

08.10.2025",13,na,day_13
Plate 14_D2_Inoc_32C,Plate 14,Inoc,D2,32C (heat stress),Inoc_32,1,"14 dpl

08.11.2025",14,na,day_14
Plate 14_D2_Inoc_32C,Plate 14,Inoc,D2,32C (heat stress),Inoc_32,1,21 dpl,21,na,day_21
Plate 14_D3_Inoc_32C,Plate 14,Inoc,D3,32C (heat stress),Inoc_32,1,"0 dpi

07.28.2025",0,0,day_0
Plate 14_D3_Inoc_32C,Plate 14,Inoc,D3,32C (heat stress),Inoc_32,1,"3 dpl

07.31.2025",3,na,day_3
Plate 14_D3_Inoc_32C,Plate 14,Inoc,D3,32C (heat stress),Inoc_32,1,"4 dpl

08.01.2025",4,na,day_4
Plate 14_D3_Inoc_32C,Plate 14,Inoc,D3,32C (heat stress),Inoc_32,1,"5 dpl

08.02.2025",5,na,day_5
Plate 14_D3_Inoc_32C,Plate 14,Inoc,D3,32C (heat stress),Inoc_32,1,"6 dpl

08.03. 2025",6,na,day_6
Plate 14_D3_Inoc_32C,Plate 14,Inoc,D3,32C (heat stress),Inoc_32,1,"7 dpl

08.04.2025",7,na,day_7
Plate 14_D3_Inoc_32C,Plate 14,Inoc,D3,32C (heat stress),Inoc_32,1,"8 dpl

08.05.2025",8,na,day_8
Plate 14_D3_Inoc_32C,Plate 14,Inoc,D3,32C (heat stress),Inoc_32,1,"9 dpl

08.06.2025",9,na,day_9
Plate 14_D3_Inoc_32C,Plate 14,Inoc,D3,32C (heat stress),Inoc_32,1,"10 dpl

08.07.2025",10,na,day_10
Plate 14_D3_Inoc_32C,Plate 14,Inoc,D3,32C (heat stress),Inoc_32,1,"11 dpl

08.08.2025",11,na,day_11
Plate 14_D3_Inoc_32C,Plate 14,Inoc,D3,32C (heat stress),Inoc_32,1,"13 dpl

08.10.2025",13,na,day_13
Plate 14_D3_Inoc_32C,Plate 14,Inoc,D3,32C (heat stress),Inoc_32,1,"14 dpl

08.11.2025",14,na,day_14
Plate 14_D3_Inoc_32C,Plate 14,Inoc,D3,32C (heat stress),Inoc_32,1,21 dpl,21,na,day_21
Plate 14_D4_Inoc_32C,Plate 14,Inoc,D4,32C (heat stress),Inoc_32,1,"0 dpi

07.28.2025",0,0,day_0
Plate 14_D4_Inoc_32C,Plate 14,Inoc,D4,32C (heat stress),Inoc_32,1,"3 dpl

07.31.2025",3,0,day_3
Plate 14_D4_Inoc_32C,Plate 14,Inoc,D4,32C (heat stress),Inoc_32,1,"4 dpl

08.01.2025",4,0,day_4
Plate 14_D4_Inoc_32C,Plate 14,Inoc,D4,32C (heat stress),Inoc_32,1,"5 dpl

08.02.2025",5,0,day_5
Plate 14_D4_Inoc_32C,Plate 14,Inoc,D4,32C (heat stress),Inoc_32,1,"6 dpl

08.03. 2025",6,0,day_6
Plate 14_D4_Inoc_32C,Plate 14,Inoc,D4,32C (heat stress),Inoc_32,1,"7 dpl

08.04.2025",7,0,day_7
Plate 14_D4_Inoc_32C,Plate 14,Inoc,D4,32C (heat stress),Inoc_32,1,"8 dpl

08.05.2025",8,0,day_8
Plate 14_D4_Inoc_32C,Plate 14,Inoc,D4,32C (heat stress),Inoc_32,1,"9 dpl

08.06.2025",9,0,day_9
Plate 14_D4_Inoc_32C,Plate 14,Inoc,D4,32C (heat stress),Inoc_32,1,"10 dpl

08.07.2025",10,0,day_10
Plate 14_D4_Inoc_32C,Plate 14,Inoc,D4,32C (heat stress),Inoc_32,1,"11 dpl

08.08.2025",11,0,day_11
Plate 14_D4_Inoc_32C,Plate 14,Inoc,D4,32C (heat stress),Inoc_32,1,"13 dpl

08.10.2025",13,0,day_13
Plate 14_D4_Inoc_32C,Plate 14,Inoc,D4,32C (heat stress),Inoc_32,1,"14 dpl

08.11.2025",14,na,day_14
Plate 14_D4_Inoc_32C,Plate 14,Inoc,D4,32C (heat stress),Inoc_32,1,21 dpl,21,na,day_21
Plate 14_D4_Inoc_32C,Plate 14,Inoc,D4,32C (heat stress),Inoc_32,2,"0 dpi

07.28.2025",0,0,day_0
Plate 14_D4_Inoc_32C,Plate 14,Inoc,D4,32C (heat stress),Inoc_32,2,"3 dpl

07.31.2025",3,na,day_3
Plate 14_D4_Inoc_32C,Plate 14,Inoc,D4,32C (heat stress),Inoc_32,2,"4 dpl

08.01.2025",4,na,day_4
Plate 14_D4_Inoc_32C,Plate 14,Inoc,D4,32C (heat stress),Inoc_32,2,"5 dpl

08.02.2025",5,na,day_5
Plate 14_D4_Inoc_32C,Plate 14,Inoc,D4,32C (heat stress),Inoc_32,2,"6 dpl

08.03. 2025",6,na,day_6
Plate 14_D4_Inoc_32C,Plate 14,Inoc,D4,32C (heat stress),Inoc_32,2,"7 dpl

08.04.2025",7,na,day_7
Plate 14_D4_Inoc_32C,Plate 14,Inoc,D4,32C (heat stress),Inoc_32,2,"8 dpl

08.05.2025",8,na,day_8
Plate 14_D4_Inoc_32C,Plate 14,Inoc,D4,32C (heat stress),Inoc_32,2,"9 dpl

08.06.2025",9,na,day_9
Plate 14_D4_Inoc_32C,Plate 14,Inoc,D4,32C (heat stress),Inoc_32,2,"10 dpl

08.07.2025",10,na,day_10
Plate 14_D4_Inoc_32C,Plate 14,Inoc,D4,32C (heat stress),Inoc_32,2,"11 dpl

08.08.2025",11,na,day_11
Plate 14_D4_Inoc_32C,Plate 14,Inoc,D4,32C (heat stress),Inoc_32,2,"13 dpl

08.10.2025",13,na,day_13
Plate 14_D4_Inoc_32C,Plate 14,Inoc,D4,32C (heat stress),Inoc_32,2,"14 dpl

08.11.2025",14,na,day_14
Plate 14_D4_Inoc_32C,Plate 14,Inoc,D4,32C (heat stress),Inoc_32,2,21 dpl,21,na,day_21
Plate 14_D5_Inoc_32C,Plate 14,Inoc,D5,32C (heat stress),Inoc_32,1,"0 dpi

07.28.2025",0,0,day_0
Plate 14_D5_Inoc_32C,Plate 14,Inoc,D5,32C (heat stress),Inoc_32,1,"3 dpl

07.31.2025",3,0,day_3
Plate 14_D5_Inoc_32C,Plate 14,Inoc,D5,32C (heat stress),Inoc_32,1,"4 dpl

08.01.2025",4,0,day_4
Plate 14_D5_Inoc_32C,Plate 14,Inoc,D5,32C (heat stress),Inoc_32,1,"5 dpl

08.02.2025",5,0,day_5
Plate 14_D5_Inoc_32C,Plate 14,Inoc,D5,32C (heat stress),Inoc_32,1,"6 dpl

08.03. 2025",6,5,day_6
Plate 14_D5_Inoc_32C,Plate 14,Inoc,D5,32C (heat stress),Inoc_32,1,"7 dpl

08.04.2025",7,5,day_7
Plate 14_D5_Inoc_32C,Plate 14,Inoc,D5,32C (heat stress),Inoc_32,1,"8 dpl

08.05.2025",8,7,day_8
Plate 14_D5_Inoc_32C,Plate 14,Inoc,D5,32C (heat stress),Inoc_32,1,"9 dpl

08.06.2025",9,7,day_9
Plate 14_D5_Inoc_32C,Plate 14,Inoc,D5,32C (heat stress),Inoc_32,1,"10 dpl

08.07.2025",10,7,day_10
Plate 14_D5_Inoc_32C,Plate 14,Inoc,D5,32C (heat stress),Inoc_32,1,"11 dpl

08.08.2025",11,7,day_11
Plate 14_D5_Inoc_32C,Plate 14,Inoc,D5,32C (heat stress),Inoc_32,1,"13 dpl

08.10.2025",13,7,day_13
Plate 14_D5_Inoc_32C,Plate 14,Inoc,D5,32C (heat stress),Inoc_32,1,"14 dpl

08.11.2025",14,na,day_14
Plate 14_D5_Inoc_32C,Plate 14,Inoc,D5,32C (heat stress),Inoc_32,1,21 dpl,21,na,day_21
Plate 14_D6_Inoc_32C,Plate 14,Inoc,D6,32C (heat stress),Inoc_32,1,"0 dpi

07.28.2025",0,0,day_0
Plate 14_D6_Inoc_32C,Plate 14,Inoc,D6,32C (heat stress),Inoc_32,1,"3 dpl

07.31.2025",3,na,day_3
Plate 14_D6_Inoc_32C,Plate 14,Inoc,D6,32C (heat stress),Inoc_32,1,"4 dpl

08.01.2025",4,na,day_4
Plate 14_D6_Inoc_32C,Plate 14,Inoc,D6,32C (heat stress),Inoc_32,1,"5 dpl

08.02.2025",5,na,day_5
Plate 14_D6_Inoc_32C,Plate 14,Inoc,D6,32C (heat stress),Inoc_32,1,"6 dpl

08.03. 2025",6,na,day_6
Plate 14_D6_Inoc_32C,Plate 14,Inoc,D6,32C (heat stress),Inoc_32,1,"7 dpl

08.04.2025",7,na,day_7
Plate 14_D6_Inoc_32C,Plate 14,Inoc,D6,32C (heat stress),Inoc_32,1,"8 dpl

08.05.2025",8,na,day_8
Plate 14_D6_Inoc_32C,Plate 14,Inoc,D6,32C (heat stress),Inoc_32,1,"9 dpl

08.06.2025",9,na,day_9
Plate 14_D6_Inoc_32C,Plate 14,Inoc,D6,32C (heat stress),Inoc_32,1,"10 dpl

08.07.2025",10,na,day_10
Plate 14_D6_Inoc_32C,Plate 14,Inoc,D6,32C (heat stress),Inoc_32,1,"11 dpl

08.08.2025",11,na,day_11
Plate 14_D6_Inoc_32C,Plate 14,Inoc,D6,32C (heat stress),Inoc_32,1,"13 dpl

08.10.2025",13,na,day_13
Plate 14_D6_Inoc_32C,Plate 14,Inoc,D6,32C (heat stress),Inoc_32,1,"14 dpl

08.11.2025",14,na,day_14
Plate 14_D6_Inoc_32C,Plate 14,Inoc,D6,32C (heat stress),Inoc_32,1,21 dpl,21,na,day_21