lacerate_id,parent_id,tub_id,formation_date,cohort_week,initial_notes,removal_date,cohort,genotype,temp,treatment,observer
P1_VWA_32_Tub1_Lacerate 1,P1_VWA_32_Tub1,VWA_32_Tub1,2026-02-09,W1-2,,2026-02-23,W1-2,VWA,32,VWA_32,Grady
PX_VWA_32_Tub1_Lacerate 2,Unknown,VWA_32_Tub1,2026-02-09,W1-2,,2026-02-23,W1-2,VWA,32,VWA_32,Grady
PX_VWA_32_Tub2_Lacerate 1,Unknown,VWA_32_Tub2,2026-02-09,W1-2,,2026-02-23,W1-2,VWA,32,VWA_32,Grady
PX_VWA_32_Tub2_Lacerate 2,Unknown,VWA_32_Tub2,2026-02-09,W1-2,,2026-02-23,W1-2,VWA,32,VWA_32,Grady
P2_VWA_32_Tub3_Lacerate 1,P2_VWA_32_Tub3,VWA_32_Tub3,2026-02-09,W1-2,,2026-02-23,W1-2,VWA,32,VWA_32,Grady
PX_VWA_32_Tub3_Lacerate 2,Unknown,VWA_32_Tub3,2026-02-09,W1-2,,2026-02-23,W1-2,VWA,32,VWA_32,Grady
P2_VWA_32_Tub3_Lacerate 3,P2_VWA_32_Tub3,VWA_32_Tub3,2026-02-09,W1-2,,2026-02-23,W1-2,VWA,32,VWA_32,Grady
P2_H2_32_Tub1_Lacerate 1,P2_H2_32_Tub1,H2_32_Tub1,2026-02-09,W1-2,,2026-02-23,W1-2,H2,32,H2_32,Grady
P3_H2_32_Tub1_Lacerate 2,P3_H2_32_Tub1,H2_32_Tub1,2026-02-09,W1-2,,2026-02-23,W1-2,H2,32,H2_32,Grady
P2_H2_32_Tub1_Lacerate 3,P2_H2_32_Tub1,H2_32_Tub1,2026-02-09,W1-2,,2026-02-23,W1-2,H2,32,H2_32,Grady
P1_H2_32_Tub2_Lacerate 1,P1_H2_32_Tub2,H2_32_Tub2,2026-02-09,W1-2,,2026-02-23,W1-2,H2,32,H2_32,Grady
P2_H2_32_Tub2_Lacerate 2,P2_H2_32_Tub2,H2_32_Tub2,2026-02-09,W1-2,,2026-02-23,W1-2,H2,32,H2_32,Grady
PX_VWA_25_Tub2_Lacerate 1,Unknown,VWA_25_Tub2,2026-02-09,W1-2,,2026-02-23,W1-2,VWA,25,VWA_25,Grady
PX_VWA_25_Tub2_Lacerate 2,Unknown,VWA_25_Tub2,2026-02-09,W1-2,,2026-02-23,W1-2,VWA,25,VWA_25,Grady
PX_VWA_25_Tub2_Lacerate 3,Unknown,VWA_25_Tub2,2026-02-09,W1-2,,2026-02-23,W1-2,VWA,25,VWA_25,Grady
PX_VWA_25_Tub2_Lacerate 4,Unknown,VWA_25_Tub2,2026-02-09,W1-2,,2026-02-23,W1-2,VWA,25,VWA_25,Grady
P3_H2_25_Tub1_Lacerate 1,P3_H2_25_Tub1,H2_25_Tub1,2026-02-09,W1-2,,2026-02-23,W1-2,H2,25,H2_25,Grady
PX_VWA_32_Tub3_Lacerate 4,Unknown,VWA_32_Tub3,2026-02-11,W1-2,,2026-02-23,W1-2,VWA,32,VWA_32,Grady
P3_H2_25_Tub1_Lacerate 2,P3_H2_25_Tub1,H2_25_Tub1,2026-02-13,W1-2,,2026-02-23,W1-2,H2,25,H2_25,Aiden
P3_H2_25_Tub1_Lacerate 3,P3_H2_25_Tub1,H2_25_Tub1,2026-02-13,W1-2,,2026-02-23,W1-2,H2,25,H2_25,Aiden
P3_H2_25_Tub1_Lacerate 4,P3_H2_25_Tub1,H2_25_Tub1,2026-02-13,W1-2,,2026-02-23,W1-2,H2,25,H2_25,Aiden
P3_H2_25_Tub1_Lacerate 5,P3_H2_25_Tub1,H2_25_Tub1,2026-02-13,W1-2,,2026-02-23,W1-2,H2,25,H2_25,Aiden
P1_VWA_25_Tub1_Lacerate 1,P1_VWA_25_Tub1,VWA_25_Tub1,2026-02-13,W1-2,,2026-02-23,W1-2,VWA,25,VWA_25,Aiden
P2_H2_32_Tub2_Lacerate 3,P2_H2_32_Tub2,H2_32_Tub2,2026-02-13,W1-2,,2026-02-23,W1-2,H2,32,H2_32,Aiden
P1_VWA_32_Tub2_Lacerate 3,P1_VWA_32_Tub2,VWA_32_Tub2,2026-02-13,W1-2,,2026-02-23,W1-2,VWA,32,VWA_32,Aiden
P1_VWA_32_Tub2_Lacerate 4,P1_VWA_32_Tub2,VWA_32_Tub2,2026-02-13,W1-2,,2026-02-23,W1-2,VWA,32,VWA_32,Aiden
P3_H2_25_Tub2_Lacerate 1,P3_H2_25_Tub2,H2_25_Tub2,2026-02-16,W1-2,,2026-02-23,W1-2,H2,25,H2_25,Grady
P1_H2_25_Tub2_Lacerate 2,P1_H2_25_Tub2,H2_25_Tub2,2026-02-16,W1-2,,2026-02-23,W1-2,H2,25,H2_25,Grady
P1_H2_25_Tub2_Lacerate 3,P1_H2_25_Tub2,H2_25_Tub2,2026-02-16,W1-2,,2026-02-23,W1-2,H2,25,H2_25,Grady
P1_H2_25_Tub2_Lacerate 4,P1_H2_25_Tub2,H2_25_Tub2,2026-02-16,W1-2,,2026-02-23,W1-2,H2,25,H2_25,Grady
P2_H2_25_Tub2_Lacerate 5,P2_H2_25_Tub2,H2_25_Tub2,2026-02-16,W1-2,,2026-02-23,W1-2,H2,25,H2_25,Grady
P3_H2_25_Tub3_Lacerate 1,P3_H2_25_Tub3,H2_25_Tub3,2026-02-16,W1-2,,2026-02-23,W1-2,H2,25,H2_25,Grady
P3_H2_25_Tub3_Lacerate 2,P3_H2_25_Tub3,H2_25_Tub3,2026-02-16,W1-2,,2026-02-23,W1-2,H2,25,H2_25,Grady
P2_H2_25_Tub3_Lacerate 3,P2_H2_25_Tub3,H2_25_Tub3,2026-02-16,W1-2,,2026-02-23,W1-2,H2,25,H2_25,Grady
P1_VWA_32_Tub1_Lacerate 3,P1_VWA_32_Tub1,VWA_32_Tub1,2026-02-16,W1-2,,2026-02-23,W1-2,VWA,32,VWA_32,Grady
P1_VWA_32_Tub1_Lacerate 4,P1_VWA_32_Tub1,VWA_32_Tub1,2026-02-16,W1-2,,2026-02-23,W1-2,VWA,32,VWA_32,Grady
P1_VWA_32_Tub3_Lacerate 5,P1_VWA_32_Tub3,VWA_32_Tub3,2026-02-16,W1-2,,2026-02-23,W1-2,VWA,32,VWA_32,Grady
PX_H2_32_Tub1_Lacerate 4,PX_H2_32_Tub1,H2_32_Tub1,2026-02-16,W1-2,,2026-02-23,W1-2,H2,32,H2_32,Grady
P1_H2_32_Tub1_Lacerate 5,P1_H2_32_Tub1,H2_32_Tub1,2026-02-16,W1-2,,2026-02-23,W1-2,H2,32,H2_32,Grady
P3_H2_32_Tub1_Lacerate 6,P3_H2_32_Tub1,H2_32_Tub1,2026-02-16,W1-2,,2026-02-23,W1-2,H2,32,H2_32,Grady
P1_H2_32_Tub2_Lacerate 4,P1_H2_32_Tub2,H2_32_Tub2,2026-02-16,W1-2,,2026-02-23,W1-2,H2,32,H2_32,Grady
P1_H2_32_Tub3_Lacerate 1,P1_H2_32_Tub3,H2_32_Tub3,2026-02-16,W1-2,,2026-02-23,W1-2,H2,32,H2_32,Grady
P2_H2_32_Tub3_Lacerate 2,P2_H2_32_Tub3,H2_32_Tub3,2026-02-16,W1-2,,2026-02-23,W1-2,H2,32,H2_32,Grady
P3_H2_25_Tub1_Lacerate 6,P3_H2_25_Tub1,H2_25_Tub1,2026-02-16,W1-2,,2026-02-23,W1-2,H2,25,H2_25,Grady
P1_H2_25_Tub1_Lacerate 7,P1_H2_25_Tub1,H2_25_Tub1,2026-02-18,W1-2,,2026-02-23,W1-2,H2,25,H2_25,Grady
P3_H2_25_Tub1_Lacerate 8,P3_H2_25_Tub1,H2_25_Tub1,2026-02-18,W1-2,,2026-02-23,W1-2,H2,25,H2_25,Grady
P2_H2_25_Tub2_Lacerate 6,P2_H2_25_Tub2,H2_25_Tub2,2026-02-18,W1-2,,2026-02-23,W1-2,H2,25,H2_25,Grady
P2_H2_25_Tub2_Lacerate 7,P2_H2_25_Tub2,H2_25_Tub2,2026-02-18,W1-2,,2026-02-23,W1-2,H2,25,H2_25,Grady
P2_H2_25_Tub3_Lacerate 4,P2_H2_25_Tub3,H2_25_Tub3,2026-02-18,W1-2,,2026-02-23,W1-2,H2,25,H2_25,Grady
P1_VWA_25_Tub1_Lacerate 2,P1_VWA_25_Tub1,VWA_25_Tub1,2026-02-18,W1-2,,2026-02-23,W1-2,VWA,25,VWA_25,Grady
P1_VWA_25_Tub1_Lacerate 3,P1_VWA_25_Tub1,VWA_25_Tub1,2026-02-18,W1-2,,2026-02-23,W1-2,VWA,25,VWA_25,Grady
P1_VWA_25_Tub1_Lacerate 4,P1_VWA_25_Tub1,VWA_25_Tub1,2026-02-18,W1-2,,2026-02-23,W1-2,VWA,25,VWA_25,Grady
P1_VWA_25_Tub1_Lacerate 5,P1_VWA_25_Tub1,VWA_25_Tub1,2026-02-18,W1-2,,2026-02-23,W1-2,VWA,25,VWA_25,Grady
P1_VWA_25_Tub1_Lacerate 6,P1_VWA_25_Tub1,VWA_25_Tub1,2026-02-18,W1-2,,2026-02-23,W1-2,VWA,25,VWA_25,Grady
P1_VWA_25_Tub1_Lacerate 7,P1_VWA_25_Tub1,VWA_25_Tub1,2026-02-18,W1-2,,2026-02-23,W1-2,VWA,25,VWA_25,Grady
P1_VWA_25_Tub1_Lacerate 8,P1_VWA_25_Tub1,VWA_25_Tub1,2026-02-18,W1-2,,2026-02-23,W1-2,VWA,25,VWA_25,Grady
P2_VWA_25_Tub1_Lacerate 9,P2_VWA_25_Tub1,VWA_25_Tub1,2026-02-18,W1-2,,2026-02-23,W1-2,VWA,25,VWA_25,Grady
P2_VWA_25_Tub2_Lacerate 5,P2_VWA_25_Tub2,VWA_25_Tub2,2026-02-18,W1-2,,2026-02-23,W1-2,VWA,25,VWA_25,Grady
P2_VWA_25_Tub2_Lacerate 6,P1_VWA_25_Tub2,VWA_25_Tub2,2026-02-18,W1-2,,2026-02-23,W1-2,VWA,25,VWA_25,Grady
P2_VWA_25_Tub2_Lacerate 7,P1_VWA_25_Tub2,VWA_25_Tub2,2026-02-18,W1-2,,2026-02-23,W1-2,VWA,25,VWA_25,Grady
P2_VWA_25_Tub2_Lacerate 8,P1_VWA_25_Tub2,VWA_25_Tub2,2026-02-18,W1-2,,2026-02-23,W1-2,VWA,25,VWA_25,Grady
P2_VWA_25_Tub2_Lacerate 9,P1_VWA_25_Tub2,VWA_25_Tub2,2026-02-18,W1-2,,2026-02-23,W1-2,VWA,25,VWA_25,Grady
P2_VWA_25_Tub2_Lacerate 10,P1_VWA_25_Tub2,VWA_25_Tub2,2026-02-18,W1-2,,2026-02-23,W1-2,VWA,25,VWA_25,Grady
P2_VWA_25_Tub2_Lacerate 11,P1_VWA_25_Tub2,VWA_25_Tub2,2026-02-18,W1-2,,2026-02-23,W1-2,VWA,25,VWA_25,Grady
P1_VWA_25_Tub3_Lacerate 1,P1_VWA_25_Tub3,VWA_25_Tub3,2026-02-18,W1-2,,2026-02-23,W1-2,VWA,25,VWA_25,Grady
P2_VWA_25_Tub3_Lacerate 2,P2_VWA_25_Tub3,VWA_25_Tub3,2026-02-18,W1-2,,2026-02-23,W1-2,VWA,25,VWA_25,Grady
P2_H2_32_Tub1_Lacerate 7,P2_H2_32_Tub1,H2_32_Tub1,2026-02-18,W1-2,,2026-02-23,W1-2,H2,32,H2_32,Grady
P2_H2_32_Tub1_Lacerate 8,P2_H2_32_Tub1,H2_32_Tub1,2026-02-18,W1-2,,2026-02-23,W1-2,H2,32,H2_32,Grady
P2_H2_32_Tub1_Lacerate 9,P2_H2_32_Tub1,H2_32_Tub1,2026-02-18,W1-2,,2026-02-23,W1-2,H2,32,H2_32,Grady
P1_H2_32_Tub1_Lacerate 10,P1_H2_32_Tub1,H2_32_Tub1,2026-02-18,W1-2,,2026-02-23,W1-2,H2,32,H2_32,Grady
P1_H2_32_Tub1_Lacerate 11,P1_H2_32_Tub1,H2_32_Tub1,2026-02-18,W1-2,,2026-02-23,W1-2,H2,32,H2_32,Grady
P1_H2_32_Tub2_Lacerate 5,P1_H2_32_Tub2,H2_32_Tub2,2026-02-18,W1-2,,2026-02-23,W1-2,H2,32,H2_32,Grady
P2_H2_32_Tub2_Lacerate 6,P2_H2_32_Tub2,H2_32_Tub2,2026-02-18,W1-2,,2026-02-23,W1-2,H2,32,H2_32,Grady
P2_H2_32_Tub2_Lacerate 7,P2_H2_32_Tub2,H2_32_Tub2,2026-02-18,W1-2,,2026-02-23,W1-2,H2,32,H2_32,Grady
PX_H2_32_Tub2_Lacerate 8,PX_H2_32_Tub2,H2_32_Tub2,2026-02-18,W1-2,,2026-02-23,W1-2,H2,32,H2_32,Grady
P1_VWA_32_Tub1_Lacerate 5,P1_VWA_32_Tub1,VWA_32_Tub1,2026-02-18,W1-2,,2026-02-23,W1-2,VWA,32,VWA_32,Grady
P1_VWA_32_Tub1_Lacerate 6,P1_VWA_32_Tub1,VWA_32_Tub1,2026-02-18,W1-2,,2026-02-23,W1-2,VWA,32,VWA_32,Grady
P3_H2_25_Tub1_Lacerate 9,P3_H2_25_Tub1,H2_25_Tub1,2026-02-20,W1-2,,2026-02-23,W1-2,H2,25,H2_25,Aiden
P3_H2_25_Tub1_Lacerate 10,P3_H2_25_Tub1,H2_25_Tub1,2026-02-20,W1-2,,2026-02-23,W1-2,H2,25,H2_25,Aiden
P3_H2_25_Tub1_Lacerate 11,P3_H2_25_Tub1,H2_25_Tub1,2026-02-20,W1-2,,2026-02-23,W1-2,H2,25,H2_25,Aiden
P3_H2_25_Tub2_Lacerate 8,P3_H2_25_Tub2,H2_25_Tub2,2026-02-20,W1-2,,2026-02-23,W1-2,H2,25,H2_25,Aiden
P3_H2_25_Tub2_Lacerate 9,P3_H2_25_Tub2,H2_25_Tub2,2026-02-20,W1-2,,2026-02-23,W1-2,H2,25,H2_25,Aiden
P1_H2_25_Tub2_Lacerate 10,P1_H2_25_Tub2,H2_25_Tub2,2026-02-20,W1-2,,2026-02-23,W1-2,H2,25,H2_25,Aiden
P1_H2_25_Tub2_Lacerate 11,P1_H2_25_Tub2,H2_25_Tub2,2026-02-20,W1-2,,2026-02-23,W1-2,H2,25,H2_25,Aiden
P1_H2_25_Tub2_Lacerate 12,P1_H2_25_Tub2,H2_25_Tub2,2026-02-20,W1-2,,2026-02-23,W1-2,H2,25,H2_25,Aiden
P3_H2_25_Tub3_Lacerate 5,P3_H2_25_Tub3,H2_25_Tub3,2026-02-20,W1-2,,2026-02-23,W1-2,H2,25,H2_25,Aiden
P2_H2_25_Tub3_Lacerate 6,P2_H2_25_Tub3,H2_25_Tub3,2026-02-20,W1-2,,2026-02-23,W1-2,H2,25,H2_25,Aiden
P2_VWA_25_Tub1_Lacerate 10,P2_VWA_25_Tub1,VWA_25_Tub1,2026-02-20,W1-2,,2026-02-23,W1-2,VWA,25,VWA_25,Aiden
P2_VWA_25_Tub1_Lacerate 11,P2_VWA_25_Tub1,VWA_25_Tub1,2026-02-20,W1-2,,2026-02-23,W1-2,VWA,25,VWA_25,Aiden
P2_VWA_25_Tub1_Lacerate 12,P2_VWA_25_Tub1,VWA_25_Tub1,2026-02-20,W1-2,,2026-02-23,W1-2,VWA,25,VWA_25,Aiden
P3_VWA_25_Tub1_Lacerate 13,P3_VWA_25_Tub1,VWA_25_Tub1,2026-02-20,W1-2,,2026-02-23,W1-2,VWA,25,VWA_25,Aiden
P2_VWA_25_Tub2_Lacerate 12,P2_VWA_25_Tub2,VWA_25_Tub2,2026-02-20,W1-2,,2026-02-23,W1-2,VWA,25,VWA_25,Aiden
P2_H2_32_Tub2_Lacerate 9,P2_H2_32_Tub2,H2_32_Tub2,2026-02-20,W1-2,,2026-02-23,W1-2,H2,32,H2_32,Aiden
P2_H2_32_Tub2_Lacerate 10,P2_H2_32_Tub2,H2_32_Tub2,2026-02-20,W1-2,,2026-02-23,W1-2,H2,32,H2_32,Aiden
P2_H2_32_Tub2_Lacerate 11,P2_H2_32_Tub2,H2_32_Tub2,2026-02-20,W1-2,,2026-02-23,W1-2,H2,32,H2_32,Aiden
P1_H2_32_Tub2_Lacerate 12,P1_H2_32_Tub2,H2_32_Tub2,2026-02-20,W1-2,,2026-02-23,W1-2,H2,32,H2_32,Aiden
P1_H2_32_Tub2_Lacerate 13,P1_H2_32_Tub2,H2_32_Tub2,2026-02-20,W1-2,,2026-02-23,W1-2,H2,32,H2_32,Aiden
P1_H2_32_Tub2_Lacerate 14,P1_H2_32_Tub2,H2_32_Tub2,2026-02-20,W1-2,,2026-02-23,W1-2,H2,32,H2_32,Aiden
P1_H2_32_Tub2_Lacerate 15,P1_H2_32_Tub2,H2_32_Tub2,2026-02-20,W1-2,,2026-02-23,W1-2,H2,32,H2_32,Aiden
P2_H2_32_Tub3_Lacerate 3,P2_H2_32_Tub3,H2_32_Tub3,2026-02-20,W1-2,,2026-02-23,W1-2,H2,32,H2_32,Aiden
P3_H2_32_Tub3_Lacerate 4,P3_H2_32_Tub3,H2_32_Tub3,2026-02-20,W1-2,,2026-02-23,W1-2,H2,32,H2_32,Aiden
P1_VWA_32_Tub1_Lacerate 7,P1_VWA_32_Tub1,VWA_32_Tub1,2026-02-20,W1-2,,2026-02-23,W1-2,VWA,32,VWA_32,Aiden
P1_VWA_32_Tub1_Lacerate 8,P1_VWA_32_Tub1,VWA_32_Tub1,2026-02-20,W1-2,,2026-02-23,W1-2,VWA,32,VWA_32,Aiden
P3_VWA_32_Tub1_Lacerate 9,P3_VWA_32_Tub1,VWA_32_Tub1,2026-02-20,W1-2,,2026-02-23,W1-2,VWA,32,VWA_32,Aiden
P1_VWA_32_Tub3_Lacerate 6,P1_VWA_32_Tub3,VWA_32_Tub3,2026-02-20,W1-2,,2026-02-23,W1-2,VWA,32,VWA_32,Aiden
P1_VWA_32_Tub3_Lacerate 7,P1_VWA_32_Tub3,VWA_32_Tub3,2026-02-20,W1-2,,2026-02-23,W1-2,VWA,32,VWA_32,Aiden
PX_H2_25_Tub1_Lacerate 12,PX_H2_25_Tub1,H2_25_Tub1,2026-02-23,W1-2,,2026-02-23,W1-2,H2,25,H2_25,Grady
PX_H2_25_Tub1_Lacerate 13,PX_H2_25_Tub1,H2_25_Tub1,2026-02-23,W1-2,,2026-02-23,W1-2,H2,25,H2_25,Grady
P1_H2_25_Tub3_Lacerate 7,P1_H2_25_Tub3,H2_25_Tub3,2026-02-23,W1-2,,2026-02-23,W1-2,H2,25,H2_25,Grady
P1_H2_25_Tub3_Lacerate 8,P1_H2_25_Tub3,H2_25_Tub3,2026-02-23,W1-2,,2026-02-23,W1-2,H2,25,H2_25,Grady
P1_H2_25_Tub3_Lacerate 9,P1_H2_25_Tub3,H2_25_Tub3,2026-02-23,W1-2,,2026-02-23,W1-2,H2,25,H2_25,Grady
PX_VWA_25_Tub2_Lacerate 13,PX_VWA_25_Tub2,VWA_25_Tub2,2026-02-23,W1-2,,2026-02-23,W1-2,VWA,25,VWA_25,Grady
P2_VWA_25_Tub3_Lacerate 3,P2_VWA_25_Tub3,VWA_25_Tub3,2026-02-23,W1-2,,2026-02-23,W1-2,VWA,25,VWA_25,Grady
P2_VWA_25_Tub3_Lacerate 4,P2_VWA_25_Tub3,VWA_25_Tub3,2026-02-23,W1-2,,2026-02-23,W1-2,VWA,25,VWA_25,Grady
PX_H2_32_Tub1_Lacerate 12,PX_H2_32_Tub1,H2_32_Tub1,2026-02-23,W1-2,,2026-02-23,W1-2,H2,32,H2_32,Grady
PX_H2_32_Tub1_Lacerate 13,PX_H2_32_Tub1,H2_32_Tub1,2026-02-23,W1-2,,2026-02-23,W1-2,H2,32,H2_32,Grady
PX_H2_32_Tub1_Lacerate 14,PX_H2_32_Tub1,H2_32_Tub1,2026-02-23,W1-2,,2026-02-23,W1-2,H2,32,H2_32,Grady
P1_H2_32_Tub1_Lacerate 15,P1_H2_32_Tub1,H2_32_Tub1,2026-02-23,W1-2,,2026-02-23,W1-2,H2,32,H2_32,Grady
P1_H2_32_Tub1_Lacerate 16,P1_H2_32_Tub1,H2_32_Tub1,2026-02-23,W1-2,,2026-02-23,W1-2,H2,32,H2_32,Grady
P1_H2_32_Tub1_Lacerate 17,P1_H2_32_Tub1,H2_32_Tub1,2026-02-23,W1-2,,2026-02-23,W1-2,H2,32,H2_32,Grady
P1_H2_32_Tub1_Lacerate 18,P1_H2_32_Tub1,H2_32_Tub1,2026-02-23,W1-2,,2026-02-23,W1-2,H2,32,H2_32,Grady
P1_H2_32_Tub1_Lacerate 19,P1_H2_32_Tub1,H2_32_Tub1,2026-02-23,W1-2,,2026-02-23,W1-2,H2,32,H2_32,Grady
P1_H2_32_Tub1_Lacerate 20,P1_H2_32_Tub1,H2_32_Tub1,2026-02-23,W1-2,,2026-02-23,W1-2,H2,32,H2_32,Grady
P1_H2_32_Tub1_Lacerate 21,P1_H2_32_Tub1,H2_32_Tub1,2026-02-23,W1-2,,2026-02-23,W1-2,H2,32,H2_32,Grady
P1_H2_32_Tub1_Lacerate 22,P1_H2_32_Tub1,H2_32_Tub1,2026-02-23,W1-2,,2026-02-23,W1-2,H2,32,H2_32,Grady
P1_H2_32_Tub1_Lacerate 23,P1_H2_32_Tub1,H2_32_Tub1,2026-02-23,W1-2,,2026-02-23,W1-2,H2,32,H2_32,Grady
PX_H2_32_Tub2_Lacerate 16,PX_H2_32_Tub2,H2_32_Tub2,2026-02-23,W1-2,,2026-02-23,W1-2,H2,32,H2_32,Grady
PX_H2_32_Tub2_Lacerate 17,PX_H2_32_Tub2,H2_32_Tub2,2026-02-23,W1-2,,2026-02-23,W1-2,H2,32,H2_32,Grady
PX_H2_32_Tub2_Lacerate 18,PX_H2_32_Tub2,H2_32_Tub2,2026-02-23,W1-2,,2026-02-23,W1-2,H2,32,H2_32,Grady
P2_H2_32_Tub3_Lacerate 5,P2_H2_32_Tub3,H2_32_Tub3,2026-02-23,W1-2,,2026-02-23,W1-2,H2,32,H2_32,Grady
PX_H2_32_Tub3_Lacerate 6,PX_H2_32_Tub3,H2_32_Tub3,2026-02-23,W1-2,,2026-02-23,W1-2,H2,32,H2_32,Grady
PX_H2_32_Tub3_Lacerate 7,PX_H2_32_Tub3,H2_32_Tub3,2026-02-23,W1-2,,2026-02-23,W1-2,H2,32,H2_32,Grady
PX_H2_32_Tub3_Lacerate 8,PX_H2_32_Tub3,H2_32_Tub3,2026-02-23,W1-2,,2026-02-23,W1-2,H2,32,H2_32,Grady
PX_H2_32_Tub3_Lacerate 9,PX_H2_32_Tub3,H2_32_Tub3,2026-02-23,W1-2,,2026-02-23,W1-2,H2,32,H2_32,Grady
P2_VWA_32_Tub1_Lacerate 10,P2_VWA_32_Tub1,VWA_32_Tub1,2026-02-23,W1-2,,2026-02-23,W1-2,VWA,32,VWA_32,Grady
P3_VWA_32_Tub2_Lacerate 5,P3_VWA_32_Tub2,VWA_32_Tub2,2026-02-23,W1-2,,2026-02-23,W1-2,VWA,32,VWA_32,Grady
P1_H2_25_Tub2_Lacerate 13,P1_H2_25_Tub2,H2_25_Tub2,2026-02-25,W3-4,,2026-03-09,W3-4,H2,25,H2_25,Grady
P3_H2_25_Tub3_Lacerate 10,P3_H2_25_Tub3,H2_25_Tub3,2026-02-25,W3-4,,2026-03-09,W3-4,H2,25,H2_25,Grady
P3_H2_25_Tub3_Lacerate 11,P3_H2_25_Tub3,H2_25_Tub3,2026-02-25,W3-4,,2026-03-09,W3-4,H2,25,H2_25,Grady
P3_H2_25_Tub3_Lacerate 12,P3_H2_25_Tub3,H2_25_Tub3,2026-02-25,W3-4,,2026-03-09,W3-4,H2,25,H2_25,Grady
P3_H2_25_Tub3_Lacerate 13,P3_H2_25_Tub3,H2_25_Tub3,2026-02-25,W3-4,,2026-03-09,W3-4,H2,25,H2_25,Grady
P2_VWA_25_Tub1_Lacerate 14,P2_VWA_25_Tub1,VWA_25_Tub1,2026-02-25,W3-4,,2026-03-09,W3-4,VWA,25,VWA_25,Grady
P2_VWA_25_Tub1_Lacerate 15,P2_VWA_25_Tub1,VWA_25_Tub1,2026-02-25,W3-4,,2026-03-09,W3-4,VWA,25,VWA_25,Grady
P2_VWA_25_Tub1_Lacerate 16,P2_VWA_25_Tub1,VWA_25_Tub1,2026-02-25,W3-4,,2026-03-09,W3-4,VWA,25,VWA_25,Grady
P2_VWA_25_Tub1_Lacerate 17,P2_VWA_25_Tub1,VWA_25_Tub1,2026-02-25,W3-4,,2026-03-09,W3-4,VWA,25,VWA_25,Grady
P2_VWA_25_Tub1_Lacerate 18,P2_VWA_25_Tub1,VWA_25_Tub1,2026-02-25,W3-4,,2026-03-09,W3-4,VWA,25,VWA_25,Grady
P2_VWA_25_Tub1_Lacerate 19,P2_VWA_25_Tub1,VWA_25_Tub1,2026-02-25,W3-4,,2026-03-09,W3-4,VWA,25,VWA_25,Grady
P1_H2_32_Tub1_Lacerate 24,P1_H2_32_Tub1,H2_32_Tub1,2026-02-25,W3-4,,2026-03-09,W3-4,H2,32,H2_32,Grady
P1_H2_32_Tub1_Lacerate 25,P1_H2_32_Tub1,H2_32_Tub1,2026-02-25,W3-4,,2026-03-09,W3-4,H2,32,H2_32,Grady
P1_H2_32_Tub1_Lacerate 26,P1_H2_32_Tub1,H2_32_Tub1,2026-02-25,W3-4,,2026-03-09,W3-4,H2,32,H2_32,Grady
P1_H2_32_Tub2_Lacerate 19,P1_H2_32_Tub2,H2_32_Tub2,2026-02-25,W3-4,,2026-03-09,W3-4,H2,32,H2_32,Grady
P1_H2_32_Tub2_Lacerate 20,P1_H2_32_Tub2,H2_32_Tub2,2026-02-25,W3-4,,2026-03-09,W3-4,H2,32,H2_32,Grady
P1_H2_32_Tub2_Lacerate 21,P1_H2_32_Tub2,H2_32_Tub2,2026-02-25,W3-4,,2026-03-09,W3-4,H2,32,H2_32,Grady
P1_H2_32_Tub2_Lacerate 22,P1_H2_32_Tub2,H2_32_Tub2,2026-02-25,W3-4,,2026-03-09,W3-4,H2,32,H2_32,Grady
P1_H2_32_Tub2_Lacerate 23,P1_H2_32_Tub2,H2_32_Tub2,2026-02-25,W3-4,,2026-03-09,W3-4,H2,32,H2_32,Grady
P1_H2_32_Tub3_Lacerate 10,P1_H2_32_Tub3,H2_32_Tub3,2026-02-25,W3-4,,2026-03-09,W3-4,H2,32,H2_32,Grady
P1_VWA_32_Tub1_Lacerate 11,P1_VWA_32_Tub1,VWA_32_Tub1,2026-02-25,W3-4,,2026-03-09,W3-4,VWA,32,VWA_32,Grady
P3_VWA_32_Tub1_Lacerate 12,P3_VWA_32_Tub1,VWA_32_Tub1,2026-02-25,W3-4,,2026-03-09,W3-4,VWA,32,VWA_32,Grady
P1_VWA_32_Tub2_Lacerate 6,P1_VWA_32_Tub2,VWA_32_Tub2,2026-02-25,W3-4,,2026-03-09,W3-4,VWA,32,VWA_32,Grady
PX_VWA_32_Tub2_Lacerate 7,PX_VWA_32_Tub2,VWA_32_Tub2,2026-02-25,W3-4,,2026-03-09,W3-4,VWA,32,VWA_32,Grady
P2_H2_25_Tub1_Lacerate 1,P2_H2_25_Tub1,H2_25_Tub1,2026-02-27,W3-4,,2026-03-09,W3-4,H2,25,H2_25,Aiden
DUPLICATE_REMOVED,DUPLICATE_REMOVED,DUPLICATE_REMOVED,DUPLICATE_REMOVED,DUPLICATE_REMOVED,DUPLICATE_REMOVED,DUPLICATE_REMOVED,DUPLICATE_REMOVED,DUPLICATE_REMOVED,DUPLICATE_REMOVED,DUPLICATE_REMOVED,DUPLICATE_REMOVED
P1_H2_25_Tub1_Lacerate 3,P1_H2_25_Tub1,H2_25_Tub1,2026-02-27,W3-4,,2026-03-09,W3-4,H2,25,H2_25,Aiden
P1_H2_25_Tub1_Lacerate 4,P1_H2_25_Tub1,H2_25_Tub1,2026-02-27,W3-4,,2026-03-09,W3-4,H2,25,H2_25,Aiden
PX_H2_25_Tub1_Lacerate 5,PX_H2_25_Tub1,H2_25_Tub1,2026-02-27,W3-4,,2026-03-09,W3-4,H2,25,H2_25,Aiden
P3_H2_25_Tub2_Lacerate 14,P3_H2_25_Tub2,H2_25_Tub2,2026-02-27,W3-4,,2026-03-09,W3-4,H2,25,H2_25,Aiden
PX_H2_25_Tub3_Lacerate 14,PX_H2_25_Tub3,H2_25_Tub3,2026-02-27,W3-4,,2026-03-09,W3-4,H2,25,H2_25,Aiden
P2_VWA_25_Tub1_Lacerate 20,P2_VWA_25_Tub1,VWA_25_Tub1,2026-02-27,W3-4,,2026-03-09,W3-4,VWA,25,VWA_25,Aiden
P2_VWA_25_Tub1_Lacerate 21,P2_VWA_25_Tub1,VWA_25_Tub1,2026-02-27,W3-4,,2026-03-09,W3-4,VWA,25,VWA_25,Aiden
P2_VWA_25_Tub1_Lacerate 22,P2_VWA_25_Tub1,VWA_25_Tub1,2026-02-27,W3-4,,2026-03-09,W3-4,VWA,25,VWA_25,Aiden
P2_VWA_25_Tub1_Lacerate 23,P2_VWA_25_Tub1,VWA_25_Tub1,2026-02-27,W3-4,,2026-03-09,W3-4,VWA,25,VWA_25,Aiden
P2_VWA_25_Tub1_Lacerate 24,P2_VWA_25_Tub1,VWA_25_Tub1,2026-02-27,W3-4,,2026-03-09,W3-4,VWA,25,VWA_25,Aiden
P2_VWA_25_Tub2_Lacerate 14,P2_VWA_25_Tub2,VWA_25_Tub2,2026-02-27,W3-4,,2026-03-09,W3-4,VWA,25,VWA_25,Aiden
P3_VWA_25_Tub3_Lacerate 5,P3_VWA_25_Tub3,VWA_25_Tub3,2026-02-27,W3-4,,2026-03-09,W3-4,VWA,25,VWA_25,Aiden
P3_VWA_25_Tub3_Lacerate 6,P3_VWA_25_Tub3,VWA_25_Tub3,2026-02-27,W3-4,,2026-03-09,W3-4,VWA,25,VWA_25,Aiden
P3_VWA_25_Tub3_Lacerate 7,P3_VWA_25_Tub3,VWA_25_Tub3,2026-02-27,W3-4,,2026-03-09,W3-4,VWA,25,VWA_25,Aiden
P3_VWA_25_Tub3_Lacerate 8,P3_VWA_25_Tub3,VWA_25_Tub3,2026-02-27,W3-4,,2026-03-09,W3-4,VWA,25,VWA_25,Aiden
P3_VWA_25_Tub3_Lacerate 9,P3_VWA_25_Tub3,VWA_25_Tub3,2026-02-27,W3-4,,2026-03-09,W3-4,VWA,25,VWA_25,Aiden
P3_VWA_25_Tub3_Lacerate 10,P3_VWA_25_Tub3,VWA_25_Tub3,2026-02-27,W3-4,,2026-03-09,W3-4,VWA,25,VWA_25,Aiden
P3_VWA_25_Tub3_Lacerate 11,P3_VWA_25_Tub3,VWA_25_Tub3,2026-02-27,W3-4,,2026-03-09,W3-4,VWA,25,VWA_25,Aiden
P3_VWA_25_Tub3_Lacerate 12,P3_VWA_25_Tub3,VWA_25_Tub3,2026-02-27,W3-4,,2026-03-09,W3-4,VWA,25,VWA_25,Aiden
P2_H2_32_Tub2_Lacerate 24,P2_H2_32_Tub2,H2_32_Tub2,2026-02-27,W3-4,,2026-03-09,W3-4,H2,32,H2_32,Aiden
P2_H2_32_Tub2_Lacerate 25,P2_H2_32_Tub2,H2_32_Tub2,2026-02-27,W3-4,,2026-03-09,W3-4,H2,32,H2_32,Aiden
P3_H2_32_Tub2_Lacerate 26,P3_H2_32_Tub2,H2_32_Tub2,2026-02-27,W3-4,,2026-03-09,W3-4,H2,32,H2_32,Aiden
P3_H2_32_Tub2_Lacerate 27,P3_H2_32_Tub2,H2_32_Tub2,2026-02-27,W3-4,,2026-03-09,W3-4,H2,32,H2_32,Aiden
P2_H2_32_Tub3_Lacerate 11,P2_H2_32_Tub3,H2_32_Tub3,2026-02-27,W3-4,,2026-03-09,W3-4,H2,32,H2_32,Aiden
P2_H2_32_Tub3_Lacerate 12,P2_H2_32_Tub3,H2_32_Tub3,2026-02-27,W3-4,,2026-03-09,W3-4,H2,32,H2_32,Aiden
P2_H2_32_Tub3_Lacerate 13,P2_H2_32_Tub3,H2_32_Tub3,2026-02-27,W3-4,,2026-03-09,W3-4,H2,32,H2_32,Aiden
P1_VWA_32_Tub1_Lacerate 13,P1_VWA_32_Tub1,VWA_32_Tub1,2026-02-27,W3-4,,2026-03-09,W3-4,VWA,32,VWA_32,Aiden
P1_VWA_32_Tub1_Lacerate 14,P1_VWA_32_Tub1,VWA_32_Tub1,2026-02-27,W3-4,,2026-03-09,W3-4,VWA,32,VWA_32,Aiden
P3_VWA_32_Tub1_Lacerate 15,P3_VWA_32_Tub1,VWA_32_Tub1,2026-02-27,W3-4,,2026-03-09,W3-4,VWA,32,VWA_32,Aiden
P3_VWA_32_Tub1_Lacerate 16,P3_VWA_32_Tub1,VWA_32_Tub1,2026-02-27,W3-4,,2026-03-09,W3-4,VWA,32,VWA_32,Aiden
P3_VWA_32_Tub1_Lacerate 17,P3_VWA_32_Tub1,VWA_32_Tub1,2026-02-27,W3-4,,2026-03-09,W3-4,VWA,32,VWA_32,Aiden
P3_VWA_32_Tub1_Lacerate 18,P3_VWA_32_Tub1,VWA_32_Tub1,2026-02-27,W3-4,,2026-03-09,W3-4,VWA,32,VWA_32,Aiden
P3_VWA_32_Tub1_Lacerate 19,P3_VWA_32_Tub1,VWA_32_Tub1,2026-02-27,W3-4,,2026-03-09,W3-4,VWA,32,VWA_32,Aiden
P2_VWA_32_Tub1_Lacerate 20,P2_VWA_32_Tub1,VWA_32_Tub1,2026-02-27,W3-4,,2026-03-09,W3-4,VWA,32,VWA_32,Aiden
P2_VWA_32_Tub1_Lacerate 21,P2_VWA_32_Tub1,VWA_32_Tub1,2026-02-27,W3-4,,2026-03-09,W3-4,VWA,32,VWA_32,Aiden
P2_VWA_32_Tub1_Lacerate 22,P2_VWA_32_Tub1,VWA_32_Tub1,2026-02-27,W3-4,,2026-03-09,W3-4,VWA,32,VWA_32,Aiden
P2_VWA_32_Tub1_Lacerate 23,P2_VWA_32_Tub1,VWA_32_Tub1,2026-02-27,W3-4,,2026-03-09,W3-4,VWA,32,VWA_32,Aiden
P2_VWA_32_Tub1_Lacerate 24,P2_VWA_32_Tub1,VWA_32_Tub1,2026-02-27,W3-4,,2026-03-09,W3-4,VWA,32,VWA_32,Aiden
P2_VWA_32_Tub1_Lacerate 25,P2_VWA_32_Tub1,VWA_32_Tub1,2026-02-27,W3-4,,2026-03-09,W3-4,VWA,32,VWA_32,Aiden
P2_H2_25_Tub1_Lacerate 14,P2_H2_25_Tub1,H2_25_Tub1,2026-02-27,W3-4,,2026-03-09,W3-4,H2,25,H2_25,Aiden
P3_H2_25_Tub1_Lacerate 15,P2_H2_25_Tub1,H2_25_Tub1,2026-02-27,W3-4,,2026-03-09,W3-4,H2,25,H2_25,Aiden
P1_H2_25_Tub1_Lacerate 16,P2_H2_25_Tub1,H2_25_Tub1,2026-02-27,W3-4,,2026-03-09,W3-4,H2,25,H2_25,Aiden
P1_H2_25_Tub1_Lacerate 17,P2_H2_25_Tub1,H2_25_Tub1,2026-02-27,W3-4,,2026-03-09,W3-4,H2,25,H2_25,Aiden
PX_H2_25_Tub1_Lacerate 18,P2_H2_25_Tub1,H2_25_Tub1,2026-02-27,W3-4,,2026-03-09,W3-4,H2,25,H2_25,Aiden
P2_H2_25_Tub1_Lacerate 19,P2_H2_25_Tub1,H2_25_Tub1,2026-03-02,W3-4,,2026-03-09,W3-4,H2,25,H2_25,Grady
PX_H2_25_Tub1_Lacerate 20,PX_H2_25_Tub1,H2_25_Tub1,2026-03-02,W3-4,,2026-03-09,W3-4,H2,25,H2_25,Grady
PX_H2_25_Tub1_Lacerate 21,PX_H2_25_Tub1,H2_25_Tub1,2026-03-02,W3-4,,2026-03-09,W3-4,H2,25,H2_25,Grady
PX_H2_25_Tub1_Lacerate 22,PX_H2_25_Tub1,H2_25_Tub1,2026-03-02,W3-4,,2026-03-09,W3-4,H2,25,H2_25,Grady
PX_H2_25_Tub1_Lacerate 23,PX_H2_25_Tub1,H2_25_Tub1,2026-03-02,W3-4,,2026-03-09,W3-4,H2,25,H2_25,Grady
PX_H2_25_Tub1_Lacerate 24,PX_H2_25_Tub1,H2_25_Tub1,2026-03-02,W3-4,,2026-03-09,W3-4,H2,25,H2_25,Grady
PX_H2_25_Tub1_Lacerate 25,PX_H2_25_Tub1,H2_25_Tub1,2026-03-02,W3-4,,2026-03-09,W3-4,H2,25,H2_25,Grady
PX_H2_25_Tub1_Lacerate 26,PX_H2_25_Tub1,H2_25_Tub1,2026-03-02,W3-4,,2026-03-09,W3-4,H2,25,H2_25,Grady
PX_H2_25_Tub1_Lacerate 27,PX_H2_25_Tub1,H2_25_Tub1,2026-03-02,W3-4,,2026-03-09,W3-4,H2,25,H2_25,Grady
PX_H2_25_Tub1_Lacerate 28,PX_H2_25_Tub1,H2_25_Tub1,2026-03-02,W3-4,,2026-03-09,W3-4,H2,25,H2_25,Grady
PX_H2_25_Tub1_Lacerate 29,PX_H2_25_Tub1,H2_25_Tub1,2026-03-02,W3-4,,2026-03-09,W3-4,H2,25,H2_25,Grady
PX_H2_25_Tub1_Lacerate 30,PX_H2_25_Tub1,H2_25_Tub1,2026-03-02,W3-4,,2026-03-09,W3-4,H2,25,H2_25,Grady
PX_H2_25_Tub1_Lacerate 31,PX_H2_25_Tub1,H2_25_Tub1,2026-03-02,W3-4,,2026-03-09,W3-4,H2,25,H2_25,Grady
PX_H2_25_Tub1_Lacerate 32,PX_H2_25_Tub1,H2_25_Tub1,2026-03-02,W3-4,,2026-03-09,W3-4,H2,25,H2_25,Grady
P2_H2_25_Tub1_Lacerate 33,P2_H2_25_Tub1,H2_25_Tub1,2026-03-02,W3-4,,2026-03-09,W3-4,H2,25,H2_25,Grady
P2_H2_25_Tub1_Lacerate 34,P2_H2_25_Tub1,H2_25_Tub1,2026-03-02,W3-4,,2026-03-09,W3-4,H2,25,H2_25,Grady
P2_H2_25_Tub1_Lacerate 35,P2_H2_25_Tub1,H2_25_Tub1,2026-03-02,W3-4,,2026-03-09,W3-4,H2,25,H2_25,Grady
P2_H2_25_Tub1_Lacerate 36,P2_H2_25_Tub1,H2_25_Tub1,2026-03-02,W3-4,,2026-03-09,W3-4,H2,25,H2_25,Grady
P2_H2_25_Tub2_Lacerate 15,P2_H2_25_Tub2,H2_25_Tub2,2026-03-02,W3-4,,2026-03-09,W3-4,H2,25,H2_25,Grady
P2_H2_25_Tub2_Lacerate 16,P2_H2_25_Tub2,H2_25_Tub2,2026-03-02,W3-4,,2026-03-09,W3-4,H2,25,H2_25,Grady
P3_H2_25_Tub3_Lacerate 15,P3_H2_25_Tub3,H2_25_Tub3,2026-03-02,W3-4,,2026-03-09,W3-4,H2,25,H2_25,Grady
P2_H2_25_Tub3_Lacerate 16,P2_H2_25_Tub3,H2_25_Tub3,2026-03-02,W3-4,,2026-03-09,W3-4,H2,25,H2_25,Grady
P2_H2_25_Tub3_Lacerate 17,P2_H2_25_Tub3,H2_25_Tub3,2026-03-02,W3-4,,2026-03-09,W3-4,H2,25,H2_25,Grady
P1_H2_25_Tub3_Lacerate 18,P1_H2_25_Tub3,H2_25_Tub3,2026-03-02,W3-4,,2026-03-09,W3-4,H2,25,H2_25,Grady
P3_VWA_25_Tub1_Lacerate 25,P3_VWA_25_Tub1,VWA_25_Tub1,2026-03-02,W3-4,,2026-03-09,W3-4,VWA,25,VWA_25,Grady
PX_VWA_25_Tub2_Lacerate 15,PX_VWA_25_Tub2,VWA_25_Tub2,2026-03-02,W3-4,,2026-03-09,W3-4,VWA,25,VWA_25,Grady
P3_VWA_25_Tub2_Lacerate 16,P3_VWA_25_Tub2,VWA_25_Tub2,2026-03-02,W3-4,,2026-03-09,W3-4,VWA,25,VWA_25,Grady
P3_VWA_25_Tub2_Lacerate 17,P3_VWA_25_Tub2,VWA_25_Tub2,2026-03-02,W3-4,,2026-03-09,W3-4,VWA,25,VWA_25,Grady
P3_VWA_25_Tub2_Lacerate 18,P3_VWA_25_Tub2,VWA_25_Tub2,2026-03-02,W3-4,,2026-03-09,W3-4,VWA,25,VWA_25,Grady
P2_VWA_25_Tub3_Lacerate 13,P2_VWA_25_Tub3,VWA_25_Tub3,2026-03-02,W3-4,,2026-03-09,W3-4,VWA,25,VWA_25,Grady
P2_VWA_25_Tub3_Lacerate 14,P2_VWA_25_Tub3,VWA_25_Tub3,2026-03-02,W3-4,,2026-03-09,W3-4,VWA,25,VWA_25,Grady
P2_VWA_25_Tub3_Lacerate 15,P2_VWA_25_Tub3,VWA_25_Tub3,2026-03-02,W3-4,,2026-03-09,W3-4,VWA,25,VWA_25,Grady
P2_VWA_25_Tub3_Lacerate 16,P2_VWA_25_Tub3,VWA_25_Tub3,2026-03-02,W3-4,,2026-03-09,W3-4,VWA,25,VWA_25,Grady
P1_VWA_25_Tub3_Lacerate 17,P1_VWA_25_Tub3,VWA_25_Tub3,2026-03-02,W3-4,,2026-03-09,W3-4,VWA,25,VWA_25,Grady
P3_H2_32_Tub1_Lacerate 27,P3_H2_32_Tub1,H2_32_Tub1,2026-03-02,W3-4,,2026-03-09,W3-4,H2,32,H2_32,Grady
P2_H2_32_Tub1_Lacerate 28,P2_H2_32_Tub1,H2_32_Tub1,2026-03-02,W3-4,,2026-03-09,W3-4,H2,32,H2_32,Grady
P2_H2_32_Tub1_Lacerate 29,P2_H2_32_Tub1,H2_32_Tub1,2026-03-02,W3-4,,2026-03-09,W3-4,H2,32,H2_32,Grady
P2_H2_32_Tub1_Lacerate 30,P2_H2_32_Tub1,H2_32_Tub1,2026-03-02,W3-4,,2026-03-09,W3-4,H2,32,H2_32,Grady
P2_H2_32_Tub1_Lacerate 31,P2_H2_32_Tub1,H2_32_Tub1,2026-03-02,W3-4,,2026-03-09,W3-4,H2,32,H2_32,Grady
P2_H2_32_Tub1_Lacerate 32,P2_H2_32_Tub1,H2_32_Tub1,2026-03-02,W3-4,,2026-03-09,W3-4,H2,32,H2_32,Grady
P3_H2_32_Tub1_Lacerate 33,P3_H2_32_Tub1,H2_32_Tub1,2026-03-02,W3-4,,2026-03-09,W3-4,H2,32,H2_32,Grady
P3_H2_32_Tub1_Lacerate 34,P3_H2_32_Tub1,H2_32_Tub1,2026-03-02,W3-4,,2026-03-09,W3-4,H2,32,H2_32,Grady
P3_H2_32_Tub1_Lacerate 35,P3_H2_32_Tub1,H2_32_Tub1,2026-03-02,W3-4,,2026-03-09,W3-4,H2,32,H2_32,Grady
P1_H2_32_Tub2_Lacerate 28,P1_H2_32_Tub2,H2_32_Tub2,2026-03-02,W3-4,,2026-03-09,W3-4,H2,32,H2_32,Grady
P2_H2_32_Tub2_Lacerate 29,P2_H2_32_Tub2,H2_32_Tub2,2026-03-02,W3-4,,2026-03-09,W3-4,H2,32,H2_32,Grady
P2_H2_32_Tub2_Lacerate 30,P2_H2_32_Tub2,H2_32_Tub2,2026-03-02,W3-4,,2026-03-09,W3-4,H2,32,H2_32,Grady
P2_H2_32_Tub2_Lacerate 31,P2_H2_32_Tub2,H2_32_Tub2,2026-03-02,W3-4,,2026-03-09,W3-4,H2,32,H2_32,Grady
PX_H2_32_Tub3_Lacerate 14,PX_H2_32_Tub3,H2_32_Tub3,2026-03-02,W3-4,,2026-03-09,W3-4,H2,32,H2_32,Grady
PX_H2_32_Tub3_Lacerate 15,PX_H2_32_Tub3,H2_32_Tub3,2026-03-02,W3-4,,2026-03-09,W3-4,H2,32,H2_32,Grady
PX_H2_32_Tub3_Lacerate 16,PX_H2_32_Tub3,H2_32_Tub3,2026-03-02,W3-4,,2026-03-09,W3-4,H2,32,H2_32,Grady
P1_H2_32_Tub3_Lacerate 17,P1_H2_32_Tub3,H2_32_Tub3,2026-03-02,W3-4,,2026-03-09,W3-4,H2,32,H2_32,Grady
P1_H2_32_Tub3_Lacerate 18,P1_H2_32_Tub3,H2_32_Tub3,2026-03-02,W3-4,,2026-03-09,W3-4,H2,32,H2_32,Grady
P2_H2_32_Tub3_Lacerate 19,P2_H2_32_Tub3,H2_32_Tub3,2026-03-02,W3-4,,2026-03-09,W3-4,H2,32,H2_32,Grady
P3_H2_32_Tub3_Lacerate 20,P3_H2_32_Tub3,H2_32_Tub3,2026-03-02,W3-4,,2026-03-09,W3-4,H2,32,H2_32,Grady
P3_H2_32_Tub3_Lacerate 21,P3_H2_32_Tub3,H2_32_Tub3,2026-03-02,W3-4,,2026-03-09,W3-4,H2,32,H2_32,Grady
P3_H2_32_Tub3_Lacerate 22,P3_H2_32_Tub3,H2_32_Tub3,2026-03-02,W3-4,,2026-03-09,W3-4,H2,32,H2_32,Grady
P3_H2_32_Tub3_Lacerate 23,P3_H2_32_Tub3,H2_32_Tub3,2026-03-02,W3-4,,2026-03-09,W3-4,H2,32,H2_32,Grady
P3_H2_32_Tub3_Lacerate 24,P3_H2_32_Tub3,H2_32_Tub3,2026-03-02,W3-4,,2026-03-09,W3-4,H2,32,H2_32,Grady
P1_VWA_32_Tub1_Lacerate 26,P1_VWA_32_Tub1,VWA_32_Tub1,2026-03-02,W3-4,,2026-03-09,W3-4,VWA,32,VWA_32,Grady
PX_VWA_32_Tub2_Lacerate 8,PX_VWA_32_Tub2,VWA_32_Tub2,2026-03-02,W3-4,,2026-03-09,W3-4,VWA,32,VWA_32,Grady
P2_VWA_32_Tub2_Lacerate 9,P2_VWA_32_Tub2,VWA_32_Tub2,2026-03-02,W3-4,,2026-03-09,W3-4,VWA,32,VWA_32,Grady
P2_VWA_32_Tub2_Lacerate 10,P2_VWA_32_Tub2,VWA_32_Tub2,2026-03-02,W3-4,,2026-03-09,W3-4,VWA,32,VWA_32,Grady
P2_VWA_32_Tub2_Lacerate 11,P2_VWA_32_Tub2,VWA_32_Tub2,2026-03-02,W3-4,,2026-03-09,W3-4,VWA,32,VWA_32,Grady
PX_VWA_32_Tub2_Lacerate 12,PX_VWA_32_Tub2,VWA_32_Tub2,2026-03-02,W3-4,,2026-03-09,W3-4,VWA,32,VWA_32,Grady
P3_VWA_32_Tub2_Lacerate 13,P3_VWA_32_Tub2,VWA_32_Tub2,2026-03-02,W3-4,,2026-03-09,W3-4,VWA,32,VWA_32,Grady
P3_VWA_32_Tub2_Lacerate 14,P3_VWA_32_Tub2,VWA_32_Tub2,2026-03-02,W3-4,,2026-03-09,W3-4,VWA,32,VWA_32,Grady
P1_VWA_32_Tub3_Lacerate 8,P1_VWA_32_Tub3,VWA_32_Tub3,2026-03-02,W3-4,,2026-03-09,W3-4,VWA,32,VWA_32,Grady
P3_VWA_32_Tub3_Lacerate 9,P3_VWA_32_Tub3,VWA_32_Tub3,2026-03-02,W3-4,,2026-03-09,W3-4,VWA,32,VWA_32,Grady
P3_VWA_32_Tub3_Lacerate 10,P3_VWA_32_Tub3,VWA_32_Tub3,2026-03-02,W3-4,,2026-03-09,W3-4,VWA,32,VWA_32,Grady
PX_H2_25_Tub1_Lacerate 37,PX_H2_25_Tub1,H2_25_Tub1,2026-03-04,W3-4,,2026-03-09,W3-4,H2,25,H2_25,Grady
PX_H2_25_Tub1_Lacerate 38,PX_H2_25_Tub1,H2_25_Tub1,2026-03-04,W3-4,,2026-03-09,W3-4,H2,25,H2_25,Grady
PX_H2_25_Tub1_Lacerate 39,PX_H2_25_Tub1,H2_25_Tub1,2026-03-04,W3-4,,2026-03-09,W3-4,H2,25,H2_25,Grady
P1_H2_25_Tub2_Lacerate 17,P1_H2_25_Tub2,H2_25_Tub2,2026-03-04,W3-4,,2026-03-09,W3-4,H2,25,H2_25,Grady
P1_H2_25_Tub2_Lacerate 18,P1_H2_25_Tub2,H2_25_Tub2,2026-03-04,W3-4,,2026-03-09,W3-4,H2,25,H2_25,Grady
P1_H2_25_Tub3_Lacerate 19,P1_H2_25_Tub3,H2_25_Tub3,2026-03-04,W3-4,,2026-03-09,W3-4,H2,25,H2_25,Grady
PX_H2_25_Tub3_Lacerate 20,PX_H2_25_Tub3,H2_25_Tub3,2026-03-04,W3-4,,2026-03-09,W3-4,H2,25,H2_25,Grady
P1_VWA_25_Tub1_Lacerate 26,P1_VWA_25_Tub1,VWA_25_Tub1,2026-03-04,W3-4,,2026-03-09,W3-4,VWA,25,VWA_25,Grady
P1_VWA_25_Tub1_Lacerate 27,P1_VWA_25_Tub1,VWA_25_Tub1,2026-03-04,W3-4,,2026-03-09,W3-4,VWA,25,VWA_25,Grady
P1_VWA_25_Tub1_Lacerate 28,P1_VWA_25_Tub1,VWA_25_Tub1,2026-03-04,W3-4,,2026-03-09,W3-4,VWA,25,VWA_25,Grady
P1_VWA_25_Tub1_Lacerate 29,P1_VWA_25_Tub1,VWA_25_Tub1,2026-03-04,W3-4,,2026-03-09,W3-4,VWA,25,VWA_25,Grady
P1_VWA_25_Tub1_Lacerate 30,P1_VWA_25_Tub1,VWA_25_Tub1,2026-03-04,W3-4,,2026-03-09,W3-4,VWA,25,VWA_25,Grady
P1_VWA_25_Tub1_Lacerate 31,P1_VWA_25_Tub1,VWA_25_Tub1,2026-03-04,W3-4,,2026-03-09,W3-4,VWA,25,VWA_25,Grady
P1_VWA_25_Tub1_Lacerate 32,P1_VWA_25_Tub1,VWA_25_Tub1,2026-03-04,W3-4,,2026-03-09,W3-4,VWA,25,VWA_25,Grady
P1_VWA_25_Tub1_Lacerate 33,P1_VWA_25_Tub1,VWA_25_Tub1,2026-03-04,W3-4,,2026-03-09,W3-4,VWA,25,VWA_25,Grady
P1_VWA_25_Tub1_Lacerate 34,P1_VWA_25_Tub1,VWA_25_Tub1,2026-03-04,W3-4,,2026-03-09,W3-4,VWA,25,VWA_25,Grady
P1_VWA_25_Tub1_Lacerate 35,P1_VWA_25_Tub1,VWA_25_Tub1,2026-03-04,W3-4,,2026-03-09,W3-4,VWA,25,VWA_25,Grady
P1_VWA_25_Tub1_Lacerate 36,P1_VWA_25_Tub1,VWA_25_Tub1,2026-03-04,W3-4,,2026-03-09,W3-4,VWA,25,VWA_25,Grady
P2_VWA_25_Tub1_Lacerate 37,P2_VWA_25_Tub1,VWA_25_Tub1,2026-03-04,W3-4,,2026-03-09,W3-4,VWA,25,VWA_25,Grady
P2_VWA_25_Tub1_Lacerate 38,P2_VWA_25_Tub1,VWA_25_Tub1,2026-03-04,W3-4,,2026-03-09,W3-4,VWA,25,VWA_25,Grady
P2_VWA_25_Tub1_Lacerate 39,P2_VWA_25_Tub1,VWA_25_Tub1,2026-03-04,W3-4,,2026-03-09,W3-4,VWA,25,VWA_25,Grady
P2_VWA_25_Tub1_Lacerate 40,P2_VWA_25_Tub1,VWA_25_Tub1,2026-03-04,W3-4,,2026-03-09,W3-4,VWA,25,VWA_25,Grady
P2_VWA_25_Tub1_Lacerate 41,P2_VWA_25_Tub1,VWA_25_Tub1,2026-03-04,W3-4,,2026-03-09,W3-4,VWA,25,VWA_25,Grady
P2_VWA_25_Tub1_Lacerate 42,P2_VWA_25_Tub1,VWA_25_Tub1,2026-03-04,W3-4,,2026-03-09,W3-4,VWA,25,VWA_25,Grady
P2_VWA_25_Tub1_Lacerate 43,P2_VWA_25_Tub1,VWA_25_Tub1,2026-03-04,W3-4,,2026-03-09,W3-4,VWA,25,VWA_25,Grady
P2_VWA_25_Tub1_Lacerate 44,P2_VWA_25_Tub1,VWA_25_Tub1,2026-03-04,W3-4,,2026-03-09,W3-4,VWA,25,VWA_25,Grady
P1_VWA_25_Tub2_Lacerate 19,P1_VWA_25_Tub2,VWA_25_Tub2,2026-03-04,W3-4,,2026-03-09,W3-4,VWA,25,VWA_25,Grady
P1_VWA_25_Tub2_Lacerate 20,P1_VWA_25_Tub2,VWA_25_Tub2,2026-03-04,W3-4,,2026-03-09,W3-4,VWA,25,VWA_25,Grady
P1_VWA_25_Tub2_Lacerate 21,P1_VWA_25_Tub2,VWA_25_Tub2,2026-03-04,W3-4,,2026-03-09,W3-4,VWA,25,VWA_25,Grady
P1_VWA_25_Tub2_Lacerate 22,P1_VWA_25_Tub2,VWA_25_Tub2,2026-03-04,W3-4,,2026-03-09,W3-4,VWA,25,VWA_25,Grady
P1_VWA_25_Tub2_Lacerate 23,P1_VWA_25_Tub2,VWA_25_Tub2,2026-03-04,W3-4,,2026-03-09,W3-4,VWA,25,VWA_25,Grady
P1_VWA_25_Tub2_Lacerate 24,P1_VWA_25_Tub2,VWA_25_Tub2,2026-03-04,W3-4,,2026-03-09,W3-4,VWA,25,VWA_25,Grady
PX_VWA_25_Tub2_Lacerate 25,PX_VWA_25_Tub2,VWA_25_Tub2,2026-03-04,W3-4,,2026-03-09,W3-4,VWA,25,VWA_25,Grady
P2_VWA_25_Tub2_Lacerate 26,P2_VWA_25_Tub2,VWA_25_Tub2,2026-03-04,W3-4,,2026-03-09,W3-4,VWA,25,VWA_25,Grady
PX_VWA_25_Tub2_Lacerate 27,PX_VWA_25_Tub2,VWA_25_Tub2,2026-03-04,W3-4,,2026-03-09,W3-4,VWA,25,VWA_25,Grady
P1_VWA_25_Tub3_Lacerate 18,P1_VWA_25_Tub3,VWA_25_Tub3,2026-03-04,W3-4,,2026-03-09,W3-4,VWA,25,VWA_25,Grady
P1_VWA_25_Tub3_Lacerate 19,P1_VWA_25_Tub3,VWA_25_Tub3,2026-03-04,W3-4,,2026-03-09,W3-4,VWA,25,VWA_25,Grady
P3_VWA_25_Tub3_Lacerate 20,P3_VWA_25_Tub3,VWA_25_Tub3,2026-03-04,W3-4,,2026-03-09,W3-4,VWA,25,VWA_25,Grady
P3_VWA_25_Tub3_Lacerate 21,P3_VWA_25_Tub3,VWA_25_Tub3,2026-03-04,W3-4,,2026-03-09,W3-4,VWA,25,VWA_25,Grady
P3_VWA_25_Tub3_Lacerate 22,P3_VWA_25_Tub3,VWA_25_Tub3,2026-03-04,W3-4,,2026-03-09,W3-4,VWA,25,VWA_25,Grady
P2_VWA_25_Tub3_Lacerate 23,P2_VWA_25_Tub3,VWA_25_Tub3,2026-03-04,W3-4,,2026-03-09,W3-4,VWA,25,VWA_25,Grady
P2_VWA_25_Tub3_Lacerate 24,P2_VWA_25_Tub3,VWA_25_Tub3,2026-03-04,W3-4,,2026-03-09,W3-4,VWA,25,VWA_25,Grady
P2_VWA_25_Tub3_Lacerate 25,P2_VWA_25_Tub3,VWA_25_Tub3,2026-03-04,W3-4,,2026-03-09,W3-4,VWA,25,VWA_25,Grady
P2_VWA_25_Tub3_Lacerate 26,P2_VWA_25_Tub3,VWA_25_Tub3,2026-03-04,W3-4,,2026-03-09,W3-4,VWA,25,VWA_25,Grady
P2_VWA_25_Tub3_Lacerate 27,P2_VWA_25_Tub3,VWA_25_Tub3,2026-03-04,W3-4,,2026-03-09,W3-4,VWA,25,VWA_25,Grady
P2_VWA_25_Tub3_Lacerate 28,P2_VWA_25_Tub3,VWA_25_Tub3,2026-03-04,W3-4,,2026-03-09,W3-4,VWA,25,VWA_25,Grady
P2_VWA_25_Tub3_Lacerate 29,P2_VWA_25_Tub3,VWA_25_Tub3,2026-03-04,W3-4,,2026-03-09,W3-4,VWA,25,VWA_25,Grady
P2_VWA_25_Tub3_Lacerate 30,P2_VWA_25_Tub3,VWA_25_Tub3,2026-03-04,W3-4,,2026-03-09,W3-4,VWA,25,VWA_25,Grady
P2_VWA_25_Tub3_Lacerate 31,P2_VWA_25_Tub3,VWA_25_Tub3,2026-03-04,W3-4,,2026-03-09,W3-4,VWA,25,VWA_25,Grady
P2_VWA_25_Tub3_Lacerate 32,P2_VWA_25_Tub3,VWA_25_Tub3,2026-03-04,W3-4,,2026-03-09,W3-4,VWA,25,VWA_25,Grady
P2_VWA_25_Tub3_Lacerate 33,P2_VWA_25_Tub3,VWA_25_Tub3,2026-03-04,W3-4,,2026-03-09,W3-4,VWA,25,VWA_25,Grady
P1_H2_32_Tub1_Lacerate 36,P1_H2_32_Tub1,H2_32_Tub1,2026-03-04,W3-4,,2026-03-09,W3-4,H2,32,H2_32,Grady
P1_H2_32_Tub1_Lacerate 37,P1_H2_32_Tub1,H2_32_Tub1,2026-03-04,W3-4,,2026-03-09,W3-4,H2,32,H2_32,Grady
P1_H2_32_Tub1_Lacerate 38,P1_H2_32_Tub1,H2_32_Tub1,2026-03-04,W3-4,,2026-03-09,W3-4,H2,32,H2_32,Grady
P1_H2_32_Tub1_Lacerate 39,P1_H2_32_Tub1,H2_32_Tub1,2026-03-04,W3-4,,2026-03-09,W3-4,H2,32,H2_32,Grady
P1_H2_32_Tub1_Lacerate 40,P1_H2_32_Tub1,H2_32_Tub1,2026-03-04,W3-4,,2026-03-09,W3-4,H2,32,H2_32,Grady
PX_H2_32_Tub1_Lacerate 41,PX_H2_32_Tub1,H2_32_Tub1,2026-03-04,W3-4,,2026-03-09,W3-4,H2,32,H2_32,Grady
PX_H2_32_Tub1_Lacerate 42,PX_H2_32_Tub1,H2_32_Tub1,2026-03-04,W3-4,,2026-03-09,W3-4,H2,32,H2_32,Grady
PX_H2_32_Tub1_Lacerate 43,PX_H2_32_Tub1,H2_32_Tub1,2026-03-04,W3-4,,2026-03-09,W3-4,H2,32,H2_32,Grady
PX_H2_32_Tub1_Lacerate 44,PX_H2_32_Tub1,H2_32_Tub1,2026-03-04,W3-4,,2026-03-09,W3-4,H2,32,H2_32,Grady
PX_H2_32_Tub1_Lacerate 45,PX_H2_32_Tub1,H2_32_Tub1,2026-03-04,W3-4,,2026-03-09,W3-4,H2,32,H2_32,Grady
PX_H2_32_Tub1_Lacerate 46,PX_H2_32_Tub1,H2_32_Tub1,2026-03-04,W3-4,,2026-03-09,W3-4,H2,32,H2_32,Grady
PX_H2_32_Tub1_Lacerate 47,PX_H2_32_Tub1,H2_32_Tub1,2026-03-04,W3-4,,2026-03-09,W3-4,H2,32,H2_32,Grady
P3_H2_32_Tub2_Lacerate 32,P3_H2_32_Tub2,H2_32_Tub2,2026-03-04,W3-4,,2026-03-09,W3-4,H2,32,H2_32,Grady
P3_H2_32_Tub2_Lacerate 33,P3_H2_32_Tub2,H2_32_Tub2,2026-03-04,W3-4,,2026-03-09,W3-4,H2,32,H2_32,Grady
P2_H2_32_Tub2_Lacerate 34,P2_H2_32_Tub2,H2_32_Tub2,2026-03-04,W3-4,,2026-03-09,W3-4,H2,32,H2_32,Grady
P2_H2_32_Tub2_Lacerate 35,P2_H2_32_Tub2,H2_32_Tub2,2026-03-04,W3-4,,2026-03-09,W3-4,H2,32,H2_32,Grady
PX_H2_32_Tub2_Lacerate 36,PX_H2_32_Tub2,H2_32_Tub2,2026-03-04,W3-4,,2026-03-09,W3-4,H2,32,H2_32,Grady
PX_H2_32_Tub2_Lacerate 37,PX_H2_32_Tub2,H2_32_Tub2,2026-03-04,W3-4,,2026-03-09,W3-4,H2,32,H2_32,Grady
PX_H2_32_Tub2_Lacerate 38,PX_H2_32_Tub2,H2_32_Tub2,2026-03-04,W3-4,,2026-03-09,W3-4,H2,32,H2_32,Grady
P2_H2_32_Tub2_Lacerate 39,P2_H2_32_Tub2,H2_32_Tub2,2026-03-04,W3-4,,2026-03-09,W3-4,H2,32,H2_32,Grady
P2_H2_32_Tub2_Lacerate 40,P2_H2_32_Tub2,H2_32_Tub2,2026-03-04,W3-4,,2026-03-09,W3-4,H2,32,H2_32,Grady
P2_H2_32_Tub2_Lacerate 41,P2_H2_32_Tub2,H2_32_Tub2,2026-03-04,W3-4,,2026-03-09,W3-4,H2,32,H2_32,Grady
P3_H2_32_Tub3_Lacerate 25,P3_H2_32_Tub3,H2_32_Tub3,2026-03-04,W3-4,,2026-03-09,W3-4,H2,32,H2_32,Grady
P3_H2_32_Tub3_Lacerate 26,P3_H2_32_Tub3,H2_32_Tub3,2026-03-04,W3-4,,2026-03-09,W3-4,H2,32,H2_32,Grady
P2_H2_32_Tub3_Lacerate 27,P2_H2_32_Tub3,H2_32_Tub3,2026-03-04,W3-4,,2026-03-09,W3-4,H2,32,H2_32,Grady
P2_H2_32_Tub3_Lacerate 28,P2_H2_32_Tub3,H2_32_Tub3,2026-03-04,W3-4,,2026-03-09,W3-4,H2,32,H2_32,Grady
P1_H2_32_Tub3_Lacerate 29,P1_H2_32_Tub3,H2_32_Tub3,2026-03-04,W3-4,,2026-03-09,W3-4,H2,32,H2_32,Grady
P1_H2_32_Tub3_Lacerate 30,P1_H2_32_Tub3,H2_32_Tub3,2026-03-04,W3-4,,2026-03-09,W3-4,H2,32,H2_32,Grady
P1_H2_32_Tub3_Lacerate 31,P1_H2_32_Tub3,H2_32_Tub3,2026-03-04,W3-4,,2026-03-09,W3-4,H2,32,H2_32,Grady
P2_VWA_32_Tub1_Lacerate 27,P2_VWA_32_Tub1,VWA_32_Tub1,2026-03-04,W3-4,,2026-03-09,W3-4,VWA,32,VWA_32,Grady
P2_VWA_32_Tub1_Lacerate 28,P2_VWA_32_Tub1,VWA_32_Tub1,2026-03-04,W3-4,,2026-03-09,W3-4,VWA,32,VWA_32,Grady
P3_VWA_32_Tub1_Lacerate 29,P3_VWA_32_Tub1,VWA_32_Tub1,2026-03-04,W3-4,,2026-03-09,W3-4,VWA,32,VWA_32,Grady
P3_VWA_32_Tub1_Lacerate 30,P3_VWA_32_Tub1,VWA_32_Tub1,2026-03-04,W3-4,,2026-03-09,W3-4,VWA,32,VWA_32,Grady
P3_VWA_32_Tub1_Lacerate 31,P3_VWA_32_Tub1,VWA_32_Tub1,2026-03-04,W3-4,,2026-03-09,W3-4,VWA,32,VWA_32,Grady
P3_VWA_32_Tub1_Lacerate 32,P3_VWA_32_Tub1,VWA_32_Tub1,2026-03-04,W3-4,,2026-03-09,W3-4,VWA,32,VWA_32,Grady
P1_VWA_32_Tub1_Lacerate 33,P1_VWA_32_Tub1,VWA_32_Tub1,2026-03-04,W3-4,,2026-03-09,W3-4,VWA,32,VWA_32,Grady
P1_VWA_32_Tub1_Lacerate 34,P1_VWA_32_Tub1,VWA_32_Tub1,2026-03-04,W3-4,,2026-03-09,W3-4,VWA,32,VWA_32,Grady
P1_VWA_32_Tub1_Lacerate 35,P1_VWA_32_Tub1,VWA_32_Tub1,2026-03-04,W3-4,,2026-03-09,W3-4,VWA,32,VWA_32,Grady
P1_VWA_32_Tub1_Lacerate 36,P1_VWA_32_Tub1,VWA_32_Tub1,2026-03-04,W3-4,,2026-03-09,W3-4,VWA,32,VWA_32,Grady
P1_VWA_32_Tub1_Lacerate 37,P1_VWA_32_Tub1,VWA_32_Tub1,2026-03-04,W3-4,,2026-03-09,W3-4,VWA,32,VWA_32,Grady
P1_VWA_32_Tub1_Lacerate 38,P1_VWA_32_Tub1,VWA_32_Tub1,2026-03-04,W3-4,,2026-03-09,W3-4,VWA,32,VWA_32,Grady
P1_VWA_32_Tub1_Lacerate 39,P1_VWA_32_Tub1,VWA_32_Tub1,2026-03-04,W3-4,,2026-03-09,W3-4,VWA,32,VWA_32,Grady
P1_VWA_32_Tub1_Lacerate 40,P1_VWA_32_Tub1,VWA_32_Tub1,2026-03-04,W3-4,,2026-03-09,W3-4,VWA,32,VWA_32,Grady
P1_VWA_32_Tub1_Lacerate 41,P1_VWA_32_Tub1,VWA_32_Tub1,2026-03-04,W3-4,,2026-03-09,W3-4,VWA,32,VWA_32,Grady
P1_VWA_32_Tub1_Lacerate 42,P1_VWA_32_Tub1,VWA_32_Tub1,2026-03-04,W3-4,,2026-03-09,W3-4,VWA,32,VWA_32,Grady
P1_VWA_32_Tub1_Lacerate 43,P1_VWA_32_Tub1,VWA_32_Tub1,2026-03-04,W3-4,,2026-03-09,W3-4,VWA,32,VWA_32,Grady
P1_VWA_32_Tub1_Lacerate 44,P1_VWA_32_Tub1,VWA_32_Tub1,2026-03-04,W3-4,,2026-03-09,W3-4,VWA,32,VWA_32,Grady
PX_VWA_32_Tub1_Lacerate 45,PX_VWA_32_Tub1,VWA_32_Tub1,2026-03-04,W3-4,,2026-03-09,W3-4,VWA,32,VWA_32,Grady
PX_VWA_32_Tub1_Lacerate 46,PX_VWA_32_Tub1,VWA_32_Tub1,2026-03-04,W3-4,,2026-03-09,W3-4,VWA,32,VWA_32,Grady
P1_VWA_32_Tub2_Lacerate 15,P1_VWA_32_Tub2,VWA_32_Tub2,2026-03-04,W3-4,,2026-03-09,W3-4,VWA,32,VWA_32,Grady
P1_VWA_32_Tub2_Lacerate 16,P1_VWA_32_Tub2,VWA_32_Tub2,2026-03-04,W3-4,,2026-03-09,W3-4,VWA,32,VWA_32,Grady
P1_VWA_32_Tub2_Lacerate 17,P1_VWA_32_Tub2,VWA_32_Tub2,2026-03-04,W3-4,,2026-03-09,W3-4,VWA,32,VWA_32,Grady
P1_VWA_32_Tub2_Lacerate 18,P1_VWA_32_Tub2,VWA_32_Tub2,2026-03-04,W3-4,,2026-03-09,W3-4,VWA,32,VWA_32,Grady
P2_VWA_32_Tub3_Lacerate 11,P2_VWA_32_Tub3,VWA_32_Tub3,2026-03-04,W3-4,,2026-03-09,W3-4,VWA,32,VWA_32,Grady
P2_VWA_32_Tub3_Lacerate 12,P2_VWA_32_Tub3,VWA_32_Tub3,2026-03-04,W3-4,,2026-03-09,W3-4,VWA,32,VWA_32,Grady
P3_VWA_32_Tub3_Lacerate 13,P3_VWA_32_Tub3,VWA_32_Tub3,2026-03-04,W3-4,,2026-03-09,W3-4,VWA,32,VWA_32,Grady
P3_VWA_32_Tub3_Lacerate 14,P3_VWA_32_Tub3,VWA_32_Tub3,2026-03-04,W3-4,,2026-03-09,W3-4,VWA,32,VWA_32,Grady
P3_VWA_32_Tub3_Lacerate 15,P3_VWA_32_Tub3,VWA_32_Tub3,2026-03-04,W3-4,,2026-03-09,W3-4,VWA,32,VWA_32,Grady
P3_VWA_32_Tub3_Lacerate 16,P3_VWA_32_Tub3,VWA_32_Tub3,2026-03-04,W3-4,,2026-03-09,W3-4,VWA,32,VWA_32,Grady
P3_VWA_32_Tub3_Lacerate 17,P3_VWA_32_Tub3,VWA_32_Tub3,2026-03-04,W3-4,,2026-03-09,W3-4,VWA,32,VWA_32,Grady
P2_H2_25_Tub1_Lacerate 40,P2_H2_25_Tub1,H2_25_Tub1,2026-03-06,W3-4,,2026-03-09,W3-4,H2,25,H2_25,Aiden
P2_H2_25_Tub1_Lacerate 41,P2_H2_25_Tub1,H2_25_Tub1,2026-03-06,W3-4,,2026-03-09,W3-4,H2,25,H2_25,Aiden
P2_H2_25_Tub1_Lacerate 42,P2_H2_25_Tub1,H2_25_Tub1,2026-03-06,W3-4,,2026-03-09,W3-4,H2,25,H2_25,Aiden
P2_H2_25_Tub2_Lacerate 19,P2_H2_25_Tub2,H2_25_Tub2,2026-03-06,W3-4,,2026-03-09,W3-4,H2,25,H2_25,Aiden
P2_H2_25_Tub2_Lacerate 20,P2_H2_25_Tub2,H2_25_Tub2,2026-03-06,W3-4,,2026-03-09,W3-4,H2,25,H2_25,Aiden
PX_H2_25_Tub3_Lacerate 21,PX_H2_25_Tub3,H2_25_Tub3,2026-03-06,W3-4,,2026-03-09,W3-4,H2,25,H2_25,Aiden
P1_VWA_25_Tub1_Lacerate 45,P1_VWA_25_Tub1,VWA_25_Tub1,2026-03-06,W3-4,,2026-03-09,W3-4,VWA,25,VWA_25,Aiden
P1_VWA_25_Tub1_Lacerate 46,P1_VWA_25_Tub1,VWA_25_Tub1,2026-03-06,W3-4,,2026-03-09,W3-4,VWA,25,VWA_25,Aiden
P1_VWA_25_Tub1_Lacerate 47,P1_VWA_25_Tub1,VWA_25_Tub1,2026-03-06,W3-4,,2026-03-09,W3-4,VWA,25,VWA_25,Aiden
P1_VWA_25_Tub1_Lacerate 48,P1_VWA_25_Tub1,VWA_25_Tub1,2026-03-06,W3-4,,2026-03-09,W3-4,VWA,25,VWA_25,Aiden
P1_VWA_25_Tub1_Lacerate 49,P1_VWA_25_Tub1,VWA_25_Tub1,2026-03-06,W3-4,,2026-03-09,W3-4,VWA,25,VWA_25,Aiden
P1_VWA_25_Tub1_Lacerate 50,P1_VWA_25_Tub1,VWA_25_Tub1,2026-03-06,W3-4,,2026-03-09,W3-4,VWA,25,VWA_25,Aiden
P1_VWA_25_Tub1_Lacerate 51,P1_VWA_25_Tub1,VWA_25_Tub1,2026-03-06,W3-4,,2026-03-09,W3-4,VWA,25,VWA_25,Aiden
PX_VWA_25_Tub3_Lacerate 34,PX_VWA_25_Tub3,VWA_25_Tub3,2026-03-06,W3-4,,2026-03-09,W3-4,VWA,25,VWA_25,Aiden
PX_VWA_25_Tub3_Lacerate 35,PX_VWA_25_Tub3,VWA_25_Tub3,2026-03-06,W3-4,,2026-03-09,W3-4,VWA,25,VWA_25,Aiden
PX_VWA_25_Tub3_Lacerate 36,PX_VWA_25_Tub3,VWA_25_Tub3,2026-03-06,W3-4,,2026-03-09,W3-4,VWA,25,VWA_25,Aiden
PX_H2_32_Tub1_Lacerate 48,PX_H2_32_Tub1,H2_32_Tub1,2026-03-06,W3-4,,2026-03-09,W3-4,H2,32,H2_32,Aiden
PX_H2_32_Tub1_Lacerate 49,PX_H2_32_Tub1,H2_32_Tub1,2026-03-06,W3-4,,2026-03-09,W3-4,H2,32,H2_32,Aiden
PX_H2_32_Tub1_Lacerate 50,PX_H2_32_Tub1,H2_32_Tub1,2026-03-06,W3-4,,2026-03-09,W3-4,H2,32,H2_32,Aiden
PX_H2_32_Tub1_Lacerate 51,PX_H2_32_Tub1,H2_32_Tub1,2026-03-06,W3-4,,2026-03-09,W3-4,H2,32,H2_32,Aiden
P1_H2_32_Tub2_Lacerate 42,P1_H2_32_Tub2,H2_32_Tub2,2026-03-06,W3-4,,2026-03-09,W3-4,H2,32,H2_32,Aiden
P1_H2_32_Tub2_Lacerate 43,P1_H2_32_Tub2,H2_32_Tub2,2026-03-06,W3-4,,2026-03-09,W3-4,H2,32,H2_32,Aiden
P1_H2_32_Tub2_Lacerate 44,P1_H2_32_Tub2,H2_32_Tub2,2026-03-06,W3-4,,2026-03-09,W3-4,H2,32,H2_32,Aiden
P1_H2_32_Tub2_Lacerate 45,P1_H2_32_Tub2,H2_32_Tub2,2026-03-06,W3-4,,2026-03-09,W3-4,H2,32,H2_32,Aiden
P2_H2_32_Tub2_Lacerate 46,P2_H2_32_Tub2,H2_32_Tub2,2026-03-06,W3-4,,2026-03-09,W3-4,H2,32,H2_32,Aiden
P2_H2_32_Tub2_Lacerate 47,P2_H2_32_Tub2,H2_32_Tub2,2026-03-06,W3-4,,2026-03-09,W3-4,H2,32,H2_32,Aiden
P2_H2_32_Tub2_Lacerate 48,P2_H2_32_Tub2,H2_32_Tub2,2026-03-06,W3-4,,2026-03-09,W3-4,H2,32,H2_32,Aiden
P2_H2_32_Tub2_Lacerate 49,P2_H2_32_Tub2,H2_32_Tub2,2026-03-06,W3-4,,2026-03-09,W3-4,H2,32,H2_32,Aiden
P2_H2_32_Tub2_Lacerate 50,P2_H2_32_Tub2,H2_32_Tub2,2026-03-06,W3-4,,2026-03-09,W3-4,H2,32,H2_32,Aiden
P3_H2_32_Tub2_Lacerate 51,P3_H2_32_Tub2,H2_32_Tub2,2026-03-06,W3-4,,2026-03-09,W3-4,H2,32,H2_32,Aiden
P3_H2_32_Tub2_Lacerate 52,P3_H2_32_Tub2,H2_32_Tub2,2026-03-06,W3-4,,2026-03-09,W3-4,H2,32,H2_32,Aiden
P3_H2_32_Tub2_Lacerate 53,P3_H2_32_Tub2,H2_32_Tub2,2026-03-06,W3-4,,2026-03-09,W3-4,H2,32,H2_32,Aiden
P3_H2_32_Tub2_Lacerate 54,P3_H2_32_Tub2,H2_32_Tub2,2026-03-06,W3-4,,2026-03-09,W3-4,H2,32,H2_32,Aiden
P3_H2_32_Tub2_Lacerate 55,P3_H2_32_Tub2,H2_32_Tub2,2026-03-06,W3-4,,2026-03-09,W3-4,H2,32,H2_32,Aiden
P3_H2_32_Tub2_Lacerate 56,P3_H2_32_Tub2,H2_32_Tub2,2026-03-06,W3-4,,2026-03-09,W3-4,H2,32,H2_32,Aiden
P2_VWA_32_Tub1_Lacerate 47,P2_VWA_32_Tub1,VWA_32_Tub1,2026-03-06,W3-4,,2026-03-09,W3-4,VWA,32,VWA_32,Aiden
P2_VWA_32_Tub1_Lacerate 48,P2_VWA_32_Tub1,VWA_32_Tub1,2026-03-06,W3-4,,2026-03-09,W3-4,VWA,32,VWA_32,Aiden
P2_VWA_32_Tub1_Lacerate 49,P2_VWA_32_Tub1,VWA_32_Tub1,2026-03-06,W3-4,,2026-03-09,W3-4,VWA,32,VWA_32,Aiden
P1_VWA_32_Tub2_Lacerate 19,P1_VWA_32_Tub2,VWA_32_Tub2,2026-03-06,W3-4,,2026-03-09,W3-4,VWA,32,VWA_32,Aiden
P1_VWA_32_Tub3_Lacerate 18,P1_VWA_32_Tub3,VWA_32_Tub3,2026-03-06,W3-4,,2026-03-09,W3-4,VWA,32,VWA_32,Aiden
P1_VWA_32_Tub3_Lacerate 19,P1_VWA_32_Tub3,VWA_32_Tub3,2026-03-06,W3-4,,2026-03-09,W3-4,VWA,32,VWA_32,Aiden
P1_VWA_32_Tub3_Lacerate 20,P1_VWA_32_Tub3,VWA_32_Tub3,2026-03-06,W3-4,,2026-03-09,W3-4,VWA,32,VWA_32,Aiden
P1_VWA_32_Tub3_Lacerate 21,P1_VWA_32_Tub3,VWA_32_Tub3,2026-03-06,W3-4,,2026-03-09,W3-4,VWA,32,VWA_32,Aiden
P1_VWA_32_Tub3_Lacerate 22,P1_VWA_32_Tub3,VWA_32_Tub3,2026-03-06,W3-4,,2026-03-09,W3-4,VWA,32,VWA_32,Aiden
P1_VWA_32_Tub3_Lacerate 23,P1_VWA_32_Tub3,VWA_32_Tub3,2026-03-06,W3-4,,2026-03-09,W3-4,VWA,32,VWA_32,Aiden
PX_H2_25_Tub2_Lacerate 21,PX_H2_25_Tub2,H2_25_Tub2,2026-03-09,W3-4,,2026-03-09,W3-4,H2,25,H2_25,Grady
PX_H2_25_Tub2_Lacerate 22,PX_H2_25_Tub2,H2_25_Tub2,2026-03-09,W3-4,,2026-03-09,W3-4,H2,25,H2_25,Grady
PX_H2_25_Tub2_Lacerate 23,PX_H2_25_Tub2,H2_25_Tub2,2026-03-09,W3-4,,2026-03-09,W3-4,H2,25,H2_25,Grady
PX_H2_25_Tub2_Lacerate 24,PX_H2_25_Tub2,H2_25_Tub2,2026-03-09,W3-4,,2026-03-09,W3-4,H2,25,H2_25,Grady
PX_H2_25_Tub2_Lacerate 25,PX_H2_25_Tub2,H2_25_Tub2,2026-03-09,W3-4,,2026-03-09,W3-4,H2,25,H2_25,Grady
PX_H2_25_Tub2_Lacerate 26,PX_H2_25_Tub2,H2_25_Tub2,2026-03-09,W3-4,,2026-03-09,W3-4,H2,25,H2_25,Grady
PX_H2_25_Tub2_Lacerate 27,PX_H2_25_Tub2,H2_25_Tub2,2026-03-09,W3-4,,2026-03-09,W3-4,H2,25,H2_25,Grady
PX_H2_25_Tub2_Lacerate 28,PX_H2_25_Tub2,H2_25_Tub2,2026-03-09,W3-4,,2026-03-09,W3-4,H2,25,H2_25,Grady
PX_H2_25_Tub2_Lacerate 29,PX_H2_25_Tub2,H2_25_Tub2,2026-03-09,W3-4,,2026-03-09,W3-4,H2,25,H2_25,Grady
PX_H2_25_Tub3_Lacerate 22,PX_H2_25_Tub3,H2_25_Tub3,2026-03-09,W3-4,,2026-03-09,W3-4,H2,25,H2_25,Grady
PX_H2_25_Tub3_Lacerate 23,PX_H2_25_Tub3,H2_25_Tub3,2026-03-09,W3-4,,2026-03-09,W3-4,H2,25,H2_25,Grady
PX_H2_25_Tub3_Lacerate 24,PX_H2_25_Tub3,H2_25_Tub3,2026-03-09,W3-4,,2026-03-09,W3-4,H2,25,H2_25,Grady
PX_H2_25_Tub3_Lacerate 25,PX_H2_25_Tub3,H2_25_Tub3,2026-03-09,W3-4,,2026-03-09,W3-4,H2,25,H2_25,Grady
PX_H2_25_Tub3_Lacerate 26,PX_H2_25_Tub3,H2_25_Tub3,2026-03-09,W3-4,,2026-03-09,W3-4,H2,25,H2_25,Grady
PX_H2_25_Tub3_Lacerate 27,PX_H2_25_Tub3,H2_25_Tub3,2026-03-09,W3-4,,2026-03-09,W3-4,H2,25,H2_25,Grady
PX_H2_25_Tub3_Lacerate 28,PX_H2_25_Tub3,H2_25_Tub3,2026-03-09,W3-4,,2026-03-09,W3-4,H2,25,H2_25,Grady
PX_H2_25_Tub3_Lacerate 29,PX_H2_25_Tub3,H2_25_Tub3,2026-03-09,W3-4,,2026-03-09,W3-4,H2,25,H2_25,Grady
PX_H2_25_Tub3_Lacerate 30,PX_H2_25_Tub3,H2_25_Tub3,2026-03-09,W3-4,,2026-03-09,W3-4,H2,25,H2_25,Grady
PX_H2_25_Tub3_Lacerate 31,PX_H2_25_Tub3,H2_25_Tub3,2026-03-09,W3-4,,2026-03-09,W3-4,H2,25,H2_25,Grady
PX_H2_25_Tub3_Lacerate 32,PX_H2_25_Tub3,H2_25_Tub3,2026-03-09,W3-4,,2026-03-09,W3-4,H2,25,H2_25,Grady
PX_H2_25_Tub3_Lacerate 33,PX_H2_25_Tub3,H2_25_Tub3,2026-03-09,W3-4,,2026-03-09,W3-4,H2,25,H2_25,Grady
PX_H2_25_Tub3_Lacerate 34,PX_H2_25_Tub3,H2_25_Tub3,2026-03-09,W3-4,,2026-03-09,W3-4,H2,25,H2_25,Grady
PX_VWA_25_Tub1_Lacerate 52,PX_VWA_25_Tub1,VWA_25_Tub1,2026-03-09,W3-4,,2026-03-09,W3-4,VWA,25,VWA_25,Grady
PX_VWA_25_Tub3_Lacerate 37,PX_VWA_25_Tub3,VWA_25_Tub3,2026-03-09,W3-4,,2026-03-09,W3-4,VWA,25,VWA_25,Grady
PX_VWA_25_Tub3_Lacerate 38,PX_VWA_25_Tub3,VWA_25_Tub3,2026-03-09,W3-4,,2026-03-09,W3-4,VWA,25,VWA_25,Grady
PX_VWA_25_Tub3_Lacerate 39,PX_VWA_25_Tub3,VWA_25_Tub3,2026-03-09,W3-4,,2026-03-09,W3-4,VWA,25,VWA_25,Grady
PX_H2_32_Tub2_Lacerate 57,PX_H2_32_Tub2,H2_32_Tub2,2026-03-09,W3-4,,2026-03-09,W3-4,H2,32,H2_32,Grady
PX_H2_32_Tub2_Lacerate 58,PX_H2_32_Tub2,H2_32_Tub2,2026-03-09,W3-4,,2026-03-09,W3-4,H2,32,H2_32,Grady
PX_H2_32_Tub2_Lacerate 59,PX_H2_32_Tub2,H2_32_Tub2,2026-03-09,W3-4,,2026-03-09,W3-4,H2,32,H2_32,Grady
PX_H2_32_Tub2_Lacerate 60,PX_H2_32_Tub2,H2_32_Tub2,2026-03-09,W3-4,,2026-03-09,W3-4,H2,32,H2_32,Grady
PX_H2_32_Tub2_Lacerate 61,PX_H2_32_Tub2,H2_32_Tub2,2026-03-09,W3-4,,2026-03-09,W3-4,H2,32,H2_32,Grady
PX_H2_32_Tub2_Lacerate 62,PX_H2_32_Tub2,H2_32_Tub2,2026-03-09,W3-4,,2026-03-09,W3-4,H2,32,H2_32,Grady
PX_H2_32_Tub2_Lacerate 63,PX_H2_32_Tub2,H2_32_Tub2,2026-03-09,W3-4,,2026-03-09,W3-4,H2,32,H2_32,Grady
PX_H2_32_Tub2_Lacerate 64,PX_H2_32_Tub2,H2_32_Tub2,2026-03-09,W3-4,,2026-03-09,W3-4,H2,32,H2_32,Grady
PX_H2_32_Tub2_Lacerate 65,PX_H2_32_Tub2,H2_32_Tub2,2026-03-09,W3-4,,2026-03-09,W3-4,H2,32,H2_32,Grady
PX_H2_32_Tub2_Lacerate 66,PX_H2_32_Tub2,H2_32_Tub2,2026-03-09,W3-4,,2026-03-09,W3-4,H2,32,H2_32,Grady
PX_H2_32_Tub2_Lacerate 67,PX_H2_32_Tub2,H2_32_Tub2,2026-03-09,W3-4,,2026-03-09,W3-4,H2,32,H2_32,Grady
PX_H2_32_Tub2_Lacerate 68,PX_H2_32_Tub2,H2_32_Tub2,2026-03-09,W3-4,,2026-03-09,W3-4,H2,32,H2_32,Grady
PX_H2_32_Tub2_Lacerate 69,PX_H2_32_Tub2,H2_32_Tub2,2026-03-09,W3-4,,2026-03-09,W3-4,H2,32,H2_32,Grady
PX_H2_32_Tub2_Lacerate 70,PX_H2_32_Tub2,H2_32_Tub2,2026-03-09,W3-4,,2026-03-09,W3-4,H2,32,H2_32,Grady
PX_H2_32_Tub3_Lacerate 32,PX_H2_32_Tub3,H2_32_Tub3,2026-03-09,W3-4,,2026-03-09,W3-4,H2,32,H2_32,Grady
PX_H2_32_Tub3_Lacerate 33,PX_H2_32_Tub3,H2_32_Tub3,2026-03-09,W3-4,,2026-03-09,W3-4,H2,32,H2_32,Grady
PX_H2_32_Tub3_Lacerate 34,PX_H2_32_Tub3,H2_32_Tub3,2026-03-09,W3-4,,2026-03-09,W3-4,H2,32,H2_32,Grady
PX_H2_32_Tub3_Lacerate 35,PX_H2_32_Tub3,H2_32_Tub3,2026-03-09,W3-4,,2026-03-09,W3-4,H2,32,H2_32,Grady
PX_H2_32_Tub3_Lacerate 36,PX_H2_32_Tub3,H2_32_Tub3,2026-03-09,W3-4,,2026-03-09,W3-4,H2,32,H2_32,Grady
PX_H2_32_Tub3_Lacerate 37,PX_H2_32_Tub3,H2_32_Tub3,2026-03-09,W3-4,,2026-03-09,W3-4,H2,32,H2_32,Grady
PX_H2_32_Tub3_Lacerate 38,PX_H2_32_Tub3,H2_32_Tub3,2026-03-09,W3-4,,2026-03-09,W3-4,H2,32,H2_32,Grady
PX_H2_32_Tub3_Lacerate 39,PX_H2_32_Tub3,H2_32_Tub3,2026-03-09,W3-4,,2026-03-09,W3-4,H2,32,H2_32,Grady
PX_H2_32_Tub3_Lacerate 40,PX_H2_32_Tub3,H2_32_Tub3,2026-03-09,W3-4,,2026-03-09,W3-4,H2,32,H2_32,Grady
PX_H2_32_Tub3_Lacerate 41,PX_H2_32_Tub3,H2_32_Tub3,2026-03-09,W3-4,,2026-03-09,W3-4,H2,32,H2_32,Grady
PX_VWA_32_Tub1_Lacerate 50,PX_VWA_32_Tub1,VWA_32_Tub1,2026-03-09,W3-4,,2026-03-09,W3-4,VWA,32,VWA_32,Grady
PX_VWA_32_Tub1_Lacerate 51,PX_VWA_32_Tub1,VWA_32_Tub1,2026-03-09,W3-4,,2026-03-09,W3-4,VWA,32,VWA_32,Grady
P2_H2_25_Tub1_Lacerate 43,P2_H2_25_Tub1,H2_25_Tub1,2026-03-11,W5-6,,2026-03-23,W5-6,H2,25,H2_25,Grady
P3_H2_25_Tub1_Lacerate 44,P3_H2_25_Tub1,H2_25_Tub1,2026-03-11,W5-6,,2026-03-23,W5-6,H2,25,H2_25,Grady
P3_H2_25_Tub1_Lacerate 45,P3_H2_25_Tub1,H2_25_Tub1,2026-03-11,W5-6,,2026-03-23,W5-6,H2,25,H2_25,Grady
P3_H2_25_Tub1_Lacerate 46,P3_H2_25_Tub1,H2_25_Tub1,2026-03-11,W5-6,,2026-03-23,W5-6,H2,25,H2_25,Grady
P3_H2_25_Tub1_Lacerate 47,P3_H2_25_Tub1,H2_25_Tub1,2026-03-11,W5-6,,2026-03-23,W5-6,H2,25,H2_25,Grady
PX_H2_25_Tub1_Lacerate 48,PX_H2_25_Tub1,H2_25_Tub1,2026-03-11,W5-6,,2026-03-23,W5-6,H2,25,H2_25,Grady
P1_H2_25_Tub1_Lacerate 49,P1_H2_25_Tub1,H2_25_Tub1,2026-03-11,W5-6,,2026-03-23,W5-6,H2,25,H2_25,Grady
P1_H2_25_Tub1_Lacerate 50,P1_H2_25_Tub1,H2_25_Tub1,2026-03-11,W5-6,,2026-03-23,W5-6,H2,25,H2_25,Grady
P1_H2_25_Tub1_Lacerate 51,P1_H2_25_Tub1,H2_25_Tub1,2026-03-11,W5-6,,2026-03-23,W5-6,H2,25,H2_25,Grady
P1_H2_25_Tub1_Lacerate 52,P1_H2_25_Tub1,H2_25_Tub1,2026-03-11,W5-6,,2026-03-23,W5-6,H2,25,H2_25,Grady
P1_H2_25_Tub1_Lacerate 53,P1_H2_25_Tub1,H2_25_Tub1,2026-03-11,W5-6,,2026-03-23,W5-6,H2,25,H2_25,Grady
P1_H2_25_Tub1_Lacerate 54,P1_H2_25_Tub1,H2_25_Tub1,2026-03-11,W5-6,,2026-03-23,W5-6,H2,25,H2_25,Grady
P1_H2_25_Tub1_Lacerate 55,P1_H2_25_Tub1,H2_25_Tub1,2026-03-11,W5-6,,2026-03-23,W5-6,H2,25,H2_25,Grady
P2_H2_25_Tub1_Lacerate 56,P2_H2_25_Tub1,H2_25_Tub1,2026-03-11,W5-6,,2026-03-23,W5-6,H2,25,H2_25,Grady
P3_H2_25_Tub2_Lacerate 30,P3_H2_25_Tub2,H2_25_Tub2,2026-03-11,W5-6,,2026-03-23,W5-6,H2,25,H2_25,Grady
P3_H2_25_Tub3_Lacerate 35,P3_H2_25_Tub3,H2_25_Tub3,2026-03-11,W5-6,,2026-03-23,W5-6,H2,25,H2_25,Grady
P2_H2_25_Tub3_Lacerate 36,P2_H2_25_Tub3,H2_25_Tub3,2026-03-11,W5-6,,2026-03-23,W5-6,H2,25,H2_25,Grady
P3_H2_25_Tub3_Lacerate 37,P3_H2_25_Tub3,H2_25_Tub3,2026-03-11,W5-6,,2026-03-23,W5-6,H2,25,H2_25,Grady
P2_H2_25_Tub3_Lacerate 38,P2_H2_25_Tub3,H2_25_Tub3,2026-03-11,W5-6,,2026-03-23,W5-6,H2,25,H2_25,Grady
P2_H2_25_Tub3_Lacerate 39,P2_H2_25_Tub3,H2_25_Tub3,2026-03-11,W5-6,,2026-03-23,W5-6,H2,25,H2_25,Grady
P2_VWA_25_Tub1_Lacerate 53,P2_VWA_25_Tub1,VWA_25_Tub1,2026-03-11,W5-6,,2026-03-23,W5-6,VWA,25,VWA_25,Grady
P3_VWA_25_Tub1_Lacerate 54,P3_VWA_25_Tub1,VWA_25_Tub1,2026-03-11,W5-6,,2026-03-23,W5-6,VWA,25,VWA_25,Grady
P3_VWA_25_Tub1_Lacerate 55,P3_VWA_25_Tub1,VWA_25_Tub1,2026-03-11,W5-6,,2026-03-23,W5-6,VWA,25,VWA_25,Grady
P1_VWA_25_Tub1_Lacerate 56,P1_VWA_25_Tub1,VWA_25_Tub1,2026-03-11,W5-6,,2026-03-23,W5-6,VWA,25,VWA_25,Grady
P1_VWA_25_Tub1_Lacerate 57,P1_VWA_25_Tub1,VWA_25_Tub1,2026-03-11,W5-6,,2026-03-23,W5-6,VWA,25,VWA_25,Grady
P1_VWA_25_Tub1_Lacerate 58,P1_VWA_25_Tub1,VWA_25_Tub1,2026-03-11,W5-6,,2026-03-23,W5-6,VWA,25,VWA_25,Grady
P1_VWA_25_Tub1_Lacerate 59,P1_VWA_25_Tub1,VWA_25_Tub1,2026-03-11,W5-6,,2026-03-23,W5-6,VWA,25,VWA_25,Grady
P1_VWA_25_Tub1_Lacerate 60,P1_VWA_25_Tub1,VWA_25_Tub1,2026-03-11,W5-6,,2026-03-23,W5-6,VWA,25,VWA_25,Grady
P1_VWA_25_Tub1_Lacerate 61,P1_VWA_25_Tub1,VWA_25_Tub1,2026-03-11,W5-6,,2026-03-23,W5-6,VWA,25,VWA_25,Grady
P1_VWA_25_Tub1_Lacerate 62,P1_VWA_25_Tub1,VWA_25_Tub1,2026-03-11,W5-6,,2026-03-23,W5-6,VWA,25,VWA_25,Grady
P1_VWA_25_Tub1_Lacerate 63,P1_VWA_25_Tub1,VWA_25_Tub1,2026-03-11,W5-6,,2026-03-23,W5-6,VWA,25,VWA_25,Grady
P1_VWA_25_Tub1_Lacerate 64,P1_VWA_25_Tub1,VWA_25_Tub1,2026-03-11,W5-6,,2026-03-23,W5-6,VWA,25,VWA_25,Grady
P3_VWA_25_Tub2_Lacerate 28,P3_VWA_25_Tub2,VWA_25_Tub2,2026-03-11,W5-6,,2026-03-23,W5-6,VWA,25,VWA_25,Grady
P2_VWA_25_Tub3_Lacerate 40,P2_VWA_25_Tub3,VWA_25_Tub3,2026-03-11,W5-6,,2026-03-23,W5-6,VWA,25,VWA_25,Grady
P3_VWA_25_Tub3_Lacerate 41,P3_VWA_25_Tub3,VWA_25_Tub3,2026-03-11,W5-6,,2026-03-23,W5-6,VWA,25,VWA_25,Grady
P3_VWA_25_Tub3_Lacerate 42,P3_VWA_25_Tub3,VWA_25_Tub3,2026-03-11,W5-6,,2026-03-23,W5-6,VWA,25,VWA_25,Grady
P3_VWA_25_Tub3_Lacerate 43,P3_VWA_25_Tub3,VWA_25_Tub3,2026-03-11,W5-6,,2026-03-23,W5-6,VWA,25,VWA_25,Grady
P3_VWA_25_Tub3_Lacerate 44,P3_VWA_25_Tub3,VWA_25_Tub3,2026-03-11,W5-6,,2026-03-23,W5-6,VWA,25,VWA_25,Grady
P3_VWA_25_Tub3_Lacerate 45,P3_VWA_25_Tub3,VWA_25_Tub3,2026-03-11,W5-6,,2026-03-23,W5-6,VWA,25,VWA_25,Grady
PX_VWA_25_Tub3_Lacerate 46,PX_VWA_25_Tub3,VWA_25_Tub3,2026-03-11,W5-6,,2026-03-23,W5-6,VWA,25,VWA_25,Grady
P1_H2_32_Tub1_Lacerate 52,P1_H2_32_Tub1,H2_32_Tub1,2026-03-11,W5-6,,2026-03-23,W5-6,H2,32,H2_32,Grady
P1_H2_32_Tub1_Lacerate 53,P1_H2_32_Tub1,H2_32_Tub1,2026-03-11,W5-6,,2026-03-23,W5-6,H2,32,H2_32,Grady
P1_H2_32_Tub1_Lacerate 54,P1_H2_32_Tub1,H2_32_Tub1,2026-03-11,W5-6,,2026-03-23,W5-6,H2,32,H2_32,Grady
PX_H2_32_Tub1_Lacerate 55,PX_H2_32_Tub1,H2_32_Tub1,2026-03-11,W5-6,,2026-03-23,W5-6,H2,32,H2_32,Grady
P1_H2_32_Tub2_Lacerate 71,P1_H2_32_Tub2,H2_32_Tub2,2026-03-11,W5-6,,2026-03-23,W5-6,H2,32,H2_32,Grady
P1_H2_32_Tub2_Lacerate 72,P1_H2_32_Tub2,H2_32_Tub2,2026-03-11,W5-6,,2026-03-23,W5-6,H2,32,H2_32,Grady
P1_H2_32_Tub2_Lacerate 73,P1_H2_32_Tub2,H2_32_Tub2,2026-03-11,W5-6,,2026-03-23,W5-6,H2,32,H2_32,Grady
P1_H2_32_Tub2_Lacerate 74,P1_H2_32_Tub2,H2_32_Tub2,2026-03-11,W5-6,,2026-03-23,W5-6,H2,32,H2_32,Grady
P1_H2_32_Tub3_Lacerate 42,P1_H2_32_Tub3,H2_32_Tub3,2026-03-11,W5-6,,2026-03-23,W5-6,H2,32,H2_32,Grady
P1_H2_32_Tub3_Lacerate 43,P1_H2_32_Tub3,H2_32_Tub3,2026-03-11,W5-6,,2026-03-23,W5-6,H2,32,H2_32,Grady
P1_H2_32_Tub3_Lacerate 44,P1_H2_32_Tub3,H2_32_Tub3,2026-03-11,W5-6,,2026-03-23,W5-6,H2,32,H2_32,Grady
P2_H2_32_Tub3_Lacerate 45,P2_H2_32_Tub3,H2_32_Tub3,2026-03-11,W5-6,,2026-03-23,W5-6,H2,32,H2_32,Grady
P2_H2_32_Tub3_Lacerate 46,P2_H2_32_Tub3,H2_32_Tub3,2026-03-11,W5-6,,2026-03-23,W5-6,H2,32,H2_32,Grady
P2_H2_32_Tub3_Lacerate 47,P2_H2_32_Tub3,H2_32_Tub3,2026-03-11,W5-6,,2026-03-23,W5-6,H2,32,H2_32,Grady
P2_H2_32_Tub3_Lacerate 48,P2_H2_32_Tub3,H2_32_Tub3,2026-03-11,W5-6,,2026-03-23,W5-6,H2,32,H2_32,Grady
P1_VWA_32_Tub1_Lacerate 52,P1_VWA_32_Tub1,VWA_32_Tub1,2026-03-11,W5-6,,2026-03-23,W5-6,VWA,32,VWA_32,Grady
P1_VWA_32_Tub1_Lacerate 53,P1_VWA_32_Tub1,VWA_32_Tub1,2026-03-11,W5-6,,2026-03-23,W5-6,VWA,32,VWA_32,Grady
P1_VWA_32_Tub1_Lacerate 54,P1_VWA_32_Tub1,VWA_32_Tub1,2026-03-11,W5-6,,2026-03-23,W5-6,VWA,32,VWA_32,Grady
P1_VWA_32_Tub1_Lacerate 55,P1_VWA_32_Tub1,VWA_32_Tub1,2026-03-11,W5-6,,2026-03-23,W5-6,VWA,32,VWA_32,Grady
P3_VWA_32_Tub1_Lacerate 56,P3_VWA_32_Tub1,VWA_32_Tub1,2026-03-11,W5-6,,2026-03-23,W5-6,VWA,32,VWA_32,Grady
P3_VWA_32_Tub1_Lacerate 57,P3_VWA_32_Tub1,VWA_32_Tub1,2026-03-11,W5-6,,2026-03-23,W5-6,VWA,32,VWA_32,Grady
P1_VWA_32_Tub1_Lacerate 58,P1_VWA_32_Tub1,VWA_32_Tub1,2026-03-11,W5-6,,2026-03-23,W5-6,VWA,32,VWA_32,Grady
P1_VWA_32_Tub2_Lacerate 20,P1_VWA_32_Tub2,VWA_32_Tub2,2026-03-11,W5-6,,2026-03-23,W5-6,VWA,32,VWA_32,Grady
P1_VWA_32_Tub2_Lacerate 21,P1_VWA_32_Tub2,VWA_32_Tub2,2026-03-11,W5-6,,2026-03-23,W5-6,VWA,32,VWA_32,Grady
P1_VWA_32_Tub2_Lacerate 22,P1_VWA_32_Tub2,VWA_32_Tub2,2026-03-11,W5-6,,2026-03-23,W5-6,VWA,32,VWA_32,Grady
P3_VWA_32_Tub2_Lacerate 23,P3_VWA_32_Tub2,VWA_32_Tub2,2026-03-11,W5-6,,2026-03-23,W5-6,VWA,32,VWA_32,Grady
P3_VWA_32_Tub2_Lacerate 24,P3_VWA_32_Tub2,VWA_32_Tub2,2026-03-11,W5-6,,2026-03-23,W5-6,VWA,32,VWA_32,Grady
PX_VWA_32_Tub2_Lacerate 25,PX_VWA_32_Tub2,VWA_32_Tub2,2026-03-11,W5-6,,2026-03-23,W5-6,VWA,32,VWA_32,Grady
P1_VWA_32_Tub3_Lacerate 24,P1_VWA_32_Tub3,VWA_32_Tub3,2026-03-11,W5-6,,2026-03-23,W5-6,VWA,32,VWA_32,Grady
P1_VWA_32_Tub3_Lacerate 25,P1_VWA_32_Tub3,VWA_32_Tub3,2026-03-11,W5-6,,2026-03-23,W5-6,VWA,32,VWA_32,Grady
P1_VWA_32_Tub3_Lacerate 26,P1_VWA_32_Tub3,VWA_32_Tub3,2026-03-11,W5-6,,2026-03-23,W5-6,VWA,32,VWA_32,Grady
P2_H2_25_Tub1_Lacerate 57,P2_H2_25_Tub1,H2_25_Tub1,2026-03-13,W5-6,,2026-03-23,W5-6,H2,25,H2_25,Aiden
P2_H2_25_Tub1_Lacerate 58,P2_H2_25_Tub1,H2_25_Tub1,2026-03-13,W5-6,,2026-03-23,W5-6,H2,25,H2_25,Aiden
P1_H2_25_Tub2_Lacerate 31,P1_H2_25_Tub2,H2_25_Tub2,2026-03-13,W5-6,,2026-03-23,W5-6,H2,25,H2_25,Aiden
P3_H2_25_Tub2_Lacerate 32,P3_H2_25_Tub2,H2_25_Tub2,2026-03-13,W5-6,,2026-03-23,W5-6,H2,25,H2_25,Aiden
P3_H2_25_Tub2_Lacerate 33,P3_H2_25_Tub2,H2_25_Tub2,2026-03-13,W5-6,,2026-03-23,W5-6,H2,25,H2_25,Aiden
P1_H2_25_Tub3_Lacerate 40,P1_H2_25_Tub3,H2_25_Tub3,2026-03-13,W5-6,,2026-03-23,W5-6,H2,25,H2_25,Aiden
PX_H2_25_Tub3_Lacerate 41,PX_H2_25_Tub3,H2_25_Tub3,2026-03-13,W5-6,,2026-03-23,W5-6,H2,25,H2_25,Aiden
PX_H2_25_Tub3_Lacerate 42,PX_H2_25_Tub3,H2_25_Tub3,2026-03-13,W5-6,,2026-03-23,W5-6,H2,25,H2_25,Aiden
P1_VWA_25_Tub1_Lacerate 65,P1_VWA_25_Tub1,VWA_25_Tub1,2026-03-13,W5-6,,2026-03-23,W5-6,VWA,25,VWA_25,Aiden
P1_VWA_25_Tub1_Lacerate 67,P1_VWA_25_Tub1,VWA_25_Tub1,2026-03-13,W5-6,,2026-03-23,W5-6,VWA,25,VWA_25,Aiden
P3_VWA_25_Tub1_Lacerate 66,P3_VWA_25_Tub1,VWA_25_Tub1,2026-03-13,W5-6,,2026-03-23,W5-6,VWA,25,VWA_25,Aiden
P2_VWA_25_Tub2_Lacerate 29,P2_VWA_25_Tub2,VWA_25_Tub2,2026-03-13,W5-6,,2026-03-23,W5-6,VWA,25,VWA_25,Aiden
P2_VWA_25_Tub2_Lacerate 30,P2_VWA_25_Tub2,VWA_25_Tub2,2026-03-13,W5-6,,2026-03-23,W5-6,VWA,25,VWA_25,Aiden
P2_VWA_25_Tub2_Lacerate 31,P2_VWA_25_Tub2,VWA_25_Tub2,2026-03-13,W5-6,,2026-03-23,W5-6,VWA,25,VWA_25,Aiden
P2_VWA_25_Tub2_Lacerate 32,P2_VWA_25_Tub2,VWA_25_Tub2,2026-03-13,W5-6,,2026-03-23,W5-6,VWA,25,VWA_25,Aiden
P1_VWA_25_Tub2_Lacerate 33,P1_VWA_25_Tub2,VWA_25_Tub2,2026-03-13,W5-6,,2026-03-23,W5-6,VWA,25,VWA_25,Aiden
P1_VWA_25_Tub2_Lacerate 34,P1_VWA_25_Tub2,VWA_25_Tub2,2026-03-13,W5-6,,2026-03-23,W5-6,VWA,25,VWA_25,Aiden
P1_VWA_25_Tub2_Lacerate 35,P1_VWA_25_Tub2,VWA_25_Tub2,2026-03-13,W5-6,,2026-03-23,W5-6,VWA,25,VWA_25,Aiden
P1_VWA_25_Tub3_Lacerate 47,P1_VWA_25_Tub3,VWA_25_Tub3,2026-03-13,W5-6,,2026-03-23,W5-6,VWA,25,VWA_25,Aiden
P3_H2_32_Tub3_Lacerate 49,P3_H2_32_Tub3,H2_32_Tub3,2026-03-13,W5-6,,2026-03-23,W5-6,H2,32,H2_32,Aiden
P3_H2_32_Tub3_Lacerate 50,P3_H2_32_Tub3,H2_32_Tub3,2026-03-13,W5-6,,2026-03-23,W5-6,H2,32,H2_32,Aiden
P3_H2_32_Tub3_Lacerate 51,P3_H2_32_Tub3,H2_32_Tub3,2026-03-13,W5-6,,2026-03-23,W5-6,H2,32,H2_32,Aiden
P3_H2_32_Tub3_Lacerate 52,P3_H2_32_Tub3,H2_32_Tub3,2026-03-13,W5-6,,2026-03-23,W5-6,H2,32,H2_32,Aiden
P3_H2_32_Tub3_Lacerate 53,P3_H2_32_Tub3,H2_32_Tub3,2026-03-13,W5-6,,2026-03-23,W5-6,H2,32,H2_32,Aiden
P3_H2_32_Tub3_Lacerate 54,P3_H2_32_Tub3,H2_32_Tub3,2026-03-13,W5-6,,2026-03-23,W5-6,H2,32,H2_32,Aiden
P2_VWA_32_Tub1_Lacerate 59,P2_VWA_32_Tub1,VWA_32_Tub1,2026-03-13,W5-6,,2026-03-23,W5-6,VWA,32,VWA_32,Aiden
P2_VWA_32_Tub1_Lacerate 60,P2_VWA_32_Tub1,VWA_32_Tub1,2026-03-13,W5-6,,2026-03-23,W5-6,VWA,32,VWA_32,Aiden
P2_VWA_32_Tub2_Lacerate 26,P2_VWA_32_Tub2,VWA_32_Tub2,2026-03-13,W5-6,,2026-03-23,W5-6,VWA,32,VWA_32,Aiden
P2_VWA_32_Tub2_Lacerate 27,P2_VWA_32_Tub2,VWA_32_Tub2,2026-03-13,W5-6,,2026-03-23,W5-6,VWA,32,VWA_32,Aiden
P2_VWA_32_Tub2_Lacerate 28,P2_VWA_32_Tub2,VWA_32_Tub2,2026-03-13,W5-6,,2026-03-23,W5-6,VWA,32,VWA_32,Aiden
P2_VWA_32_Tub2_Lacerate 29,P2_VWA_32_Tub2,VWA_32_Tub2,2026-03-13,W5-6,,2026-03-23,W5-6,VWA,32,VWA_32,Aiden
P2_VWA_32_Tub2_Lacerate 30,P2_VWA_32_Tub2,VWA_32_Tub2,2026-03-13,W5-6,,2026-03-23,W5-6,VWA,32,VWA_32,Aiden
PX_VWA_32_Tub3_Lacerate 27,PX_VWA_32_Tub3,VWA_32_Tub3,2026-03-13,W5-6,,2026-03-23,W5-6,VWA,32,VWA_32,Aiden
P3_H2_25_Tub1_Lacerate 59,P3_H2_25_Tub1,H2_25_Tub1,2026-03-16,W5-6,,2026-03-23,W5-6,H2,25,H2_25,Grady
P3_H2_25_Tub1_Lacerate 60,P3_H2_25_Tub1,H2_25_Tub1,2026-03-16,W5-6,,2026-03-23,W5-6,H2,25,H2_25,Grady
P3_H2_25_Tub1_Lacerate 61,P3_H2_25_Tub1,H2_25_Tub1,2026-03-16,W5-6,,2026-03-23,W5-6,H2,25,H2_25,Grady
P3_H2_25_Tub1_Lacerate 62,P3_H2_25_Tub1,H2_25_Tub1,2026-03-16,W5-6,,2026-03-23,W5-6,H2,25,H2_25,Grady
P3_H2_25_Tub1_Lacerate 63,P3_H2_25_Tub1,H2_25_Tub1,2026-03-16,W5-6,,2026-03-23,W5-6,H2,25,H2_25,Grady
P2_H2_25_Tub1_Lacerate 64,P2_H2_25_Tub1,H2_25_Tub1,2026-03-16,W5-6,,2026-03-23,W5-6,H2,25,H2_25,Grady
PX_H2_25_Tub1_Lacerate 65,PX_H2_25_Tub1,H2_25_Tub1,2026-03-16,W5-6,,2026-03-23,W5-6,H2,25,H2_25,Grady
PX_H2_25_Tub1_Lacerate 66,PX_H2_25_Tub1,H2_25_Tub1,2026-03-16,W5-6,,2026-03-23,W5-6,H2,25,H2_25,Grady
PX_H2_25_Tub1_Lacerate 67,PX_H2_25_Tub1,H2_25_Tub1,2026-03-16,W5-6,,2026-03-23,W5-6,H2,25,H2_25,Grady
PX_H2_25_Tub1_Lacerate 68,PX_H2_25_Tub1,H2_25_Tub1,2026-03-16,W5-6,,2026-03-23,W5-6,H2,25,H2_25,Grady
PX_H2_25_Tub1_Lacerate 69,PX_H2_25_Tub1,H2_25_Tub1,2026-03-16,W5-6,,2026-03-23,W5-6,H2,25,H2_25,Grady
PX_H2_25_Tub1_Lacerate 70,PX_H2_25_Tub1,H2_25_Tub1,2026-03-16,W5-6,,2026-03-23,W5-6,H2,25,H2_25,Grady
PX_H2_25_Tub1_Lacerate 71,PX_H2_25_Tub1,H2_25_Tub1,2026-03-16,W5-6,,2026-03-23,W5-6,H2,25,H2_25,Grady
PX_H2_25_Tub1_Lacerate 72,PX_H2_25_Tub1,H2_25_Tub1,2026-03-16,W5-6,,2026-03-23,W5-6,H2,25,H2_25,Grady
PX_H2_25_Tub1_Lacerate 73,PX_H2_25_Tub1,H2_25_Tub1,2026-03-16,W5-6,,2026-03-23,W5-6,H2,25,H2_25,Grady
PX_H2_25_Tub1_Lacerate 74,PX_H2_25_Tub1,H2_25_Tub1,2026-03-16,W5-6,,2026-03-23,W5-6,H2,25,H2_25,Grady
PX_H2_25_Tub1_Lacerate 75,PX_H2_25_Tub1,H2_25_Tub1,2026-03-16,W5-6,,2026-03-23,W5-6,H2,25,H2_25,Grady
PX_H2_25_Tub1_Lacerate 76,PX_H2_25_Tub1,H2_25_Tub1,2026-03-16,W5-6,,2026-03-23,W5-6,H2,25,H2_25,Grady
PX_H2_25_Tub1_Lacerate 77,PX_H2_25_Tub1,H2_25_Tub1,2026-03-16,W5-6,,2026-03-23,W5-6,H2,25,H2_25,Grady
PX_H2_25_Tub1_Lacerate 78,PX_H2_25_Tub1,H2_25_Tub1,2026-03-16,W5-6,,2026-03-23,W5-6,H2,25,H2_25,Grady
PX_H2_25_Tub1_Lacerate 79,PX_H2_25_Tub1,H2_25_Tub1,2026-03-16,W5-6,,2026-03-23,W5-6,H2,25,H2_25,Grady
PX_H2_25_Tub1_Lacerate 80,PX_H2_25_Tub1,H2_25_Tub1,2026-03-16,W5-6,,2026-03-23,W5-6,H2,25,H2_25,Grady
PX_H2_25_Tub2_Lacerate 34,PX_H2_25_Tub2,H2_25_Tub2,2026-03-16,W5-6,,2026-03-23,W5-6,H2,25,H2_25,Grady
PX_H2_25_Tub2_Lacerate 35,PX_H2_25_Tub2,H2_25_Tub2,2026-03-16,W5-6,,2026-03-23,W5-6,H2,25,H2_25,Grady
P2_H2_25_Tub2_Lacerate 36,P2_H2_25_Tub2,H2_25_Tub2,2026-03-16,W5-6,,2026-03-23,W5-6,H2,25,H2_25,Grady
PX_H2_25_Tub2_Lacerate 37,PX_H2_25_Tub2,H2_25_Tub2,2026-03-16,W5-6,,2026-03-23,W5-6,H2,25,H2_25,Grady
PX_H2_25_Tub2_Lacerate 38,PX_H2_25_Tub2,H2_25_Tub2,2026-03-16,W5-6,,2026-03-23,W5-6,H2,25,H2_25,Grady
P1_H2_25_Tub2_Lacerate 39,P1_H2_25_Tub2,H2_25_Tub2,2026-03-16,W5-6,,2026-03-23,W5-6,H2,25,H2_25,Grady
P1_H2_25_Tub2_Lacerate 40,P1_H2_25_Tub2,H2_25_Tub2,2026-03-16,W5-6,,2026-03-23,W5-6,H2,25,H2_25,Grady
P1_H2_25_Tub2_Lacerate 41,P1_H2_25_Tub2,H2_25_Tub2,2026-03-16,W5-6,,2026-03-23,W5-6,H2,25,H2_25,Grady
P1_H2_25_Tub2_Lacerate 42,P1_H2_25_Tub2,H2_25_Tub2,2026-03-16,W5-6,,2026-03-23,W5-6,H2,25,H2_25,Grady
P1_H2_25_Tub2_Lacerate 43,P1_H2_25_Tub2,H2_25_Tub2,2026-03-16,W5-6,,2026-03-23,W5-6,H2,25,H2_25,Grady
P1_H2_25_Tub2_Lacerate 44,P1_H2_25_Tub2,H2_25_Tub2,2026-03-16,W5-6,,2026-03-23,W5-6,H2,25,H2_25,Grady
P1_H2_25_Tub2_Lacerate 45,P1_H2_25_Tub2,H2_25_Tub2,2026-03-16,W5-6,,2026-03-23,W5-6,H2,25,H2_25,Grady
P3_H2_25_Tub2_Lacerate 46,P3_H2_25_Tub2,H2_25_Tub2,2026-03-16,W5-6,,2026-03-23,W5-6,H2,25,H2_25,Grady
P3_H2_25_Tub2_Lacerate 47,P3_H2_25_Tub2,H2_25_Tub2,2026-03-16,W5-6,,2026-03-23,W5-6,H2,25,H2_25,Grady
PX_H2_25_Tub2_Lacerate 48,PX_H2_25_Tub2,H2_25_Tub2,2026-03-16,W5-6,,2026-03-23,W5-6,H2,25,H2_25,Grady
PX_H2_25_Tub2_Lacerate 49,PX_H2_25_Tub2,H2_25_Tub2,2026-03-16,W5-6,,2026-03-23,W5-6,H2,25,H2_25,Grady
P3_H2_25_Tub3_Lacerate 43,P3_H2_25_Tub3,H2_25_Tub3,2026-03-16,W5-6,,2026-03-23,W5-6,H2,25,H2_25,Grady
P3_H2_25_Tub3_Lacerate 44,P3_H2_25_Tub3,H2_25_Tub3,2026-03-16,W5-6,,2026-03-23,W5-6,H2,25,H2_25,Grady
PX_H2_25_Tub3_Lacerate 45,PX_H2_25_Tub3,H2_25_Tub3,2026-03-16,W5-6,,2026-03-23,W5-6,H2,25,H2_25,Grady
PX_H2_25_Tub3_Lacerate 46,PX_H2_25_Tub3,H2_25_Tub3,2026-03-16,W5-6,,2026-03-23,W5-6,H2,25,H2_25,Grady
PX_H2_25_Tub3_Lacerate 47,PX_H2_25_Tub3,H2_25_Tub3,2026-03-16,W5-6,,2026-03-23,W5-6,H2,25,H2_25,Grady
P1_H2_25_Tub3_Lacerate 48,P1_H2_25_Tub3,H2_25_Tub3,2026-03-16,W5-6,,2026-03-23,W5-6,H2,25,H2_25,Grady
PX_H2_25_Tub3_Lacerate 49,PX_H2_25_Tub3,H2_25_Tub3,2026-03-16,W5-6,,2026-03-23,W5-6,H2,25,H2_25,Grady
PX_H2_25_Tub3_Lacerate 50,PX_H2_25_Tub3,H2_25_Tub3,2026-03-16,W5-6,,2026-03-23,W5-6,H2,25,H2_25,Grady
P2_VWA_25_Tub1_Lacerate 68,P2_VWA_25_Tub1,VWA_25_Tub1,2026-03-16,W5-6,,2026-03-23,W5-6,VWA,25,VWA_25,Grady
P2_VWA_25_Tub1_Lacerate 69,P2_VWA_25_Tub1,VWA_25_Tub1,2026-03-16,W5-6,,2026-03-23,W5-6,VWA,25,VWA_25,Grady
P2_VWA_25_Tub1_Lacerate 70,P2_VWA_25_Tub1,VWA_25_Tub1,2026-03-16,W5-6,,2026-03-23,W5-6,VWA,25,VWA_25,Grady
P2_VWA_25_Tub1_Lacerate 71,P2_VWA_25_Tub1,VWA_25_Tub1,2026-03-16,W5-6,,2026-03-23,W5-6,VWA,25,VWA_25,Grady
P1_VWA_25_Tub2_Lacerate 36,P1_VWA_25_Tub2,VWA_25_Tub2,2026-03-16,W5-6,,2026-03-23,W5-6,VWA,25,VWA_25,Grady
P1_VWA_25_Tub2_Lacerate 37,P1_VWA_25_Tub2,VWA_25_Tub2,2026-03-16,W5-6,,2026-03-23,W5-6,VWA,25,VWA_25,Grady
P1_VWA_25_Tub2_Lacerate 38,P1_VWA_25_Tub2,VWA_25_Tub2,2026-03-16,W5-6,,2026-03-23,W5-6,VWA,25,VWA_25,Grady
P1_VWA_25_Tub2_Lacerate 39,P1_VWA_25_Tub2,VWA_25_Tub2,2026-03-16,W5-6,,2026-03-23,W5-6,VWA,25,VWA_25,Grady
P2_VWA_25_Tub2_Lacerate 40,P2_VWA_25_Tub2,VWA_25_Tub2,2026-03-16,W5-6,,2026-03-23,W5-6,VWA,25,VWA_25,Grady
P2_VWA_25_Tub2_Lacerate 41,P2_VWA_25_Tub2,VWA_25_Tub2,2026-03-16,W5-6,,2026-03-23,W5-6,VWA,25,VWA_25,Grady
PX_VWA_25_Tub2_Lacerate 42,PX_VWA_25_Tub2,VWA_25_Tub2,2026-03-16,W5-6,,2026-03-23,W5-6,VWA,25,VWA_25,Grady
PX_VWA_25_Tub2_Lacerate 43,PX_VWA_25_Tub2,VWA_25_Tub2,2026-03-16,W5-6,,2026-03-23,W5-6,VWA,25,VWA_25,Grady
P1_VWA_25_Tub3_Lacerate 48,P1_VWA_25_Tub3,VWA_25_Tub3,2026-03-16,W5-6,,2026-03-23,W5-6,VWA,25,VWA_25,Grady
P1_VWA_25_Tub3_Lacerate 49,P1_VWA_25_Tub3,VWA_25_Tub3,2026-03-16,W5-6,,2026-03-23,W5-6,VWA,25,VWA_25,Grady
P1_VWA_25_Tub3_Lacerate 50,P1_VWA_25_Tub3,VWA_25_Tub3,2026-03-16,W5-6,,2026-03-23,W5-6,VWA,25,VWA_25,Grady
P2_VWA_25_Tub3_Lacerate 51,P2_VWA_25_Tub3,VWA_25_Tub3,2026-03-16,W5-6,,2026-03-23,W5-6,VWA,25,VWA_25,Grady
P2_VWA_25_Tub3_Lacerate 52,P2_VWA_25_Tub3,VWA_25_Tub3,2026-03-16,W5-6,,2026-03-23,W5-6,VWA,25,VWA_25,Grady
P2_VWA_25_Tub3_Lacerate 53,P2_VWA_25_Tub3,VWA_25_Tub3,2026-03-16,W5-6,,2026-03-23,W5-6,VWA,25,VWA_25,Grady
P3_VWA_25_Tub3_Lacerate 54,P3_VWA_25_Tub3,VWA_25_Tub3,2026-03-16,W5-6,,2026-03-23,W5-6,VWA,25,VWA_25,Grady
P3_VWA_25_Tub3_Lacerate 55,P3_VWA_25_Tub3,VWA_25_Tub3,2026-03-16,W5-6,,2026-03-23,W5-6,VWA,25,VWA_25,Grady
PX_H2_32_Tub1_Lacerate 56,PX_H2_32_Tub1,H2_32_Tub1,2026-03-16,W5-6,,2026-03-23,W5-6,H2,32,H2_32,Grady
P2_H2_32_Tub1_Lacerate 57,P2_H2_32_Tub1,H2_32_Tub1,2026-03-16,W5-6,,2026-03-23,W5-6,H2,32,H2_32,Grady
P2_H2_32_Tub1_Lacerate 58,P2_H2_32_Tub1,H2_32_Tub1,2026-03-16,W5-6,,2026-03-23,W5-6,H2,32,H2_32,Grady
P1_H2_32_Tub1_Lacerate 59,P1_H2_32_Tub1,H2_32_Tub1,2026-03-16,W5-6,,2026-03-23,W5-6,H2,32,H2_32,Grady
P1_H2_32_Tub1_Lacerate 60,P1_H2_32_Tub1,H2_32_Tub1,2026-03-16,W5-6,,2026-03-23,W5-6,H2,32,H2_32,Grady
P1_H2_32_Tub1_Lacerate 61,P1_H2_32_Tub1,H2_32_Tub1,2026-03-16,W5-6,,2026-03-23,W5-6,H2,32,H2_32,Grady
P1_H2_32_Tub1_Lacerate 62,P1_H2_32_Tub1,H2_32_Tub1,2026-03-16,W5-6,,2026-03-23,W5-6,H2,32,H2_32,Grady
P1_H2_32_Tub1_Lacerate 63,P1_H2_32_Tub1,H2_32_Tub1,2026-03-16,W5-6,,2026-03-23,W5-6,H2,32,H2_32,Grady
P3_H2_32_Tub2_Lacerate 75,P3_H2_32_Tub2,H2_32_Tub2,2026-03-16,W5-6,,2026-03-23,W5-6,H2,32,H2_32,Grady
P3_H2_32_Tub2_Lacerate 76,P3_H2_32_Tub2,H2_32_Tub2,2026-03-16,W5-6,,2026-03-23,W5-6,H2,32,H2_32,Grady
P2_H2_32_Tub2_Lacerate 77,P2_H2_32_Tub2,H2_32_Tub2,2026-03-16,W5-6,,2026-03-23,W5-6,H2,32,H2_32,Grady
P2_H2_32_Tub2_Lacerate 78,P2_H2_32_Tub2,H2_32_Tub2,2026-03-16,W5-6,,2026-03-23,W5-6,H2,32,H2_32,Grady
P2_H2_32_Tub2_Lacerate 79,P2_H2_32_Tub2,H2_32_Tub2,2026-03-16,W5-6,,2026-03-23,W5-6,H2,32,H2_32,Grady
P2_H2_32_Tub2_Lacerate 80,P2_H2_32_Tub2,H2_32_Tub2,2026-03-16,W5-6,,2026-03-23,W5-6,H2,32,H2_32,Grady
P2_H2_32_Tub2_Lacerate 81,P2_H2_32_Tub2,H2_32_Tub2,2026-03-16,W5-6,,2026-03-23,W5-6,H2,32,H2_32,Grady
P2_H2_32_Tub2_Lacerate 82,P2_H2_32_Tub2,H2_32_Tub2,2026-03-16,W5-6,,2026-03-23,W5-6,H2,32,H2_32,Grady
P1_H2_32_Tub3_Lacerate 55,P1_H2_32_Tub3,H2_32_Tub3,2026-03-16,W5-6,,2026-03-23,W5-6,H2,32,H2_32,Grady
P1_H2_32_Tub3_Lacerate 56,P1_H2_32_Tub3,H2_32_Tub3,2026-03-16,W5-6,,2026-03-23,W5-6,H2,32,H2_32,Grady
P2_VWA_32_Tub1_Lacerate 61,P2_VWA_32_Tub1,VWA_32_Tub1,2026-03-16,W5-6,,2026-03-23,W5-6,VWA,32,VWA_32,Grady
P2_VWA_32_Tub2_Lacerate 31,P2_VWA_32_Tub2,VWA_32_Tub2,2026-03-16,W5-6,,2026-03-23,W5-6,VWA,32,VWA_32,Grady
P2_VWA_32_Tub2_Lacerate 32,P2_VWA_32_Tub2,VWA_32_Tub2,2026-03-16,W5-6,,2026-03-23,W5-6,VWA,32,VWA_32,Grady
P3_VWA_32_Tub2_Lacerate 33,P3_VWA_32_Tub2,VWA_32_Tub2,2026-03-16,W5-6,,2026-03-23,W5-6,VWA,32,VWA_32,Grady
P3_VWA_32_Tub3_Lacerate 28,P3_VWA_32_Tub3,VWA_32_Tub3,2026-03-16,W5-6,,2026-03-23,W5-6,VWA,32,VWA_32,Grady
PX_H2_25_Tub2_Lacerate 50,PX_H2_25_Tub2,H2_25_Tub2,2026-03-18,W5-6,,2026-03-23,W5-6,H2,25,H2_25,Grady
PX_H2_25_Tub2_Lacerate 51,PX_H2_25_Tub2,H2_25_Tub2,2026-03-18,W5-6,,2026-03-23,W5-6,H2,25,H2_25,Grady
PX_H2_25_Tub2_Lacerate 52,PX_H2_25_Tub2,H2_25_Tub2,2026-03-18,W5-6,,2026-03-23,W5-6,H2,25,H2_25,Grady
P1_H2_25_Tub2_Lacerate 53,P1_H2_25_Tub2,H2_25_Tub2,2026-03-18,W5-6,,2026-03-23,W5-6,H2,25,H2_25,Grady
P1_H2_25_Tub3_Lacerate 51,P1_H2_25_Tub3,H2_25_Tub3,2026-03-18,W5-6,,2026-03-23,W5-6,H2,25,H2_25,Grady
PX_VWA_25_Tub1_Lacerate 72,PX_VWA_25_Tub1,VWA_25_Tub1,2026-03-18,W5-6,,2026-03-23,W5-6,VWA,25,VWA_25,Grady
PX_VWA_25_Tub1_Lacerate 73,PX_VWA_25_Tub1,VWA_25_Tub1,2026-03-18,W5-6,,2026-03-23,W5-6,VWA,25,VWA_25,Grady
P3_VWA_25_Tub1_Lacerate 74,P3_VWA_25_Tub1,VWA_25_Tub1,2026-03-18,W5-6,,2026-03-23,W5-6,VWA,25,VWA_25,Grady
P3_VWA_25_Tub1_Lacerate 75,P3_VWA_25_Tub1,VWA_25_Tub1,2026-03-18,W5-6,,2026-03-23,W5-6,VWA,25,VWA_25,Grady
PX_VWA_25_Tub1_Lacerate 76,PX_VWA_25_Tub1,VWA_25_Tub1,2026-03-18,W5-6,,2026-03-23,W5-6,VWA,25,VWA_25,Grady
PX_VWA_25_Tub1_Lacerate 77,PX_VWA_25_Tub1,VWA_25_Tub1,2026-03-18,W5-6,,2026-03-23,W5-6,VWA,25,VWA_25,Grady
PX_VWA_25_Tub2_Lacerate 44,PX_VWA_25_Tub2,VWA_25_Tub2,2026-03-18,W5-6,,2026-03-23,W5-6,VWA,25,VWA_25,Grady
PX_VWA_25_Tub2_Lacerate 45,PX_VWA_25_Tub2,VWA_25_Tub2,2026-03-18,W5-6,,2026-03-23,W5-6,VWA,25,VWA_25,Grady
P1_VWA_25_Tub2_Lacerate 46,P1_VWA_25_Tub2,VWA_25_Tub2,2026-03-18,W5-6,,2026-03-23,W5-6,VWA,25,VWA_25,Grady
P1_VWA_25_Tub2_Lacerate 47,P1_VWA_25_Tub2,VWA_25_Tub2,2026-03-18,W5-6,,2026-03-23,W5-6,VWA,25,VWA_25,Grady
P2_VWA_25_Tub3_Lacerate 56,P2_VWA_25_Tub3,VWA_25_Tub3,2026-03-18,W5-6,,2026-03-23,W5-6,VWA,25,VWA_25,Grady
P2_VWA_25_Tub3_Lacerate 57,P2_VWA_25_Tub3,VWA_25_Tub3,2026-03-18,W5-6,,2026-03-23,W5-6,VWA,25,VWA_25,Grady
P2_VWA_25_Tub3_Lacerate 58,P2_VWA_25_Tub3,VWA_25_Tub3,2026-03-18,W5-6,,2026-03-23,W5-6,VWA,25,VWA_25,Grady
P3_VWA_25_Tub3_Lacerate 59,P3_VWA_25_Tub3,VWA_25_Tub3,2026-03-18,W5-6,,2026-03-23,W5-6,VWA,25,VWA_25,Grady
P3_VWA_25_Tub3_Lacerate 60,P3_VWA_25_Tub3,VWA_25_Tub3,2026-03-18,W5-6,,2026-03-23,W5-6,VWA,25,VWA_25,Grady
P2_VWA_25_Tub3_Lacerate 61,P2_VWA_25_Tub3,VWA_25_Tub3,2026-03-18,W5-6,,2026-03-23,W5-6,VWA,25,VWA_25,Grady
PX_VWA_25_Tub3_Lacerate 62,PX_VWA_25_Tub3,VWA_25_Tub3,2026-03-18,W5-6,,2026-03-23,W5-6,VWA,25,VWA_25,Grady
P1_H2_32_Tub1_Lacerate 64,P1_H2_32_Tub1,H2_32_Tub1,2026-03-18,W5-6,,2026-03-23,W5-6,H2,32,H2_32,Grady
P1_H2_32_Tub1_Lacerate 65,P1_H2_32_Tub1,H2_32_Tub1,2026-03-18,W5-6,,2026-03-23,W5-6,H2,32,H2_32,Grady
P3_H2_32_Tub1_Lacerate 66,P3_H2_32_Tub1,H2_32_Tub1,2026-03-18,W5-6,,2026-03-23,W5-6,H2,32,H2_32,Grady
P3_H2_32_Tub1_Lacerate 67,P3_H2_32_Tub1,H2_32_Tub1,2026-03-18,W5-6,,2026-03-23,W5-6,H2,32,H2_32,Grady
P3_H2_32_Tub1_Lacerate 68,P3_H2_32_Tub1,H2_32_Tub1,2026-03-18,W5-6,,2026-03-23,W5-6,H2,32,H2_32,Grady
PX_H2_32_Tub1_Lacerate 69,PX_H2_32_Tub1,H2_32_Tub1,2026-03-18,W5-6,,2026-03-23,W5-6,H2,32,H2_32,Grady
PX_H2_32_Tub1_Lacerate 70,PX_H2_32_Tub1,H2_32_Tub1,2026-03-18,W5-6,,2026-03-23,W5-6,H2,32,H2_32,Grady
P3_H2_32_Tub2_Lacerate 83,P3_H2_32_Tub2,H2_32_Tub2,2026-03-18,W5-6,,2026-03-23,W5-6,H2,32,H2_32,Grady
P1_H2_32_Tub2_Lacerate 84,P1_H2_32_Tub2,H2_32_Tub2,2026-03-18,W5-6,,2026-03-23,W5-6,H2,32,H2_32,Grady
P3_H2_32_Tub3_Lacerate 57,P3_H2_32_Tub3,H2_32_Tub3,2026-03-18,W5-6,,2026-03-23,W5-6,H2,32,H2_32,Grady
P3_H2_32_Tub3_Lacerate 58,P3_H2_32_Tub3,H2_32_Tub3,2026-03-18,W5-6,,2026-03-23,W5-6,H2,32,H2_32,Grady
P3_H2_32_Tub3_Lacerate 59,P3_H2_32_Tub3,H2_32_Tub3,2026-03-18,W5-6,,2026-03-23,W5-6,H2,32,H2_32,Grady
P3_H2_32_Tub3_Lacerate 60,P3_H2_32_Tub3,H2_32_Tub3,2026-03-18,W5-6,,2026-03-23,W5-6,H2,32,H2_32,Grady
P3_VWA_32_Tub2_Lacerate 34,P3_VWA_32_Tub2,VWA_32_Tub2,2026-03-18,W5-6,,2026-03-23,W5-6,VWA,32,VWA_32,Grady
P3_VWA_32_Tub2_Lacerate 35,P3_VWA_32_Tub2,VWA_32_Tub2,2026-03-18,W5-6,,2026-03-23,W5-6,VWA,32,VWA_32,Grady
P1_VWA_32_Tub2_Lacerate 36,P1_VWA_32_Tub2,VWA_32_Tub2,2026-03-18,W5-6,,2026-03-23,W5-6,VWA,32,VWA_32,Grady
P1_VWA_32_Tub2_Lacerate 37,P1_VWA_32_Tub2,VWA_32_Tub2,2026-03-18,W5-6,,2026-03-23,W5-6,VWA,32,VWA_32,Grady
P1_VWA_32_Tub3_Lacerate 29,P1_VWA_32_Tub3,VWA_32_Tub3,2026-03-18,W5-6,,2026-03-23,W5-6,VWA,32,VWA_32,Grady
P1_VWA_32_Tub3_Lacerate 30,P1_VWA_32_Tub3,VWA_32_Tub3,2026-03-18,W5-6,,2026-03-23,W5-6,VWA,32,VWA_32,Grady
P2_VWA_32_Tub3_Lacerate 31,P2_VWA_32_Tub3,VWA_32_Tub3,2026-03-18,W5-6,,2026-03-23,W5-6,VWA,32,VWA_32,Grady
P2_VWA_32_Tub3_Lacerate 32,P2_VWA_32_Tub3,VWA_32_Tub3,2026-03-18,W5-6,,2026-03-23,W5-6,VWA,32,VWA_32,Grady
P2_VWA_32_Tub3_Lacerate 33,P2_VWA_32_Tub3,VWA_32_Tub3,2026-03-18,W5-6,,2026-03-23,W5-6,VWA,32,VWA_32,Grady
P2_VWA_32_Tub3_Lacerate 34,P2_VWA_32_Tub3,VWA_32_Tub3,2026-03-18,W5-6,,2026-03-23,W5-6,VWA,32,VWA_32,Grady
P2_VWA_32_Tub3_Lacerate 35,P2_VWA_32_Tub3,VWA_32_Tub3,2026-03-18,W5-6,,2026-03-23,W5-6,VWA,32,VWA_32,Grady
P3_VWA_32_Tub3_Lacerate 36,P3_VWA_32_Tub3,VWA_32_Tub3,2026-03-18,W5-6,,2026-03-23,W5-6,VWA,32,VWA_32,Grady
P3_VWA_32_Tub3_Lacerate 37,P3_VWA_32_Tub3,VWA_32_Tub3,2026-03-18,W5-6,,2026-03-23,W5-6,VWA,32,VWA_32,Grady
P3_VWA_32_Tub3_Lacerate 38,P3_VWA_32_Tub3,VWA_32_Tub3,2026-03-18,W5-6,,2026-03-23,W5-6,VWA,32,VWA_32,Grady
P3_VWA_32_Tub3_Lacerate 39,P3_VWA_32_Tub3,VWA_32_Tub3,2026-03-18,W5-6,,2026-03-23,W5-6,VWA,32,VWA_32,Grady
PX_H2_25_Tub1_Lacerate 81,PX_H2_25_Tub1,H2_25_Tub1,2026-03-20,W5-6,,2026-03-23,W5-6,H2,25,H2_25,Aiden
PX_H2_25_Tub1_Lacerate 82,PX_H2_25_Tub1,H2_25_Tub1,2026-03-20,W5-6,,2026-03-23,W5-6,H2,25,H2_25,Aiden
PX_H2_25_Tub1_Lacerate 83,PX_H2_25_Tub1,H2_25_Tub1,2026-03-20,W5-6,,2026-03-23,W5-6,H2,25,H2_25,Aiden
PX_H2_25_Tub1_Lacerate 84,PX_H2_25_Tub1,H2_25_Tub1,2026-03-20,W5-6,,2026-03-23,W5-6,H2,25,H2_25,Aiden
PX_H2_25_Tub2_Lacerate 54,PX_H2_25_Tub2,H2_25_Tub2,2026-03-20,W5-6,,2026-03-23,W5-6,H2,25,H2_25,Aiden
PX_H2_25_Tub2_Lacerate 55,PX_H2_25_Tub2,H2_25_Tub2,2026-03-20,W5-6,,2026-03-23,W5-6,H2,25,H2_25,Aiden
PX_H2_25_Tub2_Lacerate 56,PX_H2_25_Tub2,H2_25_Tub2,2026-03-20,W5-6,,2026-03-23,W5-6,H2,25,H2_25,Aiden
PX_H2_25_Tub2_Lacerate 57,PX_H2_25_Tub2,H2_25_Tub2,2026-03-20,W5-6,,2026-03-23,W5-6,H2,25,H2_25,Aiden
P1_H2_25_Tub2_Lacerate 58,P1_H2_25_Tub2,H2_25_Tub2,2026-03-20,W5-6,,2026-03-23,W5-6,H2,25,H2_25,Aiden
P1_H2_25_Tub3_Lacerate 52,P1_H2_25_Tub3,H2_25_Tub3,2026-03-20,W5-6,,2026-03-23,W5-6,H2,25,H2_25,Aiden
P1_H2_25_Tub3_Lacerate 53,P1_H2_25_Tub3,H2_25_Tub3,2026-03-20,W5-6,,2026-03-23,W5-6,H2,25,H2_25,Aiden
P1_VWA_25_Tub1_Lacerate 78,P1_VWA_25_Tub1,VWA_25_Tub1,2026-03-20,W5-6,,2026-03-23,W5-6,VWA,25,VWA_25,Aiden
P1_VWA_25_Tub1_Lacerate 79,P1_VWA_25_Tub1,VWA_25_Tub1,2026-03-20,W5-6,,2026-03-23,W5-6,VWA,25,VWA_25,Aiden
P1_VWA_25_Tub1_Lacerate 80,P1_VWA_25_Tub1,VWA_25_Tub1,2026-03-20,W5-6,,2026-03-23,W5-6,VWA,25,VWA_25,Aiden
P1_VWA_25_Tub1_Lacerate 81,P1_VWA_25_Tub1,VWA_25_Tub1,2026-03-20,W5-6,,2026-03-23,W5-6,VWA,25,VWA_25,Aiden
PX_VWA_25_Tub3_Lacerate 63,PX_VWA_25_Tub3,VWA_25_Tub3,2026-03-20,W5-6,,2026-03-23,W5-6,VWA,25,VWA_25,Aiden
PX_VWA_25_Tub3_Lacerate 64,PX_VWA_25_Tub3,VWA_25_Tub3,2026-03-20,W5-6,,2026-03-23,W5-6,VWA,25,VWA_25,Aiden
P3_H2_32_Tub1_Lacerate 71,P3_H2_32_Tub1,H2_32_Tub1,2026-03-20,W5-6,,2026-03-23,W5-6,H2,32,H2_32,Aiden
P3_H2_32_Tub1_Lacerate 72,P3_H2_32_Tub1,H2_32_Tub1,2026-03-20,W5-6,,2026-03-23,W5-6,H2,32,H2_32,Aiden
P2_H2_32_Tub3_Lacerate 61,P2_H2_32_Tub3,H2_32_Tub3,2026-03-20,W5-6,,2026-03-23,W5-6,H2,32,H2_32,Aiden
P2_H2_32_Tub3_Lacerate 62,P2_H2_32_Tub3,H2_32_Tub3,2026-03-20,W5-6,,2026-03-23,W5-6,H2,32,H2_32,Aiden
P2_VWA_32_Tub1_Lacerate 62,P2_VWA_32_Tub1,VWA_32_Tub1,2026-03-20,W5-6,,2026-03-23,W5-6,VWA,32,VWA_32,Aiden
P2_VWA_32_Tub1_Lacerate 63,P2_VWA_32_Tub1,VWA_32_Tub1,2026-03-20,W5-6,,2026-03-23,W5-6,VWA,32,VWA_32,Aiden
P3_VWA_32_Tub2_Lacerate 38,P3_VWA_32_Tub2,VWA_32_Tub2,2026-03-20,W5-6,,2026-03-23,W5-6,VWA,32,VWA_32,Aiden
P3_VWA_32_Tub2_Lacerate 39,P3_VWA_32_Tub2,VWA_32_Tub2,2026-03-20,W5-6,,2026-03-23,W5-6,VWA,32,VWA_32,Aiden
P3_VWA_32_Tub2_Lacerate 40,P3_VWA_32_Tub2,VWA_32_Tub2,2026-03-20,W5-6,,2026-03-23,W5-6,VWA,32,VWA_32,Aiden
P2_VWA_32_Tub3_Lacerate 40,P2_VWA_32_Tub3,VWA_32_Tub3,2026-03-20,W5-6,,2026-03-23,W5-6,VWA,32,VWA_32,Aiden
P2_VWA_32_Tub3_Lacerate 41,P2_VWA_32_Tub3,VWA_32_Tub3,2026-03-20,W5-6,,2026-03-23,W5-6,VWA,32,VWA_32,Aiden
P2_VWA_32_Tub3_Lacerate 42,P2_VWA_32_Tub3,VWA_32_Tub3,2026-03-20,W5-6,,2026-03-23,W5-6,VWA,32,VWA_32,Aiden
P2_VWA_32_Tub3_Lacerate 43,P2_VWA_32_Tub3,VWA_32_Tub3,2026-03-20,W5-6,,2026-03-23,W5-6,VWA,32,VWA_32,Aiden
P2_VWA_32_Tub3_Lacerate 44,P2_VWA_32_Tub3,VWA_32_Tub3,2026-03-20,W5-6,,2026-03-23,W5-6,VWA,32,VWA_32,Aiden
PX_H2_25_Tub1_Lacerate 85,PX_H2_25_Tub1,H2_25_Tub1,2026-03-23,W5-6,,2026-03-23,W5-6,H2,25,H2_25,Grady
PX_H2_25_Tub1_Lacerate 86,PX_H2_25_Tub1,H2_25_Tub1,2026-03-23,W5-6,,2026-03-23,W5-6,H2,25,H2_25,Grady
PX_H2_25_Tub1_Lacerate 87,PX_H2_25_Tub1,H2_25_Tub1,2026-03-23,W5-6,,2026-03-23,W5-6,H2,25,H2_25,Grady
PX_H2_25_Tub1_Lacerate 88,PX_H2_25_Tub1,H2_25_Tub1,2026-03-23,W5-6,,2026-03-23,W5-6,H2,25,H2_25,Grady
PX_H2_25_Tub1_Lacerate 89,PX_H2_25_Tub1,H2_25_Tub1,2026-03-23,W5-6,,2026-03-23,W5-6,H2,25,H2_25,Grady
PX_H2_25_Tub1_Lacerate 90,PX_H2_25_Tub1,H2_25_Tub1,2026-03-23,W5-6,,2026-03-23,W5-6,H2,25,H2_25,Grady
PX_H2_25_Tub1_Lacerate 91,PX_H2_25_Tub1,H2_25_Tub1,2026-03-23,W5-6,,2026-03-23,W5-6,H2,25,H2_25,Grady
PX_H2_25_Tub1_Lacerate 92,PX_H2_25_Tub1,H2_25_Tub1,2026-03-23,W5-6,,2026-03-23,W5-6,H2,25,H2_25,Grady
PX_H2_25_Tub1_Lacerate 93,PX_H2_25_Tub1,H2_25_Tub1,2026-03-23,W5-6,,2026-03-23,W5-6,H2,25,H2_25,Grady
PX_H2_25_Tub1_Lacerate 94,PX_H2_25_Tub1,H2_25_Tub1,2026-03-23,W5-6,,2026-03-23,W5-6,H2,25,H2_25,Grady
PX_H2_25_Tub1_Lacerate 95,PX_H2_25_Tub1,H2_25_Tub1,2026-03-23,W5-6,,2026-03-23,W5-6,H2,25,H2_25,Grady
PX_H2_25_Tub1_Lacerate 96,PX_H2_25_Tub1,H2_25_Tub1,2026-03-23,W5-6,,2026-03-23,W5-6,H2,25,H2_25,Grady
PX_H2_25_Tub1_Lacerate 97,PX_H2_25_Tub1,H2_25_Tub1,2026-03-23,W5-6,,2026-03-23,W5-6,H2,25,H2_25,Grady
PX_H2_25_Tub1_Lacerate 98,PX_H2_25_Tub1,H2_25_Tub1,2026-03-23,W5-6,,2026-03-23,W5-6,H2,25,H2_25,Grady
PX_H2_25_Tub1_Lacerate 99,PX_H2_25_Tub1,H2_25_Tub1,2026-03-23,W5-6,,2026-03-23,W5-6,H2,25,H2_25,Grady
PX_H2_25_Tub1_Lacerate 100,PX_H2_25_Tub1,H2_25_Tub1,2026-03-23,W5-6,,2026-03-23,W5-6,H2,25,H2_25,Grady
PX_H2_25_Tub1_Lacerate 101,PX_H2_25_Tub1,H2_25_Tub1,2026-03-23,W5-6,,2026-03-23,W5-6,H2,25,H2_25,Grady
PX_H2_25_Tub1_Lacerate 102,PX_H2_25_Tub1,H2_25_Tub1,2026-03-23,W5-6,,2026-03-23,W5-6,H2,25,H2_25,Grady
PX_H2_25_Tub1_Lacerate 103,PX_H2_25_Tub1,H2_25_Tub1,2026-03-23,W5-6,,2026-03-23,W5-6,H2,25,H2_25,Grady
PX_H2_25_Tub1_Lacerate 104,PX_H2_25_Tub1,H2_25_Tub1,2026-03-23,W5-6,,2026-03-23,W5-6,H2,25,H2_25,Grady
PX_H2_25_Tub1_Lacerate 105,PX_H2_25_Tub1,H2_25_Tub1,2026-03-23,W5-6,,2026-03-23,W5-6,H2,25,H2_25,Grady
PX_H2_25_Tub1_Lacerate 106,PX_H2_25_Tub1,H2_25_Tub1,2026-03-23,W5-6,,2026-03-23,W5-6,H2,25,H2_25,Grady
PX_H2_25_Tub1_Lacerate 107,PX_H2_25_Tub1,H2_25_Tub1,2026-03-23,W5-6,,2026-03-23,W5-6,H2,25,H2_25,Grady
PX_H2_25_Tub1_Lacerate 108,PX_H2_25_Tub1,H2_25_Tub1,2026-03-23,W5-6,,2026-03-23,W5-6,H2,25,H2_25,Grady
P1_H2_25_Tub2_Lacerate 59,P1_H2_25_Tub2,H2_25_Tub2,2026-03-23,W5-6,,2026-03-23,W5-6,H2,25,H2_25,Grady
P1_H2_25_Tub2_Lacerate 60,P1_H2_25_Tub2,H2_25_Tub2,2026-03-23,W5-6,,2026-03-23,W5-6,H2,25,H2_25,Grady
P1_H2_25_Tub2_Lacerate 61,P1_H2_25_Tub2,H2_25_Tub2,2026-03-23,W5-6,,2026-03-23,W5-6,H2,25,H2_25,Grady
P1_H2_25_Tub2_Lacerate 62,P1_H2_25_Tub2,H2_25_Tub2,2026-03-23,W5-6,,2026-03-23,W5-6,H2,25,H2_25,Grady
P1_H2_25_Tub2_Lacerate 63,P1_H2_25_Tub2,H2_25_Tub2,2026-03-23,W5-6,,2026-03-23,W5-6,H2,25,H2_25,Grady
P1_H2_25_Tub2_Lacerate 64,P1_H2_25_Tub2,H2_25_Tub2,2026-03-23,W5-6,,2026-03-23,W5-6,H2,25,H2_25,Grady
P1_H2_25_Tub2_Lacerate 65,P1_H2_25_Tub2,H2_25_Tub2,2026-03-23,W5-6,,2026-03-23,W5-6,H2,25,H2_25,Grady
P1_H2_25_Tub2_Lacerate 66,P1_H2_25_Tub2,H2_25_Tub2,2026-03-23,W5-6,,2026-03-23,W5-6,H2,25,H2_25,Grady
P1_H2_25_Tub2_Lacerate 67,P1_H2_25_Tub2,H2_25_Tub2,2026-03-23,W5-6,,2026-03-23,W5-6,H2,25,H2_25,Grady
P1_H2_25_Tub2_Lacerate 68,P1_H2_25_Tub2,H2_25_Tub2,2026-03-23,W5-6,,2026-03-23,W5-6,H2,25,H2_25,Grady
P1_H2_25_Tub2_Lacerate 69,P1_H2_25_Tub2,H2_25_Tub2,2026-03-23,W5-6,,2026-03-23,W5-6,H2,25,H2_25,Grady
P1_H2_25_Tub3_Lacerate 54,P1_H2_25_Tub3,H2_25_Tub3,2026-03-23,W5-6,,2026-03-23,W5-6,H2,25,H2_25,Grady
P1_H2_25_Tub3_Lacerate 55,P1_H2_25_Tub3,H2_25_Tub3,2026-03-23,W5-6,,2026-03-23,W5-6,H2,25,H2_25,Grady
P1_H2_25_Tub3_Lacerate 56,P1_H2_25_Tub3,H2_25_Tub3,2026-03-23,W5-6,,2026-03-23,W5-6,H2,25,H2_25,Grady
P1_H2_25_Tub3_Lacerate 57,P1_H2_25_Tub3,H2_25_Tub3,2026-03-23,W5-6,,2026-03-23,W5-6,H2,25,H2_25,Grady
P1_H2_25_Tub3_Lacerate 58,P1_H2_25_Tub3,H2_25_Tub3,2026-03-23,W5-6,,2026-03-23,W5-6,H2,25,H2_25,Grady
P1_H2_25_Tub3_Lacerate 59,P1_H2_25_Tub3,H2_25_Tub3,2026-03-23,W5-6,,2026-03-23,W5-6,H2,25,H2_25,Grady
P1_VWA_25_Tub1_Lacerate 82,P1_VWA_25_Tub1,VWA_25_Tub1,2026-03-23,W5-6,,2026-03-23,W5-6,VWA,25,VWA_25,Grady
P1_VWA_25_Tub1_Lacerate 83,P1_VWA_25_Tub1,VWA_25_Tub1,2026-03-23,W5-6,,2026-03-23,W5-6,VWA,25,VWA_25,Grady
P1_VWA_25_Tub1_Lacerate 84,P1_VWA_25_Tub1,VWA_25_Tub1,2026-03-23,W5-6,,2026-03-23,W5-6,VWA,25,VWA_25,Grady
P1_VWA_25_Tub1_Lacerate 85,P1_VWA_25_Tub1,VWA_25_Tub1,2026-03-23,W5-6,,2026-03-23,W5-6,VWA,25,VWA_25,Grady
P1_VWA_25_Tub1_Lacerate 86,P1_VWA_25_Tub1,VWA_25_Tub1,2026-03-23,W5-6,,2026-03-23,W5-6,VWA,25,VWA_25,Grady
P1_VWA_25_Tub1_Lacerate 87,P1_VWA_25_Tub1,VWA_25_Tub1,2026-03-23,W5-6,,2026-03-23,W5-6,VWA,25,VWA_25,Grady
P1_VWA_25_Tub1_Lacerate 88,P1_VWA_25_Tub1,VWA_25_Tub1,2026-03-23,W5-6,,2026-03-23,W5-6,VWA,25,VWA_25,Grady
P1_VWA_25_Tub1_Lacerate 89,P1_VWA_25_Tub1,VWA_25_Tub1,2026-03-23,W5-6,,2026-03-23,W5-6,VWA,25,VWA_25,Grady
P1_VWA_25_Tub1_Lacerate 90,P1_VWA_25_Tub1,VWA_25_Tub1,2026-03-23,W5-6,,2026-03-23,W5-6,VWA,25,VWA_25,Grady
P1_VWA_25_Tub1_Lacerate 91,P1_VWA_25_Tub1,VWA_25_Tub1,2026-03-23,W5-6,,2026-03-23,W5-6,VWA,25,VWA_25,Grady
P1_VWA_25_Tub2_Lacerate 48,P1_VWA_25_Tub2,VWA_25_Tub2,2026-03-23,W5-6,,2026-03-23,W5-6,VWA,25,VWA_25,Grady
P1_VWA_25_Tub2_Lacerate 49,P1_VWA_25_Tub2,VWA_25_Tub2,2026-03-23,W5-6,,2026-03-23,W5-6,VWA,25,VWA_25,Grady
P1_VWA_25_Tub2_Lacerate 50,P1_VWA_25_Tub2,VWA_25_Tub2,2026-03-23,W5-6,,2026-03-23,W5-6,VWA,25,VWA_25,Grady
P1_VWA_25_Tub2_Lacerate 51,P1_VWA_25_Tub2,VWA_25_Tub2,2026-03-23,W5-6,,2026-03-23,W5-6,VWA,25,VWA_25,Grady
PX_VWA_25_Tub3_Lacerate 65,PX_VWA_25_Tub3,VWA_25_Tub3,2026-03-23,W5-6,,2026-03-23,W5-6,VWA,25,VWA_25,Grady
PX_VWA_25_Tub3_Lacerate 66,PX_VWA_25_Tub3,VWA_25_Tub3,2026-03-23,W5-6,,2026-03-23,W5-6,VWA,25,VWA_25,Grady
PX_VWA_25_Tub3_Lacerate 67,PX_VWA_25_Tub3,VWA_25_Tub3,2026-03-23,W5-6,,2026-03-23,W5-6,VWA,25,VWA_25,Grady
PX_H2_32_Tub1_Lacerate 73,PX_H2_32_Tub1,H2_32_Tub1,2026-03-23,W5-6,,2026-03-23,W5-6,H2,32,H2_32,Grady
PX_H2_32_Tub1_Lacerate 74,PX_H2_32_Tub1,H2_32_Tub1,2026-03-23,W5-6,,2026-03-23,W5-6,H2,32,H2_32,Grady
PX_H2_32_Tub1_Lacerate 75,PX_H2_32_Tub1,H2_32_Tub1,2026-03-23,W5-6,,2026-03-23,W5-6,H2,32,H2_32,Grady
PX_H2_32_Tub1_Lacerate 76,PX_H2_32_Tub1,H2_32_Tub1,2026-03-23,W5-6,,2026-03-23,W5-6,H2,32,H2_32,Grady
PX_H2_32_Tub1_Lacerate 77,PX_H2_32_Tub1,H2_32_Tub1,2026-03-23,W5-6,,2026-03-23,W5-6,H2,32,H2_32,Grady
PX_H2_32_Tub1_Lacerate 78,PX_H2_32_Tub1,H2_32_Tub1,2026-03-23,W5-6,,2026-03-23,W5-6,H2,32,H2_32,Grady
PX_H2_32_Tub1_Lacerate 79,PX_H2_32_Tub1,H2_32_Tub1,2026-03-23,W5-6,,2026-03-23,W5-6,H2,32,H2_32,Grady
PX_H2_32_Tub1_Lacerate 80,PX_H2_32_Tub1,H2_32_Tub1,2026-03-23,W5-6,,2026-03-23,W5-6,H2,32,H2_32,Grady
PX_H2_32_Tub1_Lacerate 81,PX_H2_32_Tub1,H2_32_Tub1,2026-03-23,W5-6,,2026-03-23,W5-6,H2,32,H2_32,Grady
PX_H2_32_Tub1_Lacerate 82,PX_H2_32_Tub1,H2_32_Tub1,2026-03-23,W5-6,,2026-03-23,W5-6,H2,32,H2_32,Grady
PX_H2_32_Tub1_Lacerate 83,PX_H2_32_Tub1,H2_32_Tub1,2026-03-23,W5-6,,2026-03-23,W5-6,H2,32,H2_32,Grady
PX_H2_32_Tub1_Lacerate 84,PX_H2_32_Tub1,H2_32_Tub1,2026-03-23,W5-6,,2026-03-23,W5-6,H2,32,H2_32,Grady
PX_H2_32_Tub1_Lacerate 85,PX_H2_32_Tub1,H2_32_Tub1,2026-03-23,W5-6,,2026-03-23,W5-6,H2,32,H2_32,Grady
PX_H2_32_Tub1_Lacerate 86,PX_H2_32_Tub1,H2_32_Tub1,2026-03-23,W5-6,,2026-03-23,W5-6,H2,32,H2_32,Grady
PX_H2_32_Tub1_Lacerate 87,PX_H2_32_Tub1,H2_32_Tub1,2026-03-23,W5-6,,2026-03-23,W5-6,H2,32,H2_32,Grady
PX_H2_32_Tub2_Lacerate 85,PX_H2_32_Tub2,H2_32_Tub2,2026-03-23,W5-6,,2026-03-23,W5-6,H2,32,H2_32,Grady
PX_H2_32_Tub2_Lacerate 86,PX_H2_32_Tub2,H2_32_Tub2,2026-03-23,W5-6,,2026-03-23,W5-6,H2,32,H2_32,Grady
PX_H2_32_Tub2_Lacerate 87,PX_H2_32_Tub2,H2_32_Tub2,2026-03-23,W5-6,,2026-03-23,W5-6,H2,32,H2_32,Grady
P2_H2_32_Tub3_Lacerate 63,P2_H2_32_Tub3,H2_32_Tub3,2026-03-23,W5-6,,2026-03-23,W5-6,H2,32,H2_32,Grady
P2_H2_32_Tub3_Lacerate 64,P2_H2_32_Tub3,H2_32_Tub3,2026-03-23,W5-6,,2026-03-23,W5-6,H2,32,H2_32,Grady
P2_H2_32_Tub3_Lacerate 65,P2_H2_32_Tub3,H2_32_Tub3,2026-03-23,W5-6,,2026-03-23,W5-6,H2,32,H2_32,Grady
P2_H2_32_Tub3_Lacerate 66,P2_H2_32_Tub3,H2_32_Tub3,2026-03-23,W5-6,,2026-03-23,W5-6,H2,32,H2_32,Grady
P2_H2_32_Tub3_Lacerate 67,P2_H2_32_Tub3,H2_32_Tub3,2026-03-23,W5-6,,2026-03-23,W5-6,H2,32,H2_32,Grady
P2_H2_32_Tub3_Lacerate 68,P2_H2_32_Tub3,H2_32_Tub3,2026-03-23,W5-6,,2026-03-23,W5-6,H2,32,H2_32,Grady
P2_H2_32_Tub3_Lacerate 69,P2_H2_32_Tub3,H2_32_Tub3,2026-03-23,W5-6,,2026-03-23,W5-6,H2,32,H2_32,Grady
P2_H2_32_Tub3_Lacerate 70,P2_H2_32_Tub3,H2_32_Tub3,2026-03-23,W5-6,,2026-03-23,W5-6,H2,32,H2_32,Grady
P2_H2_32_Tub3_Lacerate 71,P2_H2_32_Tub3,H2_32_Tub3,2026-03-23,W5-6,,2026-03-23,W5-6,H2,32,H2_32,Grady
P2_H2_32_Tub3_Lacerate 72,P2_H2_32_Tub3,H2_32_Tub3,2026-03-23,W5-6,,2026-03-23,W5-6,H2,32,H2_32,Grady
P2_H2_32_Tub3_Lacerate 73,P2_H2_32_Tub3,H2_32_Tub3,2026-03-23,W5-6,,2026-03-23,W5-6,H2,32,H2_32,Grady
P2_H2_32_Tub3_Lacerate 74,P2_H2_32_Tub3,H2_32_Tub3,2026-03-23,W5-6,,2026-03-23,W5-6,H2,32,H2_32,Grady
P2_H2_32_Tub3_Lacerate 75,P2_H2_32_Tub3,H2_32_Tub3,2026-03-23,W5-6,,2026-03-23,W5-6,H2,32,H2_32,Grady
P2_H2_32_Tub3_Lacerate 76,P2_H2_32_Tub3,H2_32_Tub3,2026-03-23,W5-6,,2026-03-23,W5-6,H2,32,H2_32,Grady
P2_H2_32_Tub3_Lacerate 77,P2_H2_32_Tub3,H2_32_Tub3,2026-03-23,W5-6,,2026-03-23,W5-6,H2,32,H2_32,Grady
P2_H2_32_Tub3_Lacerate 78,P2_H2_32_Tub3,H2_32_Tub3,2026-03-23,W5-6,,2026-03-23,W5-6,H2,32,H2_32,Grady
P2_H2_32_Tub3_Lacerate 79,P2_H2_32_Tub3,H2_32_Tub3,2026-03-23,W5-6,,2026-03-23,W5-6,H2,32,H2_32,Grady
P2_H2_32_Tub3_Lacerate 80,P2_H2_32_Tub3,H2_32_Tub3,2026-03-23,W5-6,,2026-03-23,W5-6,H2,32,H2_32,Grady
PX_VWA_32_Tub1_Lacerate 64,PX_VWA_32_Tub1,VWA_32_Tub1,2026-03-23,W5-6,,2026-03-23,W5-6,VWA,32,VWA_32,Grady
PX_VWA_32_Tub1_Lacerate 65,PX_VWA_32_Tub1,VWA_32_Tub1,2026-03-23,W5-6,,2026-03-23,W5-6,VWA,32,VWA_32,Grady
PX_VWA_32_Tub1_Lacerate 66,PX_VWA_32_Tub1,VWA_32_Tub1,2026-03-23,W5-6,,2026-03-23,W5-6,VWA,32,VWA_32,Grady
PX_VWA_32_Tub1_Lacerate 67,PX_VWA_32_Tub1,VWA_32_Tub1,2026-03-23,W5-6,,2026-03-23,W5-6,VWA,32,VWA_32,Grady
PX_VWA_32_Tub1_Lacerate 68,PX_VWA_32_Tub1,VWA_32_Tub1,2026-03-23,W5-6,,2026-03-23,W5-6,VWA,32,VWA_32,Grady
PX_VWA_32_Tub1_Lacerate 69,PX_VWA_32_Tub1,VWA_32_Tub1,2026-03-23,W5-6,,2026-03-23,W5-6,VWA,32,VWA_32,Grady
PX_VWA_32_Tub1_Lacerate 70,PX_VWA_32_Tub1,VWA_32_Tub1,2026-03-23,W5-6,,2026-03-23,W5-6,VWA,32,VWA_32,Grady
PX_VWA_32_Tub1_Lacerate 71,PX_VWA_32_Tub1,VWA_32_Tub1,2026-03-23,W5-6,,2026-03-23,W5-6,VWA,32,VWA_32,Grady
PX_VWA_32_Tub1_Lacerate 72,PX_VWA_32_Tub1,VWA_32_Tub1,2026-03-23,W5-6,,2026-03-23,W5-6,VWA,32,VWA_32,Grady
PX_VWA_32_Tub1_Lacerate 73,PX_VWA_32_Tub1,VWA_32_Tub1,2026-03-23,W5-6,,2026-03-23,W5-6,VWA,32,VWA_32,Grady
PX_VWA_32_Tub1_Lacerate 74,PX_VWA_32_Tub1,VWA_32_Tub1,2026-03-23,W5-6,,2026-03-23,W5-6,VWA,32,VWA_32,Grady
P2_H2_25_Tub2_Lacerate 70,P2_H2_25_Tub2,H2_25_Tub2,2026-03-25,W7-8,,2026-04-06,W7-8,H2,25,H2_25,Grady
P1_H2_25_Tub2_Lacerate 71,P1_H2_25_Tub2,H2_25_Tub2,2026-03-25,W7-8,,2026-04-06,W7-8,H2,25,H2_25,Grady
P1_H2_25_Tub3_Lacerate 60,P1_H2_25_Tub3,H2_25_Tub3,2026-03-25,W7-8,,2026-04-06,W7-8,H2,25,H2_25,Grady
P1_H2_25_Tub3_Lacerate 61,P1_H2_25_Tub3,H2_25_Tub3,2026-03-25,W7-8,,2026-04-06,W7-8,H2,25,H2_25,Grady
P2_H2_25_Tub3_Lacerate 62,P2_H2_25_Tub3,H2_25_Tub3,2026-03-25,W7-8,,2026-04-06,W7-8,H2,25,H2_25,Grady
P1_VWA_25_Tub1_Lacerate 92,P1_VWA_25_Tub1,VWA_25_Tub1,2026-03-25,W7-8,,2026-04-06,W7-8,VWA,25,VWA_25,Grady
P3_VWA_25_Tub2_Lacerate 52,P3_VWA_25_Tub2,VWA_25_Tub2,2026-03-25,W7-8,,2026-04-06,W7-8,VWA,25,VWA_25,Grady
P2_VWA_25_Tub2_Lacerate 53,P2_VWA_25_Tub2,VWA_25_Tub2,2026-03-25,W7-8,,2026-04-06,W7-8,VWA,25,VWA_25,Grady
PX_VWA_25_Tub3_Lacerate 68,PX_VWA_25_Tub3,VWA_25_Tub3,2026-03-25,W7-8,,2026-04-06,W7-8,VWA,25,VWA_25,Grady
P2_H2_32_Tub2_Lacerate 88,P2_H2_32_Tub2,H2_32_Tub2,2026-03-25,W7-8,,2026-04-06,W7-8,H2,32,H2_32,Grady
P2_H2_32_Tub2_Lacerate 89,P2_H2_32_Tub2,H2_32_Tub2,2026-03-25,W7-8,,2026-04-06,W7-8,H2,32,H2_32,Grady
P2_H2_32_Tub2_Lacerate 90,P2_H2_32_Tub2,H2_32_Tub2,2026-03-25,W7-8,,2026-04-06,W7-8,H2,32,H2_32,Grady
P2_H2_32_Tub2_Lacerate 91,P2_H2_32_Tub2,H2_32_Tub2,2026-03-25,W7-8,,2026-04-06,W7-8,H2,32,H2_32,Grady
P2_H2_32_Tub2_Lacerate 92,P2_H2_32_Tub2,H2_32_Tub2,2026-03-25,W7-8,,2026-04-06,W7-8,H2,32,H2_32,Grady
P1_H2_32_Tub3_Lacerate 81,P1_H2_32_Tub3,H2_32_Tub3,2026-03-25,W7-8,,2026-04-06,W7-8,H2,32,H2_32,Grady
P1_H2_32_Tub3_Lacerate 82,P1_H2_32_Tub3,H2_32_Tub3,2026-03-25,W7-8,,2026-04-06,W7-8,H2,32,H2_32,Grady
P3_H2_32_Tub3_Lacerate 83,P3_H2_32_Tub3,H2_32_Tub3,2026-03-25,W7-8,,2026-04-06,W7-8,H2,32,H2_32,Grady
P3_H2_32_Tub3_Lacerate 84,P3_H2_32_Tub3,H2_32_Tub3,2026-03-25,W7-8,,2026-04-06,W7-8,H2,32,H2_32,Grady
P3_H2_32_Tub3_Lacerate 85,P3_H2_32_Tub3,H2_32_Tub3,2026-03-25,W7-8,,2026-04-06,W7-8,H2,32,H2_32,Grady
P3_H2_32_Tub3_Lacerate 86,P3_H2_32_Tub3,H2_32_Tub3,2026-03-25,W7-8,,2026-04-06,W7-8,H2,32,H2_32,Grady
P3_VWA_32_Tub1_Lacerate 75,P3_VWA_32_Tub1,VWA_32_Tub1,2026-03-25,W7-8,,2026-04-06,W7-8,VWA,32,VWA_32,Grady
P3_VWA_32_Tub1_Lacerate 76,P3_VWA_32_Tub1,VWA_32_Tub1,2026-03-25,W7-8,,2026-04-06,W7-8,VWA,32,VWA_32,Grady
P3_VWA_32_Tub1_Lacerate 77,P3_VWA_32_Tub1,VWA_32_Tub1,2026-03-25,W7-8,,2026-04-06,W7-8,VWA,32,VWA_32,Grady
P1_VWA_32_Tub1_Lacerate 78,P1_VWA_32_Tub1,VWA_32_Tub1,2026-03-25,W7-8,,2026-04-06,W7-8,VWA,32,VWA_32,Grady
P3_VWA_32_Tub1_Lacerate 79,P3_VWA_32_Tub1,VWA_32_Tub1,2026-03-25,W7-8,,2026-04-06,W7-8,VWA,32,VWA_32,Grady
P2_VWA_32_Tub1_Lacerate 80,P2_VWA_32_Tub1,VWA_32_Tub1,2026-03-25,W7-8,,2026-04-06,W7-8,VWA,32,VWA_32,Grady
P2_VWA_32_Tub1_Lacerate 81,P2_VWA_32_Tub1,VWA_32_Tub1,2026-03-25,W7-8,,2026-04-06,W7-8,VWA,32,VWA_32,Grady
P2_VWA_32_Tub2_Lacerate 41,P2_VWA_32_Tub2,VWA_32_Tub2,2026-03-25,W7-8,,2026-04-06,W7-8,VWA,32,VWA_32,Grady
P2_VWA_32_Tub2_Lacerate 42,P2_VWA_32_Tub2,VWA_32_Tub2,2026-03-25,W7-8,,2026-04-06,W7-8,VWA,32,VWA_32,Grady
P2_VWA_32_Tub2_Lacerate 43,P2_VWA_32_Tub2,VWA_32_Tub2,2026-03-25,W7-8,,2026-04-06,W7-8,VWA,32,VWA_32,Grady
P1_VWA_32_Tub2_Lacerate 44,P1_VWA_32_Tub2,VWA_32_Tub2,2026-03-25,W7-8,,2026-04-06,W7-8,VWA,32,VWA_32,Grady
P1_VWA_32_Tub2_Lacerate 45,P1_VWA_32_Tub2,VWA_32_Tub2,2026-03-25,W7-8,,2026-04-06,W7-8,VWA,32,VWA_32,Grady
P1_VWA_32_Tub3_Lacerate 45,P1_VWA_32_Tub3,VWA_32_Tub3,2026-03-25,W7-8,,2026-04-06,W7-8,VWA,32,VWA_32,Grady
P1_H2_25_Tub1_Lacerate 109,P1_H2_25_Tub1,H2_25_Tub1,2026-03-27,W7-8,,2026-04-06,W7-8,H2,25,H2_25,Aiden
P1_H2_25_Tub1_Lacerate 110,P1_H2_25_Tub1,H2_25_Tub1,2026-03-27,W7-8,,2026-04-06,W7-8,H2,25,H2_25,Aiden
P1_H2_25_Tub1_Lacerate 111,P1_H2_25_Tub1,H2_25_Tub1,2026-03-27,W7-8,,2026-04-06,W7-8,H2,25,H2_25,Aiden
P1_H2_25_Tub1_Lacerate 112,P1_H2_25_Tub1,H2_25_Tub1,2026-03-27,W7-8,,2026-04-06,W7-8,H2,25,H2_25,Aiden
P3_H2_25_Tub1_Lacerate 113,P3_H2_25_Tub1,H2_25_Tub1,2026-03-27,W7-8,,2026-04-06,W7-8,H2,25,H2_25,Aiden
P3_H2_25_Tub1_Lacerate 114,P3_H2_25_Tub1,H2_25_Tub1,2026-03-27,W7-8,,2026-04-06,W7-8,H2,25,H2_25,Aiden
P2_H2_25_Tub1_Lacerate 115,P2_H2_25_Tub1,H2_25_Tub1,2026-03-27,W7-8,,2026-04-06,W7-8,H2,25,H2_25,Aiden
P2_H2_25_Tub1_Lacerate 116,P2_H2_25_Tub1,H2_25_Tub1,2026-03-27,W7-8,,2026-04-06,W7-8,H2,25,H2_25,Aiden
P2_H2_25_Tub1_Lacerate 117,P2_H2_25_Tub1,H2_25_Tub1,2026-03-27,W7-8,,2026-04-06,W7-8,H2,25,H2_25,Aiden
P2_H2_25_Tub1_Lacerate 118,P2_H2_25_Tub1,H2_25_Tub1,2026-03-27,W7-8,,2026-04-06,W7-8,H2,25,H2_25,Aiden
P1_H2_25_Tub2_Lacerate 72,P1_H2_25_Tub2,H2_25_Tub2,2026-03-27,W7-8,,2026-04-06,W7-8,H2,25,H2_25,Aiden
P3_H2_25_Tub2_Lacerate 73,P3_H2_25_Tub2,H2_25_Tub2,2026-03-27,W7-8,,2026-04-06,W7-8,H2,25,H2_25,Aiden
P3_H2_25_Tub2_Lacerate 74,P3_H2_25_Tub2,H2_25_Tub2,2026-03-27,W7-8,,2026-04-06,W7-8,H2,25,H2_25,Aiden
P3_H2_25_Tub2_Lacerate 75,P3_H2_25_Tub2,H2_25_Tub2,2026-03-27,W7-8,,2026-04-06,W7-8,H2,25,H2_25,Aiden
P2_H2_25_Tub3_Lacerate 63,P2_H2_25_Tub3,H2_25_Tub3,2026-03-27,W7-8,,2026-04-06,W7-8,H2,25,H2_25,Aiden
P2_H2_25_Tub3_Lacerate 64,P2_H2_25_Tub3,H2_25_Tub3,2026-03-27,W7-8,,2026-04-06,W7-8,H2,25,H2_25,Aiden
P3_H2_25_Tub3_Lacerate 65,P3_H2_25_Tub3,H2_25_Tub3,2026-03-27,W7-8,,2026-04-06,W7-8,H2,25,H2_25,Aiden
PX_VWA_25_Tub1_Lacerate 93,PX_VWA_25_Tub1,VWA_25_Tub1,2026-03-27,W7-8,,2026-04-06,W7-8,VWA,25,VWA_25,Aiden
P3_VWA_25_Tub1_Lacerate 94,P3_VWA_25_Tub1,VWA_25_Tub1,2026-03-27,W7-8,,2026-04-06,W7-8,VWA,25,VWA_25,Aiden
P1_VWA_25_Tub1_Lacerate 95,P1_VWA_25_Tub1,VWA_25_Tub1,2026-03-27,W7-8,,2026-04-06,W7-8,VWA,25,VWA_25,Aiden
PX_VWA_25_Tub1_Lacerate 96,PX_VWA_25_Tub1,VWA_25_Tub1,2026-03-27,W7-8,,2026-04-06,W7-8,VWA,25,VWA_25,Aiden
P2_VWA_25_Tub1_Lacerate 97,P2_VWA_25_Tub1,VWA_25_Tub1,2026-03-27,W7-8,,2026-04-06,W7-8,VWA,25,VWA_25,Aiden
P2_VWA_25_Tub1_Lacerate 98,P2_VWA_25_Tub1,VWA_25_Tub1,2026-03-27,W7-8,,2026-04-06,W7-8,VWA,25,VWA_25,Aiden
P1_VWA_25_Tub2_Lacerate 54,P1_VWA_25_Tub2,VWA_25_Tub2,2026-03-27,W7-8,,2026-04-06,W7-8,VWA,25,VWA_25,Aiden
PX_VWA_25_Tub2_Lacerate 55,PX_VWA_25_Tub2,VWA_25_Tub2,2026-03-27,W7-8,,2026-04-06,W7-8,VWA,25,VWA_25,Aiden
PX_H2_32_Tub1_Lacerate 89,PX_H2_32_Tub1,H2_32_Tub1,2026-03-27,W7-8,,2026-04-06,W7-8,H2,32,H2_32,Aiden
P3_H2_32_Tub2_Lacerate 93,P3_H2_32_Tub2,H2_32_Tub2,2026-03-27,W7-8,,2026-04-06,W7-8,H2,32,H2_32,Aiden
P3_H2_32_Tub2_Lacerate 94,P3_H2_32_Tub2,H2_32_Tub2,2026-03-27,W7-8,,2026-04-06,W7-8,H2,32,H2_32,Aiden
P3_H2_32_Tub2_Lacerate 95,P3_H2_32_Tub2,H2_32_Tub2,2026-03-27,W7-8,,2026-04-06,W7-8,H2,32,H2_32,Aiden
P3_H2_32_Tub2_Lacerate 96,P3_H2_32_Tub2,H2_32_Tub2,2026-03-27,W7-8,,2026-04-06,W7-8,H2,32,H2_32,Aiden
P1_H2_32_Tub3_Lacerate 87,P1_H2_32_Tub3,H2_32_Tub3,2026-03-27,W7-8,,2026-04-06,W7-8,H2,32,H2_32,Aiden
P2_H2_32_Tub3_Lacerate 88,P2_H2_32_Tub3,H2_32_Tub3,2026-03-27,W7-8,,2026-04-06,W7-8,H2,32,H2_32,Aiden
P3_H2_32_Tub3_Lacerate 89,P3_H2_32_Tub3,H2_32_Tub3,2026-03-27,W7-8,,2026-04-06,W7-8,H2,32,H2_32,Aiden
P3_H2_32_Tub3_Lacerate 90,P3_H2_32_Tub3,H2_32_Tub3,2026-03-27,W7-8,,2026-04-06,W7-8,H2,32,H2_32,Aiden
P3_H2_32_Tub3_Lacerate 91,P3_H2_32_Tub3,H2_32_Tub3,2026-03-27,W7-8,,2026-04-06,W7-8,H2,32,H2_32,Aiden
P2_VWA_32_Tub1_Lacerate 82,P2_VWA_32_Tub1,VWA_32_Tub1,2026-03-27,W7-8,,2026-04-06,W7-8,VWA,32,VWA_32,Aiden
P2_VWA_32_Tub1_Lacerate 83,P2_VWA_32_Tub1,VWA_32_Tub1,2026-03-27,W7-8,,2026-04-06,W7-8,VWA,32,VWA_32,Aiden
P2_VWA_32_Tub1_Lacerate 84,P2_VWA_32_Tub1,VWA_32_Tub1,2026-03-27,W7-8,,2026-04-06,W7-8,VWA,32,VWA_32,Aiden
P2_VWA_32_Tub1_Lacerate 85,P2_VWA_32_Tub1,VWA_32_Tub1,2026-03-27,W7-8,,2026-04-06,W7-8,VWA,32,VWA_32,Aiden
P2_VWA_32_Tub1_Lacerate 86,P2_VWA_32_Tub1,VWA_32_Tub1,2026-03-27,W7-8,,2026-04-06,W7-8,VWA,32,VWA_32,Aiden
P1_VWA_32_Tub2_Lacerate 46,P1_VWA_32_Tub2,VWA_32_Tub2,2026-03-27,W7-8,,2026-04-06,W7-8,VWA,32,VWA_32,Aiden
P1_VWA_32_Tub2_Lacerate 47,P1_VWA_32_Tub2,VWA_32_Tub2,2026-03-27,W7-8,,2026-04-06,W7-8,VWA,32,VWA_32,Aiden
P3_VWA_32_Tub2_Lacerate 48,P3_VWA_32_Tub2,VWA_32_Tub2,2026-03-27,W7-8,,2026-04-06,W7-8,VWA,32,VWA_32,Aiden
PX_H2_25_Tub1_Lacerate 119,PX_H2_25_Tub1,H2_25_Tub1,2026-03-30,W7-8,,2026-04-06,W7-8,H2,25,H2_25,Grady
PX_H2_25_Tub1_Lacerate 120,PX_H2_25_Tub1,H2_25_Tub1,2026-03-30,W7-8,,2026-04-06,W7-8,H2,25,H2_25,Grady
PX_H2_25_Tub1_Lacerate 121,PX_H2_25_Tub1,H2_25_Tub1,2026-03-30,W7-8,,2026-04-06,W7-8,H2,25,H2_25,Grady
PX_H2_25_Tub1_Lacerate 122,PX_H2_25_Tub1,H2_25_Tub1,2026-03-30,W7-8,,2026-04-06,W7-8,H2,25,H2_25,Grady
PX_H2_25_Tub1_Lacerate 123,PX_H2_25_Tub1,H2_25_Tub1,2026-03-30,W7-8,,2026-04-06,W7-8,H2,25,H2_25,Grady
PX_H2_25_Tub1_Lacerate 124,PX_H2_25_Tub1,H2_25_Tub1,2026-03-30,W7-8,,2026-04-06,W7-8,H2,25,H2_25,Grady
PX_H2_25_Tub1_Lacerate 125,PX_H2_25_Tub1,H2_25_Tub1,2026-03-30,W7-8,,2026-04-06,W7-8,H2,25,H2_25,Grady
P3_H2_25_Tub1_Lacerate 126,P3_H2_25_Tub1,H2_25_Tub1,2026-03-30,W7-8,,2026-04-06,W7-8,H2,25,H2_25,Grady
P3_H2_25_Tub1_Lacerate 127,P3_H2_25_Tub1,H2_25_Tub1,2026-03-30,W7-8,,2026-04-06,W7-8,H2,25,H2_25,Grady
P3_H2_25_Tub1_Lacerate 128,P3_H2_25_Tub1,H2_25_Tub1,2026-03-30,W7-8,,2026-04-06,W7-8,H2,25,H2_25,Grady
P3_H2_25_Tub1_Lacerate 129,P3_H2_25_Tub1,H2_25_Tub1,2026-03-30,W7-8,,2026-04-06,W7-8,H2,25,H2_25,Grady
PX_H2_25_Tub1_Lacerate 130,PX_H2_25_Tub1,H2_25_Tub1,2026-03-30,W7-8,,2026-04-06,W7-8,H2,25,H2_25,Grady
PX_H2_25_Tub1_Lacerate 131,PX_H2_25_Tub1,H2_25_Tub1,2026-03-30,W7-8,,2026-04-06,W7-8,H2,25,H2_25,Grady
PX_H2_25_Tub1_Lacerate 132,PX_H2_25_Tub1,H2_25_Tub1,2026-03-30,W7-8,,2026-04-06,W7-8,H2,25,H2_25,Grady
PX_H2_25_Tub1_Lacerate 133,PX_H2_25_Tub1,H2_25_Tub1,2026-03-30,W7-8,,2026-04-06,W7-8,H2,25,H2_25,Grady
PX_H2_25_Tub2_Lacerate 76,PX_H2_25_Tub2,H2_25_Tub2,2026-03-30,W7-8,,2026-04-06,W7-8,H2,25,H2_25,Grady
PX_H2_25_Tub2_Lacerate 77,PX_H2_25_Tub2,H2_25_Tub2,2026-03-30,W7-8,,2026-04-06,W7-8,H2,25,H2_25,Grady
PX_H2_25_Tub2_Lacerate 78,PX_H2_25_Tub2,H2_25_Tub2,2026-03-30,W7-8,,2026-04-06,W7-8,H2,25,H2_25,Grady
PX_H2_25_Tub2_Lacerate 79,PX_H2_25_Tub2,H2_25_Tub2,2026-03-30,W7-8,,2026-04-06,W7-8,H2,25,H2_25,Grady
PX_H2_25_Tub2_Lacerate 80,PX_H2_25_Tub2,H2_25_Tub2,2026-03-30,W7-8,,2026-04-06,W7-8,H2,25,H2_25,Grady
PX_H2_25_Tub2_Lacerate 81,PX_H2_25_Tub2,H2_25_Tub2,2026-03-30,W7-8,,2026-04-06,W7-8,H2,25,H2_25,Grady
P3_H2_25_Tub2_Lacerate 82,P3_H2_25_Tub2,H2_25_Tub2,2026-03-30,W7-8,,2026-04-06,W7-8,H2,25,H2_25,Grady
P3_H2_25_Tub3_Lacerate 66,P3_H2_25_Tub3,H2_25_Tub3,2026-03-30,W7-8,,2026-04-06,W7-8,H2,25,H2_25,Grady
P3_H2_25_Tub3_Lacerate 67,P3_H2_25_Tub3,H2_25_Tub3,2026-03-30,W7-8,,2026-04-06,W7-8,H2,25,H2_25,Grady
P3_H2_25_Tub3_Lacerate 68,P3_H2_25_Tub3,H2_25_Tub3,2026-03-30,W7-8,,2026-04-06,W7-8,H2,25,H2_25,Grady
PX_H2_25_Tub3_Lacerate 69,PX_H2_25_Tub3,H2_25_Tub3,2026-03-30,W7-8,,2026-04-06,W7-8,H2,25,H2_25,Grady
PX_H2_25_Tub3_Lacerate 70,PX_H2_25_Tub3,H2_25_Tub3,2026-03-30,W7-8,,2026-04-06,W7-8,H2,25,H2_25,Grady
PX_H2_25_Tub3_Lacerate 71,PX_H2_25_Tub3,H2_25_Tub3,2026-03-30,W7-8,,2026-04-06,W7-8,H2,25,H2_25,Grady
PX_H2_25_Tub3_Lacerate 72,PX_H2_25_Tub3,H2_25_Tub3,2026-03-30,W7-8,,2026-04-06,W7-8,H2,25,H2_25,Grady
PX_H2_25_Tub3_Lacerate 73,PX_H2_25_Tub3,H2_25_Tub3,2026-03-30,W7-8,,2026-04-06,W7-8,H2,25,H2_25,Grady
PX_H2_25_Tub3_Lacerate 74,PX_H2_25_Tub3,H2_25_Tub3,2026-03-30,W7-8,,2026-04-06,W7-8,H2,25,H2_25,Grady
PX_H2_25_Tub3_Lacerate 75,PX_H2_25_Tub3,H2_25_Tub3,2026-03-30,W7-8,,2026-04-06,W7-8,H2,25,H2_25,Grady
PX_H2_25_Tub3_Lacerate 76,PX_H2_25_Tub3,H2_25_Tub3,2026-03-30,W7-8,,2026-04-06,W7-8,H2,25,H2_25,Grady
PX_H2_25_Tub3_Lacerate 77,PX_H2_25_Tub3,H2_25_Tub3,2026-03-30,W7-8,,2026-04-06,W7-8,H2,25,H2_25,Grady
PX_H2_25_Tub3_Lacerate 78,PX_H2_25_Tub3,H2_25_Tub3,2026-03-30,W7-8,,2026-04-06,W7-8,H2,25,H2_25,Grady
PX_H2_25_Tub3_Lacerate 79,PX_H2_25_Tub3,H2_25_Tub3,2026-03-30,W7-8,,2026-04-06,W7-8,H2,25,H2_25,Grady
PX_H2_25_Tub3_Lacerate 80,PX_H2_25_Tub3,H2_25_Tub3,2026-03-30,W7-8,,2026-04-06,W7-8,H2,25,H2_25,Grady
PX_H2_25_Tub3_Lacerate 81,PX_H2_25_Tub3,H2_25_Tub3,2026-03-30,W7-8,,2026-04-06,W7-8,H2,25,H2_25,Grady
P2_H2_25_Tub3_Lacerate 82,P2_H2_25_Tub3,H2_25_Tub3,2026-03-30,W7-8,,2026-04-06,W7-8,H2,25,H2_25,Grady
P2_H2_25_Tub3_Lacerate 83,P2_H2_25_Tub3,H2_25_Tub3,2026-03-30,W7-8,,2026-04-06,W7-8,H2,25,H2_25,Grady
P1_H2_25_Tub3_Lacerate 84,P1_H2_25_Tub3,H2_25_Tub3,2026-03-30,W7-8,,2026-04-06,W7-8,H2,25,H2_25,Grady
DUPLICATE_REMOVED,DUPLICATE_REMOVED,DUPLICATE_REMOVED,DUPLICATE_REMOVED,DUPLICATE_REMOVED,DUPLICATE_REMOVED,DUPLICATE_REMOVED,DUPLICATE_REMOVED,DUPLICATE_REMOVED,DUPLICATE_REMOVED,DUPLICATE_REMOVED,DUPLICATE_REMOVED
DUPLICATE_REMOVED,DUPLICATE_REMOVED,DUPLICATE_REMOVED,DUPLICATE_REMOVED,DUPLICATE_REMOVED,DUPLICATE_REMOVED,DUPLICATE_REMOVED,DUPLICATE_REMOVED,DUPLICATE_REMOVED,DUPLICATE_REMOVED,DUPLICATE_REMOVED,DUPLICATE_REMOVED
DUPLICATE_REMOVED,DUPLICATE_REMOVED,DUPLICATE_REMOVED,DUPLICATE_REMOVED,DUPLICATE_REMOVED,DUPLICATE_REMOVED,DUPLICATE_REMOVED,DUPLICATE_REMOVED,DUPLICATE_REMOVED,DUPLICATE_REMOVED,DUPLICATE_REMOVED,DUPLICATE_REMOVED
DUPLICATE_REMOVED,DUPLICATE_REMOVED,DUPLICATE_REMOVED,DUPLICATE_REMOVED,DUPLICATE_REMOVED,DUPLICATE_REMOVED,DUPLICATE_REMOVED,DUPLICATE_REMOVED,DUPLICATE_REMOVED,DUPLICATE_REMOVED,DUPLICATE_REMOVED,DUPLICATE_REMOVED
DUPLICATE_REMOVED,DUPLICATE_REMOVED,DUPLICATE_REMOVED,DUPLICATE_REMOVED,DUPLICATE_REMOVED,DUPLICATE_REMOVED,DUPLICATE_REMOVED,DUPLICATE_REMOVED,DUPLICATE_REMOVED,DUPLICATE_REMOVED,DUPLICATE_REMOVED,DUPLICATE_REMOVED
DUPLICATE_REMOVED,DUPLICATE_REMOVED,DUPLICATE_REMOVED,DUPLICATE_REMOVED,DUPLICATE_REMOVED,DUPLICATE_REMOVED,DUPLICATE_REMOVED,DUPLICATE_REMOVED,DUPLICATE_REMOVED,DUPLICATE_REMOVED,DUPLICATE_REMOVED,DUPLICATE_REMOVED
DUPLICATE_REMOVED,DUPLICATE_REMOVED,DUPLICATE_REMOVED,DUPLICATE_REMOVED,DUPLICATE_REMOVED,DUPLICATE_REMOVED,DUPLICATE_REMOVED,DUPLICATE_REMOVED,DUPLICATE_REMOVED,DUPLICATE_REMOVED,DUPLICATE_REMOVED,DUPLICATE_REMOVED
PX_VWA_25_Tub1_Lacerate 99,PX_VWA_25_Tub1,VWA_25_Tub1,2026-03-30,W7-8,,2026-04-06,W7-8,VWA,25,VWA_25,Grady
PX_VWA_25_Tub1_Lacerate 100,PX_VWA_25_Tub1,VWA_25_Tub1,2026-03-30,W7-8,,2026-04-06,W7-8,VWA,25,VWA_25,Grady
PX_VWA_25_Tub1_Lacerate 101,PX_VWA_25_Tub1,VWA_25_Tub1,2026-03-30,W7-8,,2026-04-06,W7-8,VWA,25,VWA_25,Grady
PX_VWA_25_Tub1_Lacerate 102,PX_VWA_25_Tub1,VWA_25_Tub1,2026-03-30,W7-8,,2026-04-06,W7-8,VWA,25,VWA_25,Grady
PX_VWA_25_Tub1_Lacerate 103,PX_VWA_25_Tub1,VWA_25_Tub1,2026-03-30,W7-8,,2026-04-06,W7-8,VWA,25,VWA_25,Grady
PX_VWA_25_Tub1_Lacerate 104,PX_VWA_25_Tub1,VWA_25_Tub1,2026-03-30,W7-8,,2026-04-06,W7-8,VWA,25,VWA_25,Grady
PX_VWA_25_Tub1_Lacerate 105,PX_VWA_25_Tub1,VWA_25_Tub1,2026-03-30,W7-8,,2026-04-06,W7-8,VWA,25,VWA_25,Grady
PX_VWA_25_Tub1_Lacerate 106,PX_VWA_25_Tub1,VWA_25_Tub1,2026-03-30,W7-8,,2026-04-06,W7-8,VWA,25,VWA_25,Grady
PX_VWA_25_Tub1_Lacerate 107,PX_VWA_25_Tub1,VWA_25_Tub1,2026-03-30,W7-8,,2026-04-06,W7-8,VWA,25,VWA_25,Grady
PX_VWA_25_Tub1_Lacerate 108,PX_VWA_25_Tub1,VWA_25_Tub1,2026-03-30,W7-8,,2026-04-06,W7-8,VWA,25,VWA_25,Grady
P2_VWA_25_Tub1_Lacerate 109,P2_VWA_25_Tub1,VWA_25_Tub1,2026-03-30,W7-8,,2026-04-06,W7-8,VWA,25,VWA_25,Grady
P2_VWA_25_Tub1_Lacerate 110,P2_VWA_25_Tub1,VWA_25_Tub1,2026-03-30,W7-8,,2026-04-06,W7-8,VWA,25,VWA_25,Grady
P2_VWA_25_Tub1_Lacerate 111,P2_VWA_25_Tub1,VWA_25_Tub1,2026-03-30,W7-8,,2026-04-06,W7-8,VWA,25,VWA_25,Grady
P2_VWA_25_Tub1_Lacerate 112,P2_VWA_25_Tub1,VWA_25_Tub1,2026-03-30,W7-8,,2026-04-06,W7-8,VWA,25,VWA_25,Grady
P2_VWA_25_Tub2_Lacerate 56,P2_VWA_25_Tub2,VWA_25_Tub2,2026-03-30,W7-8,,2026-04-06,W7-8,VWA,25,VWA_25,Grady
P2_VWA_25_Tub2_Lacerate 57,P2_VWA_25_Tub2,VWA_25_Tub2,2026-03-30,W7-8,,2026-04-06,W7-8,VWA,25,VWA_25,Grady
P2_VWA_25_Tub2_Lacerate 58,P2_VWA_25_Tub2,VWA_25_Tub2,2026-03-30,W7-8,,2026-04-06,W7-8,VWA,25,VWA_25,Grady
P2_VWA_25_Tub2_Lacerate 59,P2_VWA_25_Tub2,VWA_25_Tub2,2026-03-30,W7-8,,2026-04-06,W7-8,VWA,25,VWA_25,Grady
P1_VWA_25_Tub2_Lacerate 60,P1_VWA_25_Tub2,VWA_25_Tub2,2026-03-30,W7-8,,2026-04-06,W7-8,VWA,25,VWA_25,Grady
PX_VWA_25_Tub2_Lacerate 61,PX_VWA_25_Tub2,VWA_25_Tub2,2026-03-30,W7-8,,2026-04-06,W7-8,VWA,25,VWA_25,Grady
P1_VWA_25_Tub3_Lacerate 69,P1_VWA_25_Tub3,VWA_25_Tub3,2026-03-30,W7-8,,2026-04-06,W7-8,VWA,25,VWA_25,Grady
PX_VWA_25_Tub3_Lacerate 70,PX_VWA_25_Tub3,VWA_25_Tub3,2026-03-30,W7-8,,2026-04-06,W7-8,VWA,25,VWA_25,Grady
P2_VWA_25_Tub3_Lacerate 71,P2_VWA_25_Tub3,VWA_25_Tub3,2026-03-30,W7-8,,2026-04-06,W7-8,VWA,25,VWA_25,Grady
P2_VWA_25_Tub3_Lacerate 72,P2_VWA_25_Tub3,VWA_25_Tub3,2026-03-30,W7-8,,2026-04-06,W7-8,VWA,25,VWA_25,Grady
PX_VWA_25_Tub3_Lacerate 73,PX_VWA_25_Tub3,VWA_25_Tub3,2026-03-30,W7-8,,2026-04-06,W7-8,VWA,25,VWA_25,Grady
P1_H2_32_Tub1_Lacerate 90,P1_H2_32_Tub1,H2_32_Tub1,2026-03-30,W7-8,,2026-04-06,W7-8,H2,32,H2_32,Grady
P1_H2_32_Tub1_Lacerate 91,P1_H2_32_Tub1,H2_32_Tub1,2026-03-30,W7-8,,2026-04-06,W7-8,H2,32,H2_32,Grady
P1_H2_32_Tub1_Lacerate 92,P1_H2_32_Tub1,H2_32_Tub1,2026-03-30,W7-8,,2026-04-06,W7-8,H2,32,H2_32,Grady
PX_H2_32_Tub2_Lacerate 97,PX_H2_32_Tub2,H2_32_Tub2,2026-03-30,W7-8,,2026-04-06,W7-8,H2,32,H2_32,Grady
P1_H2_32_Tub2_Lacerate 98,P1_H2_32_Tub2,H2_32_Tub2,2026-03-30,W7-8,,2026-04-06,W7-8,H2,32,H2_32,Grady
P1_H2_32_Tub2_Lacerate 99,P1_H2_32_Tub2,H2_32_Tub2,2026-03-30,W7-8,,2026-04-06,W7-8,H2,32,H2_32,Grady
P1_H2_32_Tub3_Lacerate 92,P1_H2_32_Tub3,H2_32_Tub3,2026-03-30,W7-8,,2026-04-06,W7-8,H2,32,H2_32,Grady
P1_H2_32_Tub3_Lacerate 93,P1_H2_32_Tub3,H2_32_Tub3,2026-03-30,W7-8,,2026-04-06,W7-8,H2,32,H2_32,Grady
P1_H2_32_Tub3_Lacerate 94,P1_H2_32_Tub3,H2_32_Tub3,2026-03-30,W7-8,,2026-04-06,W7-8,H2,32,H2_32,Grady
P3_H2_32_Tub3_Lacerate 95,P3_H2_32_Tub3,H2_32_Tub3,2026-03-30,W7-8,,2026-04-06,W7-8,H2,32,H2_32,Grady
P3_H2_32_Tub3_Lacerate 96,P3_H2_32_Tub3,H2_32_Tub3,2026-03-30,W7-8,,2026-04-06,W7-8,H2,32,H2_32,Grady
P1_H2_32_Tub3_Lacerate 97,P1_H2_32_Tub3,H2_32_Tub3,2026-03-30,W7-8,,2026-04-06,W7-8,H2,32,H2_32,Grady
DUPLICATE_REMOVED,DUPLICATE_REMOVED,DUPLICATE_REMOVED,DUPLICATE_REMOVED,DUPLICATE_REMOVED,DUPLICATE_REMOVED,DUPLICATE_REMOVED,DUPLICATE_REMOVED,DUPLICATE_REMOVED,DUPLICATE_REMOVED,DUPLICATE_REMOVED,DUPLICATE_REMOVED
DUPLICATE_REMOVED,DUPLICATE_REMOVED,DUPLICATE_REMOVED,DUPLICATE_REMOVED,DUPLICATE_REMOVED,DUPLICATE_REMOVED,DUPLICATE_REMOVED,DUPLICATE_REMOVED,DUPLICATE_REMOVED,DUPLICATE_REMOVED,DUPLICATE_REMOVED,DUPLICATE_REMOVED
DUPLICATE_REMOVED,DUPLICATE_REMOVED,DUPLICATE_REMOVED,DUPLICATE_REMOVED,DUPLICATE_REMOVED,DUPLICATE_REMOVED,DUPLICATE_REMOVED,DUPLICATE_REMOVED,DUPLICATE_REMOVED,DUPLICATE_REMOVED,DUPLICATE_REMOVED,DUPLICATE_REMOVED
DUPLICATE_REMOVED,DUPLICATE_REMOVED,DUPLICATE_REMOVED,DUPLICATE_REMOVED,DUPLICATE_REMOVED,DUPLICATE_REMOVED,DUPLICATE_REMOVED,DUPLICATE_REMOVED,DUPLICATE_REMOVED,DUPLICATE_REMOVED,DUPLICATE_REMOVED,DUPLICATE_REMOVED
DUPLICATE_REMOVED,DUPLICATE_REMOVED,DUPLICATE_REMOVED,DUPLICATE_REMOVED,DUPLICATE_REMOVED,DUPLICATE_REMOVED,DUPLICATE_REMOVED,DUPLICATE_REMOVED,DUPLICATE_REMOVED,DUPLICATE_REMOVED,DUPLICATE_REMOVED,DUPLICATE_REMOVED
DUPLICATE_REMOVED,DUPLICATE_REMOVED,DUPLICATE_REMOVED,DUPLICATE_REMOVED,DUPLICATE_REMOVED,DUPLICATE_REMOVED,DUPLICATE_REMOVED,DUPLICATE_REMOVED,DUPLICATE_REMOVED,DUPLICATE_REMOVED,DUPLICATE_REMOVED,DUPLICATE_REMOVED
DUPLICATE_REMOVED,DUPLICATE_REMOVED,DUPLICATE_REMOVED,DUPLICATE_REMOVED,DUPLICATE_REMOVED,DUPLICATE_REMOVED,DUPLICATE_REMOVED,DUPLICATE_REMOVED,DUPLICATE_REMOVED,DUPLICATE_REMOVED,DUPLICATE_REMOVED,DUPLICATE_REMOVED
DUPLICATE_REMOVED,DUPLICATE_REMOVED,DUPLICATE_REMOVED,DUPLICATE_REMOVED,DUPLICATE_REMOVED,DUPLICATE_REMOVED,DUPLICATE_REMOVED,DUPLICATE_REMOVED,DUPLICATE_REMOVED,DUPLICATE_REMOVED,DUPLICATE_REMOVED,DUPLICATE_REMOVED
DUPLICATE_REMOVED,DUPLICATE_REMOVED,DUPLICATE_REMOVED,DUPLICATE_REMOVED,DUPLICATE_REMOVED,DUPLICATE_REMOVED,DUPLICATE_REMOVED,DUPLICATE_REMOVED,DUPLICATE_REMOVED,DUPLICATE_REMOVED,DUPLICATE_REMOVED,DUPLICATE_REMOVED
DUPLICATE_REMOVED,DUPLICATE_REMOVED,DUPLICATE_REMOVED,DUPLICATE_REMOVED,DUPLICATE_REMOVED,DUPLICATE_REMOVED,DUPLICATE_REMOVED,DUPLICATE_REMOVED,DUPLICATE_REMOVED,DUPLICATE_REMOVED,DUPLICATE_REMOVED,DUPLICATE_REMOVED
DUPLICATE_REMOVED,DUPLICATE_REMOVED,DUPLICATE_REMOVED,DUPLICATE_REMOVED,DUPLICATE_REMOVED,DUPLICATE_REMOVED,DUPLICATE_REMOVED,DUPLICATE_REMOVED,DUPLICATE_REMOVED,DUPLICATE_REMOVED,DUPLICATE_REMOVED,DUPLICATE_REMOVED
DUPLICATE_REMOVED,DUPLICATE_REMOVED,DUPLICATE_REMOVED,DUPLICATE_REMOVED,DUPLICATE_REMOVED,DUPLICATE_REMOVED,DUPLICATE_REMOVED,DUPLICATE_REMOVED,DUPLICATE_REMOVED,DUPLICATE_REMOVED,DUPLICATE_REMOVED,DUPLICATE_REMOVED
PX_VWA_32_Tub1_Lacerate 87,PX_VWA_32_Tub1,VWA_32_Tub1,2026-03-30,W7-8,,2026-04-06,W7-8,VWA,32,VWA_32,Grady
PX_VWA_32_Tub1_Lacerate 88,PX_VWA_32_Tub1,VWA_32_Tub1,2026-03-30,W7-8,,2026-04-06,W7-8,VWA,32,VWA_32,Grady
PX_VWA_32_Tub1_Lacerate 89,PX_VWA_32_Tub1,VWA_32_Tub1,2026-03-30,W7-8,,2026-04-06,W7-8,VWA,32,VWA_32,Grady
DUPLICATE_REMOVED,DUPLICATE_REMOVED,DUPLICATE_REMOVED,DUPLICATE_REMOVED,DUPLICATE_REMOVED,DUPLICATE_REMOVED,DUPLICATE_REMOVED,DUPLICATE_REMOVED,DUPLICATE_REMOVED,DUPLICATE_REMOVED,DUPLICATE_REMOVED,DUPLICATE_REMOVED
DUPLICATE_REMOVED,DUPLICATE_REMOVED,DUPLICATE_REMOVED,DUPLICATE_REMOVED,DUPLICATE_REMOVED,DUPLICATE_REMOVED,DUPLICATE_REMOVED,DUPLICATE_REMOVED,DUPLICATE_REMOVED,DUPLICATE_REMOVED,DUPLICATE_REMOVED,DUPLICATE_REMOVED
DUPLICATE_REMOVED,DUPLICATE_REMOVED,DUPLICATE_REMOVED,DUPLICATE_REMOVED,DUPLICATE_REMOVED,DUPLICATE_REMOVED,DUPLICATE_REMOVED,DUPLICATE_REMOVED,DUPLICATE_REMOVED,DUPLICATE_REMOVED,DUPLICATE_REMOVED,DUPLICATE_REMOVED
DUPLICATE_REMOVED,DUPLICATE_REMOVED,DUPLICATE_REMOVED,DUPLICATE_REMOVED,DUPLICATE_REMOVED,DUPLICATE_REMOVED,DUPLICATE_REMOVED,DUPLICATE_REMOVED,DUPLICATE_REMOVED,DUPLICATE_REMOVED,DUPLICATE_REMOVED,DUPLICATE_REMOVED
DUPLICATE_REMOVED,DUPLICATE_REMOVED,DUPLICATE_REMOVED,DUPLICATE_REMOVED,DUPLICATE_REMOVED,DUPLICATE_REMOVED,DUPLICATE_REMOVED,DUPLICATE_REMOVED,DUPLICATE_REMOVED,DUPLICATE_REMOVED,DUPLICATE_REMOVED,DUPLICATE_REMOVED
DUPLICATE_REMOVED,DUPLICATE_REMOVED,DUPLICATE_REMOVED,DUPLICATE_REMOVED,DUPLICATE_REMOVED,DUPLICATE_REMOVED,DUPLICATE_REMOVED,DUPLICATE_REMOVED,DUPLICATE_REMOVED,DUPLICATE_REMOVED,DUPLICATE_REMOVED,DUPLICATE_REMOVED
DUPLICATE_REMOVED,DUPLICATE_REMOVED,DUPLICATE_REMOVED,DUPLICATE_REMOVED,DUPLICATE_REMOVED,DUPLICATE_REMOVED,DUPLICATE_REMOVED,DUPLICATE_REMOVED,DUPLICATE_REMOVED,DUPLICATE_REMOVED,DUPLICATE_REMOVED,DUPLICATE_REMOVED
DUPLICATE_REMOVED,DUPLICATE_REMOVED,DUPLICATE_REMOVED,DUPLICATE_REMOVED,DUPLICATE_REMOVED,DUPLICATE_REMOVED,DUPLICATE_REMOVED,DUPLICATE_REMOVED,DUPLICATE_REMOVED,DUPLICATE_REMOVED,DUPLICATE_REMOVED,DUPLICATE_REMOVED
P1_VWA_32_Tub2_Lacerate 49,P1_VWA_32_Tub2,VWA_32_Tub2,2026-03-30,W7-8,,2026-04-06,W7-8,VWA,32,VWA_32,Grady
P1_VWA_32_Tub2_Lacerate 50,P1_VWA_32_Tub2,VWA_32_Tub2,2026-03-30,W7-8,,2026-04-06,W7-8,VWA,32,VWA_32,Grady
P2_VWA_32_Tub2_Lacerate 51,P2_VWA_32_Tub2,VWA_32_Tub2,2026-03-30,W7-8,,2026-04-06,W7-8,VWA,32,VWA_32,Grady
P2_VWA_32_Tub2_Lacerate 52,P2_VWA_32_Tub2,VWA_32_Tub2,2026-03-30,W7-8,,2026-04-06,W7-8,VWA,32,VWA_32,Grady
P2_VWA_32_Tub2_Lacerate 53,P2_VWA_32_Tub2,VWA_32_Tub2,2026-03-30,W7-8,,2026-04-06,W7-8,VWA,32,VWA_32,Grady
PX_VWA_32_Tub2_Lacerate 54,PX_VWA_32_Tub2,VWA_32_Tub2,2026-03-30,W7-8,,2026-04-06,W7-8,VWA,32,VWA_32,Grady
PX_VWA_32_Tub2_Lacerate 55,PX_VWA_32_Tub2,VWA_32_Tub2,2026-03-30,W7-8,,2026-04-06,W7-8,VWA,32,VWA_32,Grady
P2_VWA_32_Tub3_Lacerate 46,P2_VWA_32_Tub3,VWA_32_Tub3,2026-03-30,W7-8,,2026-04-06,W7-8,VWA,32,VWA_32,Grady
P3_VWA_32_Tub3_Lacerate 47,P3_VWA_32_Tub3,VWA_32_Tub3,2026-03-30,W7-8,,2026-04-06,W7-8,VWA,32,VWA_32,Grady
P3_VWA_32_Tub3_Lacerate 48,P3_VWA_32_Tub3,VWA_32_Tub3,2026-03-30,W7-8,,2026-04-06,W7-8,VWA,32,VWA_32,Grady
P2_H2_25_Tub1_Lacerate 134,P2_H2_25_Tub1,H2_25_Tub1,2026-04-01,W7-8,,2026-04-06,W7-8,H2,25,H2_25,Grady
P2_H2_25_Tub1_Lacerate 135,P2_H2_25_Tub1,H2_25_Tub1,2026-04-01,W7-8,,2026-04-06,W7-8,H2,25,H2_25,Grady
PX_H2_25_Tub1_Lacerate 136,PX_H2_25_Tub1,H2_25_Tub1,2026-04-01,W7-8,,2026-04-06,W7-8,H2,25,H2_25,Grady
PX_H2_25_Tub1_Lacerate 137,PX_H2_25_Tub1,H2_25_Tub1,2026-04-01,W7-8,,2026-04-06,W7-8,H2,25,H2_25,Grady
PX_H2_25_Tub1_Lacerate 138,PX_H2_25_Tub1,H2_25_Tub1,2026-04-01,W7-8,,2026-04-06,W7-8,H2,25,H2_25,Grady
PX_H2_25_Tub1_Lacerate 139,PX_H2_25_Tub1,H2_25_Tub1,2026-04-01,W7-8,,2026-04-06,W7-8,H2,25,H2_25,Grady
PX_H2_25_Tub1_Lacerate 140,PX_H2_25_Tub1,H2_25_Tub1,2026-04-01,W7-8,,2026-04-06,W7-8,H2,25,H2_25,Grady
PX_H2_25_Tub1_Lacerate 141,PX_H2_25_Tub1,H2_25_Tub1,2026-04-01,W7-8,,2026-04-06,W7-8,H2,25,H2_25,Grady
P1_H2_25_Tub2_Lacerate 83,P1_H2_25_Tub2,H2_25_Tub2,2026-04-01,W7-8,,2026-04-06,W7-8,H2,25,H2_25,Grady
P1_H2_25_Tub2_Lacerate 84,P1_H2_25_Tub2,H2_25_Tub2,2026-04-01,W7-8,,2026-04-06,W7-8,H2,25,H2_25,Grady
P1_H2_25_Tub2_Lacerate 85,P1_H2_25_Tub2,H2_25_Tub2,2026-04-01,W7-8,,2026-04-06,W7-8,H2,25,H2_25,Grady
P1_H2_25_Tub2_Lacerate 86,P1_H2_25_Tub2,H2_25_Tub2,2026-04-01,W7-8,,2026-04-06,W7-8,H2,25,H2_25,Grady
P2_H2_25_Tub2_Lacerate 87,P2_H2_25_Tub2,H2_25_Tub2,2026-04-01,W7-8,,2026-04-06,W7-8,H2,25,H2_25,Grady
P2_H2_25_Tub2_Lacerate 88,P2_H2_25_Tub2,H2_25_Tub2,2026-04-01,W7-8,,2026-04-06,W7-8,H2,25,H2_25,Grady
P1_H2_25_Tub3_Lacerate 85,P1_H2_25_Tub3,H2_25_Tub3,2026-04-01,W7-8,,2026-04-06,W7-8,H2,25,H2_25,Grady
PX_H2_25_Tub3_Lacerate 86,PX_H2_25_Tub3,H2_25_Tub3,2026-04-01,W7-8,,2026-04-06,W7-8,H2,25,H2_25,Grady
PX_H2_25_Tub3_Lacerate 87,PX_H2_25_Tub3,H2_25_Tub3,2026-04-01,W7-8,,2026-04-06,W7-8,H2,25,H2_25,Grady
PX_H2_25_Tub3_Lacerate 88,PX_H2_25_Tub3,H2_25_Tub3,2026-04-01,W7-8,,2026-04-06,W7-8,H2,25,H2_25,Grady
P3_H2_25_Tub3_Lacerate 89,P3_H2_25_Tub3,H2_25_Tub3,2026-04-01,W7-8,,2026-04-06,W7-8,H2,25,H2_25,Grady
P1_VWA_25_Tub1_Lacerate 113,P1_VWA_25_Tub1,VWA_25_Tub1,2026-04-01,W7-8,,2026-04-06,W7-8,VWA,25,VWA_25,Grady
P1_VWA_25_Tub1_Lacerate 114,P1_VWA_25_Tub1,VWA_25_Tub1,2026-04-01,W7-8,,2026-04-06,W7-8,VWA,25,VWA_25,Grady
P1_VWA_25_Tub1_Lacerate 115,P1_VWA_25_Tub1,VWA_25_Tub1,2026-04-01,W7-8,,2026-04-06,W7-8,VWA,25,VWA_25,Grady
P1_VWA_25_Tub1_Lacerate 116,P1_VWA_25_Tub1,VWA_25_Tub1,2026-04-01,W7-8,,2026-04-06,W7-8,VWA,25,VWA_25,Grady
P1_VWA_25_Tub1_Lacerate 117,P1_VWA_25_Tub1,VWA_25_Tub1,2026-04-01,W7-8,,2026-04-06,W7-8,VWA,25,VWA_25,Grady
P1_VWA_25_Tub1_Lacerate 118,P1_VWA_25_Tub1,VWA_25_Tub1,2026-04-01,W7-8,,2026-04-06,W7-8,VWA,25,VWA_25,Grady
P1_VWA_25_Tub1_Lacerate 119,P1_VWA_25_Tub1,VWA_25_Tub1,2026-04-01,W7-8,,2026-04-06,W7-8,VWA,25,VWA_25,Grady
P1_VWA_25_Tub1_Lacerate 120,P1_VWA_25_Tub1,VWA_25_Tub1,2026-04-01,W7-8,,2026-04-06,W7-8,VWA,25,VWA_25,Grady
P1_VWA_25_Tub1_Lacerate 121,P1_VWA_25_Tub1,VWA_25_Tub1,2026-04-01,W7-8,,2026-04-06,W7-8,VWA,25,VWA_25,Grady
P1_VWA_25_Tub1_Lacerate 122,P1_VWA_25_Tub1,VWA_25_Tub1,2026-04-01,W7-8,,2026-04-06,W7-8,VWA,25,VWA_25,Grady
PX_VWA_25_Tub1_Lacerate 123,PX_VWA_25_Tub1,VWA_25_Tub1,2026-04-01,W7-8,,2026-04-06,W7-8,VWA,25,VWA_25,Grady
PX_VWA_25_Tub2_Lacerate 62,PX_VWA_25_Tub2,VWA_25_Tub2,2026-04-01,W7-8,,2026-04-06,W7-8,VWA,25,VWA_25,Grady
PX_VWA_25_Tub2_Lacerate 63,PX_VWA_25_Tub2,VWA_25_Tub2,2026-04-01,W7-8,,2026-04-06,W7-8,VWA,25,VWA_25,Grady
PX_VWA_25_Tub2_Lacerate 64,PX_VWA_25_Tub2,VWA_25_Tub2,2026-04-01,W7-8,,2026-04-06,W7-8,VWA,25,VWA_25,Grady
P3_VWA_25_Tub2_Lacerate 65,P3_VWA_25_Tub2,VWA_25_Tub2,2026-04-01,W7-8,,2026-04-06,W7-8,VWA,25,VWA_25,Grady
P3_VWA_25_Tub2_Lacerate 66,P3_VWA_25_Tub2,VWA_25_Tub2,2026-04-01,W7-8,,2026-04-06,W7-8,VWA,25,VWA_25,Grady
P3_VWA_25_Tub2_Lacerate 67,P3_VWA_25_Tub2,VWA_25_Tub2,2026-04-01,W7-8,,2026-04-06,W7-8,VWA,25,VWA_25,Grady
P3_VWA_25_Tub2_Lacerate 68,P3_VWA_25_Tub2,VWA_25_Tub2,2026-04-01,W7-8,,2026-04-06,W7-8,VWA,25,VWA_25,Grady
P2_VWA_25_Tub2_Lacerate 69,P2_VWA_25_Tub2,VWA_25_Tub2,2026-04-01,W7-8,,2026-04-06,W7-8,VWA,25,VWA_25,Grady
PX_VWA_25_Tub3_Lacerate 74,PX_VWA_25_Tub3,VWA_25_Tub3,2026-04-01,W7-8,,2026-04-06,W7-8,VWA,25,VWA_25,Grady
PX_VWA_25_Tub3_Lacerate 75,PX_VWA_25_Tub3,VWA_25_Tub3,2026-04-01,W7-8,,2026-04-06,W7-8,VWA,25,VWA_25,Grady
PX_VWA_25_Tub3_Lacerate 76,PX_VWA_25_Tub3,VWA_25_Tub3,2026-04-01,W7-8,,2026-04-06,W7-8,VWA,25,VWA_25,Grady
PX_VWA_25_Tub3_Lacerate 77,PX_VWA_25_Tub3,VWA_25_Tub3,2026-04-01,W7-8,,2026-04-06,W7-8,VWA,25,VWA_25,Grady
PX_VWA_25_Tub3_Lacerate 78,PX_VWA_25_Tub3,VWA_25_Tub3,2026-04-01,W7-8,,2026-04-06,W7-8,VWA,25,VWA_25,Grady
P1_VWA_25_Tub3_Lacerate 79,P1_VWA_25_Tub3,VWA_25_Tub3,2026-04-01,W7-8,,2026-04-06,W7-8,VWA,25,VWA_25,Grady
P1_VWA_25_Tub3_Lacerate 80,P1_VWA_25_Tub3,VWA_25_Tub3,2026-04-01,W7-8,,2026-04-06,W7-8,VWA,25,VWA_25,Grady
P1_H2_32_Tub1_Lacerate 93,P1_H2_32_Tub1,H2_32_Tub1,2026-04-01,W7-8,,2026-04-06,W7-8,H2,32,H2_32,Grady
P1_H2_32_Tub1_Lacerate 94,P1_H2_32_Tub1,H2_32_Tub1,2026-04-01,W7-8,,2026-04-06,W7-8,H2,32,H2_32,Grady
P3_H2_32_Tub1_Lacerate 95,P3_H2_32_Tub1,H2_32_Tub1,2026-04-01,W7-8,,2026-04-06,W7-8,H2,32,H2_32,Grady
PX_H2_32_Tub2_Lacerate 100,PX_H2_32_Tub2,H2_32_Tub2,2026-04-01,W7-8,,2026-04-06,W7-8,H2,32,H2_32,Grady
PX_H2_32_Tub2_Lacerate 101,PX_H2_32_Tub2,H2_32_Tub2,2026-04-01,W7-8,,2026-04-06,W7-8,H2,32,H2_32,Grady
PX_H2_32_Tub2_Lacerate 102,PX_H2_32_Tub2,H2_32_Tub2,2026-04-01,W7-8,,2026-04-06,W7-8,H2,32,H2_32,Grady
P2_H2_32_Tub3_Lacerate 98,P2_H2_32_Tub3,H2_32_Tub3,2026-04-01,W7-8,,2026-04-06,W7-8,H2,32,H2_32,Grady
P2_H2_32_Tub3_Lacerate 99,P2_H2_32_Tub3,H2_32_Tub3,2026-04-01,W7-8,,2026-04-06,W7-8,H2,32,H2_32,Grady
PX_VWA_32_Tub1_Lacerate 90,PX_VWA_32_Tub1,VWA_32_Tub1,2026-04-01,W7-8,,2026-04-06,W7-8,VWA,32,VWA_32,Grady
P2_VWA_32_Tub1_Lacerate 91,P2_VWA_32_Tub1,VWA_32_Tub1,2026-04-01,W7-8,,2026-04-06,W7-8,VWA,32,VWA_32,Grady
PX_VWA_32_Tub1_Lacerate 92,PX_VWA_32_Tub1,VWA_32_Tub1,2026-04-01,W7-8,,2026-04-06,W7-8,VWA,32,VWA_32,Grady
P1_VWA_32_Tub1_Lacerate 93,P1_VWA_32_Tub1,VWA_32_Tub1,2026-04-01,W7-8,,2026-04-06,W7-8,VWA,32,VWA_32,Grady
P1_VWA_32_Tub1_Lacerate 94,P1_VWA_32_Tub1,VWA_32_Tub1,2026-04-01,W7-8,,2026-04-06,W7-8,VWA,32,VWA_32,Grady
P1_VWA_32_Tub1_Lacerate 95,P1_VWA_32_Tub1,VWA_32_Tub1,2026-04-01,W7-8,,2026-04-06,W7-8,VWA,32,VWA_32,Grady
P1_VWA_32_Tub2_Lacerate 56,P1_VWA_32_Tub2,VWA_32_Tub2,2026-04-01,W7-8,,2026-04-06,W7-8,VWA,32,VWA_32,Grady
P1_VWA_32_Tub2_Lacerate 57,P1_VWA_32_Tub2,VWA_32_Tub2,2026-04-01,W7-8,,2026-04-06,W7-8,VWA,32,VWA_32,Grady
P1_VWA_32_Tub2_Lacerate 58,P1_VWA_32_Tub2,VWA_32_Tub2,2026-04-01,W7-8,,2026-04-06,W7-8,VWA,32,VWA_32,Grady
P1_VWA_32_Tub2_Lacerate 59,P1_VWA_32_Tub2,VWA_32_Tub2,2026-04-01,W7-8,,2026-04-06,W7-8,VWA,32,VWA_32,Grady
P1_VWA_32_Tub2_Lacerate 60,P1_VWA_32_Tub2,VWA_32_Tub2,2026-04-01,W7-8,,2026-04-06,W7-8,VWA,32,VWA_32,Grady
P1_VWA_32_Tub2_Lacerate 61,P1_VWA_32_Tub2,VWA_32_Tub2,2026-04-01,W7-8,,2026-04-06,W7-8,VWA,32,VWA_32,Grady
P1_VWA_32_Tub2_Lacerate 62,P1_VWA_32_Tub2,VWA_32_Tub2,2026-04-01,W7-8,,2026-04-06,W7-8,VWA,32,VWA_32,Grady
PX_VWA_32_Tub2_Lacerate 63,PX_VWA_32_Tub2,VWA_32_Tub2,2026-04-01,W7-8,,2026-04-06,W7-8,VWA,32,VWA_32,Grady
PX_VWA_32_Tub2_Lacerate 64,PX_VWA_32_Tub2,VWA_32_Tub2,2026-04-01,W7-8,,2026-04-06,W7-8,VWA,32,VWA_32,Grady
P2_VWA_32_Tub3_Lacerate 49,P2_VWA_32_Tub3,VWA_32_Tub3,2026-04-01,W7-8,,2026-04-06,W7-8,VWA,32,VWA_32,Grady
P1_VWA_32_Tub3_Lacerate 50,P1_VWA_32_Tub3,VWA_32_Tub3,2026-04-01,W7-8,,2026-04-06,W7-8,VWA,32,VWA_32,Grady
PX_H2_25_Tub1_Lacerate 142,PX_H2_25_Tub1,H2_25_Tub1,2026-04-03,W7-8,,2026-04-06,W7-8,H2,25,H2_25,Aiden
PX_H2_25_Tub1_Lacerate 143,PX_H2_25_Tub1,H2_25_Tub1,2026-04-03,W7-8,,2026-04-06,W7-8,H2,25,H2_25,Aiden
PX_H2_25_Tub1_Lacerate 144,PX_H2_25_Tub1,H2_25_Tub1,2026-04-03,W7-8,,2026-04-06,W7-8,H2,25,H2_25,Aiden
P2_H2_25_Tub2_Lacerate 89,P2_H2_25_Tub2,H2_25_Tub2,2026-04-03,W7-8,,2026-04-06,W7-8,H2,25,H2_25,Aiden
P3_H2_25_Tub2_Lacerate 90,P3_H2_25_Tub2,H2_25_Tub2,2026-04-03,W7-8,,2026-04-06,W7-8,H2,25,H2_25,Aiden
P3_H2_25_Tub2_Lacerate 91,P3_H2_25_Tub2,H2_25_Tub2,2026-04-03,W7-8,,2026-04-06,W7-8,H2,25,H2_25,Aiden
P3_H2_25_Tub2_Lacerate 92,P3_H2_25_Tub2,H2_25_Tub2,2026-04-03,W7-8,,2026-04-06,W7-8,H2,25,H2_25,Aiden
P3_H2_25_Tub2_Lacerate 93,P3_H2_25_Tub2,H2_25_Tub2,2026-04-03,W7-8,,2026-04-06,W7-8,H2,25,H2_25,Aiden
P3_H2_25_Tub2_Lacerate 94,P3_H2_25_Tub2,H2_25_Tub2,2026-04-03,W7-8,,2026-04-06,W7-8,H2,25,H2_25,Aiden
PX_H2_25_Tub3_Lacerate 90,PX_H2_25_Tub3,H2_25_Tub3,2026-04-03,W7-8,,2026-04-06,W7-8,H2,25,H2_25,Aiden
PX_H2_25_Tub3_Lacerate 91,PX_H2_25_Tub3,H2_25_Tub3,2026-04-03,W7-8,,2026-04-06,W7-8,H2,25,H2_25,Aiden
PX_H2_25_Tub3_Lacerate 92,PX_H2_25_Tub3,H2_25_Tub3,2026-04-03,W7-8,,2026-04-06,W7-8,H2,25,H2_25,Aiden
PX_H2_25_Tub3_Lacerate 93,PX_H2_25_Tub3,H2_25_Tub3,2026-04-03,W7-8,,2026-04-06,W7-8,H2,25,H2_25,Aiden
PX_H2_25_Tub3_Lacerate 94,PX_H2_25_Tub3,H2_25_Tub3,2026-04-03,W7-8,,2026-04-06,W7-8,H2,25,H2_25,Aiden
PX_H2_25_Tub3_Lacerate 95,PX_H2_25_Tub3,H2_25_Tub3,2026-04-03,W7-8,,2026-04-06,W7-8,H2,25,H2_25,Aiden
PX_H2_25_Tub3_Lacerate 96,PX_H2_25_Tub3,H2_25_Tub3,2026-04-03,W7-8,,2026-04-06,W7-8,H2,25,H2_25,Aiden
P2_VWA_25_Tub1_Lacerate 124,P2_VWA_25_Tub1,VWA_25_Tub1,2026-04-03,W7-8,,2026-04-06,W7-8,VWA,25,VWA_25,Aiden
P2_VWA_25_Tub2_Lacerate 70,P2_VWA_25_Tub2,VWA_25_Tub2,2026-04-03,W7-8,,2026-04-06,W7-8,VWA,25,VWA_25,Aiden
P1_VWA_25_Tub3_Lacerate 81,P1_VWA_25_Tub3,VWA_25_Tub3,2026-04-03,W7-8,,2026-04-06,W7-8,VWA,25,VWA_25,Aiden
P1_VWA_25_Tub3_Lacerate 82,P1_VWA_25_Tub3,VWA_25_Tub3,2026-04-03,W7-8,,2026-04-06,W7-8,VWA,25,VWA_25,Aiden
P1_VWA_25_Tub3_Lacerate 83,P1_VWA_25_Tub3,VWA_25_Tub3,2026-04-03,W7-8,,2026-04-06,W7-8,VWA,25,VWA_25,Aiden
PX_H2_32_Tub2_Lacerate 103,PX_H2_32_Tub2,H2_32_Tub2,2026-04-03,W7-8,,2026-04-06,W7-8,H2,32,H2_32,Aiden
PX_H2_32_Tub2_Lacerate 104,PX_H2_32_Tub2,H2_32_Tub2,2026-04-03,W7-8,,2026-04-06,W7-8,H2,32,H2_32,Aiden
P3_VWA_32_Tub2_Lacerate 65,P3_VWA_32_Tub2,VWA_32_Tub2,2026-04-03,W7-8,,2026-04-06,W7-8,VWA,32,VWA_32,Aiden
P2_VWA_32_Tub3_Lacerate 51,P2_VWA_32_Tub3,VWA_32_Tub3,2026-04-03,W7-8,,2026-04-06,W7-8,VWA,32,VWA_32,Aiden
P1_H2_25_Tub1_Lacerate 145,P1_H2_25_Tub1,H2_25_Tub1,2026-04-06,W7-8,,2026-04-06,W7-8,H2,25,H2_25,Grady
P1_H2_25_Tub1_Lacerate 146,P1_H2_25_Tub1,H2_25_Tub1,2026-04-06,W7-8,,2026-04-06,W7-8,H2,25,H2_25,Grady
P1_H2_25_Tub1_Lacerate 147,P1_H2_25_Tub1,H2_25_Tub1,2026-04-06,W7-8,,2026-04-06,W7-8,H2,25,H2_25,Grady
P1_H2_25_Tub1_Lacerate 148,P1_H2_25_Tub1,H2_25_Tub1,2026-04-06,W7-8,,2026-04-06,W7-8,H2,25,H2_25,Grady
PX_H2_25_Tub1_Lacerate 149,PX_H2_25_Tub1,H2_25_Tub1,2026-04-06,W7-8,,2026-04-06,W7-8,H2,25,H2_25,Grady
PX_H2_25_Tub1_Lacerate 150,PX_H2_25_Tub1,H2_25_Tub1,2026-04-06,W7-8,,2026-04-06,W7-8,H2,25,H2_25,Grady
PX_H2_25_Tub1_Lacerate 151,PX_H2_25_Tub1,H2_25_Tub1,2026-04-06,W7-8,,2026-04-06,W7-8,H2,25,H2_25,Grady
P2_H2_25_Tub1_Lacerate 152,P2_H2_25_Tub1,H2_25_Tub1,2026-04-06,W7-8,,2026-04-06,W7-8,H2,25,H2_25,Grady
P2_H2_25_Tub1_Lacerate 153,P2_H2_25_Tub1,H2_25_Tub1,2026-04-06,W7-8,,2026-04-06,W7-8,H2,25,H2_25,Grady
P2_H2_25_Tub1_Lacerate 154,P2_H2_25_Tub1,H2_25_Tub1,2026-04-06,W7-8,,2026-04-06,W7-8,H2,25,H2_25,Grady
P2_H2_25_Tub1_Lacerate 155,P2_H2_25_Tub1,H2_25_Tub1,2026-04-06,W7-8,,2026-04-06,W7-8,H2,25,H2_25,Grady
P2_H2_25_Tub1_Lacerate 156,P2_H2_25_Tub1,H2_25_Tub1,2026-04-06,W7-8,,2026-04-06,W7-8,H2,25,H2_25,Grady
PX_H2_25_Tub2_Lacerate 95,PX_H2_25_Tub2,H2_25_Tub2,2026-04-06,W7-8,,2026-04-06,W7-8,H2,25,H2_25,Grady
PX_H2_25_Tub2_Lacerate 96,PX_H2_25_Tub2,H2_25_Tub2,2026-04-06,W7-8,,2026-04-06,W7-8,H2,25,H2_25,Grady
PX_H2_25_Tub2_Lacerate 97,PX_H2_25_Tub2,H2_25_Tub2,2026-04-06,W7-8,,2026-04-06,W7-8,H2,25,H2_25,Grady
P3_H2_25_Tub2_Lacerate 98,P3_H2_25_Tub2,H2_25_Tub2,2026-04-06,W7-8,,2026-04-06,W7-8,H2,25,H2_25,Grady
PX_H2_25_Tub2_Lacerate 99,PX_H2_25_Tub2,H2_25_Tub2,2026-04-06,W7-8,,2026-04-06,W7-8,H2,25,H2_25,Grady
P1_H2_25_Tub2_Lacerate 100,P1_H2_25_Tub2,H2_25_Tub2,2026-04-06,W7-8,,2026-04-06,W7-8,H2,25,H2_25,Grady
P1_H2_25_Tub2_Lacerate 101,P1_H2_25_Tub2,H2_25_Tub2,2026-04-06,W7-8,,2026-04-06,W7-8,H2,25,H2_25,Grady
P1_H2_25_Tub2_Lacerate 102,P1_H2_25_Tub2,H2_25_Tub2,2026-04-06,W7-8,,2026-04-06,W7-8,H2,25,H2_25,Grady
PX_H2_25_Tub2_Lacerate 103,PX_H2_25_Tub2,H2_25_Tub2,2026-04-06,W7-8,,2026-04-06,W7-8,H2,25,H2_25,Grady
P2_H2_25_Tub2_Lacerate 104,P2_H2_25_Tub2,H2_25_Tub2,2026-04-06,W7-8,,2026-04-06,W7-8,H2,25,H2_25,Grady
P2_H2_25_Tub2_Lacerate 105,P2_H2_25_Tub2,H2_25_Tub2,2026-04-06,W7-8,,2026-04-06,W7-8,H2,25,H2_25,Grady
PX_H2_25_Tub3_Lacerate 97,PX_H2_25_Tub3,H2_25_Tub3,2026-04-06,W7-8,,2026-04-06,W7-8,H2,25,H2_25,Grady
PX_H2_25_Tub3_Lacerate 98,PX_H2_25_Tub3,H2_25_Tub3,2026-04-06,W7-8,,2026-04-06,W7-8,H2,25,H2_25,Grady
PX_H2_25_Tub3_Lacerate 99,PX_H2_25_Tub3,H2_25_Tub3,2026-04-06,W7-8,,2026-04-06,W7-8,H2,25,H2_25,Grady
PX_H2_25_Tub3_Lacerate 100,PX_H2_25_Tub3,H2_25_Tub3,2026-04-06,W7-8,,2026-04-06,W7-8,H2,25,H2_25,Grady
PX_H2_25_Tub3_Lacerate 101,PX_H2_25_Tub3,H2_25_Tub3,2026-04-06,W7-8,,2026-04-06,W7-8,H2,25,H2_25,Grady
PX_H2_25_Tub3_Lacerate 102,PX_H2_25_Tub3,H2_25_Tub3,2026-04-06,W7-8,,2026-04-06,W7-8,H2,25,H2_25,Grady
PX_H2_25_Tub3_Lacerate 103,PX_H2_25_Tub3,H2_25_Tub3,2026-04-06,W7-8,,2026-04-06,W7-8,H2,25,H2_25,Grady
PX_H2_25_Tub3_Lacerate 104,PX_H2_25_Tub3,H2_25_Tub3,2026-04-06,W7-8,,2026-04-06,W7-8,H2,25,H2_25,Grady
PX_H2_25_Tub3_Lacerate 105,PX_H2_25_Tub3,H2_25_Tub3,2026-04-06,W7-8,,2026-04-06,W7-8,H2,25,H2_25,Grady
PX_H2_25_Tub3_Lacerate 106,PX_H2_25_Tub3,H2_25_Tub3,2026-04-06,W7-8,,2026-04-06,W7-8,H2,25,H2_25,Grady
PX_H2_25_Tub3_Lacerate 107,PX_H2_25_Tub3,H2_25_Tub3,2026-04-06,W7-8,,2026-04-06,W7-8,H2,25,H2_25,Grady
PX_H2_25_Tub3_Lacerate 108,PX_H2_25_Tub3,H2_25_Tub3,2026-04-06,W7-8,,2026-04-06,W7-8,H2,25,H2_25,Grady
PX_H2_25_Tub3_Lacerate 109,PX_H2_25_Tub3,H2_25_Tub3,2026-04-06,W7-8,,2026-04-06,W7-8,H2,25,H2_25,Grady
PX_H2_25_Tub3_Lacerate 110,PX_H2_25_Tub3,H2_25_Tub3,2026-04-06,W7-8,,2026-04-06,W7-8,H2,25,H2_25,Grady
P1_VWA_25_Tub1_Lacerate 125,P1_VWA_25_Tub1,VWA_25_Tub1,2026-04-06,W7-8,,2026-04-06,W7-8,VWA,25,VWA_25,Grady
P1_VWA_25_Tub1_Lacerate 126,P1_VWA_25_Tub1,VWA_25_Tub1,2026-04-06,W7-8,,2026-04-06,W7-8,VWA,25,VWA_25,Grady
P1_VWA_25_Tub1_Lacerate 127,P1_VWA_25_Tub1,VWA_25_Tub1,2026-04-06,W7-8,,2026-04-06,W7-8,VWA,25,VWA_25,Grady
P1_VWA_25_Tub1_Lacerate 128,P1_VWA_25_Tub1,VWA_25_Tub1,2026-04-06,W7-8,,2026-04-06,W7-8,VWA,25,VWA_25,Grady
P1_VWA_25_Tub1_Lacerate 129,P1_VWA_25_Tub1,VWA_25_Tub1,2026-04-06,W7-8,,2026-04-06,W7-8,VWA,25,VWA_25,Grady
P1_VWA_25_Tub1_Lacerate 130,P1_VWA_25_Tub1,VWA_25_Tub1,2026-04-06,W7-8,,2026-04-06,W7-8,VWA,25,VWA_25,Grady
P1_VWA_25_Tub1_Lacerate 131,P1_VWA_25_Tub1,VWA_25_Tub1,2026-04-06,W7-8,,2026-04-06,W7-8,VWA,25,VWA_25,Grady
P1_VWA_25_Tub1_Lacerate 132,P1_VWA_25_Tub1,VWA_25_Tub1,2026-04-06,W7-8,,2026-04-06,W7-8,VWA,25,VWA_25,Grady
P1_VWA_25_Tub1_Lacerate 133,P1_VWA_25_Tub1,VWA_25_Tub1,2026-04-06,W7-8,,2026-04-06,W7-8,VWA,25,VWA_25,Grady
P1_VWA_25_Tub1_Lacerate 134,P1_VWA_25_Tub1,VWA_25_Tub1,2026-04-06,W7-8,,2026-04-06,W7-8,VWA,25,VWA_25,Grady
P1_VWA_25_Tub1_Lacerate 135,P1_VWA_25_Tub1,VWA_25_Tub1,2026-04-06,W7-8,,2026-04-06,W7-8,VWA,25,VWA_25,Grady
P1_VWA_25_Tub1_Lacerate 136,P1_VWA_25_Tub1,VWA_25_Tub1,2026-04-06,W7-8,,2026-04-06,W7-8,VWA,25,VWA_25,Grady
P1_VWA_25_Tub2_Lacerate 71,P1_VWA_25_Tub2,VWA_25_Tub2,2026-04-06,W7-8,,2026-04-06,W7-8,VWA,25,VWA_25,Grady
P1_VWA_25_Tub2_Lacerate 72,P1_VWA_25_Tub2,VWA_25_Tub2,2026-04-06,W7-8,,2026-04-06,W7-8,VWA,25,VWA_25,Grady
P2_VWA_25_Tub2_Lacerate 73,P2_VWA_25_Tub2,VWA_25_Tub2,2026-04-06,W7-8,,2026-04-06,W7-8,VWA,25,VWA_25,Grady
P1_VWA_25_Tub3_Lacerate 84,P1_VWA_25_Tub3,VWA_25_Tub3,2026-04-06,W7-8,,2026-04-06,W7-8,VWA,25,VWA_25,Grady
PX_VWA_25_Tub3_Lacerate 85,PX_VWA_25_Tub3,VWA_25_Tub3,2026-04-06,W7-8,,2026-04-06,W7-8,VWA,25,VWA_25,Grady
P1_VWA_25_Tub3_Lacerate 86,P1_VWA_25_Tub3,VWA_25_Tub3,2026-04-06,W7-8,,2026-04-06,W7-8,VWA,25,VWA_25,Grady
P1_VWA_25_Tub3_Lacerate 87,P1_VWA_25_Tub3,VWA_25_Tub3,2026-04-06,W7-8,,2026-04-06,W7-8,VWA,25,VWA_25,Grady
P1_VWA_25_Tub3_Lacerate 88,P1_VWA_25_Tub3,VWA_25_Tub3,2026-04-06,W7-8,,2026-04-06,W7-8,VWA,25,VWA_25,Grady
P1_VWA_25_Tub3_Lacerate 89,P1_VWA_25_Tub3,VWA_25_Tub3,2026-04-06,W7-8,,2026-04-06,W7-8,VWA,25,VWA_25,Grady
PX_VWA_25_Tub3_Lacerate 90,PX_VWA_25_Tub3,VWA_25_Tub3,2026-04-06,W7-8,,2026-04-06,W7-8,VWA,25,VWA_25,Grady
PX_VWA_25_Tub3_Lacerate 91,PX_VWA_25_Tub3,VWA_25_Tub3,2026-04-06,W7-8,,2026-04-06,W7-8,VWA,25,VWA_25,Grady
P2_VWA_25_Tub3_Lacerate 92,P2_VWA_25_Tub3,VWA_25_Tub3,2026-04-06,W7-8,,2026-04-06,W7-8,VWA,25,VWA_25,Grady
P3_VWA_25_Tub3_Lacerate 93,P3_VWA_25_Tub3,VWA_25_Tub3,2026-04-06,W7-8,,2026-04-06,W7-8,VWA,25,VWA_25,Grady
P3_VWA_25_Tub3_Lacerate 94,P3_VWA_25_Tub3,VWA_25_Tub3,2026-04-06,W7-8,,2026-04-06,W7-8,VWA,25,VWA_25,Grady
P3_VWA_25_Tub3_Lacerate 95,P3_VWA_25_Tub3,VWA_25_Tub3,2026-04-06,W7-8,,2026-04-06,W7-8,VWA,25,VWA_25,Grady
P3_VWA_25_Tub3_Lacerate 96,P3_VWA_25_Tub3,VWA_25_Tub3,2026-04-06,W7-8,,2026-04-06,W7-8,VWA,25,VWA_25,Grady
P1_H2_32_Tub1_Lacerate 96,P1_H2_32_Tub1,H2_32_Tub1,2026-04-06,W7-8,,2026-04-06,W7-8,H2,32,H2_32,Grady
P3_H2_32_Tub1_Lacerate 97,P3_H2_32_Tub1,H2_32_Tub1,2026-04-06,W7-8,,2026-04-06,W7-8,H2,32,H2_32,Grady
P3_H2_32_Tub1_Lacerate 98,P3_H2_32_Tub1,H2_32_Tub1,2026-04-06,W7-8,,2026-04-06,W7-8,H2,32,H2_32,Grady
P3_H2_32_Tub1_Lacerate 99,P3_H2_32_Tub1,H2_32_Tub1,2026-04-06,W7-8,,2026-04-06,W7-8,H2,32,H2_32,Grady
P3_H2_32_Tub1_Lacerate 100,P3_H2_32_Tub1,H2_32_Tub1,2026-04-06,W7-8,,2026-04-06,W7-8,H2,32,H2_32,Grady
P2_H2_32_Tub1_Lacerate 101,P2_H2_32_Tub1,H2_32_Tub1,2026-04-06,W7-8,,2026-04-06,W7-8,H2,32,H2_32,Grady
P3_H2_32_Tub2_Lacerate 105,P3_H2_32_Tub2,H2_32_Tub2,2026-04-06,W7-8,,2026-04-06,W7-8,H2,32,H2_32,Grady
P3_H2_32_Tub2_Lacerate 106,P3_H2_32_Tub2,H2_32_Tub2,2026-04-06,W7-8,,2026-04-06,W7-8,H2,32,H2_32,Grady
P3_H2_32_Tub2_Lacerate 107,P3_H2_32_Tub2,H2_32_Tub2,2026-04-06,W7-8,,2026-04-06,W7-8,H2,32,H2_32,Grady
P3_H2_32_Tub2_Lacerate 108,P3_H2_32_Tub2,H2_32_Tub2,2026-04-06,W7-8,,2026-04-06,W7-8,H2,32,H2_32,Grady
P3_H2_32_Tub2_Lacerate 109,P3_H2_32_Tub2,H2_32_Tub2,2026-04-06,W7-8,,2026-04-06,W7-8,H2,32,H2_32,Grady
P3_H2_32_Tub2_Lacerate 110,P3_H2_32_Tub2,H2_32_Tub2,2026-04-06,W7-8,,2026-04-06,W7-8,H2,32,H2_32,Grady
P1_H2_32_Tub2_Lacerate 111,P1_H2_32_Tub2,H2_32_Tub2,2026-04-06,W7-8,,2026-04-06,W7-8,H2,32,H2_32,Grady
P1_H2_32_Tub2_Lacerate 112,P1_H2_32_Tub2,H2_32_Tub2,2026-04-06,W7-8,,2026-04-06,W7-8,H2,32,H2_32,Grady
P1_H2_32_Tub2_Lacerate 113,P1_H2_32_Tub2,H2_32_Tub2,2026-04-06,W7-8,,2026-04-06,W7-8,H2,32,H2_32,Grady
P1_H2_32_Tub2_Lacerate 114,P1_H2_32_Tub2,H2_32_Tub2,2026-04-06,W7-8,,2026-04-06,W7-8,H2,32,H2_32,Grady
P1_H2_32_Tub2_Lacerate 115,P1_H2_32_Tub2,H2_32_Tub2,2026-04-06,W7-8,,2026-04-06,W7-8,H2,32,H2_32,Grady
PX_H2_32_Tub2_Lacerate 116,PX_H2_32_Tub2,H2_32_Tub2,2026-04-06,W7-8,,2026-04-06,W7-8,H2,32,H2_32,Grady
PX_H2_32_Tub2_Lacerate 117,PX_H2_32_Tub2,H2_32_Tub2,2026-04-06,W7-8,,2026-04-06,W7-8,H2,32,H2_32,Grady
PX_H2_32_Tub2_Lacerate 118,PX_H2_32_Tub2,H2_32_Tub2,2026-04-06,W7-8,,2026-04-06,W7-8,H2,32,H2_32,Grady
PX_H2_32_Tub2_Lacerate 119,PX_H2_32_Tub2,H2_32_Tub2,2026-04-06,W7-8,,2026-04-06,W7-8,H2,32,H2_32,Grady
PX_H2_32_Tub2_Lacerate 120,PX_H2_32_Tub2,H2_32_Tub2,2026-04-06,W7-8,,2026-04-06,W7-8,H2,32,H2_32,Grady
PX_H2_32_Tub2_Lacerate 121,PX_H2_32_Tub2,H2_32_Tub2,2026-04-06,W7-8,,2026-04-06,W7-8,H2,32,H2_32,Grady
PX_H2_32_Tub2_Lacerate 122,PX_H2_32_Tub2,H2_32_Tub2,2026-04-06,W7-8,,2026-04-06,W7-8,H2,32,H2_32,Grady
PX_H2_32_Tub2_Lacerate 123,PX_H2_32_Tub2,H2_32_Tub2,2026-04-06,W7-8,,2026-04-06,W7-8,H2,32,H2_32,Grady
PX_H2_32_Tub2_Lacerate 124,PX_H2_32_Tub2,H2_32_Tub2,2026-04-06,W7-8,,2026-04-06,W7-8,H2,32,H2_32,Grady
P3_H2_32_Tub3_Lacerate 100,P3_H2_32_Tub3,H2_32_Tub3,2026-04-06,W7-8,,2026-04-06,W7-8,H2,32,H2_32,Grady
P1_H2_32_Tub3_Lacerate 101,P1_H2_32_Tub3,H2_32_Tub3,2026-04-06,W7-8,,2026-04-06,W7-8,H2,32,H2_32,Grady
P1_H2_32_Tub3_Lacerate 102,P1_H2_32_Tub3,H2_32_Tub3,2026-04-06,W7-8,,2026-04-06,W7-8,H2,32,H2_32,Grady
P1_H2_32_Tub3_Lacerate 103,P1_H2_32_Tub3,H2_32_Tub3,2026-04-06,W7-8,,2026-04-06,W7-8,H2,32,H2_32,Grady
P2_H2_32_Tub3_Lacerate 104,P2_H2_32_Tub3,H2_32_Tub3,2026-04-06,W7-8,,2026-04-06,W7-8,H2,32,H2_32,Grady
P2_H2_32_Tub3_Lacerate 105,P2_H2_32_Tub3,H2_32_Tub3,2026-04-06,W7-8,,2026-04-06,W7-8,H2,32,H2_32,Grady
P2_H2_32_Tub3_Lacerate 106,P2_H2_32_Tub3,H2_32_Tub3,2026-04-06,W7-8,,2026-04-06,W7-8,H2,32,H2_32,Grady
P2_H2_32_Tub3_Lacerate 107,P2_H2_32_Tub3,H2_32_Tub3,2026-04-06,W7-8,,2026-04-06,W7-8,H2,32,H2_32,Grady
P2_H2_32_Tub3_Lacerate 108,P2_H2_32_Tub3,H2_32_Tub3,2026-04-06,W7-8,,2026-04-06,W7-8,H2,32,H2_32,Grady
PX_H2_32_Tub3_Lacerate 109,PX_H2_32_Tub3,H2_32_Tub3,2026-04-06,W7-8,,2026-04-06,W7-8,H2,32,H2_32,Grady
PX_H2_32_Tub3_Lacerate 110,PX_H2_32_Tub3,H2_32_Tub3,2026-04-06,W7-8,,2026-04-06,W7-8,H2,32,H2_32,Grady
PX_H2_32_Tub3_Lacerate 111,PX_H2_32_Tub3,H2_32_Tub3,2026-04-06,W7-8,,2026-04-06,W7-8,H2,32,H2_32,Grady
PX_H2_32_Tub3_Lacerate 112,PX_H2_32_Tub3,H2_32_Tub3,2026-04-06,W7-8,,2026-04-06,W7-8,H2,32,H2_32,Grady
PX_H2_32_Tub3_Lacerate 113,PX_H2_32_Tub3,H2_32_Tub3,2026-04-06,W7-8,,2026-04-06,W7-8,H2,32,H2_32,Grady
PX_H2_32_Tub3_Lacerate 114,PX_H2_32_Tub3,H2_32_Tub3,2026-04-06,W7-8,,2026-04-06,W7-8,H2,32,H2_32,Grady
PX_VWA_32_Tub1_Lacerate 96,PX_VWA_32_Tub1,VWA_32_Tub1,2026-04-06,W7-8,,2026-04-06,W7-8,VWA,32,VWA_32,Grady
PX_VWA_32_Tub1_Lacerate 97,PX_VWA_32_Tub1,VWA_32_Tub1,2026-04-06,W7-8,,2026-04-06,W7-8,VWA,32,VWA_32,Grady
PX_VWA_32_Tub1_Lacerate 98,PX_VWA_32_Tub1,VWA_32_Tub1,2026-04-06,W7-8,,2026-04-06,W7-8,VWA,32,VWA_32,Grady
PX_VWA_32_Tub1_Lacerate 99,PX_VWA_32_Tub1,VWA_32_Tub1,2026-04-06,W7-8,,2026-04-06,W7-8,VWA,32,VWA_32,Grady
PX_VWA_32_Tub1_Lacerate 100,PX_VWA_32_Tub1,VWA_32_Tub1,2026-04-06,W7-8,,2026-04-06,W7-8,VWA,32,VWA_32,Grady
PX_VWA_32_Tub1_Lacerate 101,PX_VWA_32_Tub1,VWA_32_Tub1,2026-04-06,W7-8,,2026-04-06,W7-8,VWA,32,VWA_32,Grady
PX_VWA_32_Tub1_Lacerate 102,PX_VWA_32_Tub1,VWA_32_Tub1,2026-04-06,W7-8,,2026-04-06,W7-8,VWA,32,VWA_32,Grady
PX_VWA_32_Tub2_Lacerate 66,PX_VWA_32_Tub2,VWA_32_Tub2,2026-04-06,W7-8,,2026-04-06,W7-8,VWA,32,VWA_32,Grady
PX_VWA_32_Tub2_Lacerate 67,PX_VWA_32_Tub2,VWA_32_Tub2,2026-04-06,W7-8,,2026-04-06,W7-8,VWA,32,VWA_32,Grady
PX_VWA_32_Tub2_Lacerate 68,PX_VWA_32_Tub2,VWA_32_Tub2,2026-04-06,W7-8,,2026-04-06,W7-8,VWA,32,VWA_32,Grady
PX_VWA_32_Tub2_Lacerate 69,PX_VWA_32_Tub2,VWA_32_Tub2,2026-04-06,W7-8,,2026-04-06,W7-8,VWA,32,VWA_32,Grady
PX_VWA_32_Tub3_Lacerate 52,PX_VWA_32_Tub3,VWA_32_Tub3,2026-04-06,W7-8,,2026-04-06,W7-8,VWA,32,VWA_32,Grady
PX_VWA_32_Tub3_Lacerate 53,PX_VWA_32_Tub3,VWA_32_Tub3,2026-04-06,W7-8,,2026-04-06,W7-8,VWA,32,VWA_32,Grady
PX_VWA_32_Tub3_Lacerate 54,PX_VWA_32_Tub3,VWA_32_Tub3,2026-04-06,W7-8,,2026-04-06,W7-8,VWA,32,VWA_32,Grady
P1_VWA_32_Tub3_Lacerate 55,P1_VWA_32_Tub3,VWA_32_Tub3,2026-04-06,W7-8,,2026-04-06,W7-8,VWA,32,VWA_32,Grady
PX_VWA_32_Tub3_Lacerate 56,PX_VWA_32_Tub3,VWA_32_Tub3,2026-04-06,W7-8,,2026-04-06,W7-8,VWA,32,VWA_32,Grady
PX_VWA_32_Tub3_Lacerate 57,PX_VWA_32_Tub3,VWA_32_Tub3,2026-04-06,W7-8,,2026-04-06,W7-8,VWA,32,VWA_32,Grady
PX_VWA_32_Tub3_Lacerate 58,PX_VWA_32_Tub3,VWA_32_Tub3,2026-04-06,W7-8,,2026-04-06,W7-8,VWA,32,VWA_32,Grady
PX_VWA_32_Tub3_Lacerate 59,PX_VWA_32_Tub3,VWA_32_Tub3,2026-04-06,W7-8,,2026-04-06,W7-8,VWA,32,VWA_32,Grady
PX_VWA_32_Tub3_Lacerate 60,PX_VWA_32_Tub3,VWA_32_Tub3,2026-04-06,W7-8,,2026-04-06,W7-8,VWA,32,VWA_32,Grady
PX_VWA_32_Tub3_Lacerate 61,PX_VWA_32_Tub3,VWA_32_Tub3,2026-04-06,W7-8,,2026-04-06,W7-8,VWA,32,VWA_32,Grady
P3_VWA_32_Tub3_Lacerate 62,P3_VWA_32_Tub3,VWA_32_Tub3,2026-04-06,W7-8,,2026-04-06,W7-8,VWA,32,VWA_32,Grady
P3_VWA_32_Tub3_Lacerate 63,P3_VWA_32_Tub3,VWA_32_Tub3,2026-04-06,W7-8,,2026-04-06,W7-8,VWA,32,VWA_32,Grady
P3_VWA_32_Tub3_Lacerate 64,P3_VWA_32_Tub3,VWA_32_Tub3,2026-04-06,W7-8,,2026-04-06,W7-8,VWA,32,VWA_32,Grady
P2_H2_25_Tub1_Lacerate 157,P2_H2_25_Tub1,H2_25_Tub1,2026-04-07,W9-10,,2026-04-20,W9-10,H2,25,H2_25,Maddox
P2_H2_25_Tub1_Lacerate 158,P2_H2_25_Tub1,H2_25_Tub1,2026-04-07,W9-10,,2026-04-20,W9-10,H2,25,H2_25,Maddox
P3_H2_25_Tub1_Lacerate 159,P3_H2_25_Tub1,H2_25_Tub1,2026-04-07,W9-10,,2026-04-20,W9-10,H2,25,H2_25,Maddox
P1_H2_25_Tub1_Lacerate 160,P1_H2_25_Tub1,H2_25_Tub1,2026-04-07,W9-10,,2026-04-20,W9-10,H2,25,H2_25,Maddox
P1_H2_25_Tub1_Lacerate 161,P1_H2_25_Tub1,H2_25_Tub1,2026-04-07,W9-10,,2026-04-20,W9-10,H2,25,H2_25,Maddox
P3_H2_25_Tub2_Lacerate 106,P3_H2_25_Tub2,H2_25_Tub2,2026-04-07,W9-10,,2026-04-20,W9-10,H2,25,H2_25,Maddox
P3_H2_25_Tub2_Lacerate 107,P3_H2_25_Tub2,H2_25_Tub2,2026-04-07,W9-10,,2026-04-20,W9-10,H2,25,H2_25,Maddox
P3_H2_25_Tub2_Lacerate 108,P3_H2_25_Tub2,H2_25_Tub2,2026-04-07,W9-10,,2026-04-20,W9-10,H2,25,H2_25,Maddox
P3_H2_25_Tub2_Lacerate 109,P3_H2_25_Tub2,H2_25_Tub2,2026-04-07,W9-10,,2026-04-20,W9-10,H2,25,H2_25,Maddox
P3_H2_25_Tub2_Lacerate 110,P3_H2_25_Tub2,H2_25_Tub2,2026-04-07,W9-10,,2026-04-20,W9-10,H2,25,H2_25,Maddox
P3_H2_25_Tub2_Lacerate 111,P3_H2_25_Tub2,H2_25_Tub2,2026-04-07,W9-10,,2026-04-20,W9-10,H2,25,H2_25,Maddox
P3_H2_25_Tub2_Lacerate 112,P3_H2_25_Tub2,H2_25_Tub2,2026-04-07,W9-10,,2026-04-20,W9-10,H2,25,H2_25,Maddox
P3_H2_25_Tub3_Lacerate 111,P3_H2_25_Tub3,H2_25_Tub3,2026-04-07,W9-10,,2026-04-20,W9-10,H2,25,H2_25,Maddox
P3_H2_25_Tub3_Lacerate 112,P3_H2_25_Tub3,H2_25_Tub3,2026-04-07,W9-10,,2026-04-20,W9-10,H2,25,H2_25,Maddox
P2_VWA_25_Tub1_Lacerate 137,P2_VWA_25_Tub1,VWA_25_Tub1,2026-04-07,W9-10,,2026-04-20,W9-10,VWA,25,VWA_25,Maddox
P3_VWA_25_Tub1_Lacerate 138,P3_VWA_25_Tub1,VWA_25_Tub1,2026-04-07,W9-10,,2026-04-20,W9-10,VWA,25,VWA_25,Maddox
P3_VWA_25_Tub1_Lacerate 139,P3_VWA_25_Tub1,VWA_25_Tub1,2026-04-07,W9-10,,2026-04-20,W9-10,VWA,25,VWA_25,Maddox
P1_VWA_25_Tub2_Lacerate 74,P1_VWA_25_Tub2,VWA_25_Tub2,2026-04-07,W9-10,,2026-04-20,W9-10,VWA,25,VWA_25,Maddox
P1_VWA_25_Tub2_Lacerate 75,P1_VWA_25_Tub2,VWA_25_Tub2,2026-04-07,W9-10,,2026-04-20,W9-10,VWA,25,VWA_25,Maddox
P1_VWA_25_Tub2_Lacerate 76,P1_VWA_25_Tub2,VWA_25_Tub2,2026-04-07,W9-10,,2026-04-20,W9-10,VWA,25,VWA_25,Maddox
P1_VWA_25_Tub2_Lacerate 77,P1_VWA_25_Tub2,VWA_25_Tub2,2026-04-07,W9-10,,2026-04-20,W9-10,VWA,25,VWA_25,Maddox
P1_VWA_25_Tub2_Lacerate 78,P1_VWA_25_Tub2,VWA_25_Tub2,2026-04-07,W9-10,,2026-04-20,W9-10,VWA,25,VWA_25,Maddox
P1_VWA_25_Tub2_Lacerate 79,P1_VWA_25_Tub2,VWA_25_Tub2,2026-04-07,W9-10,,2026-04-20,W9-10,VWA,25,VWA_25,Maddox
P1_VWA_25_Tub2_Lacerate 80,P1_VWA_25_Tub2,VWA_25_Tub2,2026-04-07,W9-10,,2026-04-20,W9-10,VWA,25,VWA_25,Maddox
P1_VWA_25_Tub2_Lacerate 81,P1_VWA_25_Tub2,VWA_25_Tub2,2026-04-07,W9-10,,2026-04-20,W9-10,VWA,25,VWA_25,Maddox
P1_VWA_25_Tub2_Lacerate 82,P1_VWA_25_Tub2,VWA_25_Tub2,2026-04-07,W9-10,,2026-04-20,W9-10,VWA,25,VWA_25,Maddox
P1_VWA_25_Tub2_Lacerate 83,P1_VWA_25_Tub2,VWA_25_Tub2,2026-04-07,W9-10,,2026-04-20,W9-10,VWA,25,VWA_25,Maddox
P1_VWA_25_Tub2_Lacerate 84,P1_VWA_25_Tub2,VWA_25_Tub2,2026-04-07,W9-10,,2026-04-20,W9-10,VWA,25,VWA_25,Maddox
P3_VWA_25_Tub3_Lacerate 97,P3_VWA_25_Tub3,VWA_25_Tub3,2026-04-07,W9-10,,2026-04-20,W9-10,VWA,25,VWA_25,Maddox
P3_VWA_25_Tub3_Lacerate 98,P3_VWA_25_Tub3,VWA_25_Tub3,2026-04-07,W9-10,,2026-04-20,W9-10,VWA,25,VWA_25,Maddox
P3_VWA_25_Tub3_Lacerate 99,P3_VWA_25_Tub3,VWA_25_Tub3,2026-04-07,W9-10,,2026-04-20,W9-10,VWA,25,VWA_25,Maddox
P3_VWA_25_Tub3_Lacerate 100,P3_VWA_25_Tub3,VWA_25_Tub3,2026-04-07,W9-10,,2026-04-20,W9-10,VWA,25,VWA_25,Maddox
P3_VWA_25_Tub3_Lacerate 101,P3_VWA_25_Tub3,VWA_25_Tub3,2026-04-07,W9-10,,2026-04-20,W9-10,VWA,25,VWA_25,Maddox
P3_VWA_25_Tub3_Lacerate 102,P3_VWA_25_Tub3,VWA_25_Tub3,2026-04-07,W9-10,,2026-04-20,W9-10,VWA,25,VWA_25,Maddox
P3_VWA_25_Tub3_Lacerate 103,P3_VWA_25_Tub3,VWA_25_Tub3,2026-04-07,W9-10,,2026-04-20,W9-10,VWA,25,VWA_25,Maddox
P3_VWA_25_Tub3_Lacerate 104,P3_VWA_25_Tub3,VWA_25_Tub3,2026-04-07,W9-10,,2026-04-20,W9-10,VWA,25,VWA_25,Maddox
P1_H2_32_Tub3_Lacerate 115,P1_H2_32_Tub3,H2_32_Tub3,2026-04-07,W9-10,,2026-04-20,W9-10,H2,32,H2_32,Maddox
P2_H2_32_Tub3_Lacerate 116,P2_H2_32_Tub3,H2_32_Tub3,2026-04-07,W9-10,,2026-04-20,W9-10,H2,32,H2_32,Maddox
P2_H2_32_Tub3_Lacerate 117,P2_H2_32_Tub3,H2_32_Tub3,2026-04-07,W9-10,,2026-04-20,W9-10,H2,32,H2_32,Maddox
P2_H2_32_Tub3_Lacerate 118,P2_H2_32_Tub3,H2_32_Tub3,2026-04-07,W9-10,,2026-04-20,W9-10,H2,32,H2_32,Maddox
P2_H2_32_Tub3_Lacerate 119,P2_H2_32_Tub3,H2_32_Tub3,2026-04-07,W9-10,,2026-04-20,W9-10,H2,32,H2_32,Maddox
P2_VWA_32_Tub1_Lacerate 103,P2_VWA_32_Tub1,VWA_32_Tub1,2026-04-07,W9-10,,2026-04-20,W9-10,VWA,32,VWA_32,Maddox
PX_VWA_32_Tub2_Lacerate 70,PX_VWA_32_Tub2,VWA_32_Tub2,2026-04-07,W9-10,,2026-04-20,W9-10,VWA,32,VWA_32,Maddox
PX_VWA_32_Tub2_Lacerate 71,PX_VWA_32_Tub2,VWA_32_Tub2,2026-04-07,W9-10,,2026-04-20,W9-10,VWA,32,VWA_32,Maddox
PX_VWA_32_Tub2_Lacerate 72,PX_VWA_32_Tub2,VWA_32_Tub2,2026-04-07,W9-10,,2026-04-20,W9-10,VWA,32,VWA_32,Maddox
PX_VWA_32_Tub2_Lacerate 73,PX_VWA_32_Tub2,VWA_32_Tub2,2026-04-07,W9-10,,2026-04-20,W9-10,VWA,32,VWA_32,Maddox
P3_VWA_32_Tub3_Lacerate 65,P3_VWA_32_Tub3,VWA_32_Tub3,2026-04-07,W9-10,,2026-04-20,W9-10,VWA,32,VWA_32,Maddox
P3_VWA_32_Tub3_Lacerate 66,P3_VWA_32_Tub3,VWA_32_Tub3,2026-04-07,W9-10,,2026-04-20,W9-10,VWA,32,VWA_32,Maddox
P3_VWA_32_Tub3_Lacerate 67,P3_VWA_32_Tub3,VWA_32_Tub3,2026-04-07,W9-10,,2026-04-20,W9-10,VWA,32,VWA_32,Maddox
P2_H2_25_Tub1_Lacerate 162,P2_H2_25_Tub1,H2_25_Tub1,2026-04-07,W9-10,,2026-04-20,W9-10,H2,25,H2_25,Maddox
P3_H2_25_Tub2_Lacerate 113,P3_H2_25_Tub2,H2_25_Tub2,2026-04-07,W9-10,,2026-04-20,W9-10,H2,25,H2_25,Maddox
P2_H2_25_Tub2_Lacerate 114,P2_H2_25_Tub2,H2_25_Tub2,2026-04-07,W9-10,,2026-04-20,W9-10,H2,25,H2_25,Maddox
P2_H2_25_Tub2_Lacerate 115,P2_H2_25_Tub2,H2_25_Tub2,2026-04-07,W9-10,,2026-04-20,W9-10,H2,25,H2_25,Maddox
P2_H2_25_Tub2_Lacerate 116,P2_H2_25_Tub2,H2_25_Tub2,2026-04-07,W9-10,,2026-04-20,W9-10,H2,25,H2_25,Maddox
PX_H2_25_Tub3_Lacerate 113,PX_H2_25_Tub3,H2_25_Tub3,2026-04-07,W9-10,,2026-04-20,W9-10,H2,25,H2_25,Maddox
P2_H2_25_Tub3_Lacerate 114,P2_H2_25_Tub3,H2_25_Tub3,2026-04-07,W9-10,,2026-04-20,W9-10,H2,25,H2_25,Maddox
P1_H2_25_Tub3_Lacerate 115,P1_H2_25_Tub3,H2_25_Tub3,2026-04-07,W9-10,,2026-04-20,W9-10,H2,25,H2_25,Maddox
P1_VWA_25_Tub1_Lacerate 140,P1_VWA_25_Tub1,VWA_25_Tub1,2026-04-07,W9-10,,2026-04-20,W9-10,VWA,25,VWA_25,Maddox
PX_VWA_25_Tub1_Lacerate 141,PX_VWA_25_Tub1,VWA_25_Tub1,2026-04-07,W9-10,,2026-04-20,W9-10,VWA,25,VWA_25,Maddox
P3_VWA_25_Tub1_Lacerate 142,P3_VWA_25_Tub1,VWA_25_Tub1,2026-04-07,W9-10,,2026-04-20,W9-10,VWA,25,VWA_25,Maddox
PX_VWA_25_Tub1_Lacerate 143,PX_VWA_25_Tub1,VWA_25_Tub1,2026-04-07,W9-10,,2026-04-20,W9-10,VWA,25,VWA_25,Maddox
P2_VWA_25_Tub1_Lacerate 144,P2_VWA_25_Tub1,VWA_25_Tub1,2026-04-07,W9-10,,2026-04-20,W9-10,VWA,25,VWA_25,Maddox
P2_VWA_25_Tub1_Lacerate 145,P2_VWA_25_Tub1,VWA_25_Tub1,2026-04-07,W9-10,,2026-04-20,W9-10,VWA,25,VWA_25,Maddox
P2_VWA_25_Tub1_Lacerate 146,P2_VWA_25_Tub1,VWA_25_Tub1,2026-04-07,W9-10,,2026-04-20,W9-10,VWA,25,VWA_25,Maddox
PX_VWA_25_Tub3_Lacerate 105,PX_VWA_25_Tub3,VWA_25_Tub3,2026-04-07,W9-10,,2026-04-20,W9-10,VWA,25,VWA_25,Maddox
P3_VWA_25_Tub3_Lacerate 106,P3_VWA_25_Tub3,VWA_25_Tub3,2026-04-07,W9-10,,2026-04-20,W9-10,VWA,25,VWA_25,Maddox
P3_VWA_25_Tub3_Lacerate 107,P3_VWA_25_Tub3,VWA_25_Tub3,2026-04-07,W9-10,,2026-04-20,W9-10,VWA,25,VWA_25,Maddox
P3_VWA_25_Tub3_Lacerate 108,P3_VWA_25_Tub3,VWA_25_Tub3,2026-04-07,W9-10,,2026-04-20,W9-10,VWA,25,VWA_25,Maddox
P3_VWA_25_Tub3_Lacerate 109,P3_VWA_25_Tub3,VWA_25_Tub3,2026-04-07,W9-10,,2026-04-20,W9-10,VWA,25,VWA_25,Maddox
PX_VWA_25_Tub3_Lacerate 110,PX_VWA_25_Tub3,VWA_25_Tub3,2026-04-07,W9-10,,2026-04-20,W9-10,VWA,25,VWA_25,Maddox
P2_VWA_25_Tub3_Lacerate 111,P2_VWA_25_Tub3,VWA_25_Tub3,2026-04-07,W9-10,,2026-04-20,W9-10,VWA,25,VWA_25,Maddox
P3_H2_32_Tub1_Lacerate 102,P3_H2_32_Tub1,H2_32_Tub1,2026-04-07,W9-10,,2026-04-20,W9-10,H2,32,H2_32,Maddox
P2_H2_32_Tub1_Lacerate 103,P2_H2_32_Tub1,H2_32_Tub1,2026-04-07,W9-10,,2026-04-20,W9-10,H2,32,H2_32,Maddox
P1_H2_32_Tub2_Lacerate 125,P1_H2_32_Tub2,H2_32_Tub2,2026-04-07,W9-10,,2026-04-20,W9-10,H2,32,H2_32,Maddox
P1_H2_32_Tub2_Lacerate 126,P1_H2_32_Tub2,H2_32_Tub2,2026-04-07,W9-10,,2026-04-20,W9-10,H2,32,H2_32,Maddox
P1_H2_32_Tub2_Lacerate 127,P1_H2_32_Tub2,H2_32_Tub2,2026-04-07,W9-10,,2026-04-20,W9-10,H2,32,H2_32,Maddox
P1_H2_32_Tub2_Lacerate 128,P1_H2_32_Tub2,H2_32_Tub2,2026-04-07,W9-10,,2026-04-20,W9-10,H2,32,H2_32,Maddox
P1_H2_32_Tub2_Lacerate 129,P1_H2_32_Tub2,H2_32_Tub2,2026-04-07,W9-10,,2026-04-20,W9-10,H2,32,H2_32,Maddox
P1_H2_32_Tub2_Lacerate 130,P1_H2_32_Tub2,H2_32_Tub2,2026-04-07,W9-10,,2026-04-20,W9-10,H2,32,H2_32,Maddox
P1_H2_32_Tub2_Lacerate 131,P1_H2_32_Tub2,H2_32_Tub2,2026-04-07,W9-10,,2026-04-20,W9-10,H2,32,H2_32,Maddox
P3_H2_32_Tub2_Lacerate 132,P3_H2_32_Tub2,H2_32_Tub2,2026-04-07,W9-10,,2026-04-20,W9-10,H2,32,H2_32,Maddox
P2_H2_32_Tub2_Lacerate 133,P2_H2_32_Tub2,H2_32_Tub2,2026-04-07,W9-10,,2026-04-20,W9-10,H2,32,H2_32,Maddox
P3_H2_32_Tub3_Lacerate 120,P3_H2_32_Tub3,H2_32_Tub3,2026-04-07,W9-10,,2026-04-20,W9-10,H2,32,H2_32,Maddox
P3_H2_32_Tub3_Lacerate 121,P3_H2_32_Tub3,H2_32_Tub3,2026-04-07,W9-10,,2026-04-20,W9-10,H2,32,H2_32,Maddox
P3_H2_32_Tub3_Lacerate 122,P3_H2_32_Tub3,H2_32_Tub3,2026-04-07,W9-10,,2026-04-20,W9-10,H2,32,H2_32,Maddox
P3_H2_32_Tub3_Lacerate 123,P3_H2_32_Tub3,H2_32_Tub3,2026-04-07,W9-10,,2026-04-20,W9-10,H2,32,H2_32,Maddox
P3_H2_32_Tub3_Lacerate 124,P3_H2_32_Tub3,H2_32_Tub3,2026-04-07,W9-10,,2026-04-20,W9-10,H2,32,H2_32,Maddox
PX_VWA_32_Tub1_Lacerate 104,PX_VWA_32_Tub1,VWA_32_Tub1,2026-04-07,W9-10,,2026-04-20,W9-10,VWA,32,VWA_32,Maddox
PX_VWA_32_Tub1_Lacerate 105,PX_VWA_32_Tub1,VWA_32_Tub1,2026-04-07,W9-10,,2026-04-20,W9-10,VWA,32,VWA_32,Maddox
P1_VWA_32_Tub1_Lacerate 106,P1_VWA_32_Tub1,VWA_32_Tub1,2026-04-07,W9-10,,2026-04-20,W9-10,VWA,32,VWA_32,Maddox
P1_VWA_32_Tub1_Lacerate 107,P1_VWA_32_Tub1,VWA_32_Tub1,2026-04-07,W9-10,,2026-04-20,W9-10,VWA,32,VWA_32,Maddox
P1_VWA_32_Tub1_Lacerate 108,P1_VWA_32_Tub1,VWA_32_Tub1,2026-04-07,W9-10,,2026-04-20,W9-10,VWA,32,VWA_32,Maddox
P1_VWA_32_Tub1_Lacerate 109,P1_VWA_32_Tub1,VWA_32_Tub1,2026-04-07,W9-10,,2026-04-20,W9-10,VWA,32,VWA_32,Maddox
PX_VWA_32_Tub1_Lacerate 110,PX_VWA_32_Tub1,VWA_32_Tub1,2026-04-07,W9-10,,2026-04-20,W9-10,VWA,32,VWA_32,Maddox
PX_VWA_32_Tub1_Lacerate 111,PX_VWA_32_Tub1,VWA_32_Tub1,2026-04-07,W9-10,,2026-04-20,W9-10,VWA,32,VWA_32,Maddox
P2_VWA_32_Tub1_Lacerate 112,P2_VWA_32_Tub1,VWA_32_Tub1,2026-04-07,W9-10,,2026-04-20,W9-10,VWA,32,VWA_32,Maddox
P2_VWA_32_Tub1_Lacerate 113,P2_VWA_32_Tub1,VWA_32_Tub1,2026-04-07,W9-10,,2026-04-20,W9-10,VWA,32,VWA_32,Maddox
P1_VWA_32_Tub2_Lacerate 74,P1_VWA_32_Tub2,VWA_32_Tub2,2026-04-07,W9-10,,2026-04-20,W9-10,VWA,32,VWA_32,Maddox
P1_VWA_32_Tub2_Lacerate 75,P1_VWA_32_Tub2,VWA_32_Tub2,2026-04-07,W9-10,,2026-04-20,W9-10,VWA,32,VWA_32,Maddox
P1_VWA_32_Tub2_Lacerate 76,P1_VWA_32_Tub2,VWA_32_Tub2,2026-04-07,W9-10,,2026-04-20,W9-10,VWA,32,VWA_32,Maddox
P1_VWA_32_Tub2_Lacerate 77,P1_VWA_32_Tub2,VWA_32_Tub2,2026-04-07,W9-10,,2026-04-20,W9-10,VWA,32,VWA_32,Maddox
P1_VWA_32_Tub2_Lacerate 78,P1_VWA_32_Tub2,VWA_32_Tub2,2026-04-07,W9-10,,2026-04-20,W9-10,VWA,32,VWA_32,Maddox
P1_VWA_32_Tub3_Lacerate 68,P1_VWA_32_Tub3,VWA_32_Tub3,2026-04-07,W9-10,,2026-04-20,W9-10,VWA,32,VWA_32,Maddox
P1_VWA_32_Tub3_Lacerate 69,P1_VWA_32_Tub3,VWA_32_Tub3,2026-04-07,W9-10,,2026-04-20,W9-10,VWA,32,VWA_32,Maddox
P3_VWA_32_Tub3_Lacerate 70,P3_VWA_32_Tub3,VWA_32_Tub3,2026-04-07,W9-10,,2026-04-20,W9-10,VWA,32,VWA_32,Maddox
P3_VWA_32_Tub3_Lacerate 71,P3_VWA_32_Tub3,VWA_32_Tub3,2026-04-07,W9-10,,2026-04-20,W9-10,VWA,32,VWA_32,Maddox
DUPLICATE_REMOVED,DUPLICATE_REMOVED,DUPLICATE_REMOVED,DUPLICATE_REMOVED,DUPLICATE_REMOVED,DUPLICATE_REMOVED,DUPLICATE_REMOVED,DUPLICATE_REMOVED,DUPLICATE_REMOVED,DUPLICATE_REMOVED,DUPLICATE_REMOVED,DUPLICATE_REMOVED
DUPLICATE_REMOVED,DUPLICATE_REMOVED,DUPLICATE_REMOVED,DUPLICATE_REMOVED,DUPLICATE_REMOVED,DUPLICATE_REMOVED,DUPLICATE_REMOVED,DUPLICATE_REMOVED,DUPLICATE_REMOVED,DUPLICATE_REMOVED,DUPLICATE_REMOVED,DUPLICATE_REMOVED
DUPLICATE_REMOVED,DUPLICATE_REMOVED,DUPLICATE_REMOVED,DUPLICATE_REMOVED,DUPLICATE_REMOVED,DUPLICATE_REMOVED,DUPLICATE_REMOVED,DUPLICATE_REMOVED,DUPLICATE_REMOVED,DUPLICATE_REMOVED,DUPLICATE_REMOVED,DUPLICATE_REMOVED
DUPLICATE_REMOVED,DUPLICATE_REMOVED,DUPLICATE_REMOVED,DUPLICATE_REMOVED,DUPLICATE_REMOVED,DUPLICATE_REMOVED,DUPLICATE_REMOVED,DUPLICATE_REMOVED,DUPLICATE_REMOVED,DUPLICATE_REMOVED,DUPLICATE_REMOVED,DUPLICATE_REMOVED
DUPLICATE_REMOVED,DUPLICATE_REMOVED,DUPLICATE_REMOVED,DUPLICATE_REMOVED,DUPLICATE_REMOVED,DUPLICATE_REMOVED,DUPLICATE_REMOVED,DUPLICATE_REMOVED,DUPLICATE_REMOVED,DUPLICATE_REMOVED,DUPLICATE_REMOVED,DUPLICATE_REMOVED
DUPLICATE_REMOVED,DUPLICATE_REMOVED,DUPLICATE_REMOVED,DUPLICATE_REMOVED,DUPLICATE_REMOVED,DUPLICATE_REMOVED,DUPLICATE_REMOVED,DUPLICATE_REMOVED,DUPLICATE_REMOVED,DUPLICATE_REMOVED,DUPLICATE_REMOVED,DUPLICATE_REMOVED
P2_H2_25_Tub1_Lacerate 163,P2_H2_25_Tub1,H2_25_Tub1,2026-04-09,W9-10,,2026-04-20,W9-10,H2,25,H2_25,Maddox
P3_H2_25_Tub1_Lacerate 164,P3_H2_25_Tub1,H2_25_Tub1,2026-04-09,W9-10,,2026-04-20,W9-10,H2,25,H2_25,Maddox
DUPLICATE_REMOVED,DUPLICATE_REMOVED,DUPLICATE_REMOVED,DUPLICATE_REMOVED,DUPLICATE_REMOVED,DUPLICATE_REMOVED,DUPLICATE_REMOVED,DUPLICATE_REMOVED,DUPLICATE_REMOVED,DUPLICATE_REMOVED,DUPLICATE_REMOVED,DUPLICATE_REMOVED
DUPLICATE_REMOVED,DUPLICATE_REMOVED,DUPLICATE_REMOVED,DUPLICATE_REMOVED,DUPLICATE_REMOVED,DUPLICATE_REMOVED,DUPLICATE_REMOVED,DUPLICATE_REMOVED,DUPLICATE_REMOVED,DUPLICATE_REMOVED,DUPLICATE_REMOVED,DUPLICATE_REMOVED
DUPLICATE_REMOVED,DUPLICATE_REMOVED,DUPLICATE_REMOVED,DUPLICATE_REMOVED,DUPLICATE_REMOVED,DUPLICATE_REMOVED,DUPLICATE_REMOVED,DUPLICATE_REMOVED,DUPLICATE_REMOVED,DUPLICATE_REMOVED,DUPLICATE_REMOVED,DUPLICATE_REMOVED
DUPLICATE_REMOVED,DUPLICATE_REMOVED,DUPLICATE_REMOVED,DUPLICATE_REMOVED,DUPLICATE_REMOVED,DUPLICATE_REMOVED,DUPLICATE_REMOVED,DUPLICATE_REMOVED,DUPLICATE_REMOVED,DUPLICATE_REMOVED,DUPLICATE_REMOVED,DUPLICATE_REMOVED
DUPLICATE_REMOVED,DUPLICATE_REMOVED,DUPLICATE_REMOVED,DUPLICATE_REMOVED,DUPLICATE_REMOVED,DUPLICATE_REMOVED,DUPLICATE_REMOVED,DUPLICATE_REMOVED,DUPLICATE_REMOVED,DUPLICATE_REMOVED,DUPLICATE_REMOVED,DUPLICATE_REMOVED
DUPLICATE_REMOVED,DUPLICATE_REMOVED,DUPLICATE_REMOVED,DUPLICATE_REMOVED,DUPLICATE_REMOVED,DUPLICATE_REMOVED,DUPLICATE_REMOVED,DUPLICATE_REMOVED,DUPLICATE_REMOVED,DUPLICATE_REMOVED,DUPLICATE_REMOVED,DUPLICATE_REMOVED
DUPLICATE_REMOVED,DUPLICATE_REMOVED,DUPLICATE_REMOVED,DUPLICATE_REMOVED,DUPLICATE_REMOVED,DUPLICATE_REMOVED,DUPLICATE_REMOVED,DUPLICATE_REMOVED,DUPLICATE_REMOVED,DUPLICATE_REMOVED,DUPLICATE_REMOVED,DUPLICATE_REMOVED
DUPLICATE_REMOVED,DUPLICATE_REMOVED,DUPLICATE_REMOVED,DUPLICATE_REMOVED,DUPLICATE_REMOVED,DUPLICATE_REMOVED,DUPLICATE_REMOVED,DUPLICATE_REMOVED,DUPLICATE_REMOVED,DUPLICATE_REMOVED,DUPLICATE_REMOVED,DUPLICATE_REMOVED
DUPLICATE_REMOVED,DUPLICATE_REMOVED,DUPLICATE_REMOVED,DUPLICATE_REMOVED,DUPLICATE_REMOVED,DUPLICATE_REMOVED,DUPLICATE_REMOVED,DUPLICATE_REMOVED,DUPLICATE_REMOVED,DUPLICATE_REMOVED,DUPLICATE_REMOVED,DUPLICATE_REMOVED
DUPLICATE_REMOVED,DUPLICATE_REMOVED,DUPLICATE_REMOVED,DUPLICATE_REMOVED,DUPLICATE_REMOVED,DUPLICATE_REMOVED,DUPLICATE_REMOVED,DUPLICATE_REMOVED,DUPLICATE_REMOVED,DUPLICATE_REMOVED,DUPLICATE_REMOVED,DUPLICATE_REMOVED
DUPLICATE_REMOVED,DUPLICATE_REMOVED,DUPLICATE_REMOVED,DUPLICATE_REMOVED,DUPLICATE_REMOVED,DUPLICATE_REMOVED,DUPLICATE_REMOVED,DUPLICATE_REMOVED,DUPLICATE_REMOVED,DUPLICATE_REMOVED,DUPLICATE_REMOVED,DUPLICATE_REMOVED
P3_H2_25_Tub2_Lacerate 117,P3_H2_25_Tub2,H2_25_Tub2,2026-04-09,W9-10,,2026-04-20,W9-10,H2,25,H2_25,Maddox
P1_H2_25_Tub2_Lacerate 118,P1_H2_25_Tub2,H2_25_Tub2,2026-04-09,W9-10,,2026-04-20,W9-10,H2,25,H2_25,Maddox
P1_VWA_25_Tub2_Lacerate 85,P1_VWA_25_Tub2,VWA_25_Tub2,2026-04-09,W9-10,,2026-04-20,W9-10,VWA,25,VWA_25,Maddox
P2_VWA_25_Tub1_Lacerate 147,P2_VWA_25_Tub1,VWA_25_Tub1,2026-04-09,W9-10,,2026-04-20,W9-10,VWA,25,VWA_25,Maddox
DUPLICATE_REMOVED,DUPLICATE_REMOVED,DUPLICATE_REMOVED,DUPLICATE_REMOVED,DUPLICATE_REMOVED,DUPLICATE_REMOVED,DUPLICATE_REMOVED,DUPLICATE_REMOVED,DUPLICATE_REMOVED,DUPLICATE_REMOVED,DUPLICATE_REMOVED,DUPLICATE_REMOVED
P1_H2_25_Tub3_Lacerate 116,P1_H2_25_Tub3,H2_25_Tub3,2026-04-09,W9-10,,2026-04-20,W9-10,H2,25,H2_25,Maddox
Px_H2_25_Tub3_Lacerate 117,Px_H2_25_Tub3,H2_25_Tub3,2026-04-09,W9-10,,2026-04-20,W9-10,H2,25,H2_25,Maddox
P2_H2_32_Tub3_Lacerate 125,P2_H2_32_Tub3,H2_32_Tub3,2026-04-09,W9-10,,2026-04-20,W9-10,H2,32,H2_32,Maddox
P3_H2_32_Tub3_Lacerate 126,P3_H2_32_Tub3,H2_32_Tub3,2026-04-09,W9-10,,2026-04-20,W9-10,H2,32,H2_32,Maddox
P1_H2_32_Tub3_Lacerate 127,P1_H2_32_Tub3,H2_32_Tub3,2026-04-09,W9-10,,2026-04-20,W9-10,H2,32,H2_32,Maddox
P2_VWA_25_Tub3_Lacerate 112,P2_VWA_25_Tub3,VWA_25_Tub3,2026-04-09,W9-10,,2026-04-20,W9-10,VWA,25,VWA_25,Maddox
DUPLICATE_REMOVED,DUPLICATE_REMOVED,DUPLICATE_REMOVED,DUPLICATE_REMOVED,DUPLICATE_REMOVED,DUPLICATE_REMOVED,DUPLICATE_REMOVED,DUPLICATE_REMOVED,DUPLICATE_REMOVED,DUPLICATE_REMOVED,DUPLICATE_REMOVED,DUPLICATE_REMOVED
P3_VWA_32_Tub1_Lacerate 114,P3_VWA_32_Tub1,VWA_32_Tub1,2026-04-09,W9-10,,2026-04-20,W9-10,VWA,32,VWA_32,Maddox
P3_VWA_32_Tub1_Lacerate 115,P3_VWA_32_Tub1,VWA_32_Tub1,2026-04-09,W9-10,,2026-04-20,W9-10,VWA,32,VWA_32,Maddox
P3_VWA_32_Tub1_Lacerate 116,P3_VWA_32_Tub1,VWA_32_Tub1,2026-04-09,W9-10,,2026-04-20,W9-10,VWA,32,VWA_32,Maddox
P3_VWA_32_Tub1_Lacerate 117,P3_VWA_32_Tub1,VWA_32_Tub1,2026-04-09,W9-10,,2026-04-20,W9-10,VWA,32,VWA_32,Maddox
P3_VWA_32_Tub1_Lacerate 118,P3_VWA_32_Tub1,VWA_32_Tub1,2026-04-09,W9-10,,2026-04-20,W9-10,VWA,32,VWA_32,Maddox
P3_VWA_32_Tub1_Lacerate 119,P3_VWA_32_Tub1,VWA_32_Tub1,2026-04-09,W9-10,,2026-04-20,W9-10,VWA,32,VWA_32,Maddox
P3_VWA_32_Tub3_Lacerate 72,P3_VWA_32_Tub3,VWA_32_Tub3,2026-04-09,W9-10,,2026-04-20,W9-10,VWA,32,VWA_32,Maddox
P1_VWA_32_Tub2_Lacerate 79,P1_VWA_32_Tub2,VWA_32_Tub2,2026-04-09,W9-10,,2026-04-20,W9-10,VWA,32,VWA_32,Aiden
P2_H2_25_Tub1_Lacerate 165,P2_H2_25_Tub1,H2_25_Tub1,2026-04-10,W9-10,,2026-04-20,W9-10,H2,25,H2_25,Aiden
P2_H2_25_Tub2_Lacerate 119,P2_H2_25_Tub2,H2_25_Tub2,2026-04-10,W9-10,,2026-04-20,W9-10,H2,25,H2_25,Aiden
PX_H2_25_Tub3_Lacerate 118,PX_H2_25_Tub3,H2_25_Tub3,2026-04-10,W9-10,,2026-04-20,W9-10,H2,25,H2_25,Aiden
P3_H2_25_Tub3_Lacerate 119,P3_H2_25_Tub3,H2_25_Tub3,2026-04-10,W9-10,,2026-04-20,W9-10,H2,25,H2_25,Aiden
P3_H2_25_Tub3_Lacerate 120,P3_H2_25_Tub3,H2_25_Tub3,2026-04-10,W9-10,,2026-04-20,W9-10,H2,25,H2_25,Aiden
P3_H2_25_Tub3_Lacerate 121,P3_H2_25_Tub3,H2_25_Tub3,2026-04-10,W9-10,,2026-04-20,W9-10,H2,25,H2_25,Aiden
P3_H2_25_Tub3_Lacerate 122,P3_H2_25_Tub3,H2_25_Tub3,2026-04-10,W9-10,,2026-04-20,W9-10,H2,25,H2_25,Aiden
P3_H2_25_Tub3_Lacerate 123,P3_H2_25_Tub3,H2_25_Tub3,2026-04-10,W9-10,,2026-04-20,W9-10,H2,25,H2_25,Aiden
P3_H2_25_Tub3_Lacerate 124,P3_H2_25_Tub3,H2_25_Tub3,2026-04-10,W9-10,,2026-04-20,W9-10,H2,25,H2_25,Aiden
P3_VWA_25_Tub1_Lacerate 148,P3_VWA_25_Tub1,VWA_25_Tub1,2026-04-10,W9-10,,2026-04-20,W9-10,VWA,25,VWA_25,Aiden
P3_VWA_25_Tub1_Lacerate 149,P3_VWA_25_Tub1,VWA_25_Tub1,2026-04-10,W9-10,,2026-04-20,W9-10,VWA,25,VWA_25,Aiden
PX_VWA_25_Tub2_Lacerate 86,PX_VWA_25_Tub2,VWA_25_Tub2,2026-04-10,W9-10,,2026-04-20,W9-10,VWA,25,VWA_25,Aiden
PX_VWA_25_Tub2_Lacerate 87,PX_VWA_25_Tub2,VWA_25_Tub2,2026-04-10,W9-10,,2026-04-20,W9-10,VWA,25,VWA_25,Aiden
PX_VWA_25_Tub2_Lacerate 88,PX_VWA_25_Tub2,VWA_25_Tub2,2026-04-10,W9-10,,2026-04-20,W9-10,VWA,25,VWA_25,Aiden
PX_VWA_25_Tub2_Lacerate 89,PX_VWA_25_Tub2,VWA_25_Tub2,2026-04-10,W9-10,,2026-04-20,W9-10,VWA,25,VWA_25,Aiden
P2_H2_32_Tub1_Lacerate 104,P2_H2_32_Tub1,H2_32_Tub1,2026-04-10,W9-10,,2026-04-20,W9-10,H2,32,H2_32,Aiden
P1_H2_32_Tub2_Lacerate 134,P1_H2_32_Tub2,H2_32_Tub2,2026-04-10,W9-10,,2026-04-20,W9-10,H2,32,H2_32,Aiden
P1_H2_32_Tub2_Lacerate 135,P1_H2_32_Tub2,H2_32_Tub2,2026-04-10,W9-10,,2026-04-20,W9-10,H2,32,H2_32,Aiden
P1_VWA_32_Tub3_Lacerate 73,P1_VWA_32_Tub3,VWA_32_Tub3,2026-04-10,W9-10,,2026-04-20,W9-10,VWA,32,VWA_32,Aiden
P3_VWA_32_Tub3_Lacerate 74,P3_VWA_32_Tub3,VWA_32_Tub3,2026-04-10,W9-10,,2026-04-20,W9-10,VWA,32,VWA_32,Aiden
P2_H2_25_Tub1_Lacerate 166,P2_H2_25_Tub1,H2_25_Tub1,2026-04-11,W9-10,,2026-04-20,W9-10,H2,25,H2_25,Aiden
P2_H2_25_Tub1_Lacerate 167,P2_H2_25_Tub1,H2_25_Tub1,2026-04-11,W9-10,,2026-04-20,W9-10,H2,25,H2_25,Aiden
P2_H2_25_Tub1_Lacerate 168,P2_H2_25_Tub1,H2_25_Tub1,2026-04-11,W9-10,,2026-04-20,W9-10,H2,25,H2_25,Aiden
P3_H2_25_Tub1_Lacerate 169,P3_H2_25_Tub1,H2_25_Tub1,2026-04-11,W9-10,,2026-04-20,W9-10,H2,25,H2_25,Aiden
P3_H2_25_Tub1_Lacerate 170,P3_H2_25_Tub1,H2_25_Tub1,2026-04-11,W9-10,,2026-04-20,W9-10,H2,25,H2_25,Aiden
P1_H2_25_Tub1_Lacerate 171,P1_H2_25_Tub1,H2_25_Tub1,2026-04-11,W9-10,,2026-04-20,W9-10,H2,25,H2_25,Aiden
P1_H2_25_Tub1_Lacerate 172,P1_H2_25_Tub1,H2_25_Tub1,2026-04-11,W9-10,,2026-04-20,W9-10,H2,25,H2_25,Aiden
P1_H2_25_Tub2_Lacerate 120,P1_H2_25_Tub2,H2_25_Tub2,2026-04-11,W9-10,,2026-04-20,W9-10,H2,25,H2_25,Aiden
P1_H2_25_Tub2_Lacerate 121,P1_H2_25_Tub2,H2_25_Tub2,2026-04-11,W9-10,,2026-04-20,W9-10,H2,25,H2_25,Aiden
P1_H2_25_Tub2_Lacerate 122,P1_H2_25_Tub2,H2_25_Tub2,2026-04-11,W9-10,,2026-04-20,W9-10,H2,25,H2_25,Aiden
P2_H2_25_Tub3_Lacerate 125,P2_H2_25_Tub3,H2_25_Tub3,2026-04-11,W9-10,,2026-04-20,W9-10,H2,25,H2_25,Aiden
P1_H2_25_Tub3_Lacerate 126,P1_H2_25_Tub3,H2_25_Tub3,2026-04-11,W9-10,,2026-04-20,W9-10,H2,25,H2_25,Aiden
P1_H2_25_Tub3_Lacerate 127,P1_H2_25_Tub3,H2_25_Tub3,2026-04-11,W9-10,,2026-04-20,W9-10,H2,25,H2_25,Aiden
P1_H2_25_Tub3_Lacerate 128,P1_H2_25_Tub3,H2_25_Tub3,2026-04-11,W9-10,,2026-04-20,W9-10,H2,25,H2_25,Aiden
P1_H2_25_Tub3_Lacerate 129,P1_H2_25_Tub3,H2_25_Tub3,2026-04-11,W9-10,,2026-04-20,W9-10,H2,25,H2_25,Aiden
P2_VWA_25_Tub2_Lacerate 90,P2_VWA_25_Tub2,VWA_25_Tub2,2026-04-11,W9-10,,2026-04-20,W9-10,VWA,25,VWA_25,Aiden
P2_VWA_25_Tub2_Lacerate 91,P2_VWA_25_Tub2,VWA_25_Tub2,2026-04-11,W9-10,,2026-04-20,W9-10,VWA,25,VWA_25,Aiden
P1_VWA_25_Tub3_Lacerate 113,P1_VWA_25_Tub3,VWA_25_Tub3,2026-04-11,W9-10,,2026-04-20,W9-10,VWA,25,VWA_25,Aiden
P1_VWA_25_Tub3_Lacerate 114,P1_VWA_25_Tub3,VWA_25_Tub3,2026-04-11,W9-10,,2026-04-20,W9-10,VWA,25,VWA_25,Aiden
P1_VWA_25_Tub3_Lacerate 115,P1_VWA_25_Tub3,VWA_25_Tub3,2026-04-11,W9-10,,2026-04-20,W9-10,VWA,25,VWA_25,Aiden
P3_VWA_25_Tub3_Lacerate 116,P3_VWA_25_Tub3,VWA_25_Tub3,2026-04-11,W9-10,,2026-04-20,W9-10,VWA,25,VWA_25,Aiden
P3_VWA_25_Tub3_Lacerate 117,P3_VWA_25_Tub3,VWA_25_Tub3,2026-04-11,W9-10,,2026-04-20,W9-10,VWA,25,VWA_25,Aiden
P3_H2_32_Tub1_Lacerate 105,P3_H2_32_Tub1,H2_32_Tub1,2026-04-11,W9-10,,2026-04-20,W9-10,H2,32,H2_32,Aiden
P2_H2_32_Tub2_Lacerate 136,P2_H2_32_Tub2,H2_32_Tub2,2026-04-11,W9-10,,2026-04-20,W9-10,H2,32,H2_32,Aiden
PX_H2_32_Tub2_Lacerate 137,PX_H2_32_Tub2,H2_32_Tub2,2026-04-11,W9-10,,2026-04-20,W9-10,H2,32,H2_32,Aiden
PX_H2_32_Tub2_Lacerate 138,PX_H2_32_Tub2,H2_32_Tub2,2026-04-11,W9-10,,2026-04-20,W9-10,H2,32,H2_32,Aiden
PX_H2_32_Tub2_Lacerate 139,PX_H2_32_Tub2,H2_32_Tub2,2026-04-11,W9-10,,2026-04-20,W9-10,H2,32,H2_32,Aiden
P1_H2_32_Tub2_Lacerate 140,P1_H2_32_Tub2,H2_32_Tub2,2026-04-11,W9-10,,2026-04-20,W9-10,H2,32,H2_32,Aiden
PX_H2_32_Tub3_Lacerate 128,PX_H2_32_Tub3,H2_32_Tub3,2026-04-11,W9-10,,2026-04-20,W9-10,H2,32,H2_32,Aiden
PX_H2_32_Tub3_Lacerate 129,PX_H2_32_Tub3,H2_32_Tub3,2026-04-11,W9-10,,2026-04-20,W9-10,H2,32,H2_32,Aiden
PX_H2_32_Tub3_Lacerate 130,PX_H2_32_Tub3,H2_32_Tub3,2026-04-11,W9-10,,2026-04-20,W9-10,H2,32,H2_32,Aiden
PX_VWA_32_Tub1_Lacerate 120,PX_VWA_32_Tub1,VWA_32_Tub1,2026-04-11,W9-10,,2026-04-20,W9-10,VWA,32,VWA_32,Aiden
P1_H2_25_Tub3_Lacerate 130,P1_H2_25_Tub3,H2_25_Tub3,2026-04-12,W9-10,,2026-04-20,W9-10,H2,25,H2_25,Aiden
PX_H2_25_Tub1_Lacerate 173,PX_H2_25_Tub1,H2_25_Tub1,2026-04-13,W9-10,,2026-04-20,W9-10,H2,25,H2_25,Grady
P2_H2_25_Tub1_Lacerate 174,P2_H2_25_Tub1,H2_25_Tub1,2026-04-13,W9-10,,2026-04-20,W9-10,H2,25,H2_25,Grady
P2_H2_25_Tub1_Lacerate 175,P2_H2_25_Tub1,H2_25_Tub1,2026-04-13,W9-10,,2026-04-20,W9-10,H2,25,H2_25,Grady
P2_H2_25_Tub1_Lacerate 176,P2_H2_25_Tub1,H2_25_Tub1,2026-04-13,W9-10,,2026-04-20,W9-10,H2,25,H2_25,Grady
P2_H2_25_Tub1_Lacerate 177,P2_H2_25_Tub1,H2_25_Tub1,2026-04-13,W9-10,,2026-04-20,W9-10,H2,25,H2_25,Grady
PX_H2_25_Tub1_Lacerate 178,PX_H2_25_Tub1,H2_25_Tub1,2026-04-13,W9-10,,2026-04-20,W9-10,H2,25,H2_25,Grady
PX_H2_25_Tub1_Lacerate 179,PX_H2_25_Tub1,H2_25_Tub1,2026-04-13,W9-10,,2026-04-20,W9-10,H2,25,H2_25,Grady
PX_H2_25_Tub2_Lacerate 123,PX_H2_25_Tub2,H2_25_Tub2,2026-04-13,W9-10,,2026-04-20,W9-10,H2,25,H2_25,Grady
PX_H2_25_Tub2_Lacerate 124,PX_H2_25_Tub2,H2_25_Tub2,2026-04-13,W9-10,,2026-04-20,W9-10,H2,25,H2_25,Grady
PX_H2_25_Tub2_Lacerate 125,PX_H2_25_Tub2,H2_25_Tub2,2026-04-13,W9-10,,2026-04-20,W9-10,H2,25,H2_25,Grady
PX_H2_25_Tub2_Lacerate 126,PX_H2_25_Tub2,H2_25_Tub2,2026-04-13,W9-10,,2026-04-20,W9-10,H2,25,H2_25,Grady
P1_H2_25_Tub2_Lacerate 127,P1_H2_25_Tub2,H2_25_Tub2,2026-04-13,W9-10,,2026-04-20,W9-10,H2,25,H2_25,Grady
P2_H2_25_Tub3_Lacerate 131,P2_H2_25_Tub3,H2_25_Tub3,2026-04-13,W9-10,,2026-04-20,W9-10,H2,25,H2_25,Grady
P2_H2_25_Tub3_Lacerate 132,P2_H2_25_Tub3,H2_25_Tub3,2026-04-13,W9-10,,2026-04-20,W9-10,H2,25,H2_25,Grady
P2_H2_25_Tub3_Lacerate 133,P2_H2_25_Tub3,H2_25_Tub3,2026-04-13,W9-10,,2026-04-20,W9-10,H2,25,H2_25,Grady
P1_H2_25_Tub3_Lacerate 134,P1_H2_25_Tub3,H2_25_Tub3,2026-04-13,W9-10,,2026-04-20,W9-10,H2,25,H2_25,Grady
P1_H2_25_Tub3_Lacerate 135,P1_H2_25_Tub3,H2_25_Tub3,2026-04-13,W9-10,,2026-04-20,W9-10,H2,25,H2_25,Grady
P1_H2_25_Tub3_Lacerate 136,P1_H2_25_Tub3,H2_25_Tub3,2026-04-13,W9-10,,2026-04-20,W9-10,H2,25,H2_25,Grady
P1_H2_25_Tub3_Lacerate 137,P1_H2_25_Tub3,H2_25_Tub3,2026-04-13,W9-10,,2026-04-20,W9-10,H2,25,H2_25,Grady
P1_H2_25_Tub3_Lacerate 138,P1_H2_25_Tub3,H2_25_Tub3,2026-04-13,W9-10,,2026-04-20,W9-10,H2,25,H2_25,Grady
P1_H2_25_Tub3_Lacerate 139,P1_H2_25_Tub3,H2_25_Tub3,2026-04-13,W9-10,,2026-04-20,W9-10,H2,25,H2_25,Grady
P1_H2_25_Tub3_Lacerate 140,P1_H2_25_Tub3,H2_25_Tub3,2026-04-13,W9-10,,2026-04-20,W9-10,H2,25,H2_25,Grady
P1_H2_25_Tub3_Lacerate 141,P1_H2_25_Tub3,H2_25_Tub3,2026-04-13,W9-10,,2026-04-20,W9-10,H2,25,H2_25,Grady
P2_H2_25_Tub3_Lacerate 142,P2_H2_25_Tub3,H2_25_Tub3,2026-04-13,W9-10,,2026-04-20,W9-10,H2,25,H2_25,Grady
P2_H2_25_Tub3_Lacerate 143,P2_H2_25_Tub3,H2_25_Tub3,2026-04-13,W9-10,,2026-04-20,W9-10,H2,25,H2_25,Grady
PX_H2_25_Tub3_Lacerate 144,PX_H2_25_Tub3,H2_25_Tub3,2026-04-13,W9-10,,2026-04-20,W9-10,H2,25,H2_25,Grady
PX_H2_25_Tub3_Lacerate 145,PX_H2_25_Tub3,H2_25_Tub3,2026-04-13,W9-10,,2026-04-20,W9-10,H2,25,H2_25,Grady
PX_H2_25_Tub3_Lacerate 146,PX_H2_25_Tub3,H2_25_Tub3,2026-04-13,W9-10,,2026-04-20,W9-10,H2,25,H2_25,Grady
PX_VWA_25_Tub1_Lacerate 150,PX_VWA_25_Tub1,VWA_25_Tub1,2026-04-13,W9-10,,2026-04-20,W9-10,VWA,25,VWA_25,Grady
PX_VWA_25_Tub1_Lacerate 151,PX_VWA_25_Tub1,VWA_25_Tub1,2026-04-13,W9-10,,2026-04-20,W9-10,VWA,25,VWA_25,Grady
P2_VWA_25_Tub1_Lacerate 152,P2_VWA_25_Tub1,VWA_25_Tub1,2026-04-13,W9-10,,2026-04-20,W9-10,VWA,25,VWA_25,Grady
PX_VWA_25_Tub1_Lacerate 153,PX_VWA_25_Tub1,VWA_25_Tub1,2026-04-13,W9-10,,2026-04-20,W9-10,VWA,25,VWA_25,Grady
P3_VWA_25_Tub1_Lacerate 154,P3_VWA_25_Tub1,VWA_25_Tub1,2026-04-13,W9-10,,2026-04-20,W9-10,VWA,25,VWA_25,Grady
P1_VWA_25_Tub2_Lacerate 92,P1_VWA_25_Tub2,VWA_25_Tub2,2026-04-13,W9-10,,2026-04-20,W9-10,VWA,25,VWA_25,Grady
P2_VWA_25_Tub2_Lacerate 93,P2_VWA_25_Tub2,VWA_25_Tub2,2026-04-13,W9-10,,2026-04-20,W9-10,VWA,25,VWA_25,Grady
P2_VWA_25_Tub2_Lacerate 94,P2_VWA_25_Tub2,VWA_25_Tub2,2026-04-13,W9-10,,2026-04-20,W9-10,VWA,25,VWA_25,Grady
P2_VWA_25_Tub2_Lacerate 95,P2_VWA_25_Tub2,VWA_25_Tub2,2026-04-13,W9-10,,2026-04-20,W9-10,VWA,25,VWA_25,Grady
P2_VWA_25_Tub2_Lacerate 96,P2_VWA_25_Tub2,VWA_25_Tub2,2026-04-13,W9-10,,2026-04-20,W9-10,VWA,25,VWA_25,Grady
P2_VWA_25_Tub2_Lacerate 97,P2_VWA_25_Tub2,VWA_25_Tub2,2026-04-13,W9-10,,2026-04-20,W9-10,VWA,25,VWA_25,Grady
P3_VWA_25_Tub2_Lacerate 98,P3_VWA_25_Tub2,VWA_25_Tub2,2026-04-13,W9-10,,2026-04-20,W9-10,VWA,25,VWA_25,Grady
P3_VWA_25_Tub3_Lacerate 118,P3_VWA_25_Tub3,VWA_25_Tub3,2026-04-13,W9-10,,2026-04-20,W9-10,VWA,25,VWA_25,Grady
P3_VWA_25_Tub3_Lacerate 119,P3_VWA_25_Tub3,VWA_25_Tub3,2026-04-13,W9-10,,2026-04-20,W9-10,VWA,25,VWA_25,Grady
P2_VWA_25_Tub3_Lacerate 120,P2_VWA_25_Tub3,VWA_25_Tub3,2026-04-13,W9-10,,2026-04-20,W9-10,VWA,25,VWA_25,Grady
PX_VWA_25_Tub3_Lacerate 121,PX_VWA_25_Tub3,VWA_25_Tub3,2026-04-13,W9-10,,2026-04-20,W9-10,VWA,25,VWA_25,Grady
PX_VWA_25_Tub3_Lacerate 122,PX_VWA_25_Tub3,VWA_25_Tub3,2026-04-13,W9-10,,2026-04-20,W9-10,VWA,25,VWA_25,Grady
PX_VWA_25_Tub3_Lacerate 123,PX_VWA_25_Tub3,VWA_25_Tub3,2026-04-13,W9-10,,2026-04-20,W9-10,VWA,25,VWA_25,Grady
P1_VWA_25_Tub3_Lacerate 124,P1_VWA_25_Tub3,VWA_25_Tub3,2026-04-13,W9-10,,2026-04-20,W9-10,VWA,25,VWA_25,Grady
P3_H2_32_Tub1_Lacerate 106,P3_H2_32_Tub1,H2_32_Tub1,2026-04-13,W9-10,,2026-04-20,W9-10,H2,32,H2_32,Grady
P3_H2_32_Tub1_Lacerate 107,P3_H2_32_Tub1,H2_32_Tub1,2026-04-13,W9-10,,2026-04-20,W9-10,H2,32,H2_32,Grady
P3_H2_32_Tub1_Lacerate 108,P3_H2_32_Tub1,H2_32_Tub1,2026-04-13,W9-10,,2026-04-20,W9-10,H2,32,H2_32,Grady
P2_H2_32_Tub1_Lacerate 109,P2_H2_32_Tub1,H2_32_Tub1,2026-04-13,W9-10,,2026-04-20,W9-10,H2,32,H2_32,Grady
PX_H2_32_Tub1_Lacerate 110,PX_H2_32_Tub1,H2_32_Tub1,2026-04-13,W9-10,,2026-04-20,W9-10,H2,32,H2_32,Grady
PX_H2_32_Tub1_Lacerate 111,PX_H2_32_Tub1,H2_32_Tub1,2026-04-13,W9-10,,2026-04-20,W9-10,H2,32,H2_32,Grady
PX_H2_32_Tub2_Lacerate 141,PX_H2_32_Tub2,H2_32_Tub2,2026-04-13,W9-10,,2026-04-20,W9-10,H2,32,H2_32,Grady
PX_H2_32_Tub2_Lacerate 142,PX_H2_32_Tub2,H2_32_Tub2,2026-04-13,W9-10,,2026-04-20,W9-10,H2,32,H2_32,Grady
P2_H2_32_Tub2_Lacerate 143,P2_H2_32_Tub2,H2_32_Tub2,2026-04-13,W9-10,,2026-04-20,W9-10,H2,32,H2_32,Grady
P2_H2_32_Tub2_Lacerate 144,P2_H2_32_Tub2,H2_32_Tub2,2026-04-13,W9-10,,2026-04-20,W9-10,H2,32,H2_32,Grady
PX_H2_32_Tub2_Lacerate 145,PX_H2_32_Tub2,H2_32_Tub2,2026-04-13,W9-10,,2026-04-20,W9-10,H2,32,H2_32,Grady
PX_H2_32_Tub2_Lacerate 146,PX_H2_32_Tub2,H2_32_Tub2,2026-04-13,W9-10,,2026-04-20,W9-10,H2,32,H2_32,Grady
PX_H2_32_Tub2_Lacerate 147,PX_H2_32_Tub2,H2_32_Tub2,2026-04-13,W9-10,,2026-04-20,W9-10,H2,32,H2_32,Grady
PX_H2_32_Tub2_Lacerate 148,PX_H2_32_Tub2,H2_32_Tub2,2026-04-13,W9-10,,2026-04-20,W9-10,H2,32,H2_32,Grady
PX_H2_32_Tub2_Lacerate 149,PX_H2_32_Tub2,H2_32_Tub2,2026-04-13,W9-10,,2026-04-20,W9-10,H2,32,H2_32,Grady
PX_H2_32_Tub2_Lacerate 150,PX_H2_32_Tub2,H2_32_Tub2,2026-04-13,W9-10,,2026-04-20,W9-10,H2,32,H2_32,Grady
PX_H2_32_Tub2_Lacerate 151,PX_H2_32_Tub2,H2_32_Tub2,2026-04-13,W9-10,,2026-04-20,W9-10,H2,32,H2_32,Grady
PX_H2_32_Tub2_Lacerate 152,PX_H2_32_Tub2,H2_32_Tub2,2026-04-13,W9-10,,2026-04-20,W9-10,H2,32,H2_32,Grady
PX_H2_32_Tub3_Lacerate 131,PX_H2_32_Tub3,H2_32_Tub3,2026-04-13,W9-10,,2026-04-20,W9-10,H2,32,H2_32,Grady
PX_H2_32_Tub3_Lacerate 132,PX_H2_32_Tub3,H2_32_Tub3,2026-04-13,W9-10,,2026-04-20,W9-10,H2,32,H2_32,Grady
PX_H2_32_Tub3_Lacerate 133,PX_H2_32_Tub3,H2_32_Tub3,2026-04-13,W9-10,,2026-04-20,W9-10,H2,32,H2_32,Grady
PX_H2_32_Tub3_Lacerate 134,PX_H2_32_Tub3,H2_32_Tub3,2026-04-13,W9-10,,2026-04-20,W9-10,H2,32,H2_32,Grady
PX_H2_32_Tub3_Lacerate 135,PX_H2_32_Tub3,H2_32_Tub3,2026-04-13,W9-10,,2026-04-20,W9-10,H2,32,H2_32,Grady
PX_VWA_32_Tub1_Lacerate 121,PX_VWA_32_Tub1,VWA_32_Tub1,2026-04-13,W9-10,,2026-04-20,W9-10,VWA,32,VWA_32,Grady
PX_VWA_32_Tub1_Lacerate 122,PX_VWA_32_Tub1,VWA_32_Tub1,2026-04-13,W9-10,,2026-04-20,W9-10,VWA,32,VWA_32,Grady
PX_VWA_32_Tub1_Lacerate 123,PX_VWA_32_Tub1,VWA_32_Tub1,2026-04-13,W9-10,,2026-04-20,W9-10,VWA,32,VWA_32,Grady
PX_VWA_32_Tub1_Lacerate 124,PX_VWA_32_Tub1,VWA_32_Tub1,2026-04-13,W9-10,,2026-04-20,W9-10,VWA,32,VWA_32,Grady
PX_VWA_32_Tub1_Lacerate 125,PX_VWA_32_Tub1,VWA_32_Tub1,2026-04-13,W9-10,,2026-04-20,W9-10,VWA,32,VWA_32,Grady
P2_VWA_32_Tub1_Lacerate 126,P2_VWA_32_Tub1,VWA_32_Tub1,2026-04-13,W9-10,,2026-04-20,W9-10,VWA,32,VWA_32,Grady
P2_VWA_32_Tub1_Lacerate 127,P2_VWA_32_Tub1,VWA_32_Tub1,2026-04-13,W9-10,,2026-04-20,W9-10,VWA,32,VWA_32,Grady
P2_VWA_32_Tub1_Lacerate 128,P2_VWA_32_Tub1,VWA_32_Tub1,2026-04-13,W9-10,,2026-04-20,W9-10,VWA,32,VWA_32,Grady
P2_VWA_32_Tub1_Lacerate 129,P2_VWA_32_Tub1,VWA_32_Tub1,2026-04-13,W9-10,,2026-04-20,W9-10,VWA,32,VWA_32,Grady
P2_VWA_32_Tub1_Lacerate 130,P2_VWA_32_Tub1,VWA_32_Tub1,2026-04-13,W9-10,,2026-04-20,W9-10,VWA,32,VWA_32,Grady
P2_VWA_32_Tub1_Lacerate 131,P2_VWA_32_Tub1,VWA_32_Tub1,2026-04-13,W9-10,,2026-04-20,W9-10,VWA,32,VWA_32,Grady
P3_VWA_32_Tub2_Lacerate 80,P3_VWA_32_Tub2,VWA_32_Tub2,2026-04-13,W9-10,,2026-04-20,W9-10,VWA,32,VWA_32,Grady
P3_VWA_32_Tub2_Lacerate 81,P3_VWA_32_Tub2,VWA_32_Tub2,2026-04-13,W9-10,,2026-04-20,W9-10,VWA,32,VWA_32,Grady
P3_VWA_32_Tub2_Lacerate 82,P3_VWA_32_Tub2,VWA_32_Tub2,2026-04-13,W9-10,,2026-04-20,W9-10,VWA,32,VWA_32,Grady
P1_VWA_32_Tub2_Lacerate 83,P1_VWA_32_Tub2,VWA_32_Tub2,2026-04-13,W9-10,,2026-04-20,W9-10,VWA,32,VWA_32,Grady
P2_VWA_32_Tub2_Lacerate 84,P2_VWA_32_Tub2,VWA_32_Tub2,2026-04-13,W9-10,,2026-04-20,W9-10,VWA,32,VWA_32,Grady
PX_VWA_32_Tub3_Lacerate 75,PX_VWA_32_Tub3,VWA_32_Tub3,2026-04-13,W9-10,,2026-04-20,W9-10,VWA,32,VWA_32,Grady
PX_VWA_32_Tub3_Lacerate 76,PX_VWA_32_Tub3,VWA_32_Tub3,2026-04-13,W9-10,,2026-04-20,W9-10,VWA,32,VWA_32,Grady
DUPLICATE_REMOVED,DUPLICATE_REMOVED,DUPLICATE_REMOVED,DUPLICATE_REMOVED,DUPLICATE_REMOVED,DUPLICATE_REMOVED,DUPLICATE_REMOVED,DUPLICATE_REMOVED,DUPLICATE_REMOVED,DUPLICATE_REMOVED,DUPLICATE_REMOVED,DUPLICATE_REMOVED
DUPLICATE_REMOVED,DUPLICATE_REMOVED,DUPLICATE_REMOVED,DUPLICATE_REMOVED,DUPLICATE_REMOVED,DUPLICATE_REMOVED,DUPLICATE_REMOVED,DUPLICATE_REMOVED,DUPLICATE_REMOVED,DUPLICATE_REMOVED,DUPLICATE_REMOVED,DUPLICATE_REMOVED
DUPLICATE_REMOVED,DUPLICATE_REMOVED,DUPLICATE_REMOVED,DUPLICATE_REMOVED,DUPLICATE_REMOVED,DUPLICATE_REMOVED,DUPLICATE_REMOVED,DUPLICATE_REMOVED,DUPLICATE_REMOVED,DUPLICATE_REMOVED,DUPLICATE_REMOVED,DUPLICATE_REMOVED
DUPLICATE_REMOVED,DUPLICATE_REMOVED,DUPLICATE_REMOVED,DUPLICATE_REMOVED,DUPLICATE_REMOVED,DUPLICATE_REMOVED,DUPLICATE_REMOVED,DUPLICATE_REMOVED,DUPLICATE_REMOVED,DUPLICATE_REMOVED,DUPLICATE_REMOVED,DUPLICATE_REMOVED
DUPLICATE_REMOVED,DUPLICATE_REMOVED,DUPLICATE_REMOVED,DUPLICATE_REMOVED,DUPLICATE_REMOVED,DUPLICATE_REMOVED,DUPLICATE_REMOVED,DUPLICATE_REMOVED,DUPLICATE_REMOVED,DUPLICATE_REMOVED,DUPLICATE_REMOVED,DUPLICATE_REMOVED
DUPLICATE_REMOVED,DUPLICATE_REMOVED,DUPLICATE_REMOVED,DUPLICATE_REMOVED,DUPLICATE_REMOVED,DUPLICATE_REMOVED,DUPLICATE_REMOVED,DUPLICATE_REMOVED,DUPLICATE_REMOVED,DUPLICATE_REMOVED,DUPLICATE_REMOVED,DUPLICATE_REMOVED
DUPLICATE_REMOVED,DUPLICATE_REMOVED,DUPLICATE_REMOVED,DUPLICATE_REMOVED,DUPLICATE_REMOVED,DUPLICATE_REMOVED,DUPLICATE_REMOVED,DUPLICATE_REMOVED,DUPLICATE_REMOVED,DUPLICATE_REMOVED,DUPLICATE_REMOVED,DUPLICATE_REMOVED
DUPLICATE_REMOVED,DUPLICATE_REMOVED,DUPLICATE_REMOVED,DUPLICATE_REMOVED,DUPLICATE_REMOVED,DUPLICATE_REMOVED,DUPLICATE_REMOVED,DUPLICATE_REMOVED,DUPLICATE_REMOVED,DUPLICATE_REMOVED,DUPLICATE_REMOVED,DUPLICATE_REMOVED
DUPLICATE_REMOVED,DUPLICATE_REMOVED,DUPLICATE_REMOVED,DUPLICATE_REMOVED,DUPLICATE_REMOVED,DUPLICATE_REMOVED,DUPLICATE_REMOVED,DUPLICATE_REMOVED,DUPLICATE_REMOVED,DUPLICATE_REMOVED,DUPLICATE_REMOVED,DUPLICATE_REMOVED
DUPLICATE_REMOVED,DUPLICATE_REMOVED,DUPLICATE_REMOVED,DUPLICATE_REMOVED,DUPLICATE_REMOVED,DUPLICATE_REMOVED,DUPLICATE_REMOVED,DUPLICATE_REMOVED,DUPLICATE_REMOVED,DUPLICATE_REMOVED,DUPLICATE_REMOVED,DUPLICATE_REMOVED
DUPLICATE_REMOVED,DUPLICATE_REMOVED,DUPLICATE_REMOVED,DUPLICATE_REMOVED,DUPLICATE_REMOVED,DUPLICATE_REMOVED,DUPLICATE_REMOVED,DUPLICATE_REMOVED,DUPLICATE_REMOVED,DUPLICATE_REMOVED,DUPLICATE_REMOVED,DUPLICATE_REMOVED
DUPLICATE_REMOVED,DUPLICATE_REMOVED,DUPLICATE_REMOVED,DUPLICATE_REMOVED,DUPLICATE_REMOVED,DUPLICATE_REMOVED,DUPLICATE_REMOVED,DUPLICATE_REMOVED,DUPLICATE_REMOVED,DUPLICATE_REMOVED,DUPLICATE_REMOVED,DUPLICATE_REMOVED
DUPLICATE_REMOVED,DUPLICATE_REMOVED,DUPLICATE_REMOVED,DUPLICATE_REMOVED,DUPLICATE_REMOVED,DUPLICATE_REMOVED,DUPLICATE_REMOVED,DUPLICATE_REMOVED,DUPLICATE_REMOVED,DUPLICATE_REMOVED,DUPLICATE_REMOVED,DUPLICATE_REMOVED
DUPLICATE_REMOVED,DUPLICATE_REMOVED,DUPLICATE_REMOVED,DUPLICATE_REMOVED,DUPLICATE_REMOVED,DUPLICATE_REMOVED,DUPLICATE_REMOVED,DUPLICATE_REMOVED,DUPLICATE_REMOVED,DUPLICATE_REMOVED,DUPLICATE_REMOVED,DUPLICATE_REMOVED
DUPLICATE_REMOVED,DUPLICATE_REMOVED,DUPLICATE_REMOVED,DUPLICATE_REMOVED,DUPLICATE_REMOVED,DUPLICATE_REMOVED,DUPLICATE_REMOVED,DUPLICATE_REMOVED,DUPLICATE_REMOVED,DUPLICATE_REMOVED,DUPLICATE_REMOVED,DUPLICATE_REMOVED
DUPLICATE_REMOVED,DUPLICATE_REMOVED,DUPLICATE_REMOVED,DUPLICATE_REMOVED,DUPLICATE_REMOVED,DUPLICATE_REMOVED,DUPLICATE_REMOVED,DUPLICATE_REMOVED,DUPLICATE_REMOVED,DUPLICATE_REMOVED,DUPLICATE_REMOVED,DUPLICATE_REMOVED
DUPLICATE_REMOVED,DUPLICATE_REMOVED,DUPLICATE_REMOVED,DUPLICATE_REMOVED,DUPLICATE_REMOVED,DUPLICATE_REMOVED,DUPLICATE_REMOVED,DUPLICATE_REMOVED,DUPLICATE_REMOVED,DUPLICATE_REMOVED,DUPLICATE_REMOVED,DUPLICATE_REMOVED
DUPLICATE_REMOVED,DUPLICATE_REMOVED,DUPLICATE_REMOVED,DUPLICATE_REMOVED,DUPLICATE_REMOVED,DUPLICATE_REMOVED,DUPLICATE_REMOVED,DUPLICATE_REMOVED,DUPLICATE_REMOVED,DUPLICATE_REMOVED,DUPLICATE_REMOVED,DUPLICATE_REMOVED
DUPLICATE_REMOVED,DUPLICATE_REMOVED,DUPLICATE_REMOVED,DUPLICATE_REMOVED,DUPLICATE_REMOVED,DUPLICATE_REMOVED,DUPLICATE_REMOVED,DUPLICATE_REMOVED,DUPLICATE_REMOVED,DUPLICATE_REMOVED,DUPLICATE_REMOVED,DUPLICATE_REMOVED
DUPLICATE_REMOVED,DUPLICATE_REMOVED,DUPLICATE_REMOVED,DUPLICATE_REMOVED,DUPLICATE_REMOVED,DUPLICATE_REMOVED,DUPLICATE_REMOVED,DUPLICATE_REMOVED,DUPLICATE_REMOVED,DUPLICATE_REMOVED,DUPLICATE_REMOVED,DUPLICATE_REMOVED
DUPLICATE_REMOVED,DUPLICATE_REMOVED,DUPLICATE_REMOVED,DUPLICATE_REMOVED,DUPLICATE_REMOVED,DUPLICATE_REMOVED,DUPLICATE_REMOVED,DUPLICATE_REMOVED,DUPLICATE_REMOVED,DUPLICATE_REMOVED,DUPLICATE_REMOVED,DUPLICATE_REMOVED
DUPLICATE_REMOVED,DUPLICATE_REMOVED,DUPLICATE_REMOVED,DUPLICATE_REMOVED,DUPLICATE_REMOVED,DUPLICATE_REMOVED,DUPLICATE_REMOVED,DUPLICATE_REMOVED,DUPLICATE_REMOVED,DUPLICATE_REMOVED,DUPLICATE_REMOVED,DUPLICATE_REMOVED
DUPLICATE_REMOVED,DUPLICATE_REMOVED,DUPLICATE_REMOVED,DUPLICATE_REMOVED,DUPLICATE_REMOVED,DUPLICATE_REMOVED,DUPLICATE_REMOVED,DUPLICATE_REMOVED,DUPLICATE_REMOVED,DUPLICATE_REMOVED,DUPLICATE_REMOVED,DUPLICATE_REMOVED
P2_H2_25_Tub1_Lacerate 180,P2_H2_25_Tub1,H2_25_Tub1,2026-04-14,W9-10,,2026-04-20,W9-10,H2,25,H2_25,Maddox
PX_H2_25_Tub1_Lacerate 181,PX_H2_25_Tub1,H2_25_Tub1,2026-04-14,W9-10,,2026-04-20,W9-10,H2,25,H2_25,Maddox
PX_H2_25_Tub1_Lacerate 182,PX_H2_25_Tub1,H2_25_Tub1,2026-04-14,W9-10,,2026-04-20,W9-10,H2,25,H2_25,Maddox
PX_H2_25_Tub1_Lacerate 183,PX_H2_25_Tub1,H2_25_Tub1,2026-04-14,W9-10,,2026-04-20,W9-10,H2,25,H2_25,Maddox
DUPLICATE_REMOVED,DUPLICATE_REMOVED,DUPLICATE_REMOVED,DUPLICATE_REMOVED,DUPLICATE_REMOVED,DUPLICATE_REMOVED,DUPLICATE_REMOVED,DUPLICATE_REMOVED,DUPLICATE_REMOVED,DUPLICATE_REMOVED,DUPLICATE_REMOVED,DUPLICATE_REMOVED
DUPLICATE_REMOVED,DUPLICATE_REMOVED,DUPLICATE_REMOVED,DUPLICATE_REMOVED,DUPLICATE_REMOVED,DUPLICATE_REMOVED,DUPLICATE_REMOVED,DUPLICATE_REMOVED,DUPLICATE_REMOVED,DUPLICATE_REMOVED,DUPLICATE_REMOVED,DUPLICATE_REMOVED
DUPLICATE_REMOVED,DUPLICATE_REMOVED,DUPLICATE_REMOVED,DUPLICATE_REMOVED,DUPLICATE_REMOVED,DUPLICATE_REMOVED,DUPLICATE_REMOVED,DUPLICATE_REMOVED,DUPLICATE_REMOVED,DUPLICATE_REMOVED,DUPLICATE_REMOVED,DUPLICATE_REMOVED
DUPLICATE_REMOVED,DUPLICATE_REMOVED,DUPLICATE_REMOVED,DUPLICATE_REMOVED,DUPLICATE_REMOVED,DUPLICATE_REMOVED,DUPLICATE_REMOVED,DUPLICATE_REMOVED,DUPLICATE_REMOVED,DUPLICATE_REMOVED,DUPLICATE_REMOVED,DUPLICATE_REMOVED
DUPLICATE_REMOVED,DUPLICATE_REMOVED,DUPLICATE_REMOVED,DUPLICATE_REMOVED,DUPLICATE_REMOVED,DUPLICATE_REMOVED,DUPLICATE_REMOVED,DUPLICATE_REMOVED,DUPLICATE_REMOVED,DUPLICATE_REMOVED,DUPLICATE_REMOVED,DUPLICATE_REMOVED
DUPLICATE_REMOVED,DUPLICATE_REMOVED,DUPLICATE_REMOVED,DUPLICATE_REMOVED,DUPLICATE_REMOVED,DUPLICATE_REMOVED,DUPLICATE_REMOVED,DUPLICATE_REMOVED,DUPLICATE_REMOVED,DUPLICATE_REMOVED,DUPLICATE_REMOVED,DUPLICATE_REMOVED
DUPLICATE_REMOVED,DUPLICATE_REMOVED,DUPLICATE_REMOVED,DUPLICATE_REMOVED,DUPLICATE_REMOVED,DUPLICATE_REMOVED,DUPLICATE_REMOVED,DUPLICATE_REMOVED,DUPLICATE_REMOVED,DUPLICATE_REMOVED,DUPLICATE_REMOVED,DUPLICATE_REMOVED
DUPLICATE_REMOVED,DUPLICATE_REMOVED,DUPLICATE_REMOVED,DUPLICATE_REMOVED,DUPLICATE_REMOVED,DUPLICATE_REMOVED,DUPLICATE_REMOVED,DUPLICATE_REMOVED,DUPLICATE_REMOVED,DUPLICATE_REMOVED,DUPLICATE_REMOVED,DUPLICATE_REMOVED
DUPLICATE_REMOVED,DUPLICATE_REMOVED,DUPLICATE_REMOVED,DUPLICATE_REMOVED,DUPLICATE_REMOVED,DUPLICATE_REMOVED,DUPLICATE_REMOVED,DUPLICATE_REMOVED,DUPLICATE_REMOVED,DUPLICATE_REMOVED,DUPLICATE_REMOVED,DUPLICATE_REMOVED
DUPLICATE_REMOVED,DUPLICATE_REMOVED,DUPLICATE_REMOVED,DUPLICATE_REMOVED,DUPLICATE_REMOVED,DUPLICATE_REMOVED,DUPLICATE_REMOVED,DUPLICATE_REMOVED,DUPLICATE_REMOVED,DUPLICATE_REMOVED,DUPLICATE_REMOVED,DUPLICATE_REMOVED
DUPLICATE_REMOVED,DUPLICATE_REMOVED,DUPLICATE_REMOVED,DUPLICATE_REMOVED,DUPLICATE_REMOVED,DUPLICATE_REMOVED,DUPLICATE_REMOVED,DUPLICATE_REMOVED,DUPLICATE_REMOVED,DUPLICATE_REMOVED,DUPLICATE_REMOVED,DUPLICATE_REMOVED
DUPLICATE_REMOVED,DUPLICATE_REMOVED,DUPLICATE_REMOVED,DUPLICATE_REMOVED,DUPLICATE_REMOVED,DUPLICATE_REMOVED,DUPLICATE_REMOVED,DUPLICATE_REMOVED,DUPLICATE_REMOVED,DUPLICATE_REMOVED,DUPLICATE_REMOVED,DUPLICATE_REMOVED
DUPLICATE_REMOVED,DUPLICATE_REMOVED,DUPLICATE_REMOVED,DUPLICATE_REMOVED,DUPLICATE_REMOVED,DUPLICATE_REMOVED,DUPLICATE_REMOVED,DUPLICATE_REMOVED,DUPLICATE_REMOVED,DUPLICATE_REMOVED,DUPLICATE_REMOVED,DUPLICATE_REMOVED
DUPLICATE_REMOVED,DUPLICATE_REMOVED,DUPLICATE_REMOVED,DUPLICATE_REMOVED,DUPLICATE_REMOVED,DUPLICATE_REMOVED,DUPLICATE_REMOVED,DUPLICATE_REMOVED,DUPLICATE_REMOVED,DUPLICATE_REMOVED,DUPLICATE_REMOVED,DUPLICATE_REMOVED
DUPLICATE_REMOVED,DUPLICATE_REMOVED,DUPLICATE_REMOVED,DUPLICATE_REMOVED,DUPLICATE_REMOVED,DUPLICATE_REMOVED,DUPLICATE_REMOVED,DUPLICATE_REMOVED,DUPLICATE_REMOVED,DUPLICATE_REMOVED,DUPLICATE_REMOVED,DUPLICATE_REMOVED
DUPLICATE_REMOVED,DUPLICATE_REMOVED,DUPLICATE_REMOVED,DUPLICATE_REMOVED,DUPLICATE_REMOVED,DUPLICATE_REMOVED,DUPLICATE_REMOVED,DUPLICATE_REMOVED,DUPLICATE_REMOVED,DUPLICATE_REMOVED,DUPLICATE_REMOVED,DUPLICATE_REMOVED
DUPLICATE_REMOVED,DUPLICATE_REMOVED,DUPLICATE_REMOVED,DUPLICATE_REMOVED,DUPLICATE_REMOVED,DUPLICATE_REMOVED,DUPLICATE_REMOVED,DUPLICATE_REMOVED,DUPLICATE_REMOVED,DUPLICATE_REMOVED,DUPLICATE_REMOVED,DUPLICATE_REMOVED
DUPLICATE_REMOVED,DUPLICATE_REMOVED,DUPLICATE_REMOVED,DUPLICATE_REMOVED,DUPLICATE_REMOVED,DUPLICATE_REMOVED,DUPLICATE_REMOVED,DUPLICATE_REMOVED,DUPLICATE_REMOVED,DUPLICATE_REMOVED,DUPLICATE_REMOVED,DUPLICATE_REMOVED
DUPLICATE_REMOVED,DUPLICATE_REMOVED,DUPLICATE_REMOVED,DUPLICATE_REMOVED,DUPLICATE_REMOVED,DUPLICATE_REMOVED,DUPLICATE_REMOVED,DUPLICATE_REMOVED,DUPLICATE_REMOVED,DUPLICATE_REMOVED,DUPLICATE_REMOVED,DUPLICATE_REMOVED
DUPLICATE_REMOVED,DUPLICATE_REMOVED,DUPLICATE_REMOVED,DUPLICATE_REMOVED,DUPLICATE_REMOVED,DUPLICATE_REMOVED,DUPLICATE_REMOVED,DUPLICATE_REMOVED,DUPLICATE_REMOVED,DUPLICATE_REMOVED,DUPLICATE_REMOVED,DUPLICATE_REMOVED
DUPLICATE_REMOVED,DUPLICATE_REMOVED,DUPLICATE_REMOVED,DUPLICATE_REMOVED,DUPLICATE_REMOVED,DUPLICATE_REMOVED,DUPLICATE_REMOVED,DUPLICATE_REMOVED,DUPLICATE_REMOVED,DUPLICATE_REMOVED,DUPLICATE_REMOVED,DUPLICATE_REMOVED
DUPLICATE_REMOVED,DUPLICATE_REMOVED,DUPLICATE_REMOVED,DUPLICATE_REMOVED,DUPLICATE_REMOVED,DUPLICATE_REMOVED,DUPLICATE_REMOVED,DUPLICATE_REMOVED,DUPLICATE_REMOVED,DUPLICATE_REMOVED,DUPLICATE_REMOVED,DUPLICATE_REMOVED
DUPLICATE_REMOVED,DUPLICATE_REMOVED,DUPLICATE_REMOVED,DUPLICATE_REMOVED,DUPLICATE_REMOVED,DUPLICATE_REMOVED,DUPLICATE_REMOVED,DUPLICATE_REMOVED,DUPLICATE_REMOVED,DUPLICATE_REMOVED,DUPLICATE_REMOVED,DUPLICATE_REMOVED
P3_H2_25_Tub2_Lacerate 129,P3_H2_25_Tub2,H2_25_Tub2,2026-04-14,W9-10,,2026-04-20,W9-10,H2,25,H2_25,Maddox
P3_H2_25_Tub2_Lacerate 130,P3_H2_25_Tub2,H2_25_Tub2,2026-04-14,W9-10,,2026-04-20,W9-10,H2,25,H2_25,Maddox
P1_H2_25_Tub2_Lacerate 131,P1_H2_25_Tub2,H2_25_Tub2,2026-04-14,W9-10,,2026-04-20,W9-10,H2,25,H2_25,Maddox
P2_H2_25_Tub2_Lacerate 132,P2_H2_25_Tub2,H2_25_Tub2,2026-04-14,W9-10,,2026-04-20,W9-10,H2,25,H2_25,Maddox
P1_H2_25_Tub2_Lacerate 133,P1_H2_25_Tub2,H2_25_Tub2,2026-04-14,W9-10,,2026-04-20,W9-10,H2,25,H2_25,Maddox
P2_H2_25_Tub2_Lacerate 134,P2_H2_25_Tub2,H2_25_Tub2,2026-04-14,W9-10,,2026-04-20,W9-10,H2,25,H2_25,Maddox
DUPLICATE_REMOVED,DUPLICATE_REMOVED,DUPLICATE_REMOVED,DUPLICATE_REMOVED,DUPLICATE_REMOVED,DUPLICATE_REMOVED,DUPLICATE_REMOVED,DUPLICATE_REMOVED,DUPLICATE_REMOVED,DUPLICATE_REMOVED,DUPLICATE_REMOVED,DUPLICATE_REMOVED
DUPLICATE_REMOVED,DUPLICATE_REMOVED,DUPLICATE_REMOVED,DUPLICATE_REMOVED,DUPLICATE_REMOVED,DUPLICATE_REMOVED,DUPLICATE_REMOVED,DUPLICATE_REMOVED,DUPLICATE_REMOVED,DUPLICATE_REMOVED,DUPLICATE_REMOVED,DUPLICATE_REMOVED
DUPLICATE_REMOVED,DUPLICATE_REMOVED,DUPLICATE_REMOVED,DUPLICATE_REMOVED,DUPLICATE_REMOVED,DUPLICATE_REMOVED,DUPLICATE_REMOVED,DUPLICATE_REMOVED,DUPLICATE_REMOVED,DUPLICATE_REMOVED,DUPLICATE_REMOVED,DUPLICATE_REMOVED
DUPLICATE_REMOVED,DUPLICATE_REMOVED,DUPLICATE_REMOVED,DUPLICATE_REMOVED,DUPLICATE_REMOVED,DUPLICATE_REMOVED,DUPLICATE_REMOVED,DUPLICATE_REMOVED,DUPLICATE_REMOVED,DUPLICATE_REMOVED,DUPLICATE_REMOVED,DUPLICATE_REMOVED
DUPLICATE_REMOVED,DUPLICATE_REMOVED,DUPLICATE_REMOVED,DUPLICATE_REMOVED,DUPLICATE_REMOVED,DUPLICATE_REMOVED,DUPLICATE_REMOVED,DUPLICATE_REMOVED,DUPLICATE_REMOVED,DUPLICATE_REMOVED,DUPLICATE_REMOVED,DUPLICATE_REMOVED
DUPLICATE_REMOVED,DUPLICATE_REMOVED,DUPLICATE_REMOVED,DUPLICATE_REMOVED,DUPLICATE_REMOVED,DUPLICATE_REMOVED,DUPLICATE_REMOVED,DUPLICATE_REMOVED,DUPLICATE_REMOVED,DUPLICATE_REMOVED,DUPLICATE_REMOVED,DUPLICATE_REMOVED
DUPLICATE_REMOVED,DUPLICATE_REMOVED,DUPLICATE_REMOVED,DUPLICATE_REMOVED,DUPLICATE_REMOVED,DUPLICATE_REMOVED,DUPLICATE_REMOVED,DUPLICATE_REMOVED,DUPLICATE_REMOVED,DUPLICATE_REMOVED,DUPLICATE_REMOVED,DUPLICATE_REMOVED
DUPLICATE_REMOVED,DUPLICATE_REMOVED,DUPLICATE_REMOVED,DUPLICATE_REMOVED,DUPLICATE_REMOVED,DUPLICATE_REMOVED,DUPLICATE_REMOVED,DUPLICATE_REMOVED,DUPLICATE_REMOVED,DUPLICATE_REMOVED,DUPLICATE_REMOVED,DUPLICATE_REMOVED
DUPLICATE_REMOVED,DUPLICATE_REMOVED,DUPLICATE_REMOVED,DUPLICATE_REMOVED,DUPLICATE_REMOVED,DUPLICATE_REMOVED,DUPLICATE_REMOVED,DUPLICATE_REMOVED,DUPLICATE_REMOVED,DUPLICATE_REMOVED,DUPLICATE_REMOVED,DUPLICATE_REMOVED
DUPLICATE_REMOVED,DUPLICATE_REMOVED,DUPLICATE_REMOVED,DUPLICATE_REMOVED,DUPLICATE_REMOVED,DUPLICATE_REMOVED,DUPLICATE_REMOVED,DUPLICATE_REMOVED,DUPLICATE_REMOVED,DUPLICATE_REMOVED,DUPLICATE_REMOVED,DUPLICATE_REMOVED
DUPLICATE_REMOVED,DUPLICATE_REMOVED,DUPLICATE_REMOVED,DUPLICATE_REMOVED,DUPLICATE_REMOVED,DUPLICATE_REMOVED,DUPLICATE_REMOVED,DUPLICATE_REMOVED,DUPLICATE_REMOVED,DUPLICATE_REMOVED,DUPLICATE_REMOVED,DUPLICATE_REMOVED
DUPLICATE_REMOVED,DUPLICATE_REMOVED,DUPLICATE_REMOVED,DUPLICATE_REMOVED,DUPLICATE_REMOVED,DUPLICATE_REMOVED,DUPLICATE_REMOVED,DUPLICATE_REMOVED,DUPLICATE_REMOVED,DUPLICATE_REMOVED,DUPLICATE_REMOVED,DUPLICATE_REMOVED
DUPLICATE_REMOVED,DUPLICATE_REMOVED,DUPLICATE_REMOVED,DUPLICATE_REMOVED,DUPLICATE_REMOVED,DUPLICATE_REMOVED,DUPLICATE_REMOVED,DUPLICATE_REMOVED,DUPLICATE_REMOVED,DUPLICATE_REMOVED,DUPLICATE_REMOVED,DUPLICATE_REMOVED
DUPLICATE_REMOVED,DUPLICATE_REMOVED,DUPLICATE_REMOVED,DUPLICATE_REMOVED,DUPLICATE_REMOVED,DUPLICATE_REMOVED,DUPLICATE_REMOVED,DUPLICATE_REMOVED,DUPLICATE_REMOVED,DUPLICATE_REMOVED,DUPLICATE_REMOVED,DUPLICATE_REMOVED
DUPLICATE_REMOVED,DUPLICATE_REMOVED,DUPLICATE_REMOVED,DUPLICATE_REMOVED,DUPLICATE_REMOVED,DUPLICATE_REMOVED,DUPLICATE_REMOVED,DUPLICATE_REMOVED,DUPLICATE_REMOVED,DUPLICATE_REMOVED,DUPLICATE_REMOVED,DUPLICATE_REMOVED
DUPLICATE_REMOVED,DUPLICATE_REMOVED,DUPLICATE_REMOVED,DUPLICATE_REMOVED,DUPLICATE_REMOVED,DUPLICATE_REMOVED,DUPLICATE_REMOVED,DUPLICATE_REMOVED,DUPLICATE_REMOVED,DUPLICATE_REMOVED,DUPLICATE_REMOVED,DUPLICATE_REMOVED
DUPLICATE_REMOVED,DUPLICATE_REMOVED,DUPLICATE_REMOVED,DUPLICATE_REMOVED,DUPLICATE_REMOVED,DUPLICATE_REMOVED,DUPLICATE_REMOVED,DUPLICATE_REMOVED,DUPLICATE_REMOVED,DUPLICATE_REMOVED,DUPLICATE_REMOVED,DUPLICATE_REMOVED
DUPLICATE_REMOVED,DUPLICATE_REMOVED,DUPLICATE_REMOVED,DUPLICATE_REMOVED,DUPLICATE_REMOVED,DUPLICATE_REMOVED,DUPLICATE_REMOVED,DUPLICATE_REMOVED,DUPLICATE_REMOVED,DUPLICATE_REMOVED,DUPLICATE_REMOVED,DUPLICATE_REMOVED
DUPLICATE_REMOVED,DUPLICATE_REMOVED,DUPLICATE_REMOVED,DUPLICATE_REMOVED,DUPLICATE_REMOVED,DUPLICATE_REMOVED,DUPLICATE_REMOVED,DUPLICATE_REMOVED,DUPLICATE_REMOVED,DUPLICATE_REMOVED,DUPLICATE_REMOVED,DUPLICATE_REMOVED
DUPLICATE_REMOVED,DUPLICATE_REMOVED,DUPLICATE_REMOVED,DUPLICATE_REMOVED,DUPLICATE_REMOVED,DUPLICATE_REMOVED,DUPLICATE_REMOVED,DUPLICATE_REMOVED,DUPLICATE_REMOVED,DUPLICATE_REMOVED,DUPLICATE_REMOVED,DUPLICATE_REMOVED
DUPLICATE_REMOVED,DUPLICATE_REMOVED,DUPLICATE_REMOVED,DUPLICATE_REMOVED,DUPLICATE_REMOVED,DUPLICATE_REMOVED,DUPLICATE_REMOVED,DUPLICATE_REMOVED,DUPLICATE_REMOVED,DUPLICATE_REMOVED,DUPLICATE_REMOVED,DUPLICATE_REMOVED
DUPLICATE_REMOVED,DUPLICATE_REMOVED,DUPLICATE_REMOVED,DUPLICATE_REMOVED,DUPLICATE_REMOVED,DUPLICATE_REMOVED,DUPLICATE_REMOVED,DUPLICATE_REMOVED,DUPLICATE_REMOVED,DUPLICATE_REMOVED,DUPLICATE_REMOVED,DUPLICATE_REMOVED
DUPLICATE_REMOVED,DUPLICATE_REMOVED,DUPLICATE_REMOVED,DUPLICATE_REMOVED,DUPLICATE_REMOVED,DUPLICATE_REMOVED,DUPLICATE_REMOVED,DUPLICATE_REMOVED,DUPLICATE_REMOVED,DUPLICATE_REMOVED,DUPLICATE_REMOVED,DUPLICATE_REMOVED
DUPLICATE_REMOVED,DUPLICATE_REMOVED,DUPLICATE_REMOVED,DUPLICATE_REMOVED,DUPLICATE_REMOVED,DUPLICATE_REMOVED,DUPLICATE_REMOVED,DUPLICATE_REMOVED,DUPLICATE_REMOVED,DUPLICATE_REMOVED,DUPLICATE_REMOVED,DUPLICATE_REMOVED
DUPLICATE_REMOVED,DUPLICATE_REMOVED,DUPLICATE_REMOVED,DUPLICATE_REMOVED,DUPLICATE_REMOVED,DUPLICATE_REMOVED,DUPLICATE_REMOVED,DUPLICATE_REMOVED,DUPLICATE_REMOVED,DUPLICATE_REMOVED,DUPLICATE_REMOVED,DUPLICATE_REMOVED
DUPLICATE_REMOVED,DUPLICATE_REMOVED,DUPLICATE_REMOVED,DUPLICATE_REMOVED,DUPLICATE_REMOVED,DUPLICATE_REMOVED,DUPLICATE_REMOVED,DUPLICATE_REMOVED,DUPLICATE_REMOVED,DUPLICATE_REMOVED,DUPLICATE_REMOVED,DUPLICATE_REMOVED
DUPLICATE_REMOVED,DUPLICATE_REMOVED,DUPLICATE_REMOVED,DUPLICATE_REMOVED,DUPLICATE_REMOVED,DUPLICATE_REMOVED,DUPLICATE_REMOVED,DUPLICATE_REMOVED,DUPLICATE_REMOVED,DUPLICATE_REMOVED,DUPLICATE_REMOVED,DUPLICATE_REMOVED
DUPLICATE_REMOVED,DUPLICATE_REMOVED,DUPLICATE_REMOVED,DUPLICATE_REMOVED,DUPLICATE_REMOVED,DUPLICATE_REMOVED,DUPLICATE_REMOVED,DUPLICATE_REMOVED,DUPLICATE_REMOVED,DUPLICATE_REMOVED,DUPLICATE_REMOVED,DUPLICATE_REMOVED
DUPLICATE_REMOVED,DUPLICATE_REMOVED,DUPLICATE_REMOVED,DUPLICATE_REMOVED,DUPLICATE_REMOVED,DUPLICATE_REMOVED,DUPLICATE_REMOVED,DUPLICATE_REMOVED,DUPLICATE_REMOVED,DUPLICATE_REMOVED,DUPLICATE_REMOVED,DUPLICATE_REMOVED
DUPLICATE_REMOVED,DUPLICATE_REMOVED,DUPLICATE_REMOVED,DUPLICATE_REMOVED,DUPLICATE_REMOVED,DUPLICATE_REMOVED,DUPLICATE_REMOVED,DUPLICATE_REMOVED,DUPLICATE_REMOVED,DUPLICATE_REMOVED,DUPLICATE_REMOVED,DUPLICATE_REMOVED
DUPLICATE_REMOVED,DUPLICATE_REMOVED,DUPLICATE_REMOVED,DUPLICATE_REMOVED,DUPLICATE_REMOVED,DUPLICATE_REMOVED,DUPLICATE_REMOVED,DUPLICATE_REMOVED,DUPLICATE_REMOVED,DUPLICATE_REMOVED,DUPLICATE_REMOVED,DUPLICATE_REMOVED
DUPLICATE_REMOVED,DUPLICATE_REMOVED,DUPLICATE_REMOVED,DUPLICATE_REMOVED,DUPLICATE_REMOVED,DUPLICATE_REMOVED,DUPLICATE_REMOVED,DUPLICATE_REMOVED,DUPLICATE_REMOVED,DUPLICATE_REMOVED,DUPLICATE_REMOVED,DUPLICATE_REMOVED
DUPLICATE_REMOVED,DUPLICATE_REMOVED,DUPLICATE_REMOVED,DUPLICATE_REMOVED,DUPLICATE_REMOVED,DUPLICATE_REMOVED,DUPLICATE_REMOVED,DUPLICATE_REMOVED,DUPLICATE_REMOVED,DUPLICATE_REMOVED,DUPLICATE_REMOVED,DUPLICATE_REMOVED
DUPLICATE_REMOVED,DUPLICATE_REMOVED,DUPLICATE_REMOVED,DUPLICATE_REMOVED,DUPLICATE_REMOVED,DUPLICATE_REMOVED,DUPLICATE_REMOVED,DUPLICATE_REMOVED,DUPLICATE_REMOVED,DUPLICATE_REMOVED,DUPLICATE_REMOVED,DUPLICATE_REMOVED
DUPLICATE_REMOVED,DUPLICATE_REMOVED,DUPLICATE_REMOVED,DUPLICATE_REMOVED,DUPLICATE_REMOVED,DUPLICATE_REMOVED,DUPLICATE_REMOVED,DUPLICATE_REMOVED,DUPLICATE_REMOVED,DUPLICATE_REMOVED,DUPLICATE_REMOVED,DUPLICATE_REMOVED
DUPLICATE_REMOVED,DUPLICATE_REMOVED,DUPLICATE_REMOVED,DUPLICATE_REMOVED,DUPLICATE_REMOVED,DUPLICATE_REMOVED,DUPLICATE_REMOVED,DUPLICATE_REMOVED,DUPLICATE_REMOVED,DUPLICATE_REMOVED,DUPLICATE_REMOVED,DUPLICATE_REMOVED
DUPLICATE_REMOVED,DUPLICATE_REMOVED,DUPLICATE_REMOVED,DUPLICATE_REMOVED,DUPLICATE_REMOVED,DUPLICATE_REMOVED,DUPLICATE_REMOVED,DUPLICATE_REMOVED,DUPLICATE_REMOVED,DUPLICATE_REMOVED,DUPLICATE_REMOVED,DUPLICATE_REMOVED
PX_H2_25_Tub3_Lacerate 147,PX_H2_25_Tub3,H2_25_Tub3,2026-04-14,W9-10,,2026-04-20,W9-10,H2,25,H2_25,Maddox
PX_H2_25_Tub3_Lacerate 148,PX_H2_25_Tub3,H2_25_Tub3,2026-04-14,W9-10,,2026-04-20,W9-10,H2,25,H2_25,Maddox
DUPLICATE_REMOVED,DUPLICATE_REMOVED,DUPLICATE_REMOVED,DUPLICATE_REMOVED,DUPLICATE_REMOVED,DUPLICATE_REMOVED,DUPLICATE_REMOVED,DUPLICATE_REMOVED,DUPLICATE_REMOVED,DUPLICATE_REMOVED,DUPLICATE_REMOVED,DUPLICATE_REMOVED
DUPLICATE_REMOVED,DUPLICATE_REMOVED,DUPLICATE_REMOVED,DUPLICATE_REMOVED,DUPLICATE_REMOVED,DUPLICATE_REMOVED,DUPLICATE_REMOVED,DUPLICATE_REMOVED,DUPLICATE_REMOVED,DUPLICATE_REMOVED,DUPLICATE_REMOVED,DUPLICATE_REMOVED
DUPLICATE_REMOVED,DUPLICATE_REMOVED,DUPLICATE_REMOVED,DUPLICATE_REMOVED,DUPLICATE_REMOVED,DUPLICATE_REMOVED,DUPLICATE_REMOVED,DUPLICATE_REMOVED,DUPLICATE_REMOVED,DUPLICATE_REMOVED,DUPLICATE_REMOVED,DUPLICATE_REMOVED
DUPLICATE_REMOVED,DUPLICATE_REMOVED,DUPLICATE_REMOVED,DUPLICATE_REMOVED,DUPLICATE_REMOVED,DUPLICATE_REMOVED,DUPLICATE_REMOVED,DUPLICATE_REMOVED,DUPLICATE_REMOVED,DUPLICATE_REMOVED,DUPLICATE_REMOVED,DUPLICATE_REMOVED
DUPLICATE_REMOVED,DUPLICATE_REMOVED,DUPLICATE_REMOVED,DUPLICATE_REMOVED,DUPLICATE_REMOVED,DUPLICATE_REMOVED,DUPLICATE_REMOVED,DUPLICATE_REMOVED,DUPLICATE_REMOVED,DUPLICATE_REMOVED,DUPLICATE_REMOVED,DUPLICATE_REMOVED
DUPLICATE_REMOVED,DUPLICATE_REMOVED,DUPLICATE_REMOVED,DUPLICATE_REMOVED,DUPLICATE_REMOVED,DUPLICATE_REMOVED,DUPLICATE_REMOVED,DUPLICATE_REMOVED,DUPLICATE_REMOVED,DUPLICATE_REMOVED,DUPLICATE_REMOVED,DUPLICATE_REMOVED
DUPLICATE_REMOVED,DUPLICATE_REMOVED,DUPLICATE_REMOVED,DUPLICATE_REMOVED,DUPLICATE_REMOVED,DUPLICATE_REMOVED,DUPLICATE_REMOVED,DUPLICATE_REMOVED,DUPLICATE_REMOVED,DUPLICATE_REMOVED,DUPLICATE_REMOVED,DUPLICATE_REMOVED
DUPLICATE_REMOVED,DUPLICATE_REMOVED,DUPLICATE_REMOVED,DUPLICATE_REMOVED,DUPLICATE_REMOVED,DUPLICATE_REMOVED,DUPLICATE_REMOVED,DUPLICATE_REMOVED,DUPLICATE_REMOVED,DUPLICATE_REMOVED,DUPLICATE_REMOVED,DUPLICATE_REMOVED
DUPLICATE_REMOVED,DUPLICATE_REMOVED,DUPLICATE_REMOVED,DUPLICATE_REMOVED,DUPLICATE_REMOVED,DUPLICATE_REMOVED,DUPLICATE_REMOVED,DUPLICATE_REMOVED,DUPLICATE_REMOVED,DUPLICATE_REMOVED,DUPLICATE_REMOVED,DUPLICATE_REMOVED
DUPLICATE_REMOVED,DUPLICATE_REMOVED,DUPLICATE_REMOVED,DUPLICATE_REMOVED,DUPLICATE_REMOVED,DUPLICATE_REMOVED,DUPLICATE_REMOVED,DUPLICATE_REMOVED,DUPLICATE_REMOVED,DUPLICATE_REMOVED,DUPLICATE_REMOVED,DUPLICATE_REMOVED
DUPLICATE_REMOVED,DUPLICATE_REMOVED,DUPLICATE_REMOVED,DUPLICATE_REMOVED,DUPLICATE_REMOVED,DUPLICATE_REMOVED,DUPLICATE_REMOVED,DUPLICATE_REMOVED,DUPLICATE_REMOVED,DUPLICATE_REMOVED,DUPLICATE_REMOVED,DUPLICATE_REMOVED
DUPLICATE_REMOVED,DUPLICATE_REMOVED,DUPLICATE_REMOVED,DUPLICATE_REMOVED,DUPLICATE_REMOVED,DUPLICATE_REMOVED,DUPLICATE_REMOVED,DUPLICATE_REMOVED,DUPLICATE_REMOVED,DUPLICATE_REMOVED,DUPLICATE_REMOVED,DUPLICATE_REMOVED
DUPLICATE_REMOVED,DUPLICATE_REMOVED,DUPLICATE_REMOVED,DUPLICATE_REMOVED,DUPLICATE_REMOVED,DUPLICATE_REMOVED,DUPLICATE_REMOVED,DUPLICATE_REMOVED,DUPLICATE_REMOVED,DUPLICATE_REMOVED,DUPLICATE_REMOVED,DUPLICATE_REMOVED
DUPLICATE_REMOVED,DUPLICATE_REMOVED,DUPLICATE_REMOVED,DUPLICATE_REMOVED,DUPLICATE_REMOVED,DUPLICATE_REMOVED,DUPLICATE_REMOVED,DUPLICATE_REMOVED,DUPLICATE_REMOVED,DUPLICATE_REMOVED,DUPLICATE_REMOVED,DUPLICATE_REMOVED
DUPLICATE_REMOVED,DUPLICATE_REMOVED,DUPLICATE_REMOVED,DUPLICATE_REMOVED,DUPLICATE_REMOVED,DUPLICATE_REMOVED,DUPLICATE_REMOVED,DUPLICATE_REMOVED,DUPLICATE_REMOVED,DUPLICATE_REMOVED,DUPLICATE_REMOVED,DUPLICATE_REMOVED
DUPLICATE_REMOVED,DUPLICATE_REMOVED,DUPLICATE_REMOVED,DUPLICATE_REMOVED,DUPLICATE_REMOVED,DUPLICATE_REMOVED,DUPLICATE_REMOVED,DUPLICATE_REMOVED,DUPLICATE_REMOVED,DUPLICATE_REMOVED,DUPLICATE_REMOVED,DUPLICATE_REMOVED
DUPLICATE_REMOVED,DUPLICATE_REMOVED,DUPLICATE_REMOVED,DUPLICATE_REMOVED,DUPLICATE_REMOVED,DUPLICATE_REMOVED,DUPLICATE_REMOVED,DUPLICATE_REMOVED,DUPLICATE_REMOVED,DUPLICATE_REMOVED,DUPLICATE_REMOVED,DUPLICATE_REMOVED
P3_VWA_25_Tub1_Lacerate 155,P3_VWA_25_Tub1,VWA_25_Tub1,2026-04-14,W9-10,,2026-04-20,W9-10,VWA,25,VWA_25,Maddox
DUPLICATE_REMOVED,DUPLICATE_REMOVED,DUPLICATE_REMOVED,DUPLICATE_REMOVED,DUPLICATE_REMOVED,DUPLICATE_REMOVED,DUPLICATE_REMOVED,DUPLICATE_REMOVED,DUPLICATE_REMOVED,DUPLICATE_REMOVED,DUPLICATE_REMOVED,DUPLICATE_REMOVED
DUPLICATE_REMOVED,DUPLICATE_REMOVED,DUPLICATE_REMOVED,DUPLICATE_REMOVED,DUPLICATE_REMOVED,DUPLICATE_REMOVED,DUPLICATE_REMOVED,DUPLICATE_REMOVED,DUPLICATE_REMOVED,DUPLICATE_REMOVED,DUPLICATE_REMOVED,DUPLICATE_REMOVED
DUPLICATE_REMOVED,DUPLICATE_REMOVED,DUPLICATE_REMOVED,DUPLICATE_REMOVED,DUPLICATE_REMOVED,DUPLICATE_REMOVED,DUPLICATE_REMOVED,DUPLICATE_REMOVED,DUPLICATE_REMOVED,DUPLICATE_REMOVED,DUPLICATE_REMOVED,DUPLICATE_REMOVED
DUPLICATE_REMOVED,DUPLICATE_REMOVED,DUPLICATE_REMOVED,DUPLICATE_REMOVED,DUPLICATE_REMOVED,DUPLICATE_REMOVED,DUPLICATE_REMOVED,DUPLICATE_REMOVED,DUPLICATE_REMOVED,DUPLICATE_REMOVED,DUPLICATE_REMOVED,DUPLICATE_REMOVED
DUPLICATE_REMOVED,DUPLICATE_REMOVED,DUPLICATE_REMOVED,DUPLICATE_REMOVED,DUPLICATE_REMOVED,DUPLICATE_REMOVED,DUPLICATE_REMOVED,DUPLICATE_REMOVED,DUPLICATE_REMOVED,DUPLICATE_REMOVED,DUPLICATE_REMOVED,DUPLICATE_REMOVED
DUPLICATE_REMOVED,DUPLICATE_REMOVED,DUPLICATE_REMOVED,DUPLICATE_REMOVED,DUPLICATE_REMOVED,DUPLICATE_REMOVED,DUPLICATE_REMOVED,DUPLICATE_REMOVED,DUPLICATE_REMOVED,DUPLICATE_REMOVED,DUPLICATE_REMOVED,DUPLICATE_REMOVED
DUPLICATE_REMOVED,DUPLICATE_REMOVED,DUPLICATE_REMOVED,DUPLICATE_REMOVED,DUPLICATE_REMOVED,DUPLICATE_REMOVED,DUPLICATE_REMOVED,DUPLICATE_REMOVED,DUPLICATE_REMOVED,DUPLICATE_REMOVED,DUPLICATE_REMOVED,DUPLICATE_REMOVED
DUPLICATE_REMOVED,DUPLICATE_REMOVED,DUPLICATE_REMOVED,DUPLICATE_REMOVED,DUPLICATE_REMOVED,DUPLICATE_REMOVED,DUPLICATE_REMOVED,DUPLICATE_REMOVED,DUPLICATE_REMOVED,DUPLICATE_REMOVED,DUPLICATE_REMOVED,DUPLICATE_REMOVED
DUPLICATE_REMOVED,DUPLICATE_REMOVED,DUPLICATE_REMOVED,DUPLICATE_REMOVED,DUPLICATE_REMOVED,DUPLICATE_REMOVED,DUPLICATE_REMOVED,DUPLICATE_REMOVED,DUPLICATE_REMOVED,DUPLICATE_REMOVED,DUPLICATE_REMOVED,DUPLICATE_REMOVED
DUPLICATE_REMOVED,DUPLICATE_REMOVED,DUPLICATE_REMOVED,DUPLICATE_REMOVED,DUPLICATE_REMOVED,DUPLICATE_REMOVED,DUPLICATE_REMOVED,DUPLICATE_REMOVED,DUPLICATE_REMOVED,DUPLICATE_REMOVED,DUPLICATE_REMOVED,DUPLICATE_REMOVED
DUPLICATE_REMOVED,DUPLICATE_REMOVED,DUPLICATE_REMOVED,DUPLICATE_REMOVED,DUPLICATE_REMOVED,DUPLICATE_REMOVED,DUPLICATE_REMOVED,DUPLICATE_REMOVED,DUPLICATE_REMOVED,DUPLICATE_REMOVED,DUPLICATE_REMOVED,DUPLICATE_REMOVED
DUPLICATE_REMOVED,DUPLICATE_REMOVED,DUPLICATE_REMOVED,DUPLICATE_REMOVED,DUPLICATE_REMOVED,DUPLICATE_REMOVED,DUPLICATE_REMOVED,DUPLICATE_REMOVED,DUPLICATE_REMOVED,DUPLICATE_REMOVED,DUPLICATE_REMOVED,DUPLICATE_REMOVED
DUPLICATE_REMOVED,DUPLICATE_REMOVED,DUPLICATE_REMOVED,DUPLICATE_REMOVED,DUPLICATE_REMOVED,DUPLICATE_REMOVED,DUPLICATE_REMOVED,DUPLICATE_REMOVED,DUPLICATE_REMOVED,DUPLICATE_REMOVED,DUPLICATE_REMOVED,DUPLICATE_REMOVED
DUPLICATE_REMOVED,DUPLICATE_REMOVED,DUPLICATE_REMOVED,DUPLICATE_REMOVED,DUPLICATE_REMOVED,DUPLICATE_REMOVED,DUPLICATE_REMOVED,DUPLICATE_REMOVED,DUPLICATE_REMOVED,DUPLICATE_REMOVED,DUPLICATE_REMOVED,DUPLICATE_REMOVED
DUPLICATE_REMOVED,DUPLICATE_REMOVED,DUPLICATE_REMOVED,DUPLICATE_REMOVED,DUPLICATE_REMOVED,DUPLICATE_REMOVED,DUPLICATE_REMOVED,DUPLICATE_REMOVED,DUPLICATE_REMOVED,DUPLICATE_REMOVED,DUPLICATE_REMOVED,DUPLICATE_REMOVED
DUPLICATE_REMOVED,DUPLICATE_REMOVED,DUPLICATE_REMOVED,DUPLICATE_REMOVED,DUPLICATE_REMOVED,DUPLICATE_REMOVED,DUPLICATE_REMOVED,DUPLICATE_REMOVED,DUPLICATE_REMOVED,DUPLICATE_REMOVED,DUPLICATE_REMOVED,DUPLICATE_REMOVED
DUPLICATE_REMOVED,DUPLICATE_REMOVED,DUPLICATE_REMOVED,DUPLICATE_REMOVED,DUPLICATE_REMOVED,DUPLICATE_REMOVED,DUPLICATE_REMOVED,DUPLICATE_REMOVED,DUPLICATE_REMOVED,DUPLICATE_REMOVED,DUPLICATE_REMOVED,DUPLICATE_REMOVED
DUPLICATE_REMOVED,DUPLICATE_REMOVED,DUPLICATE_REMOVED,DUPLICATE_REMOVED,DUPLICATE_REMOVED,DUPLICATE_REMOVED,DUPLICATE_REMOVED,DUPLICATE_REMOVED,DUPLICATE_REMOVED,DUPLICATE_REMOVED,DUPLICATE_REMOVED,DUPLICATE_REMOVED
DUPLICATE_REMOVED,DUPLICATE_REMOVED,DUPLICATE_REMOVED,DUPLICATE_REMOVED,DUPLICATE_REMOVED,DUPLICATE_REMOVED,DUPLICATE_REMOVED,DUPLICATE_REMOVED,DUPLICATE_REMOVED,DUPLICATE_REMOVED,DUPLICATE_REMOVED,DUPLICATE_REMOVED
DUPLICATE_REMOVED,DUPLICATE_REMOVED,DUPLICATE_REMOVED,DUPLICATE_REMOVED,DUPLICATE_REMOVED,DUPLICATE_REMOVED,DUPLICATE_REMOVED,DUPLICATE_REMOVED,DUPLICATE_REMOVED,DUPLICATE_REMOVED,DUPLICATE_REMOVED,DUPLICATE_REMOVED
DUPLICATE_REMOVED,DUPLICATE_REMOVED,DUPLICATE_REMOVED,DUPLICATE_REMOVED,DUPLICATE_REMOVED,DUPLICATE_REMOVED,DUPLICATE_REMOVED,DUPLICATE_REMOVED,DUPLICATE_REMOVED,DUPLICATE_REMOVED,DUPLICATE_REMOVED,DUPLICATE_REMOVED
DUPLICATE_REMOVED,DUPLICATE_REMOVED,DUPLICATE_REMOVED,DUPLICATE_REMOVED,DUPLICATE_REMOVED,DUPLICATE_REMOVED,DUPLICATE_REMOVED,DUPLICATE_REMOVED,DUPLICATE_REMOVED,DUPLICATE_REMOVED,DUPLICATE_REMOVED,DUPLICATE_REMOVED
DUPLICATE_REMOVED,DUPLICATE_REMOVED,DUPLICATE_REMOVED,DUPLICATE_REMOVED,DUPLICATE_REMOVED,DUPLICATE_REMOVED,DUPLICATE_REMOVED,DUPLICATE_REMOVED,DUPLICATE_REMOVED,DUPLICATE_REMOVED,DUPLICATE_REMOVED,DUPLICATE_REMOVED
DUPLICATE_REMOVED,DUPLICATE_REMOVED,DUPLICATE_REMOVED,DUPLICATE_REMOVED,DUPLICATE_REMOVED,DUPLICATE_REMOVED,DUPLICATE_REMOVED,DUPLICATE_REMOVED,DUPLICATE_REMOVED,DUPLICATE_REMOVED,DUPLICATE_REMOVED,DUPLICATE_REMOVED
DUPLICATE_REMOVED,DUPLICATE_REMOVED,DUPLICATE_REMOVED,DUPLICATE_REMOVED,DUPLICATE_REMOVED,DUPLICATE_REMOVED,DUPLICATE_REMOVED,DUPLICATE_REMOVED,DUPLICATE_REMOVED,DUPLICATE_REMOVED,DUPLICATE_REMOVED,DUPLICATE_REMOVED
P2_VWA_25_Tub2_Lacerate 99,P2_VWA_25_Tub2,VWA_25_Tub2,2026-04-14,W9-10,,2026-04-20,W9-10,VWA,25,VWA_25,Maddox
P2_VWA_25_Tub2_Lacerate 100,P2_VWA_25_Tub2,VWA_25_Tub2,2026-04-14,W9-10,,2026-04-20,W9-10,VWA,25,VWA_25,Maddox
P1_VWA_25_Tub2_Lacerate 101,P1_VWA_25_Tub2,VWA_25_Tub2,2026-04-14,W9-10,,2026-04-20,W9-10,VWA,25,VWA_25,Maddox
P1_VWA_25_Tub2_Lacerate 102,P1_VWA_25_Tub2,VWA_25_Tub2,2026-04-14,W9-10,,2026-04-20,W9-10,VWA,25,VWA_25,Maddox
P1_VWA_25_Tub2_Lacerate 103,P1_VWA_25_Tub2,VWA_25_Tub2,2026-04-14,W9-10,,2026-04-20,W9-10,VWA,25,VWA_25,Maddox
PX_VWA_25_Tub2_Lacerate 104,PX_VWA_25_Tub2,VWA_25_Tub2,2026-04-14,W9-10,,2026-04-20,W9-10,VWA,25,VWA_25,Maddox
DUPLICATE_REMOVED,DUPLICATE_REMOVED,DUPLICATE_REMOVED,DUPLICATE_REMOVED,DUPLICATE_REMOVED,DUPLICATE_REMOVED,DUPLICATE_REMOVED,DUPLICATE_REMOVED,DUPLICATE_REMOVED,DUPLICATE_REMOVED,DUPLICATE_REMOVED,DUPLICATE_REMOVED
DUPLICATE_REMOVED,DUPLICATE_REMOVED,DUPLICATE_REMOVED,DUPLICATE_REMOVED,DUPLICATE_REMOVED,DUPLICATE_REMOVED,DUPLICATE_REMOVED,DUPLICATE_REMOVED,DUPLICATE_REMOVED,DUPLICATE_REMOVED,DUPLICATE_REMOVED,DUPLICATE_REMOVED
DUPLICATE_REMOVED,DUPLICATE_REMOVED,DUPLICATE_REMOVED,DUPLICATE_REMOVED,DUPLICATE_REMOVED,DUPLICATE_REMOVED,DUPLICATE_REMOVED,DUPLICATE_REMOVED,DUPLICATE_REMOVED,DUPLICATE_REMOVED,DUPLICATE_REMOVED,DUPLICATE_REMOVED
DUPLICATE_REMOVED,DUPLICATE_REMOVED,DUPLICATE_REMOVED,DUPLICATE_REMOVED,DUPLICATE_REMOVED,DUPLICATE_REMOVED,DUPLICATE_REMOVED,DUPLICATE_REMOVED,DUPLICATE_REMOVED,DUPLICATE_REMOVED,DUPLICATE_REMOVED,DUPLICATE_REMOVED
DUPLICATE_REMOVED,DUPLICATE_REMOVED,DUPLICATE_REMOVED,DUPLICATE_REMOVED,DUPLICATE_REMOVED,DUPLICATE_REMOVED,DUPLICATE_REMOVED,DUPLICATE_REMOVED,DUPLICATE_REMOVED,DUPLICATE_REMOVED,DUPLICATE_REMOVED,DUPLICATE_REMOVED
DUPLICATE_REMOVED,DUPLICATE_REMOVED,DUPLICATE_REMOVED,DUPLICATE_REMOVED,DUPLICATE_REMOVED,DUPLICATE_REMOVED,DUPLICATE_REMOVED,DUPLICATE_REMOVED,DUPLICATE_REMOVED,DUPLICATE_REMOVED,DUPLICATE_REMOVED,DUPLICATE_REMOVED
DUPLICATE_REMOVED,DUPLICATE_REMOVED,DUPLICATE_REMOVED,DUPLICATE_REMOVED,DUPLICATE_REMOVED,DUPLICATE_REMOVED,DUPLICATE_REMOVED,DUPLICATE_REMOVED,DUPLICATE_REMOVED,DUPLICATE_REMOVED,DUPLICATE_REMOVED,DUPLICATE_REMOVED
DUPLICATE_REMOVED,DUPLICATE_REMOVED,DUPLICATE_REMOVED,DUPLICATE_REMOVED,DUPLICATE_REMOVED,DUPLICATE_REMOVED,DUPLICATE_REMOVED,DUPLICATE_REMOVED,DUPLICATE_REMOVED,DUPLICATE_REMOVED,DUPLICATE_REMOVED,DUPLICATE_REMOVED
DUPLICATE_REMOVED,DUPLICATE_REMOVED,DUPLICATE_REMOVED,DUPLICATE_REMOVED,DUPLICATE_REMOVED,DUPLICATE_REMOVED,DUPLICATE_REMOVED,DUPLICATE_REMOVED,DUPLICATE_REMOVED,DUPLICATE_REMOVED,DUPLICATE_REMOVED,DUPLICATE_REMOVED
DUPLICATE_REMOVED,DUPLICATE_REMOVED,DUPLICATE_REMOVED,DUPLICATE_REMOVED,DUPLICATE_REMOVED,DUPLICATE_REMOVED,DUPLICATE_REMOVED,DUPLICATE_REMOVED,DUPLICATE_REMOVED,DUPLICATE_REMOVED,DUPLICATE_REMOVED,DUPLICATE_REMOVED
DUPLICATE_REMOVED,DUPLICATE_REMOVED,DUPLICATE_REMOVED,DUPLICATE_REMOVED,DUPLICATE_REMOVED,DUPLICATE_REMOVED,DUPLICATE_REMOVED,DUPLICATE_REMOVED,DUPLICATE_REMOVED,DUPLICATE_REMOVED,DUPLICATE_REMOVED,DUPLICATE_REMOVED
DUPLICATE_REMOVED,DUPLICATE_REMOVED,DUPLICATE_REMOVED,DUPLICATE_REMOVED,DUPLICATE_REMOVED,DUPLICATE_REMOVED,DUPLICATE_REMOVED,DUPLICATE_REMOVED,DUPLICATE_REMOVED,DUPLICATE_REMOVED,DUPLICATE_REMOVED,DUPLICATE_REMOVED
DUPLICATE_REMOVED,DUPLICATE_REMOVED,DUPLICATE_REMOVED,DUPLICATE_REMOVED,DUPLICATE_REMOVED,DUPLICATE_REMOVED,DUPLICATE_REMOVED,DUPLICATE_REMOVED,DUPLICATE_REMOVED,DUPLICATE_REMOVED,DUPLICATE_REMOVED,DUPLICATE_REMOVED
DUPLICATE_REMOVED,DUPLICATE_REMOVED,DUPLICATE_REMOVED,DUPLICATE_REMOVED,DUPLICATE_REMOVED,DUPLICATE_REMOVED,DUPLICATE_REMOVED,DUPLICATE_REMOVED,DUPLICATE_REMOVED,DUPLICATE_REMOVED,DUPLICATE_REMOVED,DUPLICATE_REMOVED
DUPLICATE_REMOVED,DUPLICATE_REMOVED,DUPLICATE_REMOVED,DUPLICATE_REMOVED,DUPLICATE_REMOVED,DUPLICATE_REMOVED,DUPLICATE_REMOVED,DUPLICATE_REMOVED,DUPLICATE_REMOVED,DUPLICATE_REMOVED,DUPLICATE_REMOVED,DUPLICATE_REMOVED
DUPLICATE_REMOVED,DUPLICATE_REMOVED,DUPLICATE_REMOVED,DUPLICATE_REMOVED,DUPLICATE_REMOVED,DUPLICATE_REMOVED,DUPLICATE_REMOVED,DUPLICATE_REMOVED,DUPLICATE_REMOVED,DUPLICATE_REMOVED,DUPLICATE_REMOVED,DUPLICATE_REMOVED
DUPLICATE_REMOVED,DUPLICATE_REMOVED,DUPLICATE_REMOVED,DUPLICATE_REMOVED,DUPLICATE_REMOVED,DUPLICATE_REMOVED,DUPLICATE_REMOVED,DUPLICATE_REMOVED,DUPLICATE_REMOVED,DUPLICATE_REMOVED,DUPLICATE_REMOVED,DUPLICATE_REMOVED
DUPLICATE_REMOVED,DUPLICATE_REMOVED,DUPLICATE_REMOVED,DUPLICATE_REMOVED,DUPLICATE_REMOVED,DUPLICATE_REMOVED,DUPLICATE_REMOVED,DUPLICATE_REMOVED,DUPLICATE_REMOVED,DUPLICATE_REMOVED,DUPLICATE_REMOVED,DUPLICATE_REMOVED
DUPLICATE_REMOVED,DUPLICATE_REMOVED,DUPLICATE_REMOVED,DUPLICATE_REMOVED,DUPLICATE_REMOVED,DUPLICATE_REMOVED,DUPLICATE_REMOVED,DUPLICATE_REMOVED,DUPLICATE_REMOVED,DUPLICATE_REMOVED,DUPLICATE_REMOVED,DUPLICATE_REMOVED
DUPLICATE_REMOVED,DUPLICATE_REMOVED,DUPLICATE_REMOVED,DUPLICATE_REMOVED,DUPLICATE_REMOVED,DUPLICATE_REMOVED,DUPLICATE_REMOVED,DUPLICATE_REMOVED,DUPLICATE_REMOVED,DUPLICATE_REMOVED,DUPLICATE_REMOVED,DUPLICATE_REMOVED
DUPLICATE_REMOVED,DUPLICATE_REMOVED,DUPLICATE_REMOVED,DUPLICATE_REMOVED,DUPLICATE_REMOVED,DUPLICATE_REMOVED,DUPLICATE_REMOVED,DUPLICATE_REMOVED,DUPLICATE_REMOVED,DUPLICATE_REMOVED,DUPLICATE_REMOVED,DUPLICATE_REMOVED
DUPLICATE_REMOVED,DUPLICATE_REMOVED,DUPLICATE_REMOVED,DUPLICATE_REMOVED,DUPLICATE_REMOVED,DUPLICATE_REMOVED,DUPLICATE_REMOVED,DUPLICATE_REMOVED,DUPLICATE_REMOVED,DUPLICATE_REMOVED,DUPLICATE_REMOVED,DUPLICATE_REMOVED
DUPLICATE_REMOVED,DUPLICATE_REMOVED,DUPLICATE_REMOVED,DUPLICATE_REMOVED,DUPLICATE_REMOVED,DUPLICATE_REMOVED,DUPLICATE_REMOVED,DUPLICATE_REMOVED,DUPLICATE_REMOVED,DUPLICATE_REMOVED,DUPLICATE_REMOVED,DUPLICATE_REMOVED
DUPLICATE_REMOVED,DUPLICATE_REMOVED,DUPLICATE_REMOVED,DUPLICATE_REMOVED,DUPLICATE_REMOVED,DUPLICATE_REMOVED,DUPLICATE_REMOVED,DUPLICATE_REMOVED,DUPLICATE_REMOVED,DUPLICATE_REMOVED,DUPLICATE_REMOVED,DUPLICATE_REMOVED
DUPLICATE_REMOVED,DUPLICATE_REMOVED,DUPLICATE_REMOVED,DUPLICATE_REMOVED,DUPLICATE_REMOVED,DUPLICATE_REMOVED,DUPLICATE_REMOVED,DUPLICATE_REMOVED,DUPLICATE_REMOVED,DUPLICATE_REMOVED,DUPLICATE_REMOVED,DUPLICATE_REMOVED
DUPLICATE_REMOVED,DUPLICATE_REMOVED,DUPLICATE_REMOVED,DUPLICATE_REMOVED,DUPLICATE_REMOVED,DUPLICATE_REMOVED,DUPLICATE_REMOVED,DUPLICATE_REMOVED,DUPLICATE_REMOVED,DUPLICATE_REMOVED,DUPLICATE_REMOVED,DUPLICATE_REMOVED
DUPLICATE_REMOVED,DUPLICATE_REMOVED,DUPLICATE_REMOVED,DUPLICATE_REMOVED,DUPLICATE_REMOVED,DUPLICATE_REMOVED,DUPLICATE_REMOVED,DUPLICATE_REMOVED,DUPLICATE_REMOVED,DUPLICATE_REMOVED,DUPLICATE_REMOVED,DUPLICATE_REMOVED
DUPLICATE_REMOVED,DUPLICATE_REMOVED,DUPLICATE_REMOVED,DUPLICATE_REMOVED,DUPLICATE_REMOVED,DUPLICATE_REMOVED,DUPLICATE_REMOVED,DUPLICATE_REMOVED,DUPLICATE_REMOVED,DUPLICATE_REMOVED,DUPLICATE_REMOVED,DUPLICATE_REMOVED
P1_VWA_25_Tub3_Lacerate 125,P1_VWA_25_Tub3,VWA_25_Tub3,2026-04-14,W9-10,,2026-04-20,W9-10,VWA,25,VWA_25,Maddox
P1_VWA_25_Tub3_Lacerate 126,P1_VWA_25_Tub3,VWA_25_Tub3,2026-04-14,W9-10,,2026-04-20,W9-10,VWA,25,VWA_25,Maddox
P1_VWA_25_Tub3_Lacerate 127,P1_VWA_25_Tub3,VWA_25_Tub3,2026-04-14,W9-10,,2026-04-20,W9-10,VWA,25,VWA_25,Maddox
P1_VWA_25_Tub3_Lacerate 128,P1_VWA_25_Tub3,VWA_25_Tub3,2026-04-14,W9-10,,2026-04-20,W9-10,VWA,25,VWA_25,Maddox
DUPLICATE_REMOVED,DUPLICATE_REMOVED,DUPLICATE_REMOVED,DUPLICATE_REMOVED,DUPLICATE_REMOVED,DUPLICATE_REMOVED,DUPLICATE_REMOVED,DUPLICATE_REMOVED,DUPLICATE_REMOVED,DUPLICATE_REMOVED,DUPLICATE_REMOVED,DUPLICATE_REMOVED
DUPLICATE_REMOVED,DUPLICATE_REMOVED,DUPLICATE_REMOVED,DUPLICATE_REMOVED,DUPLICATE_REMOVED,DUPLICATE_REMOVED,DUPLICATE_REMOVED,DUPLICATE_REMOVED,DUPLICATE_REMOVED,DUPLICATE_REMOVED,DUPLICATE_REMOVED,DUPLICATE_REMOVED
DUPLICATE_REMOVED,DUPLICATE_REMOVED,DUPLICATE_REMOVED,DUPLICATE_REMOVED,DUPLICATE_REMOVED,DUPLICATE_REMOVED,DUPLICATE_REMOVED,DUPLICATE_REMOVED,DUPLICATE_REMOVED,DUPLICATE_REMOVED,DUPLICATE_REMOVED,DUPLICATE_REMOVED
DUPLICATE_REMOVED,DUPLICATE_REMOVED,DUPLICATE_REMOVED,DUPLICATE_REMOVED,DUPLICATE_REMOVED,DUPLICATE_REMOVED,DUPLICATE_REMOVED,DUPLICATE_REMOVED,DUPLICATE_REMOVED,DUPLICATE_REMOVED,DUPLICATE_REMOVED,DUPLICATE_REMOVED
DUPLICATE_REMOVED,DUPLICATE_REMOVED,DUPLICATE_REMOVED,DUPLICATE_REMOVED,DUPLICATE_REMOVED,DUPLICATE_REMOVED,DUPLICATE_REMOVED,DUPLICATE_REMOVED,DUPLICATE_REMOVED,DUPLICATE_REMOVED,DUPLICATE_REMOVED,DUPLICATE_REMOVED
DUPLICATE_REMOVED,DUPLICATE_REMOVED,DUPLICATE_REMOVED,DUPLICATE_REMOVED,DUPLICATE_REMOVED,DUPLICATE_REMOVED,DUPLICATE_REMOVED,DUPLICATE_REMOVED,DUPLICATE_REMOVED,DUPLICATE_REMOVED,DUPLICATE_REMOVED,DUPLICATE_REMOVED
DUPLICATE_REMOVED,DUPLICATE_REMOVED,DUPLICATE_REMOVED,DUPLICATE_REMOVED,DUPLICATE_REMOVED,DUPLICATE_REMOVED,DUPLICATE_REMOVED,DUPLICATE_REMOVED,DUPLICATE_REMOVED,DUPLICATE_REMOVED,DUPLICATE_REMOVED,DUPLICATE_REMOVED
DUPLICATE_REMOVED,DUPLICATE_REMOVED,DUPLICATE_REMOVED,DUPLICATE_REMOVED,DUPLICATE_REMOVED,DUPLICATE_REMOVED,DUPLICATE_REMOVED,DUPLICATE_REMOVED,DUPLICATE_REMOVED,DUPLICATE_REMOVED,DUPLICATE_REMOVED,DUPLICATE_REMOVED
DUPLICATE_REMOVED,DUPLICATE_REMOVED,DUPLICATE_REMOVED,DUPLICATE_REMOVED,DUPLICATE_REMOVED,DUPLICATE_REMOVED,DUPLICATE_REMOVED,DUPLICATE_REMOVED,DUPLICATE_REMOVED,DUPLICATE_REMOVED,DUPLICATE_REMOVED,DUPLICATE_REMOVED
DUPLICATE_REMOVED,DUPLICATE_REMOVED,DUPLICATE_REMOVED,DUPLICATE_REMOVED,DUPLICATE_REMOVED,DUPLICATE_REMOVED,DUPLICATE_REMOVED,DUPLICATE_REMOVED,DUPLICATE_REMOVED,DUPLICATE_REMOVED,DUPLICATE_REMOVED,DUPLICATE_REMOVED
PX_H2_32_Tub1_Lacerate 112,PX_H2_32_Tub1,H2_32_Tub1,2026-04-14,W9-10,,2026-04-20,W9-10,H2,32,H2_32,Maddox
PX_H2_32_Tub1_Lacerate 113,PX_H2_32_Tub1,H2_32_Tub1,2026-04-14,W9-10,,2026-04-20,W9-10,H2,32,H2_32,Maddox
DUPLICATE_REMOVED,DUPLICATE_REMOVED,DUPLICATE_REMOVED,DUPLICATE_REMOVED,DUPLICATE_REMOVED,DUPLICATE_REMOVED,DUPLICATE_REMOVED,DUPLICATE_REMOVED,DUPLICATE_REMOVED,DUPLICATE_REMOVED,DUPLICATE_REMOVED,DUPLICATE_REMOVED
DUPLICATE_REMOVED,DUPLICATE_REMOVED,DUPLICATE_REMOVED,DUPLICATE_REMOVED,DUPLICATE_REMOVED,DUPLICATE_REMOVED,DUPLICATE_REMOVED,DUPLICATE_REMOVED,DUPLICATE_REMOVED,DUPLICATE_REMOVED,DUPLICATE_REMOVED,DUPLICATE_REMOVED
DUPLICATE_REMOVED,DUPLICATE_REMOVED,DUPLICATE_REMOVED,DUPLICATE_REMOVED,DUPLICATE_REMOVED,DUPLICATE_REMOVED,DUPLICATE_REMOVED,DUPLICATE_REMOVED,DUPLICATE_REMOVED,DUPLICATE_REMOVED,DUPLICATE_REMOVED,DUPLICATE_REMOVED
DUPLICATE_REMOVED,DUPLICATE_REMOVED,DUPLICATE_REMOVED,DUPLICATE_REMOVED,DUPLICATE_REMOVED,DUPLICATE_REMOVED,DUPLICATE_REMOVED,DUPLICATE_REMOVED,DUPLICATE_REMOVED,DUPLICATE_REMOVED,DUPLICATE_REMOVED,DUPLICATE_REMOVED
DUPLICATE_REMOVED,DUPLICATE_REMOVED,DUPLICATE_REMOVED,DUPLICATE_REMOVED,DUPLICATE_REMOVED,DUPLICATE_REMOVED,DUPLICATE_REMOVED,DUPLICATE_REMOVED,DUPLICATE_REMOVED,DUPLICATE_REMOVED,DUPLICATE_REMOVED,DUPLICATE_REMOVED
DUPLICATE_REMOVED,DUPLICATE_REMOVED,DUPLICATE_REMOVED,DUPLICATE_REMOVED,DUPLICATE_REMOVED,DUPLICATE_REMOVED,DUPLICATE_REMOVED,DUPLICATE_REMOVED,DUPLICATE_REMOVED,DUPLICATE_REMOVED,DUPLICATE_REMOVED,DUPLICATE_REMOVED
DUPLICATE_REMOVED,DUPLICATE_REMOVED,DUPLICATE_REMOVED,DUPLICATE_REMOVED,DUPLICATE_REMOVED,DUPLICATE_REMOVED,DUPLICATE_REMOVED,DUPLICATE_REMOVED,DUPLICATE_REMOVED,DUPLICATE_REMOVED,DUPLICATE_REMOVED,DUPLICATE_REMOVED
DUPLICATE_REMOVED,DUPLICATE_REMOVED,DUPLICATE_REMOVED,DUPLICATE_REMOVED,DUPLICATE_REMOVED,DUPLICATE_REMOVED,DUPLICATE_REMOVED,DUPLICATE_REMOVED,DUPLICATE_REMOVED,DUPLICATE_REMOVED,DUPLICATE_REMOVED,DUPLICATE_REMOVED
DUPLICATE_REMOVED,DUPLICATE_REMOVED,DUPLICATE_REMOVED,DUPLICATE_REMOVED,DUPLICATE_REMOVED,DUPLICATE_REMOVED,DUPLICATE_REMOVED,DUPLICATE_REMOVED,DUPLICATE_REMOVED,DUPLICATE_REMOVED,DUPLICATE_REMOVED,DUPLICATE_REMOVED
DUPLICATE_REMOVED,DUPLICATE_REMOVED,DUPLICATE_REMOVED,DUPLICATE_REMOVED,DUPLICATE_REMOVED,DUPLICATE_REMOVED,DUPLICATE_REMOVED,DUPLICATE_REMOVED,DUPLICATE_REMOVED,DUPLICATE_REMOVED,DUPLICATE_REMOVED,DUPLICATE_REMOVED
DUPLICATE_REMOVED,DUPLICATE_REMOVED,DUPLICATE_REMOVED,DUPLICATE_REMOVED,DUPLICATE_REMOVED,DUPLICATE_REMOVED,DUPLICATE_REMOVED,DUPLICATE_REMOVED,DUPLICATE_REMOVED,DUPLICATE_REMOVED,DUPLICATE_REMOVED,DUPLICATE_REMOVED
DUPLICATE_REMOVED,DUPLICATE_REMOVED,DUPLICATE_REMOVED,DUPLICATE_REMOVED,DUPLICATE_REMOVED,DUPLICATE_REMOVED,DUPLICATE_REMOVED,DUPLICATE_REMOVED,DUPLICATE_REMOVED,DUPLICATE_REMOVED,DUPLICATE_REMOVED,DUPLICATE_REMOVED
DUPLICATE_REMOVED,DUPLICATE_REMOVED,DUPLICATE_REMOVED,DUPLICATE_REMOVED,DUPLICATE_REMOVED,DUPLICATE_REMOVED,DUPLICATE_REMOVED,DUPLICATE_REMOVED,DUPLICATE_REMOVED,DUPLICATE_REMOVED,DUPLICATE_REMOVED,DUPLICATE_REMOVED
DUPLICATE_REMOVED,DUPLICATE_REMOVED,DUPLICATE_REMOVED,DUPLICATE_REMOVED,DUPLICATE_REMOVED,DUPLICATE_REMOVED,DUPLICATE_REMOVED,DUPLICATE_REMOVED,DUPLICATE_REMOVED,DUPLICATE_REMOVED,DUPLICATE_REMOVED,DUPLICATE_REMOVED
DUPLICATE_REMOVED,DUPLICATE_REMOVED,DUPLICATE_REMOVED,DUPLICATE_REMOVED,DUPLICATE_REMOVED,DUPLICATE_REMOVED,DUPLICATE_REMOVED,DUPLICATE_REMOVED,DUPLICATE_REMOVED,DUPLICATE_REMOVED,DUPLICATE_REMOVED,DUPLICATE_REMOVED
DUPLICATE_REMOVED,DUPLICATE_REMOVED,DUPLICATE_REMOVED,DUPLICATE_REMOVED,DUPLICATE_REMOVED,DUPLICATE_REMOVED,DUPLICATE_REMOVED,DUPLICATE_REMOVED,DUPLICATE_REMOVED,DUPLICATE_REMOVED,DUPLICATE_REMOVED,DUPLICATE_REMOVED
DUPLICATE_REMOVED,DUPLICATE_REMOVED,DUPLICATE_REMOVED,DUPLICATE_REMOVED,DUPLICATE_REMOVED,DUPLICATE_REMOVED,DUPLICATE_REMOVED,DUPLICATE_REMOVED,DUPLICATE_REMOVED,DUPLICATE_REMOVED,DUPLICATE_REMOVED,DUPLICATE_REMOVED
DUPLICATE_REMOVED,DUPLICATE_REMOVED,DUPLICATE_REMOVED,DUPLICATE_REMOVED,DUPLICATE_REMOVED,DUPLICATE_REMOVED,DUPLICATE_REMOVED,DUPLICATE_REMOVED,DUPLICATE_REMOVED,DUPLICATE_REMOVED,DUPLICATE_REMOVED,DUPLICATE_REMOVED
DUPLICATE_REMOVED,DUPLICATE_REMOVED,DUPLICATE_REMOVED,DUPLICATE_REMOVED,DUPLICATE_REMOVED,DUPLICATE_REMOVED,DUPLICATE_REMOVED,DUPLICATE_REMOVED,DUPLICATE_REMOVED,DUPLICATE_REMOVED,DUPLICATE_REMOVED,DUPLICATE_REMOVED
DUPLICATE_REMOVED,DUPLICATE_REMOVED,DUPLICATE_REMOVED,DUPLICATE_REMOVED,DUPLICATE_REMOVED,DUPLICATE_REMOVED,DUPLICATE_REMOVED,DUPLICATE_REMOVED,DUPLICATE_REMOVED,DUPLICATE_REMOVED,DUPLICATE_REMOVED,DUPLICATE_REMOVED
DUPLICATE_REMOVED,DUPLICATE_REMOVED,DUPLICATE_REMOVED,DUPLICATE_REMOVED,DUPLICATE_REMOVED,DUPLICATE_REMOVED,DUPLICATE_REMOVED,DUPLICATE_REMOVED,DUPLICATE_REMOVED,DUPLICATE_REMOVED,DUPLICATE_REMOVED,DUPLICATE_REMOVED
DUPLICATE_REMOVED,DUPLICATE_REMOVED,DUPLICATE_REMOVED,DUPLICATE_REMOVED,DUPLICATE_REMOVED,DUPLICATE_REMOVED,DUPLICATE_REMOVED,DUPLICATE_REMOVED,DUPLICATE_REMOVED,DUPLICATE_REMOVED,DUPLICATE_REMOVED,DUPLICATE_REMOVED
DUPLICATE_REMOVED,DUPLICATE_REMOVED,DUPLICATE_REMOVED,DUPLICATE_REMOVED,DUPLICATE_REMOVED,DUPLICATE_REMOVED,DUPLICATE_REMOVED,DUPLICATE_REMOVED,DUPLICATE_REMOVED,DUPLICATE_REMOVED,DUPLICATE_REMOVED,DUPLICATE_REMOVED
DUPLICATE_REMOVED,DUPLICATE_REMOVED,DUPLICATE_REMOVED,DUPLICATE_REMOVED,DUPLICATE_REMOVED,DUPLICATE_REMOVED,DUPLICATE_REMOVED,DUPLICATE_REMOVED,DUPLICATE_REMOVED,DUPLICATE_REMOVED,DUPLICATE_REMOVED,DUPLICATE_REMOVED
DUPLICATE_REMOVED,DUPLICATE_REMOVED,DUPLICATE_REMOVED,DUPLICATE_REMOVED,DUPLICATE_REMOVED,DUPLICATE_REMOVED,DUPLICATE_REMOVED,DUPLICATE_REMOVED,DUPLICATE_REMOVED,DUPLICATE_REMOVED,DUPLICATE_REMOVED,DUPLICATE_REMOVED
DUPLICATE_REMOVED,DUPLICATE_REMOVED,DUPLICATE_REMOVED,DUPLICATE_REMOVED,DUPLICATE_REMOVED,DUPLICATE_REMOVED,DUPLICATE_REMOVED,DUPLICATE_REMOVED,DUPLICATE_REMOVED,DUPLICATE_REMOVED,DUPLICATE_REMOVED,DUPLICATE_REMOVED
DUPLICATE_REMOVED,DUPLICATE_REMOVED,DUPLICATE_REMOVED,DUPLICATE_REMOVED,DUPLICATE_REMOVED,DUPLICATE_REMOVED,DUPLICATE_REMOVED,DUPLICATE_REMOVED,DUPLICATE_REMOVED,DUPLICATE_REMOVED,DUPLICATE_REMOVED,DUPLICATE_REMOVED
DUPLICATE_REMOVED,DUPLICATE_REMOVED,DUPLICATE_REMOVED,DUPLICATE_REMOVED,DUPLICATE_REMOVED,DUPLICATE_REMOVED,DUPLICATE_REMOVED,DUPLICATE_REMOVED,DUPLICATE_REMOVED,DUPLICATE_REMOVED,DUPLICATE_REMOVED,DUPLICATE_REMOVED
P3_H2_32_Tub2_Lacerate 153,P3_H2_32_Tub2,H2_32_Tub2,2026-04-14,W9-10,,2026-04-20,W9-10,H2,32,H2_32,Maddox
P2_H2_32_Tub2_Lacerate 154,P2_H2_32_Tub2,H2_32_Tub2,2026-04-14,W9-10,,2026-04-20,W9-10,H2,32,H2_32,Maddox
P2_H2_32_Tub2_Lacerate 155,P2_H2_32_Tub2,H2_32_Tub2,2026-04-14,W9-10,,2026-04-20,W9-10,H2,32,H2_32,Maddox
PX_H2_32_Tub2_Lacerate 156,PX_H2_32_Tub2,H2_32_Tub2,2026-04-14,W9-10,,2026-04-20,W9-10,H2,32,H2_32,Maddox
DUPLICATE_REMOVED,DUPLICATE_REMOVED,DUPLICATE_REMOVED,DUPLICATE_REMOVED,DUPLICATE_REMOVED,DUPLICATE_REMOVED,DUPLICATE_REMOVED,DUPLICATE_REMOVED,DUPLICATE_REMOVED,DUPLICATE_REMOVED,DUPLICATE_REMOVED,DUPLICATE_REMOVED
DUPLICATE_REMOVED,DUPLICATE_REMOVED,DUPLICATE_REMOVED,DUPLICATE_REMOVED,DUPLICATE_REMOVED,DUPLICATE_REMOVED,DUPLICATE_REMOVED,DUPLICATE_REMOVED,DUPLICATE_REMOVED,DUPLICATE_REMOVED,DUPLICATE_REMOVED,DUPLICATE_REMOVED
DUPLICATE_REMOVED,DUPLICATE_REMOVED,DUPLICATE_REMOVED,DUPLICATE_REMOVED,DUPLICATE_REMOVED,DUPLICATE_REMOVED,DUPLICATE_REMOVED,DUPLICATE_REMOVED,DUPLICATE_REMOVED,DUPLICATE_REMOVED,DUPLICATE_REMOVED,DUPLICATE_REMOVED
DUPLICATE_REMOVED,DUPLICATE_REMOVED,DUPLICATE_REMOVED,DUPLICATE_REMOVED,DUPLICATE_REMOVED,DUPLICATE_REMOVED,DUPLICATE_REMOVED,DUPLICATE_REMOVED,DUPLICATE_REMOVED,DUPLICATE_REMOVED,DUPLICATE_REMOVED,DUPLICATE_REMOVED
DUPLICATE_REMOVED,DUPLICATE_REMOVED,DUPLICATE_REMOVED,DUPLICATE_REMOVED,DUPLICATE_REMOVED,DUPLICATE_REMOVED,DUPLICATE_REMOVED,DUPLICATE_REMOVED,DUPLICATE_REMOVED,DUPLICATE_REMOVED,DUPLICATE_REMOVED,DUPLICATE_REMOVED
DUPLICATE_REMOVED,DUPLICATE_REMOVED,DUPLICATE_REMOVED,DUPLICATE_REMOVED,DUPLICATE_REMOVED,DUPLICATE_REMOVED,DUPLICATE_REMOVED,DUPLICATE_REMOVED,DUPLICATE_REMOVED,DUPLICATE_REMOVED,DUPLICATE_REMOVED,DUPLICATE_REMOVED
DUPLICATE_REMOVED,DUPLICATE_REMOVED,DUPLICATE_REMOVED,DUPLICATE_REMOVED,DUPLICATE_REMOVED,DUPLICATE_REMOVED,DUPLICATE_REMOVED,DUPLICATE_REMOVED,DUPLICATE_REMOVED,DUPLICATE_REMOVED,DUPLICATE_REMOVED,DUPLICATE_REMOVED
DUPLICATE_REMOVED,DUPLICATE_REMOVED,DUPLICATE_REMOVED,DUPLICATE_REMOVED,DUPLICATE_REMOVED,DUPLICATE_REMOVED,DUPLICATE_REMOVED,DUPLICATE_REMOVED,DUPLICATE_REMOVED,DUPLICATE_REMOVED,DUPLICATE_REMOVED,DUPLICATE_REMOVED
DUPLICATE_REMOVED,DUPLICATE_REMOVED,DUPLICATE_REMOVED,DUPLICATE_REMOVED,DUPLICATE_REMOVED,DUPLICATE_REMOVED,DUPLICATE_REMOVED,DUPLICATE_REMOVED,DUPLICATE_REMOVED,DUPLICATE_REMOVED,DUPLICATE_REMOVED,DUPLICATE_REMOVED
DUPLICATE_REMOVED,DUPLICATE_REMOVED,DUPLICATE_REMOVED,DUPLICATE_REMOVED,DUPLICATE_REMOVED,DUPLICATE_REMOVED,DUPLICATE_REMOVED,DUPLICATE_REMOVED,DUPLICATE_REMOVED,DUPLICATE_REMOVED,DUPLICATE_REMOVED,DUPLICATE_REMOVED
DUPLICATE_REMOVED,DUPLICATE_REMOVED,DUPLICATE_REMOVED,DUPLICATE_REMOVED,DUPLICATE_REMOVED,DUPLICATE_REMOVED,DUPLICATE_REMOVED,DUPLICATE_REMOVED,DUPLICATE_REMOVED,DUPLICATE_REMOVED,DUPLICATE_REMOVED,DUPLICATE_REMOVED
DUPLICATE_REMOVED,DUPLICATE_REMOVED,DUPLICATE_REMOVED,DUPLICATE_REMOVED,DUPLICATE_REMOVED,DUPLICATE_REMOVED,DUPLICATE_REMOVED,DUPLICATE_REMOVED,DUPLICATE_REMOVED,DUPLICATE_REMOVED,DUPLICATE_REMOVED,DUPLICATE_REMOVED
DUPLICATE_REMOVED,DUPLICATE_REMOVED,DUPLICATE_REMOVED,DUPLICATE_REMOVED,DUPLICATE_REMOVED,DUPLICATE_REMOVED,DUPLICATE_REMOVED,DUPLICATE_REMOVED,DUPLICATE_REMOVED,DUPLICATE_REMOVED,DUPLICATE_REMOVED,DUPLICATE_REMOVED
DUPLICATE_REMOVED,DUPLICATE_REMOVED,DUPLICATE_REMOVED,DUPLICATE_REMOVED,DUPLICATE_REMOVED,DUPLICATE_REMOVED,DUPLICATE_REMOVED,DUPLICATE_REMOVED,DUPLICATE_REMOVED,DUPLICATE_REMOVED,DUPLICATE_REMOVED,DUPLICATE_REMOVED
DUPLICATE_REMOVED,DUPLICATE_REMOVED,DUPLICATE_REMOVED,DUPLICATE_REMOVED,DUPLICATE_REMOVED,DUPLICATE_REMOVED,DUPLICATE_REMOVED,DUPLICATE_REMOVED,DUPLICATE_REMOVED,DUPLICATE_REMOVED,DUPLICATE_REMOVED,DUPLICATE_REMOVED
DUPLICATE_REMOVED,DUPLICATE_REMOVED,DUPLICATE_REMOVED,DUPLICATE_REMOVED,DUPLICATE_REMOVED,DUPLICATE_REMOVED,DUPLICATE_REMOVED,DUPLICATE_REMOVED,DUPLICATE_REMOVED,DUPLICATE_REMOVED,DUPLICATE_REMOVED,DUPLICATE_REMOVED
DUPLICATE_REMOVED,DUPLICATE_REMOVED,DUPLICATE_REMOVED,DUPLICATE_REMOVED,DUPLICATE_REMOVED,DUPLICATE_REMOVED,DUPLICATE_REMOVED,DUPLICATE_REMOVED,DUPLICATE_REMOVED,DUPLICATE_REMOVED,DUPLICATE_REMOVED,DUPLICATE_REMOVED
DUPLICATE_REMOVED,DUPLICATE_REMOVED,DUPLICATE_REMOVED,DUPLICATE_REMOVED,DUPLICATE_REMOVED,DUPLICATE_REMOVED,DUPLICATE_REMOVED,DUPLICATE_REMOVED,DUPLICATE_REMOVED,DUPLICATE_REMOVED,DUPLICATE_REMOVED,DUPLICATE_REMOVED
DUPLICATE_REMOVED,DUPLICATE_REMOVED,DUPLICATE_REMOVED,DUPLICATE_REMOVED,DUPLICATE_REMOVED,DUPLICATE_REMOVED,DUPLICATE_REMOVED,DUPLICATE_REMOVED,DUPLICATE_REMOVED,DUPLICATE_REMOVED,DUPLICATE_REMOVED,DUPLICATE_REMOVED
DUPLICATE_REMOVED,DUPLICATE_REMOVED,DUPLICATE_REMOVED,DUPLICATE_REMOVED,DUPLICATE_REMOVED,DUPLICATE_REMOVED,DUPLICATE_REMOVED,DUPLICATE_REMOVED,DUPLICATE_REMOVED,DUPLICATE_REMOVED,DUPLICATE_REMOVED,DUPLICATE_REMOVED
DUPLICATE_REMOVED,DUPLICATE_REMOVED,DUPLICATE_REMOVED,DUPLICATE_REMOVED,DUPLICATE_REMOVED,DUPLICATE_REMOVED,DUPLICATE_REMOVED,DUPLICATE_REMOVED,DUPLICATE_REMOVED,DUPLICATE_REMOVED,DUPLICATE_REMOVED,DUPLICATE_REMOVED
P1_H2_32_Tub3_Lacerate 136,P1_H2_32_Tub3,H2_32_Tub3,2026-04-14,W9-10,,2026-04-20,W9-10,H2,32,H2_32,Maddox
P1_H2_32_Tub3_Lacerate 137,P1_H2_32_Tub3,H2_32_Tub3,2026-04-14,W9-10,,2026-04-20,W9-10,H2,32,H2_32,Maddox
DUPLICATE_REMOVED,DUPLICATE_REMOVED,DUPLICATE_REMOVED,DUPLICATE_REMOVED,DUPLICATE_REMOVED,DUPLICATE_REMOVED,DUPLICATE_REMOVED,DUPLICATE_REMOVED,DUPLICATE_REMOVED,DUPLICATE_REMOVED,DUPLICATE_REMOVED,DUPLICATE_REMOVED
DUPLICATE_REMOVED,DUPLICATE_REMOVED,DUPLICATE_REMOVED,DUPLICATE_REMOVED,DUPLICATE_REMOVED,DUPLICATE_REMOVED,DUPLICATE_REMOVED,DUPLICATE_REMOVED,DUPLICATE_REMOVED,DUPLICATE_REMOVED,DUPLICATE_REMOVED,DUPLICATE_REMOVED
DUPLICATE_REMOVED,DUPLICATE_REMOVED,DUPLICATE_REMOVED,DUPLICATE_REMOVED,DUPLICATE_REMOVED,DUPLICATE_REMOVED,DUPLICATE_REMOVED,DUPLICATE_REMOVED,DUPLICATE_REMOVED,DUPLICATE_REMOVED,DUPLICATE_REMOVED,DUPLICATE_REMOVED
DUPLICATE_REMOVED,DUPLICATE_REMOVED,DUPLICATE_REMOVED,DUPLICATE_REMOVED,DUPLICATE_REMOVED,DUPLICATE_REMOVED,DUPLICATE_REMOVED,DUPLICATE_REMOVED,DUPLICATE_REMOVED,DUPLICATE_REMOVED,DUPLICATE_REMOVED,DUPLICATE_REMOVED
DUPLICATE_REMOVED,DUPLICATE_REMOVED,DUPLICATE_REMOVED,DUPLICATE_REMOVED,DUPLICATE_REMOVED,DUPLICATE_REMOVED,DUPLICATE_REMOVED,DUPLICATE_REMOVED,DUPLICATE_REMOVED,DUPLICATE_REMOVED,DUPLICATE_REMOVED,DUPLICATE_REMOVED
DUPLICATE_REMOVED,DUPLICATE_REMOVED,DUPLICATE_REMOVED,DUPLICATE_REMOVED,DUPLICATE_REMOVED,DUPLICATE_REMOVED,DUPLICATE_REMOVED,DUPLICATE_REMOVED,DUPLICATE_REMOVED,DUPLICATE_REMOVED,DUPLICATE_REMOVED,DUPLICATE_REMOVED
DUPLICATE_REMOVED,DUPLICATE_REMOVED,DUPLICATE_REMOVED,DUPLICATE_REMOVED,DUPLICATE_REMOVED,DUPLICATE_REMOVED,DUPLICATE_REMOVED,DUPLICATE_REMOVED,DUPLICATE_REMOVED,DUPLICATE_REMOVED,DUPLICATE_REMOVED,DUPLICATE_REMOVED
DUPLICATE_REMOVED,DUPLICATE_REMOVED,DUPLICATE_REMOVED,DUPLICATE_REMOVED,DUPLICATE_REMOVED,DUPLICATE_REMOVED,DUPLICATE_REMOVED,DUPLICATE_REMOVED,DUPLICATE_REMOVED,DUPLICATE_REMOVED,DUPLICATE_REMOVED,DUPLICATE_REMOVED
DUPLICATE_REMOVED,DUPLICATE_REMOVED,DUPLICATE_REMOVED,DUPLICATE_REMOVED,DUPLICATE_REMOVED,DUPLICATE_REMOVED,DUPLICATE_REMOVED,DUPLICATE_REMOVED,DUPLICATE_REMOVED,DUPLICATE_REMOVED,DUPLICATE_REMOVED,DUPLICATE_REMOVED
DUPLICATE_REMOVED,DUPLICATE_REMOVED,DUPLICATE_REMOVED,DUPLICATE_REMOVED,DUPLICATE_REMOVED,DUPLICATE_REMOVED,DUPLICATE_REMOVED,DUPLICATE_REMOVED,DUPLICATE_REMOVED,DUPLICATE_REMOVED,DUPLICATE_REMOVED,DUPLICATE_REMOVED
DUPLICATE_REMOVED,DUPLICATE_REMOVED,DUPLICATE_REMOVED,DUPLICATE_REMOVED,DUPLICATE_REMOVED,DUPLICATE_REMOVED,DUPLICATE_REMOVED,DUPLICATE_REMOVED,DUPLICATE_REMOVED,DUPLICATE_REMOVED,DUPLICATE_REMOVED,DUPLICATE_REMOVED
DUPLICATE_REMOVED,DUPLICATE_REMOVED,DUPLICATE_REMOVED,DUPLICATE_REMOVED,DUPLICATE_REMOVED,DUPLICATE_REMOVED,DUPLICATE_REMOVED,DUPLICATE_REMOVED,DUPLICATE_REMOVED,DUPLICATE_REMOVED,DUPLICATE_REMOVED,DUPLICATE_REMOVED
DUPLICATE_REMOVED,DUPLICATE_REMOVED,DUPLICATE_REMOVED,DUPLICATE_REMOVED,DUPLICATE_REMOVED,DUPLICATE_REMOVED,DUPLICATE_REMOVED,DUPLICATE_REMOVED,DUPLICATE_REMOVED,DUPLICATE_REMOVED,DUPLICATE_REMOVED,DUPLICATE_REMOVED
DUPLICATE_REMOVED,DUPLICATE_REMOVED,DUPLICATE_REMOVED,DUPLICATE_REMOVED,DUPLICATE_REMOVED,DUPLICATE_REMOVED,DUPLICATE_REMOVED,DUPLICATE_REMOVED,DUPLICATE_REMOVED,DUPLICATE_REMOVED,DUPLICATE_REMOVED,DUPLICATE_REMOVED
DUPLICATE_REMOVED,DUPLICATE_REMOVED,DUPLICATE_REMOVED,DUPLICATE_REMOVED,DUPLICATE_REMOVED,DUPLICATE_REMOVED,DUPLICATE_REMOVED,DUPLICATE_REMOVED,DUPLICATE_REMOVED,DUPLICATE_REMOVED,DUPLICATE_REMOVED,DUPLICATE_REMOVED
DUPLICATE_REMOVED,DUPLICATE_REMOVED,DUPLICATE_REMOVED,DUPLICATE_REMOVED,DUPLICATE_REMOVED,DUPLICATE_REMOVED,DUPLICATE_REMOVED,DUPLICATE_REMOVED,DUPLICATE_REMOVED,DUPLICATE_REMOVED,DUPLICATE_REMOVED,DUPLICATE_REMOVED
DUPLICATE_REMOVED,DUPLICATE_REMOVED,DUPLICATE_REMOVED,DUPLICATE_REMOVED,DUPLICATE_REMOVED,DUPLICATE_REMOVED,DUPLICATE_REMOVED,DUPLICATE_REMOVED,DUPLICATE_REMOVED,DUPLICATE_REMOVED,DUPLICATE_REMOVED,DUPLICATE_REMOVED
DUPLICATE_REMOVED,DUPLICATE_REMOVED,DUPLICATE_REMOVED,DUPLICATE_REMOVED,DUPLICATE_REMOVED,DUPLICATE_REMOVED,DUPLICATE_REMOVED,DUPLICATE_REMOVED,DUPLICATE_REMOVED,DUPLICATE_REMOVED,DUPLICATE_REMOVED,DUPLICATE_REMOVED
DUPLICATE_REMOVED,DUPLICATE_REMOVED,DUPLICATE_REMOVED,DUPLICATE_REMOVED,DUPLICATE_REMOVED,DUPLICATE_REMOVED,DUPLICATE_REMOVED,DUPLICATE_REMOVED,DUPLICATE_REMOVED,DUPLICATE_REMOVED,DUPLICATE_REMOVED,DUPLICATE_REMOVED
DUPLICATE_REMOVED,DUPLICATE_REMOVED,DUPLICATE_REMOVED,DUPLICATE_REMOVED,DUPLICATE_REMOVED,DUPLICATE_REMOVED,DUPLICATE_REMOVED,DUPLICATE_REMOVED,DUPLICATE_REMOVED,DUPLICATE_REMOVED,DUPLICATE_REMOVED,DUPLICATE_REMOVED
DUPLICATE_REMOVED,DUPLICATE_REMOVED,DUPLICATE_REMOVED,DUPLICATE_REMOVED,DUPLICATE_REMOVED,DUPLICATE_REMOVED,DUPLICATE_REMOVED,DUPLICATE_REMOVED,DUPLICATE_REMOVED,DUPLICATE_REMOVED,DUPLICATE_REMOVED,DUPLICATE_REMOVED
DUPLICATE_REMOVED,DUPLICATE_REMOVED,DUPLICATE_REMOVED,DUPLICATE_REMOVED,DUPLICATE_REMOVED,DUPLICATE_REMOVED,DUPLICATE_REMOVED,DUPLICATE_REMOVED,DUPLICATE_REMOVED,DUPLICATE_REMOVED,DUPLICATE_REMOVED,DUPLICATE_REMOVED
DUPLICATE_REMOVED,DUPLICATE_REMOVED,DUPLICATE_REMOVED,DUPLICATE_REMOVED,DUPLICATE_REMOVED,DUPLICATE_REMOVED,DUPLICATE_REMOVED,DUPLICATE_REMOVED,DUPLICATE_REMOVED,DUPLICATE_REMOVED,DUPLICATE_REMOVED,DUPLICATE_REMOVED
DUPLICATE_REMOVED,DUPLICATE_REMOVED,DUPLICATE_REMOVED,DUPLICATE_REMOVED,DUPLICATE_REMOVED,DUPLICATE_REMOVED,DUPLICATE_REMOVED,DUPLICATE_REMOVED,DUPLICATE_REMOVED,DUPLICATE_REMOVED,DUPLICATE_REMOVED,DUPLICATE_REMOVED
DUPLICATE_REMOVED,DUPLICATE_REMOVED,DUPLICATE_REMOVED,DUPLICATE_REMOVED,DUPLICATE_REMOVED,DUPLICATE_REMOVED,DUPLICATE_REMOVED,DUPLICATE_REMOVED,DUPLICATE_REMOVED,DUPLICATE_REMOVED,DUPLICATE_REMOVED,DUPLICATE_REMOVED
DUPLICATE_REMOVED,DUPLICATE_REMOVED,DUPLICATE_REMOVED,DUPLICATE_REMOVED,DUPLICATE_REMOVED,DUPLICATE_REMOVED,DUPLICATE_REMOVED,DUPLICATE_REMOVED,DUPLICATE_REMOVED,DUPLICATE_REMOVED,DUPLICATE_REMOVED,DUPLICATE_REMOVED
DUPLICATE_REMOVED,DUPLICATE_REMOVED,DUPLICATE_REMOVED,DUPLICATE_REMOVED,DUPLICATE_REMOVED,DUPLICATE_REMOVED,DUPLICATE_REMOVED,DUPLICATE_REMOVED,DUPLICATE_REMOVED,DUPLICATE_REMOVED,DUPLICATE_REMOVED,DUPLICATE_REMOVED
DUPLICATE_REMOVED,DUPLICATE_REMOVED,DUPLICATE_REMOVED,DUPLICATE_REMOVED,DUPLICATE_REMOVED,DUPLICATE_REMOVED,DUPLICATE_REMOVED,DUPLICATE_REMOVED,DUPLICATE_REMOVED,DUPLICATE_REMOVED,DUPLICATE_REMOVED,DUPLICATE_REMOVED
DUPLICATE_REMOVED,DUPLICATE_REMOVED,DUPLICATE_REMOVED,DUPLICATE_REMOVED,DUPLICATE_REMOVED,DUPLICATE_REMOVED,DUPLICATE_REMOVED,DUPLICATE_REMOVED,DUPLICATE_REMOVED,DUPLICATE_REMOVED,DUPLICATE_REMOVED,DUPLICATE_REMOVED
P2_VWA_32_Tub1_Lacerate 132,P2_VWA_32_Tub1,VWA_32_Tub1,2026-04-14,W9-10,,2026-04-20,W9-10,VWA,32,VWA_32,Maddox
DUPLICATE_REMOVED,DUPLICATE_REMOVED,DUPLICATE_REMOVED,DUPLICATE_REMOVED,DUPLICATE_REMOVED,DUPLICATE_REMOVED,DUPLICATE_REMOVED,DUPLICATE_REMOVED,DUPLICATE_REMOVED,DUPLICATE_REMOVED,DUPLICATE_REMOVED,DUPLICATE_REMOVED
DUPLICATE_REMOVED,DUPLICATE_REMOVED,DUPLICATE_REMOVED,DUPLICATE_REMOVED,DUPLICATE_REMOVED,DUPLICATE_REMOVED,DUPLICATE_REMOVED,DUPLICATE_REMOVED,DUPLICATE_REMOVED,DUPLICATE_REMOVED,DUPLICATE_REMOVED,DUPLICATE_REMOVED
DUPLICATE_REMOVED,DUPLICATE_REMOVED,DUPLICATE_REMOVED,DUPLICATE_REMOVED,DUPLICATE_REMOVED,DUPLICATE_REMOVED,DUPLICATE_REMOVED,DUPLICATE_REMOVED,DUPLICATE_REMOVED,DUPLICATE_REMOVED,DUPLICATE_REMOVED,DUPLICATE_REMOVED
DUPLICATE_REMOVED,DUPLICATE_REMOVED,DUPLICATE_REMOVED,DUPLICATE_REMOVED,DUPLICATE_REMOVED,DUPLICATE_REMOVED,DUPLICATE_REMOVED,DUPLICATE_REMOVED,DUPLICATE_REMOVED,DUPLICATE_REMOVED,DUPLICATE_REMOVED,DUPLICATE_REMOVED
DUPLICATE_REMOVED,DUPLICATE_REMOVED,DUPLICATE_REMOVED,DUPLICATE_REMOVED,DUPLICATE_REMOVED,DUPLICATE_REMOVED,DUPLICATE_REMOVED,DUPLICATE_REMOVED,DUPLICATE_REMOVED,DUPLICATE_REMOVED,DUPLICATE_REMOVED,DUPLICATE_REMOVED
DUPLICATE_REMOVED,DUPLICATE_REMOVED,DUPLICATE_REMOVED,DUPLICATE_REMOVED,DUPLICATE_REMOVED,DUPLICATE_REMOVED,DUPLICATE_REMOVED,DUPLICATE_REMOVED,DUPLICATE_REMOVED,DUPLICATE_REMOVED,DUPLICATE_REMOVED,DUPLICATE_REMOVED
DUPLICATE_REMOVED,DUPLICATE_REMOVED,DUPLICATE_REMOVED,DUPLICATE_REMOVED,DUPLICATE_REMOVED,DUPLICATE_REMOVED,DUPLICATE_REMOVED,DUPLICATE_REMOVED,DUPLICATE_REMOVED,DUPLICATE_REMOVED,DUPLICATE_REMOVED,DUPLICATE_REMOVED
DUPLICATE_REMOVED,DUPLICATE_REMOVED,DUPLICATE_REMOVED,DUPLICATE_REMOVED,DUPLICATE_REMOVED,DUPLICATE_REMOVED,DUPLICATE_REMOVED,DUPLICATE_REMOVED,DUPLICATE_REMOVED,DUPLICATE_REMOVED,DUPLICATE_REMOVED,DUPLICATE_REMOVED
DUPLICATE_REMOVED,DUPLICATE_REMOVED,DUPLICATE_REMOVED,DUPLICATE_REMOVED,DUPLICATE_REMOVED,DUPLICATE_REMOVED,DUPLICATE_REMOVED,DUPLICATE_REMOVED,DUPLICATE_REMOVED,DUPLICATE_REMOVED,DUPLICATE_REMOVED,DUPLICATE_REMOVED
DUPLICATE_REMOVED,DUPLICATE_REMOVED,DUPLICATE_REMOVED,DUPLICATE_REMOVED,DUPLICATE_REMOVED,DUPLICATE_REMOVED,DUPLICATE_REMOVED,DUPLICATE_REMOVED,DUPLICATE_REMOVED,DUPLICATE_REMOVED,DUPLICATE_REMOVED,DUPLICATE_REMOVED
DUPLICATE_REMOVED,DUPLICATE_REMOVED,DUPLICATE_REMOVED,DUPLICATE_REMOVED,DUPLICATE_REMOVED,DUPLICATE_REMOVED,DUPLICATE_REMOVED,DUPLICATE_REMOVED,DUPLICATE_REMOVED,DUPLICATE_REMOVED,DUPLICATE_REMOVED,DUPLICATE_REMOVED
DUPLICATE_REMOVED,DUPLICATE_REMOVED,DUPLICATE_REMOVED,DUPLICATE_REMOVED,DUPLICATE_REMOVED,DUPLICATE_REMOVED,DUPLICATE_REMOVED,DUPLICATE_REMOVED,DUPLICATE_REMOVED,DUPLICATE_REMOVED,DUPLICATE_REMOVED,DUPLICATE_REMOVED
DUPLICATE_REMOVED,DUPLICATE_REMOVED,DUPLICATE_REMOVED,DUPLICATE_REMOVED,DUPLICATE_REMOVED,DUPLICATE_REMOVED,DUPLICATE_REMOVED,DUPLICATE_REMOVED,DUPLICATE_REMOVED,DUPLICATE_REMOVED,DUPLICATE_REMOVED,DUPLICATE_REMOVED
P3_VWA_32_Tub2_Lacerate 83,P3_VWA_32_Tub2,VWA_32_Tub2,2026-04-14,W9-10,,2026-04-20,W9-10,VWA,32,VWA_32,Maddox
P3_VWA_32_Tub2_Lacerate 84,P3_VWA_32_Tub2,VWA_32_Tub2,2026-04-14,W9-10,,2026-04-20,W9-10,VWA,32,VWA_32,Maddox
PX_VWA_32_Tub3_Lacerate 77,PX_VWA_32_Tub3,VWA_32_Tub3,2026-04-14,W9-10,,2026-04-20,W9-10,VWA,32,VWA_32,Maddox
PX_VWA_32_Tub3_Lacerate 78,PX_VWA_32_Tub3,VWA_32_Tub3,2026-04-14,W9-10,,2026-04-20,W9-10,VWA,32,VWA_32,Maddox
P3_H2_25_Tub1_Lacerate 184,P3_H2_25_Tub1,H2_25_Tub1,2026-04-15,W9-10,,2026-04-20,W9-10,H2,25,H2_25,Grady
P2_H2_25_Tub1_Lacerate 185,P2_H2_25_Tub1,H2_25_Tub1,2026-04-15,W9-10,,2026-04-20,W9-10,H2,25,H2_25,Grady
P1_H2_25_Tub2_Lacerate 135,P1_H2_25_Tub2,H2_25_Tub2,2026-04-15,W9-10,,2026-04-20,W9-10,H2,25,H2_25,Grady
PX_H2_25_Tub2_Lacerate 136,PX_H2_25_Tub2,H2_25_Tub2,2026-04-15,W9-10,,2026-04-20,W9-10,H2,25,H2_25,Grady
PX_H2_25_Tub3_Lacerate 149,PX_H2_25_Tub3,H2_25_Tub3,2026-04-15,W9-10,,2026-04-20,W9-10,H2,25,H2_25,Grady
P3_VWA_25_Tub1_Lacerate 156,P3_VWA_25_Tub1,VWA_25_Tub1,2026-04-15,W9-10,,2026-04-20,W9-10,VWA,25,VWA_25,Grady
PX_VWA_25_Tub2_Lacerate 105,PX_VWA_25_Tub2,VWA_25_Tub2,2026-04-15,W9-10,,2026-04-20,W9-10,VWA,25,VWA_25,Grady
PX_VWA_25_Tub2_Lacerate 106,PX_VWA_25_Tub2,VWA_25_Tub2,2026-04-15,W9-10,,2026-04-20,W9-10,VWA,25,VWA_25,Grady
PX_VWA_25_Tub2_Lacerate 107,PX_VWA_25_Tub2,VWA_25_Tub2,2026-04-15,W9-10,,2026-04-20,W9-10,VWA,25,VWA_25,Grady
PX_VWA_25_Tub2_Lacerate 108,PX_VWA_25_Tub2,VWA_25_Tub2,2026-04-15,W9-10,,2026-04-20,W9-10,VWA,25,VWA_25,Grady
PX_VWA_25_Tub2_Lacerate 109,PX_VWA_25_Tub2,VWA_25_Tub2,2026-04-15,W9-10,,2026-04-20,W9-10,VWA,25,VWA_25,Grady
P3_H2_32_Tub1_Lacerate 114,P3_H2_32_Tub1,H2_32_Tub1,2026-04-15,W9-10,,2026-04-20,W9-10,H2,32,H2_32,Grady
P3_H2_32_Tub1_Lacerate 115,P3_H2_32_Tub1,H2_32_Tub1,2026-04-15,W9-10,,2026-04-20,W9-10,H2,32,H2_32,Grady
P1_H2_32_Tub1_Lacerate 116,P1_H2_32_Tub1,H2_32_Tub1,2026-04-15,W9-10,,2026-04-20,W9-10,H2,32,H2_32,Grady
P1_H2_32_Tub1_Lacerate 117,P1_H2_32_Tub1,H2_32_Tub1,2026-04-15,W9-10,,2026-04-20,W9-10,H2,32,H2_32,Grady
P1_H2_32_Tub1_Lacerate 118,P1_H2_32_Tub1,H2_32_Tub1,2026-04-15,W9-10,,2026-04-20,W9-10,H2,32,H2_32,Grady
P1_H2_32_Tub1_Lacerate 119,P1_H2_32_Tub1,H2_32_Tub1,2026-04-15,W9-10,,2026-04-20,W9-10,H2,32,H2_32,Grady
P1_H2_32_Tub2_Lacerate 157,P1_H2_32_Tub2,H2_32_Tub2,2026-04-15,W9-10,,2026-04-20,W9-10,H2,32,H2_32,Grady
P1_H2_32_Tub2_Lacerate 158,P1_H2_32_Tub2,H2_32_Tub2,2026-04-15,W9-10,,2026-04-20,W9-10,H2,32,H2_32,Grady
P1_H2_32_Tub2_Lacerate 159,P1_H2_32_Tub2,H2_32_Tub2,2026-04-15,W9-10,,2026-04-20,W9-10,H2,32,H2_32,Grady
P1_H2_32_Tub2_Lacerate 160,P1_H2_32_Tub2,H2_32_Tub2,2026-04-15,W9-10,,2026-04-20,W9-10,H2,32,H2_32,Grady
P3_H2_32_Tub2_Lacerate 161,P3_H2_32_Tub2,H2_32_Tub2,2026-04-15,W9-10,,2026-04-20,W9-10,H2,32,H2_32,Grady
P3_H2_32_Tub2_Lacerate 162,P3_H2_32_Tub2,H2_32_Tub2,2026-04-15,W9-10,,2026-04-20,W9-10,H2,32,H2_32,Grady
P3_H2_32_Tub2_Lacerate 163,P3_H2_32_Tub2,H2_32_Tub2,2026-04-15,W9-10,,2026-04-20,W9-10,H2,32,H2_32,Grady
P3_H2_32_Tub2_Lacerate 164,P3_H2_32_Tub2,H2_32_Tub2,2026-04-15,W9-10,,2026-04-20,W9-10,H2,32,H2_32,Grady
P3_H2_32_Tub2_Lacerate 165,P3_H2_32_Tub2,H2_32_Tub2,2026-04-15,W9-10,,2026-04-20,W9-10,H2,32,H2_32,Grady
P3_H2_32_Tub2_Lacerate 166,P3_H2_32_Tub2,H2_32_Tub2,2026-04-15,W9-10,,2026-04-20,W9-10,H2,32,H2_32,Grady
P2_H2_32_Tub2_Lacerate 167,P2_H2_32_Tub2,H2_32_Tub2,2026-04-15,W9-10,,2026-04-20,W9-10,H2,32,H2_32,Grady
PX_H2_32_Tub2_Lacerate 168,PX_H2_32_Tub2,H2_32_Tub2,2026-04-15,W9-10,,2026-04-20,W9-10,H2,32,H2_32,Grady
PX_H2_32_Tub2_Lacerate 169,PX_H2_32_Tub2,H2_32_Tub2,2026-04-15,W9-10,,2026-04-20,W9-10,H2,32,H2_32,Grady
PX_H2_32_Tub2_Lacerate 170,PX_H2_32_Tub2,H2_32_Tub2,2026-04-15,W9-10,,2026-04-20,W9-10,H2,32,H2_32,Grady
PX_H2_32_Tub3_Lacerate 138,PX_H2_32_Tub3,H2_32_Tub3,2026-04-15,W9-10,,2026-04-20,W9-10,H2,32,H2_32,Grady
PX_H2_32_Tub3_Lacerate 139,PX_H2_32_Tub3,H2_32_Tub3,2026-04-15,W9-10,,2026-04-20,W9-10,H2,32,H2_32,Grady
PX_H2_32_Tub3_Lacerate 140,PX_H2_32_Tub3,H2_32_Tub3,2026-04-15,W9-10,,2026-04-20,W9-10,H2,32,H2_32,Grady
P1_H2_32_Tub3_Lacerate 141,P1_H2_32_Tub3,H2_32_Tub3,2026-04-15,W9-10,,2026-04-20,W9-10,H2,32,H2_32,Grady
P1_H2_32_Tub3_Lacerate 142,P1_H2_32_Tub3,H2_32_Tub3,2026-04-15,W9-10,,2026-04-20,W9-10,H2,32,H2_32,Grady
P1_H2_32_Tub3_Lacerate 143,P1_H2_32_Tub3,H2_32_Tub3,2026-04-15,W9-10,,2026-04-20,W9-10,H2,32,H2_32,Grady
P1_H2_32_Tub3_Lacerate 144,P1_H2_32_Tub3,H2_32_Tub3,2026-04-15,W9-10,,2026-04-20,W9-10,H2,32,H2_32,Grady
P1_H2_32_Tub3_Lacerate 145,P1_H2_32_Tub3,H2_32_Tub3,2026-04-15,W9-10,,2026-04-20,W9-10,H2,32,H2_32,Grady
P1_H2_32_Tub3_Lacerate 146,P1_H2_32_Tub3,H2_32_Tub3,2026-04-15,W9-10,,2026-04-20,W9-10,H2,32,H2_32,Grady
P1_H2_32_Tub3_Lacerate 147,P1_H2_32_Tub3,H2_32_Tub3,2026-04-15,W9-10,,2026-04-20,W9-10,H2,32,H2_32,Grady
P1_H2_32_Tub3_Lacerate 148,P1_H2_32_Tub3,H2_32_Tub3,2026-04-15,W9-10,,2026-04-20,W9-10,H2,32,H2_32,Grady
P2_VWA_32_Tub1_Lacerate 133,P2_VWA_32_Tub1,VWA_32_Tub1,2026-04-15,W9-10,,2026-04-20,W9-10,VWA,32,VWA_32,Grady
P2_VWA_32_Tub1_Lacerate 134,P2_VWA_32_Tub1,VWA_32_Tub1,2026-04-15,W9-10,,2026-04-20,W9-10,VWA,32,VWA_32,Grady
P2_VWA_32_Tub1_Lacerate 135,P2_VWA_32_Tub1,VWA_32_Tub1,2026-04-15,W9-10,,2026-04-20,W9-10,VWA,32,VWA_32,Grady
P2_VWA_32_Tub1_Lacerate 136,P2_VWA_32_Tub1,VWA_32_Tub1,2026-04-15,W9-10,,2026-04-20,W9-10,VWA,32,VWA_32,Grady
PX_VWA_32_Tub2_Lacerate 87,PX_VWA_32_Tub2,VWA_32_Tub2,2026-04-15,W9-10,,2026-04-20,W9-10,VWA,32,VWA_32,Grady
PX_VWA_32_Tub2_Lacerate 88,PX_VWA_32_Tub2,VWA_32_Tub2,2026-04-15,W9-10,,2026-04-20,W9-10,VWA,32,VWA_32,Grady
PX_VWA_32_Tub2_Lacerate 89,PX_VWA_32_Tub2,VWA_32_Tub2,2026-04-15,W9-10,,2026-04-20,W9-10,VWA,32,VWA_32,Grady
P1_VWA_32_Tub2_Lacerate 90,P1_VWA_32_Tub2,VWA_32_Tub2,2026-04-15,W9-10,,2026-04-20,W9-10,VWA,32,VWA_32,Grady
P1_VWA_32_Tub2_Lacerate 91,P1_VWA_32_Tub2,VWA_32_Tub2,2026-04-15,W9-10,,2026-04-20,W9-10,VWA,32,VWA_32,Grady
P2_VWA_32_Tub2_Lacerate 92,P2_VWA_32_Tub2,VWA_32_Tub2,2026-04-15,W9-10,,2026-04-20,W9-10,VWA,32,VWA_32,Grady
PX_VWA_32_Tub3_Lacerate 79,PX_VWA_32_Tub3,VWA_32_Tub3,2026-04-15,W9-10,,2026-04-20,W9-10,VWA,32,VWA_32,Grady
PX_VWA_32_Tub3_Lacerate 80,PX_VWA_32_Tub3,VWA_32_Tub3,2026-04-15,W9-10,,2026-04-20,W9-10,VWA,32,VWA_32,Grady
DUPLICATE_REMOVED,DUPLICATE_REMOVED,DUPLICATE_REMOVED,DUPLICATE_REMOVED,DUPLICATE_REMOVED,DUPLICATE_REMOVED,DUPLICATE_REMOVED,DUPLICATE_REMOVED,DUPLICATE_REMOVED,DUPLICATE_REMOVED,DUPLICATE_REMOVED,DUPLICATE_REMOVED
DUPLICATE_REMOVED,DUPLICATE_REMOVED,DUPLICATE_REMOVED,DUPLICATE_REMOVED,DUPLICATE_REMOVED,DUPLICATE_REMOVED,DUPLICATE_REMOVED,DUPLICATE_REMOVED,DUPLICATE_REMOVED,DUPLICATE_REMOVED,DUPLICATE_REMOVED,DUPLICATE_REMOVED
DUPLICATE_REMOVED,DUPLICATE_REMOVED,DUPLICATE_REMOVED,DUPLICATE_REMOVED,DUPLICATE_REMOVED,DUPLICATE_REMOVED,DUPLICATE_REMOVED,DUPLICATE_REMOVED,DUPLICATE_REMOVED,DUPLICATE_REMOVED,DUPLICATE_REMOVED,DUPLICATE_REMOVED
DUPLICATE_REMOVED,DUPLICATE_REMOVED,DUPLICATE_REMOVED,DUPLICATE_REMOVED,DUPLICATE_REMOVED,DUPLICATE_REMOVED,DUPLICATE_REMOVED,DUPLICATE_REMOVED,DUPLICATE_REMOVED,DUPLICATE_REMOVED,DUPLICATE_REMOVED,DUPLICATE_REMOVED
DUPLICATE_REMOVED,DUPLICATE_REMOVED,DUPLICATE_REMOVED,DUPLICATE_REMOVED,DUPLICATE_REMOVED,DUPLICATE_REMOVED,DUPLICATE_REMOVED,DUPLICATE_REMOVED,DUPLICATE_REMOVED,DUPLICATE_REMOVED,DUPLICATE_REMOVED,DUPLICATE_REMOVED
DUPLICATE_REMOVED,DUPLICATE_REMOVED,DUPLICATE_REMOVED,DUPLICATE_REMOVED,DUPLICATE_REMOVED,DUPLICATE_REMOVED,DUPLICATE_REMOVED,DUPLICATE_REMOVED,DUPLICATE_REMOVED,DUPLICATE_REMOVED,DUPLICATE_REMOVED,DUPLICATE_REMOVED
DUPLICATE_REMOVED,DUPLICATE_REMOVED,DUPLICATE_REMOVED,DUPLICATE_REMOVED,DUPLICATE_REMOVED,DUPLICATE_REMOVED,DUPLICATE_REMOVED,DUPLICATE_REMOVED,DUPLICATE_REMOVED,DUPLICATE_REMOVED,DUPLICATE_REMOVED,DUPLICATE_REMOVED
DUPLICATE_REMOVED,DUPLICATE_REMOVED,DUPLICATE_REMOVED,DUPLICATE_REMOVED,DUPLICATE_REMOVED,DUPLICATE_REMOVED,DUPLICATE_REMOVED,DUPLICATE_REMOVED,DUPLICATE_REMOVED,DUPLICATE_REMOVED,DUPLICATE_REMOVED,DUPLICATE_REMOVED
DUPLICATE_REMOVED,DUPLICATE_REMOVED,DUPLICATE_REMOVED,DUPLICATE_REMOVED,DUPLICATE_REMOVED,DUPLICATE_REMOVED,DUPLICATE_REMOVED,DUPLICATE_REMOVED,DUPLICATE_REMOVED,DUPLICATE_REMOVED,DUPLICATE_REMOVED,DUPLICATE_REMOVED
DUPLICATE_REMOVED,DUPLICATE_REMOVED,DUPLICATE_REMOVED,DUPLICATE_REMOVED,DUPLICATE_REMOVED,DUPLICATE_REMOVED,DUPLICATE_REMOVED,DUPLICATE_REMOVED,DUPLICATE_REMOVED,DUPLICATE_REMOVED,DUPLICATE_REMOVED,DUPLICATE_REMOVED
DUPLICATE_REMOVED,DUPLICATE_REMOVED,DUPLICATE_REMOVED,DUPLICATE_REMOVED,DUPLICATE_REMOVED,DUPLICATE_REMOVED,DUPLICATE_REMOVED,DUPLICATE_REMOVED,DUPLICATE_REMOVED,DUPLICATE_REMOVED,DUPLICATE_REMOVED,DUPLICATE_REMOVED
DUPLICATE_REMOVED,DUPLICATE_REMOVED,DUPLICATE_REMOVED,DUPLICATE_REMOVED,DUPLICATE_REMOVED,DUPLICATE_REMOVED,DUPLICATE_REMOVED,DUPLICATE_REMOVED,DUPLICATE_REMOVED,DUPLICATE_REMOVED,DUPLICATE_REMOVED,DUPLICATE_REMOVED
DUPLICATE_REMOVED,DUPLICATE_REMOVED,DUPLICATE_REMOVED,DUPLICATE_REMOVED,DUPLICATE_REMOVED,DUPLICATE_REMOVED,DUPLICATE_REMOVED,DUPLICATE_REMOVED,DUPLICATE_REMOVED,DUPLICATE_REMOVED,DUPLICATE_REMOVED,DUPLICATE_REMOVED
DUPLICATE_REMOVED,DUPLICATE_REMOVED,DUPLICATE_REMOVED,DUPLICATE_REMOVED,DUPLICATE_REMOVED,DUPLICATE_REMOVED,DUPLICATE_REMOVED,DUPLICATE_REMOVED,DUPLICATE_REMOVED,DUPLICATE_REMOVED,DUPLICATE_REMOVED,DUPLICATE_REMOVED
DUPLICATE_REMOVED,DUPLICATE_REMOVED,DUPLICATE_REMOVED,DUPLICATE_REMOVED,DUPLICATE_REMOVED,DUPLICATE_REMOVED,DUPLICATE_REMOVED,DUPLICATE_REMOVED,DUPLICATE_REMOVED,DUPLICATE_REMOVED,DUPLICATE_REMOVED,DUPLICATE_REMOVED
DUPLICATE_REMOVED,DUPLICATE_REMOVED,DUPLICATE_REMOVED,DUPLICATE_REMOVED,DUPLICATE_REMOVED,DUPLICATE_REMOVED,DUPLICATE_REMOVED,DUPLICATE_REMOVED,DUPLICATE_REMOVED,DUPLICATE_REMOVED,DUPLICATE_REMOVED,DUPLICATE_REMOVED
DUPLICATE_REMOVED,DUPLICATE_REMOVED,DUPLICATE_REMOVED,DUPLICATE_REMOVED,DUPLICATE_REMOVED,DUPLICATE_REMOVED,DUPLICATE_REMOVED,DUPLICATE_REMOVED,DUPLICATE_REMOVED,DUPLICATE_REMOVED,DUPLICATE_REMOVED,DUPLICATE_REMOVED
DUPLICATE_REMOVED,DUPLICATE_REMOVED,DUPLICATE_REMOVED,DUPLICATE_REMOVED,DUPLICATE_REMOVED,DUPLICATE_REMOVED,DUPLICATE_REMOVED,DUPLICATE_REMOVED,DUPLICATE_REMOVED,DUPLICATE_REMOVED,DUPLICATE_REMOVED,DUPLICATE_REMOVED
DUPLICATE_REMOVED,DUPLICATE_REMOVED,DUPLICATE_REMOVED,DUPLICATE_REMOVED,DUPLICATE_REMOVED,DUPLICATE_REMOVED,DUPLICATE_REMOVED,DUPLICATE_REMOVED,DUPLICATE_REMOVED,DUPLICATE_REMOVED,DUPLICATE_REMOVED,DUPLICATE_REMOVED
DUPLICATE_REMOVED,DUPLICATE_REMOVED,DUPLICATE_REMOVED,DUPLICATE_REMOVED,DUPLICATE_REMOVED,DUPLICATE_REMOVED,DUPLICATE_REMOVED,DUPLICATE_REMOVED,DUPLICATE_REMOVED,DUPLICATE_REMOVED,DUPLICATE_REMOVED,DUPLICATE_REMOVED
DUPLICATE_REMOVED,DUPLICATE_REMOVED,DUPLICATE_REMOVED,DUPLICATE_REMOVED,DUPLICATE_REMOVED,DUPLICATE_REMOVED,DUPLICATE_REMOVED,DUPLICATE_REMOVED,DUPLICATE_REMOVED,DUPLICATE_REMOVED,DUPLICATE_REMOVED,DUPLICATE_REMOVED
DUPLICATE_REMOVED,DUPLICATE_REMOVED,DUPLICATE_REMOVED,DUPLICATE_REMOVED,DUPLICATE_REMOVED,DUPLICATE_REMOVED,DUPLICATE_REMOVED,DUPLICATE_REMOVED,DUPLICATE_REMOVED,DUPLICATE_REMOVED,DUPLICATE_REMOVED,DUPLICATE_REMOVED
DUPLICATE_REMOVED,DUPLICATE_REMOVED,DUPLICATE_REMOVED,DUPLICATE_REMOVED,DUPLICATE_REMOVED,DUPLICATE_REMOVED,DUPLICATE_REMOVED,DUPLICATE_REMOVED,DUPLICATE_REMOVED,DUPLICATE_REMOVED,DUPLICATE_REMOVED,DUPLICATE_REMOVED
DUPLICATE_REMOVED,DUPLICATE_REMOVED,DUPLICATE_REMOVED,DUPLICATE_REMOVED,DUPLICATE_REMOVED,DUPLICATE_REMOVED,DUPLICATE_REMOVED,DUPLICATE_REMOVED,DUPLICATE_REMOVED,DUPLICATE_REMOVED,DUPLICATE_REMOVED,DUPLICATE_REMOVED
DUPLICATE_REMOVED,DUPLICATE_REMOVED,DUPLICATE_REMOVED,DUPLICATE_REMOVED,DUPLICATE_REMOVED,DUPLICATE_REMOVED,DUPLICATE_REMOVED,DUPLICATE_REMOVED,DUPLICATE_REMOVED,DUPLICATE_REMOVED,DUPLICATE_REMOVED,DUPLICATE_REMOVED
DUPLICATE_REMOVED,DUPLICATE_REMOVED,DUPLICATE_REMOVED,DUPLICATE_REMOVED,DUPLICATE_REMOVED,DUPLICATE_REMOVED,DUPLICATE_REMOVED,DUPLICATE_REMOVED,DUPLICATE_REMOVED,DUPLICATE_REMOVED,DUPLICATE_REMOVED,DUPLICATE_REMOVED
DUPLICATE_REMOVED,DUPLICATE_REMOVED,DUPLICATE_REMOVED,DUPLICATE_REMOVED,DUPLICATE_REMOVED,DUPLICATE_REMOVED,DUPLICATE_REMOVED,DUPLICATE_REMOVED,DUPLICATE_REMOVED,DUPLICATE_REMOVED,DUPLICATE_REMOVED,DUPLICATE_REMOVED
DUPLICATE_REMOVED,DUPLICATE_REMOVED,DUPLICATE_REMOVED,DUPLICATE_REMOVED,DUPLICATE_REMOVED,DUPLICATE_REMOVED,DUPLICATE_REMOVED,DUPLICATE_REMOVED,DUPLICATE_REMOVED,DUPLICATE_REMOVED,DUPLICATE_REMOVED,DUPLICATE_REMOVED
DUPLICATE_REMOVED,DUPLICATE_REMOVED,DUPLICATE_REMOVED,DUPLICATE_REMOVED,DUPLICATE_REMOVED,DUPLICATE_REMOVED,DUPLICATE_REMOVED,DUPLICATE_REMOVED,DUPLICATE_REMOVED,DUPLICATE_REMOVED,DUPLICATE_REMOVED,DUPLICATE_REMOVED
P2_H2_25_Tub1_Lacerate 186,P2_H2_25_Tub1,H2_25_Tub1,2026-04-16,W9-10,,2026-04-20,W9-10,H2,25,H2_25,Maddox
PX_H2_25_Tub1_Lacerate 187,PX_H2_25_Tub1,H2_25_Tub1,2026-04-16,W9-10,,2026-04-20,W9-10,H2,25,H2_25,Maddox
P2_H2_25_Tub1_Lacerate 188,P2_H2_25_Tub1,H2_25_Tub1,2026-04-16,W9-10,,2026-04-20,W9-10,H2,25,H2_25,Maddox
DUPLICATE_REMOVED,DUPLICATE_REMOVED,DUPLICATE_REMOVED,DUPLICATE_REMOVED,DUPLICATE_REMOVED,DUPLICATE_REMOVED,DUPLICATE_REMOVED,DUPLICATE_REMOVED,DUPLICATE_REMOVED,DUPLICATE_REMOVED,DUPLICATE_REMOVED,DUPLICATE_REMOVED
DUPLICATE_REMOVED,DUPLICATE_REMOVED,DUPLICATE_REMOVED,DUPLICATE_REMOVED,DUPLICATE_REMOVED,DUPLICATE_REMOVED,DUPLICATE_REMOVED,DUPLICATE_REMOVED,DUPLICATE_REMOVED,DUPLICATE_REMOVED,DUPLICATE_REMOVED,DUPLICATE_REMOVED
DUPLICATE_REMOVED,DUPLICATE_REMOVED,DUPLICATE_REMOVED,DUPLICATE_REMOVED,DUPLICATE_REMOVED,DUPLICATE_REMOVED,DUPLICATE_REMOVED,DUPLICATE_REMOVED,DUPLICATE_REMOVED,DUPLICATE_REMOVED,DUPLICATE_REMOVED,DUPLICATE_REMOVED
DUPLICATE_REMOVED,DUPLICATE_REMOVED,DUPLICATE_REMOVED,DUPLICATE_REMOVED,DUPLICATE_REMOVED,DUPLICATE_REMOVED,DUPLICATE_REMOVED,DUPLICATE_REMOVED,DUPLICATE_REMOVED,DUPLICATE_REMOVED,DUPLICATE_REMOVED,DUPLICATE_REMOVED
DUPLICATE_REMOVED,DUPLICATE_REMOVED,DUPLICATE_REMOVED,DUPLICATE_REMOVED,DUPLICATE_REMOVED,DUPLICATE_REMOVED,DUPLICATE_REMOVED,DUPLICATE_REMOVED,DUPLICATE_REMOVED,DUPLICATE_REMOVED,DUPLICATE_REMOVED,DUPLICATE_REMOVED
DUPLICATE_REMOVED,DUPLICATE_REMOVED,DUPLICATE_REMOVED,DUPLICATE_REMOVED,DUPLICATE_REMOVED,DUPLICATE_REMOVED,DUPLICATE_REMOVED,DUPLICATE_REMOVED,DUPLICATE_REMOVED,DUPLICATE_REMOVED,DUPLICATE_REMOVED,DUPLICATE_REMOVED
DUPLICATE_REMOVED,DUPLICATE_REMOVED,DUPLICATE_REMOVED,DUPLICATE_REMOVED,DUPLICATE_REMOVED,DUPLICATE_REMOVED,DUPLICATE_REMOVED,DUPLICATE_REMOVED,DUPLICATE_REMOVED,DUPLICATE_REMOVED,DUPLICATE_REMOVED,DUPLICATE_REMOVED
DUPLICATE_REMOVED,DUPLICATE_REMOVED,DUPLICATE_REMOVED,DUPLICATE_REMOVED,DUPLICATE_REMOVED,DUPLICATE_REMOVED,DUPLICATE_REMOVED,DUPLICATE_REMOVED,DUPLICATE_REMOVED,DUPLICATE_REMOVED,DUPLICATE_REMOVED,DUPLICATE_REMOVED
DUPLICATE_REMOVED,DUPLICATE_REMOVED,DUPLICATE_REMOVED,DUPLICATE_REMOVED,DUPLICATE_REMOVED,DUPLICATE_REMOVED,DUPLICATE_REMOVED,DUPLICATE_REMOVED,DUPLICATE_REMOVED,DUPLICATE_REMOVED,DUPLICATE_REMOVED,DUPLICATE_REMOVED
DUPLICATE_REMOVED,DUPLICATE_REMOVED,DUPLICATE_REMOVED,DUPLICATE_REMOVED,DUPLICATE_REMOVED,DUPLICATE_REMOVED,DUPLICATE_REMOVED,DUPLICATE_REMOVED,DUPLICATE_REMOVED,DUPLICATE_REMOVED,DUPLICATE_REMOVED,DUPLICATE_REMOVED
DUPLICATE_REMOVED,DUPLICATE_REMOVED,DUPLICATE_REMOVED,DUPLICATE_REMOVED,DUPLICATE_REMOVED,DUPLICATE_REMOVED,DUPLICATE_REMOVED,DUPLICATE_REMOVED,DUPLICATE_REMOVED,DUPLICATE_REMOVED,DUPLICATE_REMOVED,DUPLICATE_REMOVED
DUPLICATE_REMOVED,DUPLICATE_REMOVED,DUPLICATE_REMOVED,DUPLICATE_REMOVED,DUPLICATE_REMOVED,DUPLICATE_REMOVED,DUPLICATE_REMOVED,DUPLICATE_REMOVED,DUPLICATE_REMOVED,DUPLICATE_REMOVED,DUPLICATE_REMOVED,DUPLICATE_REMOVED
DUPLICATE_REMOVED,DUPLICATE_REMOVED,DUPLICATE_REMOVED,DUPLICATE_REMOVED,DUPLICATE_REMOVED,DUPLICATE_REMOVED,DUPLICATE_REMOVED,DUPLICATE_REMOVED,DUPLICATE_REMOVED,DUPLICATE_REMOVED,DUPLICATE_REMOVED,DUPLICATE_REMOVED
DUPLICATE_REMOVED,DUPLICATE_REMOVED,DUPLICATE_REMOVED,DUPLICATE_REMOVED,DUPLICATE_REMOVED,DUPLICATE_REMOVED,DUPLICATE_REMOVED,DUPLICATE_REMOVED,DUPLICATE_REMOVED,DUPLICATE_REMOVED,DUPLICATE_REMOVED,DUPLICATE_REMOVED
DUPLICATE_REMOVED,DUPLICATE_REMOVED,DUPLICATE_REMOVED,DUPLICATE_REMOVED,DUPLICATE_REMOVED,DUPLICATE_REMOVED,DUPLICATE_REMOVED,DUPLICATE_REMOVED,DUPLICATE_REMOVED,DUPLICATE_REMOVED,DUPLICATE_REMOVED,DUPLICATE_REMOVED
DUPLICATE_REMOVED,DUPLICATE_REMOVED,DUPLICATE_REMOVED,DUPLICATE_REMOVED,DUPLICATE_REMOVED,DUPLICATE_REMOVED,DUPLICATE_REMOVED,DUPLICATE_REMOVED,DUPLICATE_REMOVED,DUPLICATE_REMOVED,DUPLICATE_REMOVED,DUPLICATE_REMOVED
DUPLICATE_REMOVED,DUPLICATE_REMOVED,DUPLICATE_REMOVED,DUPLICATE_REMOVED,DUPLICATE_REMOVED,DUPLICATE_REMOVED,DUPLICATE_REMOVED,DUPLICATE_REMOVED,DUPLICATE_REMOVED,DUPLICATE_REMOVED,DUPLICATE_REMOVED,DUPLICATE_REMOVED
DUPLICATE_REMOVED,DUPLICATE_REMOVED,DUPLICATE_REMOVED,DUPLICATE_REMOVED,DUPLICATE_REMOVED,DUPLICATE_REMOVED,DUPLICATE_REMOVED,DUPLICATE_REMOVED,DUPLICATE_REMOVED,DUPLICATE_REMOVED,DUPLICATE_REMOVED,DUPLICATE_REMOVED
DUPLICATE_REMOVED,DUPLICATE_REMOVED,DUPLICATE_REMOVED,DUPLICATE_REMOVED,DUPLICATE_REMOVED,DUPLICATE_REMOVED,DUPLICATE_REMOVED,DUPLICATE_REMOVED,DUPLICATE_REMOVED,DUPLICATE_REMOVED,DUPLICATE_REMOVED,DUPLICATE_REMOVED
DUPLICATE_REMOVED,DUPLICATE_REMOVED,DUPLICATE_REMOVED,DUPLICATE_REMOVED,DUPLICATE_REMOVED,DUPLICATE_REMOVED,DUPLICATE_REMOVED,DUPLICATE_REMOVED,DUPLICATE_REMOVED,DUPLICATE_REMOVED,DUPLICATE_REMOVED,DUPLICATE_REMOVED
DUPLICATE_REMOVED,DUPLICATE_REMOVED,DUPLICATE_REMOVED,DUPLICATE_REMOVED,DUPLICATE_REMOVED,DUPLICATE_REMOVED,DUPLICATE_REMOVED,DUPLICATE_REMOVED,DUPLICATE_REMOVED,DUPLICATE_REMOVED,DUPLICATE_REMOVED,DUPLICATE_REMOVED
DUPLICATE_REMOVED,DUPLICATE_REMOVED,DUPLICATE_REMOVED,DUPLICATE_REMOVED,DUPLICATE_REMOVED,DUPLICATE_REMOVED,DUPLICATE_REMOVED,DUPLICATE_REMOVED,DUPLICATE_REMOVED,DUPLICATE_REMOVED,DUPLICATE_REMOVED,DUPLICATE_REMOVED
DUPLICATE_REMOVED,DUPLICATE_REMOVED,DUPLICATE_REMOVED,DUPLICATE_REMOVED,DUPLICATE_REMOVED,DUPLICATE_REMOVED,DUPLICATE_REMOVED,DUPLICATE_REMOVED,DUPLICATE_REMOVED,DUPLICATE_REMOVED,DUPLICATE_REMOVED,DUPLICATE_REMOVED
DUPLICATE_REMOVED,DUPLICATE_REMOVED,DUPLICATE_REMOVED,DUPLICATE_REMOVED,DUPLICATE_REMOVED,DUPLICATE_REMOVED,DUPLICATE_REMOVED,DUPLICATE_REMOVED,DUPLICATE_REMOVED,DUPLICATE_REMOVED,DUPLICATE_REMOVED,DUPLICATE_REMOVED
DUPLICATE_REMOVED,DUPLICATE_REMOVED,DUPLICATE_REMOVED,DUPLICATE_REMOVED,DUPLICATE_REMOVED,DUPLICATE_REMOVED,DUPLICATE_REMOVED,DUPLICATE_REMOVED,DUPLICATE_REMOVED,DUPLICATE_REMOVED,DUPLICATE_REMOVED,DUPLICATE_REMOVED
DUPLICATE_REMOVED,DUPLICATE_REMOVED,DUPLICATE_REMOVED,DUPLICATE_REMOVED,DUPLICATE_REMOVED,DUPLICATE_REMOVED,DUPLICATE_REMOVED,DUPLICATE_REMOVED,DUPLICATE_REMOVED,DUPLICATE_REMOVED,DUPLICATE_REMOVED,DUPLICATE_REMOVED
DUPLICATE_REMOVED,DUPLICATE_REMOVED,DUPLICATE_REMOVED,DUPLICATE_REMOVED,DUPLICATE_REMOVED,DUPLICATE_REMOVED,DUPLICATE_REMOVED,DUPLICATE_REMOVED,DUPLICATE_REMOVED,DUPLICATE_REMOVED,DUPLICATE_REMOVED,DUPLICATE_REMOVED
DUPLICATE_REMOVED,DUPLICATE_REMOVED,DUPLICATE_REMOVED,DUPLICATE_REMOVED,DUPLICATE_REMOVED,DUPLICATE_REMOVED,DUPLICATE_REMOVED,DUPLICATE_REMOVED,DUPLICATE_REMOVED,DUPLICATE_REMOVED,DUPLICATE_REMOVED,DUPLICATE_REMOVED
DUPLICATE_REMOVED,DUPLICATE_REMOVED,DUPLICATE_REMOVED,DUPLICATE_REMOVED,DUPLICATE_REMOVED,DUPLICATE_REMOVED,DUPLICATE_REMOVED,DUPLICATE_REMOVED,DUPLICATE_REMOVED,DUPLICATE_REMOVED,DUPLICATE_REMOVED,DUPLICATE_REMOVED
DUPLICATE_REMOVED,DUPLICATE_REMOVED,DUPLICATE_REMOVED,DUPLICATE_REMOVED,DUPLICATE_REMOVED,DUPLICATE_REMOVED,DUPLICATE_REMOVED,DUPLICATE_REMOVED,DUPLICATE_REMOVED,DUPLICATE_REMOVED,DUPLICATE_REMOVED,DUPLICATE_REMOVED
DUPLICATE_REMOVED,DUPLICATE_REMOVED,DUPLICATE_REMOVED,DUPLICATE_REMOVED,DUPLICATE_REMOVED,DUPLICATE_REMOVED,DUPLICATE_REMOVED,DUPLICATE_REMOVED,DUPLICATE_REMOVED,DUPLICATE_REMOVED,DUPLICATE_REMOVED,DUPLICATE_REMOVED
PX_H2_25_Tub2_Lacerate 137,PX_H2_25_Tub2,H2_25_Tub2,2026-04-16,W9-10,,2026-04-20,W9-10,H2,25,H2_25,Maddox
PX_H2_25_Tub2_Lacerate 138,PX_H2_25_Tub2,H2_25_Tub2,2026-04-16,W9-10,,2026-04-20,W9-10,H2,25,H2_25,Maddox
DUPLICATE_REMOVED,DUPLICATE_REMOVED,DUPLICATE_REMOVED,DUPLICATE_REMOVED,DUPLICATE_REMOVED,DUPLICATE_REMOVED,DUPLICATE_REMOVED,DUPLICATE_REMOVED,DUPLICATE_REMOVED,DUPLICATE_REMOVED,DUPLICATE_REMOVED,DUPLICATE_REMOVED
DUPLICATE_REMOVED,DUPLICATE_REMOVED,DUPLICATE_REMOVED,DUPLICATE_REMOVED,DUPLICATE_REMOVED,DUPLICATE_REMOVED,DUPLICATE_REMOVED,DUPLICATE_REMOVED,DUPLICATE_REMOVED,DUPLICATE_REMOVED,DUPLICATE_REMOVED,DUPLICATE_REMOVED
DUPLICATE_REMOVED,DUPLICATE_REMOVED,DUPLICATE_REMOVED,DUPLICATE_REMOVED,DUPLICATE_REMOVED,DUPLICATE_REMOVED,DUPLICATE_REMOVED,DUPLICATE_REMOVED,DUPLICATE_REMOVED,DUPLICATE_REMOVED,DUPLICATE_REMOVED,DUPLICATE_REMOVED
DUPLICATE_REMOVED,DUPLICATE_REMOVED,DUPLICATE_REMOVED,DUPLICATE_REMOVED,DUPLICATE_REMOVED,DUPLICATE_REMOVED,DUPLICATE_REMOVED,DUPLICATE_REMOVED,DUPLICATE_REMOVED,DUPLICATE_REMOVED,DUPLICATE_REMOVED,DUPLICATE_REMOVED
DUPLICATE_REMOVED,DUPLICATE_REMOVED,DUPLICATE_REMOVED,DUPLICATE_REMOVED,DUPLICATE_REMOVED,DUPLICATE_REMOVED,DUPLICATE_REMOVED,DUPLICATE_REMOVED,DUPLICATE_REMOVED,DUPLICATE_REMOVED,DUPLICATE_REMOVED,DUPLICATE_REMOVED
DUPLICATE_REMOVED,DUPLICATE_REMOVED,DUPLICATE_REMOVED,DUPLICATE_REMOVED,DUPLICATE_REMOVED,DUPLICATE_REMOVED,DUPLICATE_REMOVED,DUPLICATE_REMOVED,DUPLICATE_REMOVED,DUPLICATE_REMOVED,DUPLICATE_REMOVED,DUPLICATE_REMOVED
DUPLICATE_REMOVED,DUPLICATE_REMOVED,DUPLICATE_REMOVED,DUPLICATE_REMOVED,DUPLICATE_REMOVED,DUPLICATE_REMOVED,DUPLICATE_REMOVED,DUPLICATE_REMOVED,DUPLICATE_REMOVED,DUPLICATE_REMOVED,DUPLICATE_REMOVED,DUPLICATE_REMOVED
DUPLICATE_REMOVED,DUPLICATE_REMOVED,DUPLICATE_REMOVED,DUPLICATE_REMOVED,DUPLICATE_REMOVED,DUPLICATE_REMOVED,DUPLICATE_REMOVED,DUPLICATE_REMOVED,DUPLICATE_REMOVED,DUPLICATE_REMOVED,DUPLICATE_REMOVED,DUPLICATE_REMOVED
DUPLICATE_REMOVED,DUPLICATE_REMOVED,DUPLICATE_REMOVED,DUPLICATE_REMOVED,DUPLICATE_REMOVED,DUPLICATE_REMOVED,DUPLICATE_REMOVED,DUPLICATE_REMOVED,DUPLICATE_REMOVED,DUPLICATE_REMOVED,DUPLICATE_REMOVED,DUPLICATE_REMOVED
DUPLICATE_REMOVED,DUPLICATE_REMOVED,DUPLICATE_REMOVED,DUPLICATE_REMOVED,DUPLICATE_REMOVED,DUPLICATE_REMOVED,DUPLICATE_REMOVED,DUPLICATE_REMOVED,DUPLICATE_REMOVED,DUPLICATE_REMOVED,DUPLICATE_REMOVED,DUPLICATE_REMOVED
DUPLICATE_REMOVED,DUPLICATE_REMOVED,DUPLICATE_REMOVED,DUPLICATE_REMOVED,DUPLICATE_REMOVED,DUPLICATE_REMOVED,DUPLICATE_REMOVED,DUPLICATE_REMOVED,DUPLICATE_REMOVED,DUPLICATE_REMOVED,DUPLICATE_REMOVED,DUPLICATE_REMOVED
DUPLICATE_REMOVED,DUPLICATE_REMOVED,DUPLICATE_REMOVED,DUPLICATE_REMOVED,DUPLICATE_REMOVED,DUPLICATE_REMOVED,DUPLICATE_REMOVED,DUPLICATE_REMOVED,DUPLICATE_REMOVED,DUPLICATE_REMOVED,DUPLICATE_REMOVED,DUPLICATE_REMOVED
DUPLICATE_REMOVED,DUPLICATE_REMOVED,DUPLICATE_REMOVED,DUPLICATE_REMOVED,DUPLICATE_REMOVED,DUPLICATE_REMOVED,DUPLICATE_REMOVED,DUPLICATE_REMOVED,DUPLICATE_REMOVED,DUPLICATE_REMOVED,DUPLICATE_REMOVED,DUPLICATE_REMOVED
DUPLICATE_REMOVED,DUPLICATE_REMOVED,DUPLICATE_REMOVED,DUPLICATE_REMOVED,DUPLICATE_REMOVED,DUPLICATE_REMOVED,DUPLICATE_REMOVED,DUPLICATE_REMOVED,DUPLICATE_REMOVED,DUPLICATE_REMOVED,DUPLICATE_REMOVED,DUPLICATE_REMOVED
DUPLICATE_REMOVED,DUPLICATE_REMOVED,DUPLICATE_REMOVED,DUPLICATE_REMOVED,DUPLICATE_REMOVED,DUPLICATE_REMOVED,DUPLICATE_REMOVED,DUPLICATE_REMOVED,DUPLICATE_REMOVED,DUPLICATE_REMOVED,DUPLICATE_REMOVED,DUPLICATE_REMOVED
DUPLICATE_REMOVED,DUPLICATE_REMOVED,DUPLICATE_REMOVED,DUPLICATE_REMOVED,DUPLICATE_REMOVED,DUPLICATE_REMOVED,DUPLICATE_REMOVED,DUPLICATE_REMOVED,DUPLICATE_REMOVED,DUPLICATE_REMOVED,DUPLICATE_REMOVED,DUPLICATE_REMOVED
DUPLICATE_REMOVED,DUPLICATE_REMOVED,DUPLICATE_REMOVED,DUPLICATE_REMOVED,DUPLICATE_REMOVED,DUPLICATE_REMOVED,DUPLICATE_REMOVED,DUPLICATE_REMOVED,DUPLICATE_REMOVED,DUPLICATE_REMOVED,DUPLICATE_REMOVED,DUPLICATE_REMOVED
DUPLICATE_REMOVED,DUPLICATE_REMOVED,DUPLICATE_REMOVED,DUPLICATE_REMOVED,DUPLICATE_REMOVED,DUPLICATE_REMOVED,DUPLICATE_REMOVED,DUPLICATE_REMOVED,DUPLICATE_REMOVED,DUPLICATE_REMOVED,DUPLICATE_REMOVED,DUPLICATE_REMOVED
DUPLICATE_REMOVED,DUPLICATE_REMOVED,DUPLICATE_REMOVED,DUPLICATE_REMOVED,DUPLICATE_REMOVED,DUPLICATE_REMOVED,DUPLICATE_REMOVED,DUPLICATE_REMOVED,DUPLICATE_REMOVED,DUPLICATE_REMOVED,DUPLICATE_REMOVED,DUPLICATE_REMOVED
DUPLICATE_REMOVED,DUPLICATE_REMOVED,DUPLICATE_REMOVED,DUPLICATE_REMOVED,DUPLICATE_REMOVED,DUPLICATE_REMOVED,DUPLICATE_REMOVED,DUPLICATE_REMOVED,DUPLICATE_REMOVED,DUPLICATE_REMOVED,DUPLICATE_REMOVED,DUPLICATE_REMOVED
DUPLICATE_REMOVED,DUPLICATE_REMOVED,DUPLICATE_REMOVED,DUPLICATE_REMOVED,DUPLICATE_REMOVED,DUPLICATE_REMOVED,DUPLICATE_REMOVED,DUPLICATE_REMOVED,DUPLICATE_REMOVED,DUPLICATE_REMOVED,DUPLICATE_REMOVED,DUPLICATE_REMOVED
DUPLICATE_REMOVED,DUPLICATE_REMOVED,DUPLICATE_REMOVED,DUPLICATE_REMOVED,DUPLICATE_REMOVED,DUPLICATE_REMOVED,DUPLICATE_REMOVED,DUPLICATE_REMOVED,DUPLICATE_REMOVED,DUPLICATE_REMOVED,DUPLICATE_REMOVED,DUPLICATE_REMOVED
DUPLICATE_REMOVED,DUPLICATE_REMOVED,DUPLICATE_REMOVED,DUPLICATE_REMOVED,DUPLICATE_REMOVED,DUPLICATE_REMOVED,DUPLICATE_REMOVED,DUPLICATE_REMOVED,DUPLICATE_REMOVED,DUPLICATE_REMOVED,DUPLICATE_REMOVED,DUPLICATE_REMOVED
DUPLICATE_REMOVED,DUPLICATE_REMOVED,DUPLICATE_REMOVED,DUPLICATE_REMOVED,DUPLICATE_REMOVED,DUPLICATE_REMOVED,DUPLICATE_REMOVED,DUPLICATE_REMOVED,DUPLICATE_REMOVED,DUPLICATE_REMOVED,DUPLICATE_REMOVED,DUPLICATE_REMOVED
DUPLICATE_REMOVED,DUPLICATE_REMOVED,DUPLICATE_REMOVED,DUPLICATE_REMOVED,DUPLICATE_REMOVED,DUPLICATE_REMOVED,DUPLICATE_REMOVED,DUPLICATE_REMOVED,DUPLICATE_REMOVED,DUPLICATE_REMOVED,DUPLICATE_REMOVED,DUPLICATE_REMOVED
DUPLICATE_REMOVED,DUPLICATE_REMOVED,DUPLICATE_REMOVED,DUPLICATE_REMOVED,DUPLICATE_REMOVED,DUPLICATE_REMOVED,DUPLICATE_REMOVED,DUPLICATE_REMOVED,DUPLICATE_REMOVED,DUPLICATE_REMOVED,DUPLICATE_REMOVED,DUPLICATE_REMOVED
DUPLICATE_REMOVED,DUPLICATE_REMOVED,DUPLICATE_REMOVED,DUPLICATE_REMOVED,DUPLICATE_REMOVED,DUPLICATE_REMOVED,DUPLICATE_REMOVED,DUPLICATE_REMOVED,DUPLICATE_REMOVED,DUPLICATE_REMOVED,DUPLICATE_REMOVED,DUPLICATE_REMOVED
DUPLICATE_REMOVED,DUPLICATE_REMOVED,DUPLICATE_REMOVED,DUPLICATE_REMOVED,DUPLICATE_REMOVED,DUPLICATE_REMOVED,DUPLICATE_REMOVED,DUPLICATE_REMOVED,DUPLICATE_REMOVED,DUPLICATE_REMOVED,DUPLICATE_REMOVED,DUPLICATE_REMOVED
DUPLICATE_REMOVED,DUPLICATE_REMOVED,DUPLICATE_REMOVED,DUPLICATE_REMOVED,DUPLICATE_REMOVED,DUPLICATE_REMOVED,DUPLICATE_REMOVED,DUPLICATE_REMOVED,DUPLICATE_REMOVED,DUPLICATE_REMOVED,DUPLICATE_REMOVED,DUPLICATE_REMOVED
DUPLICATE_REMOVED,DUPLICATE_REMOVED,DUPLICATE_REMOVED,DUPLICATE_REMOVED,DUPLICATE_REMOVED,DUPLICATE_REMOVED,DUPLICATE_REMOVED,DUPLICATE_REMOVED,DUPLICATE_REMOVED,DUPLICATE_REMOVED,DUPLICATE_REMOVED,DUPLICATE_REMOVED
DUPLICATE_REMOVED,DUPLICATE_REMOVED,DUPLICATE_REMOVED,DUPLICATE_REMOVED,DUPLICATE_REMOVED,DUPLICATE_REMOVED,DUPLICATE_REMOVED,DUPLICATE_REMOVED,DUPLICATE_REMOVED,DUPLICATE_REMOVED,DUPLICATE_REMOVED,DUPLICATE_REMOVED
DUPLICATE_REMOVED,DUPLICATE_REMOVED,DUPLICATE_REMOVED,DUPLICATE_REMOVED,DUPLICATE_REMOVED,DUPLICATE_REMOVED,DUPLICATE_REMOVED,DUPLICATE_REMOVED,DUPLICATE_REMOVED,DUPLICATE_REMOVED,DUPLICATE_REMOVED,DUPLICATE_REMOVED
DUPLICATE_REMOVED,DUPLICATE_REMOVED,DUPLICATE_REMOVED,DUPLICATE_REMOVED,DUPLICATE_REMOVED,DUPLICATE_REMOVED,DUPLICATE_REMOVED,DUPLICATE_REMOVED,DUPLICATE_REMOVED,DUPLICATE_REMOVED,DUPLICATE_REMOVED,DUPLICATE_REMOVED
DUPLICATE_REMOVED,DUPLICATE_REMOVED,DUPLICATE_REMOVED,DUPLICATE_REMOVED,DUPLICATE_REMOVED,DUPLICATE_REMOVED,DUPLICATE_REMOVED,DUPLICATE_REMOVED,DUPLICATE_REMOVED,DUPLICATE_REMOVED,DUPLICATE_REMOVED,DUPLICATE_REMOVED
DUPLICATE_REMOVED,DUPLICATE_REMOVED,DUPLICATE_REMOVED,DUPLICATE_REMOVED,DUPLICATE_REMOVED,DUPLICATE_REMOVED,DUPLICATE_REMOVED,DUPLICATE_REMOVED,DUPLICATE_REMOVED,DUPLICATE_REMOVED,DUPLICATE_REMOVED,DUPLICATE_REMOVED
DUPLICATE_REMOVED,DUPLICATE_REMOVED,DUPLICATE_REMOVED,DUPLICATE_REMOVED,DUPLICATE_REMOVED,DUPLICATE_REMOVED,DUPLICATE_REMOVED,DUPLICATE_REMOVED,DUPLICATE_REMOVED,DUPLICATE_REMOVED,DUPLICATE_REMOVED,DUPLICATE_REMOVED
DUPLICATE_REMOVED,DUPLICATE_REMOVED,DUPLICATE_REMOVED,DUPLICATE_REMOVED,DUPLICATE_REMOVED,DUPLICATE_REMOVED,DUPLICATE_REMOVED,DUPLICATE_REMOVED,DUPLICATE_REMOVED,DUPLICATE_REMOVED,DUPLICATE_REMOVED,DUPLICATE_REMOVED
DUPLICATE_REMOVED,DUPLICATE_REMOVED,DUPLICATE_REMOVED,DUPLICATE_REMOVED,DUPLICATE_REMOVED,DUPLICATE_REMOVED,DUPLICATE_REMOVED,DUPLICATE_REMOVED,DUPLICATE_REMOVED,DUPLICATE_REMOVED,DUPLICATE_REMOVED,DUPLICATE_REMOVED
DUPLICATE_REMOVED,DUPLICATE_REMOVED,DUPLICATE_REMOVED,DUPLICATE_REMOVED,DUPLICATE_REMOVED,DUPLICATE_REMOVED,DUPLICATE_REMOVED,DUPLICATE_REMOVED,DUPLICATE_REMOVED,DUPLICATE_REMOVED,DUPLICATE_REMOVED,DUPLICATE_REMOVED
PX_H2_25_Tub3_Lacerate 150,PX_H2_25_Tub3,H2_25_Tub3,2026-04-16,W9-10,,2026-04-20,W9-10,H2,25,H2_25,Maddox
DUPLICATE_REMOVED,DUPLICATE_REMOVED,DUPLICATE_REMOVED,DUPLICATE_REMOVED,DUPLICATE_REMOVED,DUPLICATE_REMOVED,DUPLICATE_REMOVED,DUPLICATE_REMOVED,DUPLICATE_REMOVED,DUPLICATE_REMOVED,DUPLICATE_REMOVED,DUPLICATE_REMOVED
DUPLICATE_REMOVED,DUPLICATE_REMOVED,DUPLICATE_REMOVED,DUPLICATE_REMOVED,DUPLICATE_REMOVED,DUPLICATE_REMOVED,DUPLICATE_REMOVED,DUPLICATE_REMOVED,DUPLICATE_REMOVED,DUPLICATE_REMOVED,DUPLICATE_REMOVED,DUPLICATE_REMOVED
DUPLICATE_REMOVED,DUPLICATE_REMOVED,DUPLICATE_REMOVED,DUPLICATE_REMOVED,DUPLICATE_REMOVED,DUPLICATE_REMOVED,DUPLICATE_REMOVED,DUPLICATE_REMOVED,DUPLICATE_REMOVED,DUPLICATE_REMOVED,DUPLICATE_REMOVED,DUPLICATE_REMOVED
DUPLICATE_REMOVED,DUPLICATE_REMOVED,DUPLICATE_REMOVED,DUPLICATE_REMOVED,DUPLICATE_REMOVED,DUPLICATE_REMOVED,DUPLICATE_REMOVED,DUPLICATE_REMOVED,DUPLICATE_REMOVED,DUPLICATE_REMOVED,DUPLICATE_REMOVED,DUPLICATE_REMOVED
DUPLICATE_REMOVED,DUPLICATE_REMOVED,DUPLICATE_REMOVED,DUPLICATE_REMOVED,DUPLICATE_REMOVED,DUPLICATE_REMOVED,DUPLICATE_REMOVED,DUPLICATE_REMOVED,DUPLICATE_REMOVED,DUPLICATE_REMOVED,DUPLICATE_REMOVED,DUPLICATE_REMOVED
DUPLICATE_REMOVED,DUPLICATE_REMOVED,DUPLICATE_REMOVED,DUPLICATE_REMOVED,DUPLICATE_REMOVED,DUPLICATE_REMOVED,DUPLICATE_REMOVED,DUPLICATE_REMOVED,DUPLICATE_REMOVED,DUPLICATE_REMOVED,DUPLICATE_REMOVED,DUPLICATE_REMOVED
DUPLICATE_REMOVED,DUPLICATE_REMOVED,DUPLICATE_REMOVED,DUPLICATE_REMOVED,DUPLICATE_REMOVED,DUPLICATE_REMOVED,DUPLICATE_REMOVED,DUPLICATE_REMOVED,DUPLICATE_REMOVED,DUPLICATE_REMOVED,DUPLICATE_REMOVED,DUPLICATE_REMOVED
DUPLICATE_REMOVED,DUPLICATE_REMOVED,DUPLICATE_REMOVED,DUPLICATE_REMOVED,DUPLICATE_REMOVED,DUPLICATE_REMOVED,DUPLICATE_REMOVED,DUPLICATE_REMOVED,DUPLICATE_REMOVED,DUPLICATE_REMOVED,DUPLICATE_REMOVED,DUPLICATE_REMOVED
DUPLICATE_REMOVED,DUPLICATE_REMOVED,DUPLICATE_REMOVED,DUPLICATE_REMOVED,DUPLICATE_REMOVED,DUPLICATE_REMOVED,DUPLICATE_REMOVED,DUPLICATE_REMOVED,DUPLICATE_REMOVED,DUPLICATE_REMOVED,DUPLICATE_REMOVED,DUPLICATE_REMOVED
DUPLICATE_REMOVED,DUPLICATE_REMOVED,DUPLICATE_REMOVED,DUPLICATE_REMOVED,DUPLICATE_REMOVED,DUPLICATE_REMOVED,DUPLICATE_REMOVED,DUPLICATE_REMOVED,DUPLICATE_REMOVED,DUPLICATE_REMOVED,DUPLICATE_REMOVED,DUPLICATE_REMOVED
DUPLICATE_REMOVED,DUPLICATE_REMOVED,DUPLICATE_REMOVED,DUPLICATE_REMOVED,DUPLICATE_REMOVED,DUPLICATE_REMOVED,DUPLICATE_REMOVED,DUPLICATE_REMOVED,DUPLICATE_REMOVED,DUPLICATE_REMOVED,DUPLICATE_REMOVED,DUPLICATE_REMOVED
DUPLICATE_REMOVED,DUPLICATE_REMOVED,DUPLICATE_REMOVED,DUPLICATE_REMOVED,DUPLICATE_REMOVED,DUPLICATE_REMOVED,DUPLICATE_REMOVED,DUPLICATE_REMOVED,DUPLICATE_REMOVED,DUPLICATE_REMOVED,DUPLICATE_REMOVED,DUPLICATE_REMOVED
DUPLICATE_REMOVED,DUPLICATE_REMOVED,DUPLICATE_REMOVED,DUPLICATE_REMOVED,DUPLICATE_REMOVED,DUPLICATE_REMOVED,DUPLICATE_REMOVED,DUPLICATE_REMOVED,DUPLICATE_REMOVED,DUPLICATE_REMOVED,DUPLICATE_REMOVED,DUPLICATE_REMOVED
DUPLICATE_REMOVED,DUPLICATE_REMOVED,DUPLICATE_REMOVED,DUPLICATE_REMOVED,DUPLICATE_REMOVED,DUPLICATE_REMOVED,DUPLICATE_REMOVED,DUPLICATE_REMOVED,DUPLICATE_REMOVED,DUPLICATE_REMOVED,DUPLICATE_REMOVED,DUPLICATE_REMOVED
DUPLICATE_REMOVED,DUPLICATE_REMOVED,DUPLICATE_REMOVED,DUPLICATE_REMOVED,DUPLICATE_REMOVED,DUPLICATE_REMOVED,DUPLICATE_REMOVED,DUPLICATE_REMOVED,DUPLICATE_REMOVED,DUPLICATE_REMOVED,DUPLICATE_REMOVED,DUPLICATE_REMOVED
DUPLICATE_REMOVED,DUPLICATE_REMOVED,DUPLICATE_REMOVED,DUPLICATE_REMOVED,DUPLICATE_REMOVED,DUPLICATE_REMOVED,DUPLICATE_REMOVED,DUPLICATE_REMOVED,DUPLICATE_REMOVED,DUPLICATE_REMOVED,DUPLICATE_REMOVED,DUPLICATE_REMOVED
DUPLICATE_REMOVED,DUPLICATE_REMOVED,DUPLICATE_REMOVED,DUPLICATE_REMOVED,DUPLICATE_REMOVED,DUPLICATE_REMOVED,DUPLICATE_REMOVED,DUPLICATE_REMOVED,DUPLICATE_REMOVED,DUPLICATE_REMOVED,DUPLICATE_REMOVED,DUPLICATE_REMOVED
DUPLICATE_REMOVED,DUPLICATE_REMOVED,DUPLICATE_REMOVED,DUPLICATE_REMOVED,DUPLICATE_REMOVED,DUPLICATE_REMOVED,DUPLICATE_REMOVED,DUPLICATE_REMOVED,DUPLICATE_REMOVED,DUPLICATE_REMOVED,DUPLICATE_REMOVED,DUPLICATE_REMOVED
DUPLICATE_REMOVED,DUPLICATE_REMOVED,DUPLICATE_REMOVED,DUPLICATE_REMOVED,DUPLICATE_REMOVED,DUPLICATE_REMOVED,DUPLICATE_REMOVED,DUPLICATE_REMOVED,DUPLICATE_REMOVED,DUPLICATE_REMOVED,DUPLICATE_REMOVED,DUPLICATE_REMOVED
P3_VWA_25_Tub1_Lacerate 157,P3_VWA_25_Tub1,VWA_25_Tub1,2026-04-16,W9-10,,2026-04-20,W9-10,VWA,25,VWA_25,Maddox
DUPLICATE_REMOVED,DUPLICATE_REMOVED,DUPLICATE_REMOVED,DUPLICATE_REMOVED,DUPLICATE_REMOVED,DUPLICATE_REMOVED,DUPLICATE_REMOVED,DUPLICATE_REMOVED,DUPLICATE_REMOVED,DUPLICATE_REMOVED,DUPLICATE_REMOVED,DUPLICATE_REMOVED
DUPLICATE_REMOVED,DUPLICATE_REMOVED,DUPLICATE_REMOVED,DUPLICATE_REMOVED,DUPLICATE_REMOVED,DUPLICATE_REMOVED,DUPLICATE_REMOVED,DUPLICATE_REMOVED,DUPLICATE_REMOVED,DUPLICATE_REMOVED,DUPLICATE_REMOVED,DUPLICATE_REMOVED
DUPLICATE_REMOVED,DUPLICATE_REMOVED,DUPLICATE_REMOVED,DUPLICATE_REMOVED,DUPLICATE_REMOVED,DUPLICATE_REMOVED,DUPLICATE_REMOVED,DUPLICATE_REMOVED,DUPLICATE_REMOVED,DUPLICATE_REMOVED,DUPLICATE_REMOVED,DUPLICATE_REMOVED
DUPLICATE_REMOVED,DUPLICATE_REMOVED,DUPLICATE_REMOVED,DUPLICATE_REMOVED,DUPLICATE_REMOVED,DUPLICATE_REMOVED,DUPLICATE_REMOVED,DUPLICATE_REMOVED,DUPLICATE_REMOVED,DUPLICATE_REMOVED,DUPLICATE_REMOVED,DUPLICATE_REMOVED
DUPLICATE_REMOVED,DUPLICATE_REMOVED,DUPLICATE_REMOVED,DUPLICATE_REMOVED,DUPLICATE_REMOVED,DUPLICATE_REMOVED,DUPLICATE_REMOVED,DUPLICATE_REMOVED,DUPLICATE_REMOVED,DUPLICATE_REMOVED,DUPLICATE_REMOVED,DUPLICATE_REMOVED
DUPLICATE_REMOVED,DUPLICATE_REMOVED,DUPLICATE_REMOVED,DUPLICATE_REMOVED,DUPLICATE_REMOVED,DUPLICATE_REMOVED,DUPLICATE_REMOVED,DUPLICATE_REMOVED,DUPLICATE_REMOVED,DUPLICATE_REMOVED,DUPLICATE_REMOVED,DUPLICATE_REMOVED
DUPLICATE_REMOVED,DUPLICATE_REMOVED,DUPLICATE_REMOVED,DUPLICATE_REMOVED,DUPLICATE_REMOVED,DUPLICATE_REMOVED,DUPLICATE_REMOVED,DUPLICATE_REMOVED,DUPLICATE_REMOVED,DUPLICATE_REMOVED,DUPLICATE_REMOVED,DUPLICATE_REMOVED
DUPLICATE_REMOVED,DUPLICATE_REMOVED,DUPLICATE_REMOVED,DUPLICATE_REMOVED,DUPLICATE_REMOVED,DUPLICATE_REMOVED,DUPLICATE_REMOVED,DUPLICATE_REMOVED,DUPLICATE_REMOVED,DUPLICATE_REMOVED,DUPLICATE_REMOVED,DUPLICATE_REMOVED
DUPLICATE_REMOVED,DUPLICATE_REMOVED,DUPLICATE_REMOVED,DUPLICATE_REMOVED,DUPLICATE_REMOVED,DUPLICATE_REMOVED,DUPLICATE_REMOVED,DUPLICATE_REMOVED,DUPLICATE_REMOVED,DUPLICATE_REMOVED,DUPLICATE_REMOVED,DUPLICATE_REMOVED
DUPLICATE_REMOVED,DUPLICATE_REMOVED,DUPLICATE_REMOVED,DUPLICATE_REMOVED,DUPLICATE_REMOVED,DUPLICATE_REMOVED,DUPLICATE_REMOVED,DUPLICATE_REMOVED,DUPLICATE_REMOVED,DUPLICATE_REMOVED,DUPLICATE_REMOVED,DUPLICATE_REMOVED
DUPLICATE_REMOVED,DUPLICATE_REMOVED,DUPLICATE_REMOVED,DUPLICATE_REMOVED,DUPLICATE_REMOVED,DUPLICATE_REMOVED,DUPLICATE_REMOVED,DUPLICATE_REMOVED,DUPLICATE_REMOVED,DUPLICATE_REMOVED,DUPLICATE_REMOVED,DUPLICATE_REMOVED
DUPLICATE_REMOVED,DUPLICATE_REMOVED,DUPLICATE_REMOVED,DUPLICATE_REMOVED,DUPLICATE_REMOVED,DUPLICATE_REMOVED,DUPLICATE_REMOVED,DUPLICATE_REMOVED,DUPLICATE_REMOVED,DUPLICATE_REMOVED,DUPLICATE_REMOVED,DUPLICATE_REMOVED
DUPLICATE_REMOVED,DUPLICATE_REMOVED,DUPLICATE_REMOVED,DUPLICATE_REMOVED,DUPLICATE_REMOVED,DUPLICATE_REMOVED,DUPLICATE_REMOVED,DUPLICATE_REMOVED,DUPLICATE_REMOVED,DUPLICATE_REMOVED,DUPLICATE_REMOVED,DUPLICATE_REMOVED
DUPLICATE_REMOVED,DUPLICATE_REMOVED,DUPLICATE_REMOVED,DUPLICATE_REMOVED,DUPLICATE_REMOVED,DUPLICATE_REMOVED,DUPLICATE_REMOVED,DUPLICATE_REMOVED,DUPLICATE_REMOVED,DUPLICATE_REMOVED,DUPLICATE_REMOVED,DUPLICATE_REMOVED
DUPLICATE_REMOVED,DUPLICATE_REMOVED,DUPLICATE_REMOVED,DUPLICATE_REMOVED,DUPLICATE_REMOVED,DUPLICATE_REMOVED,DUPLICATE_REMOVED,DUPLICATE_REMOVED,DUPLICATE_REMOVED,DUPLICATE_REMOVED,DUPLICATE_REMOVED,DUPLICATE_REMOVED
DUPLICATE_REMOVED,DUPLICATE_REMOVED,DUPLICATE_REMOVED,DUPLICATE_REMOVED,DUPLICATE_REMOVED,DUPLICATE_REMOVED,DUPLICATE_REMOVED,DUPLICATE_REMOVED,DUPLICATE_REMOVED,DUPLICATE_REMOVED,DUPLICATE_REMOVED,DUPLICATE_REMOVED
DUPLICATE_REMOVED,DUPLICATE_REMOVED,DUPLICATE_REMOVED,DUPLICATE_REMOVED,DUPLICATE_REMOVED,DUPLICATE_REMOVED,DUPLICATE_REMOVED,DUPLICATE_REMOVED,DUPLICATE_REMOVED,DUPLICATE_REMOVED,DUPLICATE_REMOVED,DUPLICATE_REMOVED
DUPLICATE_REMOVED,DUPLICATE_REMOVED,DUPLICATE_REMOVED,DUPLICATE_REMOVED,DUPLICATE_REMOVED,DUPLICATE_REMOVED,DUPLICATE_REMOVED,DUPLICATE_REMOVED,DUPLICATE_REMOVED,DUPLICATE_REMOVED,DUPLICATE_REMOVED,DUPLICATE_REMOVED
DUPLICATE_REMOVED,DUPLICATE_REMOVED,DUPLICATE_REMOVED,DUPLICATE_REMOVED,DUPLICATE_REMOVED,DUPLICATE_REMOVED,DUPLICATE_REMOVED,DUPLICATE_REMOVED,DUPLICATE_REMOVED,DUPLICATE_REMOVED,DUPLICATE_REMOVED,DUPLICATE_REMOVED
DUPLICATE_REMOVED,DUPLICATE_REMOVED,DUPLICATE_REMOVED,DUPLICATE_REMOVED,DUPLICATE_REMOVED,DUPLICATE_REMOVED,DUPLICATE_REMOVED,DUPLICATE_REMOVED,DUPLICATE_REMOVED,DUPLICATE_REMOVED,DUPLICATE_REMOVED,DUPLICATE_REMOVED
DUPLICATE_REMOVED,DUPLICATE_REMOVED,DUPLICATE_REMOVED,DUPLICATE_REMOVED,DUPLICATE_REMOVED,DUPLICATE_REMOVED,DUPLICATE_REMOVED,DUPLICATE_REMOVED,DUPLICATE_REMOVED,DUPLICATE_REMOVED,DUPLICATE_REMOVED,DUPLICATE_REMOVED
DUPLICATE_REMOVED,DUPLICATE_REMOVED,DUPLICATE_REMOVED,DUPLICATE_REMOVED,DUPLICATE_REMOVED,DUPLICATE_REMOVED,DUPLICATE_REMOVED,DUPLICATE_REMOVED,DUPLICATE_REMOVED,DUPLICATE_REMOVED,DUPLICATE_REMOVED,DUPLICATE_REMOVED
DUPLICATE_REMOVED,DUPLICATE_REMOVED,DUPLICATE_REMOVED,DUPLICATE_REMOVED,DUPLICATE_REMOVED,DUPLICATE_REMOVED,DUPLICATE_REMOVED,DUPLICATE_REMOVED,DUPLICATE_REMOVED,DUPLICATE_REMOVED,DUPLICATE_REMOVED,DUPLICATE_REMOVED
DUPLICATE_REMOVED,DUPLICATE_REMOVED,DUPLICATE_REMOVED,DUPLICATE_REMOVED,DUPLICATE_REMOVED,DUPLICATE_REMOVED,DUPLICATE_REMOVED,DUPLICATE_REMOVED,DUPLICATE_REMOVED,DUPLICATE_REMOVED,DUPLICATE_REMOVED,DUPLICATE_REMOVED
DUPLICATE_REMOVED,DUPLICATE_REMOVED,DUPLICATE_REMOVED,DUPLICATE_REMOVED,DUPLICATE_REMOVED,DUPLICATE_REMOVED,DUPLICATE_REMOVED,DUPLICATE_REMOVED,DUPLICATE_REMOVED,DUPLICATE_REMOVED,DUPLICATE_REMOVED,DUPLICATE_REMOVED
DUPLICATE_REMOVED,DUPLICATE_REMOVED,DUPLICATE_REMOVED,DUPLICATE_REMOVED,DUPLICATE_REMOVED,DUPLICATE_REMOVED,DUPLICATE_REMOVED,DUPLICATE_REMOVED,DUPLICATE_REMOVED,DUPLICATE_REMOVED,DUPLICATE_REMOVED,DUPLICATE_REMOVED
DUPLICATE_REMOVED,DUPLICATE_REMOVED,DUPLICATE_REMOVED,DUPLICATE_REMOVED,DUPLICATE_REMOVED,DUPLICATE_REMOVED,DUPLICATE_REMOVED,DUPLICATE_REMOVED,DUPLICATE_REMOVED,DUPLICATE_REMOVED,DUPLICATE_REMOVED,DUPLICATE_REMOVED
DUPLICATE_REMOVED,DUPLICATE_REMOVED,DUPLICATE_REMOVED,DUPLICATE_REMOVED,DUPLICATE_REMOVED,DUPLICATE_REMOVED,DUPLICATE_REMOVED,DUPLICATE_REMOVED,DUPLICATE_REMOVED,DUPLICATE_REMOVED,DUPLICATE_REMOVED,DUPLICATE_REMOVED
DUPLICATE_REMOVED,DUPLICATE_REMOVED,DUPLICATE_REMOVED,DUPLICATE_REMOVED,DUPLICATE_REMOVED,DUPLICATE_REMOVED,DUPLICATE_REMOVED,DUPLICATE_REMOVED,DUPLICATE_REMOVED,DUPLICATE_REMOVED,DUPLICATE_REMOVED,DUPLICATE_REMOVED
DUPLICATE_REMOVED,DUPLICATE_REMOVED,DUPLICATE_REMOVED,DUPLICATE_REMOVED,DUPLICATE_REMOVED,DUPLICATE_REMOVED,DUPLICATE_REMOVED,DUPLICATE_REMOVED,DUPLICATE_REMOVED,DUPLICATE_REMOVED,DUPLICATE_REMOVED,DUPLICATE_REMOVED
DUPLICATE_REMOVED,DUPLICATE_REMOVED,DUPLICATE_REMOVED,DUPLICATE_REMOVED,DUPLICATE_REMOVED,DUPLICATE_REMOVED,DUPLICATE_REMOVED,DUPLICATE_REMOVED,DUPLICATE_REMOVED,DUPLICATE_REMOVED,DUPLICATE_REMOVED,DUPLICATE_REMOVED
DUPLICATE_REMOVED,DUPLICATE_REMOVED,DUPLICATE_REMOVED,DUPLICATE_REMOVED,DUPLICATE_REMOVED,DUPLICATE_REMOVED,DUPLICATE_REMOVED,DUPLICATE_REMOVED,DUPLICATE_REMOVED,DUPLICATE_REMOVED,DUPLICATE_REMOVED,DUPLICATE_REMOVED
DUPLICATE_REMOVED,DUPLICATE_REMOVED,DUPLICATE_REMOVED,DUPLICATE_REMOVED,DUPLICATE_REMOVED,DUPLICATE_REMOVED,DUPLICATE_REMOVED,DUPLICATE_REMOVED,DUPLICATE_REMOVED,DUPLICATE_REMOVED,DUPLICATE_REMOVED,DUPLICATE_REMOVED
DUPLICATE_REMOVED,DUPLICATE_REMOVED,DUPLICATE_REMOVED,DUPLICATE_REMOVED,DUPLICATE_REMOVED,DUPLICATE_REMOVED,DUPLICATE_REMOVED,DUPLICATE_REMOVED,DUPLICATE_REMOVED,DUPLICATE_REMOVED,DUPLICATE_REMOVED,DUPLICATE_REMOVED
DUPLICATE_REMOVED,DUPLICATE_REMOVED,DUPLICATE_REMOVED,DUPLICATE_REMOVED,DUPLICATE_REMOVED,DUPLICATE_REMOVED,DUPLICATE_REMOVED,DUPLICATE_REMOVED,DUPLICATE_REMOVED,DUPLICATE_REMOVED,DUPLICATE_REMOVED,DUPLICATE_REMOVED
DUPLICATE_REMOVED,DUPLICATE_REMOVED,DUPLICATE_REMOVED,DUPLICATE_REMOVED,DUPLICATE_REMOVED,DUPLICATE_REMOVED,DUPLICATE_REMOVED,DUPLICATE_REMOVED,DUPLICATE_REMOVED,DUPLICATE_REMOVED,DUPLICATE_REMOVED,DUPLICATE_REMOVED
PX_VWA_25_Tub2_Lacerate 110,PX_VWA_25_Tub2,VWA_25_Tub2,2026-04-16,W9-10,,2026-04-20,W9-10,VWA,25,VWA_25,Maddox
PX_VWA_25_Tub2_Lacerate 111,PX_VWA_25_Tub2,VWA_25_Tub2,2026-04-16,W9-10,,2026-04-20,W9-10,VWA,25,VWA_25,Maddox
DUPLICATE_REMOVED,DUPLICATE_REMOVED,DUPLICATE_REMOVED,DUPLICATE_REMOVED,DUPLICATE_REMOVED,DUPLICATE_REMOVED,DUPLICATE_REMOVED,DUPLICATE_REMOVED,DUPLICATE_REMOVED,DUPLICATE_REMOVED,DUPLICATE_REMOVED,DUPLICATE_REMOVED
DUPLICATE_REMOVED,DUPLICATE_REMOVED,DUPLICATE_REMOVED,DUPLICATE_REMOVED,DUPLICATE_REMOVED,DUPLICATE_REMOVED,DUPLICATE_REMOVED,DUPLICATE_REMOVED,DUPLICATE_REMOVED,DUPLICATE_REMOVED,DUPLICATE_REMOVED,DUPLICATE_REMOVED
DUPLICATE_REMOVED,DUPLICATE_REMOVED,DUPLICATE_REMOVED,DUPLICATE_REMOVED,DUPLICATE_REMOVED,DUPLICATE_REMOVED,DUPLICATE_REMOVED,DUPLICATE_REMOVED,DUPLICATE_REMOVED,DUPLICATE_REMOVED,DUPLICATE_REMOVED,DUPLICATE_REMOVED
DUPLICATE_REMOVED,DUPLICATE_REMOVED,DUPLICATE_REMOVED,DUPLICATE_REMOVED,DUPLICATE_REMOVED,DUPLICATE_REMOVED,DUPLICATE_REMOVED,DUPLICATE_REMOVED,DUPLICATE_REMOVED,DUPLICATE_REMOVED,DUPLICATE_REMOVED,DUPLICATE_REMOVED
DUPLICATE_REMOVED,DUPLICATE_REMOVED,DUPLICATE_REMOVED,DUPLICATE_REMOVED,DUPLICATE_REMOVED,DUPLICATE_REMOVED,DUPLICATE_REMOVED,DUPLICATE_REMOVED,DUPLICATE_REMOVED,DUPLICATE_REMOVED,DUPLICATE_REMOVED,DUPLICATE_REMOVED
DUPLICATE_REMOVED,DUPLICATE_REMOVED,DUPLICATE_REMOVED,DUPLICATE_REMOVED,DUPLICATE_REMOVED,DUPLICATE_REMOVED,DUPLICATE_REMOVED,DUPLICATE_REMOVED,DUPLICATE_REMOVED,DUPLICATE_REMOVED,DUPLICATE_REMOVED,DUPLICATE_REMOVED
DUPLICATE_REMOVED,DUPLICATE_REMOVED,DUPLICATE_REMOVED,DUPLICATE_REMOVED,DUPLICATE_REMOVED,DUPLICATE_REMOVED,DUPLICATE_REMOVED,DUPLICATE_REMOVED,DUPLICATE_REMOVED,DUPLICATE_REMOVED,DUPLICATE_REMOVED,DUPLICATE_REMOVED
DUPLICATE_REMOVED,DUPLICATE_REMOVED,DUPLICATE_REMOVED,DUPLICATE_REMOVED,DUPLICATE_REMOVED,DUPLICATE_REMOVED,DUPLICATE_REMOVED,DUPLICATE_REMOVED,DUPLICATE_REMOVED,DUPLICATE_REMOVED,DUPLICATE_REMOVED,DUPLICATE_REMOVED
DUPLICATE_REMOVED,DUPLICATE_REMOVED,DUPLICATE_REMOVED,DUPLICATE_REMOVED,DUPLICATE_REMOVED,DUPLICATE_REMOVED,DUPLICATE_REMOVED,DUPLICATE_REMOVED,DUPLICATE_REMOVED,DUPLICATE_REMOVED,DUPLICATE_REMOVED,DUPLICATE_REMOVED
DUPLICATE_REMOVED,DUPLICATE_REMOVED,DUPLICATE_REMOVED,DUPLICATE_REMOVED,DUPLICATE_REMOVED,DUPLICATE_REMOVED,DUPLICATE_REMOVED,DUPLICATE_REMOVED,DUPLICATE_REMOVED,DUPLICATE_REMOVED,DUPLICATE_REMOVED,DUPLICATE_REMOVED
DUPLICATE_REMOVED,DUPLICATE_REMOVED,DUPLICATE_REMOVED,DUPLICATE_REMOVED,DUPLICATE_REMOVED,DUPLICATE_REMOVED,DUPLICATE_REMOVED,DUPLICATE_REMOVED,DUPLICATE_REMOVED,DUPLICATE_REMOVED,DUPLICATE_REMOVED,DUPLICATE_REMOVED
DUPLICATE_REMOVED,DUPLICATE_REMOVED,DUPLICATE_REMOVED,DUPLICATE_REMOVED,DUPLICATE_REMOVED,DUPLICATE_REMOVED,DUPLICATE_REMOVED,DUPLICATE_REMOVED,DUPLICATE_REMOVED,DUPLICATE_REMOVED,DUPLICATE_REMOVED,DUPLICATE_REMOVED
DUPLICATE_REMOVED,DUPLICATE_REMOVED,DUPLICATE_REMOVED,DUPLICATE_REMOVED,DUPLICATE_REMOVED,DUPLICATE_REMOVED,DUPLICATE_REMOVED,DUPLICATE_REMOVED,DUPLICATE_REMOVED,DUPLICATE_REMOVED,DUPLICATE_REMOVED,DUPLICATE_REMOVED
DUPLICATE_REMOVED,DUPLICATE_REMOVED,DUPLICATE_REMOVED,DUPLICATE_REMOVED,DUPLICATE_REMOVED,DUPLICATE_REMOVED,DUPLICATE_REMOVED,DUPLICATE_REMOVED,DUPLICATE_REMOVED,DUPLICATE_REMOVED,DUPLICATE_REMOVED,DUPLICATE_REMOVED
DUPLICATE_REMOVED,DUPLICATE_REMOVED,DUPLICATE_REMOVED,DUPLICATE_REMOVED,DUPLICATE_REMOVED,DUPLICATE_REMOVED,DUPLICATE_REMOVED,DUPLICATE_REMOVED,DUPLICATE_REMOVED,DUPLICATE_REMOVED,DUPLICATE_REMOVED,DUPLICATE_REMOVED
DUPLICATE_REMOVED,DUPLICATE_REMOVED,DUPLICATE_REMOVED,DUPLICATE_REMOVED,DUPLICATE_REMOVED,DUPLICATE_REMOVED,DUPLICATE_REMOVED,DUPLICATE_REMOVED,DUPLICATE_REMOVED,DUPLICATE_REMOVED,DUPLICATE_REMOVED,DUPLICATE_REMOVED
DUPLICATE_REMOVED,DUPLICATE_REMOVED,DUPLICATE_REMOVED,DUPLICATE_REMOVED,DUPLICATE_REMOVED,DUPLICATE_REMOVED,DUPLICATE_REMOVED,DUPLICATE_REMOVED,DUPLICATE_REMOVED,DUPLICATE_REMOVED,DUPLICATE_REMOVED,DUPLICATE_REMOVED
DUPLICATE_REMOVED,DUPLICATE_REMOVED,DUPLICATE_REMOVED,DUPLICATE_REMOVED,DUPLICATE_REMOVED,DUPLICATE_REMOVED,DUPLICATE_REMOVED,DUPLICATE_REMOVED,DUPLICATE_REMOVED,DUPLICATE_REMOVED,DUPLICATE_REMOVED,DUPLICATE_REMOVED
DUPLICATE_REMOVED,DUPLICATE_REMOVED,DUPLICATE_REMOVED,DUPLICATE_REMOVED,DUPLICATE_REMOVED,DUPLICATE_REMOVED,DUPLICATE_REMOVED,DUPLICATE_REMOVED,DUPLICATE_REMOVED,DUPLICATE_REMOVED,DUPLICATE_REMOVED,DUPLICATE_REMOVED
DUPLICATE_REMOVED,DUPLICATE_REMOVED,DUPLICATE_REMOVED,DUPLICATE_REMOVED,DUPLICATE_REMOVED,DUPLICATE_REMOVED,DUPLICATE_REMOVED,DUPLICATE_REMOVED,DUPLICATE_REMOVED,DUPLICATE_REMOVED,DUPLICATE_REMOVED,DUPLICATE_REMOVED
DUPLICATE_REMOVED,DUPLICATE_REMOVED,DUPLICATE_REMOVED,DUPLICATE_REMOVED,DUPLICATE_REMOVED,DUPLICATE_REMOVED,DUPLICATE_REMOVED,DUPLICATE_REMOVED,DUPLICATE_REMOVED,DUPLICATE_REMOVED,DUPLICATE_REMOVED,DUPLICATE_REMOVED
DUPLICATE_REMOVED,DUPLICATE_REMOVED,DUPLICATE_REMOVED,DUPLICATE_REMOVED,DUPLICATE_REMOVED,DUPLICATE_REMOVED,DUPLICATE_REMOVED,DUPLICATE_REMOVED,DUPLICATE_REMOVED,DUPLICATE_REMOVED,DUPLICATE_REMOVED,DUPLICATE_REMOVED
DUPLICATE_REMOVED,DUPLICATE_REMOVED,DUPLICATE_REMOVED,DUPLICATE_REMOVED,DUPLICATE_REMOVED,DUPLICATE_REMOVED,DUPLICATE_REMOVED,DUPLICATE_REMOVED,DUPLICATE_REMOVED,DUPLICATE_REMOVED,DUPLICATE_REMOVED,DUPLICATE_REMOVED
DUPLICATE_REMOVED,DUPLICATE_REMOVED,DUPLICATE_REMOVED,DUPLICATE_REMOVED,DUPLICATE_REMOVED,DUPLICATE_REMOVED,DUPLICATE_REMOVED,DUPLICATE_REMOVED,DUPLICATE_REMOVED,DUPLICATE_REMOVED,DUPLICATE_REMOVED,DUPLICATE_REMOVED
DUPLICATE_REMOVED,DUPLICATE_REMOVED,DUPLICATE_REMOVED,DUPLICATE_REMOVED,DUPLICATE_REMOVED,DUPLICATE_REMOVED,DUPLICATE_REMOVED,DUPLICATE_REMOVED,DUPLICATE_REMOVED,DUPLICATE_REMOVED,DUPLICATE_REMOVED,DUPLICATE_REMOVED
DUPLICATE_REMOVED,DUPLICATE_REMOVED,DUPLICATE_REMOVED,DUPLICATE_REMOVED,DUPLICATE_REMOVED,DUPLICATE_REMOVED,DUPLICATE_REMOVED,DUPLICATE_REMOVED,DUPLICATE_REMOVED,DUPLICATE_REMOVED,DUPLICATE_REMOVED,DUPLICATE_REMOVED
DUPLICATE_REMOVED,DUPLICATE_REMOVED,DUPLICATE_REMOVED,DUPLICATE_REMOVED,DUPLICATE_REMOVED,DUPLICATE_REMOVED,DUPLICATE_REMOVED,DUPLICATE_REMOVED,DUPLICATE_REMOVED,DUPLICATE_REMOVED,DUPLICATE_REMOVED,DUPLICATE_REMOVED
DUPLICATE_REMOVED,DUPLICATE_REMOVED,DUPLICATE_REMOVED,DUPLICATE_REMOVED,DUPLICATE_REMOVED,DUPLICATE_REMOVED,DUPLICATE_REMOVED,DUPLICATE_REMOVED,DUPLICATE_REMOVED,DUPLICATE_REMOVED,DUPLICATE_REMOVED,DUPLICATE_REMOVED
DUPLICATE_REMOVED,DUPLICATE_REMOVED,DUPLICATE_REMOVED,DUPLICATE_REMOVED,DUPLICATE_REMOVED,DUPLICATE_REMOVED,DUPLICATE_REMOVED,DUPLICATE_REMOVED,DUPLICATE_REMOVED,DUPLICATE_REMOVED,DUPLICATE_REMOVED,DUPLICATE_REMOVED
DUPLICATE_REMOVED,DUPLICATE_REMOVED,DUPLICATE_REMOVED,DUPLICATE_REMOVED,DUPLICATE_REMOVED,DUPLICATE_REMOVED,DUPLICATE_REMOVED,DUPLICATE_REMOVED,DUPLICATE_REMOVED,DUPLICATE_REMOVED,DUPLICATE_REMOVED,DUPLICATE_REMOVED
DUPLICATE_REMOVED,DUPLICATE_REMOVED,DUPLICATE_REMOVED,DUPLICATE_REMOVED,DUPLICATE_REMOVED,DUPLICATE_REMOVED,DUPLICATE_REMOVED,DUPLICATE_REMOVED,DUPLICATE_REMOVED,DUPLICATE_REMOVED,DUPLICATE_REMOVED,DUPLICATE_REMOVED
DUPLICATE_REMOVED,DUPLICATE_REMOVED,DUPLICATE_REMOVED,DUPLICATE_REMOVED,DUPLICATE_REMOVED,DUPLICATE_REMOVED,DUPLICATE_REMOVED,DUPLICATE_REMOVED,DUPLICATE_REMOVED,DUPLICATE_REMOVED,DUPLICATE_REMOVED,DUPLICATE_REMOVED
P1_VWA_25_Tub3_Lacerate 129,P1_VWA_25_Tub3,VWA_25_Tub3,2026-04-16,W9-10,,2026-04-20,W9-10,VWA,25,VWA_25,Maddox
DUPLICATE_REMOVED,DUPLICATE_REMOVED,DUPLICATE_REMOVED,DUPLICATE_REMOVED,DUPLICATE_REMOVED,DUPLICATE_REMOVED,DUPLICATE_REMOVED,DUPLICATE_REMOVED,DUPLICATE_REMOVED,DUPLICATE_REMOVED,DUPLICATE_REMOVED,DUPLICATE_REMOVED
DUPLICATE_REMOVED,DUPLICATE_REMOVED,DUPLICATE_REMOVED,DUPLICATE_REMOVED,DUPLICATE_REMOVED,DUPLICATE_REMOVED,DUPLICATE_REMOVED,DUPLICATE_REMOVED,DUPLICATE_REMOVED,DUPLICATE_REMOVED,DUPLICATE_REMOVED,DUPLICATE_REMOVED
DUPLICATE_REMOVED,DUPLICATE_REMOVED,DUPLICATE_REMOVED,DUPLICATE_REMOVED,DUPLICATE_REMOVED,DUPLICATE_REMOVED,DUPLICATE_REMOVED,DUPLICATE_REMOVED,DUPLICATE_REMOVED,DUPLICATE_REMOVED,DUPLICATE_REMOVED,DUPLICATE_REMOVED
DUPLICATE_REMOVED,DUPLICATE_REMOVED,DUPLICATE_REMOVED,DUPLICATE_REMOVED,DUPLICATE_REMOVED,DUPLICATE_REMOVED,DUPLICATE_REMOVED,DUPLICATE_REMOVED,DUPLICATE_REMOVED,DUPLICATE_REMOVED,DUPLICATE_REMOVED,DUPLICATE_REMOVED
DUPLICATE_REMOVED,DUPLICATE_REMOVED,DUPLICATE_REMOVED,DUPLICATE_REMOVED,DUPLICATE_REMOVED,DUPLICATE_REMOVED,DUPLICATE_REMOVED,DUPLICATE_REMOVED,DUPLICATE_REMOVED,DUPLICATE_REMOVED,DUPLICATE_REMOVED,DUPLICATE_REMOVED
DUPLICATE_REMOVED,DUPLICATE_REMOVED,DUPLICATE_REMOVED,DUPLICATE_REMOVED,DUPLICATE_REMOVED,DUPLICATE_REMOVED,DUPLICATE_REMOVED,DUPLICATE_REMOVED,DUPLICATE_REMOVED,DUPLICATE_REMOVED,DUPLICATE_REMOVED,DUPLICATE_REMOVED
DUPLICATE_REMOVED,DUPLICATE_REMOVED,DUPLICATE_REMOVED,DUPLICATE_REMOVED,DUPLICATE_REMOVED,DUPLICATE_REMOVED,DUPLICATE_REMOVED,DUPLICATE_REMOVED,DUPLICATE_REMOVED,DUPLICATE_REMOVED,DUPLICATE_REMOVED,DUPLICATE_REMOVED
DUPLICATE_REMOVED,DUPLICATE_REMOVED,DUPLICATE_REMOVED,DUPLICATE_REMOVED,DUPLICATE_REMOVED,DUPLICATE_REMOVED,DUPLICATE_REMOVED,DUPLICATE_REMOVED,DUPLICATE_REMOVED,DUPLICATE_REMOVED,DUPLICATE_REMOVED,DUPLICATE_REMOVED
DUPLICATE_REMOVED,DUPLICATE_REMOVED,DUPLICATE_REMOVED,DUPLICATE_REMOVED,DUPLICATE_REMOVED,DUPLICATE_REMOVED,DUPLICATE_REMOVED,DUPLICATE_REMOVED,DUPLICATE_REMOVED,DUPLICATE_REMOVED,DUPLICATE_REMOVED,DUPLICATE_REMOVED
DUPLICATE_REMOVED,DUPLICATE_REMOVED,DUPLICATE_REMOVED,DUPLICATE_REMOVED,DUPLICATE_REMOVED,DUPLICATE_REMOVED,DUPLICATE_REMOVED,DUPLICATE_REMOVED,DUPLICATE_REMOVED,DUPLICATE_REMOVED,DUPLICATE_REMOVED,DUPLICATE_REMOVED
DUPLICATE_REMOVED,DUPLICATE_REMOVED,DUPLICATE_REMOVED,DUPLICATE_REMOVED,DUPLICATE_REMOVED,DUPLICATE_REMOVED,DUPLICATE_REMOVED,DUPLICATE_REMOVED,DUPLICATE_REMOVED,DUPLICATE_REMOVED,DUPLICATE_REMOVED,DUPLICATE_REMOVED
DUPLICATE_REMOVED,DUPLICATE_REMOVED,DUPLICATE_REMOVED,DUPLICATE_REMOVED,DUPLICATE_REMOVED,DUPLICATE_REMOVED,DUPLICATE_REMOVED,DUPLICATE_REMOVED,DUPLICATE_REMOVED,DUPLICATE_REMOVED,DUPLICATE_REMOVED,DUPLICATE_REMOVED
DUPLICATE_REMOVED,DUPLICATE_REMOVED,DUPLICATE_REMOVED,DUPLICATE_REMOVED,DUPLICATE_REMOVED,DUPLICATE_REMOVED,DUPLICATE_REMOVED,DUPLICATE_REMOVED,DUPLICATE_REMOVED,DUPLICATE_REMOVED,DUPLICATE_REMOVED,DUPLICATE_REMOVED
DUPLICATE_REMOVED,DUPLICATE_REMOVED,DUPLICATE_REMOVED,DUPLICATE_REMOVED,DUPLICATE_REMOVED,DUPLICATE_REMOVED,DUPLICATE_REMOVED,DUPLICATE_REMOVED,DUPLICATE_REMOVED,DUPLICATE_REMOVED,DUPLICATE_REMOVED,DUPLICATE_REMOVED
DUPLICATE_REMOVED,DUPLICATE_REMOVED,DUPLICATE_REMOVED,DUPLICATE_REMOVED,DUPLICATE_REMOVED,DUPLICATE_REMOVED,DUPLICATE_REMOVED,DUPLICATE_REMOVED,DUPLICATE_REMOVED,DUPLICATE_REMOVED,DUPLICATE_REMOVED,DUPLICATE_REMOVED
DUPLICATE_REMOVED,DUPLICATE_REMOVED,DUPLICATE_REMOVED,DUPLICATE_REMOVED,DUPLICATE_REMOVED,DUPLICATE_REMOVED,DUPLICATE_REMOVED,DUPLICATE_REMOVED,DUPLICATE_REMOVED,DUPLICATE_REMOVED,DUPLICATE_REMOVED,DUPLICATE_REMOVED
DUPLICATE_REMOVED,DUPLICATE_REMOVED,DUPLICATE_REMOVED,DUPLICATE_REMOVED,DUPLICATE_REMOVED,DUPLICATE_REMOVED,DUPLICATE_REMOVED,DUPLICATE_REMOVED,DUPLICATE_REMOVED,DUPLICATE_REMOVED,DUPLICATE_REMOVED,DUPLICATE_REMOVED
DUPLICATE_REMOVED,DUPLICATE_REMOVED,DUPLICATE_REMOVED,DUPLICATE_REMOVED,DUPLICATE_REMOVED,DUPLICATE_REMOVED,DUPLICATE_REMOVED,DUPLICATE_REMOVED,DUPLICATE_REMOVED,DUPLICATE_REMOVED,DUPLICATE_REMOVED,DUPLICATE_REMOVED
P1_H2_32_Tub1_Lacerate 120,P1_H2_32_Tub1,H2_32_Tub1,2026-04-16,W9-10,,2026-04-20,W9-10,H2,32,H2_32,Maddox
P1_H2_32_Tub1_Lacerate 121,P1_H2_32_Tub1,H2_32_Tub1,2026-04-16,W9-10,,2026-04-20,W9-10,H2,32,H2_32,Maddox
P1_H2_32_Tub1_Lacerate 122,P1_H2_32_Tub1,H2_32_Tub1,2026-04-16,W9-10,,2026-04-20,W9-10,H2,32,H2_32,Maddox
P1_H2_32_Tub1_Lacerate 123,P1_H2_32_Tub1,H2_32_Tub1,2026-04-16,W9-10,,2026-04-20,W9-10,H2,32,H2_32,Maddox
DUPLICATE_REMOVED,DUPLICATE_REMOVED,DUPLICATE_REMOVED,DUPLICATE_REMOVED,DUPLICATE_REMOVED,DUPLICATE_REMOVED,DUPLICATE_REMOVED,DUPLICATE_REMOVED,DUPLICATE_REMOVED,DUPLICATE_REMOVED,DUPLICATE_REMOVED,DUPLICATE_REMOVED
DUPLICATE_REMOVED,DUPLICATE_REMOVED,DUPLICATE_REMOVED,DUPLICATE_REMOVED,DUPLICATE_REMOVED,DUPLICATE_REMOVED,DUPLICATE_REMOVED,DUPLICATE_REMOVED,DUPLICATE_REMOVED,DUPLICATE_REMOVED,DUPLICATE_REMOVED,DUPLICATE_REMOVED
DUPLICATE_REMOVED,DUPLICATE_REMOVED,DUPLICATE_REMOVED,DUPLICATE_REMOVED,DUPLICATE_REMOVED,DUPLICATE_REMOVED,DUPLICATE_REMOVED,DUPLICATE_REMOVED,DUPLICATE_REMOVED,DUPLICATE_REMOVED,DUPLICATE_REMOVED,DUPLICATE_REMOVED
DUPLICATE_REMOVED,DUPLICATE_REMOVED,DUPLICATE_REMOVED,DUPLICATE_REMOVED,DUPLICATE_REMOVED,DUPLICATE_REMOVED,DUPLICATE_REMOVED,DUPLICATE_REMOVED,DUPLICATE_REMOVED,DUPLICATE_REMOVED,DUPLICATE_REMOVED,DUPLICATE_REMOVED
DUPLICATE_REMOVED,DUPLICATE_REMOVED,DUPLICATE_REMOVED,DUPLICATE_REMOVED,DUPLICATE_REMOVED,DUPLICATE_REMOVED,DUPLICATE_REMOVED,DUPLICATE_REMOVED,DUPLICATE_REMOVED,DUPLICATE_REMOVED,DUPLICATE_REMOVED,DUPLICATE_REMOVED
DUPLICATE_REMOVED,DUPLICATE_REMOVED,DUPLICATE_REMOVED,DUPLICATE_REMOVED,DUPLICATE_REMOVED,DUPLICATE_REMOVED,DUPLICATE_REMOVED,DUPLICATE_REMOVED,DUPLICATE_REMOVED,DUPLICATE_REMOVED,DUPLICATE_REMOVED,DUPLICATE_REMOVED
DUPLICATE_REMOVED,DUPLICATE_REMOVED,DUPLICATE_REMOVED,DUPLICATE_REMOVED,DUPLICATE_REMOVED,DUPLICATE_REMOVED,DUPLICATE_REMOVED,DUPLICATE_REMOVED,DUPLICATE_REMOVED,DUPLICATE_REMOVED,DUPLICATE_REMOVED,DUPLICATE_REMOVED
DUPLICATE_REMOVED,DUPLICATE_REMOVED,DUPLICATE_REMOVED,DUPLICATE_REMOVED,DUPLICATE_REMOVED,DUPLICATE_REMOVED,DUPLICATE_REMOVED,DUPLICATE_REMOVED,DUPLICATE_REMOVED,DUPLICATE_REMOVED,DUPLICATE_REMOVED,DUPLICATE_REMOVED
DUPLICATE_REMOVED,DUPLICATE_REMOVED,DUPLICATE_REMOVED,DUPLICATE_REMOVED,DUPLICATE_REMOVED,DUPLICATE_REMOVED,DUPLICATE_REMOVED,DUPLICATE_REMOVED,DUPLICATE_REMOVED,DUPLICATE_REMOVED,DUPLICATE_REMOVED,DUPLICATE_REMOVED
DUPLICATE_REMOVED,DUPLICATE_REMOVED,DUPLICATE_REMOVED,DUPLICATE_REMOVED,DUPLICATE_REMOVED,DUPLICATE_REMOVED,DUPLICATE_REMOVED,DUPLICATE_REMOVED,DUPLICATE_REMOVED,DUPLICATE_REMOVED,DUPLICATE_REMOVED,DUPLICATE_REMOVED
DUPLICATE_REMOVED,DUPLICATE_REMOVED,DUPLICATE_REMOVED,DUPLICATE_REMOVED,DUPLICATE_REMOVED,DUPLICATE_REMOVED,DUPLICATE_REMOVED,DUPLICATE_REMOVED,DUPLICATE_REMOVED,DUPLICATE_REMOVED,DUPLICATE_REMOVED,DUPLICATE_REMOVED
DUPLICATE_REMOVED,DUPLICATE_REMOVED,DUPLICATE_REMOVED,DUPLICATE_REMOVED,DUPLICATE_REMOVED,DUPLICATE_REMOVED,DUPLICATE_REMOVED,DUPLICATE_REMOVED,DUPLICATE_REMOVED,DUPLICATE_REMOVED,DUPLICATE_REMOVED,DUPLICATE_REMOVED
DUPLICATE_REMOVED,DUPLICATE_REMOVED,DUPLICATE_REMOVED,DUPLICATE_REMOVED,DUPLICATE_REMOVED,DUPLICATE_REMOVED,DUPLICATE_REMOVED,DUPLICATE_REMOVED,DUPLICATE_REMOVED,DUPLICATE_REMOVED,DUPLICATE_REMOVED,DUPLICATE_REMOVED
DUPLICATE_REMOVED,DUPLICATE_REMOVED,DUPLICATE_REMOVED,DUPLICATE_REMOVED,DUPLICATE_REMOVED,DUPLICATE_REMOVED,DUPLICATE_REMOVED,DUPLICATE_REMOVED,DUPLICATE_REMOVED,DUPLICATE_REMOVED,DUPLICATE_REMOVED,DUPLICATE_REMOVED
DUPLICATE_REMOVED,DUPLICATE_REMOVED,DUPLICATE_REMOVED,DUPLICATE_REMOVED,DUPLICATE_REMOVED,DUPLICATE_REMOVED,DUPLICATE_REMOVED,DUPLICATE_REMOVED,DUPLICATE_REMOVED,DUPLICATE_REMOVED,DUPLICATE_REMOVED,DUPLICATE_REMOVED
DUPLICATE_REMOVED,DUPLICATE_REMOVED,DUPLICATE_REMOVED,DUPLICATE_REMOVED,DUPLICATE_REMOVED,DUPLICATE_REMOVED,DUPLICATE_REMOVED,DUPLICATE_REMOVED,DUPLICATE_REMOVED,DUPLICATE_REMOVED,DUPLICATE_REMOVED,DUPLICATE_REMOVED
DUPLICATE_REMOVED,DUPLICATE_REMOVED,DUPLICATE_REMOVED,DUPLICATE_REMOVED,DUPLICATE_REMOVED,DUPLICATE_REMOVED,DUPLICATE_REMOVED,DUPLICATE_REMOVED,DUPLICATE_REMOVED,DUPLICATE_REMOVED,DUPLICATE_REMOVED,DUPLICATE_REMOVED
DUPLICATE_REMOVED,DUPLICATE_REMOVED,DUPLICATE_REMOVED,DUPLICATE_REMOVED,DUPLICATE_REMOVED,DUPLICATE_REMOVED,DUPLICATE_REMOVED,DUPLICATE_REMOVED,DUPLICATE_REMOVED,DUPLICATE_REMOVED,DUPLICATE_REMOVED,DUPLICATE_REMOVED
DUPLICATE_REMOVED,DUPLICATE_REMOVED,DUPLICATE_REMOVED,DUPLICATE_REMOVED,DUPLICATE_REMOVED,DUPLICATE_REMOVED,DUPLICATE_REMOVED,DUPLICATE_REMOVED,DUPLICATE_REMOVED,DUPLICATE_REMOVED,DUPLICATE_REMOVED,DUPLICATE_REMOVED
DUPLICATE_REMOVED,DUPLICATE_REMOVED,DUPLICATE_REMOVED,DUPLICATE_REMOVED,DUPLICATE_REMOVED,DUPLICATE_REMOVED,DUPLICATE_REMOVED,DUPLICATE_REMOVED,DUPLICATE_REMOVED,DUPLICATE_REMOVED,DUPLICATE_REMOVED,DUPLICATE_REMOVED
DUPLICATE_REMOVED,DUPLICATE_REMOVED,DUPLICATE_REMOVED,DUPLICATE_REMOVED,DUPLICATE_REMOVED,DUPLICATE_REMOVED,DUPLICATE_REMOVED,DUPLICATE_REMOVED,DUPLICATE_REMOVED,DUPLICATE_REMOVED,DUPLICATE_REMOVED,DUPLICATE_REMOVED
DUPLICATE_REMOVED,DUPLICATE_REMOVED,DUPLICATE_REMOVED,DUPLICATE_REMOVED,DUPLICATE_REMOVED,DUPLICATE_REMOVED,DUPLICATE_REMOVED,DUPLICATE_REMOVED,DUPLICATE_REMOVED,DUPLICATE_REMOVED,DUPLICATE_REMOVED,DUPLICATE_REMOVED
DUPLICATE_REMOVED,DUPLICATE_REMOVED,DUPLICATE_REMOVED,DUPLICATE_REMOVED,DUPLICATE_REMOVED,DUPLICATE_REMOVED,DUPLICATE_REMOVED,DUPLICATE_REMOVED,DUPLICATE_REMOVED,DUPLICATE_REMOVED,DUPLICATE_REMOVED,DUPLICATE_REMOVED
DUPLICATE_REMOVED,DUPLICATE_REMOVED,DUPLICATE_REMOVED,DUPLICATE_REMOVED,DUPLICATE_REMOVED,DUPLICATE_REMOVED,DUPLICATE_REMOVED,DUPLICATE_REMOVED,DUPLICATE_REMOVED,DUPLICATE_REMOVED,DUPLICATE_REMOVED,DUPLICATE_REMOVED
DUPLICATE_REMOVED,DUPLICATE_REMOVED,DUPLICATE_REMOVED,DUPLICATE_REMOVED,DUPLICATE_REMOVED,DUPLICATE_REMOVED,DUPLICATE_REMOVED,DUPLICATE_REMOVED,DUPLICATE_REMOVED,DUPLICATE_REMOVED,DUPLICATE_REMOVED,DUPLICATE_REMOVED
DUPLICATE_REMOVED,DUPLICATE_REMOVED,DUPLICATE_REMOVED,DUPLICATE_REMOVED,DUPLICATE_REMOVED,DUPLICATE_REMOVED,DUPLICATE_REMOVED,DUPLICATE_REMOVED,DUPLICATE_REMOVED,DUPLICATE_REMOVED,DUPLICATE_REMOVED,DUPLICATE_REMOVED
DUPLICATE_REMOVED,DUPLICATE_REMOVED,DUPLICATE_REMOVED,DUPLICATE_REMOVED,DUPLICATE_REMOVED,DUPLICATE_REMOVED,DUPLICATE_REMOVED,DUPLICATE_REMOVED,DUPLICATE_REMOVED,DUPLICATE_REMOVED,DUPLICATE_REMOVED,DUPLICATE_REMOVED
DUPLICATE_REMOVED,DUPLICATE_REMOVED,DUPLICATE_REMOVED,DUPLICATE_REMOVED,DUPLICATE_REMOVED,DUPLICATE_REMOVED,DUPLICATE_REMOVED,DUPLICATE_REMOVED,DUPLICATE_REMOVED,DUPLICATE_REMOVED,DUPLICATE_REMOVED,DUPLICATE_REMOVED
DUPLICATE_REMOVED,DUPLICATE_REMOVED,DUPLICATE_REMOVED,DUPLICATE_REMOVED,DUPLICATE_REMOVED,DUPLICATE_REMOVED,DUPLICATE_REMOVED,DUPLICATE_REMOVED,DUPLICATE_REMOVED,DUPLICATE_REMOVED,DUPLICATE_REMOVED,DUPLICATE_REMOVED
DUPLICATE_REMOVED,DUPLICATE_REMOVED,DUPLICATE_REMOVED,DUPLICATE_REMOVED,DUPLICATE_REMOVED,DUPLICATE_REMOVED,DUPLICATE_REMOVED,DUPLICATE_REMOVED,DUPLICATE_REMOVED,DUPLICATE_REMOVED,DUPLICATE_REMOVED,DUPLICATE_REMOVED
DUPLICATE_REMOVED,DUPLICATE_REMOVED,DUPLICATE_REMOVED,DUPLICATE_REMOVED,DUPLICATE_REMOVED,DUPLICATE_REMOVED,DUPLICATE_REMOVED,DUPLICATE_REMOVED,DUPLICATE_REMOVED,DUPLICATE_REMOVED,DUPLICATE_REMOVED,DUPLICATE_REMOVED
DUPLICATE_REMOVED,DUPLICATE_REMOVED,DUPLICATE_REMOVED,DUPLICATE_REMOVED,DUPLICATE_REMOVED,DUPLICATE_REMOVED,DUPLICATE_REMOVED,DUPLICATE_REMOVED,DUPLICATE_REMOVED,DUPLICATE_REMOVED,DUPLICATE_REMOVED,DUPLICATE_REMOVED
DUPLICATE_REMOVED,DUPLICATE_REMOVED,DUPLICATE_REMOVED,DUPLICATE_REMOVED,DUPLICATE_REMOVED,DUPLICATE_REMOVED,DUPLICATE_REMOVED,DUPLICATE_REMOVED,DUPLICATE_REMOVED,DUPLICATE_REMOVED,DUPLICATE_REMOVED,DUPLICATE_REMOVED
DUPLICATE_REMOVED,DUPLICATE_REMOVED,DUPLICATE_REMOVED,DUPLICATE_REMOVED,DUPLICATE_REMOVED,DUPLICATE_REMOVED,DUPLICATE_REMOVED,DUPLICATE_REMOVED,DUPLICATE_REMOVED,DUPLICATE_REMOVED,DUPLICATE_REMOVED,DUPLICATE_REMOVED
DUPLICATE_REMOVED,DUPLICATE_REMOVED,DUPLICATE_REMOVED,DUPLICATE_REMOVED,DUPLICATE_REMOVED,DUPLICATE_REMOVED,DUPLICATE_REMOVED,DUPLICATE_REMOVED,DUPLICATE_REMOVED,DUPLICATE_REMOVED,DUPLICATE_REMOVED,DUPLICATE_REMOVED
DUPLICATE_REMOVED,DUPLICATE_REMOVED,DUPLICATE_REMOVED,DUPLICATE_REMOVED,DUPLICATE_REMOVED,DUPLICATE_REMOVED,DUPLICATE_REMOVED,DUPLICATE_REMOVED,DUPLICATE_REMOVED,DUPLICATE_REMOVED,DUPLICATE_REMOVED,DUPLICATE_REMOVED
DUPLICATE_REMOVED,DUPLICATE_REMOVED,DUPLICATE_REMOVED,DUPLICATE_REMOVED,DUPLICATE_REMOVED,DUPLICATE_REMOVED,DUPLICATE_REMOVED,DUPLICATE_REMOVED,DUPLICATE_REMOVED,DUPLICATE_REMOVED,DUPLICATE_REMOVED,DUPLICATE_REMOVED
DUPLICATE_REMOVED,DUPLICATE_REMOVED,DUPLICATE_REMOVED,DUPLICATE_REMOVED,DUPLICATE_REMOVED,DUPLICATE_REMOVED,DUPLICATE_REMOVED,DUPLICATE_REMOVED,DUPLICATE_REMOVED,DUPLICATE_REMOVED,DUPLICATE_REMOVED,DUPLICATE_REMOVED
DUPLICATE_REMOVED,DUPLICATE_REMOVED,DUPLICATE_REMOVED,DUPLICATE_REMOVED,DUPLICATE_REMOVED,DUPLICATE_REMOVED,DUPLICATE_REMOVED,DUPLICATE_REMOVED,DUPLICATE_REMOVED,DUPLICATE_REMOVED,DUPLICATE_REMOVED,DUPLICATE_REMOVED
DUPLICATE_REMOVED,DUPLICATE_REMOVED,DUPLICATE_REMOVED,DUPLICATE_REMOVED,DUPLICATE_REMOVED,DUPLICATE_REMOVED,DUPLICATE_REMOVED,DUPLICATE_REMOVED,DUPLICATE_REMOVED,DUPLICATE_REMOVED,DUPLICATE_REMOVED,DUPLICATE_REMOVED
DUPLICATE_REMOVED,DUPLICATE_REMOVED,DUPLICATE_REMOVED,DUPLICATE_REMOVED,DUPLICATE_REMOVED,DUPLICATE_REMOVED,DUPLICATE_REMOVED,DUPLICATE_REMOVED,DUPLICATE_REMOVED,DUPLICATE_REMOVED,DUPLICATE_REMOVED,DUPLICATE_REMOVED
DUPLICATE_REMOVED,DUPLICATE_REMOVED,DUPLICATE_REMOVED,DUPLICATE_REMOVED,DUPLICATE_REMOVED,DUPLICATE_REMOVED,DUPLICATE_REMOVED,DUPLICATE_REMOVED,DUPLICATE_REMOVED,DUPLICATE_REMOVED,DUPLICATE_REMOVED,DUPLICATE_REMOVED
DUPLICATE_REMOVED,DUPLICATE_REMOVED,DUPLICATE_REMOVED,DUPLICATE_REMOVED,DUPLICATE_REMOVED,DUPLICATE_REMOVED,DUPLICATE_REMOVED,DUPLICATE_REMOVED,DUPLICATE_REMOVED,DUPLICATE_REMOVED,DUPLICATE_REMOVED,DUPLICATE_REMOVED
DUPLICATE_REMOVED,DUPLICATE_REMOVED,DUPLICATE_REMOVED,DUPLICATE_REMOVED,DUPLICATE_REMOVED,DUPLICATE_REMOVED,DUPLICATE_REMOVED,DUPLICATE_REMOVED,DUPLICATE_REMOVED,DUPLICATE_REMOVED,DUPLICATE_REMOVED,DUPLICATE_REMOVED
DUPLICATE_REMOVED,DUPLICATE_REMOVED,DUPLICATE_REMOVED,DUPLICATE_REMOVED,DUPLICATE_REMOVED,DUPLICATE_REMOVED,DUPLICATE_REMOVED,DUPLICATE_REMOVED,DUPLICATE_REMOVED,DUPLICATE_REMOVED,DUPLICATE_REMOVED,DUPLICATE_REMOVED
DUPLICATE_REMOVED,DUPLICATE_REMOVED,DUPLICATE_REMOVED,DUPLICATE_REMOVED,DUPLICATE_REMOVED,DUPLICATE_REMOVED,DUPLICATE_REMOVED,DUPLICATE_REMOVED,DUPLICATE_REMOVED,DUPLICATE_REMOVED,DUPLICATE_REMOVED,DUPLICATE_REMOVED
PX_H2_32_Tub2_Lacerate 171,PX_H2_32_Tub2,H2_32_Tub2,2026-04-16,W9-10,,2026-04-20,W9-10,H2,32,H2_32,Maddox
PX_H2_32_Tub2_Lacerate 172,PX_H2_32_Tub2,H2_32_Tub2,2026-04-16,W9-10,,2026-04-20,W9-10,H2,32,H2_32,Maddox
PX_H2_32_Tub2_Lacerate 173,PX_H2_32_Tub2,H2_32_Tub2,2026-04-16,W9-10,,2026-04-20,W9-10,H2,32,H2_32,Maddox
PX_H2_32_Tub2_Lacerate 174,PX_H2_32_Tub2,H2_32_Tub2,2026-04-16,W9-10,,2026-04-20,W9-10,H2,32,H2_32,Maddox
PX_H2_32_Tub2_Lacerate 175,PX_H2_32_Tub2,H2_32_Tub2,2026-04-16,W9-10,,2026-04-20,W9-10,H2,32,H2_32,Maddox
DUPLICATE_REMOVED,DUPLICATE_REMOVED,DUPLICATE_REMOVED,DUPLICATE_REMOVED,DUPLICATE_REMOVED,DUPLICATE_REMOVED,DUPLICATE_REMOVED,DUPLICATE_REMOVED,DUPLICATE_REMOVED,DUPLICATE_REMOVED,DUPLICATE_REMOVED,DUPLICATE_REMOVED
DUPLICATE_REMOVED,DUPLICATE_REMOVED,DUPLICATE_REMOVED,DUPLICATE_REMOVED,DUPLICATE_REMOVED,DUPLICATE_REMOVED,DUPLICATE_REMOVED,DUPLICATE_REMOVED,DUPLICATE_REMOVED,DUPLICATE_REMOVED,DUPLICATE_REMOVED,DUPLICATE_REMOVED
DUPLICATE_REMOVED,DUPLICATE_REMOVED,DUPLICATE_REMOVED,DUPLICATE_REMOVED,DUPLICATE_REMOVED,DUPLICATE_REMOVED,DUPLICATE_REMOVED,DUPLICATE_REMOVED,DUPLICATE_REMOVED,DUPLICATE_REMOVED,DUPLICATE_REMOVED,DUPLICATE_REMOVED
DUPLICATE_REMOVED,DUPLICATE_REMOVED,DUPLICATE_REMOVED,DUPLICATE_REMOVED,DUPLICATE_REMOVED,DUPLICATE_REMOVED,DUPLICATE_REMOVED,DUPLICATE_REMOVED,DUPLICATE_REMOVED,DUPLICATE_REMOVED,DUPLICATE_REMOVED,DUPLICATE_REMOVED
DUPLICATE_REMOVED,DUPLICATE_REMOVED,DUPLICATE_REMOVED,DUPLICATE_REMOVED,DUPLICATE_REMOVED,DUPLICATE_REMOVED,DUPLICATE_REMOVED,DUPLICATE_REMOVED,DUPLICATE_REMOVED,DUPLICATE_REMOVED,DUPLICATE_REMOVED,DUPLICATE_REMOVED
DUPLICATE_REMOVED,DUPLICATE_REMOVED,DUPLICATE_REMOVED,DUPLICATE_REMOVED,DUPLICATE_REMOVED,DUPLICATE_REMOVED,DUPLICATE_REMOVED,DUPLICATE_REMOVED,DUPLICATE_REMOVED,DUPLICATE_REMOVED,DUPLICATE_REMOVED,DUPLICATE_REMOVED
DUPLICATE_REMOVED,DUPLICATE_REMOVED,DUPLICATE_REMOVED,DUPLICATE_REMOVED,DUPLICATE_REMOVED,DUPLICATE_REMOVED,DUPLICATE_REMOVED,DUPLICATE_REMOVED,DUPLICATE_REMOVED,DUPLICATE_REMOVED,DUPLICATE_REMOVED,DUPLICATE_REMOVED
DUPLICATE_REMOVED,DUPLICATE_REMOVED,DUPLICATE_REMOVED,DUPLICATE_REMOVED,DUPLICATE_REMOVED,DUPLICATE_REMOVED,DUPLICATE_REMOVED,DUPLICATE_REMOVED,DUPLICATE_REMOVED,DUPLICATE_REMOVED,DUPLICATE_REMOVED,DUPLICATE_REMOVED
DUPLICATE_REMOVED,DUPLICATE_REMOVED,DUPLICATE_REMOVED,DUPLICATE_REMOVED,DUPLICATE_REMOVED,DUPLICATE_REMOVED,DUPLICATE_REMOVED,DUPLICATE_REMOVED,DUPLICATE_REMOVED,DUPLICATE_REMOVED,DUPLICATE_REMOVED,DUPLICATE_REMOVED
DUPLICATE_REMOVED,DUPLICATE_REMOVED,DUPLICATE_REMOVED,DUPLICATE_REMOVED,DUPLICATE_REMOVED,DUPLICATE_REMOVED,DUPLICATE_REMOVED,DUPLICATE_REMOVED,DUPLICATE_REMOVED,DUPLICATE_REMOVED,DUPLICATE_REMOVED,DUPLICATE_REMOVED
DUPLICATE_REMOVED,DUPLICATE_REMOVED,DUPLICATE_REMOVED,DUPLICATE_REMOVED,DUPLICATE_REMOVED,DUPLICATE_REMOVED,DUPLICATE_REMOVED,DUPLICATE_REMOVED,DUPLICATE_REMOVED,DUPLICATE_REMOVED,DUPLICATE_REMOVED,DUPLICATE_REMOVED
DUPLICATE_REMOVED,DUPLICATE_REMOVED,DUPLICATE_REMOVED,DUPLICATE_REMOVED,DUPLICATE_REMOVED,DUPLICATE_REMOVED,DUPLICATE_REMOVED,DUPLICATE_REMOVED,DUPLICATE_REMOVED,DUPLICATE_REMOVED,DUPLICATE_REMOVED,DUPLICATE_REMOVED
DUPLICATE_REMOVED,DUPLICATE_REMOVED,DUPLICATE_REMOVED,DUPLICATE_REMOVED,DUPLICATE_REMOVED,DUPLICATE_REMOVED,DUPLICATE_REMOVED,DUPLICATE_REMOVED,DUPLICATE_REMOVED,DUPLICATE_REMOVED,DUPLICATE_REMOVED,DUPLICATE_REMOVED
DUPLICATE_REMOVED,DUPLICATE_REMOVED,DUPLICATE_REMOVED,DUPLICATE_REMOVED,DUPLICATE_REMOVED,DUPLICATE_REMOVED,DUPLICATE_REMOVED,DUPLICATE_REMOVED,DUPLICATE_REMOVED,DUPLICATE_REMOVED,DUPLICATE_REMOVED,DUPLICATE_REMOVED
DUPLICATE_REMOVED,DUPLICATE_REMOVED,DUPLICATE_REMOVED,DUPLICATE_REMOVED,DUPLICATE_REMOVED,DUPLICATE_REMOVED,DUPLICATE_REMOVED,DUPLICATE_REMOVED,DUPLICATE_REMOVED,DUPLICATE_REMOVED,DUPLICATE_REMOVED,DUPLICATE_REMOVED
DUPLICATE_REMOVED,DUPLICATE_REMOVED,DUPLICATE_REMOVED,DUPLICATE_REMOVED,DUPLICATE_REMOVED,DUPLICATE_REMOVED,DUPLICATE_REMOVED,DUPLICATE_REMOVED,DUPLICATE_REMOVED,DUPLICATE_REMOVED,DUPLICATE_REMOVED,DUPLICATE_REMOVED
DUPLICATE_REMOVED,DUPLICATE_REMOVED,DUPLICATE_REMOVED,DUPLICATE_REMOVED,DUPLICATE_REMOVED,DUPLICATE_REMOVED,DUPLICATE_REMOVED,DUPLICATE_REMOVED,DUPLICATE_REMOVED,DUPLICATE_REMOVED,DUPLICATE_REMOVED,DUPLICATE_REMOVED
DUPLICATE_REMOVED,DUPLICATE_REMOVED,DUPLICATE_REMOVED,DUPLICATE_REMOVED,DUPLICATE_REMOVED,DUPLICATE_REMOVED,DUPLICATE_REMOVED,DUPLICATE_REMOVED,DUPLICATE_REMOVED,DUPLICATE_REMOVED,DUPLICATE_REMOVED,DUPLICATE_REMOVED
DUPLICATE_REMOVED,DUPLICATE_REMOVED,DUPLICATE_REMOVED,DUPLICATE_REMOVED,DUPLICATE_REMOVED,DUPLICATE_REMOVED,DUPLICATE_REMOVED,DUPLICATE_REMOVED,DUPLICATE_REMOVED,DUPLICATE_REMOVED,DUPLICATE_REMOVED,DUPLICATE_REMOVED
DUPLICATE_REMOVED,DUPLICATE_REMOVED,DUPLICATE_REMOVED,DUPLICATE_REMOVED,DUPLICATE_REMOVED,DUPLICATE_REMOVED,DUPLICATE_REMOVED,DUPLICATE_REMOVED,DUPLICATE_REMOVED,DUPLICATE_REMOVED,DUPLICATE_REMOVED,DUPLICATE_REMOVED
DUPLICATE_REMOVED,DUPLICATE_REMOVED,DUPLICATE_REMOVED,DUPLICATE_REMOVED,DUPLICATE_REMOVED,DUPLICATE_REMOVED,DUPLICATE_REMOVED,DUPLICATE_REMOVED,DUPLICATE_REMOVED,DUPLICATE_REMOVED,DUPLICATE_REMOVED,DUPLICATE_REMOVED
DUPLICATE_REMOVED,DUPLICATE_REMOVED,DUPLICATE_REMOVED,DUPLICATE_REMOVED,DUPLICATE_REMOVED,DUPLICATE_REMOVED,DUPLICATE_REMOVED,DUPLICATE_REMOVED,DUPLICATE_REMOVED,DUPLICATE_REMOVED,DUPLICATE_REMOVED,DUPLICATE_REMOVED
DUPLICATE_REMOVED,DUPLICATE_REMOVED,DUPLICATE_REMOVED,DUPLICATE_REMOVED,DUPLICATE_REMOVED,DUPLICATE_REMOVED,DUPLICATE_REMOVED,DUPLICATE_REMOVED,DUPLICATE_REMOVED,DUPLICATE_REMOVED,DUPLICATE_REMOVED,DUPLICATE_REMOVED
DUPLICATE_REMOVED,DUPLICATE_REMOVED,DUPLICATE_REMOVED,DUPLICATE_REMOVED,DUPLICATE_REMOVED,DUPLICATE_REMOVED,DUPLICATE_REMOVED,DUPLICATE_REMOVED,DUPLICATE_REMOVED,DUPLICATE_REMOVED,DUPLICATE_REMOVED,DUPLICATE_REMOVED
DUPLICATE_REMOVED,DUPLICATE_REMOVED,DUPLICATE_REMOVED,DUPLICATE_REMOVED,DUPLICATE_REMOVED,DUPLICATE_REMOVED,DUPLICATE_REMOVED,DUPLICATE_REMOVED,DUPLICATE_REMOVED,DUPLICATE_REMOVED,DUPLICATE_REMOVED,DUPLICATE_REMOVED
DUPLICATE_REMOVED,DUPLICATE_REMOVED,DUPLICATE_REMOVED,DUPLICATE_REMOVED,DUPLICATE_REMOVED,DUPLICATE_REMOVED,DUPLICATE_REMOVED,DUPLICATE_REMOVED,DUPLICATE_REMOVED,DUPLICATE_REMOVED,DUPLICATE_REMOVED,DUPLICATE_REMOVED
DUPLICATE_REMOVED,DUPLICATE_REMOVED,DUPLICATE_REMOVED,DUPLICATE_REMOVED,DUPLICATE_REMOVED,DUPLICATE_REMOVED,DUPLICATE_REMOVED,DUPLICATE_REMOVED,DUPLICATE_REMOVED,DUPLICATE_REMOVED,DUPLICATE_REMOVED,DUPLICATE_REMOVED
DUPLICATE_REMOVED,DUPLICATE_REMOVED,DUPLICATE_REMOVED,DUPLICATE_REMOVED,DUPLICATE_REMOVED,DUPLICATE_REMOVED,DUPLICATE_REMOVED,DUPLICATE_REMOVED,DUPLICATE_REMOVED,DUPLICATE_REMOVED,DUPLICATE_REMOVED,DUPLICATE_REMOVED
DUPLICATE_REMOVED,DUPLICATE_REMOVED,DUPLICATE_REMOVED,DUPLICATE_REMOVED,DUPLICATE_REMOVED,DUPLICATE_REMOVED,DUPLICATE_REMOVED,DUPLICATE_REMOVED,DUPLICATE_REMOVED,DUPLICATE_REMOVED,DUPLICATE_REMOVED,DUPLICATE_REMOVED
DUPLICATE_REMOVED,DUPLICATE_REMOVED,DUPLICATE_REMOVED,DUPLICATE_REMOVED,DUPLICATE_REMOVED,DUPLICATE_REMOVED,DUPLICATE_REMOVED,DUPLICATE_REMOVED,DUPLICATE_REMOVED,DUPLICATE_REMOVED,DUPLICATE_REMOVED,DUPLICATE_REMOVED
DUPLICATE_REMOVED,DUPLICATE_REMOVED,DUPLICATE_REMOVED,DUPLICATE_REMOVED,DUPLICATE_REMOVED,DUPLICATE_REMOVED,DUPLICATE_REMOVED,DUPLICATE_REMOVED,DUPLICATE_REMOVED,DUPLICATE_REMOVED,DUPLICATE_REMOVED,DUPLICATE_REMOVED
DUPLICATE_REMOVED,DUPLICATE_REMOVED,DUPLICATE_REMOVED,DUPLICATE_REMOVED,DUPLICATE_REMOVED,DUPLICATE_REMOVED,DUPLICATE_REMOVED,DUPLICATE_REMOVED,DUPLICATE_REMOVED,DUPLICATE_REMOVED,DUPLICATE_REMOVED,DUPLICATE_REMOVED
DUPLICATE_REMOVED,DUPLICATE_REMOVED,DUPLICATE_REMOVED,DUPLICATE_REMOVED,DUPLICATE_REMOVED,DUPLICATE_REMOVED,DUPLICATE_REMOVED,DUPLICATE_REMOVED,DUPLICATE_REMOVED,DUPLICATE_REMOVED,DUPLICATE_REMOVED,DUPLICATE_REMOVED
DUPLICATE_REMOVED,DUPLICATE_REMOVED,DUPLICATE_REMOVED,DUPLICATE_REMOVED,DUPLICATE_REMOVED,DUPLICATE_REMOVED,DUPLICATE_REMOVED,DUPLICATE_REMOVED,DUPLICATE_REMOVED,DUPLICATE_REMOVED,DUPLICATE_REMOVED,DUPLICATE_REMOVED
P1_H2_32_Tub3_Lacerate 149,P1_H2_32_Tub3,H2_32_Tub3,2026-04-16,W9-10,,2026-04-20,W9-10,H2,32,H2_32,Maddox
P1_H2_32_Tub3_Lacerate 150,P1_H2_32_Tub3,H2_32_Tub3,2026-04-16,W9-10,,2026-04-20,W9-10,H2,32,H2_32,Maddox
DUPLICATE_REMOVED,DUPLICATE_REMOVED,DUPLICATE_REMOVED,DUPLICATE_REMOVED,DUPLICATE_REMOVED,DUPLICATE_REMOVED,DUPLICATE_REMOVED,DUPLICATE_REMOVED,DUPLICATE_REMOVED,DUPLICATE_REMOVED,DUPLICATE_REMOVED,DUPLICATE_REMOVED
DUPLICATE_REMOVED,DUPLICATE_REMOVED,DUPLICATE_REMOVED,DUPLICATE_REMOVED,DUPLICATE_REMOVED,DUPLICATE_REMOVED,DUPLICATE_REMOVED,DUPLICATE_REMOVED,DUPLICATE_REMOVED,DUPLICATE_REMOVED,DUPLICATE_REMOVED,DUPLICATE_REMOVED
DUPLICATE_REMOVED,DUPLICATE_REMOVED,DUPLICATE_REMOVED,DUPLICATE_REMOVED,DUPLICATE_REMOVED,DUPLICATE_REMOVED,DUPLICATE_REMOVED,DUPLICATE_REMOVED,DUPLICATE_REMOVED,DUPLICATE_REMOVED,DUPLICATE_REMOVED,DUPLICATE_REMOVED
DUPLICATE_REMOVED,DUPLICATE_REMOVED,DUPLICATE_REMOVED,DUPLICATE_REMOVED,DUPLICATE_REMOVED,DUPLICATE_REMOVED,DUPLICATE_REMOVED,DUPLICATE_REMOVED,DUPLICATE_REMOVED,DUPLICATE_REMOVED,DUPLICATE_REMOVED,DUPLICATE_REMOVED
DUPLICATE_REMOVED,DUPLICATE_REMOVED,DUPLICATE_REMOVED,DUPLICATE_REMOVED,DUPLICATE_REMOVED,DUPLICATE_REMOVED,DUPLICATE_REMOVED,DUPLICATE_REMOVED,DUPLICATE_REMOVED,DUPLICATE_REMOVED,DUPLICATE_REMOVED,DUPLICATE_REMOVED
DUPLICATE_REMOVED,DUPLICATE_REMOVED,DUPLICATE_REMOVED,DUPLICATE_REMOVED,DUPLICATE_REMOVED,DUPLICATE_REMOVED,DUPLICATE_REMOVED,DUPLICATE_REMOVED,DUPLICATE_REMOVED,DUPLICATE_REMOVED,DUPLICATE_REMOVED,DUPLICATE_REMOVED
DUPLICATE_REMOVED,DUPLICATE_REMOVED,DUPLICATE_REMOVED,DUPLICATE_REMOVED,DUPLICATE_REMOVED,DUPLICATE_REMOVED,DUPLICATE_REMOVED,DUPLICATE_REMOVED,DUPLICATE_REMOVED,DUPLICATE_REMOVED,DUPLICATE_REMOVED,DUPLICATE_REMOVED
DUPLICATE_REMOVED,DUPLICATE_REMOVED,DUPLICATE_REMOVED,DUPLICATE_REMOVED,DUPLICATE_REMOVED,DUPLICATE_REMOVED,DUPLICATE_REMOVED,DUPLICATE_REMOVED,DUPLICATE_REMOVED,DUPLICATE_REMOVED,DUPLICATE_REMOVED,DUPLICATE_REMOVED
DUPLICATE_REMOVED,DUPLICATE_REMOVED,DUPLICATE_REMOVED,DUPLICATE_REMOVED,DUPLICATE_REMOVED,DUPLICATE_REMOVED,DUPLICATE_REMOVED,DUPLICATE_REMOVED,DUPLICATE_REMOVED,DUPLICATE_REMOVED,DUPLICATE_REMOVED,DUPLICATE_REMOVED
DUPLICATE_REMOVED,DUPLICATE_REMOVED,DUPLICATE_REMOVED,DUPLICATE_REMOVED,DUPLICATE_REMOVED,DUPLICATE_REMOVED,DUPLICATE_REMOVED,DUPLICATE_REMOVED,DUPLICATE_REMOVED,DUPLICATE_REMOVED,DUPLICATE_REMOVED,DUPLICATE_REMOVED
DUPLICATE_REMOVED,DUPLICATE_REMOVED,DUPLICATE_REMOVED,DUPLICATE_REMOVED,DUPLICATE_REMOVED,DUPLICATE_REMOVED,DUPLICATE_REMOVED,DUPLICATE_REMOVED,DUPLICATE_REMOVED,DUPLICATE_REMOVED,DUPLICATE_REMOVED,DUPLICATE_REMOVED
DUPLICATE_REMOVED,DUPLICATE_REMOVED,DUPLICATE_REMOVED,DUPLICATE_REMOVED,DUPLICATE_REMOVED,DUPLICATE_REMOVED,DUPLICATE_REMOVED,DUPLICATE_REMOVED,DUPLICATE_REMOVED,DUPLICATE_REMOVED,DUPLICATE_REMOVED,DUPLICATE_REMOVED
DUPLICATE_REMOVED,DUPLICATE_REMOVED,DUPLICATE_REMOVED,DUPLICATE_REMOVED,DUPLICATE_REMOVED,DUPLICATE_REMOVED,DUPLICATE_REMOVED,DUPLICATE_REMOVED,DUPLICATE_REMOVED,DUPLICATE_REMOVED,DUPLICATE_REMOVED,DUPLICATE_REMOVED
DUPLICATE_REMOVED,DUPLICATE_REMOVED,DUPLICATE_REMOVED,DUPLICATE_REMOVED,DUPLICATE_REMOVED,DUPLICATE_REMOVED,DUPLICATE_REMOVED,DUPLICATE_REMOVED,DUPLICATE_REMOVED,DUPLICATE_REMOVED,DUPLICATE_REMOVED,DUPLICATE_REMOVED
DUPLICATE_REMOVED,DUPLICATE_REMOVED,DUPLICATE_REMOVED,DUPLICATE_REMOVED,DUPLICATE_REMOVED,DUPLICATE_REMOVED,DUPLICATE_REMOVED,DUPLICATE_REMOVED,DUPLICATE_REMOVED,DUPLICATE_REMOVED,DUPLICATE_REMOVED,DUPLICATE_REMOVED
DUPLICATE_REMOVED,DUPLICATE_REMOVED,DUPLICATE_REMOVED,DUPLICATE_REMOVED,DUPLICATE_REMOVED,DUPLICATE_REMOVED,DUPLICATE_REMOVED,DUPLICATE_REMOVED,DUPLICATE_REMOVED,DUPLICATE_REMOVED,DUPLICATE_REMOVED,DUPLICATE_REMOVED
DUPLICATE_REMOVED,DUPLICATE_REMOVED,DUPLICATE_REMOVED,DUPLICATE_REMOVED,DUPLICATE_REMOVED,DUPLICATE_REMOVED,DUPLICATE_REMOVED,DUPLICATE_REMOVED,DUPLICATE_REMOVED,DUPLICATE_REMOVED,DUPLICATE_REMOVED,DUPLICATE_REMOVED
DUPLICATE_REMOVED,DUPLICATE_REMOVED,DUPLICATE_REMOVED,DUPLICATE_REMOVED,DUPLICATE_REMOVED,DUPLICATE_REMOVED,DUPLICATE_REMOVED,DUPLICATE_REMOVED,DUPLICATE_REMOVED,DUPLICATE_REMOVED,DUPLICATE_REMOVED,DUPLICATE_REMOVED
DUPLICATE_REMOVED,DUPLICATE_REMOVED,DUPLICATE_REMOVED,DUPLICATE_REMOVED,DUPLICATE_REMOVED,DUPLICATE_REMOVED,DUPLICATE_REMOVED,DUPLICATE_REMOVED,DUPLICATE_REMOVED,DUPLICATE_REMOVED,DUPLICATE_REMOVED,DUPLICATE_REMOVED
DUPLICATE_REMOVED,DUPLICATE_REMOVED,DUPLICATE_REMOVED,DUPLICATE_REMOVED,DUPLICATE_REMOVED,DUPLICATE_REMOVED,DUPLICATE_REMOVED,DUPLICATE_REMOVED,DUPLICATE_REMOVED,DUPLICATE_REMOVED,DUPLICATE_REMOVED,DUPLICATE_REMOVED
DUPLICATE_REMOVED,DUPLICATE_REMOVED,DUPLICATE_REMOVED,DUPLICATE_REMOVED,DUPLICATE_REMOVED,DUPLICATE_REMOVED,DUPLICATE_REMOVED,DUPLICATE_REMOVED,DUPLICATE_REMOVED,DUPLICATE_REMOVED,DUPLICATE_REMOVED,DUPLICATE_REMOVED
DUPLICATE_REMOVED,DUPLICATE_REMOVED,DUPLICATE_REMOVED,DUPLICATE_REMOVED,DUPLICATE_REMOVED,DUPLICATE_REMOVED,DUPLICATE_REMOVED,DUPLICATE_REMOVED,DUPLICATE_REMOVED,DUPLICATE_REMOVED,DUPLICATE_REMOVED,DUPLICATE_REMOVED
DUPLICATE_REMOVED,DUPLICATE_REMOVED,DUPLICATE_REMOVED,DUPLICATE_REMOVED,DUPLICATE_REMOVED,DUPLICATE_REMOVED,DUPLICATE_REMOVED,DUPLICATE_REMOVED,DUPLICATE_REMOVED,DUPLICATE_REMOVED,DUPLICATE_REMOVED,DUPLICATE_REMOVED
DUPLICATE_REMOVED,DUPLICATE_REMOVED,DUPLICATE_REMOVED,DUPLICATE_REMOVED,DUPLICATE_REMOVED,DUPLICATE_REMOVED,DUPLICATE_REMOVED,DUPLICATE_REMOVED,DUPLICATE_REMOVED,DUPLICATE_REMOVED,DUPLICATE_REMOVED,DUPLICATE_REMOVED
DUPLICATE_REMOVED,DUPLICATE_REMOVED,DUPLICATE_REMOVED,DUPLICATE_REMOVED,DUPLICATE_REMOVED,DUPLICATE_REMOVED,DUPLICATE_REMOVED,DUPLICATE_REMOVED,DUPLICATE_REMOVED,DUPLICATE_REMOVED,DUPLICATE_REMOVED,DUPLICATE_REMOVED
DUPLICATE_REMOVED,DUPLICATE_REMOVED,DUPLICATE_REMOVED,DUPLICATE_REMOVED,DUPLICATE_REMOVED,DUPLICATE_REMOVED,DUPLICATE_REMOVED,DUPLICATE_REMOVED,DUPLICATE_REMOVED,DUPLICATE_REMOVED,DUPLICATE_REMOVED,DUPLICATE_REMOVED
DUPLICATE_REMOVED,DUPLICATE_REMOVED,DUPLICATE_REMOVED,DUPLICATE_REMOVED,DUPLICATE_REMOVED,DUPLICATE_REMOVED,DUPLICATE_REMOVED,DUPLICATE_REMOVED,DUPLICATE_REMOVED,DUPLICATE_REMOVED,DUPLICATE_REMOVED,DUPLICATE_REMOVED
DUPLICATE_REMOVED,DUPLICATE_REMOVED,DUPLICATE_REMOVED,DUPLICATE_REMOVED,DUPLICATE_REMOVED,DUPLICATE_REMOVED,DUPLICATE_REMOVED,DUPLICATE_REMOVED,DUPLICATE_REMOVED,DUPLICATE_REMOVED,DUPLICATE_REMOVED,DUPLICATE_REMOVED
DUPLICATE_REMOVED,DUPLICATE_REMOVED,DUPLICATE_REMOVED,DUPLICATE_REMOVED,DUPLICATE_REMOVED,DUPLICATE_REMOVED,DUPLICATE_REMOVED,DUPLICATE_REMOVED,DUPLICATE_REMOVED,DUPLICATE_REMOVED,DUPLICATE_REMOVED,DUPLICATE_REMOVED
DUPLICATE_REMOVED,DUPLICATE_REMOVED,DUPLICATE_REMOVED,DUPLICATE_REMOVED,DUPLICATE_REMOVED,DUPLICATE_REMOVED,DUPLICATE_REMOVED,DUPLICATE_REMOVED,DUPLICATE_REMOVED,DUPLICATE_REMOVED,DUPLICATE_REMOVED,DUPLICATE_REMOVED
DUPLICATE_REMOVED,DUPLICATE_REMOVED,DUPLICATE_REMOVED,DUPLICATE_REMOVED,DUPLICATE_REMOVED,DUPLICATE_REMOVED,DUPLICATE_REMOVED,DUPLICATE_REMOVED,DUPLICATE_REMOVED,DUPLICATE_REMOVED,DUPLICATE_REMOVED,DUPLICATE_REMOVED
DUPLICATE_REMOVED,DUPLICATE_REMOVED,DUPLICATE_REMOVED,DUPLICATE_REMOVED,DUPLICATE_REMOVED,DUPLICATE_REMOVED,DUPLICATE_REMOVED,DUPLICATE_REMOVED,DUPLICATE_REMOVED,DUPLICATE_REMOVED,DUPLICATE_REMOVED,DUPLICATE_REMOVED
DUPLICATE_REMOVED,DUPLICATE_REMOVED,DUPLICATE_REMOVED,DUPLICATE_REMOVED,DUPLICATE_REMOVED,DUPLICATE_REMOVED,DUPLICATE_REMOVED,DUPLICATE_REMOVED,DUPLICATE_REMOVED,DUPLICATE_REMOVED,DUPLICATE_REMOVED,DUPLICATE_REMOVED
DUPLICATE_REMOVED,DUPLICATE_REMOVED,DUPLICATE_REMOVED,DUPLICATE_REMOVED,DUPLICATE_REMOVED,DUPLICATE_REMOVED,DUPLICATE_REMOVED,DUPLICATE_REMOVED,DUPLICATE_REMOVED,DUPLICATE_REMOVED,DUPLICATE_REMOVED,DUPLICATE_REMOVED
P2_VWA_32_Tub1_Lacerate 137,P2_VWA_32_Tub1,VWA_32_Tub1,2026-04-16,W9-10,,2026-04-20,W9-10,VWA,32,VWA_32,Maddox
P2_VWA_32_Tub1_Lacerate 138,P2_VWA_32_Tub1,VWA_32_Tub1,2026-04-16,W9-10,,2026-04-20,W9-10,VWA,32,VWA_32,Maddox
P1_VWA_32_Tub1_Lacerate 139,P1_VWA_32_Tub1,VWA_32_Tub1,2026-04-16,W9-10,,2026-04-20,W9-10,VWA,32,VWA_32,Maddox
PX_VWA_32_Tub1_Lacerate 140,PX_VWA_32_Tub1,VWA_32_Tub1,2026-04-16,W9-10,,2026-04-20,W9-10,VWA,32,VWA_32,Maddox
P2_VWA_32_Tub1_Lacerate 141,P2_VWA_32_Tub1,VWA_32_Tub1,2026-04-16,W9-10,,2026-04-20,W9-10,VWA,32,VWA_32,Maddox
P2_VWA_32_Tub1_Lacerate 142,P2_VWA_32_Tub1,VWA_32_Tub1,2026-04-16,W9-10,,2026-04-20,W9-10,VWA,32,VWA_32,Maddox
DUPLICATE_REMOVED,DUPLICATE_REMOVED,DUPLICATE_REMOVED,DUPLICATE_REMOVED,DUPLICATE_REMOVED,DUPLICATE_REMOVED,DUPLICATE_REMOVED,DUPLICATE_REMOVED,DUPLICATE_REMOVED,DUPLICATE_REMOVED,DUPLICATE_REMOVED,DUPLICATE_REMOVED
DUPLICATE_REMOVED,DUPLICATE_REMOVED,DUPLICATE_REMOVED,DUPLICATE_REMOVED,DUPLICATE_REMOVED,DUPLICATE_REMOVED,DUPLICATE_REMOVED,DUPLICATE_REMOVED,DUPLICATE_REMOVED,DUPLICATE_REMOVED,DUPLICATE_REMOVED,DUPLICATE_REMOVED
DUPLICATE_REMOVED,DUPLICATE_REMOVED,DUPLICATE_REMOVED,DUPLICATE_REMOVED,DUPLICATE_REMOVED,DUPLICATE_REMOVED,DUPLICATE_REMOVED,DUPLICATE_REMOVED,DUPLICATE_REMOVED,DUPLICATE_REMOVED,DUPLICATE_REMOVED,DUPLICATE_REMOVED
DUPLICATE_REMOVED,DUPLICATE_REMOVED,DUPLICATE_REMOVED,DUPLICATE_REMOVED,DUPLICATE_REMOVED,DUPLICATE_REMOVED,DUPLICATE_REMOVED,DUPLICATE_REMOVED,DUPLICATE_REMOVED,DUPLICATE_REMOVED,DUPLICATE_REMOVED,DUPLICATE_REMOVED
DUPLICATE_REMOVED,DUPLICATE_REMOVED,DUPLICATE_REMOVED,DUPLICATE_REMOVED,DUPLICATE_REMOVED,DUPLICATE_REMOVED,DUPLICATE_REMOVED,DUPLICATE_REMOVED,DUPLICATE_REMOVED,DUPLICATE_REMOVED,DUPLICATE_REMOVED,DUPLICATE_REMOVED
DUPLICATE_REMOVED,DUPLICATE_REMOVED,DUPLICATE_REMOVED,DUPLICATE_REMOVED,DUPLICATE_REMOVED,DUPLICATE_REMOVED,DUPLICATE_REMOVED,DUPLICATE_REMOVED,DUPLICATE_REMOVED,DUPLICATE_REMOVED,DUPLICATE_REMOVED,DUPLICATE_REMOVED
DUPLICATE_REMOVED,DUPLICATE_REMOVED,DUPLICATE_REMOVED,DUPLICATE_REMOVED,DUPLICATE_REMOVED,DUPLICATE_REMOVED,DUPLICATE_REMOVED,DUPLICATE_REMOVED,DUPLICATE_REMOVED,DUPLICATE_REMOVED,DUPLICATE_REMOVED,DUPLICATE_REMOVED
DUPLICATE_REMOVED,DUPLICATE_REMOVED,DUPLICATE_REMOVED,DUPLICATE_REMOVED,DUPLICATE_REMOVED,DUPLICATE_REMOVED,DUPLICATE_REMOVED,DUPLICATE_REMOVED,DUPLICATE_REMOVED,DUPLICATE_REMOVED,DUPLICATE_REMOVED,DUPLICATE_REMOVED
DUPLICATE_REMOVED,DUPLICATE_REMOVED,DUPLICATE_REMOVED,DUPLICATE_REMOVED,DUPLICATE_REMOVED,DUPLICATE_REMOVED,DUPLICATE_REMOVED,DUPLICATE_REMOVED,DUPLICATE_REMOVED,DUPLICATE_REMOVED,DUPLICATE_REMOVED,DUPLICATE_REMOVED
DUPLICATE_REMOVED,DUPLICATE_REMOVED,DUPLICATE_REMOVED,DUPLICATE_REMOVED,DUPLICATE_REMOVED,DUPLICATE_REMOVED,DUPLICATE_REMOVED,DUPLICATE_REMOVED,DUPLICATE_REMOVED,DUPLICATE_REMOVED,DUPLICATE_REMOVED,DUPLICATE_REMOVED
DUPLICATE_REMOVED,DUPLICATE_REMOVED,DUPLICATE_REMOVED,DUPLICATE_REMOVED,DUPLICATE_REMOVED,DUPLICATE_REMOVED,DUPLICATE_REMOVED,DUPLICATE_REMOVED,DUPLICATE_REMOVED,DUPLICATE_REMOVED,DUPLICATE_REMOVED,DUPLICATE_REMOVED
DUPLICATE_REMOVED,DUPLICATE_REMOVED,DUPLICATE_REMOVED,DUPLICATE_REMOVED,DUPLICATE_REMOVED,DUPLICATE_REMOVED,DUPLICATE_REMOVED,DUPLICATE_REMOVED,DUPLICATE_REMOVED,DUPLICATE_REMOVED,DUPLICATE_REMOVED,DUPLICATE_REMOVED
DUPLICATE_REMOVED,DUPLICATE_REMOVED,DUPLICATE_REMOVED,DUPLICATE_REMOVED,DUPLICATE_REMOVED,DUPLICATE_REMOVED,DUPLICATE_REMOVED,DUPLICATE_REMOVED,DUPLICATE_REMOVED,DUPLICATE_REMOVED,DUPLICATE_REMOVED,DUPLICATE_REMOVED
P1_VWA_32_Tub2_Lacerate 85,P1_VWA_32_Tub2,VWA_32_Tub2,2026-04-16,W9-10,,2026-04-20,W9-10,VWA,32,VWA_32,Maddox
P2_VWA_32_Tub2_Lacerate 86,P2_VWA_32_Tub2,VWA_32_Tub2,2026-04-16,W9-10,,2026-04-20,W9-10,VWA,32,VWA_32,Maddox
DUPLICATE_REMOVED,DUPLICATE_REMOVED,DUPLICATE_REMOVED,DUPLICATE_REMOVED,DUPLICATE_REMOVED,DUPLICATE_REMOVED,DUPLICATE_REMOVED,DUPLICATE_REMOVED,DUPLICATE_REMOVED,DUPLICATE_REMOVED,DUPLICATE_REMOVED,DUPLICATE_REMOVED
DUPLICATE_REMOVED,DUPLICATE_REMOVED,DUPLICATE_REMOVED,DUPLICATE_REMOVED,DUPLICATE_REMOVED,DUPLICATE_REMOVED,DUPLICATE_REMOVED,DUPLICATE_REMOVED,DUPLICATE_REMOVED,DUPLICATE_REMOVED,DUPLICATE_REMOVED,DUPLICATE_REMOVED
DUPLICATE_REMOVED,DUPLICATE_REMOVED,DUPLICATE_REMOVED,DUPLICATE_REMOVED,DUPLICATE_REMOVED,DUPLICATE_REMOVED,DUPLICATE_REMOVED,DUPLICATE_REMOVED,DUPLICATE_REMOVED,DUPLICATE_REMOVED,DUPLICATE_REMOVED,DUPLICATE_REMOVED
DUPLICATE_REMOVED,DUPLICATE_REMOVED,DUPLICATE_REMOVED,DUPLICATE_REMOVED,DUPLICATE_REMOVED,DUPLICATE_REMOVED,DUPLICATE_REMOVED,DUPLICATE_REMOVED,DUPLICATE_REMOVED,DUPLICATE_REMOVED,DUPLICATE_REMOVED,DUPLICATE_REMOVED
DUPLICATE_REMOVED,DUPLICATE_REMOVED,DUPLICATE_REMOVED,DUPLICATE_REMOVED,DUPLICATE_REMOVED,DUPLICATE_REMOVED,DUPLICATE_REMOVED,DUPLICATE_REMOVED,DUPLICATE_REMOVED,DUPLICATE_REMOVED,DUPLICATE_REMOVED,DUPLICATE_REMOVED
DUPLICATE_REMOVED,DUPLICATE_REMOVED,DUPLICATE_REMOVED,DUPLICATE_REMOVED,DUPLICATE_REMOVED,DUPLICATE_REMOVED,DUPLICATE_REMOVED,DUPLICATE_REMOVED,DUPLICATE_REMOVED,DUPLICATE_REMOVED,DUPLICATE_REMOVED,DUPLICATE_REMOVED
P2_VWA_32_Tub2_Lacerate 93,P2_VWA_32_Tub2,VWA_32_Tub2,2026-04-16,W9-10,,2026-04-20,W9-10,VWA,32,VWA_32,Maddox
P2_VWA_32_Tub2_Lacerate 94,P2_VWA_32_Tub2,VWA_32_Tub2,2026-04-16,W9-10,,2026-04-20,W9-10,VWA,32,VWA_32,Maddox
P2_VWA_32_Tub2_Lacerate 95,P2_VWA_32_Tub2,VWA_32_Tub2,2026-04-16,W9-10,,2026-04-20,W9-10,VWA,32,VWA_32,Maddox
P2_VWA_32_Tub2_Lacerate 96,P2_VWA_32_Tub2,VWA_32_Tub2,2026-04-16,W9-10,,2026-04-20,W9-10,VWA,32,VWA_32,Maddox
P2_VWA_32_Tub2_Lacerate 97,P2_VWA_32_Tub2,VWA_32_Tub2,2026-04-16,W9-10,,2026-04-20,W9-10,VWA,32,VWA_32,Maddox
P2_VWA_32_Tub2_Lacerate 98,P2_VWA_32_Tub2,VWA_32_Tub2,2026-04-16,W9-10,,2026-04-20,W9-10,VWA,32,VWA_32,Maddox
P2_VWA_32_Tub2_Lacerate 99,P2_VWA_32_Tub2,VWA_32_Tub2,2026-04-16,W9-10,,2026-04-20,W9-10,VWA,32,VWA_32,Maddox
DUPLICATE_REMOVED,DUPLICATE_REMOVED,DUPLICATE_REMOVED,DUPLICATE_REMOVED,DUPLICATE_REMOVED,DUPLICATE_REMOVED,DUPLICATE_REMOVED,DUPLICATE_REMOVED,DUPLICATE_REMOVED,DUPLICATE_REMOVED,DUPLICATE_REMOVED,DUPLICATE_REMOVED
DUPLICATE_REMOVED,DUPLICATE_REMOVED,DUPLICATE_REMOVED,DUPLICATE_REMOVED,DUPLICATE_REMOVED,DUPLICATE_REMOVED,DUPLICATE_REMOVED,DUPLICATE_REMOVED,DUPLICATE_REMOVED,DUPLICATE_REMOVED,DUPLICATE_REMOVED,DUPLICATE_REMOVED
DUPLICATE_REMOVED,DUPLICATE_REMOVED,DUPLICATE_REMOVED,DUPLICATE_REMOVED,DUPLICATE_REMOVED,DUPLICATE_REMOVED,DUPLICATE_REMOVED,DUPLICATE_REMOVED,DUPLICATE_REMOVED,DUPLICATE_REMOVED,DUPLICATE_REMOVED,DUPLICATE_REMOVED
DUPLICATE_REMOVED,DUPLICATE_REMOVED,DUPLICATE_REMOVED,DUPLICATE_REMOVED,DUPLICATE_REMOVED,DUPLICATE_REMOVED,DUPLICATE_REMOVED,DUPLICATE_REMOVED,DUPLICATE_REMOVED,DUPLICATE_REMOVED,DUPLICATE_REMOVED,DUPLICATE_REMOVED
DUPLICATE_REMOVED,DUPLICATE_REMOVED,DUPLICATE_REMOVED,DUPLICATE_REMOVED,DUPLICATE_REMOVED,DUPLICATE_REMOVED,DUPLICATE_REMOVED,DUPLICATE_REMOVED,DUPLICATE_REMOVED,DUPLICATE_REMOVED,DUPLICATE_REMOVED,DUPLICATE_REMOVED
DUPLICATE_REMOVED,DUPLICATE_REMOVED,DUPLICATE_REMOVED,DUPLICATE_REMOVED,DUPLICATE_REMOVED,DUPLICATE_REMOVED,DUPLICATE_REMOVED,DUPLICATE_REMOVED,DUPLICATE_REMOVED,DUPLICATE_REMOVED,DUPLICATE_REMOVED,DUPLICATE_REMOVED
DUPLICATE_REMOVED,DUPLICATE_REMOVED,DUPLICATE_REMOVED,DUPLICATE_REMOVED,DUPLICATE_REMOVED,DUPLICATE_REMOVED,DUPLICATE_REMOVED,DUPLICATE_REMOVED,DUPLICATE_REMOVED,DUPLICATE_REMOVED,DUPLICATE_REMOVED,DUPLICATE_REMOVED
DUPLICATE_REMOVED,DUPLICATE_REMOVED,DUPLICATE_REMOVED,DUPLICATE_REMOVED,DUPLICATE_REMOVED,DUPLICATE_REMOVED,DUPLICATE_REMOVED,DUPLICATE_REMOVED,DUPLICATE_REMOVED,DUPLICATE_REMOVED,DUPLICATE_REMOVED,DUPLICATE_REMOVED
DUPLICATE_REMOVED,DUPLICATE_REMOVED,DUPLICATE_REMOVED,DUPLICATE_REMOVED,DUPLICATE_REMOVED,DUPLICATE_REMOVED,DUPLICATE_REMOVED,DUPLICATE_REMOVED,DUPLICATE_REMOVED,DUPLICATE_REMOVED,DUPLICATE_REMOVED,DUPLICATE_REMOVED
DUPLICATE_REMOVED,DUPLICATE_REMOVED,DUPLICATE_REMOVED,DUPLICATE_REMOVED,DUPLICATE_REMOVED,DUPLICATE_REMOVED,DUPLICATE_REMOVED,DUPLICATE_REMOVED,DUPLICATE_REMOVED,DUPLICATE_REMOVED,DUPLICATE_REMOVED,DUPLICATE_REMOVED
DUPLICATE_REMOVED,DUPLICATE_REMOVED,DUPLICATE_REMOVED,DUPLICATE_REMOVED,DUPLICATE_REMOVED,DUPLICATE_REMOVED,DUPLICATE_REMOVED,DUPLICATE_REMOVED,DUPLICATE_REMOVED,DUPLICATE_REMOVED,DUPLICATE_REMOVED,DUPLICATE_REMOVED
DUPLICATE_REMOVED,DUPLICATE_REMOVED,DUPLICATE_REMOVED,DUPLICATE_REMOVED,DUPLICATE_REMOVED,DUPLICATE_REMOVED,DUPLICATE_REMOVED,DUPLICATE_REMOVED,DUPLICATE_REMOVED,DUPLICATE_REMOVED,DUPLICATE_REMOVED,DUPLICATE_REMOVED
DUPLICATE_REMOVED,DUPLICATE_REMOVED,DUPLICATE_REMOVED,DUPLICATE_REMOVED,DUPLICATE_REMOVED,DUPLICATE_REMOVED,DUPLICATE_REMOVED,DUPLICATE_REMOVED,DUPLICATE_REMOVED,DUPLICATE_REMOVED,DUPLICATE_REMOVED,DUPLICATE_REMOVED
DUPLICATE_REMOVED,DUPLICATE_REMOVED,DUPLICATE_REMOVED,DUPLICATE_REMOVED,DUPLICATE_REMOVED,DUPLICATE_REMOVED,DUPLICATE_REMOVED,DUPLICATE_REMOVED,DUPLICATE_REMOVED,DUPLICATE_REMOVED,DUPLICATE_REMOVED,DUPLICATE_REMOVED
PX_VWA_32_Tub3_Lacerate 81,PX_VWA_32_Tub3,VWA_32_Tub3,2026-04-16,W9-10,,2026-04-20,W9-10,VWA,32,VWA_32,Maddox
PX_VWA_32_Tub3_Lacerate 82,PX_VWA_32_Tub3,VWA_32_Tub3,2026-04-16,W9-10,,2026-04-20,W9-10,VWA,32,VWA_32,Maddox
PX_VWA_32_Tub3_Lacerate 83,PX_VWA_32_Tub3,VWA_32_Tub3,2026-04-16,W9-10,,2026-04-20,W9-10,VWA,32,VWA_32,Maddox
P2_H2_25_Tub1_Lacerate 189,P2_H2_25_Tub1,H2_25_Tub1,2026-04-17,W9-10,,2026-04-20,W9-10,H2,25,H2_25,Aiden
P2_H2_25_Tub1_Lacerate 190,P2_H2_25_Tub1,H2_25_Tub1,2026-04-17,W9-10,,2026-04-20,W9-10,H2,25,H2_25,Aiden
P2_H2_25_Tub1_Lacerate 191,P2_H2_25_Tub1,H2_25_Tub1,2026-04-17,W9-10,,2026-04-20,W9-10,H2,25,H2_25,Aiden
P3_H2_25_Tub1_Lacerate 192,P3_H2_25_Tub1,H2_25_Tub1,2026-04-17,W9-10,,2026-04-20,W9-10,H2,25,H2_25,Aiden
P3_H2_25_Tub1_Lacerate 193,P3_H2_25_Tub1,H2_25_Tub1,2026-04-17,W9-10,,2026-04-20,W9-10,H2,25,H2_25,Aiden
P3_H2_25_Tub1_Lacerate 194,P3_H2_25_Tub1,H2_25_Tub1,2026-04-17,W9-10,,2026-04-20,W9-10,H2,25,H2_25,Aiden
P1_H2_25_Tub1_Lacerate 195,P1_H2_25_Tub1,H2_25_Tub1,2026-04-17,W9-10,,2026-04-20,W9-10,H2,25,H2_25,Aiden
P1_H2_25_Tub1_Lacerate 196,P1_H2_25_Tub1,H2_25_Tub1,2026-04-17,W9-10,,2026-04-20,W9-10,H2,25,H2_25,Aiden
P1_H2_25_Tub1_Lacerate 197,P1_H2_25_Tub1,H2_25_Tub1,2026-04-17,W9-10,,2026-04-20,W9-10,H2,25,H2_25,Aiden
P1_H2_25_Tub1_Lacerate 198,P1_H2_25_Tub1,H2_25_Tub1,2026-04-17,W9-10,,2026-04-20,W9-10,H2,25,H2_25,Aiden
P1_H2_25_Tub1_Lacerate 199,P1_H2_25_Tub1,H2_25_Tub1,2026-04-17,W9-10,,2026-04-20,W9-10,H2,25,H2_25,Aiden
P2_H2_25_Tub2_Lacerate 139,P2_H2_25_Tub2,H2_25_Tub2,2026-04-17,W9-10,,2026-04-20,W9-10,H2,25,H2_25,Aiden
P2_H2_25_Tub2_Lacerate 140,P2_H2_25_Tub2,H2_25_Tub2,2026-04-17,W9-10,,2026-04-20,W9-10,H2,25,H2_25,Aiden
P1_H2_25_Tub2_Lacerate 141,P1_H2_25_Tub2,H2_25_Tub2,2026-04-17,W9-10,,2026-04-20,W9-10,H2,25,H2_25,Aiden
P1_H2_25_Tub2_Lacerate 142,P1_H2_25_Tub2,H2_25_Tub2,2026-04-17,W9-10,,2026-04-20,W9-10,H2,25,H2_25,Aiden
P3_H2_25_Tub3_Lacerate 151,P3_H2_25_Tub3,H2_25_Tub3,2026-04-17,W9-10,,2026-04-20,W9-10,H2,25,H2_25,Aiden
P3_H2_25_Tub3_Lacerate 152,P3_H2_25_Tub3,H2_25_Tub3,2026-04-17,W9-10,,2026-04-20,W9-10,H2,25,H2_25,Aiden
PX_H2_25_Tub3_Lacerate 153,PX_H2_25_Tub3,H2_25_Tub3,2026-04-17,W9-10,,2026-04-20,W9-10,H2,25,H2_25,Aiden
PX_H2_25_Tub3_Lacerate 154,PX_H2_25_Tub3,H2_25_Tub3,2026-04-17,W9-10,,2026-04-20,W9-10,H2,25,H2_25,Aiden
PX_H2_25_Tub3_Lacerate 155,PX_H2_25_Tub3,H2_25_Tub3,2026-04-17,W9-10,,2026-04-20,W9-10,H2,25,H2_25,Aiden
PX_H2_25_Tub3_Lacerate 156,PX_H2_25_Tub3,H2_25_Tub3,2026-04-17,W9-10,,2026-04-20,W9-10,H2,25,H2_25,Aiden
P3_VWA_25_Tub1_Lacerate 158,P3_VWA_25_Tub1,VWA_25_Tub1,2026-04-17,W9-10,,2026-04-20,W9-10,VWA,25,VWA_25,Aiden
P2_VWA_25_Tub1_Lacerate 159,P2_VWA_25_Tub1,VWA_25_Tub1,2026-04-17,W9-10,,2026-04-20,W9-10,VWA,25,VWA_25,Aiden
P2_VWA_25_Tub1_Lacerate 160,P2_VWA_25_Tub1,VWA_25_Tub1,2026-04-17,W9-10,,2026-04-20,W9-10,VWA,25,VWA_25,Aiden
P2_VWA_25_Tub1_Lacerate 161,P2_VWA_25_Tub1,VWA_25_Tub1,2026-04-17,W9-10,,2026-04-20,W9-10,VWA,25,VWA_25,Aiden
P2_VWA_25_Tub1_Lacerate 162,P2_VWA_25_Tub1,VWA_25_Tub1,2026-04-17,W9-10,,2026-04-20,W9-10,VWA,25,VWA_25,Aiden
P3_VWA_25_Tub2_Lacerate 112,P3_VWA_25_Tub2,VWA_25_Tub2,2026-04-17,W9-10,,2026-04-20,W9-10,VWA,25,VWA_25,Aiden
P3_VWA_25_Tub2_Lacerate 113,P3_VWA_25_Tub2,VWA_25_Tub2,2026-04-17,W9-10,,2026-04-20,W9-10,VWA,25,VWA_25,Aiden
P1_VWA_25_Tub3_Lacerate 130,P1_VWA_25_Tub3,VWA_25_Tub3,2026-04-17,W9-10,,2026-04-20,W9-10,VWA,25,VWA_25,Aiden
P2_H2_25_Tub1_Lacerate 200,P2_H2_25_Tub1,H2_25_Tub1,2026-04-18,W9-10,,2026-04-20,W9-10,H2,25,H2_25,Aiden
P2_H2_25_Tub1_Lacerate 201,P2_H2_25_Tub1,H2_25_Tub1,2026-04-18,W9-10,,2026-04-20,W9-10,H2,25,H2_25,Aiden
PX_VWA_25_Tub1_Lacerate 163,PX_VWA_25_Tub1,VWA_25_Tub1,2026-04-18,W9-10,,2026-04-20,W9-10,VWA,25,VWA_25,Aiden
P3_VWA_25_Tub1_Lacerate 164,P3_VWA_25_Tub1,VWA_25_Tub1,2026-04-18,W9-10,,2026-04-20,W9-10,VWA,25,VWA_25,Aiden
P2_VWA_25_Tub2_Lacerate 114,P2_VWA_25_Tub2,VWA_25_Tub2,2026-04-18,W9-10,,2026-04-20,W9-10,VWA,25,VWA_25,Aiden
P2_VWA_25_Tub2_Lacerate 115,P2_VWA_25_Tub2,VWA_25_Tub2,2026-04-18,W9-10,,2026-04-20,W9-10,VWA,25,VWA_25,Aiden
P1_VWA_25_Tub3_Lacerate 131,P1_VWA_25_Tub3,VWA_25_Tub3,2026-04-18,W9-10,,2026-04-20,W9-10,VWA,25,VWA_25,Aiden
P1_VWA_25_Tub3_Lacerate 132,P1_VWA_25_Tub3,VWA_25_Tub3,2026-04-18,W9-10,,2026-04-20,W9-10,VWA,25,VWA_25,Aiden
P1_VWA_25_Tub3_Lacerate 133,P1_VWA_25_Tub3,VWA_25_Tub3,2026-04-18,W9-10,,2026-04-20,W9-10,VWA,25,VWA_25,Aiden
P1_H2_32_Tub1_Lacerate 124,P1_H2_32_Tub1,H2_32_Tub1,2026-04-18,W9-10,,2026-04-20,W9-10,H2,32,H2_32,Aiden
PX_H2_32_Tub2_Lacerate 176,PX_H2_32_Tub2,H2_32_Tub2,2026-04-18,W9-10,,2026-04-20,W9-10,H2,32,H2_32,Aiden
PX_H2_32_Tub2_Lacerate 177,PX_H2_32_Tub2,H2_32_Tub2,2026-04-18,W9-10,,2026-04-20,W9-10,H2,32,H2_32,Aiden
PX_H2_32_Tub2_Lacerate 178,PX_H2_32_Tub2,H2_32_Tub2,2026-04-18,W9-10,,2026-04-20,W9-10,H2,32,H2_32,Aiden
PX_H2_32_Tub2_Lacerate 179,PX_H2_32_Tub2,H2_32_Tub2,2026-04-18,W9-10,,2026-04-20,W9-10,H2,32,H2_32,Aiden
PX_H2_32_Tub2_Lacerate 180,PX_H2_32_Tub2,H2_32_Tub2,2026-04-18,W9-10,,2026-04-20,W9-10,H2,32,H2_32,Aiden
P2_VWA_32_Tub1_Lacerate 143,P2_VWA_32_Tub1,VWA_32_Tub1,2026-04-18,W9-10,,2026-04-20,W9-10,VWA,32,VWA_32,Aiden
P2_H2_25_Tub1_Lacerate 202,P2_H2_25_Tub1,H2_25_Tub1,2026-04-19,W9-10,,2026-04-20,W9-10,H2,25,H2_25,Aiden
P2_H2_25_Tub1_Lacerate 203,P2_H2_25_Tub1,H2_25_Tub1,2026-04-19,W9-10,,2026-04-20,W9-10,H2,25,H2_25,Aiden
P2_H2_25_Tub1_Lacerate 204,P2_H2_25_Tub1,H2_25_Tub1,2026-04-19,W9-10,,2026-04-20,W9-10,H2,25,H2_25,Aiden
P2_H2_25_Tub1_Lacerate 205,P2_H2_25_Tub1,H2_25_Tub1,2026-04-19,W9-10,,2026-04-20,W9-10,H2,25,H2_25,Aiden
P2_H2_25_Tub1_Lacerate 206,P2_H2_25_Tub1,H2_25_Tub1,2026-04-19,W9-10,,2026-04-20,W9-10,H2,25,H2_25,Aiden
P2_H2_25_Tub2_Lacerate 143,P2_H2_25_Tub2,H2_25_Tub2,2026-04-19,W9-10,,2026-04-20,W9-10,H2,25,H2_25,Aiden
P2_H2_25_Tub2_Lacerate 144,P2_H2_25_Tub2,H2_25_Tub2,2026-04-19,W9-10,,2026-04-20,W9-10,H2,25,H2_25,Aiden
P1_H2_25_Tub2_Lacerate 145,P1_H2_25_Tub2,H2_25_Tub2,2026-04-19,W9-10,,2026-04-20,W9-10,H2,25,H2_25,Aiden
P2_H2_25_Tub2_Lacerate 146,P2_H2_25_Tub2,H2_25_Tub2,2026-04-19,W9-10,,2026-04-20,W9-10,H2,25,H2_25,Aiden
P2_H2_25_Tub2_Lacerate 147,P2_H2_25_Tub2,H2_25_Tub2,2026-04-19,W9-10,,2026-04-20,W9-10,H2,25,H2_25,Aiden
P2_H2_25_Tub2_Lacerate 148,P2_H2_25_Tub2,H2_25_Tub2,2026-04-19,W9-10,,2026-04-20,W9-10,H2,25,H2_25,Aiden
P2_H2_25_Tub2_Lacerate 149,P2_H2_25_Tub2,H2_25_Tub2,2026-04-19,W9-10,,2026-04-20,W9-10,H2,25,H2_25,Aiden
P2_H2_25_Tub2_Lacerate 150,P2_H2_25_Tub2,H2_25_Tub2,2026-04-19,W9-10,,2026-04-20,W9-10,H2,25,H2_25,Aiden
P2_H2_25_Tub2_Lacerate 151,P2_H2_25_Tub2,H2_25_Tub2,2026-04-19,W9-10,,2026-04-20,W9-10,H2,25,H2_25,Aiden
P2_H2_25_Tub2_Lacerate 152,P2_H2_25_Tub2,H2_25_Tub2,2026-04-19,W9-10,,2026-04-20,W9-10,H2,25,H2_25,Aiden
P2_H2_25_Tub2_Lacerate 153,P2_H2_25_Tub2,H2_25_Tub2,2026-04-19,W9-10,,2026-04-20,W9-10,H2,25,H2_25,Aiden
P2_H2_25_Tub2_Lacerate 154,P2_H2_25_Tub2,H2_25_Tub2,2026-04-19,W9-10,,2026-04-20,W9-10,H2,25,H2_25,Aiden
P2_H2_25_Tub2_Lacerate 155,P2_H2_25_Tub2,H2_25_Tub2,2026-04-19,W9-10,,2026-04-20,W9-10,H2,25,H2_25,Aiden
P3_H2_25_Tub3_Lacerate 157,P3_H2_25_Tub3,H2_25_Tub3,2026-04-19,W9-10,,2026-04-20,W9-10,H2,25,H2_25,Aiden
P3_H2_25_Tub3_Lacerate 158,P3_H2_25_Tub3,H2_25_Tub3,2026-04-19,W9-10,,2026-04-20,W9-10,H2,25,H2_25,Aiden
P3_H2_25_Tub3_Lacerate 159,P3_H2_25_Tub3,H2_25_Tub3,2026-04-19,W9-10,,2026-04-20,W9-10,H2,25,H2_25,Aiden
P2_H2_25_Tub3_Lacerate 160,P2_H2_25_Tub3,H2_25_Tub3,2026-04-19,W9-10,,2026-04-20,W9-10,H2,25,H2_25,Aiden
P2_H2_25_Tub3_Lacerate 161,P2_H2_25_Tub3,H2_25_Tub3,2026-04-19,W9-10,,2026-04-20,W9-10,H2,25,H2_25,Aiden
P2_H2_25_Tub3_Lacerate 162,P2_H2_25_Tub3,H2_25_Tub3,2026-04-19,W9-10,,2026-04-20,W9-10,H2,25,H2_25,Aiden
P2_H2_25_Tub3_Lacerate 163,P2_H2_25_Tub3,H2_25_Tub3,2026-04-19,W9-10,,2026-04-20,W9-10,H2,25,H2_25,Aiden
P2_H2_25_Tub3_Lacerate 164,P2_H2_25_Tub3,H2_25_Tub3,2026-04-19,W9-10,,2026-04-20,W9-10,H2,25,H2_25,Aiden
P2_H2_25_Tub3_Lacerate 165,P2_H2_25_Tub3,H2_25_Tub3,2026-04-19,W9-10,,2026-04-20,W9-10,H2,25,H2_25,Aiden
P2_H2_25_Tub3_Lacerate 166,P2_H2_25_Tub3,H2_25_Tub3,2026-04-19,W9-10,,2026-04-20,W9-10,H2,25,H2_25,Aiden
P2_H2_25_Tub3_Lacerate 167,P2_H2_25_Tub3,H2_25_Tub3,2026-04-19,W9-10,,2026-04-20,W9-10,H2,25,H2_25,Aiden
P2_H2_25_Tub3_Lacerate 168,P2_H2_25_Tub3,H2_25_Tub3,2026-04-19,W9-10,,2026-04-20,W9-10,H2,25,H2_25,Aiden
P2_H2_25_Tub3_Lacerate 169,P2_H2_25_Tub3,H2_25_Tub3,2026-04-19,W9-10,,2026-04-20,W9-10,H2,25,H2_25,Aiden
P2_H2_25_Tub3_Lacerate 170,P2_H2_25_Tub3,H2_25_Tub3,2026-04-19,W9-10,,2026-04-20,W9-10,H2,25,H2_25,Aiden
P2_H2_25_Tub3_Lacerate 171,P2_H2_25_Tub3,H2_25_Tub3,2026-04-19,W9-10,,2026-04-20,W9-10,H2,25,H2_25,Aiden
P2_H2_25_Tub3_Lacerate 172,P2_H2_25_Tub3,H2_25_Tub3,2026-04-19,W9-10,,2026-04-20,W9-10,H2,25,H2_25,Aiden
P3_VWA_25_Tub1_Lacerate 165,P3_VWA_25_Tub1,VWA_25_Tub1,2026-04-19,W9-10,,2026-04-20,W9-10,VWA,25,VWA_25,Aiden
P3_VWA_25_Tub1_Lacerate 166,P3_VWA_25_Tub1,VWA_25_Tub1,2026-04-19,W9-10,,2026-04-20,W9-10,VWA,25,VWA_25,Aiden
P2_VWA_25_Tub2_Lacerate 116,P2_VWA_25_Tub2,VWA_25_Tub2,2026-04-19,W9-10,,2026-04-20,W9-10,VWA,25,VWA_25,Aiden
P2_VWA_25_Tub2_Lacerate 117,P2_VWA_25_Tub2,VWA_25_Tub2,2026-04-19,W9-10,,2026-04-20,W9-10,VWA,25,VWA_25,Aiden
P3_VWA_25_Tub2_Lacerate 118,P3_VWA_25_Tub2,VWA_25_Tub2,2026-04-19,W9-10,,2026-04-20,W9-10,VWA,25,VWA_25,Aiden
P1_VWA_25_Tub3_Lacerate 134,P1_VWA_25_Tub3,VWA_25_Tub3,2026-04-19,W9-10,,2026-04-20,W9-10,VWA,25,VWA_25,Aiden
P1_VWA_25_Tub3_Lacerate 135,P1_VWA_25_Tub3,VWA_25_Tub3,2026-04-19,W9-10,,2026-04-20,W9-10,VWA,25,VWA_25,Aiden
P3_H2_32_Tub1_Lacerate 125,P3_H2_32_Tub1,H2_32_Tub1,2026-04-19,W9-10,,2026-04-20,W9-10,H2,32,H2_32,Aiden
P3_H2_32_Tub1_Lacerate 126,P3_H2_32_Tub1,H2_32_Tub1,2026-04-19,W9-10,,2026-04-20,W9-10,H2,32,H2_32,Aiden
PX_H2_32_Tub2_Lacerate 181,PX_H2_32_Tub2,H2_32_Tub2,2026-04-19,W9-10,,2026-04-20,W9-10,H2,32,H2_32,Aiden
PX_H2_32_Tub2_Lacerate 182,PX_H2_32_Tub2,H2_32_Tub2,2026-04-19,W9-10,,2026-04-20,W9-10,H2,32,H2_32,Aiden
PX_H2_32_Tub2_Lacerate 183,PX_H2_32_Tub2,H2_32_Tub2,2026-04-19,W9-10,,2026-04-20,W9-10,H2,32,H2_32,Aiden
PX_H2_32_Tub2_Lacerate 184,PX_H2_32_Tub2,H2_32_Tub2,2026-04-19,W9-10,,2026-04-20,W9-10,H2,32,H2_32,Aiden
PX_H2_32_Tub2_Lacerate 185,PX_H2_32_Tub2,H2_32_Tub2,2026-04-19,W9-10,,2026-04-20,W9-10,H2,32,H2_32,Aiden
PX_H2_32_Tub2_Lacerate 186,PX_H2_32_Tub2,H2_32_Tub2,2026-04-19,W9-10,,2026-04-20,W9-10,H2,32,H2_32,Aiden
PX_H2_32_Tub2_Lacerate 187,PX_H2_32_Tub2,H2_32_Tub2,2026-04-19,W9-10,,2026-04-20,W9-10,H2,32,H2_32,Aiden
PX_H2_32_Tub3_Lacerate 151,PX_H2_32_Tub3,H2_32_Tub3,2026-04-19,W9-10,,2026-04-20,W9-10,H2,32,H2_32,Aiden
P3_VWA_32_Tub1_Lacerate 144,P3_VWA_32_Tub1,VWA_32_Tub1,2026-04-19,W9-10,,2026-04-20,W9-10,VWA,32,VWA_32,Aiden
P3_VWA_32_Tub1_Lacerate 145,P3_VWA_32_Tub1,VWA_32_Tub1,2026-04-19,W9-10,,2026-04-20,W9-10,VWA,32,VWA_32,Aiden
P3_VWA_32_Tub1_Lacerate 146,P3_VWA_32_Tub1,VWA_32_Tub1,2026-04-19,W9-10,,2026-04-20,W9-10,VWA,32,VWA_32,Aiden
P1_VWA_32_Tub2_Lacerate 100,P1_VWA_32_Tub2,VWA_32_Tub2,2026-04-19,W9-10,,2026-04-20,W9-10,VWA,32,VWA_32,Aiden
P1_VWA_32_Tub2_Lacerate 101,P1_VWA_32_Tub2,VWA_32_Tub2,2026-04-19,W9-10,,2026-04-20,W9-10,VWA,32,VWA_32,Aiden
P3_VWA_32_Tub2_Lacerate 102,P3_VWA_32_Tub2,VWA_32_Tub2,2026-04-19,W9-10,,2026-04-20,W9-10,VWA,32,VWA_32,Aiden
P3_VWA_32_Tub2_Lacerate 103,P3_VWA_32_Tub2,VWA_32_Tub2,2026-04-19,W9-10,,2026-04-20,W9-10,VWA,32,VWA_32,Aiden
P3_VWA_32_Tub2_Lacerate 104,P3_VWA_32_Tub2,VWA_32_Tub2,2026-04-19,W9-10,,2026-04-20,W9-10,VWA,32,VWA_32,Aiden
P1_VWA_32_Tub2_Lacerate 105,P1_VWA_32_Tub2,VWA_32_Tub2,2026-04-19,W9-10,,2026-04-20,W9-10,VWA,32,VWA_32,Aiden
P1_H2_25_Tub1_Lacerate 207,P1_H2_25_Tub1,H2_25_Tub1,2026-04-20,W9-10,,2026-04-20,W9-10,H2,25,H2_25,Grady
P1_H2_25_Tub1_Lacerate 208,P1_H2_25_Tub1,H2_25_Tub1,2026-04-20,W9-10,,2026-04-20,W9-10,H2,25,H2_25,Grady
P1_H2_25_Tub1_Lacerate 209,P1_H2_25_Tub1,H2_25_Tub1,2026-04-20,W9-10,,2026-04-20,W9-10,H2,25,H2_25,Grady
P1_H2_25_Tub1_Lacerate 210,P1_H2_25_Tub1,H2_25_Tub1,2026-04-20,W9-10,,2026-04-20,W9-10,H2,25,H2_25,Grady
P1_H2_25_Tub1_Lacerate 211,P1_H2_25_Tub1,H2_25_Tub1,2026-04-20,W9-10,,2026-04-20,W9-10,H2,25,H2_25,Grady
P1_H2_25_Tub1_Lacerate 212,P1_H2_25_Tub1,H2_25_Tub1,2026-04-20,W9-10,,2026-04-20,W9-10,H2,25,H2_25,Grady
P1_H2_25_Tub1_Lacerate 213,P1_H2_25_Tub1,H2_25_Tub1,2026-04-20,W9-10,,2026-04-20,W9-10,H2,25,H2_25,Grady
P1_H2_25_Tub1_Lacerate 214,P1_H2_25_Tub1,H2_25_Tub1,2026-04-20,W9-10,,2026-04-20,W9-10,H2,25,H2_25,Grady
P1_H2_25_Tub1_Lacerate 215,P1_H2_25_Tub1,H2_25_Tub1,2026-04-20,W9-10,,2026-04-20,W9-10,H2,25,H2_25,Grady
P1_H2_25_Tub1_Lacerate 216,P1_H2_25_Tub1,H2_25_Tub1,2026-04-20,W9-10,,2026-04-20,W9-10,H2,25,H2_25,Grady
PX_H2_25_Tub1_Lacerate 217,PX_H2_25_Tub1,H2_25_Tub1,2026-04-20,W9-10,,2026-04-20,W9-10,H2,25,H2_25,Grady
PX_H2_25_Tub1_Lacerate 218,PX_H2_25_Tub1,H2_25_Tub1,2026-04-20,W9-10,,2026-04-20,W9-10,H2,25,H2_25,Grady
PX_H2_25_Tub1_Lacerate 219,PX_H2_25_Tub1,H2_25_Tub1,2026-04-20,W9-10,,2026-04-20,W9-10,H2,25,H2_25,Grady
PX_H2_25_Tub1_Lacerate 220,PX_H2_25_Tub1,H2_25_Tub1,2026-04-20,W9-10,,2026-04-20,W9-10,H2,25,H2_25,Grady
PX_H2_25_Tub1_Lacerate 221,PX_H2_25_Tub1,H2_25_Tub1,2026-04-20,W9-10,,2026-04-20,W9-10,H2,25,H2_25,Grady
PX_H2_25_Tub1_Lacerate 222,PX_H2_25_Tub1,H2_25_Tub1,2026-04-20,W9-10,,2026-04-20,W9-10,H2,25,H2_25,Grady
PX_H2_25_Tub1_Lacerate 223,PX_H2_25_Tub1,H2_25_Tub1,2026-04-20,W9-10,,2026-04-20,W9-10,H2,25,H2_25,Grady
PX_H2_25_Tub1_Lacerate 224,PX_H2_25_Tub1,H2_25_Tub1,2026-04-20,W9-10,,2026-04-20,W9-10,H2,25,H2_25,Grady
PX_H2_25_Tub1_Lacerate 225,PX_H2_25_Tub1,H2_25_Tub1,2026-04-20,W9-10,,2026-04-20,W9-10,H2,25,H2_25,Grady
P3_H2_25_Tub1_Lacerate 226,P3_H2_25_Tub1,H2_25_Tub1,2026-04-20,W9-10,,2026-04-20,W9-10,H2,25,H2_25,Grady
PX_VWA_25_Tub1_Lacerate 166,PX_VWA_25_Tub1,VWA_25_Tub1,2026-04-20,W9-10,,2026-04-20,W9-10,VWA,25,VWA_25,Grady
PX_VWA_25_Tub1_Lacerate 167,PX_VWA_25_Tub1,VWA_25_Tub1,2026-04-20,W9-10,,2026-04-20,W9-10,VWA,25,VWA_25,Grady
PX_VWA_25_Tub1_Lacerate 168,PX_VWA_25_Tub1,VWA_25_Tub1,2026-04-20,W9-10,,2026-04-20,W9-10,VWA,25,VWA_25,Grady
PX_VWA_25_Tub1_Lacerate 169,PX_VWA_25_Tub1,VWA_25_Tub1,2026-04-20,W9-10,,2026-04-20,W9-10,VWA,25,VWA_25,Grady
PX_VWA_25_Tub1_Lacerate 170,PX_VWA_25_Tub1,VWA_25_Tub1,2026-04-20,W9-10,,2026-04-20,W9-10,VWA,25,VWA_25,Grady
PX_VWA_25_Tub2_Lacerate 119,PX_VWA_25_Tub2,VWA_25_Tub2,2026-04-20,W9-10,,2026-04-20,W9-10,VWA,25,VWA_25,Grady
PX_VWA_25_Tub3_Lacerate 136,PX_VWA_25_Tub3,VWA_25_Tub3,2026-04-20,W9-10,,2026-04-20,W9-10,VWA,25,VWA_25,Grady
PX_VWA_25_Tub3_Lacerate 137,PX_VWA_25_Tub3,VWA_25_Tub3,2026-04-20,W9-10,,2026-04-20,W9-10,VWA,25,VWA_25,Grady
P3_H2_32_Tub1_Lacerate 127,P3_H2_32_Tub1,H2_32_Tub1,2026-04-20,W9-10,,2026-04-20,W9-10,H2,32,H2_32,Grady
P3_H2_32_Tub1_Lacerate 128,P3_H2_32_Tub1,H2_32_Tub1,2026-04-20,W9-10,,2026-04-20,W9-10,H2,32,H2_32,Grady
P3_H2_32_Tub1_Lacerate 129,P3_H2_32_Tub1,H2_32_Tub1,2026-04-20,W9-10,,2026-04-20,W9-10,H2,32,H2_32,Grady
P3_H2_32_Tub1_Lacerate 130,P3_H2_32_Tub1,H2_32_Tub1,2026-04-20,W9-10,,2026-04-20,W9-10,H2,32,H2_32,Grady
PX_H2_32_Tub1_Lacerate 131,PX_H2_32_Tub1,H2_32_Tub1,2026-04-20,W9-10,,2026-04-20,W9-10,H2,32,H2_32,Grady
PX_H2_32_Tub1_Lacerate 132,PX_H2_32_Tub1,H2_32_Tub1,2026-04-20,W9-10,,2026-04-20,W9-10,H2,32,H2_32,Grady
PX_H2_32_Tub1_Lacerate 133,PX_H2_32_Tub1,H2_32_Tub1,2026-04-20,W9-10,,2026-04-20,W9-10,H2,32,H2_32,Grady
PX_H2_32_Tub1_Lacerate 134,PX_H2_32_Tub1,H2_32_Tub1,2026-04-20,W9-10,,2026-04-20,W9-10,H2,32,H2_32,Grady
PX_VWA_32_Tub1_Lacerate 147,PX_VWA_32_Tub1,VWA_32_Tub1,2026-04-20,W9-10,,2026-04-20,W9-10,VWA,32,VWA_32,Grady
PX_VWA_32_Tub1_Lacerate 148,PX_VWA_32_Tub1,VWA_32_Tub1,2026-04-20,W9-10,,2026-04-20,W9-10,VWA,32,VWA_32,Grady
PX_VWA_32_Tub1_Lacerate 149,PX_VWA_32_Tub1,VWA_32_Tub1,2026-04-20,W9-10,,2026-04-20,W9-10,VWA,32,VWA_32,Grady
P2_VWA_32_Tub1_Lacerate 150,P2_VWA_32_Tub1,VWA_32_Tub1,2026-04-20,W9-10,,2026-04-20,W9-10,VWA,32,VWA_32,Grady
PX_VWA_32_Tub1_Lacerate 151,PX_VWA_32_Tub1,VWA_32_Tub1,2026-04-20,W9-10,,2026-04-20,W9-10,VWA,32,VWA_32,Grady
P3_VWA_32_Tub3_Lacerate 84,P3_VWA_32_Tub3,VWA_32_Tub3,2026-04-20,W9-10,,2026-04-20,W9-10,VWA,32,VWA_32,Grady
P3_VWA_32_Tub3_Lacerate 85,P3_VWA_32_Tub3,VWA_32_Tub3,2026-04-20,W9-10,,2026-04-20,W9-10,VWA,32,VWA_32,Grady
P3_VWA_32_Tub3_Lacerate 86,P3_VWA_32_Tub3,VWA_32_Tub3,2026-04-20,W9-10,,2026-04-20,W9-10,VWA,32,VWA_32,Grady
P2_VWA_32_Tub3_Lacerate 87,P2_VWA_32_Tub3,VWA_32_Tub3,2026-04-20,W9-10,,2026-04-20,W9-10,VWA,32,VWA_32,Grady
P2_VWA_32_Tub3_Lacerate 88,P2_VWA_32_Tub3,VWA_32_Tub3,2026-04-20,W9-10,,2026-04-20,W9-10,VWA,32,VWA_32,Grady
P3_VWA_25_Tub1_Lacerate 140,P3_VWA_25_Tub1,VWA_25_Tub1,2026-04-19,W9-10,,2026-04-20,W9-10,VWA,25,VWA_25,Grady