,label,area,Min Threshold,Max Threshold,type,percent_raw,region,plate,notes,calculation,well,treatment,genotype,temperature,symbiotic_state
1,A1-bf-Snap-371.czi,2555.779,0,65535,Tentacle Area,0,Tentacle,H2-Sym-32,,n/a,A1-H2-Sym-32,H2-Sym-32,H2,32,Sym
2,A1-fl-Snap-370.czi,410.827,1207,65535,Symbiont Area,16.074,Tentacle,H2-Sym-32,,16.07443367,A1-H2-Sym-32,H2-Sym-32,H2,32,Sym
3,A1-bf-Snap-371.czi,1133.884,0,65535,Tentacle Area,10.49,Tentacle,H2-Sym-32,,n/a,A1-H2-Sym-32,H2-Sym-32,H2,32,Sym
4,A1-fl-Snap-370.czi,104.22,1269,65535,Symbiont Area,9.191,Tentacle,H2-Sym-32,,9.191416406,A1-H2-Sym-32,H2-Sym-32,H2,32,Sym
5,A1-bf-Snap-371.czi,939.065,0,65535,Tentacle Area,16.074,Tentacle,H2-Sym-32,,n/a,A1-H2-Sym-32,H2-Sym-32,H2,32,Sym
6,A1-fl-Snap-370.czi,105.518,1395,65535,Symbiont Area,11.236,Tentacle,H2-Sym-32,,11.23649588,A1-H2-Sym-32,H2-Sym-32,H2,32,Sym
7,A1-bf-Snap-371.czi,2103.437,0,65535,Tentacle Area,0,Tentacle,H2-Sym-32,,n/a,A1-H2-Sym-32,H2-Sym-32,H2,32,Sym
8,A1-fl-Snap-370.czi,270.065,987,65535,Symbiont Area,12.839,Tentacle,H2-Sym-32,,12.83922456,A1-H2-Sym-32,H2-Sym-32,H2,32,Sym
9,A1-bf-Snap-371.czi,928.47,0,65535,Tentacle Area,0,Tentacle,H2-Sym-32,,n/a,A1-H2-Sym-32,H2-Sym-32,H2,32,Sym
10,A1-fl-Snap-370.czi,91.463,1348,65535,Symbiont Area,9.851,Tentacle,H2-Sym-32,,9.850937564,A1-H2-Sym-32,H2-Sym-32,H2,32,Sym
11,A2-bf-Snap-373.czi,3810.749,0,65535,Tentacle Area,0,Tentacle,H2-Sym-32,,n/a,A2-H2-Sym-32,H2-Sym-32,H2,32,Sym
12,A2-fl-Snap-372.czi,716.57,1281,65535,Symbiont Area,18.804,Tentacle,H2-Sym-32,,18.80391493,A2-H2-Sym-32,H2-Sym-32,H2,32,Sym
13,A2-bf-Snap-373.czi,1419.733,0,65535,Tentacle Area,0,Tentacle,H2-Sym-32,,n/a,A2-H2-Sym-32,H2-Sym-32,H2,32,Sym
14,A2-fl-Snap-372.czi,142.492,717,65535,Symbiont Area,10.037,Tentacle,H2-Sym-32,,10.03653504,A2-H2-Sym-32,H2-Sym-32,H2,32,Sym
15,A2-bf-Snap-373.czi,1320.27,0,65535,Tentacle Area,0,Tentacle,H2-Sym-32,,n/a,A2-H2-Sym-32,H2-Sym-32,H2,32,Sym
16,A2-fl-Snap-372.czi,287.795,1175,65535,Symbiont Area,21.798,Tentacle,H2-Sym-32,,21.79819279,A2-H2-Sym-32,H2-Sym-32,H2,32,Sym
17,A2-bf-Snap-373.czi,918.091,0,65535,Tentacle Area,0,Tentacle,H2-Sym-32,,n/a,A2-H2-Sym-32,H2-Sym-32,H2,32,Sym
18,A2-fl-Snap-372.czi,95.139,1281,65535,Symbiont Area,10.363,Tentacle,H2-Sym-32,,10.36269825,A2-H2-Sym-32,H2-Sym-32,H2,32,Sym
19,A3-bf-Snap-375.czi,1132.154,0,65535,Tentacle Area,0,Tentacle,H2-Sym-32,,n/a,A3-H2-Sym-32,H2-Sym-32,H2,32,Sym
20,A3-fl-Snap-374.czi,88.22,1221,65535,Symbiont Area,7.792,Tentacle,H2-Sym-32,,7.792226146,A3-H2-Sym-32,H2-Sym-32,H2,32,Sym
21,A3-bf-Snap-375.czi,2252.2,0,65535,Tentacle Area,0.039,Tentacle,H2-Sym-32,,n/a,A3-H2-Sym-32,H2-Sym-32,H2,32,Sym
22,A3-fl-Snap-374.czi,180.548,1190,65535,Symbiont Area,8.017,Tentacle,H2-Sym-32,,8.016517183,A3-H2-Sym-32,H2-Sym-32,H2,32,Sym
23,A3-bf-Snap-375.czi,1161.561,0,65535,Tentacle Area,0,Tentacle,H2-Sym-32,,n/a,A3-H2-Sym-32,H2-Sym-32,H2,32,Sym
24,A3-fl-Snap-374.czi,91.463,1221,65535,Symbiont Area,7.874,Tentacle,H2-Sym-32,,7.874145224,A3-H2-Sym-32,H2-Sym-32,H2,32,Sym
25,A3-bf-Snap-375.czi,2397.935,0,65535,Tentacle Area,0,Tentacle,H2-Sym-32,,n/a,A3-H2-Sym-32,H2-Sym-32,H2,32,Sym
26,A3-fl-Snap-374.czi,319.148,1129,65535,Symbiont Area,13.309,Tentacle,H2-Sym-32,,13.30928486,A3-H2-Sym-32,H2-Sym-32,H2,32,Sym
27,A3-bf-Snap-375.czi,1396.813,0,65535,Tentacle Area,0,Tentacle,H2-Sym-32,,n/a,A3-H2-Sym-32,H2-Sym-32,H2,32,Sym
28,A3-fl-Snap-374.czi,271.362,656,65535,Symbiont Area,19.427,Tentacle,H2-Sym-32,,19.42722469,A3-H2-Sym-32,H2-Sym-32,H2,32,Sym
29,A4-bf-Snap-377.czi,1757.261,0,65535,Tentacle Area,0,Tentacle,H2-Sym-32,,n/a,A4-H2-Sym-32,H2-Sym-32,H2,32,Sym
30,A4-fl-Snap-376.czi,770.626,1435,65535,Symbiont Area,43.854,Tentacle,H2-Sym-32,,43.85381568,A4-H2-Sym-32,H2-Sym-32,H2,32,Sym
31,A4-bf-Snap-377.czi,2669.081,0,65535,Tentacle Area,0,Tentacle,H2-Sym-32,,n/a,A4-H2-Sym-32,H2-Sym-32,H2,32,Sym
32,A4-fl-Snap-376.czi,797.87,1080,65535,Symbiont Area,29.893,Tentacle,H2-Sym-32,,29.89306057,A4-H2-Sym-32,H2-Sym-32,H2,32,Sym
33,A4-bf-Snap-377.czi,586.186,0,65535,Tentacle Area,0,Tentacle,H2-Sym-32,,n/a,A4-H2-Sym-32,H2-Sym-32,H2,32,Sym
34,A4-fl-Snap-376.czi,267.038,864,65535,Symbiont Area,45.555,Tentacle,H2-Sym-32,,45.55516508,A4-H2-Sym-32,H2-Sym-32,H2,32,Sym
35,A4-bf-Snap-377.czi,2008.514,0,65535,Tentacle Area,0,Tentacle,H2-Sym-32,,n/a,A4-H2-Sym-32,H2-Sym-32,H2,32,Sym
36,A4-fl-Snap-376.czi,871.603,1173,65535,Symbiont Area,43.395,Tentacle,H2-Sym-32,,43.39541572,A4-H2-Sym-32,H2-Sym-32,H2,32,Sym
37,A4-bf-Snap-377.czi,447.153,0,65535,Tentacle Area,0,Tentacle,H2-Sym-32,,n/a,A4-H2-Sym-32,H2-Sym-32,H2,32,Sym
38,A4-fl-Snap-376.czi,131.032,1636,65535,Symbiont Area,29.304,Tentacle,H2-Sym-32,,29.30361644,A4-H2-Sym-32,H2-Sym-32,H2,32,Sym
39,A5-bf-Snap-379.czi,2699.137,0,65535,Tentacle Area,0,Tentacle,H2-Sym-32,,n/a,A5-H2-Sym-32,H2-Sym-32,H2,32,Sym
40,A5-fl-Snap-378.czi,649.972,1189,65535,Symbiont Area,24.081,Tentacle,H2-Sym-32,,24.08073395,A5-H2-Sym-32,H2-Sym-32,H2,32,Sym
41,A5-fl-Snap-378.czi,226728.346,0,65535,Tentacle Area,0,Tentacle,H2-Sym-32,,n/a,A5-H2-Sym-32,H2-Sym-32,H2,32,Sym
42,A5-fl-Snap-378.czi,157.196,1006,65535,Symbiont Area,0.069,Tentacle,H2-Sym-32,,0.06933231013,A5-H2-Sym-32,H2-Sym-32,H2,32,Sym
43,A5-fl-Snap-378.czi,226728.346,0,65535,Tentacle Area,0,Tentacle,H2-Sym-32,,n/a,A5-H2-Sym-32,H2-Sym-32,H2,32,Sym
44,A5-fl-Snap-378.czi,108.329,1052,65535,Symbiont Area,0.048,Tentacle,H2-Sym-32,,0.04777920446,A5-H2-Sym-32,H2-Sym-32,H2,32,Sym
45,A5-bf-Snap-379.czi,1031.393,0,65535,Tentacle Area,0,Tentacle,H2-Sym-32,,n/a,A5-H2-Sym-32,H2-Sym-32,H2,32,Sym
46,A5-fl-Snap-378.czi,154.168,945,65535,Symbiont Area,14.948,Tentacle,H2-Sym-32,,14.94755152,A5-H2-Sym-32,H2-Sym-32,H2,32,Sym
47,A5-bf-Snap-379.czi,1085.233,0,65535,Tentacle Area,0,Tentacle,H2-Sym-32,,n/a,A5-H2-Sym-32,H2-Sym-32,H2,32,Sym
48,A5-fl-Snap-378.czi,136.87,1219,65535,Symbiont Area,12.612,Tentacle,H2-Sym-32,,12.61203815,A5-H2-Sym-32,H2-Sym-32,H2,32,Sym
49,A6-bf-Snap-381.czi,2008.946,0,65535,Tentacle Area,0,Tentacle,H2-Sym-32,,n/a,A6-H2-Sym-32,H2-Sym-32,H2,32,Sym
50,A6-fl-Snap-380.czi,160.006,1221,65535,Symbiont Area,7.965,Tentacle,H2-Sym-32,,7.964674013,A6-H2-Sym-32,H2-Sym-32,H2,32,Sym
53,A6-bf-Snap-381.czi,2093.707,0,65535,Tentacle Area,0,Tentacle,H2-Sym-32,,n/a,A6-H2-Sym-32,H2-Sym-32,H2,32,Sym
54,A6-fl-Snap-380.czi,136.006,1095,65535,Symbiont Area,6.496,Tentacle,H2-Sym-32,,6.495942364,A6-H2-Sym-32,H2-Sym-32,H2,32,Sym
55,A6-bf-Snap-381.czi,1101.018,0,65535,Tentacle Area,0,Tentacle,H2-Sym-32,,n/a,A6-H2-Sym-32,H2-Sym-32,H2,32,Sym
56,A6-fl-Snap-380.czi,81.517,1332,65535,Symbiont Area,7.404,Tentacle,H2-Sym-32,,7.403784498,A6-H2-Sym-32,H2-Sym-32,H2,32,Sym
57,A6-bf-Snap-381.czi,1625.796,0,65535,Tentacle Area,0.082,Tentacle,H2-Sym-32,,n/a,A6-H2-Sym-32,H2-Sym-32,H2,32,Sym
58,A6-fl-Snap-380.czi,195.9,1126,65535,Symbiont Area,12.049,Tentacle,H2-Sym-32,,12.04948222,A6-H2-Sym-32,H2-Sym-32,H2,32,Sym
59,A7-bf-Snap-383.czi,526.508,0,65535,Tentacle Area,0,Tentacle,H2-Sym-32,,n/a,A7-H2-Sym-32,H2-Sym-32,H2,32,Sym
60,A7-fl-Snap-382.czi,81.949,1326,65535,Symbiont Area,15.565,Tentacle,H2-Sym-32,,15.5646258,A7-H2-Sym-32,H2-Sym-32,H2,32,Sym
61,A7-bf-Snap-383.czi,1228.807,0,65535,Tentacle Area,0,Tentacle,H2-Sym-32,,n/a,A7-H2-Sym-32,H2-Sym-32,H2,32,Sym
62,A7-fl-Snap-382.czi,308.337,1326,65535,Symbiont Area,25.092,Tentacle,H2-Sym-32,,25.09238636,A7-H2-Sym-32,H2-Sym-32,H2,32,Sym
63,A7-bf-Snap-383.czi,2386.475,0,65535,Tentacle Area,0,Tentacle,H2-Sym-32,,n/a,A7-H2-Sym-32,H2-Sym-32,H2,32,Sym
64,A7-fl-Snap-382.czi,537.752,1058,65535,Symbiont Area,22.533,Tentacle,H2-Sym-32,,22.53331797,A7-H2-Sym-32,H2-Sym-32,H2,32,Sym
65,A7-bf-Snap-383.czi,1830.561,0,65535,Tentacle Area,0,Tentacle,H2-Sym-32,,n/a,A7-H2-Sym-32,H2-Sym-32,H2,32,Sym
66,A7-fl-Snap-382.czi,425.098,1137,65535,Symbiont Area,23.222,Tentacle,H2-Sym-32,,23.22227995,A7-H2-Sym-32,H2-Sym-32,H2,32,Sym
67,A7-bf-Snap-383.czi,969.985,0,65535,Tentacle Area,0,Tentacle,H2-Sym-32,,n/a,A7-H2-Sym-32,H2-Sym-32,H2,32,Sym
68,A7-fl-Snap-382.czi,232.226,1326,65535,Symbiont Area,23.941,Tentacle,H2-Sym-32,,23.94119497,A7-H2-Sym-32,H2-Sym-32,H2,32,Sym
69,A8-bf-Snap-385.czi,851.278,0,65535,Tentacle Area,0,Tentacle,H2-Sym-32,,n/a,A8-H2-Sym-32,H2-Sym-32,H2,32,Sym
70,A8-fl-Snap-384.czi,295.796,1623,65535,Symbiont Area,34.747,Tentacle,H2-Sym-32,,34.74728585,A8-H2-Sym-32,H2-Sym-32,H2,32,Sym
71,A8-bf-Snap-385.czi,851.926,0,65535,Tentacle Area,0,Tentacle,H2-Sym-32,,n/a,A8-H2-Sym-32,H2-Sym-32,H2,32,Sym
72,A8-fl-Snap-384.czi,307.256,1072,65535,Symbiont Area,36.066,Tentacle,H2-Sym-32,,36.06604329,A8-H2-Sym-32,H2-Sym-32,H2,32,Sym
73,A8-bf-Snap-385.czi,1647.634,0,65535,Tentacle Area,0,Tentacle,H2-Sym-32,,n/a,A8-H2-Sym-32,H2-Sym-32,H2,32,Sym
74,A8-fl-Snap-384.czi,453.856,1229,65535,Symbiont Area,27.546,Tentacle,H2-Sym-32,,27.54592343,A8-H2-Sym-32,H2-Sym-32,H2,32,Sym
75,A8-bf-Snap-385.czi,3790.857,0,65535,Tentacle Area,16.828,Body column,H2-Sym-32,,n/a,A8-H2-Sym-32,H2-Sym-32,H2,32,Sym
76,A8-fl-Snap-384.czi,736.246,788,65535,Symbiont Area,19.422,Body column,H2-Sym-32,,19.42162419,A8-H2-Sym-32,H2-Sym-32,H2,32,Sym
77,B1-bf-Snap-387.czi,1268.592,0,65535,Tentacle Area,0,Tentacle,H2-Sym-32,,n/a,B1-H2-Sym-32,H2-Sym-32,H2,32,Sym
78,B1-fl-Snap-386.czi,247.361,1134,65535,Symbiont Area,19.499,Tentacle,H2-Sym-32,,19.49886173,B1-H2-Sym-32,H2-Sym-32,H2,32,Sym
79,B1-bf-Snap-387.czi,1368.704,0,65535,Tentacle Area,0,Tentacle,H2-Sym-32,,n/a,B1-H2-Sym-32,H2-Sym-32,H2,32,Sym
80,B1-fl-Snap-386.czi,294.282,1527,65535,Symbiont Area,21.501,Tentacle,H2-Sym-32,,21.50077738,B1-H2-Sym-32,H2-Sym-32,H2,32,Sym
81,B1-bf-Snap-387.czi,1295.404,0,65535,Tentacle Area,0,Tentacle,H2-Sym-32,,n/a,B1-H2-Sym-32,H2-Sym-32,H2,32,Sym
82,B1-fl-Snap-386.czi,151.79,1055,65535,Symbiont Area,11.718,Tentacle,H2-Sym-32,,11.71758,B1-H2-Sym-32,H2-Sym-32,H2,32,Sym
83,B1-bf-Snap-387.czi,1338.433,0,65535,Tentacle Area,0,Tentacle,H2-Sym-32,,n/a,B1-H2-Sym-32,H2-Sym-32,H2,32,Sym
84,B1-fl-Snap-386.czi,139.465,1370,65535,Symbiont Area,10.42,Tentacle,H2-Sym-32,,10.42002102,B1-H2-Sym-32,H2-Sym-32,H2,32,Sym
85,B2-bf-Snap-389.czi,2009.595,0,65535,Tentacle Area,0,Tentacle,H2-Sym-32,,n/a,B2-H2-Sym-32,H2-Sym-32,H2,32,Sym
86,B2-fl-Snap-388.czi,404.341,1402,65535,Symbiont Area,20.121,Tentacle,H2-Sym-32,,20.1205218,B2-H2-Sym-32,H2-Sym-32,H2,32,Sym
87,B2-bf-Snap-389.czi,580.348,0,65535,Tentacle Area,0,Tentacle,H2-Sym-32,,n/a,B2-H2-Sym-32,H2-Sym-32,H2,32,Sym
88,B2-fl-Snap-388.czi,39.137,945,65535,Symbiont Area,6.744,Tentacle,H2-Sym-32,,6.743712393,B2-H2-Sym-32,H2-Sym-32,H2,32,Sym
89,B2-bf-Snap-389.czi,1188.589,0,65535,Tentacle Area,0,Tentacle,H2-Sym-32,,n/a,B2-H2-Sym-32,H2-Sym-32,H2,32,Sym
90,B2-fl-Snap-388.czi,227.685,1055,65535,Symbiont Area,19.156,Tentacle,H2-Sym-32,,19.15590671,B2-H2-Sym-32,H2-Sym-32,H2,32,Sym
91,B2-bf-Snap-389.czi,2232.739,0,65535,Tentacle Area,0,Tentacle,H2-Sym-32,,n/a,B2-H2-Sym-32,H2-Sym-32,H2,32,Sym
92,B2-fl-Snap-388.czi,592.24,1354,65535,Symbiont Area,26.525,Tentacle,H2-Sym-32,,26.52526784,B2-H2-Sym-32,H2-Sym-32,H2,32,Sym
93,B4-bf-Snap-391.czi,1180.805,0,65535,Tentacle Area,0,Tentacle,H2-Sym-32,,n/a,B4-H2-Sym-32,H2-Sym-32,H2,32,Sym
94,B4-fl-Snap-390.czi,204.981,933,65535,Symbiont Area,17.359,Tentacle,H2-Sym-32,,17.35942853,B4-H2-Sym-32,H2-Sym-32,H2,32,Sym
95,B4-bf-Snap-391.czi,1297.999,0,65535,Tentacle Area,0,Tentacle,H2-Sym-32,,n/a,B4-H2-Sym-32,H2-Sym-32,H2,32,Sym
96,B4-fl-Snap-390.czi,218.82,1138,65535,Symbiont Area,16.858,Tentacle,H2-Sym-32,,16.85825644,B4-H2-Sym-32,H2-Sym-32,H2,32,Sym
97,B4-bf-Snap-391.czi,1208.698,0,65535,Tentacle Area,0,Tentacle,H2-Sym-32,,n/a,B4-H2-Sym-32,H2-Sym-32,H2,32,Sym
98,B4-fl-Snap-390.czi,227.036,1202,65535,Symbiont Area,18.784,Tentacle,H2-Sym-32,,18.78351747,B4-H2-Sym-32,H2-Sym-32,H2,32,Sym
99,B4-bf-Snap-391.czi,6581.457,0,65535,Tentacle Area,0,Body column,H2-Sym-32,,n/a,B4-H2-Sym-32,H2-Sym-32,H2,32,Sym
100,B4-fl-Snap-390.czi,306.175,1107,65535,Symbiont Area,4.652,Body column,H2-Sym-32,,4.652085397,B4-H2-Sym-32,H2-Sym-32,H2,32,Sym
101,B5-bf-Snap-393.czi,2285.498,0,65535,Tentacle Area,0,Tentacle,H2-Sym-32,,n/a,B5-H2-Sym-32,H2-Sym-32,H2,32,Sym
102,B5-fl-Snap-392.czi,273.308,929,65535,Symbiont Area,11.958,Tentacle,H2-Sym-32,,11.95835656,B5-H2-Sym-32,H2-Sym-32,H2,32,Sym
103,B5-bf-Snap-393.czi,1274.863,0,65535,Tentacle Area,0,Tentacle,H2-Sym-32,,n/a,B5-H2-Sym-32,H2-Sym-32,H2,32,Sym
104,B5-fl-Snap-392.czi,256.443,1291,65535,Symbiont Area,20.115,Tentacle,H2-Sym-32,,20.11533788,B5-H2-Sym-32,H2-Sym-32,H2,32,Sym
105,B5-bf-Snap-393.czi,1012.149,0,65535,Tentacle Area,0,Tentacle,H2-Sym-32,,n/a,B5-H2-Sym-32,H2-Sym-32,H2,32,Sym
106,B5-fl-Snap-392.czi,140.979,1212,65535,Symbiont Area,13.929,Tentacle,H2-Sym-32,,13.92868046,B5-H2-Sym-32,H2-Sym-32,H2,32,Sym
107,B5-bf-Snap-393.czi,2171.548,0,65535,Tentacle Area,0,Tentacle,H2-Sym-32,,n/a,B5-H2-Sym-32,H2-Sym-32,H2,32,Sym
108,B5-fl-Snap-392.czi,125.843,1149,65535,Symbiont Area,5.795,Tentacle,H2-Sym-32,,5.795082586,B5-H2-Sym-32,H2-Sym-32,H2,32,Sym
109,B5-bf-Snap-393.czi,2250.254,0,65535,Tentacle Area,0,Tentacle,H2-Sym-32,,n/a,B5-H2-Sym-32,H2-Sym-32,H2,32,Sym
110,B5-fl-Snap-392.czi,140.114,1196,65535,Symbiont Area,6.227,Tentacle,H2-Sym-32,,6.226585977,B5-H2-Sym-32,H2-Sym-32,H2,32,Sym
111,B5-bf-Snap-393.czi,2267.768,0,65535,Tentacle Area,0,Tentacle,H2-Sym-32,,n/a,B5-H2-Sym-32,H2-Sym-32,H2,32,Sym
112,B5-fl-Snap-392.czi,144.006,1181,65535,Symbiont Area,6.35,Tentacle,H2-Sym-32,,6.350120471,B5-H2-Sym-32,H2-Sym-32,H2,32,Sym
113,B7-bf-Snap-395.czi,10198.036,0,65535,Tentacle Area,0,Body column,H2-Sym-32,,n/a,B7-H2-Sym-32,H2-Sym-32,H2,32,Sym
114,B7-fl-Snap-394.czi,2361.177,841,65535,Symbiont Area,23.153,Body column,H2-Sym-32,,23.15325225,B7-H2-Sym-32,H2-Sym-32,H2,32,Sym
115,B7-bf-Snap-395.czi,5059.449,0,65535,Tentacle Area,0,Tentacle,H2-Sym-32,,n/a,B7-H2-Sym-32,H2-Sym-32,H2,32,Sym
116,B7-fl-Snap-394.czi,2263.011,1461,65535,Symbiont Area,44.728,Tentacle,H2-Sym-32,,44.72840817,B7-H2-Sym-32,H2-Sym-32,H2,32,Sym
117,B7-bf-Snap-395.czi,4863.549,0,65535,Tentacle Area,0,Tentacle,H2-Sym-32,,n/a,B7-H2-Sym-32,H2-Sym-32,H2,32,Sym
118,B7-fl-Snap-394.czi,2023.65,1092,65535,Symbiont Area,41.609,Tentacle,H2-Sym-32,,41.60850441,B7-H2-Sym-32,H2-Sym-32,H2,32,Sym
119,B7-bf-Snap-395.czi,3160.561,0,65535,Tentacle Area,0,Tentacle,H2-Sym-32,,n/a,B7-H2-Sym-32,H2-Sym-32,H2,32,Sym
120,B7-fl-Snap-394.czi,1266.862,988,65535,Symbiont Area,40.083,Tentacle,H2-Sym-32,,40.08345354,B7-H2-Sym-32,H2-Sym-32,H2,32,Sym
121,B8-bf-Snap-397.czi,2076.841,0,65535,Tentacle Area,0,Tentacle,H2-Sym-32,,n/a,B8-H2-Sym-32,H2-Sym-32,H2,32,Sym
122,B8-fl-Snap-396.czi,1083.72,970,65535,Symbiont Area,52.181,Tentacle,H2-Sym-32,,52.18117323,B8-H2-Sym-32,H2-Sym-32,H2,32,Sym
123,B8-bf-Snap-397.czi,7433.383,0,65535,Tentacle Area,0,Body column,H2-Sym-32,,n/a,B8-H2-Sym-32,H2-Sym-32,H2,32,Sym
124,B8-fl-Snap-396.czi,1407.192,610,65535,Symbiont Area,18.931,Body column,H2-Sym-32,,18.93070759,B8-H2-Sym-32,H2-Sym-32,H2,32,Sym
125,B8-bf-Snap-397.czi,1692.826,0,65535,Tentacle Area,0,Tentacle,H2-Sym-32,,n/a,B8-H2-Sym-32,H2-Sym-32,H2,32,Sym
126,B8-fl-Snap-396.czi,723.921,939,65535,Symbiont Area,42.764,Tentacle,H2-Sym-32,,42.76405254,B8-H2-Sym-32,H2-Sym-32,H2,32,Sym
127,B8-bf-Snap-397.czi,5112.424,0,65535,Tentacle Area,0,Tentacle,H2-Sym-32,,n/a,B8-H2-Sym-32,H2-Sym-32,H2,32,Sym
128,B8-fl-Snap-396.czi,2341.717,1580,65535,Symbiont Area,45.804,Tentacle,H2-Sym-32,,45.80443641,B8-H2-Sym-32,H2-Sym-32,H2,32,Sym
129,C1-bf-Snap-399.czi,2450.694,0,65535,Tentacle Area,0,Tentacle,H2-Sym-32,,n/a,C1-H2-Sym-32,H2-Sym-32,H2,32,Sym
130,C1-fl-Snap-398.czi,466.181,763,65535,Symbiont Area,19.022,Tentacle,H2-Sym-32,,19.02240753,C1-H2-Sym-32,H2-Sym-32,H2,32,Sym
131,C1-bf-Snap-399.czi,3707.61,0,65535,Tentacle Area,0,Tentacle,H2-Sym-32,,n/a,C1-H2-Sym-32,H2-Sym-32,H2,32,Sym
132,C1-fl-Snap-398.czi,998.959,1190,65535,Symbiont Area,26.943,Tentacle,H2-Sym-32,,26.94347572,C1-H2-Sym-32,H2-Sym-32,H2,32,Sym
133,C1-bf-Snap-399.czi,1904.294,0,65535,Tentacle Area,0,Tentacle,H2-Sym-32,,n/a,C1-H2-Sym-32,H2-Sym-32,H2,32,Sym
134,C1-fl-Snap-398.czi,516.129,824,65535,Symbiont Area,27.103,Tentacle,H2-Sym-32,,27.10343046,C1-H2-Sym-32,H2-Sym-32,H2,32,Sym
135,C1-bf-Snap-399.czi,3128.343,0,65535,Tentacle Area,0,Tentacle,H2-Sym-32,,n/a,C1-H2-Sym-32,H2-Sym-32,H2,32,Sym
136,C1-fl-Snap-398.czi,463.803,748,65535,Symbiont Area,14.826,Tentacle,H2-Sym-32,,14.82583591,C1-H2-Sym-32,H2-Sym-32,H2,32,Sym
137,C1-bf-Snap-399.czi,3195.157,0,65535,Tentacle Area,0,Tentacle,H2-Sym-32,,n/a,C1-H2-Sym-32,H2-Sym-32,H2,32,Sym
138,C1-fl-Snap-398.czi,411.692,870,65535,Symbiont Area,12.885,Tentacle,H2-Sym-32,,12.88487545,C1-H2-Sym-32,H2-Sym-32,H2,32,Sym
139,C2-bf-Snap-401.czi,1093.882,0,65535,Tentacle Area,0,Tentacle,H2-Sym-32,,n/a,C2-H2-Sym-32,H2-Sym-32,H2,32,Sym
140,C2-fl-Snap-400.czi,273.741,1021,65535,Symbiont Area,25.025,Tentacle,H2-Sym-32,,25.02472844,C2-H2-Sym-32,H2-Sym-32,H2,32,Sym
141,C2-bf-Snap-401.czi,1779.316,0,65535,Tentacle Area,0,Tentacle,H2-Sym-32,,n/a,C2-H2-Sym-32,H2-Sym-32,H2,32,Sym
142,C2-fl-Snap-400.czi,622.296,1099,65535,Symbiont Area,34.974,Tentacle,H2-Sym-32,,34.97388884,C2-H2-Sym-32,H2-Sym-32,H2,32,Sym
143,C2-bf-Snap-401.czi,1712.286,0,65535,Tentacle Area,0,Tentacle,H2-Sym-32,,n/a,C2-H2-Sym-32,H2-Sym-32,H2,32,Sym
144,C2-fl-Snap-400.czi,600.241,1114,65535,Symbiont Area,35.055,Tentacle,H2-Sym-32,,35.05494993,C2-H2-Sym-32,H2-Sym-32,H2,32,Sym
145,C2-bf-Snap-401.czi,2589.511,0,65535,Tentacle Area,0,Tentacle,H2-Sym-32,,n/a,C2-H2-Sym-32,H2-Sym-32,H2,32,Sym
146,C2-fl-Snap-400.czi,920.902,928,65535,Symbiont Area,35.563,Tentacle,H2-Sym-32,,35.56277614,C2-H2-Sym-32,H2-Sym-32,H2,32,Sym
147,C2-bf-Snap-401.czi,883.495,0,65535,Tentacle Area,0,Tentacle,H2-Sym-32,,n/a,C2-H2-Sym-32,H2-Sym-32,H2,32,Sym
148,C2-fl-Snap-400.czi,438.937,1346,65535,Symbiont Area,49.682,Tentacle,H2-Sym-32,,49.68188841,C2-H2-Sym-32,H2-Sym-32,H2,32,Sym
150,C3-bf-Snap-403.czi,3473.006,0,65535,Tentacle Area,0,Tentacle,H2-Sym-32,,n/a,C3-H2-Sym-32,H2-Sym-32,H2,32,Sym
151,C3-fl-Snap-402.czi,1386.435,1281,65535,Symbiont Area,39.92,Tentacle,H2-Sym-32,,39.92031687,C3-H2-Sym-32,H2-Sym-32,H2,32,Sym
152,C3-bf-Snap-403.czi,3287.917,0,65535,Tentacle Area,0,Tentacle,H2-Sym-32,,n/a,C3-H2-Sym-32,H2-Sym-32,H2,32,Sym
153,C3-fl-Snap-402.czi,2176.305,1470,65535,Symbiont Area,66.191,Tentacle,H2-Sym-32,,66.1909957,C3-H2-Sym-32,H2-Sym-32,H2,32,Sym
154,C3-bf-Snap-403.czi,4570.78,0,65535,Tentacle Area,0,Tentacle,H2-Sym-32,,n/a,C3-H2-Sym-32,H2-Sym-32,H2,32,Sym
155,C3-fl-Snap-402.czi,2070.571,1325,65535,Symbiont Area,45.3,Tentacle,H2-Sym-32,,45.30016759,C3-H2-Sym-32,H2-Sym-32,H2,32,Sym
156,C5-bf-Snap-573.czi,1092.801,0,65535,Tentacle Area,0,Tentacle,H2-Sym-32,,n/a,C5-H2-Sym-32,H2-Sym-32,H2,32,Sym
157,C5-fl-Snap-572.czi,480.884,1367,65535,Symbiont Area,44.005,Tentacle,H2-Sym-32,,44.00471815,C5-H2-Sym-32,H2-Sym-32,H2,32,Sym
158,C5-bf-Snap-573.czi,1979.324,0,65535,Tentacle Area,0,Tentacle,H2-Sym-32,,n/a,C5-H2-Sym-32,H2-Sym-32,H2,32,Sym
159,C5-fl-Snap-572.czi,842.629,1918,65535,Symbiont Area,42.572,Tentacle,H2-Sym-32,,42.57155473,C5-H2-Sym-32,H2-Sym-32,H2,32,Sym
160,C5-bf-Snap-573.czi,210.603,0,65535,Tentacle Area,0,Tentacle,H2-Sym-32,,n/a,C5-H2-Sym-32,H2-Sym-32,H2,32,Sym
161,C5-fl-Snap-572.czi,139.898,1163,65535,Symbiont Area,66.427,Tentacle,H2-Sym-32,,66.42735384,C5-H2-Sym-32,H2-Sym-32,H2,32,Sym
162,C5-bf-Snap-573.czi,2060.408,0,65535,Tentacle Area,0,Tentacle,H2-Sym-32,,n/a,C5-H2-Sym-32,H2-Sym-32,H2,32,Sym
163,C5-fl-Snap-572.czi,972.796,1305,65535,Symbiont Area,47.214,Tentacle,H2-Sym-32,,47.21375572,C5-H2-Sym-32,H2-Sym-32,H2,32,Sym
164,C6-bf-Snap-407.czi,1926.132,0,65535,Tentacle Area,0,Tentacle,H2-Sym-32,,n/a,C6-H2-Sym-32,H2-Sym-32,H2,32,Sym
165,C6-fl-Snap-406.czi,361.528,919,65535,Symbiont Area,18.77,Tentacle,H2-Sym-32,,18.7696378,C6-H2-Sym-32,H2-Sym-32,H2,32,Sym
166,C6-bf-Snap-407.czi,3885.996,0,65535,Tentacle Area,0,Tentacle,H2-Sym-32,,n/a,C6-H2-Sym-32,H2-Sym-32,H2,32,Sym
167,C6-fl-Snap-406.czi,699.055,981,65535,Symbiont Area,17.989,Tentacle,H2-Sym-32,,17.98908182,C6-H2-Sym-32,H2-Sym-32,H2,32,Sym
168,C6-bf-Snap-407.czi,2953.417,0,65535,Tentacle Area,0,Tentacle,H2-Sym-32,,n/a,C6-H2-Sym-32,H2-Sym-32,H2,32,Sym
169,C6-fl-Snap-406.czi,687.379,732,65535,Symbiont Area,23.274,Tentacle,H2-Sym-32,,23.27402463,C6-H2-Sym-32,H2-Sym-32,H2,32,Sym
170,C6-bf-Snap-407.czi,2783.897,0,65535,Tentacle Area,0,Tentacle,H2-Sym-32,,n/a,C6-H2-Sym-32,H2-Sym-32,H2,32,Sym
171,C6-fl-Snap-406.czi,656.459,717,65535,Symbiont Area,23.581,Tentacle,H2-Sym-32,,23.58057787,C6-H2-Sym-32,H2-Sym-32,H2,32,Sym
172,C6-bf-Snap-407.czi,4687.326,0,65535,Tentacle Area,0,Tentacle,H2-Sym-32,,n/a,C6-H2-Sym-32,H2-Sym-32,H2,32,Sym
173,C6-fl-Snap-406.czi,763.49,732,65535,Symbiont Area,16.288,Tentacle,H2-Sym-32,,16.28839129,C6-H2-Sym-32,H2-Sym-32,H2,32,Sym
175,C7-bf-Snap-409.czi,2763.572,0,65535,Tentacle Area,0,Tentacle,H2-Sym-32,,n/a,C7-H2-Sym-32,H2-Sym-32,H2,32,Sym
176,C7-fl-Snap-408.czi,1490.871,1248,65535,Symbiont Area,53.947,Tentacle,H2-Sym-32,,53.94724653,C7-H2-Sym-32,H2-Sym-32,H2,32,Sym
177,C7-bf-Snap-409.czi,3543.712,0,65535,Tentacle Area,0,Tentacle,H2-Sym-32,,n/a,C7-H2-Sym-32,H2-Sym-32,H2,32,Sym
178,C7-fl-Snap-408.czi,1339.298,1109,65535,Symbiont Area,37.794,Tentacle,H2-Sym-32,,37.79364689,C7-H2-Sym-32,H2-Sym-32,H2,32,Sym
179,C7-bf-Snap-409.czi,10709.624,0,65535,Tentacle Area,0,Tentacle,H2-Sym-32,,n/a,C7-H2-Sym-32,H2-Sym-32,H2,32,Sym
180,C7-fl-Snap-408.czi,2556.861,786,65535,Symbiont Area,23.874,Tentacle,H2-Sym-32,,23.8744236,C7-H2-Sym-32,H2-Sym-32,H2,32,Sym
181,C7-bf-Snap-409.czi,1077.882,0,65535,Tentacle Area,0,Tentacle,H2-Sym-32,,n/a,C7-H2-Sym-32,H2-Sym-32,H2,32,Sym
182,C7-fl-Snap-408.czi,315.256,1079,65535,Symbiont Area,29.248,Tentacle,H2-Sym-32,,29.24772842,C7-H2-Sym-32,H2-Sym-32,H2,32,Sym
183,C8-bf-Snap-411.czi,4004.271,0,65535,Tentacle Area,0,Tentacle,H2-Sym-32,"Image very foggy in the middle, only 2 clear tentacles ",n/a,C8-H2-Sym-32,H2-Sym-32,H2,32,Sym
184,C8-fl-Snap-410.czi,427.477,641,65535,Symbiont Area,10.676,Tentacle,H2-Sym-32,,10.67552621,C8-H2-Sym-32,H2-Sym-32,H2,32,Sym
185,C8-bf-Snap-411.czi,3265.214,0,65535,Tentacle Area,0,Tentacle,H2-Sym-32,,n/a,C8-H2-Sym-32,H2-Sym-32,H2,32,Sym
186,C8-fl-Snap-410.czi,318.283,1485,65535,Symbiont Area,9.748,Tentacle,H2-Sym-32,,9.747691882,C8-H2-Sym-32,H2-Sym-32,H2,32,Sym
187,D1-bf-Snap-413.czi,3175.913,0,65535,Tentacle Area,0,Tentacle,H2-Sym-32,,n/a,D1-H2-Sym-32,H2-Sym-32,H2,32,Sym
188,D1-fl-Snap-412.czi,1335.838,831,65535,Symbiont Area,42.062,Tentacle,H2-Sym-32,,42.06154262,D1-H2-Sym-32,H2-Sym-32,H2,32,Sym
189,D1-bf-Snap-413.czi,1834.453,0,65535,Tentacle Area,0,Tentacle,H2-Sym-32,,n/a,D1-H2-Sym-32,H2-Sym-32,H2,32,Sym
190,D1-fl-Snap-412.czi,1035.934,1320,65535,Symbiont Area,56.471,Tentacle,H2-Sym-32,,56.47100253,D1-H2-Sym-32,H2-Sym-32,H2,32,Sym
191,D1-bf-Snap-413.czi,3668.69,0,65535,Tentacle Area,56.471,Tentacle,H2-Sym-32,,n/a,D1-H2-Sym-32,H2-Sym-32,H2,32,Sym
192,D1-fl-Snap-412.czi,1485.033,795,65535,Symbiont Area,40.479,Tentacle,H2-Sym-32,,40.47856319,D1-H2-Sym-32,H2-Sym-32,H2,32,Sym
193,D1-bf-Snap-413.czi,1262.538,0,65535,Tentacle Area,0,Tentacle,H2-Sym-32,,n/a,D1-H2-Sym-32,H2-Sym-32,H2,32,Sym
194,D1-fl-Snap-412.czi,669,1259,65535,Symbiont Area,52.989,Tentacle,H2-Sym-32,,52.98850411,D1-H2-Sym-32,H2-Sym-32,H2,32,Sym
195,D1-bf-Snap-413.czi,1105.775,0,65535,Tentacle Area,0,Tentacle,H2-Sym-32,,n/a,D1-H2-Sym-32,H2-Sym-32,H2,32,Sym
196,D1-fl-Snap-412.czi,544.887,941,65535,Symbiont Area,49.276,Tentacle,H2-Sym-32,,49.2764803,D1-H2-Sym-32,H2-Sym-32,H2,32,Sym
197,D1-bf-Snap-413.czi,6462.965,0,65535,Tentacle Area,0,Body column,H2-Sym-32,,n/a,D1-H2-Sym-32,H2-Sym-32,H2,32,Sym
198,D1-fl-Snap-412.czi,1319.621,562,65535,Symbiont Area,20.418,Body Column ,H2-Sym-32,,20.41819815,D1-H2-Sym-32,H2-Sym-32,H2,32,Sym
199,D2-bf-Snap-415.czi,2971.58,0,65535,Tentacle Area,20.418,Tentacle,H2-Sym-32,,n/a,D2-H2-Sym-32,H2-Sym-32,H2,32,Sym
200,D2-fl-Snap-414.czi,140.114,1210,65535,Symbiont Area,4.715,Tentacle,H2-Sym-32,,4.715134709,D2-H2-Sym-32,H2-Sym-32,H2,32,Sym
201,D2-bf-Snap-415.czi,855.819,0,65535,Tentacle Area,0,Tentacle,H2-Sym-32,,n/a,D2-H2-Sym-32,H2-Sym-32,H2,32,Sym
202,D2-fl-Snap-414.czi,87.571,1351,65535,Symbiont Area,10.232,Tentacle,H2-Sym-32,,10.23242064,D2-H2-Sym-32,H2-Sym-32,H2,32,Sym
203,D2-bf-Snap-415.czi,418.612,0,65535,Tentacle Area,0,Tentacle,H2-Sym-32,,n/a,D2-H2-Sym-32,H2-Sym-32,H2,32,Sym
204,D2-fl-Snap-414.czi,77.409,1602,65535,Symbiont Area,18.492,Tentacle,H2-Sym-32,,18.49182537,D2-H2-Sym-32,H2-Sym-32,H2,32,Sym
205,D2-bf-Snap-415.czi,2128.303,0,65535,Tentacle Area,0,Tentacle,H2-Sym-32,,n/a,D2-H2-Sym-32,H2-Sym-32,H2,32,Sym
206,D2-fl-Snap-414.czi,306.607,958,65535,Symbiont Area,14.406,Tentacle,H2-Sym-32,,14.40617243,D2-H2-Sym-32,H2-Sym-32,H2,32,Sym
207,D3-bf-Snap-417.czi,2403.125,0,65535,Tentacle Area,14.406,Tentacle,H2-Sym-32,,n/a,D3-H2-Sym-32,H2-Sym-32,H2,32,Sym
208,D3-fl-Snap-416.czi,438.504,1004,65535,Symbiont Area,18.247,Tentacle,H2-Sym-32,,18.24724057,D3-H2-Sym-32,H2-Sym-32,H2,32,Sym
209,D3-bf-Snap-417.czi,3027.582,0,65535,Tentacle Area,0,Tentacle,H2-Sym-32,,n/a,D3-H2-Sym-32,H2-Sym-32,H2,32,Sym
210,D3-fl-Snap-416.czi,513.318,895,65535,Symbiont Area,16.955,Tentacle,H2-Sym-32,,16.95471832,D3-H2-Sym-32,H2-Sym-32,H2,32,Sym
211,D3-bf-Snap-417.czi,2761.409,0,65535,Tentacle Area,0,Tentacle,H2-Sym-32,,n/a,D3-H2-Sym-32,H2-Sym-32,H2,32,Sym
212,D3-fl-Snap-416.czi,994.851,1161,65535,Symbiont Area,36.027,Tentacle,H2-Sym-32,,36.02693408,D3-H2-Sym-32,H2-Sym-32,H2,32,Sym
213,D3-bf-Snap-417.czi,1520.927,0,65535,Tentacle Area,0,Tentacle,H2-Sym-32,,n/a,D3-H2-Sym-32,H2-Sym-32,H2,32,Sym
214,D3-fl-Snap-416.czi,443.477,1036,65535,Symbiont Area,29.158,Tentacle,H2-Sym-32,,29.15833567,D3-H2-Sym-32,H2-Sym-32,H2,32,Sym
215,D3-bf-Snap-417.czi,6770.221,0,65535,Tentacle Area,0,Tentacle,H2-Sym-32,,n/a,D3-H2-Sym-32,H2-Sym-32,H2,32,Sym
216,D3-fl-Snap-416.czi,2206.144,1365,65535,Symbiont Area,32.586,Tentacle,H2-Sym-32,,32.58599682,D3-H2-Sym-32,H2-Sym-32,H2,32,Sym
217,D4-bf-Snap-419.czi,5346.812,0,65535,Tentacle Area,0,Tentacle,H2-Sym-32,,n/a,D4-H2-Sym-32,H2-Sym-32,H2,32,Sym
218,D4-fl-Snap-418.czi,1059.502,673,65535,Symbiont Area,19.816,Tentacle,H2-Sym-32,,19.81558357,D4-H2-Sym-32,H2-Sym-32,H2,32,Sym
219,D4-bf-Snap-419.czi,4691.866,0,65535,Tentacle Area,0,Tentacle,H2-Sym-32,,n/a,D4-H2-Sym-32,H2-Sym-32,H2,32,Sym
220,D4-fl-Snap-418.czi,1187.508,759,65535,Symbiont Area,25.31,Tentacle,H2-Sym-32,,25.30992999,D4-H2-Sym-32,H2-Sym-32,H2,32,Sym
221,D4-bf-Snap-419.czi,18163.332,0,65535,Tentacle Area,0,Body Column ,H2-Sym-32,,n/a,D4-H2-Sym-32,H2-Sym-32,H2,32,Sym
222,D4-fl-Snap-418.czi,1411.517,716,65535,Symbiont Area,7.771,Body Column ,H2-Sym-32,,7.771244835,D4-H2-Sym-32,H2-Sym-32,H2,32,Sym
223,D4-bf-Snap-419.czi,3594.741,0,65535,Tentacle Area,0,Tentacle,H2-Sym-32,,n/a,D4-H2-Sym-32,H2-Sym-32,H2,32,Sym
224,D4-fl-Snap-418.czi,1928.078,587,65535,Symbiont Area,53.636,Tentacle,H2-Sym-32,,53.63607559,D4-H2-Sym-32,H2-Sym-32,H2,32,Sym
225,D5-bf--Snap-421.czi,5296.431,0,65535,Tentacle Area,0,Tentacle,H2-Sym-32,,n/a,D5-H2-Sym-32,H2-Sym-32,H2,32,Sym
226,D5-fl-Snap-420.czi,2054.786,1460,65535,Symbiont Area,38.796,Tentacle,H2-Sym-32,,38.79567203,D5-H2-Sym-32,H2-Sym-32,H2,32,Sym
227,D5-bf--Snap-421.czi,7218.023,0,65535,Tentacle Area,0,Body column,H2-Sym-32,,n/a,D5-H2-Sym-32,H2-Sym-32,H2,32,Sym
228,D5-fl-Snap-420.czi,1323.729,769,65535,Symbiont Area,18.339,Body column,H2-Sym-32,,18.33921837,D5-H2-Sym-32,H2-Sym-32,H2,32,Sym
229,D5-bf--Snap-421.czi,1882.455,0,65535,Tentacle Area,0,Tentacle,H2-Sym-32,,n/a,D5-H2-Sym-32,H2-Sym-32,H2,32,Sym
230,D5-fl-Snap-420.czi,1026.853,1076,65535,Symbiont Area,54.549,Tentacle,H2-Sym-32,,54.54860807,D5-H2-Sym-32,H2-Sym-32,H2,32,Sym
231,D6-bf-Snap-423.czi,3951.079,0,65535,Tentacle Area,0,Tentacle,H2-Sym-32,,n/a,D6-H2-Sym-32,H2-Sym-32,H2,32,Sym
232,D6-fl-Snap-422.czi,1315.297,1339,65535,Symbiont Area,33.29,Tentacle,H2-Sym-32,,33.2895647,D6-H2-Sym-32,H2-Sym-32,H2,32,Sym
233,D6-bf-Snap-423.czi,2569.402,0,65535,Tentacle Area,0,Tentacle,H2-Sym-32,,n/a,D6-H2-Sym-32,H2-Sym-32,H2,32,Sym
234,D6-fl-Snap-422.czi,997.878,819,65535,Symbiont Area,38.837,Tentacle,H2-Sym-32,,38.83697452,D6-H2-Sym-32,H2-Sym-32,H2,32,Sym
235,D6-bf-Snap-423.czi,1138.208,0,65535,Tentacle Area,0,Tentacle,H2-Sym-32,,n/a,D6-H2-Sym-32,H2-Sym-32,H2,32,Sym
236,D6-fl-Snap-422.czi,393.097,709,65535,Symbiont Area,34.536,Tentacle,H2-Sym-32,,34.53648191,D6-H2-Sym-32,H2-Sym-32,H2,32,Sym
237,D6-bf-Snap-423.czi,2980.445,0,65535,Tentacle Area,0,Body column,H2-Sym-32,,n/a,D6-H2-Sym-32,H2-Sym-32,H2,32,Sym
238,D6-fl-Snap-422.czi,588.132,788,65535,Symbiont Area,19.733,Body column,H2-Sym-32,,19.73302644,D6-H2-Sym-32,H2-Sym-32,H2,32,Sym
239,D7-bf-Snap-425.czi,1024.042,0,65535,Tentacle Area,0,Tentacle,H2-Sym-32,Very small body column and tentacles.,n/a,D7-H2-Sym-32,H2-Sym-32,H2,32,Sym
240,D7-fl-Snap-424.czi,548.779,1870,65535,Symbiont Area,53.59,Tentacle,H2-Sym-32,,53.58950121,D7-H2-Sym-32,H2-Sym-32,H2,32,Sym
241,D7-bf-Snap-425.czi,621.431,0,65535,Tentacle Area,0,Tentacle,H2-Sym-32,,n/a,D7-H2-Sym-32,H2-Sym-32,H2,32,Sym
242,D7-fl-Snap-424.czi,337.743,1195,65535,Symbiont Area,54.349,Tentacle,H2-Sym-32,,54.34923588,D7-H2-Sym-32,H2-Sym-32,H2,32,Sym
243,D7-bf-Snap-425.czi,145.303,0,65535,Tentacle Area,0,Tentacle,H2-Sym-32,,n/a,D7-H2-Sym-32,H2-Sym-32,H2,32,Sym
244,D7-fl-Snap-424.czi,77.625,1839,65535,Symbiont Area,53.423,Tentacle,H2-Sym-32,,53.42284743,D7-H2-Sym-32,H2-Sym-32,H2,32,Sym
245,D8-bf-Snap-427.czi,1530.008,0,65535,Tentacle Area,0,Tentacle,H2-Sym-32,,n/a,D8-H2-Sym-32,H2-Sym-32,H2,32,Sym
246,D8-fl-Snap-426.czi,185.953,636,65535,Symbiont Area,12.154,Tentacle,H2-Sym-32,,12.1537273,D8-H2-Sym-32,H2-Sym-32,H2,32,Sym
247,D8-bf-Snap-427.czi,1128.911,0,65535,Tentacle Area,0,Tentacle,H2-Sym-32,,n/a,D8-H2-Sym-32,H2-Sym-32,H2,32,Sym
248,D8-fl-Snap-426.czi,76.111,717,65535,Symbiont Area,6.742,Tentacle,H2-Sym-32,,6.741984089,D8-H2-Sym-32,H2-Sym-32,H2,32,Sym
249,D8-bf-Snap-427.czi,1464.708,0,65535,Tentacle Area,0,Tentacle,H2-Sym-32,,n/a,D8-H2-Sym-32,H2-Sym-32,H2,32,Sym
250,D8-fl-Snap-426.czi,86.49,554,65535,Symbiont Area,5.905,Tentacle,H2-Sym-32,,5.904931222,D8-H2-Sym-32,H2-Sym-32,H2,32,Sym
251,D8-bf-Snap-427.czi,522.4,0,65535,Tentacle Area,0,Tentacle,H2-Sym-32,,n/a,D8-H2-Sym-32,H2-Sym-32,H2,32,Sym
252,D8-fl-Snap-426.czi,41.731,649,65535,Symbiont Area,7.988,Tentacle,H2-Sym-32,,7.988323124,D8-H2-Sym-32,H2-Sym-32,H2,32,Sym
253,E1-BF-Snap-429.czi,1877.698,0,65535,Tentacle Area,0,0,H2-Sym-32,,n/a,E1-H2-Sym-32,H2-Sym-32,H2,32,Sym
254,E1-fl-Snap-428.czi,1096.693,1221,65535,Symbiont Area,58.406,0,H2-Sym-32,,58.40625063,E1-H2-Sym-32,H2-Sym-32,H2,32,Sym
255,E1-BF-Snap-429.czi,1369.137,0,65535,Tentacle Area,0,Tentacle,H2-Sym-32,,n/a,E1-H2-Sym-32,H2-Sym-32,H2,32,Sym
256,E1-fl-Snap-428.czi,747.49,1206,65535,Symbiont Area,54.596,Tentacle,H2-Sym-32,,54.59570518,E1-H2-Sym-32,H2-Sym-32,H2,32,Sym
257,E1-BF-Snap-429.czi,1609.795,0,65535,Tentacle Area,0,Tentacle,H2-Sym-32,,n/a,E1-H2-Sym-32,H2-Sym-32,H2,32,Sym
258,E1-fl-Snap-428.czi,678.082,1146,65535,Symbiont Area,42.122,Tentacle,H2-Sym-32,,42.1222578,E1-H2-Sym-32,H2-Sym-32,H2,32,Sym
259,E1-BF-Snap-429.czi,1016.69,0,65535,Tentacle Area,0,Tentacle,H2-Sym-32,,n/a,E1-H2-Sym-32,H2-Sym-32,H2,32,Sym
260,E1-fl-Snap-428.czi,471.154,1327,65535,Symbiont Area,46.342,Tentacle,H2-Sym-32,,46.34195281,E1-H2-Sym-32,H2-Sym-32,H2,32,Sym
261,E1-BF-Snap-429.czi,652.567,0,65535,Tentacle Area,0,Tentacle,H2-Sym-32,,n/a,E1-H2-Sym-32,H2-Sym-32,H2,32,Sym
262,E1-fl-Snap-428.czi,345.311,1628,65535,Symbiont Area,52.916,Tentacle,H2-Sym-32,,52.91579255,E1-H2-Sym-32,H2-Sym-32,H2,32,Sym
263,E2-bf-Snap-431.czi,1679.203,0,65535,Tentacle Area,0,Tentacle,H2-Sym-32,,n/a,E2-H2-Sym-32,H2-Sym-32,H2,32,Sym
264,E2-fl-Snap-430.czi,275.038,1421,65535,Symbiont Area,16.379,Tentacle,H2-Sym-32,,16.37907984,E2-H2-Sym-32,H2-Sym-32,H2,32,Sym
265,E2-bf-Snap-431.czi,2493.074,0,65535,Tentacle Area,0,Tentacle,H2-Sym-32,,n/a,E2-H2-Sym-32,H2-Sym-32,H2,32,Sym
266,E2-fl-Snap-430.czi,613.214,1357,65535,Symbiont Area,24.597,Tentacle,H2-Sym-32,,24.59670271,E2-H2-Sym-32,H2-Sym-32,H2,32,Sym
267,E2-bf-Snap-431.czi,3772.261,0,65535,Tentacle Area,0,Body column,H2-Sym-32,,n/a,E2-H2-Sym-32,H2-Sym-32,H2,32,Sym
268,E2-fl-Snap-430.czi,109.626,679,65535,Symbiont Area,2.906,Body column,H2-Sym-32,,2.906108565,E2-H2-Sym-32,H2-Sym-32,H2,32,Sym
269,E3-bf-Snap-433.czi,4290.553,0,65535,Tentacle Area,0,Tentacle,H2-Sym-32,,n/a,E3-H2-Sym-32,H2-Sym-32,H2,32,Sym
270,E3-fl-Snap-432.czi,323.04,1010,65535,Symbiont Area,7.529,Tentacle,H2-Sym-32,,7.529099396,E3-H2-Sym-32,H2-Sym-32,H2,32,Sym
271,E3-bf-Snap-433.czi,1790.127,0,65535,Tentacle Area,0,Tentacle,H2-Sym-32,,n/a,E3-H2-Sym-32,H2-Sym-32,H2,32,Sym
272,E3-fl-Snap-432.czi,184.007,1136,65535,Symbiont Area,10.279,Tentacle,H2-Sym-32,,10.27899138,E3-H2-Sym-32,H2-Sym-32,H2,32,Sym
273,E3-bf-Snap-433.czi,1886.996,0,65535,Tentacle Area,0,Tentacle,H2-Sym-32,,n/a,E3-H2-Sym-32,H2-Sym-32,H2,32,Sym
274,E3-fl-Snap-432.czi,187.467,1136,65535,Symbiont Area,9.935,Tentacle,H2-Sym-32,,9.934679247,E3-H2-Sym-32,H2-Sym-32,H2,32,Sym
275,E3-bf-Snap-433.czi,2484.858,0,65535,Tentacle Area,0,Tentacle,H2-Sym-32,,n/a,E3-H2-Sym-32,H2-Sym-32,H2,32,Sym
276,E3-fl-Snap-432.czi,144.871,899,65535,Symbiont Area,5.83,Tentacle,H2-Sym-32,,5.830152065,E3-H2-Sym-32,H2-Sym-32,H2,32,Sym
277,E4-bf-Snap-435.czi,2070.571,0,65535,Tentacle Area,5.83,Tentacle,H2-Sym-32,,n/a,E4-H2-Sym-32,H2-Sym-32,H2,32,Sym
278,E4-fl-Snap-434.czi,1335.622,1185,65535,Symbiont Area,64.505,Tentacle,H2-Sym-32,,64.50500852,E4-H2-Sym-32,H2-Sym-32,H2,32,Sym
279,E4-bf-Snap-435.czi,1619.093,0,65535,Tentacle Area,0,Tentacle,H2-Sym-32,,n/a,E4-H2-Sym-32,H2-Sym-32,H2,32,Sym
280,E4-fl-Snap-434.czi,971.066,1528,65535,Symbiont Area,59.976,Tentacle,H2-Sym-32,,59.97592479,E4-H2-Sym-32,H2-Sym-32,H2,32,Sym
281,E4-bf-Snap-435.czi,1429.463,0,65535,Tentacle Area,0,Tentacle,H2-Sym-32,,n/a,E4-H2-Sym-32,H2-Sym-32,H2,32,Sym
282,E4-fl-Snap-434.czi,1119.181,1622,65535,Symbiont Area,78.294,Tentacle,H2-Sym-32,,78.29380684,E4-H2-Sym-32,H2-Sym-32,H2,32,Sym
283,E4-bf-Snap-435.czi,687.163,0,65535,Tentacle Area,0,Tentacle,H2-Sym-32,,n/a,E4-H2-Sym-32,H2-Sym-32,H2,32,Sym
284,E4-fl-Snap-434.czi,439.369,1544,65535,Symbiont Area,63.94,Tentacle,H2-Sym-32,,63.93956019,E4-H2-Sym-32,H2-Sym-32,H2,32,Sym
285,E4-bf-Snap-435.czi,1130.208,0,65535,Tentacle Area,0,Tentacle,H2-Sym-32,,n/a,E4-H2-Sym-32,H2-Sym-32,H2,32,Sym
286,E4-fl-Snap-434.czi,683.703,1341,65535,Symbiont Area,60.494,Tentacle,H2-Sym-32,,60.49355517,E4-H2-Sym-32,H2-Sym-32,H2,32,Sym
,E5-bf-SNAP-437.czi,,,,,,,H2-Sym-32,Moved - measurements were off,n/a,E5-H2-Sym-32,H2-Sym-32,H2,32,Sym
,E5-fl-SNAP-436.czi,,,,,,,H2-Sym-32,Moved - measurements were off,#DIV/0!,E5-H2-Sym-32,H2-Sym-32,H2,32,Sym
287,E6-bf-Snap-439.czi,810.844,0,65535,Tentacle Area,14.607,Tentacle,H2-Sym-32,"Small aiptasia, small column body and tentacles",n/a,E6-H2-Sym-32,H2-Sym-32,H2,32,Sym
288,E6-fl-Snap-438.czi,473.965,1394,65535,Symbiont Area,58.453,Tentacle,H2-Sym-32,,58.45329065,E6-H2-Sym-32,H2-Sym-32,H2,32,Sym
289,E6-bf-Snap-439.czi,897.334,0,65535,Tentacle Area,0,Tentacle,H2-Sym-32,,n/a,E6-H2-Sym-32,H2-Sym-32,H2,32,Sym
290,E6-fl-Snap-438.czi,744.463,1450,65535,Symbiont Area,82.964,Tentacle,H2-Sym-32,,82.96386853,E6-H2-Sym-32,H2-Sym-32,H2,32,Sym
291,E6-bf-Snap-439.czi,3041.205,0,65535,Tentacle Area,82.964,Body column,H2-Sym-32,,n/a,E6-H2-Sym-32,H2-Sym-32,H2,32,Sym
292,E6-fl-Snap-438.czi,1239.834,1004,65535,Symbiont Area,40.768,Body column,H2-Sym-32,,40.76785353,E6-H2-Sym-32,H2-Sym-32,H2,32,Sym
293,E7-bf-Snap-441.czi,2091.761,0,65535,Tentacle Area,0,Tentacle,H2-Sym-32,,n/a,E7-H2-Sym-32,H2-Sym-32,H2,32,Sym
294,E7-fl-Snap-440.czi,325.851,949,65535,Symbiont Area,15.578,Tentacle,H2-Sym-32,,15.57783131,E7-H2-Sym-32,H2-Sym-32,H2,32,Sym
295,E7-bf-Snap-441.czi,823.385,0,65535,Tentacle Area,0,Tentacle,H2-Sym-32,,n/a,E7-H2-Sym-32,H2-Sym-32,H2,32,Sym
296,E7-fl-Snap-440.czi,131.465,1408,65535,Symbiont Area,15.966,Tentacle,H2-Sym-32,,15.96640697,E7-H2-Sym-32,H2-Sym-32,H2,32,Sym
297,E7-bf-Snap-441.czi,1021.014,0,65535,Tentacle Area,0,Tentacle,H2-Sym-32,,n/a,E7-H2-Sym-32,H2-Sym-32,H2,32,Sym
298,E7-fl-Snap-440.czi,29.19,1234,65535,Symbiont Area,2.859,Tentacle,H2-Sym-32,,2.8589226,E7-H2-Sym-32,H2-Sym-32,H2,32,Sym
299,E7-bf-Snap-441.czi,1032.907,0,65535,Tentacle Area,0,Tentacle,H2-Sym-32,,n/a,E7-H2-Sym-32,H2-Sym-32,H2,32,Sym
300,E7-fl-Snap-440.czi,81.517,1060,65535,Symbiont Area,7.892,Tentacle,H2-Sym-32,,7.891998021,E7-H2-Sym-32,H2-Sym-32,H2,32,Sym
301,F1-bf-Snap-585.czi,2282.471,0,65535,Tentacle Area,7.892,Tentacle,H2-Sym-32,"Body is not clear, it is too bright (white), only 1 tentacle present ",n/a,F1-H2-Sym-32,H2-Sym-32,H2,32,Sym
302,F1-fl-Snap-584.czi,76.327,1277,65535,Symbiont Area,3.344,Tentacle,H2-Sym-32,"Body is not clear, symbionts on body are bright, small, 3 tentacles visible ",3.34405125,F1-H2-Sym-32,H2-Sym-32,H2,32,Sym
303,F2-bf-Snap-449.czi,635.701,0,65535,Tentacle Area,0,Tentacle,H2-Sym-32,,n/a,F2-H2-Sym-32,H2-Sym-32,H2,32,Sym
304,F2-fl-Snap-448.czi,40.65,1312,65535,Symbiont Area,6.395,Tentacle,H2-Sym-32,,6.394515661,F2-H2-Sym-32,H2-Sym-32,H2,32,Sym
305,F2-bf-Snap-449.czi,18042.03,0,65535,Tentacle Area,0,Body column,H2-Sym-32,,n/a,F2-H2-Sym-32,H2-Sym-32,H2,32,Sym
306,F2-fl-Snap-448.czi,598.511,969,65535,Symbiont Area,3.317,Body column,H2-Sym-32,,3.31731518,F2-H2-Sym-32,H2-Sym-32,H2,32,Sym
,F3-bf-Snap-581.czi,,,,,,,H2-Sym-32,,n/a,F3-H2-Sym-32,H2-Sym-32,H2,32,Sym
,F3-fl-Snap-581.czi,,,,,,,H2-Sym-32,"Fluorescent image is completely black , cannot measure",#DIV/0!,F3-H2-Sym-32,H2-Sym-32,H2,32,Sym
307,F4-bf-Snap-455.czi,1379.083,0,65535,Tentacle Area,3.317,Tentacle,H2-Sym-32,,n/a,F4-H2-Sym-32,H2-Sym-32,H2,32,Sym
308,F4-fl-Snap-454.czi,46.056,1160,65535,Symbiont Area,3.34,Tentacle,H2-Sym-32,,3.339610451,F4-H2-Sym-32,H2-Sym-32,H2,32,Sym
309,F4-bf-Snap-455.czi,518.075,0,65535,Tentacle Area,0,Tentacle,H2-Sym-32,"Image very blurry, only 2 tentacles could be imaged",n/a,F4-H2-Sym-32,H2-Sym-32,H2,32,Sym
310,F4-fl-Snap-454.czi,49.732,1160,65535,Symbiont Area,9.599,Tentacle,H2-Sym-32,"Image very blurry, only 2 tentacles could be imaged",9.599382329,F4-H2-Sym-32,H2-Sym-32,H2,32,Sym
311,F5-bf-Snap-463.czi,4118.221,0,65535,Tentacle Area,0,Tentacle,H2-Sym-32,,n/a,F5-H2-Sym-32,H2-Sym-32,H2,32,Sym
312,F5-fl-Snap-462.czi,82.598,1506,65535,Symbiont Area,2.006,Tentacle,H2-Sym-32,,2.005671867,F5-H2-Sym-32,H2-Sym-32,H2,32,Sym
313,F5-bf-Snap-463.czi,1686.771,0,65535,Tentacle Area,0,Tentacle,H2-Sym-32,,n/a,F5-H2-Sym-32,H2-Sym-32,H2,32,Sym
314,F5-fl-Snap-462.czi,46.272,1428,65535,Symbiont Area,2.743,Tentacle,H2-Sym-32,,2.74322952,F5-H2-Sym-32,H2-Sym-32,H2,32,Sym
315,F5-bf-Snap-463.czi,3920.159,0,65535,Tentacle Area,0,Tentacle,H2-Sym-32,,n/a,F5-H2-Sym-32,H2-Sym-32,H2,32,Sym
316,F5-fl-Snap-462.czi,95.788,1271,65535,Symbiont Area,2.443,Tentacle,H2-Sym-32,,2.443472318,F5-H2-Sym-32,H2-Sym-32,H2,32,Sym
317,F5-bf-Snap-463.czi,4355.42,0,65535,Tentacle Area,0,Tentacle,H2-Sym-32,,n/a,F5-H2-Sym-32,H2-Sym-32,H2,32,Sym
318,F5-fl-Snap-462.czi,87.571,1491,65535,Symbiont Area,2.011,Tentacle,H2-Sym-32,,2.010621249,F5-H2-Sym-32,H2-Sym-32,H2,32,Sym
319,F6-bf-Snap-465.czi,3234.51,0,65535,Tentacle Area,2.011,Tentacle,H2-Sym-32,"Scratch marks from plate visible, blocking view of organsim a little",n/a,F6-H2-Sym-32,H2-Sym-32,H2,32,Sym
320,F6-fl-Snap-464.czi,113.734,1465,65535,Symbiont Area,3.516,Tentacle,H2-Sym-32,,3.516266761,F6-H2-Sym-32,H2-Sym-32,H2,32,Sym
321,F6-bf-Snap-465.czi,3657.878,0,65535,Tentacle Area,0,Tentacle,H2-Sym-32,,n/a,F6-H2-Sym-32,H2-Sym-32,H2,32,Sym
322,F6-fl-Snap-464.czi,98.815,1055,65535,Symbiont Area,2.701,Tentacle,H2-Sym-32,,2.701429627,F6-H2-Sym-32,H2-Sym-32,H2,32,Sym
323,F6-bf-Snap-465.czi,3908.699,0,65535,Tentacle Area,0,Tentacle,H2-Sym-32,,n/a,F6-H2-Sym-32,H2-Sym-32,H2,32,Sym
324,F6-fl-Snap-464.czi,224.225,1071,65535,Symbiont Area,5.737,Tentacle,H2-Sym-32,,5.736563496,F6-H2-Sym-32,H2-Sym-32,H2,32,Sym
325,F6-bf-Snap-465.czi,3323.811,0,65535,Tentacle Area,0,Tentacle,H2-Sym-32,,n/a,F6-H2-Sym-32,H2-Sym-32,H2,32,Sym
326,F6-fl-Snap-464.czi,62.921,1118,65535,Symbiont Area,1.893,Tentacle,H2-Sym-32,,1.893037841,F6-H2-Sym-32,H2-Sym-32,H2,32,Sym
327,F7-fl-Snap-575.czi,3185.21,0,65535,Tentacle Area,0,Tentacle,H2-Sym-32,,n/a,F7-H2-Sym-32,H2-Sym-32,H2,32,Sym
328,F7-fl-Snap-574.czi,74.165,1312,65535,Symbiont Area,2.328,Tentacle,H2-Sym-32,,2.328417907,F7-H2-Sym-32,H2-Sym-32,H2,32,Sym
329,F7-fl-Snap-575.czi,741.436,0,65535,Tentacle Area,0,Tentacle,H2-Sym-32,,n/a,F7-H2-Sym-32,H2-Sym-32,H2,32,Sym
330,F7-fl-Snap-574.czi,112.653,1659,65535,Symbiont Area,15.194,Tentacle,H2-Sym-32,,15.19389401,F7-H2-Sym-32,H2-Sym-32,H2,32,Sym
331,A1-bf-Snap-471.czi,4164.71,0,65535,Tentacle Area,0,Tentacle,H2-Sym-25,,n/a,A1-H2-Sym-25,H2-Sym-25,H2,25,Sym
332,A1-fl-Snap-470.czi,1881.59,751,65535,Symbiont Area,45.179,Tentacle,H2-Sym-25,,45.17937624,A1-H2-Sym-25,H2-Sym-25,H2,25,Sym
333,A1-bf-Snap-471.czi,1142.1,0,65535,Tentacle Area,0,Tentacle,H2-Sym-25,,n/a,A1-H2-Sym-25,H2-Sym-25,H2,25,Sym
334,A1-fl-Snap-470.czi,651.702,1012,65535,Symbiont Area,57.062,Tentacle,H2-Sym-25,,57.0617284,A1-H2-Sym-25,H2-Sym-25,H2,25,Sym
335,A1-bf-Snap-471.czi,13463.682,0,65535,Tentacle Area,0,Body column,H2-Sym-25,,n/a,A1-H2-Sym-25,H2-Sym-25,H2,25,Sym
336,A1-fl-Snap-470.czi,3890.536,583,65535,Symbiont Area,28.897,Body column,H2-Sym-25,,28.89652325,A1-H2-Sym-25,H2-Sym-25,H2,25,Sym
337,A1-bf-Snap-471.czi,2688.325,0,65535,Tentacle Area,0,Tentacle,H2-Sym-25,,n/a,A1-H2-Sym-25,H2-Sym-25,H2,25,Sym
338,A1-fl-Snap-470.czi,1430.545,1027,65535,Symbiont Area,53.213,Tentacle,H2-Sym-25,,53.21324617,A1-H2-Sym-25,H2-Sym-25,H2,25,Sym
339,A2-bf-Snap-473.czi,3040.988,0,65535,Tentacle Area,0,Tentacle,H2-Sym-25,,n/a,A2-H2-Sym-25,H2-Sym-25,H2,25,Sym
340,A2-fl-Snap-472.czi,1630.769,690,65535,Symbiont Area,53.626,Tentacle,H2-Sym-25,,53.62628856,A2-H2-Sym-25,H2-Sym-25,H2,25,Sym
341,A2-bf-Snap-473.czi,1260.376,0,65535,Tentacle Area,0,Tentacle,H2-Sym-25,,n/a,A2-H2-Sym-25,H2-Sym-25,H2,25,Sym
342,A2-fl-Snap-472.czi,779.275,1392,65535,Symbiont Area,61.829,Tentacle,H2-Sym-25,,61.82877173,A2-H2-Sym-25,H2-Sym-25,H2,25,Sym
343,A2-bf-Snap-473.czi,1869.265,0,65535,Tentacle Area,0,Tentacle,H2-Sym-25,,n/a,A2-H2-Sym-25,H2-Sym-25,H2,25,Sym
344,A2-fl-Snap-472.czi,1307.08,1166,65535,Symbiont Area,69.925,Tentacle,H2-Sym-25,,69.92481002,A2-H2-Sym-25,H2-Sym-25,H2,25,Sym
345,A2-bf-Snap-473.czi,1622.985,0,65535,Tentacle Area,69.925,Tentacle,H2-Sym-25,,n/a,A2-H2-Sym-25,H2-Sym-25,H2,25,Sym
346,A2-fl-Snap-472.czi,603.7,1197,65535,Symbiont Area,37.197,Tentacle,H2-Sym-25,,37.19689338,A2-H2-Sym-25,H2-Sym-25,H2,25,Sym
347,A2-bf-Snap-473.czi,1193.346,0,65535,Tentacle Area,0,Tentacle,H2-Sym-25,,n/a,A2-H2-Sym-25,H2-Sym-25,H2,25,Sym
348,A2-fl-Snap-472.czi,819.277,1780,65535,Symbiont Area,68.654,Tentacle,H2-Sym-25,,68.65376848,A2-H2-Sym-25,H2-Sym-25,H2,25,Sym
349,A3-bf-Snap-475.czi,3777.235,0,65535,Tentacle Area,0,Tentacle,H2-Sym-25,,n/a,A3-H2-Sym-25,H2-Sym-25,H2,25,Sym
350,A3-fl-Snap-474.czi,2080.517,1151,65535,Symbiont Area,55.08,Tentacle,H2-Sym-25,,55.08042258,A3-H2-Sym-25,H2-Sym-25,H2,25,Sym
351,A3-bf-Snap-475.czi,4610.566,0,65535,Tentacle Area,0,Tentacle,H2-Sym-25,,n/a,A3-H2-Sym-25,H2-Sym-25,H2,25,Sym
352,A3-fl-Snap-474.czi,2520.535,952,65535,Symbiont Area,54.669,Tentacle,H2-Sym-25,,54.66866758,A3-H2-Sym-25,H2-Sym-25,H2,25,Sym
353,A3-bf-Snap-475.czi,3954.107,0,65535,Tentacle Area,0,Tentacle,H2-Sym-25,,n/a,A3-H2-Sym-25,H2-Sym-25,H2,25,Sym
354,A3-fl-Snap-474.czi,2506.048,1123,65535,Symbiont Area,63.378,Tentacle,H2-Sym-25,,63.37835572,A3-H2-Sym-25,H2-Sym-25,H2,25,Sym
355,A3-bf-Snap-475.czi,1676.392,0,65535,Tentacle Area,0,Tentacle,H2-Sym-25,,n/a,A3-H2-Sym-25,H2-Sym-25,H2,25,Sym
356,A3-fl-Snap-474.czi,963.715,1350,65535,Symbiont Area,57.487,Tentacle,H2-Sym-25,,57.48744924,A3-H2-Sym-25,H2-Sym-25,H2,25,Sym
357,A4-fl-Snap-477.czi,4796.735,0,65535,Tentacle Area,0,Tentacle,H2-Sym-25,,n/a,A4-H2-Sym-25,H2-Sym-25,H2,25,Sym
358,A4-fl-Snap-476.czi,2757.95,1369,65535,Symbiont Area,57.496,Tentacle,H2-Sym-25,,57.4964012,A4-H2-Sym-25,H2-Sym-25,H2,25,Sym
359,A4-fl-Snap-477.czi,3383.921,0,65535,Tentacle Area,0,Tentacle,H2-Sym-25,,n/a,A4-H2-Sym-25,H2-Sym-25,H2,25,Sym
360,A4-fl-Snap-476.czi,1916.402,1323,65535,Symbiont Area,56.633,Tentacle,H2-Sym-25,,56.63258687,A4-H2-Sym-25,H2-Sym-25,H2,25,Sym
361,A4-fl-Snap-477.czi,1343.19,0,65535,Tentacle Area,0,Tentacle,H2-Sym-25,,n/a,A4-H2-Sym-25,H2-Sym-25,H2,25,Sym
362,A4-fl-Snap-476.czi,1016.69,1669,65535,Symbiont Area,75.692,Tentacle,H2-Sym-25,,75.69219545,A4-H2-Sym-25,H2-Sym-25,H2,25,Sym
363,A4-fl-Snap-477.czi,772.572,0,65535,Tentacle Area,0,Tentacle,H2-Sym-25,,n/a,A4-H2-Sym-25,H2-Sym-25,H2,25,Sym
364,A4-fl-Snap-476.czi,473.965,1429,65535,Symbiont Area,61.349,Tentacle,H2-Sym-25,,61.34897459,A4-H2-Sym-25,H2-Sym-25,H2,25,Sym
365,A5-fl-Snap-478.czi,1416.058,1703,65535,Symbiont Area,82.742,Tentacle,H2-Sym-25,,n/a,A5-H2-Sym-25,H2-Sym-25,H2,25,Sym
366,A5-bf-Snap-479.czi,1984.729,0,65535,Tentacle Area,0,Tentacle,H2-Sym-25,,140.1587364,A5-H2-Sym-25,H2-Sym-25,H2,25,Sym
367,A5-fl-Snap-478.czi,1202.427,1628,65535,Symbiont Area,60.584,Tentacle,H2-Sym-25,,n/a,A5-H2-Sym-25,H2-Sym-25,H2,25,Sym
368,A5-bf-Snap-479.czi,0.216,0,65535,0,0,0,H2-Sym-25,,0.01796366848,A5-H2-Sym-25,H2-Sym-25,H2,25,Sym
369,A5-bf-Snap-479.czi,1129.992,0,65535,Tentacle Area,0,Tentacle,H2-Sym-25,,n/a,A5-H2-Sym-25,H2-Sym-25,H2,25,Sym
370,A5-fl-Snap-478.czi,929.551,1365,65535,Symbiont Area,82.262,Tentacle,H2-Sym-25,,82.26173283,A5-H2-Sym-25,H2-Sym-25,H2,25,Sym
371,A5-bf-Snap-479.czi,1749.476,0,65535,Tentacle Area,0,Tentacle,H2-Sym-25,,n/a,A5-H2-Sym-25,H2-Sym-25,H2,25,Sym
372,A5-fl-Snap-478.czi,1265.565,1447,65535,Symbiont Area,72.34,Tentacle,H2-Sym-25,,72.33966056,A5-H2-Sym-25,H2-Sym-25,H2,25,Sym
373,A5-bf-Snap-479.czi,1691.961,0,65535,Tentacle Area,0,Tentacle,H2-Sym-25,,n/a,A5-H2-Sym-25,H2-Sym-25,H2,25,Sym
374,A5-fl-Snap-478.czi,1342.973,1628,65535,Symbiont Area,79.374,Tentacle,H2-Sym-25,,79.37375625,A5-H2-Sym-25,H2-Sym-25,H2,25,Sym
375,A6-bf-Snap-481.czi,708.786,0,65535,Tentacle Area,79.374,Tentacle,H2-Sym-25,,n/a,A6-H2-Sym-25,H2-Sym-25,H2,25,Sym
376,A6-fl-Snap-480.czi,457.965,1312,65535,Symbiont Area,64.613,Tentacle,H2-Sym-25,,64.61259111,A6-H2-Sym-25,H2-Sym-25,H2,25,Sym
377,A6-bf-Snap-481.czi,3784.37,0,65535,Tentacle Area,0,Tentacle,H2-Sym-25,,n/a,A6-H2-Sym-25,H2-Sym-25,H2,25,Sym
378,A6-fl-Snap-480.czi,2290.688,1344,65535,Symbiont Area,60.53,Tentacle,H2-Sym-25,,60.53023357,A6-H2-Sym-25,H2-Sym-25,H2,25,Sym
379,A6-bf-Snap-481.czi,1206.968,0,65535,Tentacle Area,0,Tentacle,H2-Sym-25,,n/a,A6-H2-Sym-25,H2-Sym-25,H2,25,Sym
380,A6-fl-Snap-480.czi,695.596,1172,65535,Symbiont Area,57.632,Tentacle,H2-Sym-25,,57.63168535,A6-H2-Sym-25,H2-Sym-25,H2,25,Sym
381,A6-bf-Snap-481.czi,2969.202,0,65535,Tentacle Area,0,Tentacle,H2-Sym-25,,n/a,A6-H2-Sym-25,H2-Sym-25,H2,25,Sym
382,A6-fl-Snap-480.czi,1828.182,1281,65535,Symbiont Area,61.572,Tentacle,H2-Sym-25,,61.57149295,A6-H2-Sym-25,H2-Sym-25,H2,25,Sym
383,A6-bf-Snap-481.czi,2993.851,0,65535,Tentacle Area,0,Tentacle,H2-Sym-25,,n/a,A6-H2-Sym-25,H2-Sym-25,H2,25,Sym
384,A6-fl-Snap-480.czi,1493.466,1109,65535,Symbiont Area,49.884,Tentacle,H2-Sym-25,,49.88444649,A6-H2-Sym-25,H2-Sym-25,H2,25,Sym
385,A7-bf-Snap-483.czi,4368.61,0,65535,Tentacle Area,0,Tentacle,H2-Sym-25,,n/a,A7-H2-Sym-25,H2-Sym-25,H2,25,Sym
386,A7-fl-Snap-482.czi,2885.955,1399,65535,Symbiont Area,66.061,Tentacle,H2-Sym-25,,66.06117278,A7-H2-Sym-25,H2-Sym-25,H2,25,Sym
387,A7-bf-Snap-483.czi,1367.407,0,65535,Tentacle Area,0,Tentacle,H2-Sym-25,,n/a,A7-H2-Sym-25,H2-Sym-25,H2,25,Sym
388,A7-fl-Snap-482.czi,833.115,1654,65535,Symbiont Area,60.927,Tentacle,H2-Sym-25,,60.92662975,A7-H2-Sym-25,H2-Sym-25,H2,25,Sym
389,A7-bf-Snap-483.czi,4362.123,0,65535,Tentacle Area,0,Tentacle,H2-Sym-25,,n/a,A7-H2-Sym-25,H2-Sym-25,H2,25,Sym
390,A7-fl-Snap-482.czi,2027.109,1143,65535,Symbiont Area,46.471,Tentacle,H2-Sym-25,,46.47069787,A7-H2-Sym-25,H2-Sym-25,H2,25,Sym
391,A7-bf-Snap-483.czi,2648.972,0,65535,Tentacle Area,0,Tentacle,H2-Sym-25,,n/a,A7-H2-Sym-25,H2-Sym-25,H2,25,Sym
392,A7-fl-Snap-482.czi,954.633,1233,65535,Symbiont Area,36.038,Tentacle,H2-Sym-25,,36.03786676,A7-H2-Sym-25,H2-Sym-25,H2,25,Sym
393,A8-bf-Snap-485.czi,1519.197,0,65535,Tentacle Area,0,Tentacle,H2-Sym-25,,n/a,A8-H2-Sym-25,H2-Sym-25,H2,25,Sym
394,A8-fl-Snap-484.czi,1183.399,1250,65535,Symbiont Area,77.896,Tentacle,H2-Sym-25,,77.89634919,A8-H2-Sym-25,H2-Sym-25,H2,25,Sym
395,A8-bf-Snap-485.czi,2762.274,0,65535,Tentacle Area,0,Tentacle,H2-Sym-25,,n/a,A8-H2-Sym-25,H2-Sym-25,H2,25,Sym
396,A8-fl-Snap-484.czi,1914.889,1250,65535,Symbiont Area,69.323,Tentacle,H2-Sym-25,,69.32292017,A8-H2-Sym-25,H2-Sym-25,H2,25,Sym
397,A8-bf-Snap-485.czi,1205.238,0,65535,Tentacle Area,0,Tentacle,H2-Sym-25,,n/a,A8-H2-Sym-25,H2-Sym-25,H2,25,Sym
398,A8-fl-Snap-484.czi,764.355,1264,65535,Symbiont Area,63.419,Tentacle,H2-Sym-25,,63.41942421,A8-H2-Sym-25,H2-Sym-25,H2,25,Sym
399,A8-bf-Snap-485.czi,2978.283,0,65535,Tentacle Area,0,Tentacle,H2-Sym-25,,n/a,A8-H2-Sym-25,H2-Sym-25,H2,25,Sym
400,A8-fl-Snap-484.czi,1543.198,1566,65535,Symbiont Area,51.815,Tentacle,H2-Sym-25,,51.81502228,A8-H2-Sym-25,H2-Sym-25,H2,25,Sym
401,A8-bf-Snap-485.czi,446.505,0,65535,Tentacle Area,0,Tentacle,H2-Sym-25,,n/a,A8-H2-Sym-25,H2-Sym-25,H2,25,Sym
402,A8-fl-Snap-484.czi,292.985,1308,65535,Symbiont Area,65.617,Tentacle,H2-Sym-25,,65.6174063,A8-H2-Sym-25,H2-Sym-25,H2,25,Sym
403,B2-bf-Snap-489.czi,570.185,0,65535,Tentacle Area,0,Tentacle,H2-Sym-25,,n/a,B2-H2-Sym-25,H2-Sym-25,H2,25,Sym
404,B2-fl-Snap-488.czi,329.527,1453,65535,Symbiont Area,57.793,Tentacle,H2-Sym-25,,57.79299701,B2-H2-Sym-25,H2-Sym-25,H2,25,Sym
405,B2-bf-Snap-489.czi,920.47,0,65535,Tentacle Area,0,Tentacle,H2-Sym-25,,n/a,B2-H2-Sym-25,H2-Sym-25,H2,25,Sym
406,B2-fl-Snap-488.czi,614.944,1804,65535,Symbiont Area,66.808,Tentacle,H2-Sym-25,,66.80760916,B2-H2-Sym-25,H2-Sym-25,H2,25,Sym
407,B2-bf-Snap-489.czi,3784.802,0,65535,Tentacle Area,0,Tentacle,H2-Sym-25,,n/a,B2-H2-Sym-25,H2-Sym-25,H2,25,Sym
408,B2-fl-Snap-488.czi,1604.822,1315,65535,Symbiont Area,42.402,Tentacle,H2-Sym-25,,42.40174255,B2-H2-Sym-25,H2-Sym-25,H2,25,Sym
409,B2-bf-Snap-489.czi,562.834,0,65535,Tentacle Area,0,Tentacle,H2-Sym-25,,n/a,B2-H2-Sym-25,H2-Sym-25,H2,25,Sym
410,B2-fl-Snap-488.czi,387.475,1514,65535,Symbiont Area,68.844,Tentacle,H2-Sym-25,,68.84356666,B2-H2-Sym-25,H2-Sym-25,H2,25,Sym
411,B2-bf-Snap-489.czi,248.226,0,65535,Tentacle Area,0,Tentacle,H2-Sym-25,,n/a,B2-H2-Sym-25,H2-Sym-25,H2,25,Sym
412,B2-fl-Snap-488.czi,135.141,1621,65535,Symbiont Area,54.443,Tentacle,H2-Sym-25,,54.44272558,B2-H2-Sym-25,H2-Sym-25,H2,25,Sym
413,B2-bf-Snap-489.czi,3456.14,0,65535,Tentacle Area,0,Tentacle,H2-Sym-25,,n/a,B2-H2-Sym-25,H2-Sym-25,H2,25,Sym
414,B2-fl-Snap-488.czi,1647.202,1544,65535,Symbiont Area,47.66,Tentacle,H2-Sym-25,,47.66016423,B2-H2-Sym-25,H2-Sym-25,H2,25,Sym
415,B2-bf-Snap-489.czi,623.809,0,65535,Tentacle Area,0,Tentacle,H2-Sym-25,,n/a,B2-H2-Sym-25,H2-Sym-25,H2,25,Sym
416,B2-fl-Snap-488.czi,336.879,1590,65535,Symbiont Area,54.003,Tentacle,H2-Sym-25,,54.00354916,B2-H2-Sym-25,H2-Sym-25,H2,25,Sym
417,B3-bf-Snap-627.czi,2493.507,0,65535,Tentacle Area,0,Tentacle,H2-Sym-25,,n/a,B3-H2-Sym-25,H2-Sym-25,H2,25,Sym
418,B3-fl-Snap-626.czi,1446.329,950,65535,Symbiont Area,58.004,Tentacle,H2-Sym-25,,58.00380749,B3-H2-Sym-25,H2-Sym-25,H2,25,Sym
419,B3-bf-Snap-627.czi,9432.383,0,65535,Tentacle Area,0,Tentacle,H2-Sym-25,,n/a,B3-H2-Sym-25,H2-Sym-25,H2,25,Sym
420,B3-fl-Snap-626.czi,4673.271,920,65535,Symbiont Area,49.545,Tentacle,H2-Sym-25,,49.54496653,B3-H2-Sym-25,H2-Sym-25,H2,25,Sym
421,B3-bf-Snap-627.czi,457.316,0,65535,Tentacle Area,0,Tentacle,H2-Sym-25,,n/a,B3-H2-Sym-25,H2-Sym-25,H2,25,Sym
422,B3-fl-Snap-626.czi,226.388,875,65535,Symbiont Area,49.504,Tentacle,H2-Sym-25,,49.5036255,B3-H2-Sym-25,H2-Sym-25,H2,25,Sym
423,B3-bf-Snap-627.czi,11178.616,0,65535,Tentacle Area,0,Tentacle,H2-Sym-25,,n/a,B3-H2-Sym-25,H2-Sym-25,H2,25,Sym
424,B3-fl-Snap-626.czi,5712.016,1086,65535,Symbiont Area,51.098,Tentacle,H2-Sym-25,,51.09770297,B3-H2-Sym-25,H2-Sym-25,H2,25,Sym
425,B3-bf-Snap-627.czi,2592.105,0,65535,Tentacle Area,0,Tentacle,H2-Sym-25,,n/a,B3-H2-Sym-25,H2-Sym-25,H2,25,Sym
426,B3-fl-Snap-626.czi,1704.934,1372,65535,Symbiont Area,65.774,Tentacle,H2-Sym-25,,65.77411023,B3-H2-Sym-25,H2-Sym-25,H2,25,Sym
427,B3-bf-Snap-627.czi,2648.54,0,65535,Tentacle Area,0,Tentacle,H2-Sym-25,,n/a,B3-H2-Sym-25,H2-Sym-25,H2,25,Sym
428,B3-fl-Snap-626.czi,1703.204,1312,65535,Symbiont Area,64.307,Tentacle,H2-Sym-25,,64.30727873,B3-H2-Sym-25,H2-Sym-25,H2,25,Sym
429,B4-bf-Snap-493.czi,3279.917,0,65535,Tentacle Area,64.307,Tentacle,H2-Sym-25,,n/a,B4-H2-Sym-25,H2-Sym-25,H2,25,Sym
430,B4-fl-Snap-492.czi,1343.838,747,65535,Symbiont Area,40.972,Tentacle,H2-Sym-25,,40.97170752,B4-H2-Sym-25,H2-Sym-25,H2,25,Sym
431,B4-bf-Snap-493.czi,2917.308,0,65535,Tentacle Area,0,Tentacle,H2-Sym-25,,n/a,B4-H2-Sym-25,H2-Sym-25,H2,25,Sym
432,B4-fl-Snap-492.czi,1525.035,830,65535,Symbiont Area,52.275,Tentacle,H2-Sym-25,,52.27541967,B4-H2-Sym-25,H2-Sym-25,H2,25,Sym
433,B4-bf-Snap-493.czi,2363.339,0,65535,Tentacle Area,0,Tentacle,H2-Sym-25,,n/a,B4-H2-Sym-25,H2-Sym-25,H2,25,Sym
434,B4-fl-Snap-492.czi,1270.754,1078,65535,Symbiont Area,53.769,Tentacle,H2-Sym-25,,53.76943384,B4-H2-Sym-25,H2-Sym-25,H2,25,Sym
435,B4-bf-Snap-493.czi,1458.87,0,65535,Tentacle Area,0,Tentacle,H2-Sym-25,,n/a,B4-H2-Sym-25,H2-Sym-25,H2,25,Sym
436,B4-fl-Snap-492.czi,873.549,1493,65535,Symbiont Area,59.878,Tentacle,H2-Sym-25,,59.87846758,B4-H2-Sym-25,H2-Sym-25,H2,25,Sym
437,B4-bf-Snap-493.czi,18012.191,0,65535,Tentacle Area,0,Body column,H2-Sym-25,,n/a,B4-H2-Sym-25,H2-Sym-25,H2,25,Sym
438,B4-fl-Snap-492.czi,6740.814,747,65535,Symbiont Area,37.424,Body column,H2-Sym-25,,37.42362048,B4-H2-Sym-25,H2-Sym-25,H2,25,Sym
439,B5-bf-Snap-588.czi,4494.885,0,65535,Tentacle Area,0,Tentacle,H2-Sym-25,"Blurry picture, unclear, tentacle and blurry cannot see, only 1 tentacle visible ",n/a,B5-H2-Sym-25,H2-Sym-25,H2,25,Sym
440,B5-fl-Snap-589.czi,2591.673,1679,65535,Symbiont Area,57.658,Tentacle,H2-Sym-25,,57.65827157,B5-H2-Sym-25,H2-Sym-25,H2,25,Sym
441,B6-bf-Snap-499.czi,2054.137,0,65535,Tentacle Area,0,Tentacle,H2-Sym-25,,n/a,B6-H2-Sym-25,H2-Sym-25,H2,25,Sym
442,B6-fl-Snap-498.czi,1222.536,856,65535,Symbiont Area,59.516,Tentacle,H2-Sym-25,,59.51579666,B6-H2-Sym-25,H2-Sym-25,H2,25,Sym
443,B6-bf-Snap-499.czi,1325.675,0,65535,Tentacle Area,0,Tentacle,H2-Sym-25,,n/a,B6-H2-Sym-25,H2-Sym-25,H2,25,Sym
444,B6-fl-Snap-498.czi,702.299,914,65535,Symbiont Area,52.977,Tentacle,H2-Sym-25,,52.97670998,B6-H2-Sym-25,H2-Sym-25,H2,25,Sym
445,B6-bf-Snap-499.czi,2354.474,0,65535,Tentacle Area,0,Tentacle,H2-Sym-25,,n/a,B6-H2-Sym-25,H2-Sym-25,H2,25,Sym
446,B6-fl-Snap-498.czi,1708.394,1285,65535,Symbiont Area,72.559,Tentacle,H2-Sym-25,,72.55947613,B6-H2-Sym-25,H2-Sym-25,H2,25,Sym
447,B6-bf-Snap-499.czi,6597.025,0,65535,Tentacle Area,0,Tentacle,H2-Sym-25,,n/a,B6-H2-Sym-25,H2-Sym-25,H2,25,Sym
448,B6-fl-Snap-498.czi,3236.672,1185,65535,Symbiont Area,49.063,Tentacle,H2-Sym-25,,49.06260019,B6-H2-Sym-25,H2-Sym-25,H2,25,Sym
449,B6-bf-Snap-499.czi,1173.886,0,65535,Tentacle Area,0,Tentacle,H2-Sym-25,,n/a,B6-H2-Sym-25,H2-Sym-25,H2,25,Sym
450,B6-fl-Snap-498.czi,591.592,1213,65535,Symbiont Area,50.396,Tentacle,H2-Sym-25,,50.39603505,B6-H2-Sym-25,H2-Sym-25,H2,25,Sym
451,B6-bf-Snap-499.czi,5093.829,0,65535,Tentacle Area,0,Tentacle,H2-Sym-25,,n/a,B6-H2-Sym-25,H2-Sym-25,H2,25,Sym
452,B6-fl-Snap-498.czi,2126.357,985,65535,Symbiont Area,41.744,Tentacle,H2-Sym-25,,41.74378449,B6-H2-Sym-25,H2-Sym-25,H2,25,Sym
453,B7-bf-Snap-501.czi,4121.032,0,65535,Tentacle Area,41.744,Tentacle,H2-Sym-25,,n/a,B7-H2-Sym-25,H2-Sym-25,H2,25,Sym
454,B7-fl-Snap-500.czi,2699.353,1427,65535,Symbiont Area,65.502,Tentacle,H2-Sym-25,,65.50186943,B7-H2-Sym-25,H2-Sym-25,H2,25,Sym
455,B7-bf-Snap-501.czi,2702.38,0,65535,Tentacle Area,0,Tentacle,H2-Sym-25,,n/a,B7-H2-Sym-25,H2-Sym-25,H2,25,Sym
456,B7-fl-Snap-500.czi,1933.916,1562,65535,Symbiont Area,71.563,Tentacle,H2-Sym-25,,71.56343667,B7-H2-Sym-25,H2-Sym-25,H2,25,Sym
457,B7-bf-Snap-501.czi,2869.306,0,65535,Tentacle Area,0,Tentacle,H2-Sym-25,,n/a,B7-H2-Sym-25,H2-Sym-25,H2,25,Sym
458,B7-fl-Snap-500.czi,2055.219,1562,65535,Symbiont Area,71.628,Tentacle,H2-Sym-25,,71.62773855,B7-H2-Sym-25,H2-Sym-25,H2,25,Sym
459,B7-bf-Snap-501.czi,3840.588,0,65535,Tentacle Area,0,Body column,H2-Sym-25,,n/a,B7-H2-Sym-25,H2-Sym-25,H2,25,Sym
460,B7-fl-Snap-500.czi,1243.726,579,65535,Symbiont Area,32.384,Body column,H2-Sym-25,,32.38373916,B7-H2-Sym-25,H2-Sym-25,H2,25,Sym
461,B8-bf-Snap-629.czi,1570.875,0,65535,Tentacle Area,0,Tentacle,H2-Sym-25,,n/a,B8-H2-Sym-25,H2-Sym-25,H2,25,Sym
462,B8-fl-Snap-628.czi,709.434,958,65535,Symbiont Area,45.162,Tentacle,H2-Sym-25,,45.16170924,B8-H2-Sym-25,H2-Sym-25,H2,25,Sym
463,B8-bf-Snap-629.czi,3236.456,0,65535,Tentacle Area,0,Tentacle,H2-Sym-25,,n/a,B8-H2-Sym-25,H2-Sym-25,H2,25,Sym
464,B8-fl-Snap-628.czi,1735.638,1699,65535,Symbiont Area,53.628,Tentacle,H2-Sym-25,,53.62773355,B8-H2-Sym-25,H2-Sym-25,H2,25,Sym
465,B8-bf-Snap-629.czi,6122.411,0,65535,Tentacle Area,0,Tentacle,H2-Sym-25,,n/a,B8-H2-Sym-25,H2-Sym-25,H2,25,Sym
466,B8-fl-Snap-628.czi,2779.14,973,65535,Symbiont Area,45.393,Tentacle,H2-Sym-25,,45.39290159,B8-H2-Sym-25,H2-Sym-25,H2,25,Sym
467,B8-bf-Snap-629.czi,1970.891,0,65535,Tentacle Area,0,Tentacle,H2-Sym-25,,n/a,B8-H2-Sym-25,H2-Sym-25,H2,25,Sym
468,B8-fl-Snap-628.czi,877.009,798,65535,Symbiont Area,44.498,Tentacle,H2-Sym-25,,44.49809756,B8-H2-Sym-25,H2-Sym-25,H2,25,Sym
469,B8-bf-Snap-629.czi,9474.115,0,65535,Tentacle Area,0,Body column,H2-Sym-25,,n/a,B8-H2-Sym-25,H2-Sym-25,H2,25,Sym
470,B8-fl-Snap-628.czi,1988.838,552,65535,Symbiont Area,20.992,Body column,H2-Sym-25,,20.99233543,B8-H2-Sym-25,H2-Sym-25,H2,25,Sym
471,C2-bf-Snap-635.czi,1094.963,0,65535,Tentacle Area,20.992,Tentacle,H2-Sym-25,,n/a,C2-H2-Sym-25,H2-Sym-25,H2,25,Sym
472,C2-fl-Snap-634.czi,546.617,1726,65535,Symbiont Area,49.921,Tentacle,H2-Sym-25,,49.92104756,C2-H2-Sym-25,H2-Sym-25,H2,25,Sym
473,C2-bf-Snap-635.czi,4960.85,0,65535,Tentacle Area,0,Tentacle,H2-Sym-25,,n/a,C2-H2-Sym-25,H2-Sym-25,H2,25,Sym
474,C2-fl-Snap-634.czi,2806.6,1030,65535,Symbiont Area,56.575,Tentacle,H2-Sym-25,,56.57498211,C2-H2-Sym-25,H2-Sym-25,H2,25,Sym
475,C2-bf-Snap-635.czi,4274.552,0,65535,Tentacle Area,0,Tentacle,H2-Sym-25,,n/a,C2-H2-Sym-25,H2-Sym-25,H2,25,Sym
476,C2-fl-Snap-634.czi,2112.951,1120,65535,Symbiont Area,49.431,Tentacle,H2-Sym-25,,49.43093452,C2-H2-Sym-25,H2-Sym-25,H2,25,Sym
477,C2-bf-Snap-635.czi,658.621,0,65535,Tentacle Area,0,Tentacle,H2-Sym-25,,n/a,C2-H2-Sym-25,H2-Sym-25,H2,25,Sym
478,C2-fl-Snap-634.czi,373.204,1348,65535,Symbiont Area,56.664,Tentacle,H2-Sym-25,,56.66445497,C2-H2-Sym-25,H2-Sym-25,H2,25,Sym
479,C2-bf-Snap-635.czi,938.633,0,65535,Tentacle Area,0,Tentacle,H2-Sym-25,,n/a,C2-H2-Sym-25,H2-Sym-25,H2,25,Sym
480,C2-fl-Snap-634.czi,622.079,1696,65535,Symbiont Area,66.275,Tentacle,H2-Sym-25,,66.27499779,C2-H2-Sym-25,H2-Sym-25,H2,25,Sym
481,C3-bf-Snap-511.czi,2199.224,0,65535,Tentacle Area,0,Tentacle,H2-Sym-25,,n/a,C3-H2-Sym-25,H2-Sym-25,H2,25,Sym
482,C3-fl-Snap-510.czi,1326.108,1670,65535,Symbiont Area,60.299,Tentacle,H2-Sym-25,,60.29890543,C3-H2-Sym-25,H2-Sym-25,H2,25,Sym
483,C3-bf-Snap-511.czi,594.403,0,65535,Tentacle Area,41.327,Tentacle,H2-Sym-25,,n/a,C3-H2-Sym-25,H2-Sym-25,H2,25,Sym
484,C3-fl-Snap-510.czi,424.017,1259,65535,Symbiont Area,71.335,Tentacle,H2-Sym-25,,71.33493606,C3-H2-Sym-25,H2-Sym-25,H2,25,Sym
485,C3-bf-Snap-511.czi,221.847,0,65535,Tentacle Area,0,Tentacle,H2-Sym-25,,n/a,C3-H2-Sym-25,H2-Sym-25,H2,25,Sym
486,C3-fl-Snap-510.czi,86.922,1040,65535,Symbiont Area,39.181,Tentacle,H2-Sym-25,,39.18105722,C3-H2-Sym-25,H2-Sym-25,H2,25,Sym
487,C3-bf-Snap-511.czi,1627.526,0,65535,Tentacle Area,0,Tentacle,H2-Sym-25,,n/a,C3-H2-Sym-25,H2-Sym-25,H2,25,Sym
488,C3-fl-Snap-510.czi,1136.262,1026,65535,Symbiont Area,69.815,Tentacle,H2-Sym-25,,69.8152902,C3-H2-Sym-25,H2-Sym-25,H2,25,Sym
489,C3-bf-Snap-511.czi,518.075,0,65535,Tentacle Area,0,Tentacle,H2-Sym-25,,n/a,C3-H2-Sym-25,H2-Sym-25,H2,25,Sym
490,C3-fl-Snap-510.czi,335.581,1464,65535,Symbiont Area,64.775,Tentacle,H2-Sym-25,,64.77459827,C3-H2-Sym-25,H2-Sym-25,H2,25,Sym
491,C4-bf-Snap-633.czi,3248.997,0,65535,Tentacle Area,64.775,Tentacle,H2-Sym-25,,n/a,C4-H2-Sym-25,H2-Sym-25,H2,25,Sym
492,C4-fl-Snap-632.czi,1818.02,788,65535,Symbiont Area,55.956,Tentacle,H2-Sym-25,,55.95634591,C4-H2-Sym-25,H2-Sym-25,H2,25,Sym
493,C4-bf-Snap-633.czi,3725.557,0,65535,Tentacle Area,0,Tentacle,H2-Sym-25,,n/a,C4-H2-Sym-25,H2-Sym-25,H2,25,Sym
494,C4-fl-Snap-632.czi,1372.164,587,65535,Symbiont Area,36.831,Tentacle,H2-Sym-25,,36.83111009,C4-H2-Sym-25,H2-Sym-25,H2,25,Sym
495,C4-bf-Snap-633.czi,2833.412,0,65535,Tentacle Area,0,Tentacle,H2-Sym-25,,n/a,C4-H2-Sym-25,H2-Sym-25,H2,25,Sym
496,C4-fl-Snap-632.czi,1334.757,1203,65535,Symbiont Area,47.108,Tentacle,H2-Sym-25,,47.10776266,C4-H2-Sym-25,H2-Sym-25,H2,25,Sym
497,C4-bf-Snap-633.czi,1019.933,0,65535,Tentacle Area,0,Tentacle,H2-Sym-25,,n/a,C4-H2-Sym-25,H2-Sym-25,H2,25,Sym
498,C4-fl-Snap-632.czi,563.05,1633,65535,Symbiont Area,55.205,Tentacle,H2-Sym-25,,55.20460658,C4-H2-Sym-25,H2-Sym-25,H2,25,Sym
499,C4-bf-Snap-633.czi,2211.982,0,65535,Tentacle Area,0,Tentacle,H2-Sym-25,,n/a,C4-H2-Sym-25,H2-Sym-25,H2,25,Sym
500,C4-fl-Snap-632.czi,1221.023,816,65535,Symbiont Area,55.2,Tentacle,H2-Sym-25,,55.20040398,C4-H2-Sym-25,H2-Sym-25,H2,25,Sym
501,C5-bf-Snap-631.czi,6888.496,0,65535,Tentacle Area,55.2,Tentacle,H2-Sym-25,,n/a,C5-H2-Sym-25,H2-Sym-25,H2,25,Sym
502,C5-fl-Snap-630.czi,2768.112,966,65535,Symbiont Area,40.185,Tentacle,H2-Sym-25,,40.18456278,C5-H2-Sym-25,H2-Sym-25,H2,25,Sym
503,C5-bf-Snap-631.czi,1651.31,0,65535,Tentacle Area,0,Tentacle,H2-Sym-25,,n/a,C5-H2-Sym-25,H2-Sym-25,H2,25,Sym
504,C5-fl-Snap-630.czi,985.121,1977,65535,Symbiont Area,59.657,Tentacle,H2-Sym-25,,59.65693904,C5-H2-Sym-25,H2-Sym-25,H2,25,Sym
505,C5-fl-Snap-630.czi,226728.346,0,65535,Tentacle Area,0,Tentacle,H2-Sym-25,,n/a,C5-H2-Sym-25,H2-Sym-25,H2,25,Sym
506,C5-fl-Snap-630.czi,88.004,1721,65535,Symbiont Area,0.039,Tentacle,H2-Sym-25,,0.03881473206,C5-H2-Sym-25,H2-Sym-25,H2,25,Sym
507,C5-bf-Snap-631.czi,406.503,0,65535,Tentacle Area,0,Tentacle,H2-Sym-25,,n/a,C5-H2-Sym-25,H2-Sym-25,H2,25,Sym
508,C5-fl-Snap-630.czi,310.283,2143,65535,Symbiont Area,76.33,Tentacle,H2-Sym-25,,76.32981798,C5-H2-Sym-25,H2-Sym-25,H2,25,Sym
509,C6-bf-Snap-517.czi,1945.809,0,65535,Tentacle Area,0,Tentacle,H2-Sym-25,"Blurry, unlear image, only 2 partial tentacles clear",n/a,C6-H2-Sym-25,H2-Sym-25,H2,25,Sym
510,C6-fl-Snap-516.czi,939.93,786,65535,Symbiont Area,48.305,Tentacle,H2-Sym-25,,48.30535782,C6-H2-Sym-25,H2-Sym-25,H2,25,Sym
511,C6-bf-Snap-517.czi,955.714,0,65535,Tentacle Area,0,Tentacle,H2-Sym-25,,n/a,C6-H2-Sym-25,H2-Sym-25,H2,25,Sym
512,C6-fl-Snap-516.czi,485.641,796,65535,Symbiont Area,50.814,Tentacle,H2-Sym-25,,50.8144696,C6-H2-Sym-25,H2-Sym-25,H2,25,Sym
513,C7-bf-Snap-519.czi,4724.084,0,65535,Tentacle Area,0,Tentacle,H2-Sym-25,,n/a,C7-H2-Sym-25,H2-Sym-25,H2,25,Sym
514,C7-fl-Snap-518.czi,2482.047,1299,65535,Symbiont Area,52.54,Tentacle,H2-Sym-25,,52.54028082,C7-H2-Sym-25,H2-Sym-25,H2,25,Sym
515,C7-bf-Snap-519.czi,984.689,0,65535,Tentacle Area,0,Tentacle,H2-Sym-25,,n/a,C7-H2-Sym-25,H2-Sym-25,H2,25,Sym
516,C7-fl-Snap-518.czi,670.946,1439,65535,Symbiont Area,68.138,Tentacle,H2-Sym-25,,68.13785876,C7-H2-Sym-25,H2-Sym-25,H2,25,Sym
517,C7-bf-Snap-519.czi,4048.813,0,65535,Tentacle Area,0,Body column,H2-Sym-25,,n/a,C7-H2-Sym-25,H2-Sym-25,H2,25,Sym
518,C7-fl-Snap-518.czi,1219.725,586,65535,Symbiont Area,30.126,Body column,H2-Sym-25,,30.12549604,C7-H2-Sym-25,H2-Sym-25,H2,25,Sym
513,C8-bf-Snap-521.czi,2385.61,0,65535,Tentacle Area,30.126,Tentacle,H2-Sym-25,,n/a,C8-H2-Sym-25,H2-Sym-25,H2,25,Sym
514,C8-fl-Snap-520.czi,1704.285,1236,65535,Symbiont Area,71.44,Tentacle,H2-Sym-25,,71.44021864,C8-H2-Sym-25,H2-Sym-25,H2,25,Sym
515,C8-bf-Snap-521.czi,1353.352,0,65535,Tentacle Area,30.126,Tentacle,H2-Sym-25,,n/a,C8-H2-Sym-25,H2-Sym-25,H2,25,Sym
516,C8-fl-Snap-520.czi,718.299,1507,65535,Symbiont Area,53.076,Tentacle,H2-Sym-25,,53.07554871,C8-H2-Sym-25,H2-Sym-25,H2,25,Sym
517,C8-bf-Snap-521.czi,3390.192,0,65535,Tentacle Area,30.126,Tentacle,H2-Sym-25,,n/a,C8-H2-Sym-25,H2-Sym-25,H2,25,Sym
518,C8-fl-Snap-520.czi,1388.597,1568,65535,Symbiont Area,40.959,Tentacle,H2-Sym-25,,40.95924361,C8-H2-Sym-25,H2-Sym-25,H2,25,Sym
519,C8-bf-Snap-521.czi,469.857,0,65535,Tentacle Area,0,Tentacle,H2-Sym-25,,n/a,C8-H2-Sym-25,H2-Sym-25,H2,25,Sym
520,C8-fl-Snap-520.czi,314.175,1357,65535,Symbiont Area,66.866,Tentacle,H2-Sym-25,,66.86608904,C8-H2-Sym-25,H2-Sym-25,H2,25,Sym
521,C8-bf-Snap-521.czi,1643.526,0,65535,Tentacle Area,0,Tentacle,H2-Sym-25,,n/a,C8-H2-Sym-25,H2-Sym-25,H2,25,Sym
522,C8-fl-Snap-520.czi,684.568,1327,65535,Symbiont Area,41.652,Tentacle,H2-Sym-25,,41.65239856,C8-H2-Sym-25,H2-Sym-25,H2,25,Sym
523,D1-bf-Snap-523.czi,1259.943,0,65535,Tentacle Area,0,Tentacle,H2-Sym-25,,n/a,D1-H2-Sym-25,H2-Sym-25,H2,25,Sym
524,D1-fl-Snap-522.czi,753.76,1449,65535,Symbiont Area,59.825,Tentacle,H2-Sym-25,,59.82492859,D1-H2-Sym-25,H2-Sym-25,H2,25,Sym
525,D1-bf-Snap-523.czi,615.809,0,65535,Tentacle Area,0,Tentacle,H2-Sym-25,,n/a,D1-H2-Sym-25,H2-Sym-25,H2,25,Sym
526,D1-fl-Snap-522.czi,405.422,1863,65535,Symbiont Area,65.836,Tentacle,H2-Sym-25,,65.83567307,D1-H2-Sym-25,H2-Sym-25,H2,25,Sym
527,D1-bf-Snap-523.czi,5379.029,0,65535,Tentacle Area,0,Tentacle,H2-Sym-25,,n/a,D1-H2-Sym-25,H2-Sym-25,H2,25,Sym
528,D1-fl-Snap-522.czi,2578.051,828,65535,Symbiont Area,47.928,Tentacle,H2-Sym-25,,47.92781374,D1-H2-Sym-25,H2-Sym-25,H2,25,Sym
,D2-bf-Snap-523.czi,,,,,,,H2-Sym-25,D2 bf image missing ,n/a,D2-H2-Sym-25,H2-Sym-25,H2,25,Sym
,D2-fl-Snap-524.czi,,,,,,,H2-Sym-25,,#DIV/0!,D2-H2-Sym-25,H2-Sym-25,H2,25,Sym
,D3-bf-Snap-525.czi,,,,,,,H2-Sym-25,"Blurry, no clear tentacles ",n/a,D3-H2-Sym-25,H2-Sym-25,H2,25,Sym
,D3-fl-Snap-524.czi,,,,,,,H2-Sym-25,,#DIV/0!,D3-H2-Sym-25,H2-Sym-25,H2,25,Sym
529,D4-bf-Snap-625.czi,3525.765,0,65535,Tentacle Area,0,Tentacle,H2-Sym-25,,n/a,D4-H2-Sym-25,H2-Sym-25,H2,25,Sym
530,D4-fl-Snap-624.czi,871.387,1200,65535,Symbiont Area,24.715,Tentacle,H2-Sym-25,,24.71483494,D4-H2-Sym-25,H2-Sym-25,H2,25,Sym
529,D4-bf-Snap-625.czi,3525.765,0,65535,Tentacle Area,0,Tentacle,H2-Sym-25,,n/a,D4-H2-Sym-25,H2-Sym-25,H2,25,Sym
530,D4-fl-Snap-624.czi,871.387,1200,65535,Symbiont Area,24.715,Tentacle,H2-Sym-25,,24.71483494,D4-H2-Sym-25,H2-Sym-25,H2,25,Sym
531,D4-bf-Snap-625.czi,9522.333,0,65535,Tentacle Area,0,Tentacle,H2-Sym-25,,n/a,D4-H2-Sym-25,H2-Sym-25,H2,25,Sym
532,D4-fl-Snap-624.czi,1275.511,765,65535,Symbiont Area,13.395,Tentacle,H2-Sym-25,,13.39494218,D4-H2-Sym-25,H2-Sym-25,H2,25,Sym
533,D4-bf-Snap-625.czi,8794.303,0,65535,Tentacle Area,0,Tentacle,H2-Sym-25,,n/a,D4-H2-Sym-25,H2-Sym-25,H2,25,Sym
534,D4-fl-Snap-624.czi,2187.765,435,65535,Symbiont Area,24.877,Tentacle,H2-Sym-25,,24.87707099,D4-H2-Sym-25,H2-Sym-25,H2,25,Sym
535,D4-bf-Snap-625.czi,2369.177,0,65535,Tentacle Area,0,Tentacle,H2-Sym-25,,n/a,D4-H2-Sym-25,H2-Sym-25,H2,25,Sym
536,D4-fl-Snap-624.czi,894.523,645,65535,Symbiont Area,37.757,Tentacle,H2-Sym-25,,37.75669779,D4-H2-Sym-25,H2-Sym-25,H2,25,Sym
537,D4-bf-Snap-625.czi,795.059,0,65535,Tentacle Area,0,Tentacle,H2-Sym-25,,n/a,D4-H2-Sym-25,H2-Sym-25,H2,25,Sym
538,D4-fl-Snap-624.czi,462.073,930,65535,Symbiont Area,58.118,Tentacle,H2-Sym-25,,58.11807677,D4-H2-Sym-25,H2-Sym-25,H2,25,Sym
539,D5-bf-Snap-623.czi,2740.219,0,65535,Tentacle Area,0,Tentacle,H2-Sym-25,,n/a,D5-H2-Sym-25,H2-Sym-25,H2,25,Sym
540,D5-fl-Snap-622.czi,1414.544,1534,65535,Symbiont Area,51.622,Tentacle,H2-Sym-25,,51.62156747,D5-H2-Sym-25,H2-Sym-25,H2,25,Sym
541,D5-bf-Snap-623.czi,1477.898,0,65535,Tentacle Area,0,Tentacle,H2-Sym-25,,n/a,D5-H2-Sym-25,H2-Sym-25,H2,25,Sym
542,D5-fl-Snap-622.czi,694.731,1274,65535,Symbiont Area,47.008,Tentacle,H2-Sym-25,,47.00804792,D5-H2-Sym-25,H2-Sym-25,H2,25,Sym
543,D5-bf-Snap-623.czi,2944.336,0,65535,Tentacle Area,0,Tentacle,H2-Sym-25,,n/a,D5-H2-Sym-25,H2-Sym-25,H2,25,Sym
544,D5-fl-Snap-622.czi,1038.529,793,65535,Symbiont Area,35.272,Tentacle,H2-Sym-25,,35.2720953,D5-H2-Sym-25,H2-Sym-25,H2,25,Sym
545,D5-bf-Snap-623.czi,9302.216,0,65535,Tentacle Area,0,Tentacle,H2-Sym-25,,n/a,D5-H2-Sym-25,H2-Sym-25,H2,25,Sym
546,D5-fl-Snap-622.czi,3570.523,728,65535,Symbiont Area,38.384,Tentacle,H2-Sym-25,,38.38357441,D5-H2-Sym-25,H2-Sym-25,H2,25,Sym
547,D6-bf-Snap-621.czi,1336.487,0,65535,Tentacle Area,0,Tentacle,H2-Sym-25,,n/a,D6-H2-Sym-25,H2-Sym-25,H2,25,Sym
548,D6-fl-Snap-620.czi,523.048,1582,65535,Symbiont Area,39.136,Tentacle,H2-Sym-25,,39.1360335,D6-H2-Sym-25,H2-Sym-25,H2,25,Sym
549,D6-bf-Snap-621.czi,3954.539,0,65535,Tentacle Area,0,Tentacle,H2-Sym-25,,n/a,D6-H2-Sym-25,H2-Sym-25,H2,25,Sym
550,D6-fl-Snap-620.czi,2113.599,1365,65535,Symbiont Area,53.447,Tentacle,H2-Sym-25,,53.44741827,D6-H2-Sym-25,H2-Sym-25,H2,25,Sym
551,D6-bf-Snap-621.czi,3961.026,0,65535,Tentacle Area,0,Tentacle,H2-Sym-25,,n/a,D6-H2-Sym-25,H2-Sym-25,H2,25,Sym
552,D6-fl-Snap-620.czi,2583.24,1379,65535,Symbiont Area,65.216,Tentacle,H2-Sym-25,,65.21643635,D6-H2-Sym-25,H2-Sym-25,H2,25,Sym
553,D6-bf-Snap-621.czi,896.469,0,65535,Tentacle Area,0,Tentacle,H2-Sym-25,,n/a,D6-H2-Sym-25,H2-Sym-25,H2,25,Sym
554,D6-fl-Snap-620.czi,540.779,1234,65535,Symbiont Area,60.323,Tentacle,H2-Sym-25,,60.32322367,D6-H2-Sym-25,H2-Sym-25,H2,25,Sym
555,D7-bf-Snap-619.czi,7127.857,0,65535,Tentacle Area,0,Tentacle,H2-Sym-25,"Blurry image, only 2 tentacles present",n/a,D7-H2-Sym-25,H2-Sym-25,H2,25,Sym
556,D7-fl-Snap-618.czi,2496.101,951,65535,Symbiont Area,35.019,Tentacle,H2-Sym-25,,35.0189545,D7-H2-Sym-25,H2-Sym-25,H2,25,Sym
557,D7-bf-Snap-619.czi,3978.972,0,65535,Tentacle Area,0,Tentacle,H2-Sym-25,,n/a,D7-H2-Sym-25,H2-Sym-25,H2,25,Sym
558,D7-fl-Snap-618.czi,1804.398,655,65535,Symbiont Area,45.348,Tentacle,H2-Sym-25,,45.34834626,D7-H2-Sym-25,H2-Sym-25,H2,25,Sym
559,D7-bf-Snap-619.czi,8533.752,0,65535,Tentacle Area,0,Body column,H2-Sym-25,,n/a,D7-H2-Sym-25,H2-Sym-25,H2,25,Sym
560,D7-fl-Snap-618.czi,3590.849,593,65535,Symbiont Area,42.078,Body column,H2-Sym-25,,42.07819726,D7-H2-Sym-25,H2-Sym-25,H2,25,Sym
561,E1-bf-Snap-605.czi,4217.901,0,65535,Tentacle Area,0,Tentacle,H2-Sym-25,,n/a,E1-H2-Sym-25,H2-Sym-25,H2,25,Sym
562,E1-fl-Snap-604.czi,2754.706,1592,65535,Symbiont Area,65.31,Tentacle,H2-Sym-25,,65.30987806,E1-H2-Sym-25,H2-Sym-25,H2,25,Sym
563,E1-bf-Snap-605.czi,2359.663,0,65535,Tentacle Area,0,Tentacle,H2-Sym-25,,n/a,E1-H2-Sym-25,H2-Sym-25,H2,25,Sym
564,E1-fl-Snap-604.czi,1866.454,1636,65535,Symbiont Area,79.098,Tentacle,H2-Sym-25,,79.09832887,E1-H2-Sym-25,H2-Sym-25,H2,25,Sym
565,E1-bf-Snap-605.czi,161.088,0,65535,Tentacle Area,0,Tentacle,H2-Sym-25,,n/a,E1-H2-Sym-25,H2-Sym-25,H2,25,Sym
566,E1-fl-Snap-604.czi,93.842,1160,65535,Symbiont Area,58.255,Tentacle,H2-Sym-25,,58.25511522,E1-H2-Sym-25,H2-Sym-25,H2,25,Sym
567,E1-bf-Snap-605.czi,433.099,0,65535,Tentacle Area,0,Tentacle,H2-Sym-25,,n/a,E1-H2-Sym-25,H2-Sym-25,H2,25,Sym
568,E1-fl-Snap-604.czi,282.606,1443,65535,Symbiont Area,65.252,Tentacle,H2-Sym-25,,65.25205553,E1-H2-Sym-25,H2-Sym-25,H2,25,Sym
569,E2-bf-Snap-607.czi,1449.356,0,65535,Tentacle Area,0,Tentacle,H2-Sym-25,,n/a,E2-H2-Sym-25,H2-Sym-25,H2,25,Sym
570,E2-fl-Snap-606.czi,726.084,1271,65535,Symbiont Area,50.097,Tentacle,H2-Sym-25,,50.0970086,E2-H2-Sym-25,H2-Sym-25,H2,25,Sym
571,E2-bf-Snap-607.czi,1346.001,0,65535,Tentacle Area,0,Tentacle,H2-Sym-25,,n/a,E2-H2-Sym-25,H2-Sym-25,H2,25,Sym
572,E2-fl-Snap-606.czi,809.979,1221,65535,Symbiont Area,60.177,Tentacle,H2-Sym-25,,60.17670121,E2-H2-Sym-25,H2-Sym-25,H2,25,Sym
573,E2-bf-Snap-607.czi,3397.327,0,65535,Tentacle Area,0,Tentacle,H2-Sym-25,,n/a,E2-H2-Sym-25,H2-Sym-25,H2,25,Sym
574,E2-fl-Snap-606.czi,2124.194,1145,65535,Symbiont Area,62.525,Tentacle,H2-Sym-25,,62.52545016,E2-H2-Sym-25,H2-Sym-25,H2,25,Sym
575,E2-bf-Snap-607.czi,375.583,0,65535,Tentacle Area,0,Tentacle,H2-Sym-25,,n/a,E2-H2-Sym-25,H2-Sym-25,H2,25,Sym
576,E2-fl-Snap-606.czi,241.091,919,65535,Symbiont Area,64.191,Tentacle,H2-Sym-25,,64.19113751,E2-H2-Sym-25,H2-Sym-25,H2,25,Sym
577,E2-bf-Snap-607.czi,1094.531,0,65535,Tentacle Area,0,Tentacle,H2-Sym-25,,n/a,E2-H2-Sym-25,H2-Sym-25,H2,25,Sym
578,E2-fl-Snap-606.czi,672.46,1309,65535,Symbiont Area,61.438,Tentacle,H2-Sym-25,,61.43818677,E2-H2-Sym-25,H2-Sym-25,H2,25,Sym
580,E3-bf-Snap-609.czi,2029.055,0,65535,Tentacle Area,0,Tentacle,H2-Sym-25,,n/a,E3-H2-Sym-25,H2-Sym-25,H2,25,Sym
581,E3-fl-Snap-608.czi,1081.125,956,65535,Symbiont Area,53.282,Tentacle,H2-Sym-25,,53.28219294,E3-H2-Sym-25,H2-Sym-25,H2,25,Sym
582,E3-bf-Snap-609.czi,5533.414,0,65535,Tentacle Area,0,Tentacle,H2-Sym-25,,n/a,E3-H2-Sym-25,H2-Sym-25,H2,25,Sym
583,E3-fl-Snap-608.czi,2306.688,1123,65535,Symbiont Area,41.687,Tentacle,H2-Sym-25,,41.68652481,E3-H2-Sym-25,H2-Sym-25,H2,25,Sym
584,E3-bf-Snap-609.czi,4879.55,0,65535,Tentacle Area,0,Tentacle,H2-Sym-25,,n/a,E3-H2-Sym-25,H2-Sym-25,H2,25,Sym
585,E3-fl-Snap-608.czi,1929.376,1381,65535,Symbiont Area,39.54,Tentacle,H2-Sym-25,,39.54003955,E3-H2-Sym-25,H2-Sym-25,H2,25,Sym
586,E3-bf-Snap-609.czi,2479.668,0,65535,Tentacle Area,0,Tentacle,H2-Sym-25,,n/a,E3-H2-Sym-25,H2-Sym-25,H2,25,Sym
587,E3-fl-Snap-608.czi,1378.651,1381,65535,Symbiont Area,55.598,Tentacle,H2-Sym-25,,55.59820912,E3-H2-Sym-25,H2-Sym-25,H2,25,Sym
588,E3-bf-Snap-609.czi,262.065,0,65535,Tentacle Area,0,Tentacle,H2-Sym-25,,n/a,E3-H2-Sym-25,H2-Sym-25,H2,25,Sym
589,E3-fl-Snap-608.czi,125.41,1821,65535,Symbiont Area,47.855,Tentacle,H2-Sym-25,,47.8545399,E3-H2-Sym-25,H2-Sym-25,H2,25,Sym
590,E4-fl-Snap-610.czi,226728.346,0,65535,Tentacle Area,0,Tentacle,H2-Sym-25,,n/a,E4-H2-Sym-25,H2-Sym-25,H2,25,Sym
591,E4-fl-Snap-610.czi,1854.778,1633,65535,Symbiont Area,0.818,Tentacle,H2-Sym-25,,0.8180618051,E4-H2-Sym-25,H2-Sym-25,H2,25,Sym
592,E4-bf-Snap-611.czi,975.175,0,65535,Tentacle Area,0,Tentacle,H2-Sym-25,,n/a,E4-H2-Sym-25,H2-Sym-25,H2,25,Sym
593,E4-fl-Snap-610.czi,673.757,1689,65535,Symbiont Area,69.091,Tentacle,H2-Sym-25,,69.09088112,E4-H2-Sym-25,H2-Sym-25,H2,25,Sym
594,E4-bf-Snap-611.czi,1149.668,0,65535,Tentacle Area,0,Body column,H2-Sym-25,,n/a,E4-H2-Sym-25,H2-Sym-25,H2,25,Sym
595,E4-fl-Snap-610.czi,388.34,558,65535,Symbiont Area,33.778,Body column,H2-Sym-25,,33.77844734,E4-H2-Sym-25,H2-Sym-25,H2,25,Sym
596,E5-bf-Snap-549.czi,1760.071,0,65535,Tentacle Area,0,Tentacle,H2-Sym-25,"Very small, only 1 small tentacle ",n/a,E5-H2-Sym-25,H2-Sym-25,H2,25,Sym
597,E5-fl-Snap-548.czi,1019.285,1617,65535,Symbiont Area,57.912,Tentacle,H2-Sym-25,,57.91158425,E5-H2-Sym-25,H2-Sym-25,H2,25,Sym
598,E5-bf-Snap-549.czi,4997.825,0,65535,Tentacle Area,0,Body column,H2-Sym-25,,n/a,E5-H2-Sym-25,H2-Sym-25,H2,25,Sym
599,E5-fl-Snap-548.czi,3111.91,1259,65535,Symbiont Area,62.265,Body column,H2-Sym-25,,62.2652854,E5-H2-Sym-25,H2-Sym-25,H2,25,Sym
600,E5-bf-Snap-549.czi,352.879,0,65535,Tentacle Area,0,Tentacle,H2-Sym-25,,n/a,E5-H2-Sym-25,H2-Sym-25,H2,25,Sym
601,E5-fl-Snap-548.czi,263.794,1458,65535,Symbiont Area,74.755,Tentacle,H2-Sym-25,,74.75480264,E5-H2-Sym-25,H2-Sym-25,H2,25,Sym
602,E6-bf-Snap-613.czi,790.519,0,65535,Tentacle Area,0,Tentacle,H2-Sym-25,,n/a,E6-H2-Sym-25,H2-Sym-25,H2,25,Sym
603,E6-fl-Snap-612.czi,420.558,1300,65535,Symbiont Area,53.2,Tentacle,H2-Sym-25,,53.20023934,E6-H2-Sym-25,H2-Sym-25,H2,25,Sym
604,E6-bf-Snap-613.czi,619.701,0,65535,Tentacle Area,0,Tentacle,H2-Sym-25,,n/a,E6-H2-Sym-25,H2-Sym-25,H2,25,Sym
605,E6-fl-Snap-612.czi,311.796,1211,65535,Symbiont Area,50.314,Tentacle,H2-Sym-25,,50.31394172,E6-H2-Sym-25,H2-Sym-25,H2,25,Sym
606,E6-bf-Snap-613.czi,977.769,0,65535,Tentacle Area,0,Tentacle,H2-Sym-25,,n/a,E6-H2-Sym-25,H2-Sym-25,H2,25,Sym
607,E6-fl-Snap-612.czi,609.106,1046,65535,Symbiont Area,62.295,Tentacle,H2-Sym-25,,62.29549106,E6-H2-Sym-25,H2-Sym-25,H2,25,Sym
608,E6-bf-Snap-613.czi,1620.39,0,65535,Tentacle Area,0,Tentacle,H2-Sym-25,,n/a,E6-H2-Sym-25,H2-Sym-25,H2,25,Sym
609,E6-fl-Snap-612.czi,1035.069,1151,65535,Symbiont Area,63.878,Tentacle,H2-Sym-25,,63.87777017,E6-H2-Sym-25,H2-Sym-25,H2,25,Sym
610,E6-bf-Snap-613.czi,1713.151,0,65535,Tentacle Area,0,Tentacle,H2-Sym-25,,n/a,E6-H2-Sym-25,H2-Sym-25,H2,25,Sym
611,E6-fl-Snap-612.czi,1064.692,1569,65535,Symbiont Area,62.148,Tentacle,H2-Sym-25,,62.14817024,E6-H2-Sym-25,H2-Sym-25,H2,25,Sym
612,E7-bf-Snap-615.czi,1570.442,0,65535,Tentacle Area,0,Tentacle,H2-Sym-25,,n/a,E7-H2-Sym-25,H2-Sym-25,H2,25,Sym
613,E7-fl-Snap-614.czi,820.574,935,65535,Symbiont Area,52.251,Tentacle,H2-Sym-25,,52.25114968,E7-H2-Sym-25,H2-Sym-25,H2,25,Sym
614,E7-bf-Snap-615.czi,4644.081,0,65535,Tentacle Area,0,Tentacle,H2-Sym-25,,n/a,E7-H2-Sym-25,H2-Sym-25,H2,25,Sym
615,E7-fl-Snap-614.czi,2358.15,1084,65535,Symbiont Area,50.778,Tentacle,H2-Sym-25,,50.77753812,E7-H2-Sym-25,H2-Sym-25,H2,25,Sym
616,E7-bf-Snap-615.czi,1083.287,0,65535,Tentacle Area,0,Tentacle,H2-Sym-25,,n/a,E7-H2-Sym-25,H2-Sym-25,H2,25,Sym
617,E7-fl-Snap-614.czi,500.777,906,65535,Symbiont Area,46.228,Tentacle,H2-Sym-25,,46.22754635,E7-H2-Sym-25,H2-Sym-25,H2,25,Sym
618,E7-bf-Snap-615.czi,4377.691,0,65535,Tentacle Area,0,Tentacle,H2-Sym-25,,n/a,E7-H2-Sym-25,H2-Sym-25,H2,25,Sym
619,E7-fl-Snap-614.czi,2191.008,1084,65535,Symbiont Area,50.049,Tentacle,H2-Sym-25,,50.04939819,E7-H2-Sym-25,H2-Sym-25,H2,25,Sym
620,E7-bf-Snap-615.czi,1004.149,0,65535,Tentacle Area,0,Tentacle,H2-Sym-25,,n/a,E7-H2-Sym-25,H2-Sym-25,H2,25,Sym
621,E7-fl-Snap-614.czi,536.887,1277,65535,Symbiont Area,53.467,Tentacle,H2-Sym-25,,53.46686597,E7-H2-Sym-25,H2-Sym-25,H2,25,Sym
622,E7-bf-Snap-615.czi,355.041,0,65535,Tentacle Area,0,Tentacle,H2-Sym-25,,n/a,E7-H2-Sym-25,H2-Sym-25,H2,25,Sym
623,E7-fl-Snap-614.czi,160.223,1589,65535,Symbiont Area,45.128,Tentacle,H2-Sym-25,,45.12802747,E7-H2-Sym-25,H2-Sym-25,H2,25,Sym
624,E7-bf-Snap-615.czi,3633.661,0,65535,Tentacle Area,0,Tentacle,H2-Sym-25,,n/a,E7-H2-Sym-25,H2-Sym-25,H2,25,Sym
625,E7-fl-Snap-614.czi,1661.473,1232,65535,Symbiont Area,45.724,Tentacle,H2-Sym-25,,45.72449108,E7-H2-Sym-25,H2-Sym-25,H2,25,Sym
626,E8-bf-Snap-617.czi,1192.697,0,65535,Tentacle Area,0,Tentacle,H2-Sym-25,,n/a,E8-H2-Sym-25,H2-Sym-25,H2,25,Sym
627,E8-fl-Snap-616.czi,566.293,1079,65535,Symbiont Area,47.48,Tentacle,H2-Sym-25,,47.48003894,E8-H2-Sym-25,H2-Sym-25,H2,25,Sym
628,E8-bf-Snap-617.czi,3082.72,0,65535,Tentacle Area,0,Tentacle,H2-Sym-25,,n/a,E8-H2-Sym-25,H2-Sym-25,H2,25,Sym
629,E8-fl-Snap-616.czi,1169.993,1464,65535,Symbiont Area,37.953,Tentacle,H2-Sym-25,,37.95326854,E8-H2-Sym-25,H2-Sym-25,H2,25,Sym
630,E8-bf-Snap-617.czi,764.139,0,65535,Tentacle Area,0,Tentacle,H2-Sym-25,,n/a,E8-H2-Sym-25,H2-Sym-25,H2,25,Sym
631,E8-fl-Snap-616.czi,415.152,1563,65535,Symbiont Area,54.329,Tentacle,H2-Sym-25,,54.32938248,E8-H2-Sym-25,H2-Sym-25,H2,25,Sym
632,E8-bf-Snap-617.czi,2001.162,0,65535,Tentacle Area,0,Tentacle,H2-Sym-25,,n/a,E8-H2-Sym-25,H2-Sym-25,H2,25,Sym
633,E8-fl-Snap-616.czi,1075.719,1439,65535,Symbiont Area,53.755,Tentacle,H2-Sym-25,,53.75471851,E8-H2-Sym-25,H2-Sym-25,H2,25,Sym
634,E8-bf-Snap-617.czi,1192.697,0,65535,Tentacle Area,0,Tentacle,H2-Sym-25,,n/a,E8-H2-Sym-25,H2-Sym-25,H2,25,Sym
635,E8-fl-Snap-616.czi,566.293,1079,65535,Symbiont Area,47.48,Tentacle,H2-Sym-25,,47.48003894,E8-H2-Sym-25,H2-Sym-25,H2,25,Sym
636,E8-bf-Snap-617.czi,3082.72,0,65535,Tentacle Area,0,Tentacle,H2-Sym-25,,n/a,E8-H2-Sym-25,H2-Sym-25,H2,25,Sym
637,E8-fl-Snap-616.czi,1169.993,1464,65535,Symbiont Area,37.953,Tentacle,H2-Sym-25,,37.95326854,E8-H2-Sym-25,H2-Sym-25,H2,25,Sym
638,E8-bf-Snap-617.czi,764.139,0,65535,Tentacle Area,0,Tentacle,H2-Sym-25,,n/a,E8-H2-Sym-25,H2-Sym-25,H2,25,Sym
639,E8-fl-Snap-616.czi,415.152,1563,65535,Symbiont Area,54.329,Tentacle,H2-Sym-25,,54.32938248,E8-H2-Sym-25,H2-Sym-25,H2,25,Sym
640,E8-bf-Snap-617.czi,2001.162,0,65535,Tentacle Area,0,Tentacle,H2-Sym-25,,n/a,E8-H2-Sym-25,H2-Sym-25,H2,25,Sym
641,E8-fl-Snap-616.czi,1075.719,1439,65535,Symbiont Area,53.755,Tentacle,H2-Sym-25,,53.75471851,E8-H2-Sym-25,H2-Sym-25,H2,25,Sym
642,F2-bf-Snap-559.czi,1169.993,0,65535,Tentacle Area,0,Tentacle,H2-Sym-25,,n/a,F2-H2-Sym-25,H2-Sym-25,H2,25,Sym
643,F2-fl-Snap-558.czi,738.408,1778,65535,Symbiont Area,63.112,Tentacle,H2-Sym-25,,63.11217247,F2-H2-Sym-25,H2-Sym-25,H2,25,Sym
644,F2-bf-Snap-559.czi,2851.792,0,65535,Tentacle Area,0,Tentacle,H2-Sym-25,,n/a,F2-H2-Sym-25,H2-Sym-25,H2,25,Sym
645,F2-fl-Snap-558.czi,1376.705,920,65535,Symbiont Area,48.275,Tentacle,H2-Sym-25,,48.27508458,F2-H2-Sym-25,H2-Sym-25,H2,25,Sym
646,F2-bf-Snap-559.czi,3834.102,0,65535,Tentacle Area,0,Tentacle,H2-Sym-25,,n/a,F2-H2-Sym-25,H2-Sym-25,H2,25,Sym
647,F2-fl-Snap-558.czi,1809.587,996,65535,Symbiont Area,47.197,Tentacle,H2-Sym-25,,47.19715334,F2-H2-Sym-25,H2-Sym-25,H2,25,Sym
648,F2-bf-Snap-559.czi,1494.763,0,65535,Tentacle Area,0,Tentacle,H2-Sym-25,,n/a,F2-H2-Sym-25,H2-Sym-25,H2,25,Sym
649,F2-fl-Snap-558.czi,648.243,1012,65535,Symbiont Area,43.368,Tentacle,H2-Sym-25,,43.36761079,F2-H2-Sym-25,H2-Sym-25,H2,25,Sym
650,F2-bf-Snap-559.czi,713.326,0,65535,Tentacle Area,0,Tentacle,H2-Sym-25,,n/a,F2-H2-Sym-25,H2-Sym-25,H2,25,Sym
651,F2-fl-Snap-558.czi,429.639,1272,65535,Symbiont Area,60.23,Tentacle,H2-Sym-25,,60.23038555,F2-H2-Sym-25,H2-Sym-25,H2,25,Sym
652,F2-bf-Snap-559.czi,750.301,0,65535,Tentacle Area,0,Tentacle,H2-Sym-25,,n/a,F2-H2-Sym-25,H2-Sym-25,H2,25,Sym
653,F2-fl-Snap-558.czi,466.614,1303,65535,Symbiont Area,62.19,Tentacle,H2-Sym-25,,62.19024098,F2-H2-Sym-25,H2-Sym-25,H2,25,Sym
654,F3-bf-Snap-593.czi,1792.505,0,65535,Tentacle Area,0,Tentacle,H2-Sym-25,,n/a,F3-H2-Sym-25,H2-Sym-25,H2,25,Sym
655,F3-fl-Snap-592.czi,902.956,1856,65535,Symbiont Area,50.374,Tentacle,H2-Sym-25,,50.37397385,F3-H2-Sym-25,H2-Sym-25,H2,25,Sym
656,F3-bf-Snap-593.czi,1807.641,0,65535,Tentacle Area,0,Tentacle,H2-Sym-25,,n/a,F3-H2-Sym-25,H2-Sym-25,H2,25,Sym
657,F3-fl-Snap-592.czi,1005.879,1330,65535,Symbiont Area,55.646,Tentacle,H2-Sym-25,,55.64594961,F3-H2-Sym-25,H2-Sym-25,H2,25,Sym
658,F3-bf-Snap-593.czi,4034.11,0,65535,Tentacle Area,0,Tentacle,H2-Sym-25,,n/a,F3-H2-Sym-25,H2-Sym-25,H2,25,Sym
659,F3-fl-Snap-592.czi,1808.073,1176,65535,Symbiont Area,44.82,Tentacle,H2-Sym-25,,44.81962564,F3-H2-Sym-25,H2-Sym-25,H2,25,Sym
660,F3-bf-Snap-593.czi,4490.993,0,65535,Tentacle Area,0,Tentacle,H2-Sym-25,,n/a,F3-H2-Sym-25,H2-Sym-25,H2,25,Sym
661,F3-fl-Snap-592.czi,2460.424,1408,65535,Symbiont Area,54.786,Tentacle,H2-Sym-25,,54.7857456,F3-H2-Sym-25,H2-Sym-25,H2,25,Sym
662,F3-bf-Snap-593.czi,836.142,0,65535,Tentacle Area,0,Tentacle,H2-Sym-25,,n/a,F3-H2-Sym-25,H2-Sym-25,H2,25,Sym
663,F3-fl-Snap-592.czi,422.071,1764,65535,Symbiont Area,50.478,Tentacle,H2-Sym-25,,50.47838764,F3-H2-Sym-25,H2-Sym-25,H2,25,Sym
664,F4-bf-Snap-595.czi,3045.745,0,65535,Tentacle Area,0,Tentacle,H2-Sym-25,,n/a,F4-H2-Sym-25,H2-Sym-25,H2,25,Sym
665,F4-fl-Snap-594.czi,1277.241,1417,65535,Symbiont Area,41.935,Tentacle,H2-Sym-25,,41.93525722,F4-H2-Sym-25,H2-Sym-25,H2,25,Sym
666,F4-bf-Snap-595.czi,6505.129,0,65535,Tentacle Area,0,Tentacle,H2-Sym-25,,n/a,F4-H2-Sym-25,H2-Sym-25,H2,25,Sym
667,F4-fl-Snap-594.czi,3514.305,811,65535,Symbiont Area,54.024,Tentacle,H2-Sym-25,,54.02360199,F4-H2-Sym-25,H2-Sym-25,H2,25,Sym
668,F4-bf-Snap-595.czi,5420.977,0,65535,Tentacle Area,0,Tentacle,H2-Sym-25,,n/a,F4-H2-Sym-25,H2-Sym-25,H2,25,Sym
669,F4-fl-Snap-594.czi,2828.872,1199,65535,Symbiont Area,52.184,Tentacle,H2-Sym-25,,52.18380377,F4-H2-Sym-25,H2-Sym-25,H2,25,Sym
670,F4-bf-Snap-595.czi,2028.623,0,65535,Tentacle Area,0,Tentacle,H2-Sym-25,,n/a,F4-H2-Sym-25,H2-Sym-25,H2,25,Sym
671,F4-fl-Snap-594.czi,1188.589,666,65535,Symbiont Area,58.591,Tentacle,H2-Sym-25,,58.59092596,F4-H2-Sym-25,H2-Sym-25,H2,25,Sym
672,F4-bf-Snap-595.czi,19298.946,0,65535,Tentacle Area,0,Body column,H2-Sym-25,,n/a,F4-H2-Sym-25,H2-Sym-25,H2,25,Sym
673,F4-fl-Snap-594.czi,9430.005,702,65535,Symbiont Area,48.863,Body column,H2-Sym-25,,48.862798,F4-H2-Sym-25,H2-Sym-25,H2,25,Sym
674,F5-bf-Snap-597.czi,1599.633,0,65535,Tentacle Area,0,Tentacle,H2-Sym-25,,n/a,F5-H2-Sym-25,H2-Sym-25,H2,25,Sym
675,F5-fl-Snap-596.czi,914.416,1366,65535,Symbiont Area,57.164,Tentacle,H2-Sym-25,,57.16411202,F5-H2-Sym-25,H2-Sym-25,H2,25,Sym
676,F5-bf-Snap-597.czi,1252.375,0,65535,Tentacle Area,0,Tentacle,H2-Sym-25,,n/a,F5-H2-Sym-25,H2-Sym-25,H2,25,Sym
677,F5-fl-Snap-596.czi,916.794,1072,65535,Symbiont Area,73.204,Tentacle,H2-Sym-25,,73.20443158,F5-H2-Sym-25,H2-Sym-25,H2,25,Sym
678,F5-bf-Snap-597.czi,833.764,0,65535,Tentacle Area,0,Tentacle,H2-Sym-25,,n/a,F5-H2-Sym-25,H2-Sym-25,H2,25,Sym
679,F5-fl-Snap-596.czi,586.186,1111,65535,Symbiont Area,70.306,Tentacle,H2-Sym-25,,70.30598587,F5-H2-Sym-25,H2-Sym-25,H2,25,Sym
680,F6-bf-Snap-599.czi,3473.006,0,65535,Tentacle Area,70.306,Tentacle,H2-Sym-25,,n/a,F6-H2-Sym-25,H2-Sym-25,H2,25,Sym
681,F6-fl-Snap-598.czi,2339.338,999,65535,Symbiont Area,67.358,Tentacle,H2-Sym-25,,67.35772987,F6-H2-Sym-25,H2-Sym-25,H2,25,Sym
682,F6-bf-Snap-599.czi,1187.075,0,65535,Tentacle Area,0,Tentacle,H2-Sym-25,,n/a,F6-H2-Sym-25,H2-Sym-25,H2,25,Sym
683,F6-fl-Snap-598.czi,659.27,1316,65535,Symbiont Area,55.537,Tentacle,H2-Sym-25,,55.53735021,F6-H2-Sym-25,H2-Sym-25,H2,25,Sym
684,F6-bf-Snap-599.czi,3002.717,0,65535,Tentacle Area,0,Tentacle,H2-Sym-25,,n/a,F6-H2-Sym-25,H2-Sym-25,H2,25,Sym
685,F6-fl-Snap-598.czi,1960.08,1025,65535,Symbiont Area,65.277,Tentacle,H2-Sym-25,,65.2768809,F6-H2-Sym-25,H2-Sym-25,H2,25,Sym
686,F6-bf-Snap-599.czi,3780.91,0,65535,Tentacle Area,0,Tentacle,H2-Sym-25,,n/a,F6-H2-Sym-25,H2-Sym-25,H2,25,Sym
687,F6-fl-Snap-598.czi,2838.169,1227,65535,Symbiont Area,75.066,Tentacle,H2-Sym-25,,75.06576459,F6-H2-Sym-25,H2-Sym-25,H2,25,Sym
688,F6-bf-Snap-599.czi,11495.17,0,65535,Tentacle Area,0,Body column,H2-Sym-25,,n/a,F6-H2-Sym-25,H2-Sym-25,H2,25,Sym
689,F6-fl-Snap-598.czi,4755.004,759,65535,Symbiont Area,41.365,Body column,H2-Sym-25,,41.36523427,F6-H2-Sym-25,H2-Sym-25,H2,25,Sym
690,F7-bf-Snap-601.czi,587.267,0,65535,Tentacle Area,0,Tentacle,H2-Sym-25,,n/a,F7-H2-Sym-25,H2-Sym-25,H2,25,Sym
691,F7-fl-Snap-600.czi,338.176,1598,65535,Symbiont Area,57.585,Tentacle,H2-Sym-25,,57.58471019,F7-H2-Sym-25,H2-Sym-25,H2,25,Sym
692,F7-fl-Snap-600.czi,226728.346,0,65535,Tentacle Area,0,Tentacle,H2-Sym-25,,n/a,F7-H2-Sym-25,H2-Sym-25,H2,25,Sym
693,F7-fl-Snap-600.czi,674.406,1719,65535,Symbiont Area,0.297,Tentacle,H2-Sym-25,,0.297451118,F7-H2-Sym-25,H2-Sym-25,H2,25,Sym
694,F7-bf-Snap-601.czi,534.508,0,65535,Tentacle Area,0,Tentacle,H2-Sym-25,,n/a,F7-H2-Sym-25,H2-Sym-25,H2,25,Sym
695,F7-fl-Snap-600.czi,286.714,1643,65535,Symbiont Area,53.641,Tentacle,H2-Sym-25,,53.64073129,F7-H2-Sym-25,H2-Sym-25,H2,25,Sym
696,F7-bf-Snap-601.czi,593.754,0,65535,Tentacle Area,0,Tentacle,H2-Sym-25,,n/a,F7-H2-Sym-25,H2-Sym-25,H2,25,Sym
697,F7-fl-Snap-600.czi,296.877,1415,65535,Symbiont Area,50,Tentacle,H2-Sym-25,,50,F7-H2-Sym-25,H2-Sym-25,H2,25,Sym
698,F8-bf-Snap-603.czi,2578.267,0,65535,Tentacle Area,0,Tentacle,H2-Sym-25,,n/a,F8-H2-Sym-25,H2-Sym-25,H2,25,Sym
699,F8-fl-Snap-602.czi,1139.073,1325,65535,Symbiont Area,44.18,Tentacle,H2-Sym-25,,44.17979209,F8-H2-Sym-25,H2-Sym-25,H2,25,Sym
700,F8-bf-Snap-603.czi,3203.373,0,65535,Tentacle Area,0,Tentacle,H2-Sym-25,,n/a,F8-H2-Sym-25,H2-Sym-25,H2,25,Sym
701,F8-fl-Snap-602.czi,1742.125,1745,65535,Symbiont Area,54.384,Tentacle,H2-Sym-25,,54.38408203,F8-H2-Sym-25,H2-Sym-25,H2,25,Sym
702,F8-bf-Snap-603.czi,611.484,0,65535,Tentacle Area,0,Tentacle,H2-Sym-25,,n/a,F8-H2-Sym-25,H2-Sym-25,H2,25,Sym
703,F8-fl-Snap-602.czi,315.688,1091,65535,Symbiont Area,51.627,Tentacle,H2-Sym-25,,51.62653479,F8-H2-Sym-25,H2-Sym-25,H2,25,Sym
704,F8-bf-Snap-603.czi,14291.175,0,65535,Tentacle Area,51.627,Tentacle,H2-Sym-25,,n/a,F8-H2-Sym-25,H2-Sym-25,H2,25,Sym
705,F8-fl-Snap-602.czi,5303.783,764,65535,Symbiont Area,37.112,Tentacle,H2-Sym-25,,37.11229483,F8-H2-Sym-25,H2-Sym-25,H2,25,Sym
,,,,,,,,,,n/a,#VALUE!,#VALUE!,#VALUE!,#VALUE!,#VALUE!
,,,,,,,,,,#DIV/0!,#VALUE!,#VALUE!,#VALUE!,#VALUE!,#VALUE!
,,,,,,,,,,n/a,#VALUE!,#VALUE!,#VALUE!,#VALUE!,#VALUE!
,,,,,,,,,,#DIV/0!,#VALUE!,#VALUE!,#VALUE!,#VALUE!,#VALUE!
,,,,,,,,,,n/a,#VALUE!,#VALUE!,#VALUE!,#VALUE!,#VALUE!
,,,,,,,,,,#DIV/0!,#VALUE!,#VALUE!,#VALUE!,#VALUE!,#VALUE!
,,,,,,,,,,n/a,#VALUE!,#VALUE!,#VALUE!,#VALUE!,#VALUE!
,,,,,,,,,,#DIV/0!,#VALUE!,#VALUE!,#VALUE!,#VALUE!,#VALUE!
,,,,,,,,,,n/a,#VALUE!,#VALUE!,#VALUE!,#VALUE!,#VALUE!
,,,,,,,,,,#DIV/0!,#VALUE!,#VALUE!,#VALUE!,#VALUE!,#VALUE!
,,,,,,,,,,n/a,#VALUE!,#VALUE!,#VALUE!,#VALUE!,#VALUE!
,,,,,,,,,,#DIV/0!,#VALUE!,#VALUE!,#VALUE!,#VALUE!,#VALUE!
,,,,,,,,,,n/a,#VALUE!,#VALUE!,#VALUE!,#VALUE!,#VALUE!
,,,,,,,,,,#DIV/0!,#VALUE!,#VALUE!,#VALUE!,#VALUE!,#VALUE!
,,,,,,,,,,n/a,#VALUE!,#VALUE!,#VALUE!,#VALUE!,#VALUE!
,,,,,,,,,,#DIV/0!,#VALUE!,#VALUE!,#VALUE!,#VALUE!,#VALUE!
,,,,,,,,,,n/a,#VALUE!,#VALUE!,#VALUE!,#VALUE!,#VALUE!
,,,,,,,,,,#DIV/0!,#VALUE!,#VALUE!,#VALUE!,#VALUE!,#VALUE!
,,,,,,,,,,n/a,#VALUE!,#VALUE!,#VALUE!,#VALUE!,#VALUE!
,,,,,,,,,,#DIV/0!,#VALUE!,#VALUE!,#VALUE!,#VALUE!,#VALUE!
,,,,,,,,,,n/a,#VALUE!,#VALUE!,#VALUE!,#VALUE!,#VALUE!
,,,,,,,,,,#DIV/0!,#VALUE!,#VALUE!,#VALUE!,#VALUE!,#VALUE!
,,,,,,,,,,n/a,#VALUE!,#VALUE!,#VALUE!,#VALUE!,#VALUE!
,,,,,,,,,,#DIV/0!,#VALUE!,#VALUE!,#VALUE!,#VALUE!,#VALUE!
,,,,,,,,,,n/a,#VALUE!,#VALUE!,#VALUE!,#VALUE!,#VALUE!
,,,,,,,,,,#DIV/0!,#VALUE!,#VALUE!,#VALUE!,#VALUE!,#VALUE!
,,,,,,,,,,n/a,#VALUE!,#VALUE!,#VALUE!,#VALUE!,#VALUE!
,,,,,,,,,,#DIV/0!,#VALUE!,#VALUE!,#VALUE!,#VALUE!,#VALUE!
,,,,,,,,,,n/a,#VALUE!,#VALUE!,#VALUE!,#VALUE!,#VALUE!
,,,,,,,,,,#DIV/0!,#VALUE!,#VALUE!,#VALUE!,#VALUE!,#VALUE!
,,,,,,,,,,n/a,#VALUE!,#VALUE!,#VALUE!,#VALUE!,#VALUE!
,,,,,,,,,,#DIV/0!,#VALUE!,#VALUE!,#VALUE!,#VALUE!,#VALUE!
,,,,,,,,,,n/a,#VALUE!,#VALUE!,#VALUE!,#VALUE!,#VALUE!
,,,,,,,,,,#DIV/0!,#VALUE!,#VALUE!,#VALUE!,#VALUE!,#VALUE!
,,,,,,,,,,n/a,#VALUE!,#VALUE!,#VALUE!,#VALUE!,#VALUE!
,,,,,,,,,,#DIV/0!,#VALUE!,#VALUE!,#VALUE!,#VALUE!,#VALUE!
,,,,,,,,,,n/a,#VALUE!,#VALUE!,#VALUE!,#VALUE!,#VALUE!
,,,,,,,,,,#DIV/0!,#VALUE!,#VALUE!,#VALUE!,#VALUE!,#VALUE!
,,,,,,,,,,n/a,#VALUE!,#VALUE!,#VALUE!,#VALUE!,#VALUE!
,,,,,,,,,,#DIV/0!,#VALUE!,#VALUE!,#VALUE!,#VALUE!,#VALUE!
,,,,,,,,,,n/a,#VALUE!,#VALUE!,#VALUE!,#VALUE!,#VALUE!
,,,,,,,,,,#DIV/0!,#VALUE!,#VALUE!,#VALUE!,#VALUE!,#VALUE!
,,,,,,,,,,n/a,#VALUE!,#VALUE!,#VALUE!,#VALUE!,#VALUE!
,,,,,,,,,,#DIV/0!,#VALUE!,#VALUE!,#VALUE!,#VALUE!,#VALUE!
,,,,,,,,,,n/a,#VALUE!,#VALUE!,#VALUE!,#VALUE!,#VALUE!
,,,,,,,,,,#DIV/0!,#VALUE!,#VALUE!,#VALUE!,#VALUE!,#VALUE!
,,,,,,,,,,n/a,#VALUE!,#VALUE!,#VALUE!,#VALUE!,#VALUE!
,,,,,,,,,,#DIV/0!,#VALUE!,#VALUE!,#VALUE!,#VALUE!,#VALUE!
,,,,,,,,,,n/a,#VALUE!,#VALUE!,#VALUE!,#VALUE!,#VALUE!
,,,,,,,,,,#DIV/0!,#VALUE!,#VALUE!,#VALUE!,#VALUE!,#VALUE!
,,,,,,,,,,n/a,#VALUE!,#VALUE!,#VALUE!,#VALUE!,#VALUE!
,,,,,,,,,,#DIV/0!,#VALUE!,#VALUE!,#VALUE!,#VALUE!,#VALUE!
,,,,,,,,,,n/a,#VALUE!,#VALUE!,#VALUE!,#VALUE!,#VALUE!
,,,,,,,,,,#DIV/0!,#VALUE!,#VALUE!,#VALUE!,#VALUE!,#VALUE!
,,,,,,,,,,n/a,#VALUE!,#VALUE!,#VALUE!,#VALUE!,#VALUE!
,,,,,,,,,,#DIV/0!,#VALUE!,#VALUE!,#VALUE!,#VALUE!,#VALUE!
,,,,,,,,,,n/a,#VALUE!,#VALUE!,#VALUE!,#VALUE!,#VALUE!
,,,,,,,,,,#DIV/0!,#VALUE!,#VALUE!,#VALUE!,#VALUE!,#VALUE!
,,,,,,,,,,n/a,#VALUE!,#VALUE!,#VALUE!,#VALUE!,#VALUE!
,,,,,,,,,,#DIV/0!,#VALUE!,#VALUE!,#VALUE!,#VALUE!,#VALUE!
,,,,,,,,,,n/a,#VALUE!,#VALUE!,#VALUE!,#VALUE!,#VALUE!
,,,,,,,,,,#DIV/0!,#VALUE!,#VALUE!,#VALUE!,#VALUE!,#VALUE!
,,,,,,,,,,n/a,#VALUE!,#VALUE!,#VALUE!,#VALUE!,#VALUE!
,,,,,,,,,,#DIV/0!,#VALUE!,#VALUE!,#VALUE!,#VALUE!,#VALUE!
,,,,,,,,,,n/a,#VALUE!,#VALUE!,#VALUE!,#VALUE!,#VALUE!
,,,,,,,,,,#DIV/0!,#VALUE!,#VALUE!,#VALUE!,#VALUE!,#VALUE!
,,,,,,,,,,n/a,#VALUE!,#VALUE!,#VALUE!,#VALUE!,#VALUE!
,,,,,,,,,,#DIV/0!,#VALUE!,#VALUE!,#VALUE!,#VALUE!,#VALUE!
,,,,,,,,,,n/a,#VALUE!,#VALUE!,#VALUE!,#VALUE!,#VALUE!
,,,,,,,,,,#DIV/0!,#VALUE!,#VALUE!,#VALUE!,#VALUE!,#VALUE!
,,,,,,,,,,n/a,#VALUE!,#VALUE!,#VALUE!,#VALUE!,#VALUE!
,,,,,,,,,,#DIV/0!,#VALUE!,#VALUE!,#VALUE!,#VALUE!,#VALUE!
,,,,,,,,,,n/a,#VALUE!,#VALUE!,#VALUE!,#VALUE!,#VALUE!
,,,,,,,,,,#DIV/0!,#VALUE!,#VALUE!,#VALUE!,#VALUE!,#VALUE!
,,,,,,,,,,n/a,#VALUE!,#VALUE!,#VALUE!,#VALUE!,#VALUE!
,,,,,,,,,,#DIV/0!,#VALUE!,#VALUE!,#VALUE!,#VALUE!,#VALUE!
,,,,,,,,,,n/a,#VALUE!,#VALUE!,#VALUE!,#VALUE!,#VALUE!
,,,,,,,,,,#DIV/0!,#VALUE!,#VALUE!,#VALUE!,#VALUE!,#VALUE!
,,,,,,,,,,n/a,#VALUE!,#VALUE!,#VALUE!,#VALUE!,#VALUE!
,,,,,,,,,,#DIV/0!,#VALUE!,#VALUE!,#VALUE!,#VALUE!,#VALUE!
,,,,,,,,,,n/a,#VALUE!,#VALUE!,#VALUE!,#VALUE!,#VALUE!
,,,,,,,,,,#DIV/0!,#VALUE!,#VALUE!,#VALUE!,#VALUE!,#VALUE!
,,,,,,,,,,n/a,#VALUE!,#VALUE!,#VALUE!,#VALUE!,#VALUE!
,,,,,,,,,,#DIV/0!,#VALUE!,#VALUE!,#VALUE!,#VALUE!,#VALUE!
,,,,,,,,,,n/a,#VALUE!,#VALUE!,#VALUE!,#VALUE!,#VALUE!
,,,,,,,,,,#DIV/0!,#VALUE!,#VALUE!,#VALUE!,#VALUE!,#VALUE!
,,,,,,,,,,n/a,#VALUE!,#VALUE!,#VALUE!,#VALUE!,#VALUE!
,,,,,,,,,,#DIV/0!,#VALUE!,#VALUE!,#VALUE!,#VALUE!,#VALUE!
,,,,,,,,,,n/a,#VALUE!,#VALUE!,#VALUE!,#VALUE!,#VALUE!
,,,,,,,,,,#DIV/0!,#VALUE!,#VALUE!,#VALUE!,#VALUE!,#VALUE!
,,,,,,,,,,n/a,#VALUE!,#VALUE!,#VALUE!,#VALUE!,#VALUE!
,,,,,,,,,,#DIV/0!,#VALUE!,#VALUE!,#VALUE!,#VALUE!,#VALUE!
,,,,,,,,,,n/a,#VALUE!,#VALUE!,#VALUE!,#VALUE!,#VALUE!
,,,,,,,,,,#DIV/0!,#VALUE!,#VALUE!,#VALUE!,#VALUE!,#VALUE!
,,,,,,,,,,n/a,#VALUE!,#VALUE!,#VALUE!,#VALUE!,#VALUE!
,,,,,,,,,,#DIV/0!,#VALUE!,#VALUE!,#VALUE!,#VALUE!,#VALUE!
,,,,,,,,,,n/a,#VALUE!,#VALUE!,#VALUE!,#VALUE!,#VALUE!
,,,,,,,,,,#DIV/0!,#VALUE!,#VALUE!,#VALUE!,#VALUE!,#VALUE!
,,,,,,,,,,n/a,#VALUE!,#VALUE!,#VALUE!,#VALUE!,#VALUE!
,,,,,,,,,,#DIV/0!,#VALUE!,#VALUE!,#VALUE!,#VALUE!,#VALUE!
,,,,,,,,,,n/a,#VALUE!,#VALUE!,#VALUE!,#VALUE!,#VALUE!
,,,,,,,,,,#DIV/0!,#VALUE!,#VALUE!,#VALUE!,#VALUE!,#VALUE!
,,,,,,,,,,n/a,#VALUE!,#VALUE!,#VALUE!,#VALUE!,#VALUE!
,,,,,,,,,,#DIV/0!,#VALUE!,#VALUE!,#VALUE!,#VALUE!,#VALUE!
,,,,,,,,,,n/a,#VALUE!,#VALUE!,#VALUE!,#VALUE!,#VALUE!
,,,,,,,,,,#DIV/0!,#VALUE!,#VALUE!,#VALUE!,#VALUE!,#VALUE!
,,,,,,,,,,n/a,#VALUE!,#VALUE!,#VALUE!,#VALUE!,#VALUE!
,,,,,,,,,,#DIV/0!,#VALUE!,#VALUE!,#VALUE!,#VALUE!,#VALUE!
,,,,,,,,,,n/a,#VALUE!,#VALUE!,#VALUE!,#VALUE!,#VALUE!
,,,,,,,,,,#DIV/0!,#VALUE!,#VALUE!,#VALUE!,#VALUE!,#VALUE!
,,,,,,,,,,n/a,#VALUE!,#VALUE!,#VALUE!,#VALUE!,#VALUE!
,,,,,,,,,,#DIV/0!,#VALUE!,#VALUE!,#VALUE!,#VALUE!,#VALUE!
,,,,,,,,,,n/a,#VALUE!,#VALUE!,#VALUE!,#VALUE!,#VALUE!
,,,,,,,,,,#DIV/0!,#VALUE!,#VALUE!,#VALUE!,#VALUE!,#VALUE!
,,,,,,,,,,n/a,#VALUE!,#VALUE!,#VALUE!,#VALUE!,#VALUE!
,,,,,,,,,,#DIV/0!,#VALUE!,#VALUE!,#VALUE!,#VALUE!,#VALUE!
,,,,,,,,,,n/a,#VALUE!,#VALUE!,#VALUE!,#VALUE!,#VALUE!
,,,,,,,,,,#DIV/0!,#VALUE!,#VALUE!,#VALUE!,#VALUE!,#VALUE!
,,,,,,,,,,n/a,#VALUE!,#VALUE!,#VALUE!,#VALUE!,#VALUE!
,,,,,,,,,,#DIV/0!,#VALUE!,#VALUE!,#VALUE!,#VALUE!,#VALUE!
,,,,,,,,,,n/a,#VALUE!,#VALUE!,#VALUE!,#VALUE!,#VALUE!
,,,,,,,,,,#DIV/0!,#VALUE!,#VALUE!,#VALUE!,#VALUE!,#VALUE!
,,,,,,,,,,n/a,#VALUE!,#VALUE!,#VALUE!,#VALUE!,#VALUE!
,,,,,,,,,,#DIV/0!,#VALUE!,#VALUE!,#VALUE!,#VALUE!,#VALUE!
,,,,,,,,,,n/a,#VALUE!,#VALUE!,#VALUE!,#VALUE!,#VALUE!
,,,,,,,,,,#DIV/0!,#VALUE!,#VALUE!,#VALUE!,#VALUE!,#VALUE!
,,,,,,,,,,n/a,#VALUE!,#VALUE!,#VALUE!,#VALUE!,#VALUE!
,,,,,,,,,,#DIV/0!,#VALUE!,#VALUE!,#VALUE!,#VALUE!,#VALUE!
,,,,,,,,,,n/a,#VALUE!,#VALUE!,#VALUE!,#VALUE!,#VALUE!
,,,,,,,,,,#DIV/0!,#VALUE!,#VALUE!,#VALUE!,#VALUE!,#VALUE!
,,,,,,,,,,n/a,#VALUE!,#VALUE!,#VALUE!,#VALUE!,#VALUE!
,,,,,,,,,,#DIV/0!,#VALUE!,#VALUE!,#VALUE!,#VALUE!,#VALUE!
,,,,,,,,,,n/a,#VALUE!,#VALUE!,#VALUE!,#VALUE!,#VALUE!
,,,,,,,,,,#DIV/0!,#VALUE!,#VALUE!,#VALUE!,#VALUE!,#VALUE!
,,,,,,,,,,n/a,#VALUE!,#VALUE!,#VALUE!,#VALUE!,#VALUE!
,,,,,,,,,,#DIV/0!,#VALUE!,#VALUE!,#VALUE!,#VALUE!,#VALUE!
,,,,,,,,,,n/a,#VALUE!,#VALUE!,#VALUE!,#VALUE!,#VALUE!
,,,,,,,,,,#DIV/0!,#VALUE!,#VALUE!,#VALUE!,#VALUE!,#VALUE!
,,,,,,,,,,n/a,#VALUE!,#VALUE!,#VALUE!,#VALUE!,#VALUE!
,,,,,,,,,,#DIV/0!,#VALUE!,#VALUE!,#VALUE!,#VALUE!,#VALUE!
,,,,,,,,,,n/a,#VALUE!,#VALUE!,#VALUE!,#VALUE!,#VALUE!
,,,,,,,,,,#DIV/0!,#VALUE!,#VALUE!,#VALUE!,#VALUE!,#VALUE!
,,,,,,,,,,n/a,#VALUE!,#VALUE!,#VALUE!,#VALUE!,#VALUE!
,,,,,,,,,,#DIV/0!,#VALUE!,#VALUE!,#VALUE!,#VALUE!,#VALUE!
,,,,,,,,,,n/a,#VALUE!,#VALUE!,#VALUE!,#VALUE!,#VALUE!
,,,,,,,,,,#DIV/0!,#VALUE!,#VALUE!,#VALUE!,#VALUE!,#VALUE!
,,,,,,,,,,n/a,#VALUE!,#VALUE!,#VALUE!,#VALUE!,#VALUE!
,,,,,,,,,,#DIV/0!,#VALUE!,#VALUE!,#VALUE!,#VALUE!,#VALUE!
,,,,,,,,,,n/a,#VALUE!,#VALUE!,#VALUE!,#VALUE!,#VALUE!
,,,,,,,,,,#DIV/0!,#VALUE!,#VALUE!,#VALUE!,#VALUE!,#VALUE!
,,,,,,,,,,n/a,#VALUE!,#VALUE!,#VALUE!,#VALUE!,#VALUE!
,,,,,,,,,,#DIV/0!,#VALUE!,#VALUE!,#VALUE!,#VALUE!,#VALUE!
,,,,,,,,,,n/a,#VALUE!,#VALUE!,#VALUE!,#VALUE!,#VALUE!
,,,,,,,,,,#DIV/0!,#VALUE!,#VALUE!,#VALUE!,#VALUE!,#VALUE!
,,,,,,,,,,n/a,#VALUE!,#VALUE!,#VALUE!,#VALUE!,#VALUE!
,,,,,,,,,,#DIV/0!,#VALUE!,#VALUE!,#VALUE!,#VALUE!,#VALUE!
,,,,,,,,,,n/a,#VALUE!,#VALUE!,#VALUE!,#VALUE!,#VALUE!
,,,,,,,,,,#DIV/0!,#VALUE!,#VALUE!,#VALUE!,#VALUE!,#VALUE!
,,,,,,,,,,n/a,#VALUE!,#VALUE!,#VALUE!,#VALUE!,#VALUE!
,,,,,,,,,,#DIV/0!,#VALUE!,#VALUE!,#VALUE!,#VALUE!,#VALUE!
,,,,,,,,,,n/a,#VALUE!,#VALUE!,#VALUE!,#VALUE!,#VALUE!
,,,,,,,,,,#DIV/0!,#VALUE!,#VALUE!,#VALUE!,#VALUE!,#VALUE!
,,,,,,,,,,n/a,#VALUE!,#VALUE!,#VALUE!,#VALUE!,#VALUE!
,,,,,,,,,,#DIV/0!,#VALUE!,#VALUE!,#VALUE!,#VALUE!,#VALUE!
,,,,,,,,,,n/a,#VALUE!,#VALUE!,#VALUE!,#VALUE!,#VALUE!
,,,,,,,,,,#DIV/0!,#VALUE!,#VALUE!,#VALUE!,#VALUE!,#VALUE!
,,,,,,,,,,n/a,#VALUE!,#VALUE!,#VALUE!,#VALUE!,#VALUE!
,,,,,,,,,,#DIV/0!,#VALUE!,#VALUE!,#VALUE!,#VALUE!,#VALUE!
,,,,,,,,,,n/a,#VALUE!,#VALUE!,#VALUE!,#VALUE!,#VALUE!
,,,,,,,,,,#DIV/0!,#VALUE!,#VALUE!,#VALUE!,#VALUE!,#VALUE!
,,,,,,,,,,n/a,#VALUE!,#VALUE!,#VALUE!,#VALUE!,#VALUE!
,,,,,,,,,,#DIV/0!,#VALUE!,#VALUE!,#VALUE!,#VALUE!,#VALUE!
,,,,,,,,,,n/a,#VALUE!,#VALUE!,#VALUE!,#VALUE!,#VALUE!
,,,,,,,,,,#DIV/0!,#VALUE!,#VALUE!,#VALUE!,#VALUE!,#VALUE!
,,,,,,,,,,n/a,#VALUE!,#VALUE!,#VALUE!,#VALUE!,#VALUE!
,,,,,,,,,,#DIV/0!,#VALUE!,#VALUE!,#VALUE!,#VALUE!,#VALUE!
,,,,,,,,,,n/a,#VALUE!,#VALUE!,#VALUE!,#VALUE!,#VALUE!
,,,,,,,,,,#DIV/0!,#VALUE!,#VALUE!,#VALUE!,#VALUE!,#VALUE!
,,,,,,,,,,n/a,#VALUE!,#VALUE!,#VALUE!,#VALUE!,#VALUE!
,,,,,,,,,,#DIV/0!,#VALUE!,#VALUE!,#VALUE!,#VALUE!,#VALUE!
,,,,,,,,,,n/a,#VALUE!,#VALUE!,#VALUE!,#VALUE!,#VALUE!
,,,,,,,,,,#DIV/0!,#VALUE!,#VALUE!,#VALUE!,#VALUE!,#VALUE!
,,,,,,,,,,n/a,#VALUE!,#VALUE!,#VALUE!,#VALUE!,#VALUE!
,,,,,,,,,,#DIV/0!,#VALUE!,#VALUE!,#VALUE!,#VALUE!,#VALUE!
,,,,,,,,,,n/a,#VALUE!,#VALUE!,#VALUE!,#VALUE!,#VALUE!
,,,,,,,,,,#DIV/0!,#VALUE!,#VALUE!,#VALUE!,#VALUE!,#VALUE!
,,,,,,,,,,n/a,#VALUE!,#VALUE!,#VALUE!,#VALUE!,#VALUE!
,,,,,,,,,,#DIV/0!,#VALUE!,#VALUE!,#VALUE!,#VALUE!,#VALUE!
,,,,,,,,,,n/a,#VALUE!,#VALUE!,#VALUE!,#VALUE!,#VALUE!
,,,,,,,,,,#DIV/0!,#VALUE!,#VALUE!,#VALUE!,#VALUE!,#VALUE!
,,,,,,,,,,n/a,#VALUE!,#VALUE!,#VALUE!,#VALUE!,#VALUE!
,,,,,,,,,,#DIV/0!,#VALUE!,#VALUE!,#VALUE!,#VALUE!,#VALUE!
,,,,,,,,,,n/a,#VALUE!,#VALUE!,#VALUE!,#VALUE!,#VALUE!
,,,,,,,,,,#DIV/0!,#VALUE!,#VALUE!,#VALUE!,#VALUE!,#VALUE!
,,,,,,,,,,n/a,#VALUE!,#VALUE!,#VALUE!,#VALUE!,#VALUE!
,,,,,,,,,,#DIV/0!,#VALUE!,#VALUE!,#VALUE!,#VALUE!,#VALUE!
,,,,,,,,,,n/a,#VALUE!,#VALUE!,#VALUE!,#VALUE!,#VALUE!
,,,,,,,,,,#DIV/0!,#VALUE!,#VALUE!,#VALUE!,#VALUE!,#VALUE!
,,,,,,,,,,n/a,#VALUE!,#VALUE!,#VALUE!,#VALUE!,#VALUE!
,,,,,,,,,,#DIV/0!,#VALUE!,#VALUE!,#VALUE!,#VALUE!,#VALUE!
,,,,,,,,,,n/a,#VALUE!,#VALUE!,#VALUE!,#VALUE!,#VALUE!
,,,,,,,,,,#DIV/0!,#VALUE!,#VALUE!,#VALUE!,#VALUE!,#VALUE!
,,,,,,,,,,n/a,#VALUE!,#VALUE!,#VALUE!,#VALUE!,#VALUE!
,,,,,,,,,,#DIV/0!,#VALUE!,#VALUE!,#VALUE!,#VALUE!,#VALUE!
,,,,,,,,,,n/a,#VALUE!,#VALUE!,#VALUE!,#VALUE!,#VALUE!
,,,,,,,,,,#DIV/0!,#VALUE!,#VALUE!,#VALUE!,#VALUE!,#VALUE!
,,,,,,,,,,n/a,#VALUE!,#VALUE!,#VALUE!,#VALUE!,#VALUE!
,,,,,,,,,,#DIV/0!,#VALUE!,#VALUE!,#VALUE!,#VALUE!,#VALUE!
,,,,,,,,,,n/a,#VALUE!,#VALUE!,#VALUE!,#VALUE!,#VALUE!
,,,,,,,,,,#DIV/0!,#VALUE!,#VALUE!,#VALUE!,#VALUE!,#VALUE!
,,,,,,,,,,n/a,#VALUE!,#VALUE!,#VALUE!,#VALUE!,#VALUE!
,,,,,,,,,,#DIV/0!,#VALUE!,#VALUE!,#VALUE!,#VALUE!,#VALUE!
,,,,,,,,,,n/a,#VALUE!,#VALUE!,#VALUE!,#VALUE!,#VALUE!
,,,,,,,,,,#DIV/0!,#VALUE!,#VALUE!,#VALUE!,#VALUE!,#VALUE!
,,,,,,,,,,n/a,#VALUE!,#VALUE!,#VALUE!,#VALUE!,#VALUE!
,,,,,,,,,,#DIV/0!,#VALUE!,#VALUE!,#VALUE!,#VALUE!,#VALUE!
,,,,,,,,,,n/a,#VALUE!,#VALUE!,#VALUE!,#VALUE!,#VALUE!
,,,,,,,,,,#DIV/0!,#VALUE!,#VALUE!,#VALUE!,#VALUE!,#VALUE!
,,,,,,,,,,n/a,#VALUE!,#VALUE!,#VALUE!,#VALUE!,#VALUE!
,,,,,,,,,,#DIV/0!,#VALUE!,#VALUE!,#VALUE!,#VALUE!,#VALUE!
,,,,,,,,,,n/a,#VALUE!,#VALUE!,#VALUE!,#VALUE!,#VALUE!
,,,,,,,,,,#DIV/0!,#VALUE!,#VALUE!,#VALUE!,#VALUE!,#VALUE!
,,,,,,,,,,n/a,#VALUE!,#VALUE!,#VALUE!,#VALUE!,#VALUE!
,,,,,,,,,,#DIV/0!,#VALUE!,#VALUE!,#VALUE!,#VALUE!,#VALUE!
,,,,,,,,,,n/a,#VALUE!,#VALUE!,#VALUE!,#VALUE!,#VALUE!
,,,,,,,,,,#DIV/0!,#VALUE!,#VALUE!,#VALUE!,#VALUE!,#VALUE!
,,,,,,,,,,n/a,#VALUE!,#VALUE!,#VALUE!,#VALUE!,#VALUE!
,,,,,,,,,,#DIV/0!,#VALUE!,#VALUE!,#VALUE!,#VALUE!,#VALUE!
,,,,,,,,,,n/a,#VALUE!,#VALUE!,#VALUE!,#VALUE!,#VALUE!
,,,,,,,,,,#DIV/0!,#VALUE!,#VALUE!,#VALUE!,#VALUE!,#VALUE!
,,,,,,,,,,n/a,#VALUE!,#VALUE!,#VALUE!,#VALUE!,#VALUE!
,,,,,,,,,,#DIV/0!,#VALUE!,#VALUE!,#VALUE!,#VALUE!,#VALUE!
,,,,,,,,,,n/a,#VALUE!,#VALUE!,#VALUE!,#VALUE!,#VALUE!
,,,,,,,,,,#DIV/0!,#VALUE!,#VALUE!,#VALUE!,#VALUE!,#VALUE!
,,,,,,,,,,n/a,#VALUE!,#VALUE!,#VALUE!,#VALUE!,#VALUE!
,,,,,,,,,,#DIV/0!,#VALUE!,#VALUE!,#VALUE!,#VALUE!,#VALUE!
,,,,,,,,,,n/a,#VALUE!,#VALUE!,#VALUE!,#VALUE!,#VALUE!
,,,,,,,,,,#DIV/0!,#VALUE!,#VALUE!,#VALUE!,#VALUE!,#VALUE!
,,,,,,,,,,n/a,#VALUE!,#VALUE!,#VALUE!,#VALUE!,#VALUE!
,,,,,,,,,,#DIV/0!,#VALUE!,#VALUE!,#VALUE!,#VALUE!,#VALUE!
,,,,,,,,,,n/a,#VALUE!,#VALUE!,#VALUE!,#VALUE!,#VALUE!
,,,,,,,,,,#DIV/0!,#VALUE!,#VALUE!,#VALUE!,#VALUE!,#VALUE!
,,,,,,,,,,n/a,#VALUE!,#VALUE!,#VALUE!,#VALUE!,#VALUE!
,,,,,,,,,,#DIV/0!,#VALUE!,#VALUE!,#VALUE!,#VALUE!,#VALUE!
,,,,,,,,,,n/a,#VALUE!,#VALUE!,#VALUE!,#VALUE!,#VALUE!
,,,,,,,,,,#DIV/0!,#VALUE!,#VALUE!,#VALUE!,#VALUE!,#VALUE!
,,,,,,,,,,n/a,#VALUE!,#VALUE!,#VALUE!,#VALUE!,#VALUE!
,,,,,,,,,,#DIV/0!,#VALUE!,#VALUE!,#VALUE!,#VALUE!,#VALUE!
,,,,,,,,,,n/a,#VALUE!,#VALUE!,#VALUE!,#VALUE!,#VALUE!
,,,,,,,,,,#DIV/0!,#VALUE!,#VALUE!,#VALUE!,#VALUE!,#VALUE!
,,,,,,,,,,n/a,#VALUE!,#VALUE!,#VALUE!,#VALUE!,#VALUE!
,,,,,,,,,,#DIV/0!,#VALUE!,#VALUE!,#VALUE!,#VALUE!,#VALUE!
,,,,,,,,,,n/a,#VALUE!,#VALUE!,#VALUE!,#VALUE!,#VALUE!
,,,,,,,,,,#DIV/0!,#VALUE!,#VALUE!,#VALUE!,#VALUE!,#VALUE!
,,,,,,,,,,n/a,#VALUE!,#VALUE!,#VALUE!,#VALUE!,#VALUE!
,,,,,,,,,,#DIV/0!,#VALUE!,#VALUE!,#VALUE!,#VALUE!,#VALUE!
,,,,,,,,,,n/a,#VALUE!,#VALUE!,#VALUE!,#VALUE!,#VALUE!
,,,,,,,,,,#DIV/0!,#VALUE!,#VALUE!,#VALUE!,#VALUE!,#VALUE!
,,,,,,,,,,n/a,#VALUE!,#VALUE!,#VALUE!,#VALUE!,#VALUE!
,,,,,,,,,,#DIV/0!,#VALUE!,#VALUE!,#VALUE!,#VALUE!,#VALUE!
,,,,,,,,,,n/a,#VALUE!,#VALUE!,#VALUE!,#VALUE!,#VALUE!
,,,,,,,,,,#DIV/0!,#VALUE!,#VALUE!,#VALUE!,#VALUE!,#VALUE!
,,,,,,,,,,n/a,#VALUE!,#VALUE!,#VALUE!,#VALUE!,#VALUE!
,,,,,,,,,,#DIV/0!,#VALUE!,#VALUE!,#VALUE!,#VALUE!,#VALUE!
,,,,,,,,,,n/a,#VALUE!,#VALUE!,#VALUE!,#VALUE!,#VALUE!
,,,,,,,,,,#DIV/0!,#VALUE!,#VALUE!,#VALUE!,#VALUE!,#VALUE!
,,,,,,,,,,n/a,#VALUE!,#VALUE!,#VALUE!,#VALUE!,#VALUE!
,,,,,,,,,,#DIV/0!,#VALUE!,#VALUE!,#VALUE!,#VALUE!,#VALUE!
,,,,,,,,,,n/a,#VALUE!,#VALUE!,#VALUE!,#VALUE!,#VALUE!
,,,,,,,,,,#DIV/0!,#VALUE!,#VALUE!,#VALUE!,#VALUE!,#VALUE!
,,,,,,,,,,n/a,#VALUE!,#VALUE!,#VALUE!,#VALUE!,#VALUE!
,,,,,,,,,,#DIV/0!,#VALUE!,#VALUE!,#VALUE!,#VALUE!,#VALUE!
,,,,,,,,,,n/a,#VALUE!,#VALUE!,#VALUE!,#VALUE!,#VALUE!
,,,,,,,,,,#DIV/0!,#VALUE!,#VALUE!,#VALUE!,#VALUE!,#VALUE!
,,,,,,,,,,n/a,#VALUE!,#VALUE!,#VALUE!,#VALUE!,#VALUE!
,,,,,,,,,,#DIV/0!,#VALUE!,#VALUE!,#VALUE!,#VALUE!,#VALUE!
,,,,,,,,,,n/a,#VALUE!,#VALUE!,#VALUE!,#VALUE!,#VALUE!
,,,,,,,,,,#DIV/0!,#VALUE!,#VALUE!,#VALUE!,#VALUE!,#VALUE!
,,,,,,,,,,n/a,#VALUE!,#VALUE!,#VALUE!,#VALUE!,#VALUE!
,,,,,,,,,,#DIV/0!,#VALUE!,#VALUE!,#VALUE!,#VALUE!,#VALUE!
,,,,,,,,,,n/a,#VALUE!,#VALUE!,#VALUE!,#VALUE!,#VALUE!
,,,,,,,,,,#DIV/0!,#VALUE!,#VALUE!,#VALUE!,#VALUE!,#VALUE!
,,,,,,,,,,n/a,#VALUE!,#VALUE!,#VALUE!,#VALUE!,#VALUE!
,,,,,,,,,,#DIV/0!,#VALUE!,#VALUE!,#VALUE!,#VALUE!,#VALUE!
,,,,,,,,,,n/a,#VALUE!,#VALUE!,#VALUE!,#VALUE!,#VALUE!
,,,,,,,,,,#DIV/0!,#VALUE!,#VALUE!,#VALUE!,#VALUE!,#VALUE!
,,,,,,,,,,n/a,#VALUE!,#VALUE!,#VALUE!,#VALUE!,#VALUE!
,,,,,,,,,,#DIV/0!,#VALUE!,#VALUE!,#VALUE!,#VALUE!,#VALUE!
,,,,,,,,,,n/a,#VALUE!,#VALUE!,#VALUE!,#VALUE!,#VALUE!
,,,,,,,,,,#DIV/0!,#VALUE!,#VALUE!,#VALUE!,#VALUE!,#VALUE!
,,,,,,,,,,n/a,#VALUE!,#VALUE!,#VALUE!,#VALUE!,#VALUE!
,,,,,,,,,,#DIV/0!,#VALUE!,#VALUE!,#VALUE!,#VALUE!,#VALUE!
,,,,,,,,,,n/a,#VALUE!,#VALUE!,#VALUE!,#VALUE!,#VALUE!
,,,,,,,,,,#DIV/0!,#VALUE!,#VALUE!,#VALUE!,#VALUE!,#VALUE!
,,,,,,,,,,n/a,#VALUE!,#VALUE!,#VALUE!,#VALUE!,#VALUE!
,,,,,,,,,,#DIV/0!,#VALUE!,#VALUE!,#VALUE!,#VALUE!,#VALUE!
,,,,,,,,,,n/a,#VALUE!,#VALUE!,#VALUE!,#VALUE!,#VALUE!
,,,,,,,,,,#DIV/0!,#VALUE!,#VALUE!,#VALUE!,#VALUE!,#VALUE!
,,,,,,,,,,n/a,#VALUE!,#VALUE!,#VALUE!,#VALUE!,#VALUE!
,,,,,,,,,,#DIV/0!,#VALUE!,#VALUE!,#VALUE!,#VALUE!,#VALUE!
,,,,,,,,,,n/a,#VALUE!,#VALUE!,#VALUE!,#VALUE!,#VALUE!
,,,,,,,,,,#DIV/0!,#VALUE!,#VALUE!,#VALUE!,#VALUE!,#VALUE!
,,,,,,,,,,n/a,#VALUE!,#VALUE!,#VALUE!,#VALUE!,#VALUE!
,,,,,,,,,,#DIV/0!,#VALUE!,#VALUE!,#VALUE!,#VALUE!,#VALUE!
,,,,,,,,,,n/a,#VALUE!,#VALUE!,#VALUE!,#VALUE!,#VALUE!
,,,,,,,,,,#DIV/0!,#VALUE!,#VALUE!,#VALUE!,#VALUE!,#VALUE!
,,,,,,,,,,n/a,#VALUE!,#VALUE!,#VALUE!,#VALUE!,#VALUE!
,,,,,,,,,,#DIV/0!,#VALUE!,#VALUE!,#VALUE!,#VALUE!,#VALUE!
,,,,,,,,,,n/a,#VALUE!,#VALUE!,#VALUE!,#VALUE!,#VALUE!
,,,,,,,,,,#DIV/0!,#VALUE!,#VALUE!,#VALUE!,#VALUE!,#VALUE!
,,,,,,,,,,n/a,#VALUE!,#VALUE!,#VALUE!,#VALUE!,#VALUE!
,,,,,,,,,,#DIV/0!,#VALUE!,#VALUE!,#VALUE!,#VALUE!,#VALUE!
,,,,,,,,,,n/a,#VALUE!,#VALUE!,#VALUE!,#VALUE!,#VALUE!
,,,,,,,,,,#DIV/0!,#VALUE!,#VALUE!,#VALUE!,#VALUE!,#VALUE!
,,,,,,,,,,n/a,#VALUE!,#VALUE!,#VALUE!,#VALUE!,#VALUE!
,,,,,,,,,,#DIV/0!,#VALUE!,#VALUE!,#VALUE!,#VALUE!,#VALUE!
,,,,,,,,,,n/a,#VALUE!,#VALUE!,#VALUE!,#VALUE!,#VALUE!
,,,,,,,,,,#DIV/0!,#VALUE!,#VALUE!,#VALUE!,#VALUE!,#VALUE!
,,,,,,,,,,n/a,#VALUE!,#VALUE!,#VALUE!,#VALUE!,#VALUE!
,,,,,,,,,,#DIV/0!,#VALUE!,#VALUE!,#VALUE!,#VALUE!,#VALUE!
,,,,,,,,,,n/a,#VALUE!,#VALUE!,#VALUE!,#VALUE!,#VALUE!
,,,,,,,,,,#DIV/0!,#VALUE!,#VALUE!,#VALUE!,#VALUE!,#VALUE!
,,,,,,,,,,n/a,#VALUE!,#VALUE!,#VALUE!,#VALUE!,#VALUE!
,,,,,,,,,,#DIV/0!,#VALUE!,#VALUE!,#VALUE!,#VALUE!,#VALUE!
,,,,,,,,,,n/a,#VALUE!,#VALUE!,#VALUE!,#VALUE!,#VALUE!
,,,,,,,,,,#DIV/0!,#VALUE!,#VALUE!,#VALUE!,#VALUE!,#VALUE!
,,,,,,,,,,n/a,#VALUE!,#VALUE!,#VALUE!,#VALUE!,#VALUE!
,,,,,,,,,,#DIV/0!,#VALUE!,#VALUE!,#VALUE!,#VALUE!,#VALUE!
,,,,,,,,,,n/a,#VALUE!,#VALUE!,#VALUE!,#VALUE!,#VALUE!
,,,,,,,,,,#DIV/0!,#VALUE!,#VALUE!,#VALUE!,#VALUE!,#VALUE!
,,,,,,,,,,n/a,#VALUE!,#VALUE!,#VALUE!,#VALUE!,#VALUE!
,,,,,,,,,,#DIV/0!,#VALUE!,#VALUE!,#VALUE!,#VALUE!,#VALUE!
,,,,,,,,,,n/a,#VALUE!,#VALUE!,#VALUE!,#VALUE!,#VALUE!
,,,,,,,,,,#DIV/0!,#VALUE!,#VALUE!,#VALUE!,#VALUE!,#VALUE!
,,,,,,,,,,n/a,#VALUE!,#VALUE!,#VALUE!,#VALUE!,#VALUE!
,,,,,,,,,,#DIV/0!,#VALUE!,#VALUE!,#VALUE!,#VALUE!,#VALUE!
,,,,,,,,,,n/a,#VALUE!,#VALUE!,#VALUE!,#VALUE!,#VALUE!
,,,,,,,,,,#DIV/0!,#VALUE!,#VALUE!,#VALUE!,#VALUE!,#VALUE!
,,,,,,,,,,n/a,#VALUE!,#VALUE!,#VALUE!,#VALUE!,#VALUE!
,,,,,,,,,,#DIV/0!,#VALUE!,#VALUE!,#VALUE!,#VALUE!,#VALUE!
,,,,,,,,,,n/a,#VALUE!,#VALUE!,#VALUE!,#VALUE!,#VALUE!
,,,,,,,,,,#DIV/0!,#VALUE!,#VALUE!,#VALUE!,#VALUE!,#VALUE!
,,,,,,,,,,n/a,#VALUE!,#VALUE!,#VALUE!,#VALUE!,#VALUE!
,,,,,,,,,,#DIV/0!,#VALUE!,#VALUE!,#VALUE!,#VALUE!,#VALUE!
,,,,,,,,,,n/a,#VALUE!,#VALUE!,#VALUE!,#VALUE!,#VALUE!
,,,,,,,,,,#DIV/0!,#VALUE!,#VALUE!,#VALUE!,#VALUE!,#VALUE!
,,,,,,,,,,n/a,#VALUE!,#VALUE!,#VALUE!,#VALUE!,#VALUE!
,,,,,,,,,,#DIV/0!,#VALUE!,#VALUE!,#VALUE!,#VALUE!,#VALUE!
,,,,,,,,,,n/a,#VALUE!,#VALUE!,#VALUE!,#VALUE!,#VALUE!
,,,,,,,,,,#DIV/0!,#VALUE!,#VALUE!,#VALUE!,#VALUE!,#VALUE!
,,,,,,,,,,n/a,#VALUE!,#VALUE!,#VALUE!,#VALUE!,#VALUE!
,,,,,,,,,,#DIV/0!,#VALUE!,#VALUE!,#VALUE!,#VALUE!,#VALUE!
,,,,,,,,,,n/a,#VALUE!,#VALUE!,#VALUE!,#VALUE!,#VALUE!
,,,,,,,,,,#DIV/0!,#VALUE!,#VALUE!,#VALUE!,#VALUE!,#VALUE!
,,,,,,,,,,n/a,#VALUE!,#VALUE!,#VALUE!,#VALUE!,#VALUE!
,,,,,,,,,,#DIV/0!,#VALUE!,#VALUE!,#VALUE!,#VALUE!,#VALUE!
,,,,,,,,,,n/a,#VALUE!,#VALUE!,#VALUE!,#VALUE!,#VALUE!
,,,,,,,,,,#DIV/0!,#VALUE!,#VALUE!,#VALUE!,#VALUE!,#VALUE!
,,,,,,,,,,n/a,#VALUE!,#VALUE!,#VALUE!,#VALUE!,#VALUE!
,,,,,,,,,,#DIV/0!,#VALUE!,#VALUE!,#VALUE!,#VALUE!,#VALUE!
,,,,,,,,,,n/a,#VALUE!,#VALUE!,#VALUE!,#VALUE!,#VALUE!
,,,,,,,,,,#DIV/0!,#VALUE!,#VALUE!,#VALUE!,#VALUE!,#VALUE!
,,,,,,,,,,n/a,#VALUE!,#VALUE!,#VALUE!,#VALUE!,#VALUE!
,,,,,,,,,,#DIV/0!,#VALUE!,#VALUE!,#VALUE!,#VALUE!,#VALUE!
,,,,,,,,,,n/a,#VALUE!,#VALUE!,#VALUE!,#VALUE!,#VALUE!
,,,,,,,,,,#DIV/0!,#VALUE!,#VALUE!,#VALUE!,#VALUE!,#VALUE!
,,,,,,,,,,n/a,#VALUE!,#VALUE!,#VALUE!,#VALUE!,#VALUE!
,,,,,,,,,,#DIV/0!,#VALUE!,#VALUE!,#VALUE!,#VALUE!,#VALUE!
,,,,,,,,,,n/a,#VALUE!,#VALUE!,#VALUE!,#VALUE!,#VALUE!
,,,,,,,,,,#DIV/0!,#VALUE!,#VALUE!,#VALUE!,#VALUE!,#VALUE!
,,,,,,,,,,n/a,#VALUE!,#VALUE!,#VALUE!,#VALUE!,#VALUE!
,,,,,,,,,,#DIV/0!,#VALUE!,#VALUE!,#VALUE!,#VALUE!,#VALUE!
,,,,,,,,,,n/a,#VALUE!,#VALUE!,#VALUE!,#VALUE!,#VALUE!
,,,,,,,,,,#DIV/0!,#VALUE!,#VALUE!,#VALUE!,#VALUE!,#VALUE!
,,,,,,,,,,n/a,#VALUE!,#VALUE!,#VALUE!,#VALUE!,#VALUE!
,,,,,,,,,,#DIV/0!,#VALUE!,#VALUE!,#VALUE!,#VALUE!,#VALUE!
,,,,,,,,,,n/a,#VALUE!,#VALUE!,#VALUE!,#VALUE!,#VALUE!
,,,,,,,,,,#DIV/0!,#VALUE!,#VALUE!,#VALUE!,#VALUE!,#VALUE!
,,,,,,,,,,n/a,#VALUE!,#VALUE!,#VALUE!,#VALUE!,#VALUE!
,,,,,,,,,,#DIV/0!,#VALUE!,#VALUE!,#VALUE!,#VALUE!,#VALUE!
,,,,,,,,,,n/a,#VALUE!,#VALUE!,#VALUE!,#VALUE!,#VALUE!
,,,,,,,,,,#DIV/0!,#VALUE!,#VALUE!,#VALUE!,#VALUE!,#VALUE!
,,,,,,,,,,n/a,#VALUE!,#VALUE!,#VALUE!,#VALUE!,#VALUE!
,,,,,,,,,,#DIV/0!,#VALUE!,#VALUE!,#VALUE!,#VALUE!,#VALUE!
,,,,,,,,,,n/a,#VALUE!,#VALUE!,#VALUE!,#VALUE!,#VALUE!
,,,,,,,,,,#DIV/0!,#VALUE!,#VALUE!,#VALUE!,#VALUE!,#VALUE!
,,,,,,,,,,n/a,#VALUE!,#VALUE!,#VALUE!,#VALUE!,#VALUE!
,,,,,,,,,,#DIV/0!,#VALUE!,#VALUE!,#VALUE!,#VALUE!,#VALUE!
,,,,,,,,,,n/a,#VALUE!,#VALUE!,#VALUE!,#VALUE!,#VALUE!
,,,,,,,,,,#DIV/0!,#VALUE!,#VALUE!,#VALUE!,#VALUE!,#VALUE!
,,,,,,,,,,n/a,#VALUE!,#VALUE!,#VALUE!,#VALUE!,#VALUE!
,,,,,,,,,,#DIV/0!,#VALUE!,#VALUE!,#VALUE!,#VALUE!,#VALUE!
,,,,,,,,,,n/a,#VALUE!,#VALUE!,#VALUE!,#VALUE!,#VALUE!
,,,,,,,,,,#DIV/0!,#VALUE!,#VALUE!,#VALUE!,#VALUE!,#VALUE!
,,,,,,,,,,n/a,#VALUE!,#VALUE!,#VALUE!,#VALUE!,#VALUE!
,,,,,,,,,,#DIV/0!,#VALUE!,#VALUE!,#VALUE!,#VALUE!,#VALUE!
,,,,,,,,,,n/a,#VALUE!,#VALUE!,#VALUE!,#VALUE!,#VALUE!
,,,,,,,,,,#DIV/0!,#VALUE!,#VALUE!,#VALUE!,#VALUE!,#VALUE!
,,,,,,,,,,n/a,#VALUE!,#VALUE!,#VALUE!,#VALUE!,#VALUE!
,,,,,,,,,,#DIV/0!,#VALUE!,#VALUE!,#VALUE!,#VALUE!,#VALUE!
,,,,,,,,,,n/a,#VALUE!,#VALUE!,#VALUE!,#VALUE!,#VALUE!
,,,,,,,,,,#DIV/0!,#VALUE!,#VALUE!,#VALUE!,#VALUE!,#VALUE!
,,,,,,,,,,n/a,#VALUE!,#VALUE!,#VALUE!,#VALUE!,#VALUE!
,,,,,,,,,,#DIV/0!,#VALUE!,#VALUE!,#VALUE!,#VALUE!,#VALUE!
,,,,,,,,,,n/a,#VALUE!,#VALUE!,#VALUE!,#VALUE!,#VALUE!
,,,,,,,,,,#DIV/0!,#VALUE!,#VALUE!,#VALUE!,#VALUE!,#VALUE!
,,,,,,,,,,n/a,#VALUE!,#VALUE!,#VALUE!,#VALUE!,#VALUE!
,,,,,,,,,,#DIV/0!,#VALUE!,#VALUE!,#VALUE!,#VALUE!,#VALUE!
,,,,,,,,,,n/a,#VALUE!,#VALUE!,#VALUE!,#VALUE!,#VALUE!
,,,,,,,,,,#DIV/0!,#VALUE!,#VALUE!,#VALUE!,#VALUE!,#VALUE!
,,,,,,,,,,n/a,#VALUE!,#VALUE!,#VALUE!,#VALUE!,#VALUE!
,,,,,,,,,,#DIV/0!,#VALUE!,#VALUE!,#VALUE!,#VALUE!,#VALUE!
,,,,,,,,,,n/a,#VALUE!,#VALUE!,#VALUE!,#VALUE!,#VALUE!
,,,,,,,,,,#DIV/0!,#VALUE!,#VALUE!,#VALUE!,#VALUE!,#VALUE!
,,,,,,,,,,n/a,#VALUE!,#VALUE!,#VALUE!,#VALUE!,#VALUE!
,,,,,,,,,,#DIV/0!,#VALUE!,#VALUE!,#VALUE!,#VALUE!,#VALUE!
,,,,,,,,,,n/a,#VALUE!,#VALUE!,#VALUE!,#VALUE!,#VALUE!
,,,,,,,,,,#DIV/0!,#VALUE!,#VALUE!,#VALUE!,#VALUE!,#VALUE!
,,,,,,,,,,n/a,#VALUE!,#VALUE!,#VALUE!,#VALUE!,#VALUE!
,,,,,,,,,,#DIV/0!,#VALUE!,#VALUE!,#VALUE!,#VALUE!,#VALUE!
,,,,,,,,,,n/a,#VALUE!,#VALUE!,#VALUE!,#VALUE!,#VALUE!
,,,,,,,,,,#DIV/0!,#VALUE!,#VALUE!,#VALUE!,#VALUE!,#VALUE!
,,,,,,,,,,n/a,#VALUE!,#VALUE!,#VALUE!,#VALUE!,#VALUE!
,,,,,,,,,,#DIV/0!,#VALUE!,#VALUE!,#VALUE!,#VALUE!,#VALUE!
,,,,,,,,,,n/a,#VALUE!,#VALUE!,#VALUE!,#VALUE!,#VALUE!
,,,,,,,,,,#DIV/0!,#VALUE!,#VALUE!,#VALUE!,#VALUE!,#VALUE!
,,,,,,,,,,n/a,#VALUE!,#VALUE!,#VALUE!,#VALUE!,#VALUE!
,,,,,,,,,,#DIV/0!,#VALUE!,#VALUE!,#VALUE!,#VALUE!,#VALUE!
,,,,,,,,,,n/a,#VALUE!,#VALUE!,#VALUE!,#VALUE!,#VALUE!
,,,,,,,,,,#DIV/0!,#VALUE!,#VALUE!,#VALUE!,#VALUE!,#VALUE!
,,,,,,,,,,n/a,#VALUE!,#VALUE!,#VALUE!,#VALUE!,#VALUE!
,,,,,,,,,,#DIV/0!,#VALUE!,#VALUE!,#VALUE!,#VALUE!,#VALUE!
,,,,,,,,,,n/a,#VALUE!,#VALUE!,#VALUE!,#VALUE!,#VALUE!
,,,,,,,,,,#DIV/0!,#VALUE!,#VALUE!,#VALUE!,#VALUE!,#VALUE!
,,,,,,,,,,n/a,#VALUE!,#VALUE!,#VALUE!,#VALUE!,#VALUE!
,,,,,,,,,,#DIV/0!,#VALUE!,#VALUE!,#VALUE!,#VALUE!,#VALUE!
,,,,,,,,,,n/a,#VALUE!,#VALUE!,#VALUE!,#VALUE!,#VALUE!
,,,,,,,,,,#DIV/0!,#VALUE!,#VALUE!,#VALUE!,#VALUE!,#VALUE!
,,,,,,,,,,n/a,#VALUE!,#VALUE!,#VALUE!,#VALUE!,#VALUE!
,,,,,,,,,,#DIV/0!,#VALUE!,#VALUE!,#VALUE!,#VALUE!,#VALUE!
,,,,,,,,,,n/a,#VALUE!,#VALUE!,#VALUE!,#VALUE!,#VALUE!
,,,,,,,,,,#DIV/0!,#VALUE!,#VALUE!,#VALUE!,#VALUE!,#VALUE!
,,,,,,,,,,n/a,#VALUE!,#VALUE!,#VALUE!,#VALUE!,#VALUE!
,,,,,,,,,,#DIV/0!,#VALUE!,#VALUE!,#VALUE!,#VALUE!,#VALUE!
,,,,,,,,,,n/a,#VALUE!,#VALUE!,#VALUE!,#VALUE!,#VALUE!
,,,,,,,,,,#DIV/0!,#VALUE!,#VALUE!,#VALUE!,#VALUE!,#VALUE!
,,,,,,,,,,n/a,#VALUE!,#VALUE!,#VALUE!,#VALUE!,#VALUE!
,,,,,,,,,,#DIV/0!,#VALUE!,#VALUE!,#VALUE!,#VALUE!,#VALUE!
,,,,,,,,,,n/a,#VALUE!,#VALUE!,#VALUE!,#VALUE!,#VALUE!
,,,,,,,,,,#DIV/0!,#VALUE!,#VALUE!,#VALUE!,#VALUE!,#VALUE!
,,,,,,,,,,n/a,#VALUE!,#VALUE!,#VALUE!,#VALUE!,#VALUE!
,,,,,,,,,,#DIV/0!,#VALUE!,#VALUE!,#VALUE!,#VALUE!,#VALUE!
,,,,,,,,,,n/a,#VALUE!,#VALUE!,#VALUE!,#VALUE!,#VALUE!
,,,,,,,,,,#DIV/0!,#VALUE!,#VALUE!,#VALUE!,#VALUE!,#VALUE!
,,,,,,,,,,n/a,#VALUE!,#VALUE!,#VALUE!,#VALUE!,#VALUE!
,,,,,,,,,,#DIV/0!,#VALUE!,#VALUE!,#VALUE!,#VALUE!,#VALUE!
,,,,,,,,,,n/a,#VALUE!,#VALUE!,#VALUE!,#VALUE!,#VALUE!
,,,,,,,,,,#DIV/0!,#VALUE!,#VALUE!,#VALUE!,#VALUE!,#VALUE!
,,,,,,,,,,n/a,#VALUE!,#VALUE!,#VALUE!,#VALUE!,#VALUE!
,,,,,,,,,,#DIV/0!,#VALUE!,#VALUE!,#VALUE!,#VALUE!,#VALUE!
,,,,,,,,,,n/a,#VALUE!,#VALUE!,#VALUE!,#VALUE!,#VALUE!
,,,,,,,,,,#DIV/0!,#VALUE!,#VALUE!,#VALUE!,#VALUE!,#VALUE!
,,,,,,,,,,n/a,#VALUE!,#VALUE!,#VALUE!,#VALUE!,#VALUE!
,,,,,,,,,,#DIV/0!,#VALUE!,#VALUE!,#VALUE!,#VALUE!,#VALUE!
,,,,,,,,,,n/a,#VALUE!,#VALUE!,#VALUE!,#VALUE!,#VALUE!
,,,,,,,,,,#DIV/0!,#VALUE!,#VALUE!,#VALUE!,#VALUE!,#VALUE!
,,,,,,,,,,n/a,#VALUE!,#VALUE!,#VALUE!,#VALUE!,#VALUE!
,,,,,,,,,,#DIV/0!,#VALUE!,#VALUE!,#VALUE!,#VALUE!,#VALUE!
,,,,,,,,,,n/a,#VALUE!,#VALUE!,#VALUE!,#VALUE!,#VALUE!
,,,,,,,,,,#DIV/0!,#VALUE!,#VALUE!,#VALUE!,#VALUE!,#VALUE!
,,,,,,,,,,n/a,#VALUE!,#VALUE!,#VALUE!,#VALUE!,#VALUE!
,,,,,,,,,,#DIV/0!,#VALUE!,#VALUE!,#VALUE!,#VALUE!,#VALUE!
,,,,,,,,,,n/a,#VALUE!,#VALUE!,#VALUE!,#VALUE!,#VALUE!
,,,,,,,,,,#DIV/0!,#VALUE!,#VALUE!,#VALUE!,#VALUE!,#VALUE!
,,,,,,,,,,n/a,#VALUE!,#VALUE!,#VALUE!,#VALUE!,#VALUE!
,,,,,,,,,,#DIV/0!,#VALUE!,#VALUE!,#VALUE!,#VALUE!,#VALUE!
,,,,,,,,,,n/a,#VALUE!,#VALUE!,#VALUE!,#VALUE!,#VALUE!
,,,,,,,,,,#DIV/0!,#VALUE!,#VALUE!,#VALUE!,#VALUE!,#VALUE!
,,,,,,,,,,n/a,#VALUE!,#VALUE!,#VALUE!,#VALUE!,#VALUE!
,,,,,,,,,,#DIV/0!,#VALUE!,#VALUE!,#VALUE!,#VALUE!,#VALUE!
,,,,,,,,,,n/a,#VALUE!,#VALUE!,#VALUE!,#VALUE!,#VALUE!
,,,,,,,,,,#DIV/0!,#VALUE!,#VALUE!,#VALUE!,#VALUE!,#VALUE!
,,,,,,,,,,n/a,#VALUE!,#VALUE!,#VALUE!,#VALUE!,#VALUE!
,,,,,,,,,,#DIV/0!,#VALUE!,#VALUE!,#VALUE!,#VALUE!,#VALUE!
,,,,,,,,,,n/a,#VALUE!,#VALUE!,#VALUE!,#VALUE!,#VALUE!
,,,,,,,,,,#DIV/0!,#VALUE!,#VALUE!,#VALUE!,#VALUE!,#VALUE!
,,,,,,,,,,n/a,#VALUE!,#VALUE!,#VALUE!,#VALUE!,#VALUE!
,,,,,,,,,,#DIV/0!,#VALUE!,#VALUE!,#VALUE!,#VALUE!,#VALUE!
,,,,,,,,,,n/a,#VALUE!,#VALUE!,#VALUE!,#VALUE!,#VALUE!
,,,,,,,,,,#DIV/0!,#VALUE!,#VALUE!,#VALUE!,#VALUE!,#VALUE!
,,,,,,,,,,n/a,#VALUE!,#VALUE!,#VALUE!,#VALUE!,#VALUE!
,,,,,,,,,,#DIV/0!,#VALUE!,#VALUE!,#VALUE!,#VALUE!,#VALUE!
,,,,,,,,,,n/a,#VALUE!,#VALUE!,#VALUE!,#VALUE!,#VALUE!
,,,,,,,,,,#DIV/0!,#VALUE!,#VALUE!,#VALUE!,#VALUE!,#VALUE!
,,,,,,,,,,n/a,#VALUE!,#VALUE!,#VALUE!,#VALUE!,#VALUE!
,,,,,,,,,,#DIV/0!,#VALUE!,#VALUE!,#VALUE!,#VALUE!,#VALUE!
,,,,,,,,,,n/a,#VALUE!,#VALUE!,#VALUE!,#VALUE!,#VALUE!
,,,,,,,,,,#DIV/0!,#VALUE!,#VALUE!,#VALUE!,#VALUE!,#VALUE!
,,,,,,,,,,n/a,#VALUE!,#VALUE!,#VALUE!,#VALUE!,#VALUE!
,,,,,,,,,,#DIV/0!,#VALUE!,#VALUE!,#VALUE!,#VALUE!,#VALUE!
,,,,,,,,,,n/a,#VALUE!,#VALUE!,#VALUE!,#VALUE!,#VALUE!
,,,,,,,,,,#DIV/0!,#VALUE!,#VALUE!,#VALUE!,#VALUE!,#VALUE!
,,,,,,,,,,n/a,#VALUE!,#VALUE!,#VALUE!,#VALUE!,#VALUE!
,,,,,,,,,,#DIV/0!,#VALUE!,#VALUE!,#VALUE!,#VALUE!,#VALUE!
,,,,,,,,,,n/a,#VALUE!,#VALUE!,#VALUE!,#VALUE!,#VALUE!
,,,,,,,,,,#DIV/0!,#VALUE!,#VALUE!,#VALUE!,#VALUE!,#VALUE!
,,,,,,,,,,n/a,#VALUE!,#VALUE!,#VALUE!,#VALUE!,#VALUE!
,,,,,,,,,,#DIV/0!,#VALUE!,#VALUE!,#VALUE!,#VALUE!,#VALUE!
,,,,,,,,,,n/a,#VALUE!,#VALUE!,#VALUE!,#VALUE!,#VALUE!
,,,,,,,,,,#DIV/0!,#VALUE!,#VALUE!,#VALUE!,#VALUE!,#VALUE!
,,,,,,,,,,n/a,#VALUE!,#VALUE!,#VALUE!,#VALUE!,#VALUE!
,,,,,,,,,,#DIV/0!,#VALUE!,#VALUE!,#VALUE!,#VALUE!,#VALUE!
,,,,,,,,,,n/a,#VALUE!,#VALUE!,#VALUE!,#VALUE!,#VALUE!
,,,,,,,,,,#DIV/0!,#VALUE!,#VALUE!,#VALUE!,#VALUE!,#VALUE!
,,,,,,,,,,n/a,#VALUE!,#VALUE!,#VALUE!,#VALUE!,#VALUE!
,,,,,,,,,,#DIV/0!,#VALUE!,#VALUE!,#VALUE!,#VALUE!,#VALUE!
,,,,,,,,,,n/a,#VALUE!,#VALUE!,#VALUE!,#VALUE!,#VALUE!
,,,,,,,,,,#DIV/0!,#VALUE!,#VALUE!,#VALUE!,#VALUE!,#VALUE!
,,,,,,,,,,n/a,#VALUE!,#VALUE!,#VALUE!,#VALUE!,#VALUE!
,,,,,,,,,,#DIV/0!,#VALUE!,#VALUE!,#VALUE!,#VALUE!,#VALUE!
,,,,,,,,,,n/a,#VALUE!,#VALUE!,#VALUE!,#VALUE!,#VALUE!
,,,,,,,,,,#DIV/0!,#VALUE!,#VALUE!,#VALUE!,#VALUE!,#VALUE!
,,,,,,,,,,n/a,#VALUE!,#VALUE!,#VALUE!,#VALUE!,#VALUE!
,,,,,,,,,,#DIV/0!,#VALUE!,#VALUE!,#VALUE!,#VALUE!,#VALUE!
,,,,,,,,,,n/a,#VALUE!,#VALUE!,#VALUE!,#VALUE!,#VALUE!
,,,,,,,,,,#DIV/0!,#VALUE!,#VALUE!,#VALUE!,#VALUE!,#VALUE!
,,,,,,,,,,n/a,#VALUE!,#VALUE!,#VALUE!,#VALUE!,#VALUE!
,,,,,,,,,,#DIV/0!,#VALUE!,#VALUE!,#VALUE!,#VALUE!,#VALUE!
,,,,,,,,,,n/a,#VALUE!,#VALUE!,#VALUE!,#VALUE!,#VALUE!
,,,,,,,,,,#DIV/0!,#VALUE!,#VALUE!,#VALUE!,#VALUE!,#VALUE!
,,,,,,,,,,n/a,#VALUE!,#VALUE!,#VALUE!,#VALUE!,#VALUE!
,,,,,,,,,,#DIV/0!,#VALUE!,#VALUE!,#VALUE!,#VALUE!,#VALUE!
,,,,,,,,,,n/a,#VALUE!,#VALUE!,#VALUE!,#VALUE!,#VALUE!
,,,,,,,,,,#DIV/0!,#VALUE!,#VALUE!,#VALUE!,#VALUE!,#VALUE!
,,,,,,,,,,n/a,#VALUE!,#VALUE!,#VALUE!,#VALUE!,#VALUE!
,,,,,,,,,,#DIV/0!,#VALUE!,#VALUE!,#VALUE!,#VALUE!,#VALUE!
,,,,,,,,,,n/a,#VALUE!,#VALUE!,#VALUE!,#VALUE!,#VALUE!
,,,,,,,,,,#DIV/0!,#VALUE!,#VALUE!,#VALUE!,#VALUE!,#VALUE!
,,,,,,,,,,n/a,#VALUE!,#VALUE!,#VALUE!,#VALUE!,#VALUE!
,,,,,,,,,,#DIV/0!,#VALUE!,#VALUE!,#VALUE!,#VALUE!,#VALUE!
,,,,,,,,,,n/a,#VALUE!,#VALUE!,#VALUE!,#VALUE!,#VALUE!
,,,,,,,,,,#DIV/0!,#VALUE!,#VALUE!,#VALUE!,#VALUE!,#VALUE!
,,,,,,,,,,n/a,#VALUE!,#VALUE!,#VALUE!,#VALUE!,#VALUE!
,,,,,,,,,,#DIV/0!,#VALUE!,#VALUE!,#VALUE!,#VALUE!,#VALUE!
,,,,,,,,,,n/a,#VALUE!,#VALUE!,#VALUE!,#VALUE!,#VALUE!
,,,,,,,,,,#DIV/0!,#VALUE!,#VALUE!,#VALUE!,#VALUE!,#VALUE!
,,,,,,,,,,n/a,#VALUE!,#VALUE!,#VALUE!,#VALUE!,#VALUE!
,,,,,,,,,,#DIV/0!,#VALUE!,#VALUE!,#VALUE!,#VALUE!,#VALUE!
,,,,,,,,,,n/a,#VALUE!,#VALUE!,#VALUE!,#VALUE!,#VALUE!
,,,,,,,,,,#DIV/0!,#VALUE!,#VALUE!,#VALUE!,#VALUE!,#VALUE!
,,,,,,,,,,n/a,#VALUE!,#VALUE!,#VALUE!,#VALUE!,#VALUE!
,,,,,,,,,,#DIV/0!,#VALUE!,#VALUE!,#VALUE!,#VALUE!,#VALUE!
,,,,,,,,,,n/a,#VALUE!,#VALUE!,#VALUE!,#VALUE!,#VALUE!
,,,,,,,,,,#DIV/0!,#VALUE!,#VALUE!,#VALUE!,#VALUE!,#VALUE!
,,,,,,,,,,n/a,#VALUE!,#VALUE!,#VALUE!,#VALUE!,#VALUE!
,,,,,,,,,,#DIV/0!,#VALUE!,#VALUE!,#VALUE!,#VALUE!,#VALUE!
,,,,,,,,,,n/a,#VALUE!,#VALUE!,#VALUE!,#VALUE!,#VALUE!
,,,,,,,,,,#DIV/0!,#VALUE!,#VALUE!,#VALUE!,#VALUE!,#VALUE!
,,,,,,,,,,n/a,#VALUE!,#VALUE!,#VALUE!,#VALUE!,#VALUE!
,,,,,,,,,,#DIV/0!,#VALUE!,#VALUE!,#VALUE!,#VALUE!,#VALUE!
,,,,,,,,,,n/a,#VALUE!,#VALUE!,#VALUE!,#VALUE!,#VALUE!
,,,,,,,,,,#DIV/0!,#VALUE!,#VALUE!,#VALUE!,#VALUE!,#VALUE!
,,,,,,,,,,n/a,#VALUE!,#VALUE!,#VALUE!,#VALUE!,#VALUE!
,,,,,,,,,,#DIV/0!,#VALUE!,#VALUE!,#VALUE!,#VALUE!,#VALUE!
,,,,,,,,,,n/a,#VALUE!,#VALUE!,#VALUE!,#VALUE!,#VALUE!
,,,,,,,,,,#DIV/0!,#VALUE!,#VALUE!,#VALUE!,#VALUE!,#VALUE!
,,,,,,,,,,n/a,#VALUE!,#VALUE!,#VALUE!,#VALUE!,#VALUE!
,,,,,,,,,,#DIV/0!,#VALUE!,#VALUE!,#VALUE!,#VALUE!,#VALUE!
,,,,,,,,,,n/a,#VALUE!,#VALUE!,#VALUE!,#VALUE!,#VALUE!
,,,,,,,,,,#DIV/0!,#VALUE!,#VALUE!,#VALUE!,#VALUE!,#VALUE!
,,,,,,,,,,n/a,#VALUE!,#VALUE!,#VALUE!,#VALUE!,#VALUE!
,,,,,,,,,,#DIV/0!,#VALUE!,#VALUE!,#VALUE!,#VALUE!,#VALUE!
,,,,,,,,,,n/a,#VALUE!,#VALUE!,#VALUE!,#VALUE!,#VALUE!
,,,,,,,,,,#DIV/0!,#VALUE!,#VALUE!,#VALUE!,#VALUE!,#VALUE!
,,,,,,,,,,n/a,#VALUE!,#VALUE!,#VALUE!,#VALUE!,#VALUE!
,,,,,,,,,,#DIV/0!,#VALUE!,#VALUE!,#VALUE!,#VALUE!,#VALUE!
,,,,,,,,,,n/a,#VALUE!,#VALUE!,#VALUE!,#VALUE!,#VALUE!
,,,,,,,,,,#DIV/0!,#VALUE!,#VALUE!,#VALUE!,#VALUE!,#VALUE!
,,,,,,,,,,n/a,#VALUE!,#VALUE!,#VALUE!,#VALUE!,#VALUE!
,,,,,,,,,,#DIV/0!,#VALUE!,#VALUE!,#VALUE!,#VALUE!,#VALUE!
,,,,,,,,,,n/a,#VALUE!,#VALUE!,#VALUE!,#VALUE!,#VALUE!
,,,,,,,,,,#DIV/0!,#VALUE!,#VALUE!,#VALUE!,#VALUE!,#VALUE!
,,,,,,,,,,n/a,#VALUE!,#VALUE!,#VALUE!,#VALUE!,#VALUE!
,,,,,,,,,,#DIV/0!,#VALUE!,#VALUE!,#VALUE!,#VALUE!,#VALUE!
,,,,,,,,,,n/a,#VALUE!,#VALUE!,#VALUE!,#VALUE!,#VALUE!
,,,,,,,,,,#DIV/0!,#VALUE!,#VALUE!,#VALUE!,#VALUE!,#VALUE!
,,,,,,,,,,n/a,#VALUE!,#VALUE!,#VALUE!,#VALUE!,#VALUE!
,,,,,,,,,,#DIV/0!,#VALUE!,#VALUE!,#VALUE!,#VALUE!,#VALUE!
,,,,,,,,,,n/a,#VALUE!,#VALUE!,#VALUE!,#VALUE!,#VALUE!
,,,,,,,,,,#DIV/0!,#VALUE!,#VALUE!,#VALUE!,#VALUE!,#VALUE!
,,,,,,,,,,n/a,#VALUE!,#VALUE!,#VALUE!,#VALUE!,#VALUE!
,,,,,,,,,,#DIV/0!,#VALUE!,#VALUE!,#VALUE!,#VALUE!,#VALUE!
,,,,,,,,,,n/a,#VALUE!,#VALUE!,#VALUE!,#VALUE!,#VALUE!
,,,,,,,,,,#DIV/0!,#VALUE!,#VALUE!,#VALUE!,#VALUE!,#VALUE!
,,,,,,,,,,n/a,#VALUE!,#VALUE!,#VALUE!,#VALUE!,#VALUE!
,,,,,,,,,,#DIV/0!,#VALUE!,#VALUE!,#VALUE!,#VALUE!,#VALUE!
,,,,,,,,,,n/a,#VALUE!,#VALUE!,#VALUE!,#VALUE!,#VALUE!
,,,,,,,,,,#DIV/0!,#VALUE!,#VALUE!,#VALUE!,#VALUE!,#VALUE!
,,,,,,,,,,n/a,#VALUE!,#VALUE!,#VALUE!,#VALUE!,#VALUE!
,,,,,,,,,,#DIV/0!,#VALUE!,#VALUE!,#VALUE!,#VALUE!,#VALUE!
,,,,,,,,,,n/a,#VALUE!,#VALUE!,#VALUE!,#VALUE!,#VALUE!
,,,,,,,,,,#DIV/0!,#VALUE!,#VALUE!,#VALUE!,#VALUE!,#VALUE!
,,,,,,,,,,n/a,#VALUE!,#VALUE!,#VALUE!,#VALUE!,#VALUE!
,,,,,,,,,,#DIV/0!,#VALUE!,#VALUE!,#VALUE!,#VALUE!,#VALUE!
,,,,,,,,,,n/a,#VALUE!,#VALUE!,#VALUE!,#VALUE!,#VALUE!
,,,,,,,,,,#DIV/0!,#VALUE!,#VALUE!,#VALUE!,#VALUE!,#VALUE!
,,,,,,,,,,n/a,#VALUE!,#VALUE!,#VALUE!,#VALUE!,#VALUE!
,,,,,,,,,,#DIV/0!,#VALUE!,#VALUE!,#VALUE!,#VALUE!,#VALUE!
,,,,,,,,,,n/a,#VALUE!,#VALUE!,#VALUE!,#VALUE!,#VALUE!
,,,,,,,,,,#DIV/0!,#VALUE!,#VALUE!,#VALUE!,#VALUE!,#VALUE!
,,,,,,,,,,n/a,#VALUE!,#VALUE!,#VALUE!,#VALUE!,#VALUE!
,,,,,,,,,,#DIV/0!,#VALUE!,#VALUE!,#VALUE!,#VALUE!,#VALUE!
,,,,,,,,,,n/a,#VALUE!,#VALUE!,#VALUE!,#VALUE!,#VALUE!
,,,,,,,,,,#DIV/0!,#VALUE!,#VALUE!,#VALUE!,#VALUE!,#VALUE!
,,,,,,,,,,n/a,#VALUE!,#VALUE!,#VALUE!,#VALUE!,#VALUE!
,,,,,,,,,,#DIV/0!,#VALUE!,#VALUE!,#VALUE!,#VALUE!,#VALUE!
,,,,,,,,,,n/a,#VALUE!,#VALUE!,#VALUE!,#VALUE!,#VALUE!
,,,,,,,,,,#DIV/0!,#VALUE!,#VALUE!,#VALUE!,#VALUE!,#VALUE!
,,,,,,,,,,n/a,#VALUE!,#VALUE!,#VALUE!,#VALUE!,#VALUE!
,,,,,,,,,,#DIV/0!,#VALUE!,#VALUE!,#VALUE!,#VALUE!,#VALUE!
,,,,,,,,,,n/a,#VALUE!,#VALUE!,#VALUE!,#VALUE!,#VALUE!
,,,,,,,,,,#DIV/0!,#VALUE!,#VALUE!,#VALUE!,#VALUE!,#VALUE!
,,,,,,,,,,n/a,#VALUE!,#VALUE!,#VALUE!,#VALUE!,#VALUE!
,,,,,,,,,,#DIV/0!,#VALUE!,#VALUE!,#VALUE!,#VALUE!,#VALUE!
,,,,,,,,,,n/a,#VALUE!,#VALUE!,#VALUE!,#VALUE!,#VALUE!
,,,,,,,,,,#DIV/0!,#VALUE!,#VALUE!,#VALUE!,#VALUE!,#VALUE!
,,,,,,,,,,n/a,#VALUE!,#VALUE!,#VALUE!,#VALUE!,#VALUE!
,,,,,,,,,,#DIV/0!,#VALUE!,#VALUE!,#VALUE!,#VALUE!,#VALUE!
,,,,,,,,,,n/a,#VALUE!,#VALUE!,#VALUE!,#VALUE!,#VALUE!
,,,,,,,,,,#DIV/0!,#VALUE!,#VALUE!,#VALUE!,#VALUE!,#VALUE!
,,,,,,,,,,n/a,#VALUE!,#VALUE!,#VALUE!,#VALUE!,#VALUE!
,,,,,,,,,,#DIV/0!,#VALUE!,#VALUE!,#VALUE!,#VALUE!,#VALUE!
,,,,,,,,,,n/a,#VALUE!,#VALUE!,#VALUE!,#VALUE!,#VALUE!
,,,,,,,,,,#DIV/0!,#VALUE!,#VALUE!,#VALUE!,#VALUE!,#VALUE!
,,,,,,,,,,n/a,#VALUE!,#VALUE!,#VALUE!,#VALUE!,#VALUE!
,,,,,,,,,,#DIV/0!,#VALUE!,#VALUE!,#VALUE!,#VALUE!,#VALUE!
,,,,,,,,,,n/a,#VALUE!,#VALUE!,#VALUE!,#VALUE!,#VALUE!
,,,,,,,,,,#DIV/0!,#VALUE!,#VALUE!,#VALUE!,#VALUE!,#VALUE!
,,,,,,,,,,n/a,#VALUE!,#VALUE!,#VALUE!,#VALUE!,#VALUE!
,,,,,,,,,,#DIV/0!,#VALUE!,#VALUE!,#VALUE!,#VALUE!,#VALUE!
,,,,,,,,,,n/a,#VALUE!,#VALUE!,#VALUE!,#VALUE!,#VALUE!
,,,,,,,,,,#DIV/0!,#VALUE!,#VALUE!,#VALUE!,#VALUE!,#VALUE!
,,,,,,,,,,n/a,#VALUE!,#VALUE!,#VALUE!,#VALUE!,#VALUE!
,,,,,,,,,,#DIV/0!,#VALUE!,#VALUE!,#VALUE!,#VALUE!,#VALUE!
,,,,,,,,,,n/a,#VALUE!,#VALUE!,#VALUE!,#VALUE!,#VALUE!
,,,,,,,,,,#DIV/0!,#VALUE!,#VALUE!,#VALUE!,#VALUE!,#VALUE!
,,,,,,,,,,n/a,#VALUE!,#VALUE!,#VALUE!,#VALUE!,#VALUE!
,,,,,,,,,,#DIV/0!,#VALUE!,#VALUE!,#VALUE!,#VALUE!,#VALUE!
,,,,,,,,,,n/a,#VALUE!,#VALUE!,#VALUE!,#VALUE!,#VALUE!
,,,,,,,,,,#DIV/0!,#VALUE!,#VALUE!,#VALUE!,#VALUE!,#VALUE!
,,,,,,,,,,n/a,#VALUE!,#VALUE!,#VALUE!,#VALUE!,#VALUE!
,,,,,,,,,,#DIV/0!,#VALUE!,#VALUE!,#VALUE!,#VALUE!,#VALUE!
,,,,,,,,,,n/a,#VALUE!,#VALUE!,#VALUE!,#VALUE!,#VALUE!
,,,,,,,,,,#DIV/0!,#VALUE!,#VALUE!,#VALUE!,#VALUE!,#VALUE!
,,,,,,,,,,n/a,#VALUE!,#VALUE!,#VALUE!,#VALUE!,#VALUE!
,,,,,,,,,,#DIV/0!,#VALUE!,#VALUE!,#VALUE!,#VALUE!,#VALUE!
,,,,,,,,,,n/a,#VALUE!,#VALUE!,#VALUE!,#VALUE!,#VALUE!
,,,,,,,,,,#DIV/0!,#VALUE!,#VALUE!,#VALUE!,#VALUE!,#VALUE!
,,,,,,,,,,n/a,#VALUE!,#VALUE!,#VALUE!,#VALUE!,#VALUE!
,,,,,,,,,,#DIV/0!,#VALUE!,#VALUE!,#VALUE!,#VALUE!,#VALUE!
,,,,,,,,,,n/a,#VALUE!,#VALUE!,#VALUE!,#VALUE!,#VALUE!
,,,,,,,,,,#DIV/0!,#VALUE!,#VALUE!,#VALUE!,#VALUE!,#VALUE!
,,,,,,,,,,n/a,#VALUE!,#VALUE!,#VALUE!,#VALUE!,#VALUE!
,,,,,,,,,,#DIV/0!,#VALUE!,#VALUE!,#VALUE!,#VALUE!,#VALUE!
,,,,,,,,,,n/a,#VALUE!,#VALUE!,#VALUE!,#VALUE!,#VALUE!
,,,,,,,,,,#DIV/0!,#VALUE!,#VALUE!,#VALUE!,#VALUE!,#VALUE!
,,,,,,,,,,n/a,#VALUE!,#VALUE!,#VALUE!,#VALUE!,#VALUE!
,,,,,,,,,,#DIV/0!,#VALUE!,#VALUE!,#VALUE!,#VALUE!,#VALUE!
,,,,,,,,,,n/a,#VALUE!,#VALUE!,#VALUE!,#VALUE!,#VALUE!
,,,,,,,,,,#DIV/0!,#VALUE!,#VALUE!,#VALUE!,#VALUE!,#VALUE!
,,,,,,,,,,n/a,#VALUE!,#VALUE!,#VALUE!,#VALUE!,#VALUE!
,,,,,,,,,,#DIV/0!,#VALUE!,#VALUE!,#VALUE!,#VALUE!,#VALUE!
,,,,,,,,,,n/a,#VALUE!,#VALUE!,#VALUE!,#VALUE!,#VALUE!
,,,,,,,,,,#DIV/0!,#VALUE!,#VALUE!,#VALUE!,#VALUE!,#VALUE!
,,,,,,,,,,n/a,#VALUE!,#VALUE!,#VALUE!,#VALUE!,#VALUE!
,,,,,,,,,,#DIV/0!,#VALUE!,#VALUE!,#VALUE!,#VALUE!,#VALUE!
,,,,,,,,,,n/a,#VALUE!,#VALUE!,#VALUE!,#VALUE!,#VALUE!
,,,,,,,,,,#DIV/0!,#VALUE!,#VALUE!,#VALUE!,#VALUE!,#VALUE!
,,,,,,,,,,n/a,#VALUE!,#VALUE!,#VALUE!,#VALUE!,#VALUE!
,,,,,,,,,,#DIV/0!,#VALUE!,#VALUE!,#VALUE!,#VALUE!,#VALUE!
,,,,,,,,,,n/a,#VALUE!,#VALUE!,#VALUE!,#VALUE!,#VALUE!
,,,,,,,,,,#DIV/0!,#VALUE!,#VALUE!,#VALUE!,#VALUE!,#VALUE!
,,,,,,,,,,n/a,#VALUE!,#VALUE!,#VALUE!,#VALUE!,#VALUE!
,,,,,,,,,,#DIV/0!,#VALUE!,#VALUE!,#VALUE!,#VALUE!,#VALUE!
,,,,,,,,,,n/a,#VALUE!,#VALUE!,#VALUE!,#VALUE!,#VALUE!
,,,,,,,,,,#DIV/0!,#VALUE!,#VALUE!,#VALUE!,#VALUE!,#VALUE!
,,,,,,,,,,n/a,#VALUE!,#VALUE!,#VALUE!,#VALUE!,#VALUE!
,,,,,,,,,,#DIV/0!,#VALUE!,#VALUE!,#VALUE!,#VALUE!,#VALUE!
,,,,,,,,,,n/a,#VALUE!,#VALUE!,#VALUE!,#VALUE!,#VALUE!
,,,,,,,,,,#DIV/0!,#VALUE!,#VALUE!,#VALUE!,#VALUE!,#VALUE!
,,,,,,,,,,n/a,#VALUE!,#VALUE!,#VALUE!,#VALUE!,#VALUE!
,,,,,,,,,,#DIV/0!,#VALUE!,#VALUE!,#VALUE!,#VALUE!,#VALUE!
,,,,,,,,,,n/a,#VALUE!,#VALUE!,#VALUE!,#VALUE!,#VALUE!
,,,,,,,,,,#DIV/0!,#VALUE!,#VALUE!,#VALUE!,#VALUE!,#VALUE!
,,,,,,,,,,n/a,#VALUE!,#VALUE!,#VALUE!,#VALUE!,#VALUE!
,,,,,,,,,,#DIV/0!,#VALUE!,#VALUE!,#VALUE!,#VALUE!,#VALUE!
,,,,,,,,,,n/a,#VALUE!,#VALUE!,#VALUE!,#VALUE!,#VALUE!
,,,,,,,,,,#DIV/0!,#VALUE!,#VALUE!,#VALUE!,#VALUE!,#VALUE!
,,,,,,,,,,n/a,#VALUE!,#VALUE!,#VALUE!,#VALUE!,#VALUE!
,,,,,,,,,,#DIV/0!,#VALUE!,#VALUE!,#VALUE!,#VALUE!,#VALUE!
,,,,,,,,,,n/a,#VALUE!,#VALUE!,#VALUE!,#VALUE!,#VALUE!
,,,,,,,,,,#DIV/0!,#VALUE!,#VALUE!,#VALUE!,#VALUE!,#VALUE!
,,,,,,,,,,n/a,#VALUE!,#VALUE!,#VALUE!,#VALUE!,#VALUE!
,,,,,,,,,,#DIV/0!,#VALUE!,#VALUE!,#VALUE!,#VALUE!,#VALUE!
,,,,,,,,,,n/a,#VALUE!,#VALUE!,#VALUE!,#VALUE!,#VALUE!
,,,,,,,,,,#DIV/0!,#VALUE!,#VALUE!,#VALUE!,#VALUE!,#VALUE!
,,,,,,,,,,n/a,#VALUE!,#VALUE!,#VALUE!,#VALUE!,#VALUE!
,,,,,,,,,,#DIV/0!,#VALUE!,#VALUE!,#VALUE!,#VALUE!,#VALUE!
,,,,,,,,,,n/a,#VALUE!,#VALUE!,#VALUE!,#VALUE!,#VALUE!
,,,,,,,,,,#DIV/0!,#VALUE!,#VALUE!,#VALUE!,#VALUE!,#VALUE!
,,,,,,,,,,n/a,#VALUE!,#VALUE!,#VALUE!,#VALUE!,#VALUE!
,,,,,,,,,,#DIV/0!,#VALUE!,#VALUE!,#VALUE!,#VALUE!,#VALUE!
,,,,,,,,,,n/a,#VALUE!,#VALUE!,#VALUE!,#VALUE!,#VALUE!
,,,,,,,,,,#DIV/0!,#VALUE!,#VALUE!,#VALUE!,#VALUE!,#VALUE!
,,,,,,,,,,n/a,#VALUE!,#VALUE!,#VALUE!,#VALUE!,#VALUE!
,,,,,,,,,,#DIV/0!,#VALUE!,#VALUE!,#VALUE!,#VALUE!,#VALUE!
,,,,,,,,,,n/a,#VALUE!,#VALUE!,#VALUE!,#VALUE!,#VALUE!
,,,,,,,,,,#DIV/0!,#VALUE!,#VALUE!,#VALUE!,#VALUE!,#VALUE!
,,,,,,,,,,n/a,#VALUE!,#VALUE!,#VALUE!,#VALUE!,#VALUE!
,,,,,,,,,,#DIV/0!,#VALUE!,#VALUE!,#VALUE!,#VALUE!,#VALUE!
,,,,,,,,,,n/a,#VALUE!,#VALUE!,#VALUE!,#VALUE!,#VALUE!
,,,,,,,,,,#DIV/0!,#VALUE!,#VALUE!,#VALUE!,#VALUE!,#VALUE!
,,,,,,,,,,n/a,#VALUE!,#VALUE!,#VALUE!,#VALUE!,#VALUE!
,,,,,,,,,,#DIV/0!,#VALUE!,#VALUE!,#VALUE!,#VALUE!,#VALUE!
,,,,,,,,,,n/a,#VALUE!,#VALUE!,#VALUE!,#VALUE!,#VALUE!
,,,,,,,,,,#DIV/0!,#VALUE!,#VALUE!,#VALUE!,#VALUE!,#VALUE!
,,,,,,,,,,n/a,#VALUE!,#VALUE!,#VALUE!,#VALUE!,#VALUE!
,,,,,,,,,,#DIV/0!,#VALUE!,#VALUE!,#VALUE!,#VALUE!,#VALUE!
,,,,,,,,,,n/a,#VALUE!,#VALUE!,#VALUE!,#VALUE!,#VALUE!
,,,,,,,,,,#DIV/0!,#VALUE!,#VALUE!,#VALUE!,#VALUE!,#VALUE!
,,,,,,,,,,n/a,#VALUE!,#VALUE!,#VALUE!,#VALUE!,#VALUE!
,,,,,,,,,,#DIV/0!,#VALUE!,#VALUE!,#VALUE!,#VALUE!,#VALUE!
,,,,,,,,,,n/a,#VALUE!,#VALUE!,#VALUE!,#VALUE!,#VALUE!
,,,,,,,,,,#DIV/0!,#VALUE!,#VALUE!,#VALUE!,#VALUE!,#VALUE!
,,,,,,,,,,n/a,#VALUE!,#VALUE!,#VALUE!,#VALUE!,#VALUE!
,,,,,,,,,,#DIV/0!,#VALUE!,#VALUE!,#VALUE!,#VALUE!,#VALUE!
,,,,,,,,,,n/a,#VALUE!,#VALUE!,#VALUE!,#VALUE!,#VALUE!
,,,,,,,,,,#DIV/0!,#VALUE!,#VALUE!,#VALUE!,#VALUE!,#VALUE!
,,,,,,,,,,n/a,#VALUE!,#VALUE!,#VALUE!,#VALUE!,#VALUE!
,,,,,,,,,,#DIV/0!,#VALUE!,#VALUE!,#VALUE!,#VALUE!,#VALUE!
,,,,,,,,,,n/a,#VALUE!,#VALUE!,#VALUE!,#VALUE!,#VALUE!
,,,,,,,,,,#DIV/0!,#VALUE!,#VALUE!,#VALUE!,#VALUE!,#VALUE!
,,,,,,,,,,n/a,#VALUE!,#VALUE!,#VALUE!,#VALUE!,#VALUE!
,,,,,,,,,,#DIV/0!,#VALUE!,#VALUE!,#VALUE!,#VALUE!,#VALUE!
,,,,,,,,,,n/a,#VALUE!,#VALUE!,#VALUE!,#VALUE!,#VALUE!
,,,,,,,,,,#DIV/0!,#VALUE!,#VALUE!,#VALUE!,#VALUE!,#VALUE!
,,,,,,,,,,n/a,#VALUE!,#VALUE!,#VALUE!,#VALUE!,#VALUE!
,,,,,,,,,,#DIV/0!,#VALUE!,#VALUE!,#VALUE!,#VALUE!,#VALUE!
,,,,,,,,,,n/a,#VALUE!,#VALUE!,#VALUE!,#VALUE!,#VALUE!
,,,,,,,,,,#DIV/0!,#VALUE!,#VALUE!,#VALUE!,#VALUE!,#VALUE!
,,,,,,,,,,n/a,#VALUE!,#VALUE!,#VALUE!,#VALUE!,#VALUE!
,,,,,,,,,,#DIV/0!,#VALUE!,#VALUE!,#VALUE!,#VALUE!,#VALUE!
,,,,,,,,,,n/a,#VALUE!,#VALUE!,#VALUE!,#VALUE!,#VALUE!
,,,,,,,,,,#DIV/0!,#VALUE!,#VALUE!,#VALUE!,#VALUE!,#VALUE!
,,,,,,,,,,n/a,#VALUE!,#VALUE!,#VALUE!,#VALUE!,#VALUE!
,,,,,,,,,,#DIV/0!,#VALUE!,#VALUE!,#VALUE!,#VALUE!,#VALUE!
,,,,,,,,,,n/a,#VALUE!,#VALUE!,#VALUE!,#VALUE!,#VALUE!
,,,,,,,,,,#DIV/0!,#VALUE!,#VALUE!,#VALUE!,#VALUE!,#VALUE!
,,,,,,,,,,n/a,#VALUE!,#VALUE!,#VALUE!,#VALUE!,#VALUE!
,,,,,,,,,,#DIV/0!,#VALUE!,#VALUE!,#VALUE!,#VALUE!,#VALUE!
,,,,,,,,,,n/a,#VALUE!,#VALUE!,#VALUE!,#VALUE!,#VALUE!
,,,,,,,,,,#DIV/0!,#VALUE!,#VALUE!,#VALUE!,#VALUE!,#VALUE!
,,,,,,,,,,n/a,#VALUE!,#VALUE!,#VALUE!,#VALUE!,#VALUE!
,,,,,,,,,,#DIV/0!,#VALUE!,#VALUE!,#VALUE!,#VALUE!,#VALUE!
,,,,,,,,,,n/a,#VALUE!,#VALUE!,#VALUE!,#VALUE!,#VALUE!
,,,,,,,,,,#DIV/0!,#VALUE!,#VALUE!,#VALUE!,#VALUE!,#VALUE!
,,,,,,,,,,n/a,#VALUE!,#VALUE!,#VALUE!,#VALUE!,#VALUE!
,,,,,,,,,,#DIV/0!,#VALUE!,#VALUE!,#VALUE!,#VALUE!,#VALUE!
,,,,,,,,,,n/a,#VALUE!,#VALUE!,#VALUE!,#VALUE!,#VALUE!
,,,,,,,,,,#DIV/0!,#VALUE!,#VALUE!,#VALUE!,#VALUE!,#VALUE!
,,,,,,,,,,n/a,#VALUE!,#VALUE!,#VALUE!,#VALUE!,#VALUE!
,,,,,,,,,,#DIV/0!,#VALUE!,#VALUE!,#VALUE!,#VALUE!,#VALUE!
,,,,,,,,,,n/a,#VALUE!,#VALUE!,#VALUE!,#VALUE!,#VALUE!
,,,,,,,,,,#DIV/0!,#VALUE!,#VALUE!,#VALUE!,#VALUE!,#VALUE!
,,,,,,,,,,n/a,#VALUE!,#VALUE!,#VALUE!,#VALUE!,#VALUE!
,,,,,,,,,,#DIV/0!,#VALUE!,#VALUE!,#VALUE!,#VALUE!,#VALUE!
,,,,,,,,,,n/a,#VALUE!,#VALUE!,#VALUE!,#VALUE!,#VALUE!
,,,,,,,,,,#DIV/0!,#VALUE!,#VALUE!,#VALUE!,#VALUE!,#VALUE!
,,,,,,,,,,n/a,#VALUE!,#VALUE!,#VALUE!,#VALUE!,#VALUE!
,,,,,,,,,,#DIV/0!,#VALUE!,#VALUE!,#VALUE!,#VALUE!,#VALUE!
,,,,,,,,,,n/a,#VALUE!,#VALUE!,#VALUE!,#VALUE!,#VALUE!
,,,,,,,,,,#DIV/0!,#VALUE!,#VALUE!,#VALUE!,#VALUE!,#VALUE!
,,,,,,,,,,n/a,#VALUE!,#VALUE!,#VALUE!,#VALUE!,#VALUE!
,,,,,,,,,,#DIV/0!,#VALUE!,#VALUE!,#VALUE!,#VALUE!,#VALUE!
,,,,,,,,,,n/a,#VALUE!,#VALUE!,#VALUE!,#VALUE!,#VALUE!
,,,,,,,,,,#DIV/0!,#VALUE!,#VALUE!,#VALUE!,#VALUE!,#VALUE!
,,,,,,,,,,n/a,#VALUE!,#VALUE!,#VALUE!,#VALUE!,#VALUE!
,,,,,,,,,,#DIV/0!,#VALUE!,#VALUE!,#VALUE!,#VALUE!,#VALUE!
,,,,,,,,,,n/a,#VALUE!,#VALUE!,#VALUE!,#VALUE!,#VALUE!
,,,,,,,,,,#DIV/0!,#VALUE!,#VALUE!,#VALUE!,#VALUE!,#VALUE!
,,,,,,,,,,n/a,#VALUE!,#VALUE!,#VALUE!,#VALUE!,#VALUE!
,,,,,,,,,,#DIV/0!,#VALUE!,#VALUE!,#VALUE!,#VALUE!,#VALUE!
,,,,,,,,,,n/a,#VALUE!,#VALUE!,#VALUE!,#VALUE!,#VALUE!
,,,,,,,,,,#DIV/0!,#VALUE!,#VALUE!,#VALUE!,#VALUE!,#VALUE!
,,,,,,,,,,n/a,#VALUE!,#VALUE!,#VALUE!,#VALUE!,#VALUE!
,,,,,,,,,,#DIV/0!,#VALUE!,#VALUE!,#VALUE!,#VALUE!,#VALUE!
,,,,,,,,,,n/a,#VALUE!,#VALUE!,#VALUE!,#VALUE!,#VALUE!
,,,,,,,,,,#DIV/0!,#VALUE!,#VALUE!,#VALUE!,#VALUE!,#VALUE!
,,,,,,,,,,n/a,#VALUE!,#VALUE!,#VALUE!,#VALUE!,#VALUE!
,,,,,,,,,,#DIV/0!,#VALUE!,#VALUE!,#VALUE!,#VALUE!,#VALUE!
,,,,,,,,,,n/a,#VALUE!,#VALUE!,#VALUE!,#VALUE!,#VALUE!
,,,,,,,,,,#DIV/0!,#VALUE!,#VALUE!,#VALUE!,#VALUE!,#VALUE!
,,,,,,,,,,n/a,#VALUE!,#VALUE!,#VALUE!,#VALUE!,#VALUE!
,,,,,,,,,,#DIV/0!,#VALUE!,#VALUE!,#VALUE!,#VALUE!,#VALUE!
,,,,,,,,,,n/a,#VALUE!,#VALUE!,#VALUE!,#VALUE!,#VALUE!
,,,,,,,,,,#DIV/0!,#VALUE!,#VALUE!,#VALUE!,#VALUE!,#VALUE!
,,,,,,,,,,n/a,#VALUE!,#VALUE!,#VALUE!,#VALUE!,#VALUE!
,,,,,,,,,,#DIV/0!,#VALUE!,#VALUE!,#VALUE!,#VALUE!,#VALUE!
,,,,,,,,,,n/a,#VALUE!,#VALUE!,#VALUE!,#VALUE!,#VALUE!
,,,,,,,,,,#DIV/0!,#VALUE!,#VALUE!,#VALUE!,#VALUE!,#VALUE!
,,,,,,,,,,n/a,#VALUE!,#VALUE!,#VALUE!,#VALUE!,#VALUE!
,,,,,,,,,,#DIV/0!,#VALUE!,#VALUE!,#VALUE!,#VALUE!,#VALUE!
,,,,,,,,,,n/a,#VALUE!,#VALUE!,#VALUE!,#VALUE!,#VALUE!
,,,,,,,,,,#DIV/0!,#VALUE!,#VALUE!,#VALUE!,#VALUE!,#VALUE!
,,,,,,,,,,n/a,#VALUE!,#VALUE!,#VALUE!,#VALUE!,#VALUE!
,,,,,,,,,,#DIV/0!,#VALUE!,#VALUE!,#VALUE!,#VALUE!,#VALUE!
,,,,,,,,,,n/a,#VALUE!,#VALUE!,#VALUE!,#VALUE!,#VALUE!
,,,,,,,,,,#DIV/0!,#VALUE!,#VALUE!,#VALUE!,#VALUE!,#VALUE!
,,,,,,,,,,n/a,#VALUE!,#VALUE!,#VALUE!,#VALUE!,#VALUE!
,,,,,,,,,,#DIV/0!,#VALUE!,#VALUE!,#VALUE!,#VALUE!,#VALUE!
,,,,,,,,,,n/a,#VALUE!,#VALUE!,#VALUE!,#VALUE!,#VALUE!
,,,,,,,,,,#DIV/0!,#VALUE!,#VALUE!,#VALUE!,#VALUE!,#VALUE!
,,,,,,,,,,n/a,#VALUE!,#VALUE!,#VALUE!,#VALUE!,#VALUE!
,,,,,,,,,,#DIV/0!,#VALUE!,#VALUE!,#VALUE!,#VALUE!,#VALUE!
,,,,,,,,,,n/a,#VALUE!,#VALUE!,#VALUE!,#VALUE!,#VALUE!
,,,,,,,,,,#DIV/0!,#VALUE!,#VALUE!,#VALUE!,#VALUE!,#VALUE!
,,,,,,,,,,n/a,#VALUE!,#VALUE!,#VALUE!,#VALUE!,#VALUE!
,,,,,,,,,,#DIV/0!,#VALUE!,#VALUE!,#VALUE!,#VALUE!,#VALUE!
,,,,,,,,,,n/a,#VALUE!,#VALUE!,#VALUE!,#VALUE!,#VALUE!
,,,,,,,,,,#DIV/0!,#VALUE!,#VALUE!,#VALUE!,#VALUE!,#VALUE!
,,,,,,,,,,n/a,#VALUE!,#VALUE!,#VALUE!,#VALUE!,#VALUE!
,,,,,,,,,,#DIV/0!,#VALUE!,#VALUE!,#VALUE!,#VALUE!,#VALUE!
,,,,,,,,,,n/a,#VALUE!,#VALUE!,#VALUE!,#VALUE!,#VALUE!
,,,,,,,,,,#DIV/0!,#VALUE!,#VALUE!,#VALUE!,#VALUE!,#VALUE!
,,,,,,,,,,n/a,#VALUE!,#VALUE!,#VALUE!,#VALUE!,#VALUE!
,,,,,,,,,,#DIV/0!,#VALUE!,#VALUE!,#VALUE!,#VALUE!,#VALUE!
,,,,,,,,,,n/a,#VALUE!,#VALUE!,#VALUE!,#VALUE!,#VALUE!
,,,,,,,,,,#DIV/0!,#VALUE!,#VALUE!,#VALUE!,#VALUE!,#VALUE!
,,,,,,,,,,n/a,#VALUE!,#VALUE!,#VALUE!,#VALUE!,#VALUE!
,,,,,,,,,,#DIV/0!,#VALUE!,#VALUE!,#VALUE!,#VALUE!,#VALUE!
,,,,,,,,,,n/a,#VALUE!,#VALUE!,#VALUE!,#VALUE!,#VALUE!
,,,,,,,,,,#DIV/0!,#VALUE!,#VALUE!,#VALUE!,#VALUE!,#VALUE!
,,,,,,,,,,n/a,#VALUE!,#VALUE!,#VALUE!,#VALUE!,#VALUE!
,,,,,,,,,,#DIV/0!,#VALUE!,#VALUE!,#VALUE!,#VALUE!,#VALUE!
,,,,,,,,,,n/a,#VALUE!,#VALUE!,#VALUE!,#VALUE!,#VALUE!
,,,,,,,,,,#DIV/0!,#VALUE!,#VALUE!,#VALUE!,#VALUE!,#VALUE!
,,,,,,,,,,n/a,#VALUE!,#VALUE!,#VALUE!,#VALUE!,#VALUE!
,,,,,,,,,,#DIV/0!,#VALUE!,#VALUE!,#VALUE!,#VALUE!,#VALUE!
,,,,,,,,,,n/a,#VALUE!,#VALUE!,#VALUE!,#VALUE!,#VALUE!
,,,,,,,,,,#DIV/0!,#VALUE!,#VALUE!,#VALUE!,#VALUE!,#VALUE!
,,,,,,,,,,n/a,#VALUE!,#VALUE!,#VALUE!,#VALUE!,#VALUE!
,,,,,,,,,,#DIV/0!,#VALUE!,#VALUE!,#VALUE!,#VALUE!,#VALUE!
,,,,,,,,,,n/a,#VALUE!,#VALUE!,#VALUE!,#VALUE!,#VALUE!
,,,,,,,,,,#DIV/0!,#VALUE!,#VALUE!,#VALUE!,#VALUE!,#VALUE!
,,,,,,,,,,n/a,#VALUE!,#VALUE!,#VALUE!,#VALUE!,#VALUE!
,,,,,,,,,,#DIV/0!,#VALUE!,#VALUE!,#VALUE!,#VALUE!,#VALUE!
,,,,,,,,,,n/a,#VALUE!,#VALUE!,#VALUE!,#VALUE!,#VALUE!
,,,,,,,,,,#DIV/0!,#VALUE!,#VALUE!,#VALUE!,#VALUE!,#VALUE!
,,,,,,,,,,n/a,#VALUE!,#VALUE!,#VALUE!,#VALUE!,#VALUE!
,,,,,,,,,,#DIV/0!,#VALUE!,#VALUE!,#VALUE!,#VALUE!,#VALUE!
,,,,,,,,,,n/a,#VALUE!,#VALUE!,#VALUE!,#VALUE!,#VALUE!
,,,,,,,,,,#DIV/0!,#VALUE!,#VALUE!,#VALUE!,#VALUE!,#VALUE!
,,,,,,,,,,n/a,#VALUE!,#VALUE!,#VALUE!,#VALUE!,#VALUE!
,,,,,,,,,,#DIV/0!,#VALUE!,#VALUE!,#VALUE!,#VALUE!,#VALUE!
,,,,,,,,,,n/a,#VALUE!,#VALUE!,#VALUE!,#VALUE!,#VALUE!
,,,,,,,,,,#DIV/0!,#VALUE!,#VALUE!,#VALUE!,#VALUE!,#VALUE!
,,,,,,,,,,n/a,#VALUE!,#VALUE!,#VALUE!,#VALUE!,#VALUE!
,,,,,,,,,,#DIV/0!,#VALUE!,#VALUE!,#VALUE!,#VALUE!,#VALUE!
,,,,,,,,,,n/a,#VALUE!,#VALUE!,#VALUE!,#VALUE!,#VALUE!
,,,,,,,,,,#DIV/0!,#VALUE!,#VALUE!,#VALUE!,#VALUE!,#VALUE!
,,,,,,,,,,n/a,#VALUE!,#VALUE!,#VALUE!,#VALUE!,#VALUE!
,,,,,,,,,,#DIV/0!,#VALUE!,#VALUE!,#VALUE!,#VALUE!,#VALUE!
,,,,,,,,,,n/a,#VALUE!,#VALUE!,#VALUE!,#VALUE!,#VALUE!
,,,,,,,,,,#DIV/0!,#VALUE!,#VALUE!,#VALUE!,#VALUE!,#VALUE!
,,,,,,,,,,n/a,#VALUE!,#VALUE!,#VALUE!,#VALUE!,#VALUE!
,,,,,,,,,,#DIV/0!,#VALUE!,#VALUE!,#VALUE!,#VALUE!,#VALUE!
,,,,,,,,,,n/a,#VALUE!,#VALUE!,#VALUE!,#VALUE!,#VALUE!
,,,,,,,,,,#DIV/0!,#VALUE!,#VALUE!,#VALUE!,#VALUE!,#VALUE!
,,,,,,,,,,n/a,#VALUE!,#VALUE!,#VALUE!,#VALUE!,#VALUE!
,,,,,,,,,,#DIV/0!,#VALUE!,#VALUE!,#VALUE!,#VALUE!,#VALUE!
,,,,,,,,,,n/a,#VALUE!,#VALUE!,#VALUE!,#VALUE!,#VALUE!
,,,,,,,,,,#DIV/0!,#VALUE!,#VALUE!,#VALUE!,#VALUE!,#VALUE!
,,,,,,,,,,n/a,#VALUE!,#VALUE!,#VALUE!,#VALUE!,#VALUE!
,,,,,,,,,,#DIV/0!,#VALUE!,#VALUE!,#VALUE!,#VALUE!,#VALUE!
,,,,,,,,,,n/a,#VALUE!,#VALUE!,#VALUE!,#VALUE!,#VALUE!
,,,,,,,,,,#DIV/0!,#VALUE!,#VALUE!,#VALUE!,#VALUE!,#VALUE!
,,,,,,,,,,n/a,#VALUE!,#VALUE!,#VALUE!,#VALUE!,#VALUE!
,,,,,,,,,,#DIV/0!,#VALUE!,#VALUE!,#VALUE!,#VALUE!,#VALUE!
,,,,,,,,,,n/a,#VALUE!,#VALUE!,#VALUE!,#VALUE!,#VALUE!
,,,,,,,,,,#DIV/0!,#VALUE!,#VALUE!,#VALUE!,#VALUE!,#VALUE!
,,,,,,,,,,n/a,#VALUE!,#VALUE!,#VALUE!,#VALUE!,#VALUE!
,,,,,,,,,,#DIV/0!,#VALUE!,#VALUE!,#VALUE!,#VALUE!,#VALUE!
,,,,,,,,,,n/a,#VALUE!,#VALUE!,#VALUE!,#VALUE!,#VALUE!
,,,,,,,,,,#DIV/0!,#VALUE!,#VALUE!,#VALUE!,#VALUE!,#VALUE!
,,,,,,,,,,n/a,#VALUE!,#VALUE!,#VALUE!,#VALUE!,#VALUE!
,,,,,,,,,,#DIV/0!,#VALUE!,#VALUE!,#VALUE!,#VALUE!,#VALUE!
,,,,,,,,,,n/a,#VALUE!,#VALUE!,#VALUE!,#VALUE!,#VALUE!
,,,,,,,,,,#DIV/0!,#VALUE!,#VALUE!,#VALUE!,#VALUE!,#VALUE!
,,,,,,,,,,n/a,#VALUE!,#VALUE!,#VALUE!,#VALUE!,#VALUE!
,,,,,,,,,,#DIV/0!,#VALUE!,#VALUE!,#VALUE!,#VALUE!,#VALUE!
,,,,,,,,,,n/a,#VALUE!,#VALUE!,#VALUE!,#VALUE!,#VALUE!
,,,,,,,,,,#DIV/0!,#VALUE!,#VALUE!,#VALUE!,#VALUE!,#VALUE!
,,,,,,,,,,n/a,#VALUE!,#VALUE!,#VALUE!,#VALUE!,#VALUE!
,,,,,,,,,,#DIV/0!,#VALUE!,#VALUE!,#VALUE!,#VALUE!,#VALUE!
,,,,,,,,,,n/a,#VALUE!,#VALUE!,#VALUE!,#VALUE!,#VALUE!
,,,,,,,,,,#DIV/0!,#VALUE!,#VALUE!,#VALUE!,#VALUE!,#VALUE!
,,,,,,,,,,n/a,#VALUE!,#VALUE!,#VALUE!,#VALUE!,#VALUE!
,,,,,,,,,,#DIV/0!,#VALUE!,#VALUE!,#VALUE!,#VALUE!,#VALUE!
,,,,,,,,,,n/a,#VALUE!,#VALUE!,#VALUE!,#VALUE!,#VALUE!
,,,,,,,,,,#DIV/0!,#VALUE!,#VALUE!,#VALUE!,#VALUE!,#VALUE!
,,,,,,,,,,n/a,#VALUE!,#VALUE!,#VALUE!,#VALUE!,#VALUE!
,,,,,,,,,,#DIV/0!,#VALUE!,#VALUE!,#VALUE!,#VALUE!,#VALUE!
,,,,,,,,,,n/a,#VALUE!,#VALUE!,#VALUE!,#VALUE!,#VALUE!
,,,,,,,,,,#DIV/0!,#VALUE!,#VALUE!,#VALUE!,#VALUE!,#VALUE!
,,,,,,,,,,n/a,#VALUE!,#VALUE!,#VALUE!,#VALUE!,#VALUE!
,,,,,,,,,,#DIV/0!,#VALUE!,#VALUE!,#VALUE!,#VALUE!,#VALUE!
,,,,,,,,,,n/a,#VALUE!,#VALUE!,#VALUE!,#VALUE!,#VALUE!
,,,,,,,,,,#DIV/0!,#VALUE!,#VALUE!,#VALUE!,#VALUE!,#VALUE!
,,,,,,,,,,n/a,#VALUE!,#VALUE!,#VALUE!,#VALUE!,#VALUE!
,,,,,,,,,,#DIV/0!,#VALUE!,#VALUE!,#VALUE!,#VALUE!,#VALUE!
,,,,,,,,,,n/a,#VALUE!,#VALUE!,#VALUE!,#VALUE!,#VALUE!
,,,,,,,,,,#DIV/0!,#VALUE!,#VALUE!,#VALUE!,#VALUE!,#VALUE!
,,,,,,,,,,n/a,#VALUE!,#VALUE!,#VALUE!,#VALUE!,#VALUE!
,,,,,,,,,,#DIV/0!,#VALUE!,#VALUE!,#VALUE!,#VALUE!,#VALUE!
,,,,,,,,,,n/a,#VALUE!,#VALUE!,#VALUE!,#VALUE!,#VALUE!
,,,,,,,,,,#DIV/0!,#VALUE!,#VALUE!,#VALUE!,#VALUE!,#VALUE!
,,,,,,,,,,n/a,#VALUE!,#VALUE!,#VALUE!,#VALUE!,#VALUE!
,,,,,,,,,,#DIV/0!,#VALUE!,#VALUE!,#VALUE!,#VALUE!,#VALUE!
,,,,,,,,,,n/a,#VALUE!,#VALUE!,#VALUE!,#VALUE!,#VALUE!
,,,,,,,,,,#DIV/0!,#VALUE!,#VALUE!,#VALUE!,#VALUE!,#VALUE!
,,,,,,,,,,n/a,#VALUE!,#VALUE!,#VALUE!,#VALUE!,#VALUE!
,,,,,,,,,,#DIV/0!,#VALUE!,#VALUE!,#VALUE!,#VALUE!,#VALUE!
,,,,,,,,,,n/a,#VALUE!,#VALUE!,#VALUE!,#VALUE!,#VALUE!
,,,,,,,,,,#DIV/0!,#VALUE!,#VALUE!,#VALUE!,#VALUE!,#VALUE!
,,,,,,,,,,n/a,#VALUE!,#VALUE!,#VALUE!,#VALUE!,#VALUE!
,,,,,,,,,,#DIV/0!,#VALUE!,#VALUE!,#VALUE!,#VALUE!,#VALUE!
,,,,,,,,,,n/a,#VALUE!,#VALUE!,#VALUE!,#VALUE!,#VALUE!
,,,,,,,,,,#DIV/0!,#VALUE!,#VALUE!,#VALUE!,#VALUE!,#VALUE!
,,,,,,,,,,n/a,#VALUE!,#VALUE!,#VALUE!,#VALUE!,#VALUE!
,,,,,,,,,,#DIV/0!,#VALUE!,#VALUE!,#VALUE!,#VALUE!,#VALUE!
,,,,,,,,,,n/a,#VALUE!,#VALUE!,#VALUE!,#VALUE!,#VALUE!
,,,,,,,,,,#DIV/0!,#VALUE!,#VALUE!,#VALUE!,#VALUE!,#VALUE!
,,,,,,,,,,n/a,#VALUE!,#VALUE!,#VALUE!,#VALUE!,#VALUE!
,,,,,,,,,,#DIV/0!,#VALUE!,#VALUE!,#VALUE!,#VALUE!,#VALUE!
,,,,,,,,,,n/a,#VALUE!,#VALUE!,#VALUE!,#VALUE!,#VALUE!
,,,,,,,,,,#DIV/0!,#VALUE!,#VALUE!,#VALUE!,#VALUE!,#VALUE!
,,,,,,,,,,n/a,#VALUE!,#VALUE!,#VALUE!,#VALUE!,#VALUE!
,,,,,,,,,,#DIV/0!,#VALUE!,#VALUE!,#VALUE!,#VALUE!,#VALUE!
,,,,,,,,,,n/a,#VALUE!,#VALUE!,#VALUE!,#VALUE!,#VALUE!
,,,,,,,,,,#DIV/0!,#VALUE!,#VALUE!,#VALUE!,#VALUE!,#VALUE!
,,,,,,,,,,n/a,#VALUE!,#VALUE!,#VALUE!,#VALUE!,#VALUE!
,,,,,,,,,,#DIV/0!,#VALUE!,#VALUE!,#VALUE!,#VALUE!,#VALUE!
,,,,,,,,,,n/a,#VALUE!,#VALUE!,#VALUE!,#VALUE!,#VALUE!
,,,,,,,,,,#DIV/0!,#VALUE!,#VALUE!,#VALUE!,#VALUE!,#VALUE!
,,,,,,,,,,n/a,#VALUE!,#VALUE!,#VALUE!,#VALUE!,#VALUE!
,,,,,,,,,,#DIV/0!,#VALUE!,#VALUE!,#VALUE!,#VALUE!,#VALUE!
,,,,,,,,,,n/a,#VALUE!,#VALUE!,#VALUE!,#VALUE!,#VALUE!
,,,,,,,,,,#DIV/0!,#VALUE!,#VALUE!,#VALUE!,#VALUE!,#VALUE!
,,,,,,,,,,n/a,#VALUE!,#VALUE!,#VALUE!,#VALUE!,#VALUE!
,,,,,,,,,,#DIV/0!,#VALUE!,#VALUE!,#VALUE!,#VALUE!,#VALUE!
,,,,,,,,,,n/a,#VALUE!,#VALUE!,#VALUE!,#VALUE!,#VALUE!
,,,,,,,,,,#DIV/0!,#VALUE!,#VALUE!,#VALUE!,#VALUE!,#VALUE!
,,,,,,,,,,n/a,#VALUE!,#VALUE!,#VALUE!,#VALUE!,#VALUE!
,,,,,,,,,,#DIV/0!,#VALUE!,#VALUE!,#VALUE!,#VALUE!,#VALUE!
,,,,,,,,,,n/a,#VALUE!,#VALUE!,#VALUE!,#VALUE!,#VALUE!
,,,,,,,,,,#DIV/0!,#VALUE!,#VALUE!,#VALUE!,#VALUE!,#VALUE!
,,,,,,,,,,n/a,#VALUE!,#VALUE!,#VALUE!,#VALUE!,#VALUE!
,,,,,,,,,,#DIV/0!,#VALUE!,#VALUE!,#VALUE!,#VALUE!,#VALUE!
,,,,,,,,,,n/a,#VALUE!,#VALUE!,#VALUE!,#VALUE!,#VALUE!
,,,,,,,,,,#DIV/0!,#VALUE!,#VALUE!,#VALUE!,#VALUE!,#VALUE!
,,,,,,,,,,n/a,#VALUE!,#VALUE!,#VALUE!,#VALUE!,#VALUE!
,,,,,,,,,,#DIV/0!,#VALUE!,#VALUE!,#VALUE!,#VALUE!,#VALUE!
,,,,,,,,,,n/a,#VALUE!,#VALUE!,#VALUE!,#VALUE!,#VALUE!
,,,,,,,,,,#DIV/0!,#VALUE!,#VALUE!,#VALUE!,#VALUE!,#VALUE!
,,,,,,,,,,n/a,#VALUE!,#VALUE!,#VALUE!,#VALUE!,#VALUE!
,,,,,,,,,,#DIV/0!,#VALUE!,#VALUE!,#VALUE!,#VALUE!,#VALUE!
,,,,,,,,,,n/a,#VALUE!,#VALUE!,#VALUE!,#VALUE!,#VALUE!
,,,,,,,,,,#DIV/0!,#VALUE!,#VALUE!,#VALUE!,#VALUE!,#VALUE!
,,,,,,,,,,n/a,#VALUE!,#VALUE!,#VALUE!,#VALUE!,#VALUE!
,,,,,,,,,,#DIV/0!,#VALUE!,#VALUE!,#VALUE!,#VALUE!,#VALUE!
,,,,,,,,,,n/a,#VALUE!,#VALUE!,#VALUE!,#VALUE!,#VALUE!
,,,,,,,,,,#DIV/0!,#VALUE!,#VALUE!,#VALUE!,#VALUE!,#VALUE!
,,,,,,,,,,n/a,#VALUE!,#VALUE!,#VALUE!,#VALUE!,#VALUE!
,,,,,,,,,,#DIV/0!,#VALUE!,#VALUE!,#VALUE!,#VALUE!,#VALUE!
,,,,,,,,,,n/a,#VALUE!,#VALUE!,#VALUE!,#VALUE!,#VALUE!
,,,,,,,,,,#DIV/0!,#VALUE!,#VALUE!,#VALUE!,#VALUE!,#VALUE!
,,,,,,,,,,n/a,#VALUE!,#VALUE!,#VALUE!,#VALUE!,#VALUE!
,,,,,,,,,,#DIV/0!,#VALUE!,#VALUE!,#VALUE!,#VALUE!,#VALUE!
,,,,,,,,,,n/a,#VALUE!,#VALUE!,#VALUE!,#VALUE!,#VALUE!
,,,,,,,,,,#DIV/0!,#VALUE!,#VALUE!,#VALUE!,#VALUE!,#VALUE!
,,,,,,,,,,n/a,#VALUE!,#VALUE!,#VALUE!,#VALUE!,#VALUE!
,,,,,,,,,,#DIV/0!,#VALUE!,#VALUE!,#VALUE!,#VALUE!,#VALUE!
,,,,,,,,,,n/a,#VALUE!,#VALUE!,#VALUE!,#VALUE!,#VALUE!
,,,,,,,,,,#DIV/0!,#VALUE!,#VALUE!,#VALUE!,#VALUE!,#VALUE!
,,,,,,,,,,n/a,#VALUE!,#VALUE!,#VALUE!,#VALUE!,#VALUE!
,,,,,,,,,,#DIV/0!,#VALUE!,#VALUE!,#VALUE!,#VALUE!,#VALUE!
,,,,,,,,,,n/a,#VALUE!,#VALUE!,#VALUE!,#VALUE!,#VALUE!
,,,,,,,,,,#DIV/0!,#VALUE!,#VALUE!,#VALUE!,#VALUE!,#VALUE!
,,,,,,,,,,n/a,#VALUE!,#VALUE!,#VALUE!,#VALUE!,#VALUE!
,,,,,,,,,,#DIV/0!,#VALUE!,#VALUE!,#VALUE!,#VALUE!,#VALUE!
,,,,,,,,,,n/a,#VALUE!,#VALUE!,#VALUE!,#VALUE!,#VALUE!
,,,,,,,,,,#DIV/0!,#VALUE!,#VALUE!,#VALUE!,#VALUE!,#VALUE!
,,,,,,,,,,n/a,#VALUE!,#VALUE!,#VALUE!,#VALUE!,#VALUE!
,,,,,,,,,,#DIV/0!,#VALUE!,#VALUE!,#VALUE!,#VALUE!,#VALUE!
,,,,,,,,,,n/a,#VALUE!,#VALUE!,#VALUE!,#VALUE!,#VALUE!
,,,,,,,,,,#DIV/0!,#VALUE!,#VALUE!,#VALUE!,#VALUE!,#VALUE!
,,,,,,,,,,n/a,#VALUE!,#VALUE!,#VALUE!,#VALUE!,#VALUE!
,,,,,,,,,,#DIV/0!,#VALUE!,#VALUE!,#VALUE!,#VALUE!,#VALUE!
,,,,,,,,,,n/a,#VALUE!,#VALUE!,#VALUE!,#VALUE!,#VALUE!
,,,,,,,,,,#DIV/0!,#VALUE!,#VALUE!,#VALUE!,#VALUE!,#VALUE!
,,,,,,,,,,n/a,#VALUE!,#VALUE!,#VALUE!,#VALUE!,#VALUE!
,,,,,,,,,,#DIV/0!,#VALUE!,#VALUE!,#VALUE!,#VALUE!,#VALUE!
,,,,,,,,,,n/a,#VALUE!,#VALUE!,#VALUE!,#VALUE!,#VALUE!
,,,,,,,,,,#DIV/0!,#VALUE!,#VALUE!,#VALUE!,#VALUE!,#VALUE!
,,,,,,,,,,n/a,#VALUE!,#VALUE!,#VALUE!,#VALUE!,#VALUE!
,,,,,,,,,,#DIV/0!,#VALUE!,#VALUE!,#VALUE!,#VALUE!,#VALUE!
,,,,,,,,,,n/a,#VALUE!,#VALUE!,#VALUE!,#VALUE!,#VALUE!
,,,,,,,,,,#DIV/0!,#VALUE!,#VALUE!,#VALUE!,#VALUE!,#VALUE!
,,,,,,,,,,n/a,#VALUE!,#VALUE!,#VALUE!,#VALUE!,#VALUE!
,,,,,,,,,,#DIV/0!,#VALUE!,#VALUE!,#VALUE!,#VALUE!,#VALUE!
,,,,,,,,,,n/a,#VALUE!,#VALUE!,#VALUE!,#VALUE!,#VALUE!
,,,,,,,,,,#DIV/0!,#VALUE!,#VALUE!,#VALUE!,#VALUE!,#VALUE!
,,,,,,,,,,n/a,#VALUE!,#VALUE!,#VALUE!,#VALUE!,#VALUE!
,,,,,,,,,,#DIV/0!,#VALUE!,#VALUE!,#VALUE!,#VALUE!,#VALUE!
,,,,,,,,,,n/a,#VALUE!,#VALUE!,#VALUE!,#VALUE!,#VALUE!
,,,,,,,,,,#DIV/0!,#VALUE!,#VALUE!,#VALUE!,#VALUE!,#VALUE!
,,,,,,,,,,n/a,#VALUE!,#VALUE!,#VALUE!,#VALUE!,#VALUE!
,,,,,,,,,,#DIV/0!,#VALUE!,#VALUE!,#VALUE!,#VALUE!,#VALUE!
,,,,,,,,,,n/a,#VALUE!,#VALUE!,#VALUE!,#VALUE!,#VALUE!
,,,,,,,,,,#DIV/0!,#VALUE!,#VALUE!,#VALUE!,#VALUE!,#VALUE!
,,,,,,,,,,n/a,#VALUE!,#VALUE!,#VALUE!,#VALUE!,#VALUE!
,,,,,,,,,,#DIV/0!,#VALUE!,#VALUE!,#VALUE!,#VALUE!,#VALUE!
,,,,,,,,,,n/a,#VALUE!,#VALUE!,#VALUE!,#VALUE!,#VALUE!
,,,,,,,,,,#DIV/0!,#VALUE!,#VALUE!,#VALUE!,#VALUE!,#VALUE!
,,,,,,,,,,n/a,#VALUE!,#VALUE!,#VALUE!,#VALUE!,#VALUE!
,,,,,,,,,,#DIV/0!,#VALUE!,#VALUE!,#VALUE!,#VALUE!,#VALUE!
,,,,,,,,,,n/a,#VALUE!,#VALUE!,#VALUE!,#VALUE!,#VALUE!
,,,,,,,,,,#DIV/0!,#VALUE!,#VALUE!,#VALUE!,#VALUE!,#VALUE!
,,,,,,,,,,n/a,#VALUE!,#VALUE!,#VALUE!,#VALUE!,#VALUE!
,,,,,,,,,,#DIV/0!,#VALUE!,#VALUE!,#VALUE!,#VALUE!,#VALUE!
,,,,,,,,,,n/a,#VALUE!,#VALUE!,#VALUE!,#VALUE!,#VALUE!
,,,,,,,,,,#DIV/0!,#VALUE!,#VALUE!,#VALUE!,#VALUE!,#VALUE!
,,,,,,,,,,n/a,#VALUE!,#VALUE!,#VALUE!,#VALUE!,#VALUE!
,,,,,,,,,,#DIV/0!,#VALUE!,#VALUE!,#VALUE!,#VALUE!,#VALUE!
,,,,,,,,,,n/a,#VALUE!,#VALUE!,#VALUE!,#VALUE!,#VALUE!
,,,,,,,,,,#DIV/0!,#VALUE!,#VALUE!,#VALUE!,#VALUE!,#VALUE!
,,,,,,,,,,n/a,#VALUE!,#VALUE!,#VALUE!,#VALUE!,#VALUE!
,,,,,,,,,,#DIV/0!,#VALUE!,#VALUE!,#VALUE!,#VALUE!,#VALUE!
,,,,,,,,,,n/a,#VALUE!,#VALUE!,#VALUE!,#VALUE!,#VALUE!
,,,,,,,,,,#DIV/0!,#VALUE!,#VALUE!,#VALUE!,#VALUE!,#VALUE!
,,,,,,,,,,n/a,#VALUE!,#VALUE!,#VALUE!,#VALUE!,#VALUE!
,,,,,,,,,,#DIV/0!,#VALUE!,#VALUE!,#VALUE!,#VALUE!,#VALUE!
,,,,,,,,,,n/a,#VALUE!,#VALUE!,#VALUE!,#VALUE!,#VALUE!
,,,,,,,,,,#DIV/0!,#VALUE!,#VALUE!,#VALUE!,#VALUE!,#VALUE!
,,,,,,,,,,n/a,#VALUE!,#VALUE!,#VALUE!,#VALUE!,#VALUE!
,,,,,,,,,,#DIV/0!,#VALUE!,#VALUE!,#VALUE!,#VALUE!,#VALUE!
,,,,,,,,,,n/a,#VALUE!,#VALUE!,#VALUE!,#VALUE!,#VALUE!
,,,,,,,,,,#DIV/0!,#VALUE!,#VALUE!,#VALUE!,#VALUE!,#VALUE!
,,,,,,,,,,n/a,#VALUE!,#VALUE!,#VALUE!,#VALUE!,#VALUE!
,,,,,,,,,,#DIV/0!,#VALUE!,#VALUE!,#VALUE!,#VALUE!,#VALUE!
,,,,,,,,,,n/a,#VALUE!,#VALUE!,#VALUE!,#VALUE!,#VALUE!
,,,,,,,,,,#DIV/0!,#VALUE!,#VALUE!,#VALUE!,#VALUE!,#VALUE!
,,,,,,,,,,n/a,#VALUE!,#VALUE!,#VALUE!,#VALUE!,#VALUE!
,,,,,,,,,,#DIV/0!,#VALUE!,#VALUE!,#VALUE!,#VALUE!,#VALUE!
,,,,,,,,,,n/a,#VALUE!,#VALUE!,#VALUE!,#VALUE!,#VALUE!
,,,,,,,,,,#DIV/0!,#VALUE!,#VALUE!,#VALUE!,#VALUE!,#VALUE!
,,,,,,,,,,n/a,#VALUE!,#VALUE!,#VALUE!,#VALUE!,#VALUE!
,,,,,,,,,,#DIV/0!,#VALUE!,#VALUE!,#VALUE!,#VALUE!,#VALUE!
,,,,,,,,,,n/a,#VALUE!,#VALUE!,#VALUE!,#VALUE!,#VALUE!
,,,,,,,,,,#DIV/0!,#VALUE!,#VALUE!,#VALUE!,#VALUE!,#VALUE!
,,,,,,,,,,n/a,#VALUE!,#VALUE!,#VALUE!,#VALUE!,#VALUE!
,,,,,,,,,,#DIV/0!,#VALUE!,#VALUE!,#VALUE!,#VALUE!,#VALUE!
,,,,,,,,,,n/a,#VALUE!,#VALUE!,#VALUE!,#VALUE!,#VALUE!
,,,,,,,,,,#DIV/0!,#VALUE!,#VALUE!,#VALUE!,#VALUE!,#VALUE!
,,,,,,,,,,n/a,#VALUE!,#VALUE!,#VALUE!,#VALUE!,#VALUE!
,,,,,,,,,,#DIV/0!,#VALUE!,#VALUE!,#VALUE!,#VALUE!,#VALUE!
,,,,,,,,,,n/a,#VALUE!,#VALUE!,#VALUE!,#VALUE!,#VALUE!
,,,,,,,,,,#DIV/0!,#VALUE!,#VALUE!,#VALUE!,#VALUE!,#VALUE!
,,,,,,,,,,n/a,#VALUE!,#VALUE!,#VALUE!,#VALUE!,#VALUE!
,,,,,,,,,,#DIV/0!,#VALUE!,#VALUE!,#VALUE!,#VALUE!,#VALUE!
,,,,,,,,,,n/a,#VALUE!,#VALUE!,#VALUE!,#VALUE!,#VALUE!
,,,,,,,,,,#DIV/0!,#VALUE!,#VALUE!,#VALUE!,#VALUE!,#VALUE!
,,,,,,,,,,n/a,#VALUE!,#VALUE!,#VALUE!,#VALUE!,#VALUE!
,,,,,,,,,,#DIV/0!,#VALUE!,#VALUE!,#VALUE!,#VALUE!,#VALUE!
,,,,,,,,,,n/a,#VALUE!,#VALUE!,#VALUE!,#VALUE!,#VALUE!
,,,,,,,,,,#DIV/0!,#VALUE!,#VALUE!,#VALUE!,#VALUE!,#VALUE!
,,,,,,,,,,n/a,#VALUE!,#VALUE!,#VALUE!,#VALUE!,#VALUE!
,,,,,,,,,,#DIV/0!,#VALUE!,#VALUE!,#VALUE!,#VALUE!,#VALUE!
,,,,,,,,,,n/a,#VALUE!,#VALUE!,#VALUE!,#VALUE!,#VALUE!
,,,,,,,,,,#DIV/0!,#VALUE!,#VALUE!,#VALUE!,#VALUE!,#VALUE!
,,,,,,,,,,n/a,#VALUE!,#VALUE!,#VALUE!,#VALUE!,#VALUE!
,,,,,,,,,,#DIV/0!,#VALUE!,#VALUE!,#VALUE!,#VALUE!,#VALUE!
,,,,,,,,,,n/a,#VALUE!,#VALUE!,#VALUE!,#VALUE!,#VALUE!
,,,,,,,,,,#DIV/0!,#VALUE!,#VALUE!,#VALUE!,#VALUE!,#VALUE!
,,,,,,,,,,n/a,#VALUE!,#VALUE!,#VALUE!,#VALUE!,#VALUE!
,,,,,,,,,,#DIV/0!,#VALUE!,#VALUE!,#VALUE!,#VALUE!,#VALUE!
,,,,,,,,,,n/a,#VALUE!,#VALUE!,#VALUE!,#VALUE!,#VALUE!
,,,,,,,,,,#DIV/0!,#VALUE!,#VALUE!,#VALUE!,#VALUE!,#VALUE!
,,,,,,,,,,n/a,#VALUE!,#VALUE!,#VALUE!,#VALUE!,#VALUE!
,,,,,,,,,,#DIV/0!,#VALUE!,#VALUE!,#VALUE!,#VALUE!,#VALUE!
,,,,,,,,,,n/a,#VALUE!,#VALUE!,#VALUE!,#VALUE!,#VALUE!
,,,,,,,,,,#DIV/0!,#VALUE!,#VALUE!,#VALUE!,#VALUE!,#VALUE!
,,,,,,,,,,n/a,#VALUE!,#VALUE!,#VALUE!,#VALUE!,#VALUE!
,,,,,,,,,,#DIV/0!,#VALUE!,#VALUE!,#VALUE!,#VALUE!,#VALUE!
,,,,,,,,,,n/a,#VALUE!,#VALUE!,#VALUE!,#VALUE!,#VALUE!
,,,,,,,,,,#DIV/0!,#VALUE!,#VALUE!,#VALUE!,#VALUE!,#VALUE!
,,,,,,,,,,n/a,#VALUE!,#VALUE!,#VALUE!,#VALUE!,#VALUE!
,,,,,,,,,,#DIV/0!,#VALUE!,#VALUE!,#VALUE!,#VALUE!,#VALUE!
,,,,,,,,,,n/a,#VALUE!,#VALUE!,#VALUE!,#VALUE!,#VALUE!
,,,,,,,,,,#DIV/0!,#VALUE!,#VALUE!,#VALUE!,#VALUE!,#VALUE!
,,,,,,,,,,n/a,#VALUE!,#VALUE!,#VALUE!,#VALUE!,#VALUE!
,,,,,,,,,,#DIV/0!,#VALUE!,#VALUE!,#VALUE!,#VALUE!,#VALUE!
,,,,,,,,,,n/a,#VALUE!,#VALUE!,#VALUE!,#VALUE!,#VALUE!
,,,,,,,,,,#DIV/0!,#VALUE!,#VALUE!,#VALUE!,#VALUE!,#VALUE!
,,,,,,,,,,n/a,#VALUE!,#VALUE!,#VALUE!,#VALUE!,#VALUE!
,,,,,,,,,,#DIV/0!,#VALUE!,#VALUE!,#VALUE!,#VALUE!,#VALUE!
,,,,,,,,,,n/a,#VALUE!,#VALUE!,#VALUE!,#VALUE!,#VALUE!
,,,,,,,,,,#DIV/0!,#VALUE!,#VALUE!,#VALUE!,#VALUE!,#VALUE!
,,,,,,,,,,n/a,#VALUE!,#VALUE!,#VALUE!,#VALUE!,#VALUE!
,,,,,,,,,,#DIV/0!,#VALUE!,#VALUE!,#VALUE!,#VALUE!,#VALUE!
,,,,,,,,,,n/a,#VALUE!,#VALUE!,#VALUE!,#VALUE!,#VALUE!
,,,,,,,,,,#DIV/0!,#VALUE!,#VALUE!,#VALUE!,#VALUE!,#VALUE!
,,,,,,,,,,n/a,#VALUE!,#VALUE!,#VALUE!,#VALUE!,#VALUE!
,,,,,,,,,,#DIV/0!,#VALUE!,#VALUE!,#VALUE!,#VALUE!,#VALUE!
,,,,,,,,,,n/a,#VALUE!,#VALUE!,#VALUE!,#VALUE!,#VALUE!
,,,,,,,,,,#DIV/0!,#VALUE!,#VALUE!,#VALUE!,#VALUE!,#VALUE!
,,,,,,,,,,n/a,#VALUE!,#VALUE!,#VALUE!,#VALUE!,#VALUE!
,,,,,,,,,,#DIV/0!,#VALUE!,#VALUE!,#VALUE!,#VALUE!,#VALUE!
,,,,,,,,,,n/a,#VALUE!,#VALUE!,#VALUE!,#VALUE!,#VALUE!
,,,,,,,,,,#DIV/0!,#VALUE!,#VALUE!,#VALUE!,#VALUE!,#VALUE!
,,,,,,,,,,n/a,#VALUE!,#VALUE!,#VALUE!,#VALUE!,#VALUE!
,,,,,,,,,,#DIV/0!,#VALUE!,#VALUE!,#VALUE!,#VALUE!,#VALUE!
,,,,,,,,,,n/a,#VALUE!,#VALUE!,#VALUE!,#VALUE!,#VALUE!
,,,,,,,,,,#DIV/0!,#VALUE!,#VALUE!,#VALUE!,#VALUE!,#VALUE!
,,,,,,,,,,n/a,#VALUE!,#VALUE!,#VALUE!,#VALUE!,#VALUE!
,,,,,,,,,,#DIV/0!,#VALUE!,#VALUE!,#VALUE!,#VALUE!,#VALUE!
,,,,,,,,,,n/a,#VALUE!,#VALUE!,#VALUE!,#VALUE!,#VALUE!
,,,,,,,,,,#DIV/0!,#VALUE!,#VALUE!,#VALUE!,#VALUE!,#VALUE!
,,,,,,,,,,n/a,#VALUE!,#VALUE!,#VALUE!,#VALUE!,#VALUE!
,,,,,,,,,,#DIV/0!,#VALUE!,#VALUE!,#VALUE!,#VALUE!,#VALUE!
,,,,,,,,,,n/a,#VALUE!,#VALUE!,#VALUE!,#VALUE!,#VALUE!
,,,,,,,,,,#DIV/0!,#VALUE!,#VALUE!,#VALUE!,#VALUE!,#VALUE!
,,,,,,,,,,n/a,#VALUE!,#VALUE!,#VALUE!,#VALUE!,#VALUE!
,,,,,,,,,,#DIV/0!,#VALUE!,#VALUE!,#VALUE!,#VALUE!,#VALUE!
,,,,,,,,,,n/a,#VALUE!,#VALUE!,#VALUE!,#VALUE!,#VALUE!
,,,,,,,,,,#DIV/0!,#VALUE!,#VALUE!,#VALUE!,#VALUE!,#VALUE!
,,,,,,,,,,n/a,#VALUE!,#VALUE!,#VALUE!,#VALUE!,#VALUE!
,,,,,,,,,,#DIV/0!,#VALUE!,#VALUE!,#VALUE!,#VALUE!,#VALUE!
,,,,,,,,,,n/a,#VALUE!,#VALUE!,#VALUE!,#VALUE!,#VALUE!
,,,,,,,,,,#DIV/0!,#VALUE!,#VALUE!,#VALUE!,#VALUE!,#VALUE!
,,,,,,,,,,n/a,#VALUE!,#VALUE!,#VALUE!,#VALUE!,#VALUE!
,,,,,,,,,,#DIV/0!,#VALUE!,#VALUE!,#VALUE!,#VALUE!,#VALUE!
,,,,,,,,,,n/a,#VALUE!,#VALUE!,#VALUE!,#VALUE!,#VALUE!
,,,,,,,,,,#DIV/0!,#VALUE!,#VALUE!,#VALUE!,#VALUE!,#VALUE!
,,,,,,,,,,n/a,#VALUE!,#VALUE!,#VALUE!,#VALUE!,#VALUE!
,,,,,,,,,,#DIV/0!,#VALUE!,#VALUE!,#VALUE!,#VALUE!,#VALUE!
,,,,,,,,,,n/a,#VALUE!,#VALUE!,#VALUE!,#VALUE!,#VALUE!
,,,,,,,,,,#DIV/0!,#VALUE!,#VALUE!,#VALUE!,#VALUE!,#VALUE!
,,,,,,,,,,n/a,#VALUE!,#VALUE!,#VALUE!,#VALUE!,#VALUE!
,,,,,,,,,,#DIV/0!,#VALUE!,#VALUE!,#VALUE!,#VALUE!,#VALUE!
,,,,,,,,,,n/a,#VALUE!,#VALUE!,#VALUE!,#VALUE!,#VALUE!
,,,,,,,,,,#DIV/0!,#VALUE!,#VALUE!,#VALUE!,#VALUE!,#VALUE!
,,,,,,,,,,n/a,#VALUE!,#VALUE!,#VALUE!,#VALUE!,#VALUE!
,,,,,,,,,,#DIV/0!,#VALUE!,#VALUE!,#VALUE!,#VALUE!,#VALUE!
,,,,,,,,,,n/a,#VALUE!,#VALUE!,#VALUE!,#VALUE!,#VALUE!
,,,,,,,,,,#DIV/0!,#VALUE!,#VALUE!,#VALUE!,#VALUE!,#VALUE!
,,,,,,,,,,n/a,#VALUE!,#VALUE!,#VALUE!,#VALUE!,#VALUE!
,,,,,,,,,,#DIV/0!,#VALUE!,#VALUE!,#VALUE!,#VALUE!,#VALUE!
,,,,,,,,,,n/a,#VALUE!,#VALUE!,#VALUE!,#VALUE!,#VALUE!
,,,,,,,,,,#DIV/0!,#VALUE!,#VALUE!,#VALUE!,#VALUE!,#VALUE!
,,,,,,,,,,n/a,#VALUE!,#VALUE!,#VALUE!,#VALUE!,#VALUE!
,,,,,,,,,,#DIV/0!,#VALUE!,#VALUE!,#VALUE!,#VALUE!,#VALUE!
,,,,,,,,,,n/a,#VALUE!,#VALUE!,#VALUE!,#VALUE!,#VALUE!
,,,,,,,,,,#DIV/0!,#VALUE!,#VALUE!,#VALUE!,#VALUE!,#VALUE!
,,,,,,,,,,n/a,#VALUE!,#VALUE!,#VALUE!,#VALUE!,#VALUE!
,,,,,,,,,,#DIV/0!,#VALUE!,#VALUE!,#VALUE!,#VALUE!,#VALUE!
,,,,,,,,,,n/a,#VALUE!,#VALUE!,#VALUE!,#VALUE!,#VALUE!
,,,,,,,,,,#DIV/0!,#VALUE!,#VALUE!,#VALUE!,#VALUE!,#VALUE!
,,,,,,,,,,n/a,#VALUE!,#VALUE!,#VALUE!,#VALUE!,#VALUE!
,,,,,,,,,,#DIV/0!,#VALUE!,#VALUE!,#VALUE!,#VALUE!,#VALUE!
,,,,,,,,,,n/a,#VALUE!,#VALUE!,#VALUE!,#VALUE!,#VALUE!
,,,,,,,,,,#DIV/0!,#VALUE!,#VALUE!,#VALUE!,#VALUE!,#VALUE!
,,,,,,,,,,n/a,#VALUE!,#VALUE!,#VALUE!,#VALUE!,#VALUE!
,,,,,,,,,,#DIV/0!,#VALUE!,#VALUE!,#VALUE!,#VALUE!,#VALUE!
,,,,,,,,,,n/a,#VALUE!,#VALUE!,#VALUE!,#VALUE!,#VALUE!
,,,,,,,,,,#DIV/0!,#VALUE!,#VALUE!,#VALUE!,#VALUE!,#VALUE!
,,,,,,,,,,n/a,#VALUE!,#VALUE!,#VALUE!,#VALUE!,#VALUE!
,,,,,,,,,,#DIV/0!,#VALUE!,#VALUE!,#VALUE!,#VALUE!,#VALUE!
,,,,,,,,,,n/a,#VALUE!,#VALUE!,#VALUE!,#VALUE!,#VALUE!
,,,,,,,,,,#DIV/0!,#VALUE!,#VALUE!,#VALUE!,#VALUE!,#VALUE!
,,,,,,,,,,n/a,#VALUE!,#VALUE!,#VALUE!,#VALUE!,#VALUE!
,,,,,,,,,,#DIV/0!,#VALUE!,#VALUE!,#VALUE!,#VALUE!,#VALUE!
,,,,,,,,,,n/a,#VALUE!,#VALUE!,#VALUE!,#VALUE!,#VALUE!
,,,,,,,,,,#DIV/0!,#VALUE!,#VALUE!,#VALUE!,#VALUE!,#VALUE!
,,,,,,,,,,n/a,#VALUE!,#VALUE!,#VALUE!,#VALUE!,#VALUE!
,,,,,,,,,,#DIV/0!,#VALUE!,#VALUE!,#VALUE!,#VALUE!,#VALUE!
,,,,,,,,,,n/a,#VALUE!,#VALUE!,#VALUE!,#VALUE!,#VALUE!
,,,,,,,,,,#DIV/0!,#VALUE!,#VALUE!,#VALUE!,#VALUE!,#VALUE!
,,,,,,,,,,n/a,#VALUE!,#VALUE!,#VALUE!,#VALUE!,#VALUE!
,,,,,,,,,,#DIV/0!,#VALUE!,#VALUE!,#VALUE!,#VALUE!,#VALUE!
,,,,,,,,,,n/a,#VALUE!,#VALUE!,#VALUE!,#VALUE!,#VALUE!
,,,,,,,,,,#DIV/0!,#VALUE!,#VALUE!,#VALUE!,#VALUE!,#VALUE!
,,,,,,,,,,n/a,#VALUE!,#VALUE!,#VALUE!,#VALUE!,#VALUE!
,,,,,,,,,,#DIV/0!,#VALUE!,#VALUE!,#VALUE!,#VALUE!,#VALUE!
,,,,,,,,,,n/a,#VALUE!,#VALUE!,#VALUE!,#VALUE!,#VALUE!
,,,,,,,,,,#DIV/0!,#VALUE!,#VALUE!,#VALUE!,#VALUE!,#VALUE!
,,,,,,,,,,n/a,#VALUE!,#VALUE!,#VALUE!,#VALUE!,#VALUE!
,,,,,,,,,,#DIV/0!,#VALUE!,#VALUE!,#VALUE!,#VALUE!,#VALUE!
,,,,,,,,,,n/a,#VALUE!,#VALUE!,#VALUE!,#VALUE!,#VALUE!
,,,,,,,,,,#DIV/0!,#VALUE!,#VALUE!,#VALUE!,#VALUE!,#VALUE!
,,,,,,,,,,n/a,#VALUE!,#VALUE!,#VALUE!,#VALUE!,#VALUE!
,,,,,,,,,,#DIV/0!,#VALUE!,#VALUE!,#VALUE!,#VALUE!,#VALUE!
,,,,,,,,,,n/a,#VALUE!,#VALUE!,#VALUE!,#VALUE!,#VALUE!
,,,,,,,,,,#DIV/0!,#VALUE!,#VALUE!,#VALUE!,#VALUE!,#VALUE!
,,,,,,,,,,n/a,#VALUE!,#VALUE!,#VALUE!,#VALUE!,#VALUE!
,,,,,,,,,,#DIV/0!,#VALUE!,#VALUE!,#VALUE!,#VALUE!,#VALUE!
,,,,,,,,,,n/a,#VALUE!,#VALUE!,#VALUE!,#VALUE!,#VALUE!
,,,,,,,,,,#DIV/0!,#VALUE!,#VALUE!,#VALUE!,#VALUE!,#VALUE!
,,,,,,,,,,n/a,#VALUE!,#VALUE!,#VALUE!,#VALUE!,#VALUE!
,,,,,,,,,,#DIV/0!,#VALUE!,#VALUE!,#VALUE!,#VALUE!,#VALUE!
,,,,,,,,,,n/a,#VALUE!,#VALUE!,#VALUE!,#VALUE!,#VALUE!
,,,,,,,,,,#DIV/0!,#VALUE!,#VALUE!,#VALUE!,#VALUE!,#VALUE!
,,,,,,,,,,n/a,#VALUE!,#VALUE!,#VALUE!,#VALUE!,#VALUE!
,,,,,,,,,,#DIV/0!,#VALUE!,#VALUE!,#VALUE!,#VALUE!,#VALUE!
,,,,,,,,,,n/a,#VALUE!,#VALUE!,#VALUE!,#VALUE!,#VALUE!
,,,,,,,,,,#DIV/0!,#VALUE!,#VALUE!,#VALUE!,#VALUE!,#VALUE!
,,,,,,,,,,n/a,#VALUE!,#VALUE!,#VALUE!,#VALUE!,#VALUE!
,,,,,,,,,,#DIV/0!,#VALUE!,#VALUE!,#VALUE!,#VALUE!,#VALUE!
,,,,,,,,,,n/a,#VALUE!,#VALUE!,#VALUE!,#VALUE!,#VALUE!
,,,,,,,,,,#DIV/0!,#VALUE!,#VALUE!,#VALUE!,#VALUE!,#VALUE!
,,,,,,,,,,n/a,#VALUE!,#VALUE!,#VALUE!,#VALUE!,#VALUE!
,,,,,,,,,,#DIV/0!,#VALUE!,#VALUE!,#VALUE!,#VALUE!,#VALUE!
,,,,,,,,,,n/a,#VALUE!,#VALUE!,#VALUE!,#VALUE!,#VALUE!
,,,,,,,,,,#DIV/0!,#VALUE!,#VALUE!,#VALUE!,#VALUE!,#VALUE!
,,,,,,,,,,n/a,#VALUE!,#VALUE!,#VALUE!,#VALUE!,#VALUE!
,,,,,,,,,,#DIV/0!,#VALUE!,#VALUE!,#VALUE!,#VALUE!,#VALUE!
,,,,,,,,,,n/a,#VALUE!,#VALUE!,#VALUE!,#VALUE!,#VALUE!
,,,,,,,,,,#DIV/0!,#VALUE!,#VALUE!,#VALUE!,#VALUE!,#VALUE!
,,,,,,,,,,n/a,#VALUE!,#VALUE!,#VALUE!,#VALUE!,#VALUE!
,,,,,,,,,,#DIV/0!,#VALUE!,#VALUE!,#VALUE!,#VALUE!,#VALUE!
,,,,,,,,,,n/a,#VALUE!,#VALUE!,#VALUE!,#VALUE!,#VALUE!
,,,,,,,,,,#DIV/0!,#VALUE!,#VALUE!,#VALUE!,#VALUE!,#VALUE!
,,,,,,,,,,n/a,#VALUE!,#VALUE!,#VALUE!,#VALUE!,#VALUE!
,,,,,,,,,,#DIV/0!,#VALUE!,#VALUE!,#VALUE!,#VALUE!,#VALUE!
,,,,,,,,,,n/a,#VALUE!,#VALUE!,#VALUE!,#VALUE!,#VALUE!
,,,,,,,,,,#DIV/0!,#VALUE!,#VALUE!,#VALUE!,#VALUE!,#VALUE!
,,,,,,,,,,n/a,#VALUE!,#VALUE!,#VALUE!,#VALUE!,#VALUE!
,,,,,,,,,,#DIV/0!,#VALUE!,#VALUE!,#VALUE!,#VALUE!,#VALUE!
,,,,,,,,,,n/a,#VALUE!,#VALUE!,#VALUE!,#VALUE!,#VALUE!
,,,,,,,,,,#DIV/0!,#VALUE!,#VALUE!,#VALUE!,#VALUE!,#VALUE!
,,,,,,,,,,n/a,#VALUE!,#VALUE!,#VALUE!,#VALUE!,#VALUE!
,,,,,,,,,,#DIV/0!,#VALUE!,#VALUE!,#VALUE!,#VALUE!,#VALUE!
,,,,,,,,,,n/a,#VALUE!,#VALUE!,#VALUE!,#VALUE!,#VALUE!
,,,,,,,,,,#DIV/0!,#VALUE!,#VALUE!,#VALUE!,#VALUE!,#VALUE!
,,,,,,,,,,n/a,#VALUE!,#VALUE!,#VALUE!,#VALUE!,#VALUE!
,,,,,,,,,,#DIV/0!,#VALUE!,#VALUE!,#VALUE!,#VALUE!,#VALUE!
,,,,,,,,,,n/a,#VALUE!,#VALUE!,#VALUE!,#VALUE!,#VALUE!
,,,,,,,,,,#DIV/0!,#VALUE!,#VALUE!,#VALUE!,#VALUE!,#VALUE!
,,,,,,,,,,n/a,#VALUE!,#VALUE!,#VALUE!,#VALUE!,#VALUE!
,,,,,,,,,,#DIV/0!,#VALUE!,#VALUE!,#VALUE!,#VALUE!,#VALUE!
,,,,,,,,,,n/a,#VALUE!,#VALUE!,#VALUE!,#VALUE!,#VALUE!
,,,,,,,,,,#DIV/0!,#VALUE!,#VALUE!,#VALUE!,#VALUE!,#VALUE!
,,,,,,,,,,n/a,#VALUE!,#VALUE!,#VALUE!,#VALUE!,#VALUE!
,,,,,,,,,,#DIV/0!,#VALUE!,#VALUE!,#VALUE!,#VALUE!,#VALUE!
,,,,,,,,,,n/a,#VALUE!,#VALUE!,#VALUE!,#VALUE!,#VALUE!
,,,,,,,,,,#DIV/0!,#VALUE!,#VALUE!,#VALUE!,#VALUE!,#VALUE!
,,,,,,,,,,n/a,#VALUE!,#VALUE!,#VALUE!,#VALUE!,#VALUE!
,,,,,,,,,,#DIV/0!,#VALUE!,#VALUE!,#VALUE!,#VALUE!,#VALUE!
,,,,,,,,,,n/a,#VALUE!,#VALUE!,#VALUE!,#VALUE!,#VALUE!
,,,,,,,,,,#DIV/0!,#VALUE!,#VALUE!,#VALUE!,#VALUE!,#VALUE!
,,,,,,,,,,n/a,#VALUE!,#VALUE!,#VALUE!,#VALUE!,#VALUE!
,,,,,,,,,,#DIV/0!,#VALUE!,#VALUE!,#VALUE!,#VALUE!,#VALUE!
,,,,,,,,,,n/a,#VALUE!,#VALUE!,#VALUE!,#VALUE!,#VALUE!
,,,,,,,,,,#DIV/0!,#VALUE!,#VALUE!,#VALUE!,#VALUE!,#VALUE!
,,,,,,,,,,n/a,#VALUE!,#VALUE!,#VALUE!,#VALUE!,#VALUE!
,,,,,,,,,,#DIV/0!,#VALUE!,#VALUE!,#VALUE!,#VALUE!,#VALUE!
,,,,,,,,,,n/a,#VALUE!,#VALUE!,#VALUE!,#VALUE!,#VALUE!
,,,,,,,,,,#DIV/0!,#VALUE!,#VALUE!,#VALUE!,#VALUE!,#VALUE!
,,,,,,,,,,n/a,#VALUE!,#VALUE!,#VALUE!,#VALUE!,#VALUE!
,,,,,,,,,,#DIV/0!,#VALUE!,#VALUE!,#VALUE!,#VALUE!,#VALUE!