,label,area,Min Threshold,Max Threshold,type,percent_raw,region,plate,notes,calculation,well,treatment,genotype,temperature,symbiotic_state,cohort
,A1-bf/fl-738/739.czi,REMOVED,REMOVED,REMOVED,REMOVED,REMOVED,REMOVED,H2-25,"Contracted tentacle, difficult to analyze because brightfield image is too dark, can't see tentacles, not measureable. ",REMOVED,A1-H2-25,H2-25,H2,25,sym,W9-10
,A2-bf-Snap-741.czi,2066.246,0,65535,Tentacle Area,0,Tentacle,H2-25,,n/a,A2-H2-25,H2-25,H2,25,sym,W9-10
,A2-fl-Snap-740.czi,1562.658,1564,65535,Symbiont Area,75.628,Tentacle,H2-25,,75.6278778,A2-H2-25,H2-25,H2,25,sym,W9-10
,A2-bf-Snap-741.czi,560.239,0,65535,Tentacle Area,75.628,Tentacle,H2-25,,n/a,A2-H2-25,H2-25,H2,25,sym,W9-10
,A2-fl-Snap-740.czi,397.205,1277,65535,Symbiont Area,70.899,Tentacle,H2-25,,70.89920552,A2-H2-25,H2-25,H2,25,sym,W9-10
,A2-bf-Snap-741.czi,639.377,0,65535,Tentacle Area,0,Tentacle,H2-25,,n/a,A2-H2-25,H2-25,H2,25,sym,W9-10
,A2-fl-Snap-740.czi,346.609,1564,65535,Symbiont Area,54.21,Tentacle,H2-25,,54.21042671,A2-H2-25,H2-25,H2,25,sym,W9-10
,A2-bf-Snap-741.czi,11925.674,0,65535,Tentacle Area,0,Body column,H2-25,,n/a,A2-H2-25,H2-25,H2,25,sym,W9-10
,A2-fl-Snap-740.czi,2852.224,517,65535,Symbiont Area,23.917,Body column,H2-25,,23.9166692,A2-H2-25,H2-25,H2,25,sym,W9-10
,A3-bf-Snap-743.czi,12509.914,0,65535,Tentacle Area,0,Tentacle,H2-25,,n/a,A3-H2-25,H2-25,H2,25,sym,W9-10
,A3-fl-Snap-742.czi,3748.477,1362,65535,Symbiont Area,29.964,Tentacle,H2-25,,29.96405091,A3-H2-25,H2-25,H2,25,sym,W9-10
,A3-bf-Snap-743.czi,3060.016,0,65535,Tentacle Area,0,Tentacle,H2-25,,n/a,A3-H2-25,H2-25,H2,25,sym,W9-10
,A3-fl-Snap-742.czi,1395.732,1044,65535,Symbiont Area,45.612,Tentacle,H2-25,,45.61191837,A3-H2-25,H2-25,H2,25,sym,W9-10
,A3-bf-Snap-743.czi,1583.199,0,65535,Tentacle Area,0,Tentacle,H2-25,,n/a,A3-H2-25,H2-25,H2,25,sym,W9-10
,A3-fl-Snap-742.czi,605.862,560,65535,Symbiont Area,38.268,Tentacle,H2-25,,38.26821518,A3-H2-25,H2-25,H2,25,sym,W9-10
,A3-bf-Snap-743.czi,13252.214,0,65535,Tentacle Area,0,Body column,H2-25,,n/a,A3-H2-25,H2-25,H2,25,sym,W9-10
,A3-fl-Snap-742.czi,3343.271,499,65535,Symbiont Area,25.228,Body column,H2-25,,25.2280185,A3-H2-25,H2-25,H2,25,sym,W9-10
,A4-bf-Snap-745.czi,4653.594,0,65535,Tentacle Area,0,Tentacle,H2-25,,n/a,A4-H2-25,H2-25,H2,25,sym,W9-10
,A4-fl-Snap-744.czi,1418.436,694,65535,Symbiont Area,30.48,Tentacle,H2-25,,30.48044157,A4-H2-25,H2-25,H2,25,sym,W9-10
,A4-bf-Snap-745.czi,2741.949,0,65535,Tentacle Area,0,Tentacle,H2-25,,n/a,A4-H2-25,H2-25,H2,25,sym,W9-10
,A4-fl-Snap-744.czi,1406.111,1096,65535,Symbiont Area,51.281,Tentacle,H2-25,,51.28144251,A4-H2-25,H2-25,H2,25,sym,W9-10
,A4-bf-Snap-745.czi,9558.442,0,65535,Tentacle Area,0,Tentacle,H2-25,,n/a,A4-H2-25,H2-25,H2,25,sym,W9-10
,A4-fl-Snap-744.czi,2084.841,638,65535,Symbiont Area,21.812,Tentacle,H2-25,,21.81151489,A4-H2-25,H2-25,H2,25,sym,W9-10
,A4-bf-Snap-745.czi,2215.441,0,65535,Tentacle Area,0,Tentacle,H2-25,,n/a,A4-H2-25,H2-25,H2,25,sym,W9-10
,A4-fl-Snap-744.czi,1248.051,957,65535,Symbiont Area,56.334,Tentacle,H2-25,,56.33420163,A4-H2-25,H2-25,H2,25,sym,W9-10
,A4-bf-Snap-745.czi,4642.999,0,65535,Tentacle Area,0,Tentacle,H2-25,,n/a,A4-H2-25,H2-25,H2,25,sym,W9-10
,A4-fl-Snap-744.czi,1482.439,708,65535,Symbiont Area,31.928,Tentacle,H2-25,,31.92847985,A4-H2-25,H2-25,H2,25,sym,W9-10
,A4-bf-Snap-745.czi,2164.628,0,65535,Tentacle Area,0,Tentacle,H2-25,,n/a,A4-H2-25,H2-25,H2,25,sym,W9-10
,A4-fl-Snap-744.czi,1011.501,1041,65535,Symbiont Area,46.729,Tentacle,H2-25,,46.72862958,A4-H2-25,H2-25,H2,25,sym,W9-10
,A4-bf-Snap-745.czi,2333.933,0,65535,Tentacle Area,0,Tentacle,H2-25,,n/a,A4-H2-25,H2-25,H2,25,sym,W9-10
,A4-fl-Snap-744.czi,1081.99,1027,65535,Symbiont Area,46.359,Tentacle,H2-25,,46.35908571,A4-H2-25,H2-25,H2,25,sym,W9-10
,A5-bf-Snap-747.czi,1345.568,0,65535,Tentacle Area,0,Tentacle,H2-25,,n/a,A5-H2-25,H2-25,H2,25,sym,W9-10
,A5-fl-Snap-746.czi,500.993,749,65535,Symbiont Area,37.233,Tentacle,H2-25,,37.23282658,A5-H2-25,H2-25,H2,25,sym,W9-10
,A5-fl-Snap-746.czi,2344.744,426,65535,Symbiont Area,1.034,Tentacle,H2-25,REMOVE,REMOVED,A5-H2-25,H2-25,H2,25,sym,W9-10
,A5-bf-Snap-747.czi,4283.85,0,65535,Tentacle Area,0,Tentacle,H2-25,,n/a,A5-H2-25,H2-25,H2,25,sym,W9-10
,A5-fl-Snap-746.czi,1625.796,970,65535,Symbiont Area,37.952,Tentacle,H2-25,,37.95174901,A5-H2-25,H2-25,H2,25,sym,W9-10
,A5-bf-Snap-747.czi,1251.943,0,65535,Tentacle Area,0,Tentacle,H2-25,,n/a,A5-H2-25,H2-25,H2,25,sym,W9-10
,A5-fl-Snap-746.czi,662.946,1161,65535,Symbiont Area,52.953,Tentacle,H2-25,,52.95336928,A5-H2-25,H2-25,H2,25,sym,W9-10
,A5-bf-Snap-747.czi,1369.785,0,65535,Tentacle Area,0,Tentacle,H2-25,,n/a,A5-H2-25,H2-25,H2,25,sym,W9-10
,A5-fl-Snap-746.czi,642.404,1440,65535,Symbiont Area,46.898,Tentacle,H2-25,,46.89816285,A5-H2-25,H2-25,H2,25,sym,W9-10
,A6-bf-Snap-749.czi,3007.906,0,65535,Tentacle Area,46.898,Tentacle,H2-25,,n/a,A6-H2-25,H2-25,H2,25,sym,W9-10
,A6-fl-Snap-748.czi,1446.761,726,65535,Symbiont Area,48.099,Tentacle,H2-25,,48.09861079,A6-H2-25,H2-25,H2,25,sym,W9-10
,A6-bf-Snap-749.czi,916.362,0,65535,Tentacle Area,0,Tentacle,H2-25,,n/a,A6-H2-25,H2-25,H2,25,sym,W9-10
,A6-fl-Snap-748.czi,666.622,867,65535,Symbiont Area,72.747,Tentacle,H2-25,,72.74657832,A6-H2-25,H2-25,H2,25,sym,W9-10
,A6-bf-Snap-749.czi,4246.443,0,65535,Tentacle Area,0,Tentacle,H2-25,,n/a,A6-H2-25,H2-25,H2,25,sym,W9-10
,A6-fl-Snap-748.czi,2667.135,1183,65535,Symbiont Area,62.809,Tentacle,H2-25,,62.80868482,A6-H2-25,H2-25,H2,25,sym,W9-10
,A6-bf-Snap-749.czi,9984.406,0,65535,Tentacle Area,0,Body column,H2-25,,n/a,A6-H2-25,H2-25,H2,25,sym,W9-10
,A6-fl-Snap-748.czi,4787.654,668,65535,Symbiont Area,47.951,Body column,H2-25,,47.95131528,A6-H2-25,H2-25,H2,25,sym,W9-10
,A7-bf-Snap-751.czi,6059.273,0,65535,Tentacle Area,47.951,Tentacle,H2-25,,n/a,A7-H2-25,H2-25,H2,25,sym,W9-10
,A7-fl-Snap-750.czi,1810.668,771,65535,Symbiont Area,29.883,Tentacle,H2-25,,29.88259483,A7-H2-25,H2-25,H2,25,sym,W9-10
,A7-bf-Snap-751.czi,4187.63,0,65535,Tentacle Area,0,Tentacle,H2-25,,n/a,A7-H2-25,H2-25,H2,25,sym,W9-10
,A7-fl-Snap-750.czi,1916.835,786,65535,Symbiont Area,45.774,Tentacle,H2-25,,45.77374314,A7-H2-25,H2-25,H2,25,sym,W9-10
,A7-bf-Snap-751.czi,10320.852,0,65535,Tentacle Area,0,Tentacle,H2-25,,n/a,A7-H2-25,H2-25,H2,25,sym,W9-10
,A7-fl-Snap-750.czi,4061.354,968,65535,Symbiont Area,39.351,Tentacle,H2-25,,39.35095668,A7-H2-25,H2-25,H2,25,sym,W9-10
,A7-bf-Snap-751.czi,6037.867,0,65535,Tentacle Area,0,Tentacle,H2-25,,n/a,A7-H2-25,H2-25,H2,25,sym,W9-10
,A7-fl-Snap-750.czi,2871.684,1194,65535,Symbiont Area,47.561,Tentacle,H2-25,,47.56123313,A7-H2-25,H2-25,H2,25,sym,W9-10
,A7-bf-Snap-751.czi,2434.477,0,65535,Tentacle Area,0,Tentacle,H2-25,,n/a,A7-H2-25,H2-25,H2,25,sym,W9-10
,A7-fl-Snap-750.czi,1179.94,1149,65535,Symbiont Area,48.468,Tentacle,H2-25,,48.46790502,A7-H2-25,H2-25,H2,25,sym,W9-10
,A8-bf-Snap-753.czi,6899.524,0,65535,Tentacle Area,0,Tentacle,H2-25,,n/a,A8-H2-25,H2-25,H2,25,sym,W9-10
,A8-fl-Snap-752.czi,2251.767,915,65535,Symbiont Area,32.637,Tentacle,H2-25,,32.6365558,A8-H2-25,H2-25,H2,25,sym,W9-10
,A8-bf-Snap-753.czi,1352.055,0,65535,Tentacle Area,0,Tentacle,H2-25,,n/a,A8-H2-25,H2-25,H2,25,sym,W9-10
,A8-fl-Snap-752.czi,422.287,606,65535,Symbiont Area,31.233,Tentacle,H2-25,,31.23297499,A8-H2-25,H2-25,H2,25,sym,W9-10
,b1-bf-Snap-769.czi,4050.327,0,65535,Tentacle Area,0,Tentacle,H2-25,,n/a,B1-H2-25,H2-25,H2,25,sym,W9-10
,b1-fl-Snap-768.czi,1768.288,1279,65535,Symbiont Area,43.658,Tentacle,H2-25,,43.65790713,B1-H2-25,H2-25,H2,25,sym,W9-10
,b1-bf-Snap-769.czi,2259.767,0,65535,Tentacle Area,0,Tentacle,H2-25,,n/a,B1-H2-25,H2-25,H2,25,sym,W9-10
,b1-fl-Snap-768.czi,1060.367,1249,65535,Symbiont Area,46.924,Tentacle,H2-25,,46.92373152,B1-H2-25,H2-25,H2,25,sym,W9-10
,b1-bf-Snap-769.czi,4719.111,0,65535,Tentacle Area,0,Tentacle,H2-25,,n/a,B1-H2-25,H2-25,H2,25,sym,W9-10
,b1-fl-Snap-768.czi,2467.992,933,65535,Symbiont Area,52.298,Tentacle,H2-25,,52.29781626,B1-H2-25,H2-25,H2,25,sym,W9-10
,b2-bf-Snap-767.czi,5824.669,0,65535,Tentacle Area,0,Tentacle,H2-25,,n/a,B2-H2-25,H2-25,H2,25,sym,W9-10
,b2-fl-Snap-766.czi,3198.184,953,65535,Symbiont Area,54.908,Tentacle,H2-25,,54.90756642,B2-H2-25,H2-25,H2,25,sym,W9-10
,b2-bf-Snap-767.czi,2219.982,0,65535,Tentacle Area,0,Tentacle,H2-25,,n/a,B2-H2-25,H2-25,H2,25,sym,W9-10
,b2-fl-Snap-766.czi,1060.584,1668,65535,Symbiont Area,47.774,Tentacle,H2-25,,47.77444141,B2-H2-25,H2-25,H2,25,sym,W9-10
,b2-bf-Snap-767.czi,7114.884,0,65535,Tentacle Area,0,Tentacle,H2-25,,n/a,B2-H2-25,H2-25,H2,25,sym,W9-10
,b2-fl-Snap-766.czi,3651.824,1179,65535,Symbiont Area,51.327,Tentacle,H2-25,,51.32654306,B2-H2-25,H2-25,H2,25,sym,W9-10
,b2-bf-Snap-767.czi,1870.562,0,65535,Tentacle Area,0,Tentacle,H2-25,,n/a,B2-H2-25,H2-25,H2,25,sym,W9-10
,b2-fl-Snap-766.czi,532.778,703,65535,Symbiont Area,28.482,Tentacle,H2-25,,28.48224224,B2-H2-25,H2-25,H2,25,sym,W9-10
,b3-bf-Snap-765.czi,698.839,0,65535,Tentacle Area,0,Tentacle,H2-25,"blurry image, tentacles not visibile, only 1 visibile ",REMOVED,B3-H2-25,H2-25,H2,25,sym,W9-10
,b3-fl-Snap-764.czi,161.52,1290,65535,Symbiont Area,23.113,Tentacle,H2-25,,REMOVED,B3-H2-25,H2-25,H2,25,sym,W9-10
,b4-bf-Snap-763.czi,2675.136,0,65535,Tentacle Area,0,Tentacle,H2-25,,n/a,B4-H2-25,H2-25,H2,25,sym,W9-10
,b4-fl-Snap-762.czi,1368.056,1183,65535,Symbiont Area,51.14,Tentacle,H2-25,,51.13968038,B4-H2-25,H2-25,H2,25,sym,W9-10
,b4-bf-Snap-763.czi,3283.16,0,65535,Tentacle Area,0,Tentacle,H2-25,,n/a,B4-H2-25,H2-25,H2,25,sym,W9-10
,b4-fl-Snap-762.czi,1638.337,1339,65535,Symbiont Area,49.901,Tentacle,H2-25,,49.90122321,B4-H2-25,H2-25,H2,25,sym,W9-10
,b4-bf-Snap-763.czi,8119.465,0,65535,Tentacle Area,0,Tentacle,H2-25,,n/a,B4-H2-25,H2-25,H2,25,sym,W9-10
,b4-fl-Snap-762.czi,3036.448,1105,65535,Symbiont Area,37.397,Tentacle,H2-25,,37.39714378,B4-H2-25,H2-25,H2,25,sym,W9-10
,b4-bf-Snap-763.czi,6169.764,0,65535,Tentacle Area,0,Tentacle,H2-25,,n/a,B4-H2-25,H2-25,H2,25,sym,W9-10
,b4-fl-Snap-762.czi,2778.707,1292,65535,Symbiont Area,45.037,Tentacle,H2-25,,45.03749252,B4-H2-25,H2-25,H2,25,sym,W9-10
,b5-bf-Snap-761.czi,2647.026,0,65535,Tentacle Area,0,Tentacle,H2-25,,n/a,B5-H2-25,H2-25,H2,25,sym,W9-10
,b5-fl-Snap-760.czi,683.271,802,65535,Symbiont Area,25.813,Tentacle,H2-25,,25.81278008,B5-H2-25,H2-25,H2,25,sym,W9-10
,b5-bf-Snap-761.czi,7472.736,0,65535,Tentacle Area,0,Tentacle,H2-25,,n/a,B5-H2-25,H2-25,H2,25,sym,W9-10
,b5-fl-Snap-760.czi,1472.492,721,65535,Symbiont Area,19.705,Tentacle,H2-25,,19.70485777,B5-H2-25,H2-25,H2,25,sym,W9-10
,b5-bf-Snap-761.czi,4231.956,0,65535,Tentacle Area,0,Tentacle,H2-25,,n/a,B5-H2-25,H2-25,H2,25,sym,W9-10
,b5-fl-Snap-760.czi,1370.65,1020,65535,Symbiont Area,32.388,Tentacle,H2-25,,32.38809666,B5-H2-25,H2-25,H2,25,sym,W9-10
,b6-bf-Snap-759.czi,829.007,0,65535,Tentacle Area,0,Tentacle,H2-25,,n/a,B6-H2-25,H2-25,H2,25,sym,W9-10
,b6-fl-Snap-758.czi,351.366,961,65535,Symbiont Area,42.384,Tentacle,H2-25,,42.38396057,B6-H2-25,H2-25,H2,25,sym,W9-10
,b6-bf-Snap-759.czi,2938.498,0,65535,Tentacle Area,0,Tentacle,H2-25,,n/a,B6-H2-25,H2-25,H2,25,sym,W9-10
,b6-fl-Snap-758.czi,1503.629,1502,65535,Symbiont Area,51.17,Tentacle,H2-25,,51.16998548,B6-H2-25,H2-25,H2,25,sym,W9-10
,b6-bf-Snap-759.czi,3733.99,0,65535,Tentacle Area,0,Tentacle,H2-25,,n/a,B6-H2-25,H2-25,H2,25,sym,W9-10
,b6-fl-Snap-758.czi,2136.735,947,65535,Symbiont Area,57.224,Tentacle,H2-25,,57.22390794,B6-H2-25,H2-25,H2,25,sym,W9-10
,b6-bf-Snap-759.czi,3833.237,0,65535,Tentacle Area,0,Tentacle,H2-25,,n/a,B6-H2-25,H2-25,H2,25,sym,W9-10
,b6-fl-Snap-758.czi,2104.734,1340,65535,Symbiont Area,54.907,Tentacle,H2-25,,54.9074842,B6-H2-25,H2-25,H2,25,sym,W9-10
,b6-bf-Snap-759.czi,1645.688,0,65535,Tentacle Area,0,Tentacle,H2-25,,n/a,B6-H2-25,H2-25,H2,25,sym,W9-10
,b6-fl-Snap-758.czi,618.403,961,65535,Symbiont Area,37.577,Tentacle,H2-25,,37.57717137,B6-H2-25,H2-25,H2,25,sym,W9-10
,b7-bf-Snap-757.czi,1884.833,0,65535,Tentacle Area,0,Tentacle,H2-25,,n/a,B7-H2-25,H2-25,H2,25,sym,W9-10
,b7-fl-Snap-756.czi,1127.397,1034,65535,Symbiont Area,59.814,Tentacle,H2-25,,59.8141586,B7-H2-25,H2-25,H2,25,sym,W9-10
,b7-bf-Snap-757.czi,1559.631,0,65535,Tentacle Area,0,Tentacle,H2-25,,n/a,B7-H2-25,H2-25,H2,25,sym,W9-10
,b7-fl-Snap-756.czi,565.212,840,65535,Symbiont Area,36.24,Tentacle,H2-25,,36.24011064,B7-H2-25,H2-25,H2,25,sym,W9-10
,b7-bf-Snap-757.czi,5097.288,0,65535,Tentacle Area,0,Tentacle,H2-25,,n/a,B7-H2-25,H2-25,H2,25,sym,W9-10
,b7-fl-Snap-756.czi,2300.85,801,65535,Symbiont Area,45.139,Tentacle,H2-25,,45.13870905,B7-H2-25,H2-25,H2,25,sym,W9-10
,b7-fl-Snap-756.czi,226728.346,0,65535,Tentacle Area,0,Tentacle,H2-25,REMOVED,REMOVED,B7-H2-25,H2-25,H2,25,sym,W9-10
,b7-fl-Snap-756.czi,1620.174,801,65535,Symbiont Area,0.715,Tentacle,H2-25,REMOVED,REMOVED,B7-H2-25,H2-25,H2,25,sym,W9-10
,b7-bf-Snap-757.czi,3259.808,0,65535,Tentacle Area,0,Tentacle,H2-25,,n/a,B7-H2-25,H2-25,H2,25,sym,W9-10
,b7-fl-Snap-756.czi,1526.765,917,65535,Symbiont Area,46.836,Tentacle,H2-25,,46.83604065,B7-H2-25,H2-25,H2,25,sym,W9-10
,B8-bf-Snap-755.czi,4444.289,0,65535,Tentacle Area,0,Tentacle,H2-25,,n/a,B8-H2-25,H2-25,H2,25,sym,W9-10
,B8-fl-Snap-754.czi,2144.52,1420,65535,Symbiont Area,48.253,Tentacle,H2-25,,48.25338766,B8-H2-25,H2-25,H2,25,sym,W9-10
,B8-bf-Snap-755.czi,7877.942,0,65535,Tentacle Area,0,Tentacle,H2-25,,n/a,B8-H2-25,H2-25,H2,25,sym,W9-10
,B8-fl-Snap-754.czi,4391.53,1104,65535,Symbiont Area,55.745,Tentacle,H2-25,,55.74463483,B8-H2-25,H2-25,H2,25,sym,W9-10
,B8-bf-Snap-755.czi,4369.907,0,65535,Tentacle Area,0,Body column,H2-25,,n/a,B8-H2-25,H2-25,H2,25,sym,W9-10
,B8-fl-Snap-754.czi,1728.719,918,65535,Symbiont Area,39.56,Body column,H2-25,,39.55962907,B8-H2-25,H2-25,H2,25,sym,W9-10
,c1-bf-Snap-771.czi,1779.099,0,65535,Tentacle Area,0,Tentacle,H2-25,,n/a,C1-H2-25,H2-25,H2,25,sym,W9-10
,c1-fl-Snap-770.czi,842.196,1134,65535,Symbiont Area,47.338,Tentacle,H2-25,,47.33834373,C1-H2-25,H2-25,H2,25,sym,W9-10
,c1-bf-Snap-771.czi,7087.855,0,65535,Tentacle Area,0,Tentacle,H2-25,,n/a,C1-H2-25,H2-25,H2,25,sym,W9-10
,c1-fl-Snap-770.czi,3888.807,937,65535,Symbiont Area,54.866,Tentacle,H2-25,,54.86578097,C1-H2-25,H2-25,H2,25,sym,W9-10
,c1-bf-Snap-771.czi,3313.864,0,65535,Tentacle Area,0,Tentacle,H2-25,,n/a,C1-H2-25,H2-25,H2,25,sym,W9-10
,c1-fl-Snap-770.czi,1211.509,1023,65535,Symbiont Area,36.559,Tentacle,H2-25,,36.55880265,C1-H2-25,H2-25,H2,25,sym,W9-10
,c1-bf-Snap-771.czi,20165.576,0,65535,Tentacle Area,0,Body column,H2-25,,n/a,C1-H2-25,H2-25,H2,25,sym,W9-10
,c1-fl-Snap-770.czi,9653.798,777,65535,Symbiont Area,47.873,Body column,H2-25,,47.87266181,C1-H2-25,H2-25,H2,25,sym,W9-10
,c2-bf-Snap-773.czi,4721.705,0,65535,Tentacle Area,0,Tentacle,H2-25,,n/a,C2-H2-25,H2-25,H2,25,sym,W9-10
,c2-fl-Snap-772.czi,1651.743,708,65535,Symbiont Area,34.982,Tentacle,H2-25,,34.98191861,C2-H2-25,H2-25,H2,25,sym,W9-10
,c2-bf-Snap-773.czi,5752.666,0,65535,Tentacle Area,0,Tentacle,H2-25,,n/a,C2-H2-25,H2-25,H2,25,sym,W9-10
,c2-fl-Snap-772.czi,2492.642,937,65535,Symbiont Area,43.33,Tentacle,H2-25,,43.33020551,C2-H2-25,H2-25,H2,25,sym,W9-10
,c2-bf-Snap-773.czi,299.472,0,65535,Tentacle Area,0,Tentacle,H2-25,,n/a,C2-H2-25,H2-25,H2,25,sym,W9-10
,c2-fl-Snap-772.czi,158.925,1057,65535,Symbiont Area,53.069,Tentacle,H2-25,,53.06840038,C2-H2-25,H2-25,H2,25,sym,W9-10
,c2-bf-Snap-773.czi,4903.983,0,65535,Tentacle Area,0,Tentacle,H2-25,,n/a,C2-H2-25,H2-25,H2,25,sym,W9-10
,c2-fl-Snap-772.czi,1848.724,480,65535,Symbiont Area,37.698,Tentacle,H2-25,,37.6984178,C2-H2-25,H2-25,H2,25,sym,W9-10
,c3-bf-Snap-775.czi,2672.325,0,65535,Tentacle Area,0,Tentacle,H2-25,,n/a,C3-H2-25,H2-25,H2,25,sym,W9-10
,c3-fl-Snap-774.czi,1417.355,905,65535,Symbiont Area,53.038,Tentacle,H2-25,,53.03827192,C3-H2-25,H2-25,H2,25,sym,W9-10
,c3-bf-Snap-775.czi,1212.157,0,65535,Tentacle Area,0,Tentacle,H2-25,,n/a,C3-H2-25,H2-25,H2,25,sym,W9-10
,c3-fl-Snap-774.czi,656.675,758,65535,Symbiont Area,54.174,Tentacle,H2-25,,54.17408801,C3-H2-25,H2-25,H2,25,sym,W9-10
,c3-bf-Snap-775.czi,12005.028,0,65535,Tentacle Area,0,Tentacle,H2-25,,n/a,C3-H2-25,H2-25,H2,25,sym,W9-10
,c3-fl-Snap-774.czi,8293.959,826,65535,Symbiont Area,69.087,Tentacle,H2-25,,69.08737739,C3-H2-25,H2-25,H2,25,sym,W9-10
,c5-bf-Snap-779.czi,7258.241,0,65535,Tentacle Area,0,Tentacle,H2-25,Only 1 tentacle visible,n/a,C5-H2-25,H2-25,H2,25,sym,W9-10
,c5-fl-Snap-778.czi,3803.614,1079,65535,Symbiont Area,52.404,Tentacle,H2-25,,52.40407421,C5-H2-25,H2-25,H2,25,sym,W9-10
,c5-bf-Snap-779.czi,5495.142,0,65535,Tentacle Area,0,Tentacle,H2-25,,n/a,C5-H2-25,H2-25,H2,25,sym,W9-10
,c5-fl-Snap-778.czi,2658.486,1491,65535,Symbiont Area,48.379,Tentacle,H2-25,,48.3788408,C5-H2-25,H2-25,H2,25,sym,W9-10
,c5-bf-Snap-779.czi,1479.628,0,65535,Tentacle Area,0,Tentacle,H2-25,,n/a,C5-H2-25,H2-25,H2,25,sym,W9-10
,c5-fl-Snap-778.czi,597.43,781,65535,Symbiont Area,40.377,Tentacle,H2-25,,40.37704072,C5-H2-25,H2-25,H2,25,sym,W9-10
,c5-bf-Snap-779.czi,5139.236,0,65535,Tentacle Area,0,Tentacle,H2-25,,n/a,C5-H2-25,H2-25,H2,25,sym,W9-10
,c5-fl-Snap-778.czi,2359.88,809,65535,Symbiont Area,45.919,Tentacle,H2-25,,45.91888755,C5-H2-25,H2-25,H2,25,sym,W9-10
,c6-bf-Snap-781.czi,2867.143,0,65535,Tentacle Area,0,Tentacle,H2-25,,n/a,C6-H2-25,H2-25,H2,25,sym,W9-10
,c6-fl-Snap-780.czi,1419.95,1096,65535,Symbiont Area,49.525,Tentacle,H2-25,,49.52491034,C6-H2-25,H2-25,H2,25,sym,W9-10
,c6-bf-Snap-781.czi,3061.097,0,65535,Tentacle Area,0,Tentacle,H2-25,,n/a,C6-H2-25,H2-25,H2,25,sym,W9-10
,c6-fl-Snap-780.czi,1900.402,1068,65535,Symbiont Area,62.082,Tentacle,H2-25,,62.08238419,C6-H2-25,H2-25,H2,25,sym,W9-10
,c6-bf-Snap-781.czi,2924.011,0,65535,Tentacle Area,0,Tentacle,H2-25,,n/a,C6-H2-25,H2-25,H2,25,sym,W9-10
,c6-fl-Snap-780.czi,1601.579,1110,65535,Symbiont Area,54.773,Tentacle,H2-25,,54.77335756,C6-H2-25,H2-25,H2,25,sym,W9-10
,c6-bf-Snap-781.czi,3060.232,0,65535,Tentacle Area,0,Tentacle,H2-25,,n/a,C6-H2-25,H2-25,H2,25,sym,W9-10
,c6-fl-Snap-780.czi,1504.494,1124,65535,Symbiont Area,49.163,Tentacle,H2-25,,49.16274322,C6-H2-25,H2-25,H2,25,sym,W9-10
,c6-bf-Snap-781.czi,3658.527,0,65535,Tentacle Area,0,Tentacle,H2-25,,n/a,C6-H2-25,H2-25,H2,25,sym,W9-10
,c6-fl-Snap-780.czi,2461.505,1124,65535,Symbiont Area,67.281,Tentacle,H2-25,,67.28131294,C6-H2-25,H2-25,H2,25,sym,W9-10
,c6-bf-Snap-781.czi,3283.593,0,65535,Tentacle Area,0,Tentacle,H2-25,,n/a,C6-H2-25,H2-25,H2,25,sym,W9-10
,c6-fl-Snap-780.czi,1126.1,1221,65535,Symbiont Area,34.295,Tentacle,H2-25,,34.29474968,C6-H2-25,H2-25,H2,25,sym,W9-10
,c7-bf-Snap-783.czi,2007.217,0,65535,Tentacle Area,34.295,Tentacle,H2-25,,n/a,C7-H2-25,H2-25,H2,25,sym,W9-10
,c7-fl-Snap-782.czi,1071.611,1222,65535,Symbiont Area,53.388,Tentacle,H2-25,,53.38789976,C7-H2-25,H2-25,H2,25,sym,W9-10
,c7-bf-Snap-783.czi,5047.773,0,65535,Tentacle Area,0,Tentacle,H2-25,,n/a,C7-H2-25,H2-25,H2,25,sym,W9-10
,c7-fl-Snap-782.czi,2173.277,1508,65535,Symbiont Area,43.054,Tentacle,H2-25,,43.05417458,C7-H2-25,H2-25,H2,25,sym,W9-10
,c7-bf-Snap-783.czi,1575.415,0,65535,Tentacle Area,0,Tentacle,H2-25,,n/a,C7-H2-25,H2-25,H2,25,sym,W9-10
,c7-fl-Snap-782.czi,914.632,1614,65535,Symbiont Area,58.057,Tentacle,H2-25,,58.05657557,C7-H2-25,H2-25,H2,25,sym,W9-10
,c7-bf-Snap-783.czi,4469.803,0,65535,Tentacle Area,0,Tentacle,H2-25,,n/a,C7-H2-25,H2-25,H2,25,sym,W9-10
,c7-fl-Snap-782.czi,1702.556,950,65535,Symbiont Area,38.09,Tentacle,H2-25,,38.09017981,C7-H2-25,H2-25,H2,25,sym,W9-10
,c7-bf-Snap-783.czi,2446.802,0,65535,Tentacle Area,0,Tentacle,H2-25,,n/a,C7-H2-25,H2-25,H2,25,sym,W9-10
,c7-fl-Snap-782.czi,1302.756,1403,65535,Symbiont Area,53.243,Tentacle,H2-25,,53.24321298,C7-H2-25,H2-25,H2,25,sym,W9-10
,c8-bf-Snap-785.czi,2479.885,0,65535,Tentacle Area,0,Tentacle,H2-25,,n/a,C8-H2-25,H2-25,H2,25,sym,W9-10
,c8-fl-Snap-784.czi,1289.133,1149,65535,Symbiont Area,51.984,Tentacle,H2-25,,51.98357988,C8-H2-25,H2-25,H2,25,sym,W9-10
,c8-bf-Snap-785.czi,8213.09,0,65535,Tentacle Area,0,Tentacle,H2-25,,n/a,C8-H2-25,H2-25,H2,25,sym,W9-10
,c8-fl-Snap-784.czi,2605.727,1034,65535,Symbiont Area,31.727,Tentacle,H2-25,,31.72651219,C8-H2-25,H2-25,H2,25,sym,W9-10
,c8-bf-Snap-785.czi,7714.259,0,65535,Tentacle Area,0,Tentacle,H2-25,,n/a,C8-H2-25,H2-25,H2,25,sym,W9-10
,c8-fl-Snap-784.czi,3659.176,1220,65535,Symbiont Area,47.434,Tentacle,H2-25,,47.43392722,C8-H2-25,H2-25,H2,25,sym,W9-10
,d1-bf-Snap-803.czi,2116.41,0,65535,Tentacle Area,0,Tentacle,H2-25,,n/a,D1-H2-25,H2-25,H2,25,sym,W9-10
,d1-fl-Snap-800.czi,745.76,772,65535,Symbiont Area,35.237,Tentacle,H2-25,,35.23702874,D1-H2-25,H2-25,H2,25,sym,W9-10
,d1-bf-Snap-803.czi,5987.919,0,65535,Tentacle Area,0,Body column,H2-25,,n/a,D1-H2-25,H2-25,H2,25,sym,W9-10
,d1-fl-Snap-800.czi,2813.52,838,65535,Symbiont Area,46.987,Body column,H2-25,,46.98660753,D1-H2-25,H2-25,H2,25,sym,W9-10
,d2-bf-Snap-799.czi,43663.179,0,65535,Tentacle Area,0,Pedal disc,H2-25,"Measured pedal disk, no tentacles present",n/a,D2-H2-25,H2-25,H2,25,sym,W9-10
,d2-fl-Snap-798.czi,12335.42,683,65535,Symbiont Area,28.251,Pedal disc,H2-25,,28.25130987,D2-H2-25,H2-25,H2,25,sym,W9-10
,d3-bf-Snap-797.czi,2996.878,0,65535,Tentacle Area,0,Tentacle,H2-25,,n/a,D3-H2-25,H2-25,H2,25,sym,W9-10
,d3-fl-Snap-796.czi,1436.383,1221,65535,Symbiont Area,47.929,Tentacle,H2-25,,47.92931177,D3-H2-25,H2-25,H2,25,sym,W9-10
,d3-bf-Snap-797.czi,854.954,0,65535,Tentacle Area,0,Tentacle,H2-25,,n/a,D3-H2-25,H2-25,H2,25,sym,W9-10
,d3-fl-Snap-796.czi,505.102,1433,65535,Symbiont Area,59.079,Tentacle,H2-25,,59.07943585,D3-H2-25,H2-25,H2,25,sym,W9-10
,d3-bf-Snap-797.czi,2175.872,0,65535,Tentacle Area,0,Tentacle,H2-25,,n/a,D3-H2-25,H2-25,H2,25,sym,W9-10
,d3-fl-Snap-796.czi,917.01,1249,65535,Symbiont Area,42.144,Tentacle,H2-25,,42.14448276,D3-H2-25,H2-25,H2,25,sym,W9-10
,d3-bf-Snap-797.czi,2125.059,0,65535,Tentacle Area,0,Tentacle,H2-25,,n/a,D3-H2-25,H2-25,H2,25,sym,W9-10
,d3-fl-Snap-796.czi,1254.97,1575,65535,Symbiont Area,59.056,Tentacle,H2-25,,59.0557721,D3-H2-25,H2-25,H2,25,sym,W9-10
,d4-bf-Snap-795.czi,2223.225,0,65535,Tentacle Area,0,Tentacle,H2-25,,n/a,D4-H2-25,H2-25,H2,25,sym,W9-10
,d4-fl-Snap-794.czi,1157.669,1348,65535,Symbiont Area,52.072,Tentacle,H2-25,,52.07160769,D4-H2-25,H2-25,H2,25,sym,W9-10
,d4-bf-Snap-795.czi,726.732,0,65535,Tentacle Area,0,Tentacle,H2-25,,n/a,D4-H2-25,H2-25,H2,25,sym,W9-10
,d4-fl-Snap-794.czi,425.098,1287,65535,Symbiont Area,58.494,Tentacle,H2-25,,58.49446564,D4-H2-25,H2-25,H2,25,sym,W9-10
,d4-bf-Snap-795.czi,3370.732,0,65535,Tentacle Area,0,Tentacle,H2-25,,n/a,D4-H2-25,H2-25,H2,25,sym,W9-10
,d4-fl-Snap-794.czi,1614.336,1030,65535,Symbiont Area,47.893,Tentacle,H2-25,,47.89274259,D4-H2-25,H2-25,H2,25,sym,W9-10
,d4-bf-Snap-795.czi,2006.352,0,65535,Tentacle Area,0,Tentacle,H2-25,,n/a,D4-H2-25,H2-25,H2,25,sym,W9-10
,d4-fl-Snap-794.czi,1010.636,1621,65535,Symbiont Area,50.372,Tentacle,H2-25,,50.3718191,D4-H2-25,H2-25,H2,25,sym,W9-10
,d4-bf-Snap-795.czi,3049.205,0,65535,Tentacle Area,0,Tentacle,H2-25,,n/a,D4-H2-25,H2-25,H2,25,sym,W9-10
,d4-fl-Snap-794.czi,1688.933,1166,65535,Symbiont Area,55.389,Tentacle,H2-25,,55.38929,D4-H2-25,H2-25,H2,25,sym,W9-10
,d5-bf-Snap-793.czi,10589.836,0,65535,Tentacle Area,0,Tentacle,H2-25,,n/a,D5-H2-25,H2-25,H2,25,sym,W9-10
,d5-fl-Snap-792.czi,4492.291,573,65535,Symbiont Area,42.421,Tentacle,H2-25,,42.4207797,D5-H2-25,H2-25,H2,25,sym,W9-10
,d5-bf-Snap-793.czi,7227.969,0,65535,Tentacle Area,0,Tentacle,H2-25,,n/a,D5-H2-25,H2-25,H2,25,sym,W9-10
,d5-fl-Snap-792.czi,2784.329,734,65535,Symbiont Area,38.522,Tentacle,H2-25,,38.52159576,D5-H2-25,H2-25,H2,25,sym,W9-10
,d5-bf-Snap-793.czi,25481.035,0,65535,Tentacle Area,0,Body column,H2-25,,n/a,D5-H2-25,H2-25,H2,25,sym,W9-10
,d5-fl-Snap-792.czi,9242.97,631,65535,Symbiont Area,36.274,Body column,H2-25,,36.27391901,D5-H2-25,H2-25,H2,25,sym,W9-10
,d6-bf-Snap-791.czi,7057.584,0,65535,Tentacle Area,0,Tentacle,H2-25,,n/a,D6-H2-25,H2-25,H2,25,sym,W9-10
,d6-fl-Snap-790.czi,2772.437,1139,65535,Symbiont Area,39.283,Tentacle,H2-25,,39.28308894,D6-H2-25,H2-25,H2,25,sym,W9-10
,d6-bf-Snap-791.czi,16940.364,0,65535,Tentacle Area,0,Tentacle,H2-25,,n/a,D6-H2-25,H2-25,H2,25,sym,W9-10
,d6-fl-Snap-790.czi,5317.838,938,65535,Symbiont Area,31.392,Tentacle,H2-25,,31.39152146,D6-H2-25,H2-25,H2,25,sym,W9-10
,d6-bf-Snap-791.czi,4127.519,0,65535,Tentacle Area,0,Tentacle,H2-25,,n/a,D6-H2-25,H2-25,H2,25,sym,W9-10
,d6-fl-Snap-790.czi,2200.306,1018,65535,Symbiont Area,53.308,Tentacle,H2-25,,53.30819798,D6-H2-25,H2-25,H2,25,sym,W9-10
,d6-bf-Snap-791.czi,25743.316,0,65535,Tentacle Area,0,Body column,H2-25,,n/a,D6-H2-25,H2-25,H2,25,sym,W9-10
,d6-fl-Snap-790.czi,8750.626,603,65535,Symbiont Area,33.992,Body column,H2-25,,33.99183695,D6-H2-25,H2-25,H2,25,sym,W9-10
,d7-bf-Snap-789.czi,10273.282,0,65535,Tentacle Area,0,Tentacle,H2-25,,n/a,D7-H2-25,H2-25,H2,25,sym,W9-10
,d7-fl-Snap-788.czi,3680.149,695,65535,Symbiont Area,35.823,Tentacle,H2-25,,35.82252488,D7-H2-25,H2-25,H2,25,sym,W9-10
,d7-bf-Snap-789.czi,5354.38,0,65535,Tentacle Area,0,Tentacle,H2-25,,n/a,D7-H2-25,H2-25,H2,25,sym,W9-10
,d7-fl-Snap-788.czi,2493.723,707,65535,Symbiont Area,46.574,Tentacle,H2-25,,46.57351551,D7-H2-25,H2-25,H2,25,sym,W9-10
,d7-bf-Snap-789.czi,6654.757,0,65535,Tentacle Area,0,Tentacle,H2-25,,n/a,D7-H2-25,H2-25,H2,25,sym,W9-10
,d7-fl-Snap-788.czi,2063.435,536,65535,Symbiont Area,31.007,Tentacle,H2-25,,31.00691731,D7-H2-25,H2-25,H2,25,sym,W9-10
,d8-fl/bf-SNAP-786/787.czi,,,,,,,H2-25,"not alive, not imaged ",REMOVED,D8-H2-25,H2-25,H2,25,sym,W9-10
,e1-bf-Snap-805.czi,1249.78,0,65535,Tentacle Area,31.007,Tentacle,H2-25,,n/a,E1-H2-25,H2-25,H2,25,sym,W9-10
,e1-fl-Snap-804.czi,684.785,1785,65535,Symbiont Area,54.792,Tentacle,H2-25,,54.79244347,E1-H2-25,H2-25,H2,25,sym,W9-10
,e1-bf-Snap-805.czi,891.928,0,65535,Tentacle Area,0,Tentacle,H2-25,,n/a,E1-H2-25,H2-25,H2,25,sym,W9-10
,e1-fl-Snap-804.czi,447.802,2031,65535,Symbiont Area,50.206,Tentacle,H2-25,,50.20607045,E1-H2-25,H2-25,H2,25,sym,W9-10
,e1-bf-Snap-805.czi,8802.304,0,65535,Tentacle Area,0,Body column,H2-25,,n/a,E1-H2-25,H2-25,H2,25,sym,W9-10
,e1-fl-Snap-804.czi,2415.666,554,65535,Symbiont Area,27.444,Body column,H2-25,,27.44356478,E1-H2-25,H2-25,H2,25,sym,W9-10
,e2-bf-Snap-807.czi,3791.289,0,65535,Tentacle Area,0,Tentacle,H2-25,,n/a,E2-H2-25,H2-25,H2,25,sym,W9-10
,e2-fl-Snap-806.czi,1994.676,1392,65535,Symbiont Area,52.612,Tentacle,H2-25,,52.61207995,E2-H2-25,H2-25,H2,25,sym,W9-10
,e2-bf-Snap-807.czi,883.279,0,65535,Tentacle Area,0,Tentacle,H2-25,,n/a,E2-H2-25,H2-25,H2,25,sym,W9-10
,e2-fl-Snap-806.czi,541.644,1332,65535,Symbiont Area,61.322,Tentacle,H2-25,,61.32196056,E2-H2-25,H2-25,H2,25,sym,W9-10
,e2-bf-Snap-807.czi,1192.697,0,65535,Tentacle Area,0,Tentacle,H2-25,,n/a,E2-H2-25,H2-25,H2,25,sym,W9-10
,e2-fl-Snap-806.czi,656.459,1736,65535,Symbiont Area,55.04,Tentacle,H2-25,,55.0398802,E2-H2-25,H2-25,H2,25,sym,W9-10
,e2-bf-Snap-807.czi,1289.35,0,65535,Tentacle Area,0,Tentacle,H2-25,,n/a,E2-H2-25,H2-25,H2,25,sym,W9-10
,e2-fl-Snap-806.czi,810.844,1496,65535,Symbiont Area,62.888,Tentacle,H2-25,,62.88781169,E2-H2-25,H2-25,H2,25,sym,W9-10
,e2-bf-Snap-807.czi,1004.798,0,65535,Tentacle Area,0,Tentacle,H2-25,,n/a,E2-H2-25,H2-25,H2,25,sym,W9-10
,e2-fl-Snap-806.czi,483.263,1392,65535,Symbiont Area,48.096,Tentacle,H2-25,,48.09553761,E2-H2-25,H2-25,H2,25,sym,W9-10
,e2-fl-Snap-806.czi,226728.346,0,65535,Tentacle Area,0,Tentacle,H2-25,Too big REMOVED,REMOVED,E2-H2-25,H2-25,H2,25,sym,W9-10
,e2-fl-Snap-806.czi,683.703,1092,65535,Symbiont Area,0.302,Tentacle,H2-25,Too big REMOVED,REMOVED,E2-H2-25,H2-25,H2,25,sym,W9-10
,e3-bf-Snap-809.czi,7536.739,0,65535,Tentacle Area,0,Tentacle,H2-25,,n/a,E3-H2-25,H2-25,H2,25,sym,W9-10
,e3-fl-Snap-808.czi,3562.523,1477,65535,Symbiont Area,47.269,Tentacle,H2-25,,47.26875907,E3-H2-25,H2-25,H2,25,sym,W9-10
,e3-bf-Snap-809.czi,2106.248,0,65535,Tentacle Area,0,Tentacle,H2-25,,n/a,E3-H2-25,H2-25,H2,25,sym,W9-10
,e3-fl-Snap-808.czi,1071.179,1024,65535,Symbiont Area,50.857,Tentacle,H2-25,,50.8572115,E3-H2-25,H2-25,H2,25,sym,W9-10
,e3-bf-Snap-809.czi,1456.059,0,65535,Tentacle Area,0,Tentacle,H2-25,,n/a,E3-H2-25,H2-25,H2,25,sym,W9-10
,e3-fl-Snap-808.czi,821.223,775,65535,Symbiont Area,56.4,Tentacle,H2-25,,56.40039312,E3-H2-25,H2-25,H2,25,sym,W9-10
,e3-bf-Snap-809.czi,9497.251,0,65535,Tentacle Area,0,Body column,H2-25,,n/a,E3-H2-25,H2-25,H2,25,sym,W9-10
,e3-fl-Snap-808.czi,3375.705,424,65535,Symbiont Area,35.544,Body column,H2-25,,35.54402216,E3-H2-25,H2-25,H2,25,sym,W9-10
,e4-bf-Snap-811.czi,6872.063,0,65535,Tentacle Area,0,Tentacle,H2-25,,n/a,E4-H2-25,H2-25,H2,25,sym,W9-10
,e4-fl-Snap-810.czi,3001.852,1097,65535,Symbiont Area,43.682,Tentacle,H2-25,,43.68196275,E4-H2-25,H2-25,H2,25,sym,W9-10
,e4-bf-Snap-811.czi,12675.758,0,65535,Tentacle Area,0,Tentacle,H2-25,,n/a,E4-H2-25,H2-25,H2,25,sym,W9-10
,e4-fl-Snap-810.czi,3698.529,541,65535,Symbiont Area,29.178,Tentacle,H2-25,,29.17797105,E4-H2-25,H2-25,H2,25,sym,W9-10
,e5-bf-Snap-813.czi,4777.491,0,65535,Tentacle Area,0,Tentacle,H2-25,,n/a,E5-H2-25,H2-25,H2,25,sym,W9-10
,e5-fl-Snap-812.czi,1565.685,1045,65535,Symbiont Area,32.772,Tentacle,H2-25,,32.77211825,E5-H2-25,H2-25,H2,25,sym,W9-10
,e5-bf-Snap-813.czi,7515.332,0,65535,Tentacle Area,0,Tentacle,H2-25,,n/a,E5-H2-25,H2-25,H2,25,sym,W9-10
,e5-fl-Snap-812.czi,2759.463,591,65535,Symbiont Area,36.718,Tentacle,H2-25,,36.71777907,E5-H2-25,H2-25,H2,25,sym,W9-10
,e5-bf-Snap-813.czi,8812.25,0,65535,Tentacle Area,0,Tentacle,H2-25,,n/a,E5-H2-25,H2-25,H2,25,sym,W9-10
,e5-fl-Snap-812.czi,3011.366,818,65535,Symbiont Area,34.172,Tentacle,H2-25,,34.17249851,E5-H2-25,H2-25,H2,25,sym,W9-10
,e6-bf-Snap-815.czi,2622.809,0,65535,Tentacle Area,0,Tentacle,H2-25,,n/a,E6-H2-25,H2-25,H2,25,sym,W9-10
,e6-fl-Snap-814.czi,1196.373,1144,65535,Symbiont Area,45.614,Tentacle,H2-25,,45.61418693,E6-H2-25,H2-25,H2,25,sym,W9-10
,e6-bf-Snap-815.czi,3653.554,0,65535,Tentacle Area,0,Tentacle,H2-25,,n/a,E6-H2-25,H2-25,H2,25,sym,W9-10
,e6-fl-Snap-814.czi,1561.577,1062,65535,Symbiont Area,42.741,Tentacle,H2-25,,42.74131435,E6-H2-25,H2-25,H2,25,sym,W9-10
,e6-bf-Snap-815.czi,5500.764,0,65535,Tentacle Area,0,Tentacle,H2-25,,n/a,E6-H2-25,H2-25,H2,25,sym,W9-10
,e6-fl-Snap-814.czi,1707.313,681,65535,Symbiont Area,31.038,Tentacle,H2-25,,31.03774312,E6-H2-25,H2-25,H2,25,sym,W9-10
,e6-bf-Snap-815.czi,1697.15,0,65535,Tentacle Area,0,Tentacle,H2-25,,n/a,E6-H2-25,H2-25,H2,25,sym,W9-10
,e6-fl-Snap-814.czi,705.326,1157,65535,Symbiont Area,41.559,Tentacle,H2-25,,41.55943788,E6-H2-25,H2-25,H2,25,sym,W9-10
,e7-bf-Snap-817.czi,2460.64,0,65535,Tentacle Area,0,Tentacle,H2-25,,n/a,E7-H2-25,H2-25,H2,25,sym,W9-10
,e7-fl-Snap-816.czi,1585.362,1169,65535,Symbiont Area,64.429,Tentacle,H2-25,,64.42884778,E7-H2-25,H2-25,H2,25,sym,W9-10
,e7-bf-Snap-817.czi,6703.191,0,65535,Tentacle Area,0,Tentacle,H2-25,,n/a,E7-H2-25,H2-25,H2,25,sym,W9-10
,e7-fl-Snap-816.czi,3187.373,927,65535,Symbiont Area,47.55,Tentacle,H2-25,,47.55008473,E7-H2-25,H2-25,H2,25,sym,W9-10
,e7-bf-Snap-817.czi,5098.802,0,65535,Tentacle Area,0,Tentacle,H2-25,,n/a,E7-H2-25,H2-25,H2,25,sym,W9-10
,e7-fl-Snap-816.czi,2124.627,1212,65535,Symbiont Area,41.669,Tentacle,H2-25,,41.6691411,E7-H2-25,H2-25,H2,25,sym,W9-10
,e7-bf-Snap-817.czi,2496.966,0,65535,Tentacle Area,0,Tentacle,H2-25,,n/a,E7-H2-25,H2-25,H2,25,sym,W9-10
,e7-fl-Snap-816.czi,1520.062,1411,65535,Symbiont Area,60.876,Tentacle,H2-25,,60.87635955,E7-H2-25,H2-25,H2,25,sym,W9-10
,e8-bf-Snap-819.czi,2354.258,0,65535,Tentacle Area,60.876,Tentacle,H2-25,,n/a,E8-H2-25,H2-25,H2,25,sym,W9-10
,e8-fl-Snap-818.czi,1349.46,1287,65535,Symbiont Area,57.32,Tentacle,H2-25,,57.31997088,E8-H2-25,H2-25,H2,25,sym,W9-10
,e8-bf-Snap-819.czi,6005.001,0,65535,Tentacle Area,0,Body column,H2-25,,n/a,E8-H2-25,H2-25,H2,25,sym,W9-10
,e8-fl-Snap-818.czi,2261.713,858,65535,Symbiont Area,37.664,Body column,H2-25,,37.66382387,E8-H2-25,H2-25,H2,25,sym,W9-10
,f1-bf-Snap-835.czi,3120.127,0,65535,Tentacle Area,0,Tentacle,H2-25,,n/a,F1-H2-25,H2-25,H2,25,sym,W9-10
,f1-fl-Snap-834.czi,1810.668,1242,65535,Symbiont Area,58.032,Tentacle,H2-25,,58.03186857,F1-H2-25,H2-25,H2,25,sym,W9-10
,f1-bf-Snap-835.czi,628.999,0,65535,Tentacle Area,0,Tentacle,H2-25,,n/a,F1-H2-25,H2-25,H2,25,sym,W9-10
,f1-fl-Snap-834.czi,385.313,1302,65535,Symbiont Area,61.258,Tentacle,H2-25,,61.25812601,F1-H2-25,H2-25,H2,25,sym,W9-10
,f1-bf-Snap-835.czi,2486.804,0,65535,Tentacle Area,0,Tentacle,H2-25,,n/a,F1-H2-25,H2-25,H2,25,sym,W9-10
,f1-fl-Snap-834.czi,1375.623,1632,65535,Symbiont Area,55.317,Tentacle,H2-25,,55.31690475,F1-H2-25,H2-25,H2,25,sym,W9-10
,f1-bf-Snap-835.czi,2134.573,0,65535,Tentacle Area,0,Tentacle,H2-25,,n/a,F1-H2-25,H2-25,H2,25,sym,W9-10
,f1-fl-Snap-834.czi,1534.333,1512,65535,Symbiont Area,71.88,Tentacle,H2-25,,71.8800903,F1-H2-25,H2-25,H2,25,sym,W9-10
,f1-bf-Snap-835.czi,1158.75,0,65535,Tentacle Area,0,Tentacle,H2-25,,n/a,F1-H2-25,H2-25,H2,25,sym,W9-10
,f1-fl-Snap-834.czi,826.196,1557,65535,Symbiont Area,71.301,Tentacle,H2-25,,71.30062567,F1-H2-25,H2-25,H2,25,sym,W9-10
,f2-bf-Snap-833.czi,1696.069,0,65535,Tentacle Area,0,Tentacle,H2-25,,n/a,F2-H2-25,H2-25,H2,25,sym,W9-10
,f2-fl-Snap-832.czi,1200.697,1158,65535,Symbiont Area,70.793,Tentacle,H2-25,,70.79293354,F2-H2-25,H2-25,H2,25,sym,W9-10
,f2-bf-Snap-833.czi,3248.564,0,65535,Tentacle Area,0,Tentacle,H2-25,,n/a,F2-H2-25,H2-25,H2,25,sym,W9-10
,f2-fl-Snap-832.czi,2113.167,1382,65535,Symbiont Area,65.049,Tentacle,H2-25,,65.04926484,F2-H2-25,H2-25,H2,25,sym,W9-10
,f2-bf-Snap-833.czi,2258.038,0,65535,Tentacle Area,0,Tentacle,H2-25,,n/a,F2-H2-25,H2-25,H2,25,sym,W9-10
,f2-fl-Snap-832.czi,1616.282,1347,65535,Symbiont Area,71.579,Tentacle,H2-25,,71.5790434,F2-H2-25,H2-25,H2,25,sym,W9-10
,f3-bf-Snap-831.czi,3362.083,0,65535,Tentacle Area,0,Tentacle,H2-25,only 1 tentacle clearly visible,n/a,F3-H2-25,H2-25,H2,25,sym,W9-10
,f3-fl-Snap-830.czi,1758.774,1128,65535,Symbiont Area,52.312,Tentacle,H2-25,,52.31203394,F3-H2-25,H2-25,H2,25,sym,W9-10
,f4-bf-Snap-829.czi,27442.628,0,65535,Tentacle Area,0,Body column,H2-25,no tentacles present,n/a,F4-H2-25,H2-25,H2,25,sym,W9-10
,f4-fl-Snap-828.czi,6189.441,294,65535,Symbiont Area,22.554,Body column,H2-25,,22.5541118,F4-H2-25,H2-25,H2,25,sym,W9-10
,f5-bf-Snap-827.czi,1636.175,0,65535,Tentacle Area,0,Tentacle,H2-25,,n/a,F5-H2-25,H2-25,H2,25,sym,W9-10
,f5-fl-Snap-826.czi,806.087,1506,65535,Symbiont Area,49.267,Tentacle,H2-25,,49.26655156,F5-H2-25,H2-25,H2,25,sym,W9-10
,f5-bf-Snap-827.czi,1745.801,0,65535,Tentacle Area,0,Tentacle,H2-25,,n/a,F5-H2-25,H2-25,H2,25,sym,W9-10
,f5-fl-Snap-826.czi,1165.02,1269,65535,Symbiont Area,66.733,Tentacle,H2-25,,66.73269176,F5-H2-25,H2-25,H2,25,sym,W9-10
,f6-bf-Snap-825.czi,2046.353,0,65535,Tentacle Area,0,Tentacle,H2-25,,n/a,F6-H2-25,H2-25,H2,25,sym,W9-10
,f6-fl-Snap-824.czi,1130.424,1174,65535,Symbiont Area,55.241,Tentacle,H2-25,,55.24090907,F6-H2-25,H2-25,H2,25,sym,W9-10
,f6-bf-Snap-825.czi,6072.679,0,65535,Tentacle Area,0,Tentacle,H2-25,,n/a,F6-H2-25,H2-25,H2,25,sym,W9-10
,f6-fl-Snap-824.czi,2642.486,783,65535,Symbiont Area,43.514,Tentacle,H2-25,,43.51433692,F6-H2-25,H2-25,H2,25,sym,W9-10
,f6-bf-Snap-825.czi,9037.34,0,65535,Tentacle Area,0,Tentacle,H2-25,,n/a,F6-H2-25,H2-25,H2,25,sym,W9-10
,f6-fl-Snap-824.czi,2587.997,1114,65535,Symbiont Area,28.637,Tentacle,H2-25,,28.63671169,F6-H2-25,H2-25,H2,25,sym,W9-10
,f6-bf-Snap-825.czi,770.193,0,65535,Tentacle Area,0,Tentacle,H2-25,,n/a,F6-H2-25,H2-25,H2,25,sym,W9-10
,f6-fl-Snap-824.czi,533.211,1279,65535,Symbiont Area,69.231,Tentacle,H2-25,,69.23082916,F6-H2-25,H2-25,H2,25,sym,W9-10
,f6-bf-Snap-825.czi,1553.144,0,65535,Tentacle Area,0,Tentacle,H2-25,,n/a,F6-H2-25,H2-25,H2,25,sym,W9-10
,f6-fl-Snap-824.czi,637.864,948,65535,Symbiont Area,41.069,Tentacle,H2-25,,41.06921187,F6-H2-25,H2-25,H2,25,sym,W9-10
,f7-bf-Snap-823.czi,2392.962,0,65535,Tentacle Area,0,Tentacle,H2-25,,n/a,F7-H2-25,H2-25,H2,25,sym,W9-10
,f7-fl-Snap-822.czi,1743.855,1246,65535,Symbiont Area,72.874,Tentacle,H2-25,,72.87432897,F7-H2-25,H2-25,H2,25,sym,W9-10
,f7-bf-Snap-823.czi,3737.665,0,65535,Tentacle Area,0,Tentacle,H2-25,,n/a,F7-H2-25,H2-25,H2,25,sym,W9-10
,f7-fl-Snap-822.czi,1677.906,920,65535,Symbiont Area,44.892,Tentacle,H2-25,,44.89182417,F7-H2-25,H2-25,H2,25,sym,W9-10
,f7-bf-Snap-823.czi,4650.351,0,65535,Tentacle Area,0,Tentacle,H2-25,,n/a,F7-H2-25,H2-25,H2,25,sym,W9-10
,f7-fl-Snap-822.czi,2161.818,1232,65535,Symbiont Area,46.487,Tentacle,H2-25,,46.48720064,F7-H2-25,H2-25,H2,25,sym,W9-10
,f7-bf-Snap-823.czi,1633.796,0,65535,Tentacle Area,0,Tentacle,H2-25,,n/a,F7-H2-25,H2-25,H2,25,sym,W9-10
,f7-fl-Snap-822.czi,915.497,1246,65535,Symbiont Area,56.035,Tentacle,H2-25,,56.03496397,F7-H2-25,H2-25,H2,25,sym,W9-10
,f8-bf-Snap-821.czi,2739.355,0,65535,Tentacle Area,0,Tentacle,H2-25,,n/a,F8-H2-25,H2-25,H2,25,sym,W9-10
,f8-fl-Snap-820.czi,1773.91,1538,65535,Symbiont Area,64.756,Tentacle,H2-25,,64.75648465,F8-H2-25,H2-25,H2,25,sym,W9-10
,f8-bf-Snap-821.czi,4261.579,0,65535,Tentacle Area,0,Tentacle,H2-25,,n/a,F8-H2-25,H2-25,H2,25,sym,W9-10
,f8-fl-Snap-820.czi,2780.221,1157,65535,Symbiont Area,65.239,Tentacle,H2-25,,65.23922236,F8-H2-25,H2-25,H2,25,sym,W9-10
,f8-bf-Snap-821.czi,2339.987,0,65535,Tentacle Area,0,Tentacle,H2-25,,n/a,F8-H2-25,H2-25,H2,25,sym,W9-10
,f8-fl-Snap-820.czi,1486.331,1097,65535,Symbiont Area,63.519,Tentacle,H2-25,,63.51877169,F8-H2-25,H2-25,H2,25,sym,W9-10
328,a1-bf-Snap-637.czi,9488.385,0,65535,Tentacle Area,0,Tentacle,H2-32,,n/a,A1-H2-32,H2-32,H2,32,sym,W9-10
329,a1-fl-Snap-636.czi,1234.212,1073,65535,Symbiont Area,13.008,Tentacle,H2-32,,13.00760878,A1-H2-32,H2-32,H2,32,sym,W9-10
330,a1-bf-Snap-637.czi,2767.031,0,65535,Tentacle Area,0,Tentacle,H2-32,,n/a,A1-H2-32,H2-32,H2,32,sym,W9-10
331,a1-fl-Snap-636.czi,484.56,1026,65535,Symbiont Area,17.512,Tentacle,H2-32,,17.51191078,A1-H2-32,H2-32,H2,32,sym,W9-10
332,a1-bf-Snap-637.czi,2217.604,0,65535,Tentacle Area,0,Tentacle,H2-32,,n/a,A1-H2-32,H2-32,H2,32,sym,W9-10
333,a1-fl-Snap-636.czi,291.904,1104,65535,Symbiont Area,13.163,Tentacle,H2-32,,13.16303542,A1-H2-32,H2-32,H2,32,sym,W9-10
334,a1-bf-Snap-637.czi,31829.617,0,65535,Tentacle Area,0,Body column,H2-32,,n/a,A1-H2-32,H2-32,H2,32,sym,W9-10
335,a1-fl-Snap-636.czi,254.929,808,65535,Symbiont Area,0.801,Body column,H2-32,,0.8009175857,A1-H2-32,H2-32,H2,32,sym,W9-10
336,a2-bf-Snap-639.czi,1813.263,0,65535,Tentacle Area,0,Tentacle,H2-32,,n/a,A2-H2-32,H2-32,H2,32,sym,W9-10
337,a2-fl-Snap-638.czi,391.8,1002,65535,Symbiont Area,21.607,Tentacle,H2-32,,21.60745573,A2-H2-32,H2-32,H2,32,sym,W9-10
338,a2-bf-Snap-639.czi,3359.272,0,65535,Tentacle Area,0,Tentacle,H2-32,,n/a,A2-H2-32,H2-32,H2,32,sym,W9-10
339,a2-fl-Snap-638.czi,610.187,1127,65535,Symbiont Area,18.164,Tentacle,H2-32,,18.16426297,A2-H2-32,H2-32,H2,32,sym,W9-10
340,a2-bf-Snap-639.czi,2175.44,0,65535,Tentacle Area,0,Tentacle,H2-32,,n/a,A2-H2-32,H2-32,H2,32,sym,W9-10
341,a2-fl-Snap-638.czi,475.695,1033,65535,Symbiont Area,21.867,Tentacle,H2-32,,21.86661089,A2-H2-32,H2-32,H2,32,sym,W9-10
342,a2-bf-Snap-639.czi,1740.179,0,65535,Tentacle Area,0,Tentacle,H2-32,,n/a,A2-H2-32,H2-32,H2,32,sym,W9-10
343,a2-fl-Snap-638.czi,463.586,955,65535,Symbiont Area,26.64,Tentacle,H2-32,,26.640133,A2-H2-32,H2-32,H2,32,sym,W9-10
344,a2-bf-Snap-639.czi,808.249,0,65535,Tentacle Area,0,Tentacle,H2-32,,n/a,A2-H2-32,H2-32,H2,32,sym,W9-10
345,a2-fl-Snap-638.czi,80.436,830,65535,Symbiont Area,9.952,Tentacle,H2-32,,9.95188364,A2-H2-32,H2-32,H2,32,sym,W9-10
346,a3-bf-Snap-641.czi,3390.624,0,65535,Tentacle Area,0,Tentacle,H2-32,,n/a,A3-H2-32,H2-32,H2,32,sym,W9-10
347,a3-fl-Snap-640.czi,685.001,541,65535,Symbiont Area,20.203,Tentacle,H2-32,,20.20280043,A3-H2-32,H2-32,H2,32,sym,W9-10
348,a3-bf-Snap-641.czi,4014.65,0,65535,Tentacle Area,0,Tentacle,H2-32,,n/a,A3-H2-32,H2-32,H2,32,sym,W9-10
349,a3-fl-Snap-640.czi,1014.311,1114,65535,Symbiont Area,25.265,Tentacle,H2-32,,25.26524105,A3-H2-32,H2-32,H2,32,sym,W9-10
350,a3-bf-Snap-641.czi,1553.577,0,65535,Tentacle Area,0,Tentacle,H2-32,,n/a,A3-H2-32,H2-32,H2,32,sym,W9-10
351,a3-fl-Snap-640.czi,518.724,1392,65535,Symbiont Area,33.389,Tentacle,H2-32,,33.38901129,A3-H2-32,H2-32,H2,32,sym,W9-10
352,a3-bf-Snap-641.czi,4414.233,0,65535,Tentacle Area,0,Tentacle,H2-32,,n/a,A3-H2-32,H2-32,H2,32,sym,W9-10
353,a3-fl-Snap-640.czi,967.174,1114,65535,Symbiont Area,21.91,Tentacle,H2-32,,21.91035226,A3-H2-32,H2-32,H2,32,sym,W9-10
354,a4-bf-Snap-643.czi,1201.346,0,65535,Tentacle Area,0,Tentacle,H2-32,,n/a,A4-H2-32,H2-32,H2,32,sym,W9-10
355,a4-fl-Snap-642.czi,457.532,1612,65535,Symbiont Area,38.085,Tentacle,H2-32,,38.08494805,A4-H2-32,H2-32,H2,32,sym,W9-10
356,a4-bf-Snap-643.czi,3460.681,0,65535,Tentacle Area,0,Tentacle,H2-32,,n/a,A4-H2-32,H2-32,H2,32,sym,W9-10
357,a4-fl-Snap-642.czi,695.596,1033,65535,Symbiont Area,20.1,Tentacle,H2-32,,20.09997454,A4-H2-32,H2-32,H2,32,sym,W9-10
358,a4-bf-Snap-643.czi,1655.419,0,65535,Tentacle Area,0,Tentacle,H2-32,,n/a,A4-H2-32,H2-32,H2,32,sym,W9-10
359,a4-fl-Snap-642.czi,333.635,1002,65535,Symbiont Area,20.154,Tentacle,H2-32,,20.15411204,A4-H2-32,H2-32,H2,32,sym,W9-10
360,a5-bf-Snap-645.czi,693.65,0,65535,Tentacle Area,0,Tentacle,H2-32,,n/a,A5-H2-32,H2-32,H2,32,sym,W9-10
361,a5-fl-Snap-644.czi,237.199,1397,65535,Symbiont Area,34.196,Tentacle,H2-32,,34.19577597,A5-H2-32,H2-32,H2,32,sym,W9-10
362,a5-bf-Snap-645.czi,2151.006,0,65535,Tentacle Area,0,Tentacle,H2-32,,n/a,A5-H2-32,H2-32,H2,32,sym,W9-10
363,a5-fl-Snap-644.czi,569.753,1224,65535,Symbiont Area,26.488,Tentacle,H2-32,,26.48774573,A5-H2-32,H2-32,H2,32,sym,W9-10
364,a5-bf-Snap-645.czi,3450.086,0,65535,Tentacle Area,0,Tentacle,H2-32,,n/a,A5-H2-32,H2-32,H2,32,sym,W9-10
365,a5-fl-Snap-644.czi,843.71,958,65535,Symbiont Area,24.455,Tentacle,H2-32,,24.45475272,A5-H2-32,H2-32,H2,32,sym,W9-10
366,a5-bf-Snap-645.czi,883.712,0,65535,Tentacle Area,0,Tentacle,H2-32,,n/a,A5-H2-32,H2-32,H2,32,sym,W9-10
367,a5-fl-Snap-644.czi,256.01,1052,65535,Symbiont Area,28.97,Tentacle,H2-32,,28.96984538,A5-H2-32,H2-32,H2,32,sym,W9-10
368,a6-bf-Snap-647.czi,2284.85,0,65535,Tentacle Area,0,Tentacle,H2-32,,n/a,A6-H2-32,H2-32,H2,32,sym,W9-10
369,a6-fl-Snap-646.czi,763.49,1134,65535,Symbiont Area,33.415,Tentacle,H2-32,,33.41532267,A6-H2-32,H2-32,H2,32,sym,W9-10
370,a6-bf-Snap-647.czi,906.415,0,65535,Tentacle Area,0,Tentacle,H2-32,,n/a,A6-H2-32,H2-32,H2,32,sym,W9-10
371,a6-fl-Snap-646.czi,348.338,1387,65535,Symbiont Area,38.43,Tentacle,H2-32,,38.43029959,A6-H2-32,H2-32,H2,32,sym,W9-10
372,a6-bf-Snap-647.czi,5492.764,0,65535,Tentacle Area,0,Body column,H2-32,,n/a,A6-H2-32,H2-32,H2,32,sym,W9-10
373,a6-fl-Snap-646.czi,1340.811,1180,65535,Symbiont Area,24.411,Body column,H2-32,,24.41049716,A6-H2-32,H2-32,H2,32,sym,W9-10
374,a7-bf-Snap-649.czi,1822.561,0,65535,Tentacle Area,24.411,Tentacle,H2-32,,n/a,A7-H2-32,H2-32,H2,32,sym,W9-10
375,a7-fl-Snap-648.czi,368.664,789,65535,Symbiont Area,20.228,Tentacle,H2-32,,20.22780033,A7-H2-32,H2-32,H2,32,sym,W9-10
376,a7-bf-Snap-649.czi,2920.335,0,65535,Tentacle Area,0,Tentacle,H2-32,,n/a,A7-H2-32,H2-32,H2,32,sym,W9-10
377,a7-fl-Snap-648.czi,1002.203,626,65535,Symbiont Area,34.318,Tentacle,H2-32,,34.31808337,A7-H2-32,H2-32,H2,32,sym,W9-10
378,a7-bf-Snap-649.czi,1534.765,0,65535,Tentacle Area,0,Tentacle,H2-32,,n/a,A7-H2-32,H2-32,H2,32,sym,W9-10
379,a7-fl-Snap-648.czi,330.824,827,65535,Symbiont Area,21.555,Tentacle,H2-32,,21.55535212,A7-H2-32,H2-32,H2,32,sym,W9-10
380,a7-bf-Snap-649.czi,1598.768,0,65535,Tentacle Area,0,Tentacle,H2-32,,n/a,A7-H2-32,H2-32,H2,32,sym,W9-10
381,a7-fl-Snap-648.czi,355.041,651,65535,Symbiont Area,22.207,Tentacle,H2-32,,22.20716201,A7-H2-32,H2-32,H2,32,sym,W9-10
REMOVE,a8-bf/fl-SNAP-650/653.czi,REMOVE,REMOVE,REMOVE,REMOVE,REMOVE,REMOVE,H2-32,"Animal has moved, cannot image ",REMOVED,A8-H2-32,H2-32,H2,32,sym,W9-10
383,b1-bf-Snap-669.czi,2014.136,0,65535,Tentacle Area,0,Tentacle,H2-32,"2 animals in image, 1 on right clearly visibile which was measured",n/a,B1-H2-32,H2-32,H2,32,sym,W9-10
384,b1-fl-Snap-668.czi,847.17,1708,65535,Symbiont Area,42.061,Tentacle,H2-32,,42.06121136,B1-H2-32,H2-32,H2,32,sym,W9-10
385,b1-bf-Snap-669.czi,2824.331,0,65535,Tentacle Area,0,Tentacle,H2-32,,n/a,B1-H2-32,H2-32,H2,32,sym,W9-10
386,b1-fl-Snap-668.czi,1359.407,1475,65535,Symbiont Area,48.132,Tentacle,H2-32,,48.13200011,B1-H2-32,H2-32,H2,32,sym,W9-10
387,b1-bf-Snap-669.czi,1120.694,0,65535,Tentacle Area,0,Tentacle,H2-32,,n/a,B1-H2-32,H2-32,H2,32,sym,W9-10
388,b1-fl-Snap-668.czi,555.914,1320,65535,Symbiont Area,49.604,Tentacle,H2-32,,49.60444153,B1-H2-32,H2-32,H2,32,sym,W9-10
389,b1-bf-Snap-669.czi,1262.322,0,65535,Tentacle Area,0,Tentacle,H2-32,,n/a,B1-H2-32,H2-32,H2,32,sym,W9-10
390,b1-fl-Snap-668.czi,433.315,1164,65535,Symbiont Area,34.327,Tentacle,H2-32,,34.32681994,B1-H2-32,H2-32,H2,32,sym,W9-10
391,b1-bf-Snap-669.czi,2003.541,0,65535,Tentacle Area,0,Tentacle,H2-32,,n/a,B1-H2-32,H2-32,H2,32,sym,W9-10
392,b1-fl-Snap-668.czi,1001.554,1289,65535,Symbiont Area,49.989,Tentacle,H2-32,,49.98919413,B1-H2-32,H2-32,H2,32,sym,W9-10
393,b2-bf-Snap-667.czi,8144.763,0,65535,Tentacle Area,0,Tentacle,H2-32,,n/a,B2-H2-32,H2-32,H2,32,sym,W9-10
394,b2-fl-Snap-666.czi,3278.62,808,65535,Symbiont Area,40.254,Tentacle,H2-32,,40.25433275,B2-H2-32,H2-32,H2,32,sym,W9-10
395,b2-bf-Snap-667.czi,3896.807,0,65535,Tentacle Area,0,Tentacle,H2-32,,n/a,B2-H2-32,H2-32,H2,32,sym,W9-10
396,b2-fl-Snap-666.czi,1512.71,703,65535,Symbiont Area,38.819,Tentacle,H2-32,,38.81921789,B2-H2-32,H2-32,H2,32,sym,W9-10
397,b2-bf-Snap-667.czi,4796.519,0,65535,Tentacle Area,0,Tentacle,H2-32,,n/a,B2-H2-32,H2-32,H2,32,sym,W9-10
398,b2-fl-Snap-666.czi,1783.208,958,65535,Symbiont Area,37.177,Tentacle,H2-32,,37.17712783,B2-H2-32,H2-32,H2,32,sym,W9-10
399,b2-bf-Snap-667.czi,3988.703,0,65535,Tentacle Area,0,Tentacle,H2-32,,n/a,B2-H2-32,H2-32,H2,32,sym,W9-10
400,b2-fl-Snap-666.czi,1531.522,763,65535,Symbiont Area,38.396,Tentacle,H2-32,,38.39649129,B2-H2-32,H2-32,H2,32,sym,W9-10
401,b2-bf-Snap-667.czi,1434.653,0,65535,Tentacle Area,0,Tentacle,H2-32,,n/a,B2-H2-32,H2-32,H2,32,sym,W9-10
402,b2-fl-Snap-666.czi,753.76,1736,65535,Symbiont Area,52.54,Tentacle,H2-32,,52.53953395,B2-H2-32,H2-32,H2,32,sym,W9-10
403,b3-bf-Snap-665.czi,2340.203,0,65535,Tentacle Area,52.54,Tentacle,H2-32,,n/a,B3-H2-32,H2-32,H2,32,sym,W9-10
404,b3-fl-Snap-664.czi,1245.456,1222,65535,Symbiont Area,53.22,Tentacle,H2-32,,53.21999844,B3-H2-32,H2-32,H2,32,sym,W9-10
405,b3-fl-Snap-664.czi,1248.916,1217,65535,Symbiont Area,100.278,Tentacle,H2-32,,REMOVED,B3-H2-32,H2-32,H2,32,sym,W9-10
406,b3-bf-Snap-665.czi,2379.772,0,65535,Tentacle Area,0,Tentacle,H2-32,,n/a,B3-H2-32,H2-32,H2,32,sym,W9-10
407,b3-fl-Snap-664.czi,1197.886,1207,65535,Symbiont Area,50.336,Tentacle,H2-32,,50.33616666,B3-H2-32,H2-32,H2,32,sym,W9-10
408,b3-bf-Snap-665.czi,1092.585,0,65535,Tentacle Area,0,Tentacle,H2-32,,n/a,B3-H2-32,H2-32,H2,32,sym,W9-10
409,b3-fl-Snap-664.czi,617.971,2058,65535,Symbiont Area,56.56,Tentacle,H2-32,,56.56045067,B3-H2-32,H2-32,H2,32,sym,W9-10
410,b3-bf-Snap-665.czi,5086.909,0,65535,Tentacle Area,0,Tentacle,H2-32,,n/a,B3-H2-32,H2-32,H2,32,sym,W9-10
411,b3-fl-Snap-664.czi,2892.442,1578,65535,Symbiont Area,56.86,Tentacle,H2-32,,56.86050212,B3-H2-32,H2-32,H2,32,sym,W9-10
412,b3-bf-Snap-665.czi,4110.221,0,65535,Tentacle Area,0,Tentacle,H2-32,,n/a,B3-H2-32,H2-32,H2,32,sym,W9-10
413,b3-fl-Snap-664.czi,2156.628,1331,65535,Symbiont Area,52.47,Tentacle,H2-32,,52.46987936,B3-H2-32,H2-32,H2,32,sym,W9-10
414,b3-bf-Snap-665.czi,3606.201,0,65535,Tentacle Area,0,Tentacle,H2-32,,n/a,B3-H2-32,H2-32,H2,32,sym,W9-10
415,b3-fl-Snap-664.czi,1893.266,1269,65535,Symbiont Area,52.5,Tentacle,H2-32,,52.50029047,B3-H2-32,H2-32,H2,32,sym,W9-10
416,b4-bf-Snap-663.czi,7656.96,0,65535,Tentacle Area,52.5,Tentacle,H2-32,,n/a,B4-H2-32,H2-32,H2,32,sym,W9-10
417,b4-fl-Snap-662.czi,3227.158,868,65535,Symbiont Area,42.147,Tentacle,H2-32,,42.14672664,B4-H2-32,H2-32,H2,32,sym,W9-10
418,b4-bf-Snap-663.czi,3628.039,0,65535,Tentacle Area,0,Tentacle,H2-32,,n/a,B4-H2-32,H2-32,H2,32,sym,W9-10
419,b4-fl-Snap-662.czi,1733.26,914,65535,Symbiont Area,47.774,Tentacle,H2-32,,47.77401786,B4-H2-32,H2-32,H2,32,sym,W9-10
420,b4-bf-Snap-663.czi,6301.661,0,65535,Tentacle Area,0,Tentacle,H2-32,,n/a,B4-H2-32,H2-32,H2,32,sym,W9-10
421,b4-fl-Snap-662.czi,2328.311,1116,65535,Symbiont Area,36.948,Tentacle,H2-32,,36.9475762,B4-H2-32,H2-32,H2,32,sym,W9-10
422,b4-bf-Snap-663.czi,4616.404,0,65535,Tentacle Area,0,Tentacle,H2-32,,n/a,B4-H2-32,H2-32,H2,32,sym,W9-10
423,b4-fl-Snap-662.czi,2142.357,1364,65535,Symbiont Area,46.407,Tentacle,H2-32,,46.40748513,B4-H2-32,H2-32,H2,32,sym,W9-10
424,b4-bf-Snap-663.czi,5404.544,0,65535,Tentacle Area,0,Tentacle,H2-32,,n/a,B4-H2-32,H2-32,H2,32,sym,W9-10
425,b4-fl-Snap-662.czi,2259.119,1100,65535,Symbiont Area,41.8,Tentacle,H2-32,,41.80036281,B4-H2-32,H2-32,H2,32,sym,W9-10
426,b5-bf-Snap-661.czi,2621.296,0,65535,Tentacle Area,0,Tentacle,H2-32,,n/a,B5-H2-32,H2-32,H2,32,sym,W9-10
427,b5-fl-Snap-660.czi,1286.106,1274,65535,Symbiont Area,49.064,Tentacle,H2-32,,49.06374557,B5-H2-32,H2-32,H2,32,sym,W9-10
428,b5-bf-Snap-661.czi,6100.14,0,65535,Tentacle Area,0,Tentacle,H2-32,,n/a,B5-H2-32,H2-32,H2,32,sym,W9-10
429,b5-fl-Snap-660.czi,2234.685,1364,65535,Symbiont Area,36.633,Tentacle,H2-32,,36.63333956,B5-H2-32,H2-32,H2,32,sym,W9-10
430,b5-bf-Snap-661.czi,7342.352,0,65535,Tentacle Area,0,Tentacle,H2-32,,n/a,B5-H2-32,H2-32,H2,32,sym,W9-10
431,b5-fl-Snap-660.czi,3045.745,1137,65535,Symbiont Area,41.482,Tentacle,H2-32,,41.4818712,B5-H2-32,H2-32,H2,32,sym,W9-10
432,b5-bf-Snap-661.czi,2504.534,0,65535,Tentacle Area,0,Tentacle,H2-32,,n/a,B5-H2-32,H2-32,H2,32,sym,W9-10
433,b5-fl-Snap-660.czi,1033.772,1061,65535,Symbiont Area,41.276,Tentacle,H2-32,,41.27602181,B5-H2-32,H2-32,H2,32,sym,W9-10
434,b5-bf-Snap-661.czi,36175.307,0,65535,Tentacle Area,0,Body column,H2-32,,n/a,B5-H2-32,H2-32,H2,32,sym,W9-10
435,b5-fl-Snap-660.czi,6082.409,667,65535,Symbiont Area,16.814,Body column,H2-32,,16.81370389,B5-H2-32,H2-32,H2,32,sym,W9-10
436,b6-bf-Snap-659.czi,11174.94,0,65535,Tentacle Area,0,Body column,H2-32,"tentacles contracted, measured entire body",REMOVED,B6-H2-32,H2-32,H2,32,sym,W9-10
437,b6-fl--Snap-658.czi,4717.165,936,65535,Symbiont Area,42.212,Body column,H2-32,"looks like tissue, no tentacles",REMOVED,B6-H2-32,H2-32,H2,32,sym,W9-10
438,b7-bf-Snap-657.czi,2981.959,0,65535,Tentacle Area,0,Tentacle,H2-32,,n/a,B7-H2-32,H2-32,H2,32,sym,W9-10
439,b7-fl-Snap-656.czi,1450.654,1302,65535,Symbiont Area,48.648,Tentacle,H2-32,,48.64768429,B7-H2-32,H2-32,H2,32,sym,W9-10
440,b8-bf-Snap-655.czi,3402.733,0,65535,Tentacle Area,0,Tentacle,H2-32,,n/a,B8-H2-32,H2-32,H2,32,sym,W9-10
441,b8-fl-Snap-654.czi,1589.686,784,65535,Symbiont Area,46.718,Tentacle,H2-32,,46.71791763,B8-H2-32,H2-32,H2,32,sym,W9-10
442,b8-bf-Snap-655.czi,6144.25,0,65535,Tentacle Area,0,Tentacle,H2-32,,n/a,B8-H2-32,H2-32,H2,32,sym,W9-10
443,b8-fl-Snap-654.czi,2468.208,1003,65535,Symbiont Area,40.171,Tentacle,H2-32,,40.17102169,B8-H2-32,H2-32,H2,32,sym,W9-10
444,b8-bf-Snap-655.czi,890.847,0,65535,Tentacle Area,0,Tentacle,H2-32,,n/a,B8-H2-32,H2-32,H2,32,sym,W9-10
445,b8-fl-Snap-654.czi,586.186,1677,65535,Symbiont Area,65.801,Tentacle,H2-32,,65.80097368,B8-H2-32,H2-32,H2,32,sym,W9-10
446,b8-bf-Snap-655.czi,5806.722,0,65535,Tentacle Area,0,Tentacle,H2-32,,n/a,B8-H2-32,H2-32,H2,32,sym,W9-10
447,b8-fl-Snap-654.czi,1383.624,1301,65535,Symbiont Area,23.828,Tentacle,H2-32,,23.82797041,B8-H2-32,H2-32,H2,32,sym,W9-10
448,b8-bf-Snap-655.czi,16708.787,0,65535,Tentacle Area,0,Body column,H2-32,,n/a,B8-H2-32,H2-32,H2,32,sym,W9-10
449,b8-fl-Snap-654.czi,4087.301,658,65535,Symbiont Area,24.462,Body column,H2-32,,24.46198518,B8-H2-32,H2-32,H2,32,sym,W9-10
450,c1-bf-Snap-671.czi,5657.743,0,65535,Tentacle Area,24.462,Tentacle,H2-32,,n/a,C1-H2-32,H2-32,H2,32,sym,W9-10
451,c1-fl-Snap-670.czi,2910.821,1018,65535,Symbiont Area,51.448,Tentacle,H2-32,,51.44844861,C1-H2-32,H2-32,H2,32,sym,W9-10
452,c1-bf-Snap-671.czi,2361.177,0,65535,Tentacle Area,0,Tentacle,H2-32,,n/a,C1-H2-32,H2-32,H2,32,sym,W9-10
453,c1-fl-Snap-670.czi,1373.677,1178,65535,Symbiont Area,58.178,Tentacle,H2-32,,58.17763768,C1-H2-32,H2-32,H2,32,sym,W9-10
454,c1-bf-Snap-671.czi,5003.446,0,65535,Tentacle Area,0,Tentacle,H2-32,,n/a,C1-H2-32,H2-32,H2,32,sym,W9-10
455,c1-fl-Snap-670.czi,2551.671,1061,65535,Symbiont Area,50.998,Tentacle,H2-32,,50.99827199,C1-H2-32,H2-32,H2,32,sym,W9-10
456,c1-bf-Snap-671.czi,1312.702,0,65535,Tentacle Area,0,Tentacle,H2-32,,n/a,C1-H2-32,H2-32,H2,32,sym,W9-10
457,c1-fl-Snap-670.czi,828.358,1526,65535,Symbiont Area,63.103,Tentacle,H2-32,,63.10327858,C1-H2-32,H2-32,H2,32,sym,W9-10
458,c2-bf-Snap-673.czi,3210.509,0,65535,Tentacle Area,0,Tentacle,H2-32,,n/a,C2-H2-32,H2-32,H2,32,sym,W9-10
459,c2-fl-Snap-672.czi,1518.764,989,65535,Symbiont Area,47.306,Tentacle,H2-32,,47.30601908,C2-H2-32,H2-32,H2,32,sym,W9-10
460,c2-bf-Snap-673.czi,3215.914,0,65535,Tentacle Area,0,Tentacle,H2-32,,n/a,C2-H2-32,H2-32,H2,32,sym,W9-10
461,c2-fl-Snap-672.czi,1785.154,900,65535,Symbiont Area,55.51,Tentacle,H2-32,,55.51000431,C2-H2-32,H2-32,H2,32,sym,W9-10
462,c2-bf-Snap-673.czi,6208.036,0,65535,Tentacle Area,0,Tentacle,H2-32,,n/a,C2-H2-32,H2-32,H2,32,sym,W9-10
463,c2-fl-Snap-672.czi,3366.623,1192,65535,Symbiont Area,54.23,Tentacle,H2-32,,54.23008178,C2-H2-32,H2-32,H2,32,sym,W9-10
464,c2-bf-Snap-673.czi,956.147,0,65535,Tentacle Area,0,Tentacle,H2-32,,n/a,C2-H2-32,H2-32,H2,32,sym,W9-10
465,c2-fl-Snap-672.czi,678.946,1623,65535,Symbiont Area,71.009,Tentacle,H2-32,,71.00853739,C2-H2-32,H2-32,H2,32,sym,W9-10
466,c2-bf-Snap-673.czi,3033.853,0,65535,Tentacle Area,0,Tentacle,H2-32,,n/a,C2-H2-32,H2-32,H2,32,sym,W9-10
467,c2-fl-Snap-672.czi,1387.948,1040,65535,Symbiont Area,45.749,Tentacle,H2-32,,45.74868987,C2-H2-32,H2-32,H2,32,sym,W9-10
468,c3-bf-Snap-675.czi,1296.053,0,65535,Tentacle Area,0,Tentacle,H2-32,,n/a,C3-H2-32,H2-32,H2,32,sym,W9-10
469,c3-fl-Snap-674.czi,586.835,960,65535,Symbiont Area,45.279,Tentacle,H2-32,,45.27862672,C3-H2-32,H2-32,H2,32,sym,W9-10
470,c3-bf-Snap-675.czi,6823.629,0,65535,Tentacle Area,0,Tentacle,H2-32,,n/a,C3-H2-32,H2-32,H2,32,sym,W9-10
471,c3-fl-Snap-674.czi,2352.744,1007,65535,Symbiont Area,34.479,Tentacle,H2-32,,34.47936575,C3-H2-32,H2-32,H2,32,sym,W9-10
472,c3-bf-Snap-675.czi,3878.644,0,65535,Tentacle Area,0,Tentacle,H2-32,,n/a,C3-H2-32,H2-32,H2,32,sym,W9-10
473,c3-fl-Snap-674.czi,1933.051,1100,65535,Symbiont Area,49.838,Tentacle,H2-32,,49.83831978,C3-H2-32,H2-32,H2,32,sym,W9-10
474,c3-bf-Snap-675.czi,1685.906,0,65535,Tentacle Area,0,Tentacle,H2-32,,n/a,C3-H2-32,H2-32,H2,32,sym,W9-10
475,c3-fl-Snap-674.czi,827.926,1208,65535,Symbiont Area,49.109,Tentacle,H2-32,,49.10866917,C3-H2-32,H2-32,H2,32,sym,W9-10
476,c3-bf-Snap-675.czi,6266.633,0,65535,Tentacle Area,0,Tentacle,H2-32,,n/a,C3-H2-32,H2-32,H2,32,sym,W9-10
477,c3-fl-Snap-674.czi,2462.803,1130,65535,Symbiont Area,39.3,Tentacle,H2-32,,39.30025901,C3-H2-32,H2-32,H2,32,sym,W9-10
REMOVE,c4-bf/fl-Snap-676/677.czi,REMOVE,REMOVE,REMOVE,REMOVE,REMOVE,REMOVE,H2-32,"ball of tissue, cannot measure",REMOVED,C4-H2-32,H2-32,H2,32,sym,W9-10
478,c5-bf-Snap-679.czi,2858.062,0,65535,Tentacle Area,0,Tentacle,H2-32,,n/a,C5-H2-32,H2-32,H2,32,sym,W9-10
479,c5--fl-Snap-678.czi,930.416,1186,65535,Symbiont Area,32.554,Tentacle,H2-32,,32.55408735,C5-H2-32,H2-32,H2,32,sym,W9-10
480,c5-bf-Snap-679.czi,3774.64,0,65535,Tentacle Area,0,Tentacle,H2-32,,n/a,C5-H2-32,H2-32,H2,32,sym,W9-10
481,c5--fl-Snap-678.czi,1537.144,999,65535,Symbiont Area,40.723,Tentacle,H2-32,,40.72292987,C5-H2-32,H2-32,H2,32,sym,W9-10
482,c5-bf-Snap-679.czi,1445.68,0,65535,Tentacle Area,0,Tentacle,H2-32,,n/a,C5-H2-32,H2-32,H2,32,sym,W9-10
483,c5--fl-Snap-678.czi,594.186,1404,65535,Symbiont Area,41.101,Tentacle,H2-32,,41.10079686,C5-H2-32,H2-32,H2,32,sym,W9-10
484,c5-bf-Snap-679.czi,4162.115,0,65535,Tentacle Area,0,Tentacle,H2-32,,n/a,C5-H2-32,H2-32,H2,32,sym,W9-10
485,c5--fl-Snap-678.czi,1621.687,1217,65535,Symbiont Area,38.963,Tentacle,H2-32,,38.96305124,C5-H2-32,H2-32,H2,32,sym,W9-10
486,c5-bf-Snap-679.czi,2461.289,0,65535,Tentacle Area,0,Tentacle,H2-32,,n/a,C5-H2-32,H2-32,H2,32,sym,W9-10
487,c5--fl-Snap-678.czi,1027.069,1342,65535,Symbiont Area,41.729,Tentacle,H2-32,,41.72890709,C5-H2-32,H2-32,H2,32,sym,W9-10
488,c6-bf-Snap-681.czi,4929.065,0,65535,Tentacle Area,0,Tentacle,H2-32,,n/a,C6-H2-32,H2-32,H2,32,sym,W9-10
489,c6-fl-Snap-680.czi,1909.051,1049,65535,Symbiont Area,38.73,Tentacle,H2-32,,38.73048945,C6-H2-32,H2-32,H2,32,sym,W9-10
490,c6-bf-Snap-681.czi,5062.043,0,65535,Tentacle Area,0,Tentacle,H2-32,,n/a,C6-H2-32,H2-32,H2,32,sym,W9-10
491,c6-fl-Snap-680.czi,2416.098,1206,65535,Symbiont Area,47.73,Tentacle,H2-32,,47.72970123,C6-H2-32,H2-32,H2,32,sym,W9-10
492,c6-bf-Snap-681.czi,1488.277,0,65535,Tentacle Area,0,Tentacle,H2-32,,n/a,C6-H2-32,H2-32,H2,32,sym,W9-10
493,c6-fl-Snap-680.czi,763.49,1394,65535,Symbiont Area,51.3,Tentacle,H2-32,,51.30026198,C6-H2-32,H2-32,H2,32,sym,W9-10
494,c6-bf-Snap-681.czi,3925.997,0,65535,Tentacle Area,0,Tentacle,H2-32,,n/a,C6-H2-32,H2-32,H2,32,sym,W9-10
495,c6-fl-Snap-680.czi,1781.045,1112,65535,Symbiont Area,45.365,Tentacle,H2-32,,45.36541928,C6-H2-32,H2-32,H2,32,sym,W9-10
496,c7-bf-Snap-683.czi,2349.068,0,65535,Tentacle Area,0,Tentacle,H2-32,,n/a,C7-H2-32,H2-32,H2,32,sym,W9-10
497,c7-fl-Snap-682.czi,564.563,1510,65535,Symbiont Area,24.034,Tentacle,H2-32,,24.03348903,C7-H2-32,H2-32,H2,32,sym,W9-10
498,c7-bf-Snap-683.czi,3176.129,0,65535,Tentacle Area,0,Tentacle,H2-32,,n/a,C7-H2-32,H2-32,H2,32,sym,W9-10
499,c7-fl-Snap-682.czi,1457.356,1238,65535,Symbiont Area,45.885,Tentacle,H2-32,,45.88466023,C7-H2-32,H2-32,H2,32,sym,W9-10
500,c7-bf-Snap-683.czi,2843.791,0,65535,Tentacle Area,0,Tentacle,H2-32,,n/a,C7-H2-32,H2-32,H2,32,sym,W9-10
501,c7-fl-Snap-682.czi,1416.922,1329,65535,Symbiont Area,49.825,Tentacle,H2-32,,49.82511021,C7-H2-32,H2-32,H2,32,sym,W9-10
502,c7-bf-Snap-683.czi,4338.987,0,65535,Tentacle Area,0,Tentacle,H2-32,,n/a,C7-H2-32,H2-32,H2,32,sym,W9-10
503,c7-fl-Snap-682.czi,2607.457,1314,65535,Symbiont Area,60.094,Tentacle,H2-32,,60.09368085,C7-H2-32,H2-32,H2,32,sym,W9-10
504,c8-bf-Snap-685.czi,2451.127,0,65535,Tentacle Area,0,Tentacle,H2-32,,n/a,C8-H2-32,H2-32,H2,32,sym,W9-10
505,c8-fl-Snap-684.czi,1278.322,1387,65535,Symbiont Area,52.152,Tentacle,H2-32,,52.15241805,C8-H2-32,H2-32,H2,32,sym,W9-10
506,c8-bf-Snap-685.czi,2458.694,0,65535,Tentacle Area,0,Tentacle,H2-32,,n/a,C8-H2-32,H2-32,H2,32,sym,W9-10
507,c8-fl-Snap-684.czi,971.715,825,65535,Symbiont Area,39.522,Tentacle,H2-32,,39.52159154,C8-H2-32,H2-32,H2,32,sym,W9-10
508,c8-bf-Snap-685.czi,5690.826,0,65535,Tentacle Area,0,Tentacle,H2-32,,n/a,C8-H2-32,H2-32,H2,32,sym,W9-10
509,c8-fl-Snap-684.czi,2356.42,1137,65535,Symbiont Area,41.407,Tentacle,H2-32,,41.40734579,C8-H2-32,H2-32,H2,32,sym,W9-10
510,c8-bf-Snap-685.czi,4684.731,0,65535,Tentacle Area,0,Body column,H2-32,,n/a,C8-H2-32,H2-32,H2,32,sym,W9-10
511,c8-fl-Snap-684.czi,1323.081,762,65535,Symbiont Area,28.242,Body column,H2-32,,28.24241136,C8-H2-32,H2-32,H2,32,sym,W9-10
512,d1-bf-Snap-701.czi,3706.313,0,65535,Tentacle Area,0,Tentacle,H2-32,,n/a,D1-H2-32,H2-32,H2,32,sym,W9-10
513,d1-fl-Snap-700.czi,2283.336,1200,65535,Symbiont Area,61.607,Tentacle,H2-32,,61.60666949,D1-H2-32,H2-32,H2,32,sym,W9-10
514,d1-bf-Snap-701.czi,1497.358,0,65535,Tentacle Area,0,Tentacle,H2-32,,n/a,D1-H2-32,H2-32,H2,32,sym,W9-10
515,d1-fl-Snap-700.czi,911.605,1374,65535,Symbiont Area,60.881,Tentacle,H2-32,,60.88089822,D1-H2-32,H2-32,H2,32,sym,W9-10
516,d1-bf-Snap-701.czi,3814.209,0,65535,Tentacle Area,0,Tentacle,H2-32,,n/a,D1-H2-32,H2-32,H2,32,sym,W9-10
517,d1-fl-Snap-700.czi,2390.151,1417,65535,Symbiont Area,62.664,Tentacle,H2-32,,62.66439516,D1-H2-32,H2-32,H2,32,sym,W9-10
518,d1-bf-Snap-701.czi,1867.103,0,65535,Tentacle Area,0,Tentacle,H2-32,,n/a,D1-H2-32,H2-32,H2,32,sym,W9-10
519,d1-fl-Snap-700.czi,896.253,1287,65535,Symbiont Area,48.002,Tentacle,H2-32,,48.00233303,D1-H2-32,H2-32,H2,32,sym,W9-10
520,d1-bf-Snap-701.czi,10337.933,0,65535,Tentacle Area,0,Body column,H2-32,,n/a,D1-H2-32,H2-32,H2,32,sym,W9-10
521,d1-fl-Snap-700.czi,3685.339,593,65535,Symbiont Area,35.649,Body column,H2-32,,35.6487027,D1-H2-32,H2-32,H2,32,sym,W9-10
522,d2-bf-Snap-699.czi,744.679,0,65535,Tentacle Area,35.649,Tentacle,H2-32,,n/a,D2-H2-32,H2-32,H2,32,sym,W9-10
523,d2-fl-Snap-698.czi,480.236,1262,65535,Symbiont Area,64.489,Tentacle,H2-32,,64.48899459,D2-H2-32,H2-32,H2,32,sym,W9-10
524,d2-bf-Snap-699.czi,838.088,0,65535,Tentacle Area,0,Tentacle,H2-32,,n/a,D2-H2-32,H2-32,H2,32,sym,W9-10
525,d2-fl-Snap-698.czi,497.101,1078,65535,Symbiont Area,59.314,Tentacle,H2-32,,59.31369975,D2-H2-32,H2-32,H2,32,sym,W9-10
526,d2-bf-Snap-699.czi,14501.778,0,65535,Tentacle Area,0,Body column,H2-32,,n/a,D2-H2-32,H2-32,H2,32,sym,W9-10
527,d2-fl-Snap-698.czi,4902.253,762,65535,Symbiont Area,33.804,Body column,H2-32,,33.80449625,D2-H2-32,H2-32,H2,32,sym,W9-10
528,d3-bf-Snap-697.czi,527.157,0,65535,Tentacle Area,0,Tentacle,H2-32,,n/a,D3-H2-32,H2-32,H2,32,sym,W9-10
529,d3-fl-Snap-696.czi,134.708,1167,65535,Symbiont Area,25.554,Tentacle,H2-32,,25.55367756,D3-H2-32,H2-32,H2,32,sym,W9-10
530,d3-bf-Snap-697.czi,2624.323,0,65535,Tentacle Area,0,Tentacle,H2-32,,n/a,D3-H2-32,H2-32,H2,32,sym,W9-10
531,d3-fl-Snap-696.czi,1301.242,742,65535,Symbiont Area,49.584,Tentacle,H2-32,,49.58391174,D3-H2-32,H2-32,H2,32,sym,W9-10
532,d3-bf-Snap-697.czi,2517.94,0,65535,Tentacle Area,0,Tentacle,H2-32,,n/a,D3-H2-32,H2-32,H2,32,sym,W9-10
533,d3-fl-Snap-696.czi,1211.292,742,65535,Symbiont Area,48.106,Tentacle,H2-32,,48.10646799,D3-H2-32,H2-32,H2,32,sym,W9-10
534,d3-bf-Snap-697.czi,3926.646,0,65535,Tentacle Area,0,Tentacle,H2-32,,n/a,D3-H2-32,H2-32,H2,32,sym,W9-10
535,d3-fl-Snap-696.czi,2102.356,1374,65535,Symbiont Area,53.541,Tentacle,H2-32,,53.54075718,D3-H2-32,H2-32,H2,32,sym,W9-10
536,d3-bf-Snap-697.czi,2050.462,0,65535,Tentacle Area,0,Tentacle,H2-32,,n/a,D3-H2-32,H2-32,H2,32,sym,W9-10
537,d3-fl-Snap-696.czi,936.254,936,65535,Symbiont Area,45.661,Tentacle,H2-32,,45.66063648,D3-H2-32,H2-32,H2,32,sym,W9-10
538,d3-bf-Snap-697.czi,8825.44,0,65535,Tentacle Area,0,Tentacle,H2-32,,n/a,D3-H2-32,H2-32,H2,32,sym,W9-10
539,d3-fl-Snap-696.czi,6005.649,754,65535,Symbiont Area,68.049,Tentacle,H2-32,,68.04928706,D3-H2-32,H2-32,H2,32,sym,W9-10
540,d4-bf-Snap-695.czi,1918.132,0,65535,Tentacle Area,0,Tentacle,H2-32,,n/a,D4-H2-32,H2-32,H2,32,sym,W9-10
541,d4-fl-Snap-694.czi,1298.431,1325,65535,Symbiont Area,67.692,Tentacle,H2-32,,67.69247372,D4-H2-32,H2-32,H2,32,sym,W9-10
542,d4-bf-Snap-695.czi,2862.819,0,65535,Tentacle Area,0,Tentacle,H2-32,,n/a,D4-H2-32,H2-32,H2,32,sym,W9-10
543,d4-fl-Snap-694.czi,1679.636,1325,65535,Symbiont Area,58.671,Tentacle,H2-32,,58.67070185,D4-H2-32,H2-32,H2,32,sym,W9-10
544,d4-bf-Snap-695.czi,2026.244,0,65535,Tentacle Area,0,Tentacle,H2-32,,n/a,D4-H2-32,H2-32,H2,32,sym,W9-10
545,d4-fl-Snap-694.czi,1363.947,1704,65535,Symbiont Area,67.314,Tentacle,H2-32,,67.31405497,D4-H2-32,H2-32,H2,32,sym,W9-10
546,d4-bf-Snap-695.czi,2914.929,0,65535,Tentacle Area,0,Tentacle,H2-32,,n/a,D4-H2-32,H2-32,H2,32,sym,W9-10
547,d4-fl-Snap-694.czi,1604.173,1806,65535,Symbiont Area,55.033,Tentacle,H2-32,,55.03300423,D4-H2-32,H2-32,H2,32,sym,W9-10
548,d4-bf-Snap-695.czi,1226.644,0,65535,Tentacle Area,0,Tentacle,H2-32,,n/a,D4-H2-32,H2-32,H2,32,sym,W9-10
549,d4-fl-Snap-694.czi,784.032,2156,65535,Symbiont Area,63.917,Tentacle,H2-32,,63.91683325,D4-H2-32,H2-32,H2,32,sym,W9-10
550,d5-bf-Snap-693.czi,2517.291,0,65535,Tentacle Area,0,Tentacle,H2-32,,n/a,D5-H2-32,H2-32,H2,32,sym,W9-10
551,d5-fl-Snap-692.czi,1504.71,1104,65535,Symbiont Area,59.775,Tentacle,H2-32,,59.77497238,D5-H2-32,H2-32,H2,32,sym,W9-10
552,d5-bf-Snap-693.czi,456.667,0,65535,Tentacle Area,0,Tentacle,H2-32,,n/a,D5-H2-32,H2-32,H2,32,sym,W9-10
553,d5-fl-Snap-692.czi,235.037,1369,65535,Symbiont Area,51.468,Tentacle,H2-32,,51.46791864,D5-H2-32,H2-32,H2,32,sym,W9-10
554,d5-bf-Snap-693.czi,3290.296,0,65535,Tentacle Area,0,Tentacle,H2-32,,n/a,D5-H2-32,H2-32,H2,32,sym,W9-10
555,d5-fl-Snap-692.czi,1824.723,1291,65535,Symbiont Area,55.458,Tentacle,H2-32,,55.45771566,D5-H2-32,H2-32,H2,32,sym,W9-10
556,d5-bf-Snap-693.czi,4164.71,0,65535,Tentacle Area,0,Tentacle,H2-32,,n/a,D5-H2-32,H2-32,H2,32,sym,W9-10
557,d5-fl-Snap-692.czi,2180.845,1306,65535,Symbiont Area,52.365,Tentacle,H2-32,,52.36487054,D5-H2-32,H2-32,H2,32,sym,W9-10
558,d5-bf-Snap-693.czi,1642.445,0,65535,Tentacle Area,0,Tentacle,H2-32,,n/a,D5-H2-32,H2-32,H2,32,sym,W9-10
559,d5-fl-Snap-692.czi,934.524,1182,65535,Symbiont Area,56.898,Tentacle,H2-32,,56.89834363,D5-H2-32,H2-32,H2,32,sym,W9-10
560,d5-bf-Snap-693.czi,1955.971,0,65535,Tentacle Area,0,Tentacle,H2-32,,n/a,D5-H2-32,H2-32,H2,32,sym,W9-10
561,d5-fl-Snap-692.czi,912.037,1524,65535,Symbiont Area,46.628,Tentacle,H2-32,,46.62834981,D5-H2-32,H2-32,H2,32,sym,W9-10
562,d6-bf-Snap-691.czi,1805.046,0,65535,Tentacle Area,0,Tentacle,H2-32,,n/a,D6-H2-32,H2-32,H2,32,sym,W9-10
563,d6-fl-Snap-690.czi,956.147,1416,65535,Symbiont Area,52.971,Tentacle,H2-32,,52.97078302,D6-H2-32,H2-32,H2,32,sym,W9-10
564,d6-bf-Snap-691.czi,3965.35,0,65535,Tentacle Area,0,Tentacle,H2-32,,n/a,D6-H2-32,H2-32,H2,32,sym,W9-10
565,d6-fl-Snap-690.czi,2006.136,1525,65535,Symbiont Area,50.592,Tentacle,H2-32,,50.59165017,D6-H2-32,H2-32,H2,32,sym,W9-10
566,d6-bf-Snap-691.czi,4281.471,0,65535,Tentacle Area,0,Tentacle,H2-32,,n/a,D6-H2-32,H2-32,H2,32,sym,W9-10
567,d6-fl-Snap-690.czi,2647.891,1103,65535,Symbiont Area,61.845,Tentacle,H2-32,,61.84535642,D6-H2-32,H2-32,H2,32,sym,W9-10
568,d6-bf-Snap-691.czi,4417.693,0,65535,Tentacle Area,0,Tentacle,H2-32,,n/a,D6-H2-32,H2-32,H2,32,sym,W9-10
569,d6-fl-Snap-690.czi,2715.137,1157,65535,Symbiont Area,61.461,Tentacle,H2-32,,61.46051797,D6-H2-32,H2-32,H2,32,sym,W9-10
570,d6-bf-Snap-691.czi,2613.295,0,65535,Tentacle Area,0,Tentacle,H2-32,,n/a,D6-H2-32,H2-32,H2,32,sym,W9-10
571,d6-fl-Snap-690.czi,1380.813,858,65535,Symbiont Area,52.838,Tentacle,H2-32,,52.83800719,D6-H2-32,H2-32,H2,32,sym,W9-10
572,d7-bf-Snap-689.czi,6453.668,0,65535,Tentacle Area,0,Tentacle,H2-32,,n/a,D7-H2-32,H2-32,H2,32,sym,W9-10
573,d7-fl-Snap-688.czi,2721.624,921,65535,Symbiont Area,42.172,Tentacle,H2-32,,42.17173861,D7-H2-32,H2-32,H2,32,sym,W9-10
574,d7-bf-Snap-689.czi,1425.571,0,65535,Tentacle Area,0,Tentacle,H2-32,,n/a,D7-H2-32,H2-32,H2,32,sym,W9-10
575,d7-fl-Snap-688.czi,940.146,1108,65535,Symbiont Area,65.949,Tentacle,H2-32,,65.94873212,D7-H2-32,H2-32,H2,32,sym,W9-10
576,d7-bf-Snap-689.czi,7575.01,0,65535,Tentacle Area,0,Tentacle,H2-32,,n/a,D7-H2-32,H2-32,H2,32,sym,W9-10
577,d7-fl-Snap-688.czi,3337.865,1108,65535,Symbiont Area,44.064,Tentacle,H2-32,,44.06416625,D7-H2-32,H2-32,H2,32,sym,W9-10
578,d7-bf-Snap-689.czi,16496.238,0,65535,Tentacle Area,0,Body column,H2-32,,n/a,D7-H2-32,H2-32,H2,32,sym,W9-10
579,d7-fl-Snap-688.czi,3211.157,619,65535,Symbiont Area,19.466,Body column,H2-32,,19.46599582,D7-H2-32,H2-32,H2,32,sym,W9-10
580,d8-bf-Snap-687.czi,2298.256,0,65535,Tentacle Area,0,Tentacle,H2-32,,n/a,D8-H2-32,H2-32,H2,32,sym,W9-10
581,d8-fl-Snap-686.czi,1123.073,595,65535,Symbiont Area,48.866,Tentacle,H2-32,,48.86631428,D8-H2-32,H2-32,H2,32,sym,W9-10
582,d8-bf-Snap-687.czi,3303.702,0,65535,Tentacle Area,0,Tentacle,H2-32,,n/a,D8-H2-32,H2-32,H2,32,sym,W9-10
583,d8-fl-Snap-686.czi,1764.612,1083,65535,Symbiont Area,53.413,Tentacle,H2-32,,53.41317104,D8-H2-32,H2-32,H2,32,sym,W9-10
584,d8-bf-Snap-687.czi,8003.352,0,65535,Tentacle Area,0,Tentacle,H2-32,,n/a,D8-H2-32,H2-32,H2,32,sym,W9-10
585,d8-fl-Snap-686.czi,3693.339,1358,65535,Symbiont Area,46.147,Tentacle,H2-32,,46.14740174,D8-H2-32,H2-32,H2,32,sym,W9-10
586,d8-bf-Snap-687.czi,2667.352,0,65535,Tentacle Area,0,Tentacle,H2-32,,n/a,D8-H2-32,H2-32,H2,32,sym,W9-10
587,d8-fl-Snap-686.czi,1343.838,1037,65535,Symbiont Area,50.381,Tentacle,H2-32,,50.38097709,D8-H2-32,H2-32,H2,32,sym,W9-10
588,d8-bf-Snap-687.czi,16463.588,0,65535,Tentacle Area,0,Body Column ,H2-32,,n/a,D8-H2-32,H2-32,H2,32,sym,W9-10
589,d8-fl-Snap-686.czi,5070.26,534,65535,Symbiont Area,30.797,Body Column ,H2-32,,30.79681051,D8-H2-32,H2-32,H2,32,sym,W9-10
590,e1-bf-Snap-703.czi,2161.169,0,65535,Tentacle Area,0,Tentacle,H2-32,,n/a,E1-H2-32,H2-32,H2,32,sym,W9-10
591,e1-fl-Snap-702.czi,1289.566,1701,65535,Symbiont Area,59.67,Tentacle,H2-32,,59.66983609,E1-H2-32,H2-32,H2,32,sym,W9-10
592,e1-bf-Snap-703.czi,2258.038,0,65535,Tentacle Area,0,Tentacle,H2-32,,n/a,E1-H2-32,H2-32,H2,32,sym,W9-10
593,e1-fl-Snap-702.czi,1192.913,1494,65535,Symbiont Area,52.83,Tentacle,H2-32,,52.82962466,E1-H2-32,H2-32,H2,32,sym,W9-10
594,e1-bf-Snap-703.czi,9898.564,0,65535,Tentacle Area,0,Tentacle,H2-32,,n/a,E1-H2-32,H2-32,H2,32,sym,W9-10
595,e1-fl-Snap-702.czi,2820.439,858,65535,Symbiont Area,28.493,Tentacle,H2-32,,28.49341581,E1-H2-32,H2-32,H2,32,sym,W9-10
596,e2-bf-Snap-705.czi,1624.931,0,65535,Tentacle Area,0,Tentacle,H2-32,,n/a,E2-H2-32,H2-32,H2,32,sym,W9-10
597,e2-fl-Snap-704.czi,782.518,1084,65535,Symbiont Area,48.157,Tentacle,H2-32,,48.15699867,E2-H2-32,H2-32,H2,32,sym,W9-10
598,e2-bf-Snap-705.czi,5754.828,0,65535,Tentacle Area,0,Tentacle,H2-32,,n/a,E2-H2-32,H2-32,H2,32,sym,W9-10
599,e2-fl-Snap-704.czi,3596.903,959,65535,Symbiont Area,62.502,Tentacle,H2-32,,62.50235454,E2-H2-32,H2-32,H2,32,sym,W9-10
600,e2-bf-Snap-705.czi,1477.898,0,65535,Tentacle Area,0,Tentacle,H2-32,,n/a,E2-H2-32,H2-32,H2,32,sym,W9-10
601,e2-fl-Snap-704.czi,899.496,1084,65535,Symbiont Area,60.863,Tentacle,H2-32,,60.86319895,E2-H2-32,H2-32,H2,32,sym,W9-10
602,e2-bf-Snap-705.czi,1143.83,0,65535,Tentacle Area,0,Tentacle,H2-32,,n/a,E2-H2-32,H2-32,H2,32,sym,W9-10
603,e2-fl-Snap-704.czi,469.641,1195,65535,Symbiont Area,41.059,Tentacle,H2-32,,41.05863634,E2-H2-32,H2-32,H2,32,sym,W9-10
604,e3-bf-Snap-707.czi,1076.584,0,65535,Tentacle Area,0,Tentacle,H2-32,,n/a,E3-H2-32,H2-32,H2,32,sym,W9-10
605,e3-fl-Snap-706.czi,584.24,1464,65535,Symbiont Area,54.268,Tentacle,H2-32,,54.26794379,E3-H2-32,H2-32,H2,32,sym,W9-10
606,e3-bf-Snap-707.czi,3304.134,0,65535,Tentacle Area,0,Tentacle,H2-32,,n/a,E3-H2-32,H2-32,H2,32,sym,W9-10
607,e3-fl-Snap-706.czi,2069.922,1150,65535,Symbiont Area,62.646,Tentacle,H2-32,,62.6464302,E3-H2-32,H2-32,H2,32,sym,W9-10
608,e3-bf-Snap-707.czi,10916.984,0,65535,Tentacle Area,0,Body column,H2-32,,n/a,E3-H2-32,H2-32,H2,32,sym,W9-10
609,e3-fl-Snap-706.czi,2592.754,732,65535,Symbiont Area,23.75,Body column,H2-32,,23.74972795,E3-H2-32,H2-32,H2,32,sym,W9-10
REMOVED,e4-bf/fl-Snap-706/707,REMOVED,REMOVED,REMOVED,REMOVED,REMOVED,REMOVED,H2-32,"3 balls, no tentacles, cannot measure ",REMOVED,E4-H2-32,H2-32,H2,32,sym,W9-10
611,e5-bf-Snap-713.czi,1510.115,0,65535,Tentacle Area,0,Tentacle,H2-32,,n/a,E5-H2-32,H2-32,H2,32,sym,W9-10
612,e5-fl-Snap-712.czi,742.733,1354,65535,Symbiont Area,49.184,Tentacle,H2-32,,49.1838701,E5-H2-32,H2-32,H2,32,sym,W9-10
613,e5-bf-Snap-713.czi,2003.108,0,65535,Tentacle Area,0,Tentacle,H2-32,,n/a,E5-H2-32,H2-32,H2,32,sym,W9-10
614,e5-fl-Snap-712.czi,1001.77,1307,65535,Symbiont Area,50.011,Tentacle,H2-32,,50.01078324,E5-H2-32,H2-32,H2,32,sym,W9-10
615,e5-bf-Snap-713.czi,6894.767,0,65535,Tentacle Area,0,Tentacle,H2-32,,n/a,E5-H2-32,H2-32,H2,32,sym,W9-10
616,e5-fl-Snap-712.czi,3399.273,1292,65535,Symbiont Area,49.302,Tentacle,H2-32,,49.30221717,E5-H2-32,H2-32,H2,32,sym,W9-10
617,e5-bf-Snap-713.czi,4161.25,0,65535,Tentacle Area,0,Tentacle,H2-32,,n/a,E5-H2-32,H2-32,H2,32,sym,W9-10
618,e5-fl-Snap-712.czi,2391.881,1541,65535,Symbiont Area,57.48,Tentacle,H2-32,,57.47986783,E5-H2-32,H2-32,H2,32,sym,W9-10
619,e5-bf-Snap-713.czi,3672.582,0,65535,Tentacle Area,0,Tentacle,H2-32,,n/a,E5-H2-32,H2-32,H2,32,sym,W9-10
620,e5-fl-Snap-712.czi,1590.984,1743,65535,Symbiont Area,43.321,Tentacle,H2-32,,43.32058481,E5-H2-32,H2-32,H2,32,sym,W9-10
621,e6-bf-Snap-715.czi,2741.517,0,65535,Tentacle Area,43.321,Tentacle,H2-32,,n/a,E6-H2-32,H2-32,H2,32,sym,W9-10
622,e6-fl-Snap-714.czi,1528.927,955,65535,Symbiont Area,55.769,Tentacle,H2-32,,55.76937878,E6-H2-32,H2-32,H2,32,sym,W9-10
623,e6-bf-Snap-715.czi,5034.583,0,65535,Tentacle Area,43.321,Tentacle,H2-32,,n/a,E6-H2-32,H2-32,H2,32,sym,W9-10
624,e6-fl-Snap-714.czi,2804.006,1487,65535,Symbiont Area,55.695,Tentacle,H2-32,,55.69490065,E6-H2-32,H2-32,H2,32,sym,W9-10
625,e6-bf-Snap-715.czi,2960.12,0,65535,Tentacle Area,0,Tentacle,H2-32,,n/a,E6-H2-32,H2-32,H2,32,sym,W9-10
626,e6-fl-Snap-714.czi,1507.521,1315,65535,Symbiont Area,50.928,Tentacle,H2-32,,50.92769888,E6-H2-32,H2-32,H2,32,sym,W9-10
627,e6-bf-Snap-715.czi,4321.04,0,65535,Tentacle Area,0,Body column,H2-32,,n/a,E6-H2-32,H2-32,H2,32,sym,W9-10
628,e6-fl-Snap-714.czi,1548.603,814,65535,Symbiont Area,35.839,Body column,H2-32,,35.83866384,E6-H2-32,H2-32,H2,32,sym,W9-10
629,e7-bf-Snap-717.czi,3215.266,0,65535,Tentacle Area,0,Tentacle,H2-32,,n/a,E7-H2-32,H2-32,H2,32,sym,W9-10
630,e7-fl-Snap-716.czi,1568.064,1213,65535,Symbiont Area,48.769,Tentacle,H2-32,,48.76933977,E7-H2-32,H2-32,H2,32,sym,W9-10
631,e7-bf-Snap-717.czi,3535.063,0,65535,Tentacle Area,0,Tentacle,H2-32,,n/a,E7-H2-32,H2-32,H2,32,sym,W9-10
632,e7-fl-Snap-716.czi,2040.948,1479,65535,Symbiont Area,57.734,Tentacle,H2-32,,57.73441661,E7-H2-32,H2-32,H2,32,sym,W9-10
633,e7-bf-Snap-717.czi,1655.419,0,65535,Tentacle Area,0,Tentacle,H2-32,,n/a,E7-H2-32,H2-32,H2,32,sym,W9-10
634,e7-fl-Snap-716.czi,1103.829,1834,65535,Symbiont Area,66.68,Tentacle,H2-32,,66.67973486,E7-H2-32,H2-32,H2,32,sym,W9-10
635,e7-bf-Snap-717.czi,1422.328,0,65535,Tentacle Area,0,Tentacle,H2-32,,n/a,E7-H2-32,H2-32,H2,32,sym,W9-10
636,e7-fl-Snap-716.czi,728.462,1479,65535,Symbiont Area,51.216,Tentacle,H2-32,,51.21617517,E7-H2-32,H2-32,H2,32,sym,W9-10
637,e7-bf-Snap-717.czi,8128.763,0,65535,Tentacle Area,0,Tentacle,H2-32,,n/a,E7-H2-32,H2-32,H2,32,sym,W9-10
638,e7-fl-Snap-716.czi,2589.511,902,65535,Symbiont Area,31.856,Tentacle,H2-32,,31.85615081,E7-H2-32,H2-32,H2,32,sym,W9-10
639,e8-bf-Snap-719.czi,2062.57,0,65535,Tentacle Area,0,Tentacle,H2-32,,n/a,E8-H2-32,H2-32,H2,32,sym,W9-10
640,e8-fl-Snap-718.czi,536.454,887,65535,Symbiont Area,26.009,Tentacle,H2-32,,26.00900818,E8-H2-32,H2-32,H2,32,sym,W9-10
641,e8-bf-Snap-719.czi,1725.043,0,65535,Tentacle Area,0,Tentacle,H2-32,,n/a,E8-H2-32,H2-32,H2,32,sym,W9-10
642,e8-fl-Snap-718.czi,741.003,1291,65535,Symbiont Area,42.956,Tentacle,H2-32,,42.95562487,E8-H2-32,H2-32,H2,32,sym,W9-10
643,e8-bf-Snap-719.czi,490.398,0,65535,0,0,0,H2-32,,REMOVED,E8-H2-32,H2-32,H2,32,sym,W9-10
644,e8-bf-Snap-719.czi,686.298,0,65535,Tentacle Area,0,Tentacle,H2-32,,n/a,E8-H2-32,H2-32,H2,32,sym,W9-10
645,e8-fl-Snap-718.czi,139.681,1416,65535,Symbiont Area,20.353,Tentacle,H2-32,,20.35282049,E8-H2-32,H2-32,H2,32,sym,W9-10
646,e8-bf-Snap-719.czi,5812.344,0,65535,Tentacle Area,0,Body column,H2-32,,n/a,E8-H2-32,H2-32,H2,32,sym,W9-10
647,e8-fl-Snap-718.czi,1177.345,965,65535,Symbiont Area,20.256,Body column,H2-32,,20.25594149,E8-H2-32,H2-32,H2,32,sym,W9-10
648,f1-bf-Snap-737.czi,2530.265,0,65535,Tentacle Area,101.224,Tentacle,H2-32,,n/a,F1-H2-32,H2-32,H2,32,sym,W9-10
649,f1-fl-Snap-736.czi,1267.943,1232,65535,Symbiont Area,50.111,Tentacle,H2-32,,50.11107532,F1-H2-32,H2-32,H2,32,sym,W9-10
650,f1-bf-Snap-737.czi,4415.314,0,65535,Tentacle Area,50.111,Tentacle,H2-32,,n/a,F1-H2-32,H2-32,H2,32,sym,W9-10
651,f1-fl-Snap-736.czi,2049.381,1327,65535,Symbiont Area,46.415,Tentacle,H2-32,,46.41529459,F1-H2-32,H2-32,H2,32,sym,W9-10
652,f1-bf-Snap-737.czi,963.715,0,65535,Tentacle Area,0,Tentacle,H2-32,,n/a,F1-H2-32,H2-32,H2,32,sym,W9-10
653,f1-fl-Snap-736.czi,637.648,1342,65535,Symbiont Area,66.166,Tentacle,H2-32,,66.1656195,F1-H2-32,H2-32,H2,32,sym,W9-10
654,f1-bf-Snap-737.czi,4399.314,0,65535,Tentacle Area,0,Tentacle,H2-32,,n/a,F1-H2-32,H2-32,H2,32,sym,W9-10
655,f1-fl-Snap-736.czi,2140.411,1500,65535,Symbiont Area,48.653,Tentacle,H2-32,,48.65329004,F1-H2-32,H2-32,H2,32,sym,W9-10
656,f1-bf-Snap-737.czi,3985.243,0,65535,Tentacle Area,0,Tentacle,H2-32,,n/a,F1-H2-32,H2-32,H2,32,sym,W9-10
657,f1-fl-Snap-736.czi,1674.23,1406,65535,Symbiont Area,42.011,Tentacle,H2-32,,42.01073812,F1-H2-32,H2-32,H2,32,sym,W9-10
658,f1-bf-Snap-737.czi,1688.285,0,65535,Tentacle Area,0,Tentacle,H2-32,,n/a,F1-H2-32,H2-32,H2,32,sym,W9-10
659,f1-fl-Snap-736.czi,775.599,1769,65535,Symbiont Area,45.94,Tentacle,H2-32,,45.94005159,F1-H2-32,H2-32,H2,32,sym,W9-10
660,f2-bf-Snap-735.czi,1350.541,0,65535,Tentacle Area,0,Tentacle,H2-32,,n/a,F2-H2-32,H2-32,H2,32,sym,W9-10
661,f2-fl-Snap-734.czi,645.215,1645,65535,Symbiont Area,47.775,Tentacle,H2-32,,47.77455849,F2-H2-32,H2-32,H2,32,sym,W9-10
662,f2-bf-Snap-735.czi,3044.88,0,65535,Tentacle Area,0,Tentacle,H2-32,,n/a,F2-H2-32,H2-32,H2,32,sym,W9-10
663,f2-fl-Snap-734.czi,1681.149,1817,65535,Symbiont Area,55.212,Tentacle,H2-32,,55.21232364,F2-H2-32,H2-32,H2,32,sym,W9-10
664,f2-bf-Snap-735.czi,1453.681,0,65535,Tentacle Area,0,Tentacle,H2-32,,n/a,F2-H2-32,H2-32,H2,32,sym,W9-10
665,f2-fl-Snap-734.czi,788.14,1472,65535,Symbiont Area,54.217,Tentacle,H2-32,,54.21684675,F2-H2-32,H2-32,H2,32,sym,W9-10
666,f2-bf-Snap-735.czi,2709.083,0,65535,Tentacle Area,0,Tentacle,H2-32,,n/a,F2-H2-32,H2-32,H2,32,sym,W9-10
667,f2-fl-Snap-734.czi,1413.03,1723,65535,Symbiont Area,52.159,Tentacle,H2-32,,52.15897778,F2-H2-32,H2-32,H2,32,sym,W9-10
668,f2-bf-Snap-735.czi,4411.855,0,65535,Tentacle Area,0,Body column,H2-32,,n/a,F2-H2-32,H2-32,H2,32,sym,W9-10
669,f2-fl-Snap-734.czi,1841.588,1018,65535,Symbiont Area,41.742,Body column,H2-32,,41.74180702,F2-H2-32,H2-32,H2,32,sym,W9-10
670,f3-bf-Snap-733.czi,3154.723,0,65535,Tentacle Area,0,Tentacle,H2-32,,n/a,F3-H2-32,H2-32,H2,32,sym,W9-10
671,f3-fl-Snap-732.czi,889.982,938,65535,Symbiont Area,28.211,Tentacle,H2-32,,28.21109809,F3-H2-32,H2-32,H2,32,sym,W9-10
672,f3-bf-Snap-733.czi,3081.639,0,65535,Tentacle Area,0,Tentacle,H2-32,,n/a,F3-H2-32,H2-32,H2,32,sym,W9-10
673,f3-fl-Snap-732.czi,1339.081,1110,65535,Symbiont Area,43.454,Tentacle,H2-32,,43.45353236,F3-H2-32,H2-32,H2,32,sym,W9-10
674,f3-bf-Snap-733.czi,2843.143,0,65535,Tentacle Area,0,Tentacle,H2-32,,n/a,F3-H2-32,H2-32,H2,32,sym,W9-10
675,f3-fl-Snap-732.czi,1514.872,985,65535,Symbiont Area,53.282,Tentacle,H2-32,,53.28159716,F3-H2-32,H2-32,H2,32,sym,W9-10
676,f3-bf-Snap-733.czi,2915.145,0,65535,Tentacle Area,0,Tentacle,H2-32,,n/a,F3-H2-32,H2-32,H2,32,sym,W9-10
677,f3-fl-Snap-732.czi,1113.343,969,65535,Symbiont Area,38.192,Tentacle,H2-32,,38.19168515,F3-H2-32,H2-32,H2,32,sym,W9-10
678,f4-bf-Snap-731.czi,1332.811,0,65535,Tentacle Area,0,Tentacle,H2-32,,n/a,F4-H2-32,H2-32,H2,32,sym,W9-10
679,f4-fl-Snap-730.czi,285.849,1201,65535,Symbiont Area,21.447,Tentacle,H2-32,,21.44707689,F4-H2-32,H2-32,H2,32,sym,W9-10
680,f4-bf-Snap-731.czi,881.117,0,65535,Tentacle Area,0,Tentacle,H2-32,,n/a,F4-H2-32,H2-32,H2,32,sym,W9-10
681,f4-fl-Snap-730.czi,190.062,1014,65535,Symbiont Area,21.571,Tentacle,H2-32,,21.57057462,F4-H2-32,H2-32,H2,32,sym,W9-10
682,f4-bf-Snap-731.czi,1521.359,0,65535,Tentacle Area,0,Tentacle,H2-32,,n/a,F4-H2-32,H2-32,H2,32,sym,W9-10
683,f4-fl-Snap-730.czi,445.856,873,65535,Symbiont Area,29.306,Tentacle,H2-32,,29.30642932,F4-H2-32,H2-32,H2,32,sym,W9-10
684,f4-bf-Snap-731.czi,2297.174,0,65535,Tentacle Area,0,Tentacle,H2-32,,n/a,F4-H2-32,H2-32,H2,32,sym,W9-10
685,f4-fl-Snap-730.czi,849.764,1497,65535,Symbiont Area,36.992,Tentacle,H2-32,,36.99171243,F4-H2-32,H2-32,H2,32,sym,W9-10
686,f5-bf-Snap-729.czi,3200.562,0,65535,Tentacle Area,0,Tentacle,H2-32,,n/a,F5-H2-32,H2-32,H2,32,sym,W9-10
687,f5-fl-Snap-728.czi,827.926,530,65535,Symbiont Area,25.868,Tentacle,H2-32,,25.86814441,F5-H2-32,H2-32,H2,32,sym,W9-10
688,f5-bf-Snap-729.czi,5035.88,0,65535,Tentacle Area,0,Tentacle,H2-32,,n/a,F5-H2-32,H2-32,H2,32,sym,W9-10
689,f5-fl-Snap-728.czi,1272.917,923,65535,Symbiont Area,25.277,Tentacle,H2-32,,25.27695259,F5-H2-32,H2-32,H2,32,sym,W9-10
690,f5-bf-Snap-729.czi,901.658,0,65535,Tentacle Area,0,Tentacle,H2-32,,n/a,F5-H2-32,H2-32,H2,32,sym,W9-10
691,f5-fl-Snap-728.czi,442.18,1256,65535,Symbiont Area,49.041,Tentacle,H2-32,,49.04076712,F5-H2-32,H2-32,H2,32,sym,W9-10
692,f5-bf-Snap-729.czi,3620.471,0,65535,Tentacle Area,0,Tentacle,H2-32,,n/a,F5-H2-32,H2-32,H2,32,sym,W9-10
693,f5-fl-Snap-728.czi,1436.383,1059,65535,Symbiont Area,39.674,Tentacle,H2-32,,39.6739264,F5-H2-32,H2-32,H2,32,sym,W9-10
694,f5-bf-Snap-729.czi,8004.649,0,65535,Tentacle Area,0,Tentacle,H2-32,,n/a,F5-H2-32,H2-32,H2,32,sym,W9-10
695,f5-fl-Snap-728.czi,961.336,348,65535,Symbiont Area,12.01,Tentacle,H2-32,,12.00972085,F5-H2-32,H2-32,H2,32,sym,W9-10
696,f6-bf-Snap-727.czi,2567.239,0,65535,Tentacle Area,0,Tentacle,H2-32,,n/a,F6-H2-32,H2-32,H2,32,sym,W9-10
697,f6-fl-Snap-726.czi,475.479,1152,65535,Symbiont Area,18.521,Tentacle,H2-32,,18.5210259,F6-H2-32,H2-32,H2,32,sym,W9-10
698,f6-bf-Snap-727.czi,2970.931,0,65535,Tentacle Area,0,Tentacle,H2-32,,n/a,F6-H2-32,H2-32,H2,32,sym,W9-10
699,f6-fl-Snap-726.czi,437.207,1075,65535,Symbiont Area,14.716,Tentacle,H2-32,,14.71616136,F6-H2-32,H2-32,H2,32,sym,W9-10
700,f6-bf-Snap-727.czi,3149.533,0,65535,Tentacle Area,0,Tentacle,H2-32,,n/a,F6-H2-32,H2-32,H2,32,sym,W9-10
701,f6-fl-Snap-726.czi,595.484,1012,65535,Symbiont Area,18.907,Tentacle,H2-32,,18.90705701,F6-H2-32,H2-32,H2,32,sym,W9-10
702,f7-bf-Snap-725.czi,2000.297,0,65535,Tentacle Area,0,Tentacle,H2-32,,n/a,F7-H2-32,H2-32,H2,32,sym,W9-10
703,f7-fl-Snap-724.czi,480.452,800,65535,Symbiont Area,24.019,Tentacle,H2-32,,24.01903317,F7-H2-32,H2-32,H2,32,sym,W9-10
704,f7-bf-Snap-725.czi,5252.97,0,65535,Tentacle Area,0,Tentacle,H2-32,,n/a,F7-H2-32,H2-32,H2,32,sym,W9-10
705,f7-fl-Snap-724.czi,1361.353,956,65535,Symbiont Area,25.916,Tentacle,H2-32,,25.91587235,F7-H2-32,H2-32,H2,32,sym,W9-10
706,f7-bf-Snap-725.czi,4250.335,0,65535,Tentacle Area,0,Tentacle,H2-32,,n/a,F7-H2-32,H2-32,H2,32,sym,W9-10
707,f7-fl-Snap-724.czi,1645.905,1082,65535,Symbiont Area,38.724,Tentacle,H2-32,,38.7241241,F7-H2-32,H2-32,H2,32,sym,W9-10
708,f7-bf-Snap-725.czi,8029.299,0,65535,Tentacle Area,0,Body column,H2-32,,n/a,F7-H2-32,H2-32,H2,32,sym,W9-10
709,f7-fl-Snap-724.czi,1277.025,611,65535,Symbiont Area,15.905,Body column,H2-32,,15.90456402,F7-H2-32,H2-32,H2,32,sym,W9-10
710,f8-bf-Snap-723.czi,1331.297,0,65535,Tentacle Area,0,Tentacle,H2-32,,n/a,F8-H2-32,H2-32,H2,32,sym,W9-10
711,f8-fl-Snap-720.czi,633.972,1473,65535,Symbiont Area,47.621,Tentacle,H2-32,,47.62062861,F8-H2-32,H2-32,H2,32,sym,W9-10
712,f8-bf-Snap-723.czi,2940.444,0,65535,Tentacle Area,0,Tentacle,H2-32,,n/a,F8-H2-32,H2-32,H2,32,sym,W9-10
713,f8-fl-Snap-720.czi,1401.57,1564,65535,Symbiont Area,47.665,Tentacle,H2-32,,47.66525055,F8-H2-32,H2-32,H2,32,sym,W9-10
714,f8-bf-Snap-723.czi,226728.346,0,65535,0,0,0,H2-32,,REMOVED,F8-H2-32,H2-32,H2,32,sym,W9-10
715,f8-bf-Snap-723.czi,2077.706,0,65535,Tentacle Area,0,Tentacle,H2-32,,n/a,F8-H2-32,H2-32,H2,32,sym,W9-10
716,f8-fl-Snap-720.czi,1232.915,1367,65535,Symbiont Area,59.34,Tentacle,H2-32,,59.34020501,F8-H2-32,H2-32,H2,32,sym,W9-10
717,f8-bf-Snap-723.czi,3612.904,0,65535,Tentacle Area,0,Tentacle,H2-32,,n/a,F8-H2-32,H2-32,H2,32,sym,W9-10
718,f8-fl-Snap-720.czi,1749.476,911,65535,Symbiont Area,48.423,Tentacle,H2-32,,48.42298605,F8-H2-32,H2-32,H2,32,sym,W9-10
719,f8-bf-Snap-723.czi,2010.028,0,65535,Tentacle Area,0,Tentacle,H2-32,,n/a,F8-H2-32,H2-32,H2,32,sym,W9-10
720,f8-fl-Snap-720.czi,607.16,1351,65535,Symbiont Area,30.207,Tentacle,H2-32,,30.20654439,F8-H2-32,H2-32,H2,32,sym,W9-10
721,a1-bf-Snap-954.czi,4703.542,0,65535,Tentacle Area,0,Tentacle,VWA-25,,n/a,A1-VWA-25,VWA-25,VWA,25,sym,W9-10
722,a1-fl-Snap-953.czi,2264.308,1273,65535,Symbiont Area,48.14,Tentacle,VWA-25,,48.14048647,A1-VWA-25,VWA-25,VWA,25,sym,W9-10
723,a1-bf-Snap-954.czi,7704.962,0,65535,Tentacle Area,0,Tentacle,VWA-25,,n/a,A1-VWA-25,VWA-25,VWA,25,sym,W9-10
724,a1-fl-Snap-953.czi,4188.711,1320,65535,Symbiont Area,54.364,Tentacle,VWA-25,,54.36381127,A1-VWA-25,VWA-25,VWA,25,sym,W9-10
725,a1-bf-Snap-954.czi,7604.201,0,65535,Tentacle Area,0,Tentacle,VWA-25,,n/a,A1-VWA-25,VWA-25,VWA,25,sym,W9-10
726,a1-fl-Snap-953.czi,5564.334,1154,65535,Symbiont Area,73.174,Tentacle,VWA-25,,73.1744729,A1-VWA-25,VWA-25,VWA,25,sym,W9-10
727,a1-bf-Snap-954.czi,4371.205,0,65535,Tentacle Area,0,Tentacle,VWA-25,,n/a,A1-VWA-25,VWA-25,VWA,25,sym,W9-10
728,a1-fl-Snap-953.czi,2411.557,1082,65535,Symbiont Area,55.169,Tentacle,VWA-25,,55.16915816,A1-VWA-25,VWA-25,VWA,25,sym,W9-10
729,a1-bf-Snap-954.czi,4388.503,0,65535,Tentacle Area,0,Tentacle,VWA-25,,n/a,A1-VWA-25,VWA-25,VWA,25,sym,W9-10
730,a1-fl-Snap-953.czi,2024.515,1106,65535,Symbiont Area,46.132,Tentacle,VWA-25,,46.13224601,A1-VWA-25,VWA-25,VWA,25,sym,W9-10
731,a2-bf-Snap-956.czi,3484.25,0,65535,Tentacle Area,0,Tentacle,VWA-25,,n/a,A2-VWA-25,VWA-25,VWA,25,sym,W9-10
732,a2-fl-Snap-955.czi,1930.673,1077,65535,Symbiont Area,55.411,Tentacle,VWA-25,,55.41143718,A2-VWA-25,VWA-25,VWA,25,sym,W9-10
733,a2-bf-Snap-956.czi,8265.201,0,65535,Tentacle Area,0,Tentacle,VWA-25,,n/a,A2-VWA-25,VWA-25,VWA,25,sym,W9-10
734,a2-fl-Snap-955.czi,5104.424,937,65535,Symbiont Area,61.758,Tentacle,VWA-25,,61.75801411,A2-VWA-25,VWA-25,VWA,25,sym,W9-10
735,a2-bf-Snap-956.czi,5674.176,0,65535,Tentacle Area,0,Tentacle,VWA-25,,n/a,A2-VWA-25,VWA-25,VWA,25,sym,W9-10
736,a2-fl-Snap-955.czi,3124.235,765,65535,Symbiont Area,55.061,Tentacle,VWA-25,,55.06059382,A2-VWA-25,VWA-25,VWA,25,sym,W9-10
737,a2-bf-Snap-956.czi,5034.799,0,65535,Tentacle Area,0,Tentacle,VWA-25,,n/a,A2-VWA-25,VWA-25,VWA,25,sym,W9-10
738,a2-fl-Snap-955.czi,2486.155,700,65535,Symbiont Area,49.379,Tentacle,VWA-25,,49.37942905,A2-VWA-25,VWA-25,VWA,25,sym,W9-10
739,a2-bf-Snap-956.czi,6272.039,0,65535,Tentacle Area,0,Tentacle,VWA-25,,n/a,A2-VWA-25,VWA-25,VWA,25,sym,W9-10
740,a2-fl-Snap-955.czi,3270.619,991,65535,Symbiont Area,52.146,Tentacle,VWA-25,,52.1460246,A2-VWA-25,VWA-25,VWA,25,sym,W9-10
741,a3-bf-Snap-958.czi,43637.665,0,65535,Tentacle Area,0,Tentacle,VWA-25,tentacles are contracted,n/a,A3-VWA-25,VWA-25,VWA,25,sym,W9-10
742,a3-fl-Snap-957.czi,15896.213,800,65535,Symbiont Area,36.428,Tentacle,VWA-25,,36.42773508,A3-VWA-25,VWA-25,VWA,25,sym,W9-10
743,a4-bf-Snap-960.czi,3393.651,0,65535,Tentacle Area,0,Tentacle,VWA-25,,n/a,A4-VWA-25,VWA-25,VWA,25,sym,W9-10
744,a4-fl-Snap-959.czi,1790.343,911,65535,Symbiont Area,52.756,Tentacle,VWA-25,,52.7556605,A4-VWA-25,VWA-25,VWA,25,sym,W9-10
745,a4-bf-Snap-960.czi,2260.632,0,65535,Tentacle Area,0,Tentacle,VWA-25,,n/a,A4-VWA-25,VWA-25,VWA,25,sym,W9-10
746,a4-fl-Snap-959.czi,1337.135,1264,65535,Symbiont Area,59.149,Tentacle,VWA-25,,59.14872478,A4-VWA-25,VWA-25,VWA,25,sym,W9-10
747,a4-bf-Snap-960.czi,8873.658,0,65535,Tentacle Area,0,Tentacle,VWA-25,,n/a,A4-VWA-25,VWA-25,VWA,25,sym,W9-10
748,a4-fl-Snap-959.czi,3823.29,1293,65535,Symbiont Area,43.086,Tentacle,VWA-25,,43.08583901,A4-VWA-25,VWA-25,VWA,25,sym,W9-10
749,a4-bf-Snap-960.czi,4957.391,0,65535,Tentacle Area,0,Tentacle,VWA-25,,n/a,A4-VWA-25,VWA-25,VWA,25,sym,W9-10
750,a4-fl-Snap-959.czi,2509.94,1146,65535,Symbiont Area,50.63,Tentacle,VWA-25,,50.63026096,A4-VWA-25,VWA-25,VWA,25,sym,W9-10
751,a4-bf-Snap-960.czi,2573.294,0,65535,Tentacle Area,0,Tentacle,VWA-25,,n/a,A4-VWA-25,VWA-25,VWA,25,sym,W9-10
752,a4-fl-Snap-959.czi,1211.509,852,65535,Symbiont Area,47.08,Tentacle,VWA-25,,47.0800849,A4-VWA-25,VWA-25,VWA,25,sym,W9-10
753,a5-bf-Snap-962.czi,915.929,0,65535,Tentacle Area,47.08,Tentacle,VWA-25,,n/a,A5-VWA-25,VWA-25,VWA,25,sym,W9-10
754,a5-fl-Snap-961.czi,656.459,1530,65535,Symbiont Area,71.671,Tentacle,VWA-25,,71.67138501,A5-VWA-25,VWA-25,VWA,25,sym,W9-10
755,a5-bf-Snap-962.czi,1873.806,0,65535,Tentacle Area,0,Tentacle,VWA-25,,n/a,A5-VWA-25,VWA-25,VWA,25,sym,W9-10
756,a5-fl-Snap-961.czi,1287.836,1617,65535,Symbiont Area,68.728,Tentacle,VWA-25,,68.72835288,A5-VWA-25,VWA-25,VWA,25,sym,W9-10
757,a5-bf-Snap-962.czi,2233.604,0,65535,Tentacle Area,0,Tentacle,VWA-25,,n/a,A5-VWA-25,VWA-25,VWA,25,sym,W9-10
758,a5-fl-Snap-961.czi,1735.638,1160,65535,Symbiont Area,77.706,Tentacle,VWA-25,,77.70571686,A5-VWA-25,VWA-25,VWA,25,sym,W9-10
759,a5-bf-Snap-962.czi,1438.545,0,65535,Tentacle Area,0,Tentacle,VWA-25,,n/a,A5-VWA-25,VWA-25,VWA,25,sym,W9-10
760,a5-fl-Snap-961.czi,1009.122,1321,65535,Symbiont Area,70.149,Tentacle,VWA-25,,70.14879618,A5-VWA-25,VWA-25,VWA,25,sym,W9-10
761,a5-bf-Snap-962.czi,15637.392,0,65535,Tentacle Area,0,Body column,VWA-25,,n/a,A5-VWA-25,VWA-25,VWA,25,sym,W9-10
762,a5-fl-Snap-961.czi,5814.29,580,65535,Symbiont Area,37.182,Body column,VWA-25,,37.18196743,A5-VWA-25,VWA-25,VWA,25,sym,W9-10
763,a6-bf-Snap-964.czi,761.544,0,65535,Tentacle Area,0,Tentacle,VWA-25,,n/a,A6-VWA-25,VWA-25,VWA,25,sym,W9-10
764,a6-fl-Snap-963.czi,410.611,1183,65535,Symbiont Area,53.918,Tentacle,VWA-25,,53.91822403,A6-VWA-25,VWA-25,VWA,25,sym,W9-10
765,a6-bf-Snap-964.czi,886.739,0,65535,Tentacle Area,0,Tentacle,VWA-25,,n/a,A6-VWA-25,VWA-25,VWA,25,sym,W9-10
766,a6-fl-Snap-963.czi,427.693,1267,65535,Symbiont Area,48.232,Tentacle,VWA-25,,48.23211791,A6-VWA-25,VWA-25,VWA,25,sym,W9-10
767,a6-bf-Snap-964.czi,189.629,0,65535,Tentacle Area,0,Tentacle,VWA-25,,n/a,A6-VWA-25,VWA-25,VWA,25,sym,W9-10
768,a6-fl-Snap-963.czi,139.033,1410,65535,Symbiont Area,73.318,Tentacle,VWA-25,,73.31842703,A6-VWA-25,VWA-25,VWA,25,sym,W9-10
769,a6-bf-Snap-964.czi,542.076,0,65535,Tentacle Area,0,Tentacle,VWA-25,,n/a,A6-VWA-25,VWA-25,VWA,25,sym,W9-10
770,a6-fl-Snap-963.czi,358.285,1063,65535,Symbiont Area,66.095,Tentacle,VWA-25,,66.09497561,A6-VWA-25,VWA-25,VWA,25,sym,W9-10
771,a7-bf-Snap-966.czi,769.977,0,65535,Tentacle Area,0,Tentacle,VWA-25,,n/a,A7-VWA-25,VWA-25,VWA,25,sym,W9-10
772,a7-fl-Snap-965.czi,368.231,1079,65535,Symbiont Area,47.824,Tentacle,VWA-25,,47.82363629,A7-VWA-25,VWA-25,VWA,25,sym,W9-10
773,a7-bf-Snap-966.czi,4429.153,0,65535,Tentacle Area,0,Tentacle,VWA-25,,n/a,A7-VWA-25,VWA-25,VWA,25,sym,W9-10
774,a7-fl-Snap-965.czi,2302.796,745,65535,Symbiont Area,51.992,Tentacle,VWA-25,,51.99179166,A7-VWA-25,VWA-25,VWA,25,sym,W9-10
775,a7-bf-Snap-966.czi,7084.18,0,65535,Tentacle Area,0,Tentacle,VWA-25,,n/a,A7-VWA-25,VWA-25,VWA,25,sym,W9-10
776,a7-fl-Snap-965.czi,3552.144,758,65535,Symbiont Area,50.142,Tentacle,VWA-25,,50.14192186,A7-VWA-25,VWA-25,VWA,25,sym,W9-10
777,a7-bf-Snap-966.czi,6191.387,0,65535,Tentacle Area,0,Tentacle,VWA-25,,n/a,A7-VWA-25,VWA-25,VWA,25,sym,W9-10
778,a7-fl-Snap-965.czi,2851.575,848,65535,Symbiont Area,46.057,Tentacle,VWA-25,,46.05712743,A7-VWA-25,VWA-25,VWA,25,sym,W9-10
781,a8-bf-Snap-968.czi,3091.801,0,65535,Tentacle Area,0,Tentacle,VWA-25,,n/a,A8-VWA-25,VWA-25,VWA,25,sym,W9-10
782,a8-fl-Snap-967.czi,1933.268,1120,65535,Symbiont Area,62.529,Tentacle,VWA-25,,62.52886263,A8-VWA-25,VWA-25,VWA,25,sym,W9-10
783,a8-bf-Snap-968.czi,4653.378,0,65535,Tentacle Area,0,Tentacle,VWA-25,,n/a,A8-VWA-25,VWA-25,VWA,25,sym,W9-10
784,a8-fl-Snap-967.czi,2621.944,901,65535,Symbiont Area,56.345,Tentacle,VWA-25,,56.34496059,A8-VWA-25,VWA-25,VWA,25,sym,W9-10
785,a8-bf-Snap-968.czi,2642.702,0,65535,Tentacle Area,0,Tentacle,VWA-25,,n/a,A8-VWA-25,VWA-25,VWA,25,sym,W9-10
786,a8-fl-Snap-967.czi,1477.465,1059,65535,Symbiont Area,55.907,Tentacle,VWA-25,,55.90736299,A8-VWA-25,VWA-25,VWA,25,sym,W9-10
787,a8-bf-Snap-968.czi,3565.983,0,65535,Tentacle Area,0,Tentacle,VWA-25,,n/a,A8-VWA-25,VWA-25,VWA,25,sym,W9-10
788,a8-fl-Snap-967.czi,1470.114,755,65535,Symbiont Area,41.226,Tentacle,VWA-25,,41.22605183,A8-VWA-25,VWA-25,VWA,25,sym,W9-10
792,b2-bf-Snap-984.czi,472.452,0,65535,Tentacle Area,0,Tentacle,VWA-25,"tentacles contracted, measured body",n/a,B2-VWA-25,VWA-25,VWA,25,sym,W9-10
793,b2-fl-Snap-983.czi,297.742,1809,65535,Symbiont Area,63.021,Tentacle,VWA-25,,63.02058199,B2-VWA-25,VWA-25,VWA,25,sym,W9-10
794,b2-bf-Snap-984.czi,2848.764,0,65535,Tentacle Area,0,Tentacle,VWA-25,,n/a,B2-VWA-25,VWA-25,VWA,25,sym,W9-10
795,b2-fl-Snap-983.czi,1555.739,1555,65535,Symbiont Area,54.611,Tentacle,VWA-25,,54.61101727,B2-VWA-25,VWA-25,VWA,25,sym,W9-10
796,b2-bf-Snap-984.czi,826.412,0,65535,Tentacle Area,0,Tentacle,VWA-25,,n/a,B2-VWA-25,VWA-25,VWA,25,sym,W9-10
797,b2-fl-Snap-983.czi,560.023,1540,65535,Symbiont Area,67.766,Tentacle,VWA-25,,67.76559392,B2-VWA-25,VWA-25,VWA,25,sym,W9-10
798,b2-bf-Snap-984.czi,699.488,0,65535,Tentacle Area,0,Tentacle,VWA-25,,n/a,B2-VWA-25,VWA-25,VWA,25,sym,W9-10
799,b2-fl-Snap-983.czi,458.613,1495,65535,Symbiont Area,65.564,Tentacle,VWA-25,,65.56409831,B2-VWA-25,VWA-25,VWA,25,sym,W9-10
800,b2-bf-Snap-984.czi,1778.018,0,65535,Tentacle Area,0,Tentacle,VWA-25,,n/a,B2-VWA-25,VWA-25,VWA,25,sym,W9-10
801,b2-fl-Snap-983.czi,1133.235,1854,65535,Symbiont Area,63.736,Tentacle,VWA-25,,63.73585644,B2-VWA-25,VWA-25,VWA,25,sym,W9-10
802,b2-bf-Snap-984.czi,460.343,0,65535,Tentacle Area,0,Tentacle,VWA-25,,n/a,B2-VWA-25,VWA-25,VWA,25,sym,W9-10
803,b2-fl-Snap-983.czi,250.605,1346,65535,Symbiont Area,54.439,Tentacle,VWA-25,,54.43875545,B2-VWA-25,VWA-25,VWA,25,sym,W9-10
804,b3-bf-Snap-982.czi,30675.841,0,65535,Tentacle Area,0,Body column,VWA-25,"tentacles contracted, measured body",n/a,B3-VWA-25,VWA-25,VWA,25,sym,W9-10
805,b3-fl-Snap-981.czi,11299.918,679,65535,Symbiont Area,36.837,Body column,VWA-25,,36.83653856,B3-VWA-25,VWA-25,VWA,25,sym,W9-10
806,b4-bf-Snap-980.czi,5088.207,0,65535,Tentacle Area,0,Tentacle,VWA-25,,n/a,B4-VWA-25,VWA-25,VWA,25,sym,W9-10
807,b4-fl-Snap-979.czi,2047.002,1268,65535,Symbiont Area,40.23,Tentacle,VWA-25,,40.23032082,B4-VWA-25,VWA-25,VWA,25,sym,W9-10
808,b4-bf-Snap-980.czi,3381.759,0,65535,Tentacle Area,0,Tentacle,VWA-25,,n/a,B4-VWA-25,VWA-25,VWA,25,sym,W9-10
809,b4-fl-Snap-979.czi,1591.2,1067,65535,Symbiont Area,47.052,Tentacle,VWA-25,,47.05243632,B4-VWA-25,VWA-25,VWA,25,sym,W9-10
810,b4-bf-Snap-980.czi,7242.24,0,65535,Tentacle Area,0,Tentacle,VWA-25,,n/a,B4-VWA-25,VWA-25,VWA,25,sym,W9-10
811,b4-fl-Snap-979.czi,4126.005,1268,65535,Symbiont Area,56.971,Tentacle,VWA-25,,56.97139283,B4-VWA-25,VWA-25,VWA,25,sym,W9-10
812,b4-bf-Snap-980.czi,5420.761,0,65535,Tentacle Area,0,Tentacle,VWA-25,,n/a,B4-VWA-25,VWA-25,VWA,25,sym,W9-10
813,b4-fl-Snap-979.czi,2904.767,1160,65535,Symbiont Area,53.586,Tentacle,VWA-25,,53.5859633,B4-VWA-25,VWA-25,VWA,25,sym,W9-10
814,b4-bf-Snap-980.czi,1619.309,0,65535,Tentacle Area,0,Tentacle,VWA-25,,n/a,B4-VWA-25,VWA-25,VWA,25,sym,W9-10
815,b4-fl-Snap-979.czi,938.2,1392,65535,Symbiont Area,57.938,Tentacle,VWA-25,,57.93829343,B4-VWA-25,VWA-25,VWA,25,sym,W9-10
816,b4-bf-Snap-980.czi,15690.367,0,65535,Tentacle Area,0,Body column,VWA-25,,n/a,B4-VWA-25,VWA-25,VWA,25,sym,W9-10
817,b4-fl-Snap-979.czi,6035.488,804,65535,Symbiont Area,38.466,Body column,VWA-25,,38.46620031,B4-VWA-25,VWA-25,VWA,25,sym,W9-10
818,b5-bf-Snap-978.czi,5926.079,0,65535,Tentacle Area,0,Tentacle,VWA-25,,n/a,B5-VWA-25,VWA-25,VWA,25,sym,W9-10
819,b5-fl-Snap-977.czi,3388.03,1019,65535,Symbiont Area,57.172,Tentacle,VWA-25,,57.17152944,B5-VWA-25,VWA-25,VWA,25,sym,W9-10
820,b5-bf-Snap-978.czi,1884.617,0,65535,Tentacle Area,0,Tentacle,VWA-25,,n/a,B5-VWA-25,VWA-25,VWA,25,sym,W9-10
821,b5-fl-Snap-977.czi,1054.962,1091,65535,Symbiont Area,55.978,Tentacle,VWA-25,,55.97752753,B5-VWA-25,VWA-25,VWA,25,sym,W9-10
822,b5-bf-Snap-978.czi,2051.543,0,65535,Tentacle Area,0,Tentacle,VWA-25,,n/a,B5-VWA-25,VWA-25,VWA,25,sym,W9-10
823,b5-fl-Snap-977.czi,1420.382,959,65535,Symbiont Area,69.235,Tentacle,VWA-25,,69.23481497,B5-VWA-25,VWA-25,VWA,25,sym,W9-10
824,b5-fl-Snap-977.czi,226728.346,0,65535,Tentacle Area,0,Tentacle,VWA-25,,REMOVED,B5-VWA-25,VWA-25,VWA,25,sym,W9-10
825,b5-fl-Snap-977.czi,951.39,899,65535,Symbiont Area,0.42,Tentacle,VWA-25,,REMOVED,B5-VWA-25,VWA-25,VWA,25,sym,W9-10
826,b6-bf-Snap-976.czi,1835.534,0,65535,Tentacle Area,37.472,Tentacle,VWA-25,,n/a,B6-VWA-25,VWA-25,VWA,25,sym,W9-10
827,b6-fl-Snap-975.czi,1154.209,1344,65535,Symbiont Area,62.881,Tentacle,VWA-25,,62.88137403,B6-VWA-25,VWA-25,VWA,25,sym,W9-10
828,b6-bf-Snap-976.czi,4063.733,0,65535,Tentacle Area,37.472,Tentacle,VWA-25,,n/a,B6-VWA-25,VWA-25,VWA,25,sym,W9-10
829,b6-fl-Snap-975.czi,3005.311,1414,65535,Symbiont Area,73.954,Tentacle,VWA-25,,73.95444041,B6-VWA-25,VWA-25,VWA,25,sym,W9-10
830,b6-bf-Snap-976.czi,720.462,0,65535,Tentacle Area,37.472,Tentacle,VWA-25,,n/a,B6-VWA-25,VWA-25,VWA,25,sym,W9-10
831,b6-fl-Snap-975.czi,548.347,1441,65535,Symbiont Area,76.11,Tentacle,VWA-25,,76.11046801,B6-VWA-25,VWA-25,VWA,25,sym,W9-10
832,b6-bf-Snap-976.czi,2850.927,0,65535,Tentacle Area,37.472,Tentacle,VWA-25,,n/a,B6-VWA-25,VWA-25,VWA,25,sym,W9-10
833,b6-fl-Snap-975.czi,1954.89,1663,65535,Symbiont Area,68.57,Tentacle,VWA-25,,68.57032818,B6-VWA-25,VWA-25,VWA,25,sym,W9-10
834,b6-bf-Snap-976.czi,16471.156,0,65535,Tentacle Area,37.472,Body column,VWA-25,,n/a,B6-VWA-25,VWA-25,VWA,25,sym,W9-10
835,b6-fl-Snap-975.czi,5501.845,610,65535,Symbiont Area,33.403,Body column,VWA-25,,33.40290748,B6-VWA-25,VWA-25,VWA,25,sym,W9-10
836,b7-bf-Snap-974.czi,6883.307,0,65535,Tentacle Area,0,Body column,VWA-25,,n/a,B7-VWA-25,VWA-25,VWA,25,sym,W9-10
837,b7-fl-Snap-973.czi,2738.49,822,65535,Symbiont Area,39.785,Body column,VWA-25,,39.78451056,B7-VWA-25,VWA-25,VWA,25,sym,W9-10
838,b7-bf-Snap-974.czi,3194.724,0,65535,Tentacle Area,0,Tentacle,VWA-25,,n/a,B7-VWA-25,VWA-25,VWA,25,sym,W9-10
839,b7-fl-Snap-973.czi,1850.886,1042,65535,Symbiont Area,57.936,Tentacle,VWA-25,,57.935709,B7-VWA-25,VWA-25,VWA,25,sym,W9-10
840,b7-bf-Snap-974.czi,3796.262,0,65535,Tentacle Area,0,Tentacle,VWA-25,,n/a,B7-VWA-25,VWA-25,VWA,25,sym,W9-10
841,b7-fl-Snap-973.czi,2818.493,1292,65535,Symbiont Area,74.244,Tentacle,VWA-25,,74.24390097,B7-VWA-25,VWA-25,VWA,25,sym,W9-10
842,b7-bf-Snap-974.czi,847.602,0,65535,Tentacle Area,0,Tentacle,VWA-25,,n/a,B7-VWA-25,VWA-25,VWA,25,sym,W9-10
843,b7-fl-Snap-973.czi,648.243,1365,65535,Symbiont Area,76.48,Tentacle,VWA-25,,76.47964493,B7-VWA-25,VWA-25,VWA,25,sym,W9-10
844,b8-bf-Snap-972.czi,390.719,0,65535,Tentacle Area,0,Tentacle,VWA-25,,n/a,B8-VWA-25,VWA-25,VWA,25,sym,W9-10
845,b8-fl-Snap-969.czi,92.977,925,65535,Symbiont Area,23.796,Tentacle,VWA-25,,23.79638564,B8-VWA-25,VWA-25,VWA,25,sym,W9-10
846,b8-bf-Snap-972.czi,4797.6,0,65535,Tentacle Area,0,Tentacle,VWA-25,,n/a,B8-VWA-25,VWA-25,VWA,25,sym,W9-10
847,b8-fl-Snap-969.czi,2350.366,1600,65535,Symbiont Area,48.99,Tentacle,VWA-25,,48.99045356,B8-VWA-25,VWA-25,VWA,25,sym,W9-10
848,b8-bf-Snap-972.czi,4907.659,0,65535,Tentacle Area,0,Tentacle,VWA-25,,n/a,B8-VWA-25,VWA-25,VWA,25,sym,W9-10
849,b8-fl-Snap-969.czi,2411.774,1333,65535,Symbiont Area,49.143,Tentacle,VWA-25,,49.14306393,B8-VWA-25,VWA-25,VWA,25,sym,W9-10
850,b8-bf-Snap-972.czi,184.872,0,65535,Tentacle Area,0,Tentacle,VWA-25,,n/a,B8-VWA-25,VWA-25,VWA,25,sym,W9-10
851,b8-fl-Snap-969.czi,94.923,1019,65535,Symbiont Area,51.345,Tentacle,VWA-25,,51.3452551,B8-VWA-25,VWA-25,VWA,25,sym,W9-10
852,b8-bf-Snap-972.czi,4329.473,0,65535,Tentacle Area,0,Tentacle,VWA-25,,n/a,B8-VWA-25,VWA-25,VWA,25,sym,W9-10
853,b8-fl-Snap-969.czi,2078.787,1317,65535,Symbiont Area,48.015,Tentacle,VWA-25,,48.01478148,B8-VWA-25,VWA-25,VWA,25,sym,W9-10
854,b8-bf-Snap-972.czi,11929.133,0,65535,Tentacle Area,0,Body column,VWA-25,,n/a,B8-VWA-25,VWA-25,VWA,25,sym,W9-10
855,b8-fl-Snap-969.czi,4432.829,831,65535,Symbiont Area,37.16,Body column,VWA-25,,37.15969132,B8-VWA-25,VWA-25,VWA,25,sym,W9-10
856,c1-bf-Snap-988.czi,45151.456,0,65535,Tentacle Area,0,Body column,VWA-25,"contracted, measured body",n/a,C1-VWA-25,VWA-25,VWA,25,sym,W9-10
857,c1-fl-Snap-987.czi,15671.123,480,65535,Symbiont Area,34.708,Body column,VWA-25,,34.70790178,C1-VWA-25,VWA-25,VWA,25,sym,W9-10
858,c2-bf-Snap-990.czi,50845.525,0,65535,Tentacle Area,0,Body column,VWA-25,"contracted, measured body",n/a,C2-VWA-25,VWA-25,VWA,25,sym,W9-10
859,c2-fl-Snap-989.czi,12987.771,708,65535,Symbiont Area,25.544,Body column,VWA-25,,25.54358717,C2-VWA-25,VWA-25,VWA,25,sym,W9-10
860,c3-bf-Snap-992.czi,2738.057,0,65535,Tentacle Area,0,Tentacle,VWA-25,,n/a,C3-VWA-25,VWA-25,VWA,25,sym,W9-10
861,c3-fl-Snap-991.czi,1514.656,1055,65535,Symbiont Area,55.319,Tentacle,VWA-25,,55.31864384,C3-VWA-25,VWA-25,VWA,25,sym,W9-10
862,c3-bf-Snap-992.czi,5406.057,0,65535,Tentacle Area,0,Tentacle,VWA-25,,n/a,C3-VWA-25,VWA-25,VWA,25,sym,W9-10
863,c3-fl-Snap-991.czi,2864.765,1187,65535,Symbiont Area,52.992,Tentacle,VWA-25,,52.99176461,C3-VWA-25,VWA-25,VWA,25,sym,W9-10
864,c3-bf-Snap-992.czi,5594.389,0,65535,Tentacle Area,0,Body column,VWA-25,,n/a,C3-VWA-25,VWA-25,VWA,25,sym,W9-10
865,c3-fl-Snap-991.czi,2357.501,827,65535,Symbiont Area,42.14,Body column,VWA-25,,42.14045537,C3-VWA-25,VWA-25,VWA,25,sym,W9-10
866,c3-bf-Snap-992.czi,5446.275,0,65535,Tentacle Area,0,Tentacle,VWA-25,,n/a,C3-VWA-25,VWA-25,VWA,25,sym,W9-10
867,c3-fl-Snap-991.czi,2370.475,947,65535,Symbiont Area,43.525,Tentacle,VWA-25,,43.52470266,C3-VWA-25,VWA-25,VWA,25,sym,W9-10
868,c3-bf-Snap-992.czi,3694.42,0,65535,Tentacle Area,0,Tentacle,VWA-25,,n/a,C3-VWA-25,VWA-25,VWA,25,sym,W9-10
869,c3-fl-Snap-991.czi,1654.121,911,65535,Symbiont Area,44.773,Tentacle,VWA-25,,44.77349625,C3-VWA-25,VWA-25,VWA,25,sym,W9-10
870,c4-bf-Snap-994.czi,2063.219,0,65535,Tentacle Area,0,Tentacle,VWA-25,blurry image,REMOVED,C4-VWA-25,VWA-25,VWA,25,sym,W9-10
871,c4-fl-Snap-993.czi,1318.54,940,65535,Symbiont Area,63.907,Tentacle,VWA-25,,REMOVED,C4-VWA-25,VWA-25,VWA,25,sym,W9-10
872,c4-bf-Snap-994.czi,951.822,0,65535,Tentacle Area,0,Tentacle,VWA-25,,n/a,C4-VWA-25,VWA-25,VWA,25,sym,W9-10
873,c4-fl-Snap-993.czi,474.83,1479,65535,Symbiont Area,49.886,Tentacle,VWA-25,,49.88642834,C4-VWA-25,VWA-25,VWA,25,sym,W9-10
874,c4-bf-Snap-994.czi,3758.423,0,65535,Tentacle Area,0,Tentacle,VWA-25,,n/a,C4-VWA-25,VWA-25,VWA,25,sym,W9-10
875,c4-fl-Snap-993.czi,2239.442,1510,65535,Symbiont Area,59.585,Tentacle,VWA-25,,59.58461834,C4-VWA-25,VWA-25,VWA,25,sym,W9-10
876,c4-bf-Snap-994.czi,1189.237,0,65535,Tentacle Area,0,Tentacle,VWA-25,,n/a,C4-VWA-25,VWA-25,VWA,25,sym,W9-10
877,c4-fl-Snap-993.czi,799.168,1155,65535,Symbiont Area,67.2,Tentacle,VWA-25,,67.20006189,C4-VWA-25,VWA-25,VWA,25,sym,W9-10
878,c4-bf-Snap-994.czi,3026.934,0,65535,Tentacle Area,0,Tentacle,VWA-25,,n/a,C4-VWA-25,VWA-25,VWA,25,sym,W9-10
879,c4-fl-Snap-993.czi,1462.546,1356,65535,Symbiont Area,48.318,Tentacle,VWA-25,,48.31773669,C4-VWA-25,VWA-25,VWA,25,sym,W9-10
880,c5-bf-Snap-996.czi,526.508,0,65535,Tentacle Area,0,Tentacle,VWA-25,,n/a,C5-VWA-25,VWA-25,VWA,25,sym,W9-10
881,c5-fl-Snap-995.czi,288.012,1337,65535,Symbiont Area,54.702,Tentacle,VWA-25,,54.70230272,C5-VWA-25,VWA-25,VWA,25,sym,W9-10
882,c5-bf-Snap-996.czi,2659.784,0,65535,Tentacle Area,0,Tentacle,VWA-25,,n/a,C5-VWA-25,VWA-25,VWA,25,sym,W9-10
883,c5-fl-Snap-995.czi,1310.972,1601,65535,Symbiont Area,49.289,Tentacle,VWA-25,,49.28866404,C5-VWA-25,VWA-25,VWA,25,sym,W9-10
884,c5-bf-Snap-996.czi,4136.168,0,65535,Tentacle Area,48.341,Tentacle,VWA-25,,n/a,C5-VWA-25,VWA-25,VWA,25,sym,W9-10
885,c5-fl-Snap-995.czi,2354.69,1757,65535,Symbiont Area,56.929,Tentacle,VWA-25,,56.929264,C5-VWA-25,VWA-25,VWA,25,sym,W9-10
886,c5-bf-Snap-996.czi,695.163,0,65535,Tentacle Area,0,Tentacle,VWA-25,,n/a,C5-VWA-25,VWA-25,VWA,25,sym,W9-10
887,c5-fl-Snap-995.czi,480.236,1710,65535,Symbiont Area,69.082,Tentacle,VWA-25,,69.08250295,C5-VWA-25,VWA-25,VWA,25,sym,W9-10
888,c5-bf-Snap-996.czi,3788.478,0,65535,Tentacle Area,0,Tentacle,VWA-25,,n/a,C5-VWA-25,VWA-25,VWA,25,sym,W9-10
889,c5-fl-Snap-995.czi,1932.187,1430,65535,Symbiont Area,51.002,Tentacle,VWA-25,,51.00166874,C5-VWA-25,VWA-25,VWA,25,sym,W9-10
890,c5-bf-Snap-996.czi,2005.919,0,65535,Tentacle Area,0,Tentacle,VWA-25,,n/a,C5-VWA-25,VWA-25,VWA,25,sym,W9-10
891,c5-fl-Snap-995.czi,685.217,1104,65535,Symbiont Area,34.16,Tentacle,VWA-25,,34.15975421,C5-VWA-25,VWA-25,VWA,25,sym,W9-10
894,c7-bf-Snap-1000.czi,5113.937,0,65535,Tentacle Area,0,Tentacle,VWA-25,Is a ball,REMOVED,C7-VWA-25,VWA-25,VWA,25,sym,W9-10
895,c7-fl-Snap-999.czi,2775.897,1251,65535,Symbiont Area,54.281,Tentacle,VWA-25,,REMOVED,C7-VWA-25,VWA-25,VWA,25,sym,W9-10
896,c7-fl-Snap-999.czi,226728.346,0,65535,Tentacle Area,0,Tentacle,VWA-25,,REMOVED,C7-VWA-25,VWA-25,VWA,25,sym,W9-10
897,c7-fl-Snap-999.czi,397.854,1100,65535,Symbiont Area,0.175,Tentacle,VWA-25,,REMOVED,C7-VWA-25,VWA-25,VWA,25,sym,W9-10
898,c7-bf-Snap-1000.czi,1571.091,0,65535,Tentacle Area,0,Tentacle,VWA-25,,n/a,C7-VWA-25,VWA-25,VWA,25,sym,W9-10
899,c7-fl-Snap-999.czi,1017.122,1216,65535,Symbiont Area,64.74,Tentacle,VWA-25,,64.73985275,C7-VWA-25,VWA-25,VWA,25,sym,W9-10
900,c7-bf-Snap-1000.czi,12926.363,0,65535,Tentacle Area,0,Body column,VWA-25,,n/a,C7-VWA-25,VWA-25,VWA,25,sym,W9-10
901,c7-fl-Snap-999.czi,4151.304,510,65535,Symbiont Area,32.115,Body column,VWA-25,,32.11501951,C7-VWA-25,VWA-25,VWA,25,sym,W9-10
902,c8-bf-Snap-1002.czi,3255.916,0,65535,Tentacle Area,0,Tentacle,VWA-25,,n/a,C8-VWA-25,VWA-25,VWA,25,sym,W9-10
903,c8-fl-Snap-1001.czi,1931.97,1112,65535,Symbiont Area,59.337,Tentacle,VWA-25,,59.33721877,C8-VWA-25,VWA-25,VWA,25,sym,W9-10
904,c8-bf-Snap-1002.czi,989.446,0,65535,Tentacle Area,0,Tentacle,VWA-25,,n/a,C8-VWA-25,VWA-25,VWA,25,sym,W9-10
905,c8-fl-Snap-1001.czi,665.108,965,65535,Symbiont Area,67.22,Tentacle,VWA-25,,67.22024244,C8-VWA-25,VWA-25,VWA,25,sym,W9-10
906,c8-bf-Snap-1002.czi,1127.83,0,65535,Tentacle Area,0,Tentacle,VWA-25,,n/a,C8-VWA-25,VWA-25,VWA,25,sym,W9-10
907,c8-fl-Snap-1001.czi,500.993,1014,65535,Symbiont Area,44.421,Tentacle,VWA-25,,44.4209677,C8-VWA-25,VWA-25,VWA,25,sym,W9-10
908,c8-bf-Snap-1002.czi,2877.09,0,65535,Tentacle Area,0,Tentacle,VWA-25,,n/a,C8-VWA-25,VWA-25,VWA,25,sym,W9-10
909,c8-fl-Snap-1001.czi,1710.124,1088,65535,Symbiont Area,59.439,Tentacle,VWA-25,,59.43936408,C8-VWA-25,VWA-25,VWA,25,sym,W9-10
REMOVE,d1-bf/fl-Snap-1017/1018.czi,REMOVE,REMOVE,REMOVE,REMOVE,REMOVE,REMOVE,VWA-25,"dead, ball of nothing",REMOVED,D1-VWA-25,VWA-25,VWA,25,sym,W9-10
910,d2-bf-Snap-1016.czi,2853.305,0,65535,Tentacle Area,0,Tentacle,VWA-25,,n/a,D2-VWA-25,VWA-25,VWA,25,sym,W9-10
911,d2-fl-Snap-1015.czi,1089.99,1211,65535,Symbiont Area,38.201,Tentacle,VWA-25,,38.20096344,D2-VWA-25,VWA-25,VWA,25,sym,W9-10
912,d2-bf-Snap-1016.czi,3825.236,0,65535,Tentacle Area,0,Tentacle,VWA-25,,n/a,D2-VWA-25,VWA-25,VWA,25,sym,W9-10
913,d2-fl-Snap-1015.czi,1352.487,784,65535,Symbiont Area,35.357,Tentacle,VWA-25,,35.35695575,D2-VWA-25,VWA-25,VWA,25,sym,W9-10
914,d2-bf-Snap-1016.czi,4195.846,0,65535,Tentacle Area,0,Tentacle,VWA-25,,n/a,D2-VWA-25,VWA-25,VWA,25,sym,W9-10
915,d2-fl-Snap-1015.czi,1573.902,1368,65535,Symbiont Area,37.511,Tentacle,VWA-25,,37.51095727,D2-VWA-25,VWA-25,VWA,25,sym,W9-10
916,d2-bf-Snap-1016.czi,5472.222,0,65535,Tentacle Area,0,Tentacle,VWA-25,,n/a,D2-VWA-25,VWA-25,VWA,25,sym,W9-10
917,d2-fl-Snap-1015.czi,2114.464,955,65535,Symbiont Area,38.64,Tentacle,VWA-25,,38.63995284,D2-VWA-25,VWA-25,VWA,25,sym,W9-10
918,d2-bf-Snap-1016.czi,2122.897,0,65535,Tentacle Area,0,Tentacle,VWA-25,,n/a,D2-VWA-25,VWA-25,VWA,25,sym,W9-10
919,d2-fl-Snap-1015.czi,1006.095,670,65535,Symbiont Area,47.393,Tentacle,VWA-25,,47.39254896,D2-VWA-25,VWA-25,VWA,25,sym,W9-10
920,d3-bf-Snap-1014.czi,1282.647,0,65535,Tentacle Area,0,Tentacle,VWA-25,,n/a,D3-VWA-25,VWA-25,VWA,25,sym,W9-10
921,d3-fl-Snap-1013.czi,574.077,604,65535,Symbiont Area,44.757,Tentacle,VWA-25,,44.75720912,D3-VWA-25,VWA-25,VWA,25,sym,W9-10
922,d3-bf-Snap-1014.czi,2245.713,0,65535,Tentacle Area,0,Tentacle,VWA-25,,n/a,D3-VWA-25,VWA-25,VWA,25,sym,W9-10
923,d3-fl-Snap-1013.czi,1122.208,707,65535,Symbiont Area,49.971,Tentacle,VWA-25,,49.97112276,D3-VWA-25,VWA-25,VWA,25,sym,W9-10
924,d3-bf-Snap-1014.czi,2910.388,0,65535,Tentacle Area,0,Tentacle,VWA-25,,n/a,D3-VWA-25,VWA-25,VWA,25,sym,W9-10
925,d3-fl-Snap-1013.czi,1147.074,527,65535,Symbiont Area,39.413,Tentacle,VWA-25,,39.41309544,D3-VWA-25,VWA-25,VWA,25,sym,W9-10
926,d3-bf-Snap-1014.czi,3828.48,0,65535,Tentacle Area,0,Tentacle,VWA-25,,n/a,D3-VWA-25,VWA-25,VWA,25,sym,W9-10
927,d3-fl-Snap-1013.czi,1862.562,1298,65535,Symbiont Area,48.65,Tentacle,VWA-25,,48.65016926,D3-VWA-25,VWA-25,VWA,25,sym,W9-10
928,d4-bf-Snap-1012.czi,33730.884,0,65535,Tentacle Area,0,Body column,VWA-25,"Ball shape, no tentacles",n/a,D4-VWA-25,VWA-25,VWA,25,sym,W9-10
929,d4-fl-Snap-1011.czi,10363.664,574,65535,Symbiont Area,30.725,Body column,VWA-25,,30.72455498,D4-VWA-25,VWA-25,VWA,25,sym,W9-10
930,d5-bf-Snap-1010.czi,783.383,0,65535,Tentacle Area,0,Tentacle,VWA-25,,n/a,D5-VWA-25,VWA-25,VWA,25,sym,W9-10
931,d5-fl-Snap-1009.czi,506.615,1177,65535,Symbiont Area,64.67,Tentacle,VWA-25,,64.67015496,D5-VWA-25,VWA-25,VWA,25,sym,W9-10
932,d5-bf-Snap-1010.czi,1006.311,0,65535,Tentacle Area,0,Tentacle,VWA-25,,n/a,D5-VWA-25,VWA-25,VWA,25,sym,W9-10
933,d5-fl-Snap-1009.czi,715.921,937,65535,Symbiont Area,71.143,Tentacle,VWA-25,,71.1431158,D5-VWA-25,VWA-25,VWA,25,sym,W9-10
934,d5-bf-Snap-1010.czi,2192.089,0,65535,Tentacle Area,0,Tentacle,VWA-25,,n/a,D5-VWA-25,VWA-25,VWA,25,sym,W9-10
935,d5-fl-Snap-1009.czi,1073.125,854,65535,Symbiont Area,48.954,Tentacle,VWA-25,,48.95444482,D5-VWA-25,VWA-25,VWA,25,sym,W9-10
936,d5-bf-Snap-1010.czi,17224.267,0,65535,Tentacle Area,0,Body column,VWA-25,,n/a,D5-VWA-25,VWA-25,VWA,25,sym,W9-10
937,d5-fl-Snap-1009.czi,6074.625,448,65535,Symbiont Area,35.268,Body column,VWA-25,,35.26782881,D5-VWA-25,VWA-25,VWA,25,sym,W9-10
938,d6-bf-Snap-1008.czi,20165.576,0,65535,Tentacle Area,0,Body column,VWA-25,"Ball shape, no tentacles",n/a,D6-VWA-25,VWA-25,VWA,25,sym,W9-10
939,d6-fl-Snap-1007.czi,6182.305,483,65535,Symbiont Area,30.658,Body column,VWA-25,,30.6577159,D6-VWA-25,VWA-25,VWA,25,sym,W9-10
REMOVE,d7-bf/fl-1005/1006,REMOVE,REMOVE,REMOVE,REMOVE,REMOVE,REMOVE,VWA-25,"Ball shape, no tentacles, doesn't appear to be alive",REMOVED,D7-VWA-25,VWA-25,VWA,25,sym,W9-10
REMOVE,d8-bf-fl-Snap-1003/1004.czi,REMOVE,REMOVE,REMOVE,REMOVE,REMOVE,REMOVE,VWA-25,"Ball shape, no tentacles, doesn't appear to be alive",REMOVED,D8-VWA-25,VWA-25,VWA,25,sym,W9-10
941,e1-bf-Snap-1020.czi,2998.825,0,65535,Tentacle Area,0,Tentacle,VWA-25,,n/a,E1-VWA-25,VWA-25,VWA,25,sym,W9-10
942,e1-fl-Snap-1019.czi,1829.047,1269,65535,Symbiont Area,60.992,Tentacle,VWA-25,,60.99212191,E1-VWA-25,VWA-25,VWA,25,sym,W9-10
943,e1-bf-Snap-1020.czi,917.659,0,65535,Tentacle Area,0,Tentacle,VWA-25,,n/a,E1-VWA-25,VWA-25,VWA,25,sym,W9-10
944,e1-fl-Snap-1019.czi,564.78,1858,65535,Symbiont Area,61.546,Tentacle,VWA-25,,61.54573758,E1-VWA-25,VWA-25,VWA,25,sym,W9-10
945,e1-bf-Snap-1020.czi,1797.695,0,65535,Tentacle Area,0,Tentacle,VWA-25,,n/a,E1-VWA-25,VWA-25,VWA,25,sym,W9-10
946,e1-fl-Snap-1019.czi,1222.536,876,65535,Symbiont Area,68.006,Tentacle,VWA-25,,68.00575181,E1-VWA-25,VWA-25,VWA,25,sym,W9-10
947,e1-bf-Snap-1020.czi,961.12,0,65535,Tentacle Area,0,Tentacle,VWA-25,,n/a,E1-VWA-25,VWA-25,VWA,25,sym,W9-10
948,e1-fl-Snap-1019.czi,714.624,1314,65535,Symbiont Area,74.353,Tentacle,VWA-25,,74.35325454,E1-VWA-25,VWA-25,VWA,25,sym,W9-10
949,e1-bf-Snap-1020.czi,978.202,0,65535,Tentacle Area,0,Tentacle,VWA-25,,n/a,E1-VWA-25,VWA-25,VWA,25,sym,W9-10
950,e1-fl-Snap-1019.czi,535.806,1903,65535,Symbiont Area,54.775,Tentacle,VWA-25,,54.77457621,E1-VWA-25,VWA-25,VWA,25,sym,W9-10
951,e2-bf-Snap-1022.czi,3546.09,0,65535,Tentacle Area,0,Tentacle,VWA-25,,n/a,E2-VWA-25,VWA-25,VWA,25,sym,W9-10
952,e2-fl-Snap-1021.czi,1709.475,892,65535,Symbiont Area,48.207,Tentacle,VWA-25,,48.2073213,E2-VWA-25,VWA-25,VWA,25,sym,W9-10
953,e2-bf-Snap-1022.czi,6209.117,0,65535,Tentacle Area,0,Tentacle,VWA-25,,n/a,E2-VWA-25,VWA-25,VWA,25,sym,W9-10
954,e2-fl-Snap-1021.czi,2989.743,1383,65535,Symbiont Area,48.151,Tentacle,VWA-25,,48.15085623,E2-VWA-25,VWA-25,VWA,25,sym,W9-10
955,e2-bf-Snap-1022.czi,6317.23,0,65535,Tentacle Area,0,Tentacle,VWA-25,,n/a,E2-VWA-25,VWA-25,VWA,25,sym,W9-10
956,e2-fl-Snap-1021.czi,3157.317,1234,65535,Symbiont Area,49.979,Tentacle,VWA-25,,49.97945302,E2-VWA-25,VWA-25,VWA,25,sym,W9-10
957,e2-bf-Snap-1022.czi,2371.988,0,65535,Tentacle Area,0,Tentacle,VWA-25,,n/a,E2-VWA-25,VWA-25,VWA,25,sym,W9-10
958,e2-fl-Snap-1021.czi,1196.157,1026,65535,Symbiont Area,50.428,Tentacle,VWA-25,,50.42845917,E2-VWA-25,VWA-25,VWA,25,sym,W9-10
959,e2-bf-Snap-1022.czi,18181.928,0,65535,Tentacle Area,0,Body column,VWA-25,,n/a,E2-VWA-25,VWA-25,VWA,25,sym,W9-10
960,e2-fl-Snap-1021.czi,6800.709,558,65535,Symbiont Area,37.404,Body column,VWA-25,,37.40367358,E2-VWA-25,VWA-25,VWA,25,sym,W9-10
961,e3-bf-Snap-1024.czi,739.057,0,65535,Tentacle Area,37.404,Tentacle,VWA-25,,n/a,E3-VWA-25,VWA-25,VWA,25,sym,W9-10
962,e3-fl-Snap-1023.czi,456.667,941,65535,Symbiont Area,61.791,Tentacle,VWA-25,,61.79049789,E3-VWA-25,VWA-25,VWA,25,sym,W9-10
963,e3-bf-Snap-1024.czi,3220.455,0,65535,Tentacle Area,0,Tentacle,VWA-25,,n/a,E3-VWA-25,VWA-25,VWA,25,sym,W9-10
964,e3-fl-Snap-1023.czi,2095.436,1371,65535,Symbiont Area,65.066,Tentacle,VWA-25,,65.066458,E3-VWA-25,VWA-25,VWA,25,sym,W9-10
965,e3-bf-Snap-1024.czi,2948.877,0,65535,Tentacle Area,0,Tentacle,VWA-25,,n/a,E3-VWA-25,VWA-25,VWA,25,sym,W9-10
966,e3-fl-Snap-1023.czi,1690.663,1406,65535,Symbiont Area,57.332,Tentacle,VWA-25,,57.33243536,E3-VWA-25,VWA-25,VWA,25,sym,W9-10
967,e3-bf-Snap-1024.czi,2733.733,0,65535,Tentacle Area,0,Tentacle,VWA-25,,n/a,E3-VWA-25,VWA-25,VWA,25,sym,W9-10
968,e3-fl-Snap-1023.czi,1565.037,1406,65535,Symbiont Area,57.249,Tentacle,VWA-25,,57.24908029,E3-VWA-25,VWA-25,VWA,25,sym,W9-10
969,e3-bf-Snap-1024.czi,4834.575,0,65535,Tentacle Area,0,Tentacle,VWA-25,,n/a,E3-VWA-25,VWA-25,VWA,25,sym,W9-10
970,e3-fl-Snap-1023.czi,2597.511,870,65535,Symbiont Area,53.728,Tentacle,VWA-25,,53.72780441,E3-VWA-25,VWA-25,VWA,25,sym,W9-10
971,e4-bf-Snap-1026.czi,6549.671,0,65535,Tentacle Area,0,Tentacle,VWA-25,,n/a,E4-VWA-25,VWA-25,VWA,25,sym,W9-10
972,e4-fl-Snap-1025.czi,4231.307,1469,65535,Symbiont Area,64.603,Tentacle,VWA-25,,64.60335183,E4-VWA-25,VWA-25,VWA,25,sym,W9-10
973,e4-bf-Snap-1026.czi,2106.031,0,65535,Tentacle Area,0,Tentacle,VWA-25,,n/a,E4-VWA-25,VWA-25,VWA,25,sym,W9-10
974,e4-fl-Snap-1025.czi,1439.41,1424,65535,Symbiont Area,68.347,Tentacle,VWA-25,,68.34704712,E4-VWA-25,VWA-25,VWA,25,sym,W9-10
975,e4-bf-Snap-1026.czi,3130.506,0,65535,Tentacle Area,0,Tentacle,VWA-25,,n/a,E4-VWA-25,VWA-25,VWA,25,sym,W9-10
976,e4-fl-Snap-1025.czi,2661.514,1587,65535,Symbiont Area,85.019,Tentacle,VWA-25,,85.01865194,E4-VWA-25,VWA-25,VWA,25,sym,W9-10
977,e4-bf-Snap-1026.czi,744.246,0,65535,Tentacle Area,0,Tentacle,VWA-25,,n/a,E4-VWA-25,VWA-25,VWA,25,sym,W9-10
978,e4-fl-Snap-1025.czi,373.421,1380,65535,Symbiont Area,50.174,Tentacle,VWA-25,,50.1744047,E4-VWA-25,VWA-25,VWA,25,sym,W9-10
REMOVE,e5-bf/fl-snap-1027/1028.czi,REMOVE,REMOVE,REMOVE,REMOVE,REMOVE,REMOVE,VWA-25,"dead, cannot measure",REMOVED,E5-VWA-25,VWA-25,VWA,25,sym,W9-10
979,e6-bf-Snap-1030.czi,2984.121,0,65535,Tentacle Area,0,Tentacle,VWA-25,,n/a,E6-VWA-25,VWA-25,VWA,25,sym,W9-10
980,e6-fl-Snap-1029.czi,2037.056,1508,65535,Symbiont Area,68.263,Tentacle,VWA-25,,68.2631837,E6-VWA-25,VWA-25,VWA,25,sym,W9-10
981,e6-bf-Snap-1030.czi,1555.523,0,65535,Tentacle Area,0,Tentacle,VWA-25,,n/a,E6-VWA-25,VWA-25,VWA,25,sym,W9-10
982,e6-fl-Snap-1029.czi,995.932,1420,65535,Symbiont Area,64.026,Tentacle,VWA-25,,64.02553996,E6-VWA-25,VWA-25,VWA,25,sym,W9-10
983,e6-bf-Snap-1030.czi,876.792,0,65535,Tentacle Area,0,Tentacle,VWA-25,,n/a,E6-VWA-25,VWA-25,VWA,25,sym,W9-10
984,e6-fl-Snap-1029.czi,719.164,1671,65535,Symbiont Area,82.022,Tentacle,VWA-25,,82.02218998,E6-VWA-25,VWA-25,VWA,25,sym,W9-10
985,e6-bf-Snap-1030.czi,4767.761,0,65535,Tentacle Area,0,Tentacle,VWA-25,,n/a,E6-VWA-25,VWA-25,VWA,25,sym,W9-10
986,e6-fl-Snap-1029.czi,3308.242,1715,65535,Symbiont Area,69.388,Tentacle,VWA-25,,69.38774825,E6-VWA-25,VWA-25,VWA,25,sym,W9-10
987,e6-bf-Snap-1030.czi,2276.417,0,65535,Tentacle Area,0,Tentacle,VWA-25,,n/a,E6-VWA-25,VWA-25,VWA,25,sym,W9-10
988,e6-fl-Snap-1029.czi,1240.267,1375,65535,Symbiont Area,54.483,Tentacle,VWA-25,,54.48329546,E6-VWA-25,VWA-25,VWA,25,sym,W9-10
989,e7-bf-Snap-1032.czi,1508.602,0,65535,Tentacle Area,0,Tentacle,VWA-25,,n/a,E7-VWA-25,VWA-25,VWA,25,sym,W9-10
990,e7-fl-Snap-1031.czi,728.894,1342,65535,Symbiont Area,48.316,Tentacle,VWA-25,,48.31585799,E7-VWA-25,VWA-25,VWA,25,sym,W9-10
991,e7-bf-Snap-1032.czi,2709.948,0,65535,Tentacle Area,0,Tentacle,VWA-25,,n/a,E7-VWA-25,VWA-25,VWA,25,sym,W9-10
992,e7-fl-Snap-1031.czi,1240.699,1372,65535,Symbiont Area,45.783,Tentacle,VWA-25,,45.78312942,E7-VWA-25,VWA-25,VWA,25,sym,W9-10
993,e7-bf-Snap-1032.czi,1587.956,0,65535,Tentacle Area,0,Tentacle,VWA-25,,n/a,E7-VWA-25,VWA-25,VWA,25,sym,W9-10
994,e7-fl-Snap-1031.czi,1059.07,1461,65535,Symbiont Area,66.694,Tentacle,VWA-25,,66.69391343,E7-VWA-25,VWA-25,VWA,25,sym,W9-10
995,e7-bf-Snap-1032.czi,487.587,0,65535,Tentacle Area,0,Tentacle,VWA-25,,n/a,E7-VWA-25,VWA-25,VWA,25,sym,W9-10
996,e7-fl-Snap-1031.czi,211.252,1267,65535,Symbiont Area,43.326,Tentacle,VWA-25,,43.32601156,E7-VWA-25,VWA-25,VWA,25,sym,W9-10
997,e8-bf-Snap-1034.czi,1797.262,0,65535,Tentacle Area,0,Tentacle,VWA-25,,n/a,E8-VWA-25,VWA-25,VWA,25,sym,W9-10
998,e8-fl-Snap-1033.czi,799.6,661,65535,Symbiont Area,44.49,Tentacle,VWA-25,,44.4898963,E8-VWA-25,VWA-25,VWA,25,sym,W9-10
999,e8-bf-Snap-1034.czi,2308.418,0,65535,Tentacle Area,0,Tentacle,VWA-25,,n/a,E8-VWA-25,VWA-25,VWA,25,sym,W9-10
1000,e8-fl-Snap-1033.czi,1033.123,499,65535,Symbiont Area,44.755,Tentacle,VWA-25,,44.75458951,E8-VWA-25,VWA-25,VWA,25,sym,W9-10
1001,e8-bf-Snap-1034.czi,2758.166,0,65535,Tentacle Area,0,Tentacle,VWA-25,,n/a,E8-VWA-25,VWA-25,VWA,25,sym,W9-10
1002,e8-fl-Snap-1033.czi,1421.463,1147,65535,Symbiont Area,51.537,Tentacle,VWA-25,,51.53652826,E8-VWA-25,VWA-25,VWA,25,sym,W9-10
1003,f1-bf-Snap-1052.czi,4279.093,0,65535,Tentacle Area,0,Tentacle,VWA-25,,n/a,F1-VWA-25,VWA-25,VWA,25,sym,W9-10
1004,f1-fl-Snap-1051.czi,2797.735,1121,65535,Symbiont Area,65.382,Tentacle,VWA-25,,65.38149556,F1-VWA-25,VWA-25,VWA,25,sym,W9-10
1005,f1-bf-Snap-1052.czi,5295.999,0,65535,Tentacle Area,0,Tentacle,VWA-25,,n/a,F1-VWA-25,VWA-25,VWA,25,sym,W9-10
1006,f1-fl-Snap-1051.czi,4537.482,939,65535,Symbiont Area,85.678,Tentacle,VWA-25,,85.67754639,F1-VWA-25,VWA-25,VWA,25,sym,W9-10
1007,f1-bf-Snap-1052.czi,5992.676,0,65535,Tentacle Area,0,Tentacle,VWA-25,,n/a,F1-VWA-25,VWA-25,VWA,25,sym,W9-10
1008,f1-fl-Snap-1051.czi,4256.822,1528,65535,Symbiont Area,71.034,Tentacle,VWA-25,,71.03374185,F1-VWA-25,VWA-25,VWA,25,sym,W9-10
1009,f1-bf-Snap-1052.czi,2046.57,0,65535,Tentacle Area,0,Tentacle,VWA-25,,n/a,F1-VWA-25,VWA-25,VWA,25,sym,W9-10
1010,f1-fl-Snap-1051.czi,1501.466,1135,65535,Symbiont Area,73.365,Tentacle,VWA-25,,73.36499607,F1-VWA-25,VWA-25,VWA,25,sym,W9-10
REMOVE,f2-bf/fl-Snap-1049/1050.czi,REMOVE,REMOVE,REMOVE,REMOVE,REMOVE,REMOVE,VWA-25,"dead, cannot measure ",REMOVED,F2-VWA-25,VWA-25,VWA,25,sym,W9-10
1011,f3-bf-Snap-1046.czi,730.84,0,65535,Tentacle Area,0,Tentacle,VWA-25,,n/a,F3-VWA-25,VWA-25,VWA,25,sym,W9-10
1012,f3-fl-Snap-1045.czi,423.801,1105,65535,Symbiont Area,57.988,Tentacle,VWA-25,,57.98820535,F3-VWA-25,VWA-25,VWA,25,sym,W9-10
1013,f3-bf-Snap-1046.czi,785.978,0,65535,Tentacle Area,0,Tentacle,VWA-25,,n/a,F3-VWA-25,VWA-25,VWA,25,sym,W9-10
1014,f3-fl-Snap-1045.czi,427.693,1143,65535,Symbiont Area,54.415,Tentacle,VWA-25,,54.41539076,F3-VWA-25,VWA-25,VWA,25,sym,W9-10
1015,f3-bf-Snap-1046.czi,450.829,0,65535,Tentacle Area,0,Tentacle,VWA-25,,n/a,F3-VWA-25,VWA-25,VWA,25,sym,W9-10
1016,f3-fl-Snap-1045.czi,212.982,782,65535,Symbiont Area,47.242,Tentacle,VWA-25,,47.24230251,F3-VWA-25,VWA-25,VWA,25,sym,W9-10
1017,f3-bf-Snap-1046.czi,2394.043,0,65535,Tentacle Area,0,Body column,VWA-25,,n/a,F3-VWA-25,VWA-25,VWA,25,sym,W9-10
1018,f3-fl-Snap-1045.czi,1032.258,609,65535,Symbiont Area,43.118,Body column,VWA-25,,43.1177719,F3-VWA-25,VWA-25,VWA,25,sym,W9-10
1019,f4-bf-Snap-1044.czi,3683.177,0,65535,Tentacle Area,0,Tentacle,VWA-25,,n/a,F4-VWA-25,VWA-25,VWA,25,sym,W9-10
1020,f4-fl-Snap-1043.czi,1384.705,1301,65535,Symbiont Area,37.595,Tentacle,VWA-25,,37.59539658,F4-VWA-25,VWA-25,VWA,25,sym,W9-10
1021,f4-fl-Snap-1043.czi,226728.346,0,65535,Tentacle Area,0,Tentacle,VWA-25,,REMOVED,F4-VWA-25,VWA-25,VWA,25,sym,W9-10
1022,f4-fl-Snap-1043.czi,1684.393,1358,65535,Symbiont Area,0.743,Tentacle,VWA-25,,REMOVED,F4-VWA-25,VWA-25,VWA,25,sym,W9-10
1023,f4-bf-Snap-1044.czi,10469.614,0,65535,Tentacle Area,0,Tentacle,VWA-25,,n/a,F4-VWA-25,VWA-25,VWA,25,sym,W9-10
1024,f4-fl-Snap-1043.czi,6780.167,1787,65535,Symbiont Area,64.76,Tentacle,VWA-25,,64.76042956,F4-VWA-25,VWA-25,VWA,25,sym,W9-10
1025,f4-bf-Snap-1044.czi,712.029,0,65535,Tentacle Area,0,Tentacle,VWA-25,,n/a,F4-VWA-25,VWA-25,VWA,25,sym,W9-10
1026,f4-fl-Snap-1043.czi,547.914,1429,65535,Symbiont Area,76.951,Tentacle,VWA-25,,76.95107924,F4-VWA-25,VWA-25,VWA,25,sym,W9-10
1027,f5-bf-Snap-1042.czi,2539.346,0,65535,Tentacle Area,0,Tentacle,VWA-25,,n/a,F5-VWA-25,VWA-25,VWA,25,sym,W9-10
1028,f5-fl-Snap-1041.czi,1648.499,1129,65535,Symbiont Area,64.918,Tentacle,VWA-25,,64.9182506,F5-VWA-25,VWA-25,VWA,25,sym,W9-10
1029,f5-bf-Snap-1042.czi,568.023,0,65535,Tentacle Area,0,Tentacle,VWA-25,,n/a,F5-VWA-25,VWA-25,VWA,25,sym,W9-10
1030,f5-fl-Snap-1041.czi,414.72,1634,65535,Symbiont Area,73.011,Tentacle,VWA-25,,73.01112807,F5-VWA-25,VWA-25,VWA,25,sym,W9-10
1031,f5-bf-Snap-1042.czi,2146.682,0,65535,Tentacle Area,0,Tentacle,VWA-25,,n/a,F5-VWA-25,VWA-25,VWA,25,sym,W9-10
1032,f5-fl-Snap-1041.czi,1641.364,1466,65535,Symbiont Area,76.461,Tentacle,VWA-25,,76.46050975,F5-VWA-25,VWA-25,VWA,25,sym,W9-10
1033,f5-bf-Snap-1042.czi,2519.021,0,65535,Tentacle Area,0,Tentacle,VWA-25,,n/a,F5-VWA-25,VWA-25,VWA,25,sym,W9-10
1034,f5-fl-Snap-1041.czi,1728.07,1574,65535,Symbiont Area,68.601,Tentacle,VWA-25,,68.60085724,F5-VWA-25,VWA-25,VWA,25,sym,W9-10
1035,f5-bf-Snap-1042.czi,12572.186,0,65535,Tentacle Area,0,Body column,VWA-25,,n/a,F5-VWA-25,VWA-25,VWA,25,sym,W9-10
1036,f5-fl-Snap-1041.czi,6280.039,673,65535,Symbiont Area,49.952,Body column,VWA-25,,49.95184608,F5-VWA-25,VWA-25,VWA,25,sym,W9-10
1037,f6-bf-Snap-1040.czi,3296.134,0,65535,Tentacle Area,0,Tentacle,VWA-25,,n/a,F6-VWA-25,VWA-25,VWA,25,sym,W9-10
1038,f6-fl-Snap-1039.czi,1748.612,984,65535,Symbiont Area,53.05,Tentacle,VWA-25,,53.05039176,F6-VWA-25,VWA-25,VWA,25,sym,W9-10
1039,f6-bf-Snap-1040.czi,3826.966,0,65535,Tentacle Area,0,Tentacle,VWA-25,,n/a,F6-VWA-25,VWA-25,VWA,25,sym,W9-10
1040,f6-fl-Snap-1039.czi,2206.792,1305,65535,Symbiont Area,57.664,Tentacle,VWA-25,,57.66426982,F6-VWA-25,VWA-25,VWA,25,sym,W9-10
1041,f6-bf-Snap-1040.czi,2496.75,0,65535,Tentacle Area,0,Tentacle,VWA-25,,n/a,F6-VWA-25,VWA-25,VWA,25,sym,W9-10
1042,f6-fl-Snap-1039.czi,1055.61,1247,65535,Symbiont Area,42.279,Tentacle,VWA-25,,42.27936317,F6-VWA-25,VWA-25,VWA,25,sym,W9-10
1043,f6-bf-Snap-1040.czi,7915.997,0,65535,Tentacle Area,0,Body column,VWA-25,,n/a,F6-VWA-25,VWA-25,VWA,25,sym,W9-10
1044,f6-fl-Snap-1039.czi,2962.499,549,65535,Symbiont Area,37.424,Body column,VWA-25,,37.42420569,F6-VWA-25,VWA-25,VWA,25,sym,W9-10
1045,f7-bf-Snap-1038.czi,3752.369,0,65535,Tentacle Area,0,Tentacle,VWA-25,,n/a,F7-VWA-25,VWA-25,VWA,25,sym,W9-10
1046,f7-fl-Snap-1037.czi,2654.811,1583,65535,Symbiont Area,70.75,Tentacle,VWA-25,,70.7502647,F7-VWA-25,VWA-25,VWA,25,sym,W9-10
1047,f7-bf-Snap-1038.czi,2154.898,0,65535,Tentacle Area,0,Tentacle,VWA-25,,n/a,F7-VWA-25,VWA-25,VWA,25,sym,W9-10
1048,f7-fl-Snap-1037.czi,1471.627,1410,65535,Symbiont Area,68.292,Tentacle,VWA-25,,68.29218831,F7-VWA-25,VWA-25,VWA,25,sym,W9-10
1049,f7-bf-Snap-1038.czi,4475.425,0,65535,Tentacle Area,0,Tentacle,VWA-25,,n/a,F7-VWA-25,VWA-25,VWA,25,sym,W9-10
1050,f7-fl-Snap-1037.czi,3562.956,1477,65535,Symbiont Area,79.612,Tentacle,VWA-25,,79.61156762,F7-VWA-25,VWA-25,VWA,25,sym,W9-10
1051,f7-bf-Snap-1038.czi,4832.196,0,65535,Tentacle Area,0,Tentacle,VWA-25,,n/a,F7-VWA-25,VWA-25,VWA,25,sym,W9-10
1052,f7-fl-Snap-1037.czi,4251.416,1317,65535,Symbiont Area,87.981,Tentacle,VWA-25,,87.98103388,F7-VWA-25,VWA-25,VWA,25,sym,W9-10
1053,f8-bf-Snap-1036.czi,318.283,0,65535,Tentacle Area,0,Tentacle,VWA-25,,n/a,F8-VWA-25,VWA-25,VWA,25,sym,W9-10
1054,f8-fl-Snap-1035.czi,46.272,749,65535,Symbiont Area,14.538,Tentacle,VWA-25,,14.53800549,F8-VWA-25,VWA-25,VWA,25,sym,W9-10
1055,f8-bf-Snap-1036.czi,293.634,0,65535,Tentacle Area,0,Tentacle,VWA-25,,n/a,F8-VWA-25,VWA-25,VWA,25,sym,W9-10
1056,f8-fl-Snap-1035.czi,64.867,1014,65535,Symbiont Area,22.091,Tentacle,VWA-25,,22.09110662,F8-VWA-25,VWA-25,VWA,25,sym,W9-10
1057,f8-bf-Snap-1036.czi,296.228,0,65535,Tentacle Area,0,Tentacle,VWA-25,,n/a,F8-VWA-25,VWA-25,VWA,25,sym,W9-10
1058,f8-fl-Snap-1035.czi,95.571,1450,65535,Symbiont Area,32.263,Tentacle,VWA-25,,32.26264904,F8-VWA-25,VWA-25,VWA,25,sym,W9-10
1059,f8-bf-Snap-1036.czi,343.798,0,65535,Tentacle Area,0,Tentacle,VWA-25,,n/a,F8-VWA-25,VWA-25,VWA,25,sym,W9-10
1060,f8-fl-Snap-1035.czi,37.191,1357,65535,Symbiont Area,10.818,Tentacle,VWA-25,,10.81768946,F8-VWA-25,VWA-25,VWA,25,sym,W9-10
,,,,,,,,,,REMOVED,#VALUE!,#VALUE!,#VALUE!,#VALUE!,sym,W9-10
1061,a1-bf-Snap-839.czi,2034.029,0,65535,Tentacle Area,0,Tentacle,VWA-32,,n/a,A1-VWA-32,VWA-32,VWA,32,sym,W9-10
1062,a1-fl-Snap-838.czi,292.985,927,65535,Symbiont Area,14.404,Tentacle,VWA-32,,14.40417025,A1-VWA-32,VWA-32,VWA,32,sym,W9-10
1063,a1-bf-Snap-839.czi,1414.76,0,65535,Tentacle Area,14.404,Tentacle,VWA-32,,n/a,A1-VWA-32,VWA-32,VWA,32,sym,W9-10
1064,a1-fl-Snap-838.czi,113.302,61,65535,Symbiont Area,8.009,Tentacle,VWA-32,,8.008566824,A1-VWA-32,VWA-32,VWA,32,sym,W9-10
1065,a2-bf-Snap-841.czi,3392.354,0,65535,Tentacle Area,0,Tentacle,VWA-32," Very blurry image, ony a couple of clear tentacles ",n/a,A2-VWA-32,VWA-32,VWA,32,sym,W9-10
1066,a2-fl-Snap-840.czi,278.714,877,65535,Symbiont Area,8.216,Tentacle,VWA-32,,8.215946803,A2-VWA-32,VWA-32,VWA,32,sym,W9-10
1067,a2-bf-Snap-841.czi,734.084,0,65535,Tentacle Area,0,Tentacle,VWA-32,,n/a,A2-VWA-32,VWA-32,VWA,32,sym,W9-10
1068,a2-fl-Snap-840.czi,276.552,1555,65535,Symbiont Area,37.673,Tentacle,VWA-32,,37.67307284,A2-VWA-32,VWA-32,VWA,32,sym,W9-10
1069,a2-bf-Snap-841.czi,2909.524,0,65535,Tentacle Area,0,Tentacle,VWA-32,,n/a,A2-VWA-32,VWA-32,VWA,32,sym,W9-10
1070,a2-fl-Snap-840.czi,457.965,1431,65535,Symbiont Area,15.74,Tentacle,VWA-32,,15.74020355,A2-VWA-32,VWA-32,VWA,32,sym,W9-10
1071,a2-bf-Snap-841.czi,6638.324,0,65535,Tentacle Area,0,Tentacle,VWA-32,,n/a,A2-VWA-32,VWA-32,VWA,32,sym,W9-10
1072,a2-fl-Snap-840.czi,1191.184,323,65535,Symbiont Area,17.944,Tentacle,VWA-32,,17.94404732,A2-VWA-32,VWA-32,VWA,32,sym,W9-10
1073,a3-bf-Snap-843.czi,3248.781,0,65535,Tentacle Area,0,Tentacle,VWA-32,,n/a,A3-VWA-32,VWA-32,VWA,32,sym,W9-10
1074,a3-fl-Snap-842.czi,745.111,1209,65535,Symbiont Area,22.935,Tentacle,VWA-32,,22.93509473,A3-VWA-32,VWA-32,VWA,32,sym,W9-10
1075,a3-bf-Snap-843.czi,2560.536,0,65535,Tentacle Area,0,Tentacle,VWA-32,,n/a,A3-VWA-32,VWA-32,VWA,32,sym,W9-10
1076,a3-fl-Snap-842.czi,906.415,811,65535,Symbiont Area,35.399,Tentacle,VWA-32,,35.39942418,A3-VWA-32,VWA-32,VWA,32,sym,W9-10
1077,a3-bf-Snap-843.czi,1619.741,0,65535,Tentacle Area,0,Tentacle,VWA-32,,n/a,A3-VWA-32,VWA-32,VWA,32,sym,W9-10
1078,a3-fl-Snap-842.czi,306.823,1193,65535,Symbiont Area,18.943,Tentacle,VWA-32,,18.94271985,A3-VWA-32,VWA-32,VWA,32,sym,W9-10
1079,a3-bf-Snap-843.czi,2463.884,0,65535,Tentacle Area,0,Tentacle,VWA-32,,n/a,A3-VWA-32,VWA-32,VWA,32,sym,W9-10
1080,a3-fl-Snap-842.czi,562.401,1010,65535,Symbiont Area,22.826,Tentacle,VWA-32,,22.8257905,A3-VWA-32,VWA-32,VWA,32,sym,W9-10
1081,a3-bf-Snap-843.czi,2846.602,0,65535,Tentacle Area,0,Tentacle,VWA-32,,n/a,A3-VWA-32,VWA-32,VWA,32,sym,W9-10
1082,a3-fl-Snap-842.czi,409.098,872,65535,Symbiont Area,14.371,Tentacle,VWA-32,,14.37145059,A3-VWA-32,VWA-32,VWA,32,sym,W9-10
1083,a3-bf-Snap-843.czi,3092.017,0,65535,Tentacle Area,0,Tentacle,VWA-32,,n/a,A3-VWA-32,VWA-32,VWA,32,sym,W9-10
1084,a3-fl-Snap-842.czi,699.272,1117,65535,Symbiont Area,22.615,Tentacle,VWA-32,,22.61539959,A3-VWA-32,VWA-32,VWA,32,sym,W9-10
1085,a3-bf-Snap-843.czi,6304.472,0,65535,Tentacle Area,0,Tentacle,VWA-32,,n/a,A3-VWA-32,VWA-32,VWA,32,sym,W9-10
1086,a3-fl-Snap-842.czi,776.248,688,65535,Symbiont Area,12.313,Tentacle,VWA-32,,12.31265679,A3-VWA-32,VWA-32,VWA,32,sym,W9-10
1087,a4-bf-Snap-845.czi,1214.968,0,65535,Tentacle Area,0,Tentacle,VWA-32,,n/a,A4-VWA-32,VWA-32,VWA,32,sym,W9-10
1088,a4-fl-Snap-844.czi,346.825,881,65535,Symbiont Area,28.546,Tentacle,VWA-32,,28.54601932,A4-VWA-32,VWA-32,VWA,32,sym,W9-10
1089,a4-bf-Snap-845.czi,3571.388,0,65535,Tentacle Area,0,Tentacle,VWA-32,,n/a,A4-VWA-32,VWA-32,VWA,32,sym,W9-10
1090,a4-fl-Snap-844.czi,1331.946,1275,65535,Symbiont Area,37.295,Tentacle,VWA-32,,37.29491167,A4-VWA-32,VWA-32,VWA,32,sym,W9-10
1091,a4-bf-Snap-845.czi,1842.237,0,65535,Tentacle Area,0,Tentacle,VWA-32,,n/a,A4-VWA-32,VWA-32,VWA,32,sym,W9-10
1092,a4-fl-Snap-844.czi,657.973,928,65535,Symbiont Area,35.716,Tentacle,VWA-32,,35.71598008,A4-VWA-32,VWA-32,VWA,32,sym,W9-10
1093,a4-bf-Snap-845.czi,1306.215,0,65535,Tentacle Area,0,Tentacle,VWA-32,,n/a,A4-VWA-32,VWA-32,VWA,32,sym,W9-10
1094,a4-fl-Snap-844.czi,359.15,834,65535,Symbiont Area,27.495,Tentacle,VWA-32,,27.49547356,A4-VWA-32,VWA-32,VWA,32,sym,W9-10
1087,a4-bf-Snap-845.czi,1214.968,0,65535,Tentacle Area,0,Tentacle,VWA-32,,n/a,A4-VWA-32,VWA-32,VWA,32,sym,W9-10
1088,a4-fl-Snap-844.czi,346.825,881,65535,Symbiont Area,28.546,Tentacle,VWA-32,,28.54601932,A4-VWA-32,VWA-32,VWA,32,sym,W9-10
1089,a4-bf-Snap-845.czi,3571.388,0,65535,Tentacle Area,0,Tentacle,VWA-32,,n/a,A4-VWA-32,VWA-32,VWA,32,sym,W9-10
1090,a4-fl-Snap-844.czi,1331.946,1275,65535,Symbiont Area,37.295,Tentacle,VWA-32,,37.29491167,A4-VWA-32,VWA-32,VWA,32,sym,W9-10
1091,a4-bf-Snap-845.czi,1842.237,0,65535,Tentacle Area,0,Tentacle,VWA-32,,n/a,A4-VWA-32,VWA-32,VWA,32,sym,W9-10
1092,a4-fl-Snap-844.czi,657.973,928,65535,Symbiont Area,35.716,Tentacle,VWA-32,,35.71598008,A4-VWA-32,VWA-32,VWA,32,sym,W9-10
1093,a4-bf-Snap-845.czi,1306.215,0,65535,Tentacle Area,0,Tentacle,VWA-32,,n/a,A4-VWA-32,VWA-32,VWA,32,sym,W9-10
1094,a4-fl-Snap-844.czi,359.15,834,65535,Symbiont Area,27.495,Tentacle,VWA-32,,27.49547356,A4-VWA-32,VWA-32,VWA,32,sym,W9-10
1095,a5-bf-Snap-847.czi,3397.76,0,65535,Tentacle Area,0,Tentacle,VWA-32,,n/a,A5-VWA-32,VWA-32,VWA,32,sym,W9-10
1096,a5-fl-Snap-846.czi,313.742,763,65535,Symbiont Area,9.234,Tentacle,VWA-32,,9.23378932,A5-VWA-32,VWA-32,VWA,32,sym,W9-10
1097,a5-bf-Snap-847.czi,822.087,0,65535,Tentacle Area,0,Tentacle,VWA-32,,n/a,A5-VWA-32,VWA-32,VWA,32,sym,W9-10
1098,a5-fl-Snap-846.czi,26.163,1416,65535,Symbiont Area,3.183,Tentacle,VWA-32,,3.18250988,A5-VWA-32,VWA-32,VWA,32,sym,W9-10
1099,a5-bf-Snap-847.czi,1206.968,0,65535,Tentacle Area,0,Tentacle,VWA-32,,n/a,A5-VWA-32,VWA-32,VWA,32,sym,W9-10
1100,a5-fl-Snap-846.czi,68.76,1385,65535,Symbiont Area,5.697,Tentacle,VWA-32,,5.696919885,A5-VWA-32,VWA-32,VWA,32,sym,W9-10
1101,a6-bf-Snap-849.czi,2929.416,0,65535,Tentacle Area,0,Tentacle,VWA-32,,n/a,A6-VWA-32,VWA-32,VWA,32,sym,W9-10
1102,a6-fl-Snap-848.czi,329.311,1106,65535,Symbiont Area,11.242,Tentacle,VWA-32,,11.24152391,A6-VWA-32,VWA-32,VWA,32,sym,W9-10
1103,a6-bf-Snap-849.czi,4209.468,0,65535,Tentacle Area,0,Tentacle,VWA-32,,n/a,A6-VWA-32,VWA-32,VWA,32,sym,W9-10
1104,a6-fl-Snap-848.czi,871.387,937,65535,Symbiont Area,20.701,Tentacle,VWA-32,,20.70064436,A6-VWA-32,VWA-32,VWA,32,sym,W9-10
1105,a6-bf-Snap-849.czi,4087.517,0,65535,Tentacle Area,0,Tentacle,VWA-32,,n/a,A6-VWA-32,VWA-32,VWA,32,sym,W9-10
1106,a6-fl-Snap-848.czi,466.83,1045,65535,Symbiont Area,11.421,Tentacle,VWA-32,,11.42086993,A6-VWA-32,VWA-32,VWA,32,sym,W9-10
1107,a6-bf-Snap-849.czi,1201.346,0,65535,Tentacle Area,0,Tentacle,VWA-32,,n/a,A6-VWA-32,VWA-32,VWA,32,sym,W9-10
1108,a6-fl-Snap-848.czi,435.91,353,65535,Symbiont Area,36.285,Tentacle,VWA-32,,36.28513351,A6-VWA-32,VWA-32,VWA,32,sym,W9-10
RANDOM,a7-bf/fl-snap-850/851.czi,RANDOM,RANDOM,RANDOM,RANDOM,RANDOM,RANDOM,VWA-32,,#VALUE!,A7-VWA-32,VWA-32,VWA,32,sym,W9-10
1109,a8-bf-Snap-853.czi,2026.677,0,65535,Tentacle Area,0,Tentacle,VWA-32,,n/a,A8-VWA-32,VWA-32,VWA,32,sym,W9-10
1110,a8-fl-Snap-852.czi,555.05,958,65535,Symbiont Area,27.387,Tentacle,VWA-32,,27.38719589,A8-VWA-32,VWA-32,VWA,32,sym,W9-10
1111,a8-bf-Snap-853.czi,1984.513,0,65535,Tentacle Area,0,Tentacle,VWA-32,,n/a,A8-VWA-32,VWA-32,VWA,32,sym,W9-10
1112,a8-fl-Snap-852.czi,1055.178,1633,65535,Symbiont Area,53.171,Tentacle,VWA-32,,53.17062675,A8-VWA-32,VWA-32,VWA,32,sym,W9-10
1113,a8-bf-Snap-853.czi,1411.949,0,65535,Tentacle Area,0,Tentacle,VWA-32,,n/a,A8-VWA-32,VWA-32,VWA,32,sym,W9-10
1114,a8-fl-Snap-852.czi,717.867,1115,65535,Symbiont Area,50.842,Tentacle,VWA-32,,50.84227546,A8-VWA-32,VWA-32,VWA,32,sym,W9-10
1115,a8-bf-Snap-853.czi,776.68,0,65535,Tentacle Area,0,Tentacle,VWA-32,,n/a,A8-VWA-32,VWA-32,VWA,32,sym,W9-10
1116,a8-fl-Snap-852.czi,279.579,895,65535,Symbiont Area,35.997,Tentacle,VWA-32,,35.99667817,A8-VWA-32,VWA-32,VWA,32,sym,W9-10
1117,b1-bf-Snap-869.czi,1327.189,0,65535,Tentacle Area,0,Tentacle,VWA-32,,n/a,B1-VWA-32,VWA-32,VWA,32,sym,W9-10
1118,b1-fl-Snap-868.czi,208.657,1263,65535,Symbiont Area,15.722,Tentacle,VWA-32,,15.72172464,B1-VWA-32,VWA-32,VWA,32,sym,W9-10
1119,b1-bf-Snap-869.czi,4747.22,0,65535,Tentacle Area,0,Tentacle,VWA-32,,n/a,B1-VWA-32,VWA-32,VWA,32,sym,W9-10
1120,b1-fl-Snap-868.czi,872.684,1169,65535,Symbiont Area,18.383,Tentacle,VWA-32,,18.38305366,B1-VWA-32,VWA-32,VWA,32,sym,W9-10
1121,b1-bf-Snap-869.czi,6293.445,0,65535,Tentacle Area,0,Tentacle,VWA-32,,n/a,B1-VWA-32,VWA-32,VWA,32,sym,W9-10
1122,b1-fl-Snap-868.czi,1185.129,1029,65535,Symbiont Area,18.831,Tentacle,VWA-32,,18.83116481,B1-VWA-32,VWA-32,VWA,32,sym,W9-10
1123,b1-bf-Snap-869.czi,2574.807,0,65535,Tentacle Area,0,Tentacle,VWA-32,,n/a,B1-VWA-32,VWA-32,VWA,32,sym,W9-10
1124,b1-fl-Snap-868.czi,254.064,935,65535,Symbiont Area,9.867,Tentacle,VWA-32,,9.867302676,B1-VWA-32,VWA-32,VWA,32,sym,W9-10
1125,b1-bf-Snap-869.czi,1874.887,0,65535,Tentacle Area,0,Tentacle,VWA-32,,n/a,B1-VWA-32,VWA-32,VWA,32,sym,W9-10
1126,b1-fl-Snap-868.czi,266.389,935,65535,Symbiont Area,14.208,Tentacle,VWA-32,,14.20826962,B1-VWA-32,VWA-32,VWA,32,sym,W9-10
1127,b1-bf-Snap-869.czi,2298.472,0,65535,Tentacle Area,0,Tentacle,VWA-32,,n/a,B1-VWA-32,VWA-32,VWA,32,sym,W9-10
1128,b1-fl-Snap-868.czi,301.634,920,65535,Symbiont Area,13.123,Tentacle,VWA-32,,13.12324014,B1-VWA-32,VWA-32,VWA,32,sym,W9-10
1129,b2-bf-Snap-867.czi,2573.51,0,65535,Tentacle Area,0,Tentacle,VWA-32,,n/a,B2-VWA-32,VWA-32,VWA,32,sym,W9-10
1130,b2-fl-Snap-866.czi,331.473,774,65535,Symbiont Area,12.88,Tentacle,VWA-32,,12.88019087,B2-VWA-32,VWA-32,VWA,32,sym,W9-10
1131,b2-bf-Snap-867.czi,226728.346,0,65535,0,0,0,VWA-32,,n/a,B2-VWA-32,VWA-32,VWA,32,sym,W9-10
1132,b2-bf-Snap-867.czi,1885.266,0,65535,Tentacle Area,0,Tentacle,VWA-32,,n/a,B2-VWA-32,VWA-32,VWA,32,sym,W9-10
1133,b2-fl-Snap-866.czi,327.365,869,65535,Symbiont Area,17.364,Tentacle,VWA-32,,17.36439314,B2-VWA-32,VWA-32,VWA,32,sym,W9-10
1134,b2-bf-Snap-867.czi,3783.937,0,65535,Tentacle Area,0,Tentacle,VWA-32,,n/a,B2-VWA-32,VWA-32,VWA,32,sym,W9-10
1135,b2-fl-Snap-866.czi,771.275,963,65535,Symbiont Area,20.383,Tentacle,VWA-32,,20.38287107,B2-VWA-32,VWA-32,VWA,32,sym,W9-10
1136,b2-bf-Snap-867.czi,2447.667,0,65535,Tentacle Area,0,Tentacle,VWA-32,,n/a,B2-VWA-32,VWA-32,VWA,32,sym,W9-10
1137,b2-fl-Snap-866.czi,228.117,790,65535,Symbiont Area,9.32,Tentacle,VWA-32,,9.319772665,B2-VWA-32,VWA-32,VWA,32,sym,W9-10
1138,b3-bf-Snap-865.czi,817.763,0,65535,Tentacle Area,0,Tentacle,VWA-32,,n/a,B3-VWA-32,VWA-32,VWA,32,sym,W9-10
1139,b3-fl-Snap-864.czi,204.981,1347,65535,Symbiont Area,25.066,Tentacle,VWA-32,,25.06606437,B3-VWA-32,VWA-32,VWA,32,sym,W9-10
1140,b3-bf-Snap-865.czi,3149.533,0,65535,Tentacle Area,0,Tentacle,VWA-32,,n/a,B3-VWA-32,VWA-32,VWA,32,sym,W9-10
1141,b3-fl-Snap-864.czi,1014.96,1269,65535,Symbiont Area,32.226,Tentacle,VWA-32,,32.22572997,B3-VWA-32,VWA-32,VWA,32,sym,W9-10
1142,b3-bf-Snap-865.czi,1954.89,0,65535,Tentacle Area,0,Tentacle,VWA-32,,n/a,B3-VWA-32,VWA-32,VWA,32,sym,W9-10
1143,b3-fl-Snap-864.czi,65.732,1253,65535,Symbiont Area,3.362,Tentacle,VWA-32,,3.36243983,B3-VWA-32,VWA-32,VWA,32,sym,W9-10
1144,b3-bf-Snap-865.czi,1165.669,0,65535,Tentacle Area,0,Tentacle,VWA-32,,n/a,B3-VWA-32,VWA-32,VWA,32,sym,W9-10
1145,b3-fl-Snap-864.czi,330.176,1128,65535,Symbiont Area,28.325,Tentacle,VWA-32,,28.32502194,B3-VWA-32,VWA-32,VWA,32,sym,W9-10
1146,b3-bf-Snap-865.czi,1590.767,0,65535,Tentacle Area,0,Tentacle,VWA-32,,n/a,B3-VWA-32,VWA-32,VWA,32,sym,W9-10
1147,b3-fl-Snap-864.czi,289.958,329,65535,Symbiont Area,18.228,Tentacle,VWA-32,,18.22755941,B3-VWA-32,VWA-32,VWA,32,sym,W9-10
1148,b4-bf-Snap-863.czi,3396.895,0,65535,Tentacle Area,0,Tentacle,VWA-32,,n/a,B4-VWA-32,VWA-32,VWA,32,sym,W9-10
1149,b4-fl-Snap-862.czi,2018.893,1167,65535,Symbiont Area,59.433,Tentacle,VWA-32,,59.43348264,B4-VWA-32,VWA-32,VWA,32,sym,W9-10
1150,b4-bf-Snap-863.czi,4103.086,0,65535,Tentacle Area,0,Tentacle,VWA-32,,n/a,B4-VWA-32,VWA-32,VWA,32,sym,W9-10
1151,b4-fl-Snap-862.czi,1904.942,1061,65535,Symbiont Area,46.427,Tentacle,VWA-32,,46.42705515,B4-VWA-32,VWA-32,VWA,32,sym,W9-10
1152,b4-bf-Snap-863.czi,2250.254,0,65535,Tentacle Area,0,Tentacle,VWA-32,,n/a,B4-VWA-32,VWA-32,VWA,32,sym,W9-10
1153,b4-fl-Snap-862.czi,1456.059,1182,65535,Symbiont Area,64.706,Tentacle,VWA-32,,64.7064287,B4-VWA-32,VWA-32,VWA,32,sym,W9-10
1154,b4-bf-Snap-863.czi,2341.717,0,65535,Tentacle Area,0,Tentacle,VWA-32,,n/a,B4-VWA-32,VWA-32,VWA,32,sym,W9-10
1155,b4-fl-Snap-862.czi,1313.351,1243,65535,Symbiont Area,56.085,Tentacle,VWA-32,,56.08495817,B4-VWA-32,VWA-32,VWA,32,sym,W9-10
1156,b4-fl-Snap-862.czi,226728.346,0,65535,Tentacle Area,0,Tentacle,VWA-32,,REMOVED,B4-VWA-32,VWA-32,VWA,32,sym,W9-10
1157,b4-fl-Snap-862.czi,1453.681,1364,65535,Symbiont Area,0.641,Tentacle,VWA-32,,REMOVED,B4-VWA-32,VWA-32,VWA,32,sym,W9-10
1158,b4-bf-Snap-863.czi,943.173,0,65535,Tentacle Area,0,Tentacle,VWA-32,,n/a,B4-VWA-32,VWA-32,VWA,32,sym,W9-10
1159,b4-fl-Snap-862.czi,427.261,1394,65535,Symbiont Area,45.3,Tentacle,VWA-32,,45.30038498,B4-VWA-32,VWA-32,VWA,32,sym,W9-10
1160,b5-bf-Snap-861.czi,3078.828,0,65535,Tentacle Area,0,Tentacle,VWA-32,,n/a,B5-VWA-32,VWA-32,VWA,32,sym,W9-10
1161,b5-fl-Snap-860.czi,203.468,829,65535,Symbiont Area,6.609,Tentacle,VWA-32,,6.608618604,B5-VWA-32,VWA-32,VWA,32,sym,W9-10
1162,b5-bf-Snap-861.czi,4164.061,0,65535,Tentacle Area,0,Tentacle,VWA-32,,n/a,B5-VWA-32,VWA-32,VWA,32,sym,W9-10
1163,b5-fl-Snap-860.czi,329.527,547,65535,Symbiont Area,7.914,Tentacle,VWA-32,,7.913596847,B5-VWA-32,VWA-32,VWA,32,sym,W9-10
1164,b6-bf-Snap-859.czi,1197.886,0,65535,Tentacle Area,0,Tentacle,VWA-32,,n/a,B6-VWA-32,VWA-32,VWA,32,sym,W9-10
1165,b6-fl-Snap-858.czi,616.457,1555,65535,Symbiont Area,51.462,Tentacle,VWA-32,,51.46207569,B6-VWA-32,VWA-32,VWA,32,sym,W9-10
1166,b6-bf-Snap-859.czi,3796.911,0,65535,Tentacle Area,0,Tentacle,VWA-32,,n/a,B6-VWA-32,VWA-32,VWA,32,sym,W9-10
1167,b6-fl-Snap-858.czi,2271.227,1426,65535,Symbiont Area,59.818,Tentacle,VWA-32,,59.81775712,B6-VWA-32,VWA-32,VWA,32,sym,W9-10
1168,b6-bf-Snap-859.czi,2863.684,0,65535,Tentacle Area,0,Tentacle,VWA-32,,n/a,B6-VWA-32,VWA-32,VWA,32,sym,W9-10
1169,b6-fl-Snap-858.czi,1389.029,1084,65535,Symbiont Area,48.505,Tentacle,VWA-32,,48.50496773,B6-VWA-32,VWA-32,VWA,32,sym,W9-10
1170,b6-bf-Snap-859.czi,1744.72,0,65535,Tentacle Area,0,Tentacle,VWA-32,,n/a,B6-VWA-32,VWA-32,VWA,32,sym,W9-10
1171,b6-fl-Snap-858.czi,705.975,1298,65535,Symbiont Area,40.464,Tentacle,VWA-32,,40.46351277,B6-VWA-32,VWA-32,VWA,32,sym,W9-10
1172,b7-bf-Snap-857.czi,3086.179,0,65535,Tentacle Area,0,Tentacle,VWA-32,,n/a,B7-VWA-32,VWA-32,VWA,32,sym,W9-10
1173,b7-fl-Snap-856.czi,621.431,1039,65535,Symbiont Area,20.136,Tentacle,VWA-32,,20.13593508,B7-VWA-32,VWA-32,VWA,32,sym,W9-10
1174,b7-bf-Snap-857.czi,3993.243,0,65535,Tentacle Area,0,Tentacle,VWA-32,,n/a,B7-VWA-32,VWA-32,VWA,32,sym,W9-10
1175,b7-fl-Snap-856.czi,826.628,1212,65535,Symbiont Area,20.701,Tentacle,VWA-32,,20.7006686,B7-VWA-32,VWA-32,VWA,32,sym,W9-10
1176,b7-bf-Snap-857.czi,4296.175,0,65535,Tentacle Area,0,Tentacle,VWA-32,,n/a,B7-VWA-32,VWA-32,VWA,32,sym,W9-10
1177,b7-fl-Snap-856.czi,683.92,771,65535,Symbiont Area,15.919,Tentacle,VWA-32,,15.91927703,B7-VWA-32,VWA-32,VWA,32,sym,W9-10
1178,b7-bf-Snap-857.czi,1818.885,0,65535,Tentacle Area,0,Tentacle,VWA-32,,n/a,B7-VWA-32,VWA-32,VWA,32,sym,W9-10
1179,b7-fl-Snap-856.czi,273.092,582,65535,Symbiont Area,15.014,Tentacle,VWA-32,,15.01425324,B7-VWA-32,VWA-32,VWA,32,sym,W9-10
1180,b8-bf-Snap-855.czi,2563.564,0,65535,Tentacle Area,0,Tentacle,VWA-32,"very blurry image, only 1 clear tentacle ",n/a,B8-VWA-32,VWA-32,VWA,32,sym,W9-10
1181,b8-fl-Snap-854.czi,379.907,1124,65535,Symbiont Area,14.82,Tentacle,VWA-32,,14.81948568,B8-VWA-32,VWA-32,VWA,32,sym,W9-10
1182,b8-bf-Snap-855.czi,3649.446,0,65535,Tentacle Area,0,Tentacle,VWA-32,,n/a,B8-VWA-32,VWA-32,VWA,32,sym,W9-10
1183,b8-fl-Snap-854.czi,109.41,1217,65535,Symbiont Area,2.998,Tentacle,VWA-32,,2.997989284,B8-VWA-32,VWA-32,VWA,32,sym,W9-10
1184,c1-bf-Snap-871.czi,1697.582,0,65535,Tentacle Area,0,Tentacle,VWA-32,,n/a,C1-VWA-32,VWA-32,VWA,32,sym,W9-10
1185,c1-fl-Snap-870.czi,89.085,837,65535,Symbiont Area,5.248,Tentacle,VWA-32,,5.247758282,C1-VWA-32,VWA-32,VWA,32,sym,W9-10
1186,c2-bf-Snap-873.czi,2858.927,0,65535,Tentacle Area,0,Tentacle,VWA-32,,n/a,C2-VWA-32,VWA-32,VWA,32,sym,W9-10
1187,c2-fl-Snap-872.czi,641.972,1323,65535,Symbiont Area,22.455,Tentacle,VWA-32,,22.45499798,C2-VWA-32,VWA-32,VWA,32,sym,W9-10
1188,c2-bf-Snap-873.czi,2739.787,0,65535,Tentacle Area,0,Tentacle,VWA-32,,n/a,C2-VWA-32,VWA-32,VWA,32,sym,W9-10
1189,c2-fl-Snap-872.czi,263.794,981,65535,Symbiont Area,9.628,Tentacle,VWA-32,,9.628266723,C2-VWA-32,VWA-32,VWA,32,sym,W9-10
1190,c2-bf-Snap-873.czi,1661.689,0,65535,Tentacle Area,0,Tentacle,VWA-32,,n/a,C2-VWA-32,VWA-32,VWA,32,sym,W9-10
1191,c2-fl-Snap-872.czi,348.122,560,65535,Symbiont Area,20.95,Tentacle,VWA-32,,20.94988894,C2-VWA-32,VWA-32,VWA,32,sym,W9-10
1192,c2-bf-Snap-873.czi,1991.865,0,65535,Tentacle Area,0,Tentacle,VWA-32,,n/a,C2-VWA-32,VWA-32,VWA,32,sym,W9-10
1193,c2-fl-Snap-872.czi,143.357,949,65535,Symbiont Area,7.197,Tentacle,VWA-32,,7.197124303,C2-VWA-32,VWA-32,VWA,32,sym,W9-10
1194,c2-bf-Snap-873.czi,2897.415,0,65535,Tentacle Area,0,Tentacle,VWA-32,,n/a,C2-VWA-32,VWA-32,VWA,32,sym,W9-10
1195,c2-fl-Snap-872.czi,600.889,965,65535,Symbiont Area,20.739,Tentacle,VWA-32,,20.73879648,C2-VWA-32,VWA-32,VWA,32,sym,W9-10
1196,c3-bf-Snap-875.czi,2408.963,0,65535,Tentacle Area,0,Tentacle,VWA-32,,n/a,C3-VWA-32,VWA-32,VWA,32,sym,W9-10
1197,c3-fl-Snap-874.czi,274.822,1061,65535,Symbiont Area,11.408,Tentacle,VWA-32,,11.40831138,C3-VWA-32,VWA-32,VWA,32,sym,W9-10
1198,c3-bf-Snap-875.czi,690.623,0,65535,Tentacle Area,0,Tentacle,VWA-32,,n/a,C3-VWA-32,VWA-32,VWA,32,sym,W9-10
1199,c3-fl-Snap-874.czi,90.166,1013,65535,Symbiont Area,13.056,Tentacle,VWA-32,,13.05574822,C3-VWA-32,VWA-32,VWA,32,sym,W9-10
1200,c3-bf-Snap-875.czi,4006.217,0,65535,Tentacle Area,0,Tentacle,VWA-32,,n/a,C3-VWA-32,VWA-32,VWA,32,sym,W9-10
1201,c3-fl-Snap-874.czi,1564.82,1361,65535,Symbiont Area,39.06,Tentacle,VWA-32,,39.05979132,C3-VWA-32,VWA-32,VWA,32,sym,W9-10
1202,c3-bf-Snap-875.czi,2115.978,0,65535,Tentacle Area,0,Tentacle,VWA-32,,n/a,C3-VWA-32,VWA-32,VWA,32,sym,W9-10
1203,c3-fl-Snap-874.czi,675.271,1124,65535,Symbiont Area,31.913,Tentacle,VWA-32,,31.91294995,C3-VWA-32,VWA-32,VWA,32,sym,W9-10
1204,c3-bf-Snap-875.czi,3042.502,0,65535,Tentacle Area,0,Tentacle,VWA-32,,n/a,C3-VWA-32,VWA-32,VWA,32,sym,W9-10
1205,c3-fl-Snap-874.czi,184.656,792,65535,Symbiont Area,6.069,Tentacle,VWA-32,,6.069215402,C3-VWA-32,VWA-32,VWA,32,sym,W9-10
1206,c4-bf-Snap-877.czi,2062.786,0,65535,Tentacle Area,0,Tentacle,VWA-32,,n/a,C4-VWA-32,VWA-32,VWA,32,sym,W9-10
1207,c4-fl-Snap-876.czi,347.257,1232,65535,Symbiont Area,16.834,Tentacle,VWA-32,,16.83436866,C4-VWA-32,VWA-32,VWA,32,sym,W9-10
1208,c4-fl-Snap-876.czi,226728.346,0,65535,Tentacle Area,0,Tentacle,VWA-32,,REMOVED,C4-VWA-32,VWA-32,VWA,32,sym,W9-10
1209,c4-fl-Snap-876.czi,131.249,932,65535,Symbiont Area,0.058,Tentacle,VWA-32,,REMOVED,C4-VWA-32,VWA-32,VWA,32,sym,W9-10
1210,c4-bf-Snap-877.czi,2054.57,0,65535,Tentacle Area,0,Tentacle,VWA-32,,n/a,C4-VWA-32,VWA-32,VWA,32,sym,W9-10
1211,c4-fl-Snap-876.czi,86.706,1026,65535,Symbiont Area,4.22,Tentacle,VWA-32,,4.220153122,C4-VWA-32,VWA-32,VWA,32,sym,W9-10
1212,c4-bf-Snap-877.czi,789.221,0,65535,Tentacle Area,0,Tentacle,VWA-32,,n/a,C4-VWA-32,VWA-32,VWA,32,sym,W9-10
1213,c4-fl-Snap-876.czi,86.058,758,65535,Symbiont Area,10.904,Tentacle,VWA-32,,10.90417006,C4-VWA-32,VWA-32,VWA,32,sym,W9-10
1214,c4-bf-Snap-877.czi,2251.983,0,65535,Tentacle Area,0,Tentacle,VWA-32,,n/a,C4-VWA-32,VWA-32,VWA,32,sym,W9-10
1215,c4-fl-Snap-876.czi,174.277,1184,65535,Symbiont Area,7.739,Tentacle,VWA-32,,7.738823961,C4-VWA-32,VWA-32,VWA,32,sym,W9-10
1216,c5-bf-Snap-879.czi,6189.657,0,65535,Tentacle Area,0,Tentacle,VWA-32,,n/a,C5-VWA-32,VWA-32,VWA,32,sym,W9-10
1217,c5-fl-Snap-878.czi,181.845,1218,65535,Symbiont Area,2.938,Tentacle,VWA-32,,2.937884926,C5-VWA-32,VWA-32,VWA,32,sym,W9-10
1218,c5-bf-Snap-879.czi,4185.684,0,65535,Tentacle Area,0,Tentacle,VWA-32,,n/a,C5-VWA-32,VWA-32,VWA,32,sym,W9-10
1219,c5-fl-Snap-878.czi,76.976,894,65535,Symbiont Area,1.839,Tentacle,VWA-32,,1.839030371,C5-VWA-32,VWA-32,VWA,32,sym,W9-10
1220,c5-bf-Snap-879.czi,6166.521,0,65535,Tentacle Area,0,Tentacle,VWA-32,,n/a,C5-VWA-32,VWA-32,VWA,32,sym,W9-10
1221,c5-fl-Snap-878.czi,378.826,709,65535,Symbiont Area,6.143,Tentacle,VWA-32,,6.143269438,C5-VWA-32,VWA-32,VWA,32,sym,W9-10
1222,c6-bf-Snap-883.czi,2500.21,0,65535,Tentacle Area,0,Tentacle,VWA-32,,n/a,C6-VWA-32,VWA-32,VWA,32,sym,W9-10
1223,c6-fl-Snap-880.czi,23.136,47,65535,Symbiont Area,0.925,Tentacle,VWA-32,,0.9253622696,C6-VWA-32,VWA-32,VWA,32,sym,W9-10
1224,c6-bf-Snap-883.czi,4364.285,0,65535,Tentacle Area,0,Tentacle,VWA-32,,n/a,C6-VWA-32,VWA-32,VWA,32,sym,W9-10
1225,c6-fl-Snap-880.czi,389.637,452,65535,Symbiont Area,8.928,Tentacle,VWA-32,,8.927854162,C6-VWA-32,VWA-32,VWA,32,sym,W9-10
1226,c6-bf-Snap-883.czi,2675.568,0,65535,Tentacle Area,0,Tentacle,VWA-32,,n/a,C6-VWA-32,VWA-32,VWA,32,sym,W9-10
1227,c6-fl-Snap-880.czi,591.808,203,65535,Symbiont Area,22.119,Tentacle,VWA-32,,22.11896689,C6-VWA-32,VWA-32,VWA,32,sym,W9-10
1228,c6-bf-Snap-883.czi,1895.212,0,65535,Tentacle Area,0,Tentacle,VWA-32,,n/a,C6-VWA-32,VWA-32,VWA,32,sym,W9-10
1229,c6-fl-Snap-880.czi,0.216,47,65535,Symbiont Area,0.011,Tentacle,VWA-32,,0.01139714185,C6-VWA-32,VWA-32,VWA,32,sym,W9-10
1230,c7-bf-Snap-885.czi,819.277,0,65535,Tentacle Area,0,Tentacle,VWA-32,,n/a,C7-VWA-32,VWA-32,VWA,32,sym,W9-10
1231,c7-fl-Snap-884.czi,209.09,771,65535,Symbiont Area,25.521,Tentacle,VWA-32,,25.52128279,C7-VWA-32,VWA-32,VWA,32,sym,W9-10
1232,c7-bf-Snap-885.czi,923.713,0,65535,Tentacle Area,0,Tentacle,VWA-32,,n/a,C7-VWA-32,VWA-32,VWA,32,sym,W9-10
1233,c7-fl-Snap-884.czi,233.091,1007,65535,Symbiont Area,25.234,Tentacle,VWA-32,,25.23413658,C7-VWA-32,VWA-32,VWA,32,sym,W9-10
1234,c7-bf-Snap-885.czi,739.489,0,65535,Tentacle Area,0,Tentacle,VWA-32,,n/a,C7-VWA-32,VWA-32,VWA,32,sym,W9-10
1235,c7-fl-Snap-884.czi,189.197,1023,65535,Symbiont Area,25.585,Tentacle,VWA-32,,25.58482952,C7-VWA-32,VWA-32,VWA,32,sym,W9-10
1236,c7-bf-Snap-885.czi,1095.612,0,65535,Tentacle Area,0,Tentacle,VWA-32,,n/a,C7-VWA-32,VWA-32,VWA,32,sym,W9-10
1237,c7-fl-Snap-884.czi,92.328,929,65535,Symbiont Area,8.427,Tentacle,VWA-32,,8.427070897,C7-VWA-32,VWA-32,VWA,32,sym,W9-10
1238,c7-bf-Snap-885.czi,632.242,0,65535,Tentacle Area,0,Tentacle,VWA-32,,n/a,C7-VWA-32,VWA-32,VWA,32,sym,W9-10
1239,c7-fl-Snap-884.czi,167.574,1621,65535,Symbiont Area,26.505,Tentacle,VWA-32,,26.50472446,C7-VWA-32,VWA-32,VWA,32,sym,W9-10
1240,c7-bf-Snap-885.czi,743.814,0,65535,Tentacle Area,0,Tentacle,VWA-32,,n/a,C7-VWA-32,VWA-32,VWA,32,sym,W9-10
1241,c7-fl-Snap-884.czi,256.875,1212,65535,Symbiont Area,34.535,Tentacle,VWA-32,,34.53484339,C7-VWA-32,VWA-32,VWA,32,sym,W9-10
1242,c8-bf-Snap-887.czi,1445.248,0,65535,Tentacle Area,0,Tentacle,VWA-32,,n/a,C8-VWA-32,VWA-32,VWA,32,sym,W9-10
1243,c8-fl-Snap-886.czi,118.924,377,65535,Symbiont Area,8.229,Tentacle,VWA-32,,8.228622354,C8-VWA-32,VWA-32,VWA,32,sym,W9-10
1244,c8-bf-Snap-887.czi,3998,0,65535,Tentacle Area,0,Tentacle,VWA-32,,n/a,C8-VWA-32,VWA-32,VWA,32,sym,W9-10
1245,c8-fl-Snap-886.czi,350.501,1037,65535,Symbiont Area,8.767,Tentacle,VWA-32,,8.766908454,C8-VWA-32,VWA-32,VWA,32,sym,W9-10
1246,c8-bf-Snap-887.czi,226728.346,0,65535,0,0,0,VWA-32,,REMOVED,C8-VWA-32,VWA-32,VWA,32,sym,W9-10
1247,c8-bf-Snap-887.czi,3051.8,0,65535,Tentacle Area,0,Tentacle,VWA-32,,n/a,C8-VWA-32,VWA-32,VWA,32,sym,W9-10
1248,c8-fl-Snap-886.czi,648.243,1100,65535,Symbiont Area,21.241,Tentacle,VWA-32,,21.24133298,C8-VWA-32,VWA-32,VWA,32,sym,W9-10
1249,d1-bf-Snap-905.czi,2413.72,0,65535,Tentacle Area,0,Tentacle,VWA-32,,n/a,D1-VWA-32,VWA-32,VWA,32,sym,W9-10
1250,d1-fl-Snap-904.czi,201.305,770,65535,Symbiont Area,8.34,Tentacle,VWA-32,,8.340031155,D1-VWA-32,VWA-32,VWA,32,sym,W9-10
1251,d1-bf-Snap-905.czi,1428.166,0,65535,Tentacle Area,0,Tentacle,VWA-32,,n/a,D1-VWA-32,VWA-32,VWA,32,sym,W9-10
1252,d1-fl-Snap-904.czi,25.731,63,65535,Symbiont Area,1.802,Tentacle,VWA-32,,1.801681317,D1-VWA-32,VWA-32,VWA,32,sym,W9-10
1253,d1-bf-Snap-905.czi,4411.422,0,65535,Tentacle Area,0,Tentacle,VWA-32,,n/a,D1-VWA-32,VWA-32,VWA,32,sym,W9-10
1254,d1-fl-Snap-904.czi,88.004,990,65535,Symbiont Area,1.995,Tentacle,VWA-32,,1.994912298,D1-VWA-32,VWA-32,VWA,32,sym,W9-10
1255,d1-bf-Snap-905.czi,3555.171,0,65535,Tentacle Area,0,Tentacle,VWA-32,,n/a,D1-VWA-32,VWA-32,VWA,32,sym,W9-10
1256,d1-fl-Snap-904.czi,119.789,1321,65535,Symbiont Area,3.369,Tentacle,VWA-32,,3.36943005,D1-VWA-32,VWA-32,VWA,32,sym,W9-10
1262,d3-bf-Snap-901.czi,1101.883,0,65535,Tentacle Area,0,Tentacle,VWA-32,Only 2 tentacles present ,n/a,D3-VWA-32,VWA-32,VWA,32,sym,W9-10
1263,d3-fl-Snap-900.czi,437.423,1472,65535,Symbiont Area,39.698,Tentacle,VWA-32,,39.69777191,D3-VWA-32,VWA-32,VWA,32,sym,W9-10
1264,d3-bf-Snap-901.czi,1976.945,0,65535,Tentacle Area,0,Tentacle,VWA-32,,n/a,D3-VWA-32,VWA-32,VWA,32,sym,W9-10
1265,d3-fl-Snap-900.czi,577.537,1127,65535,Symbiont Area,29.214,Tentacle,VWA-32,,29.21360989,D3-VWA-32,VWA-32,VWA,32,sym,W9-10
1266,d3-bf-Snap-901.czi,626.62,0,65535,Tentacle Area,0,Tentacle,VWA-32,,n/a,D3-VWA-32,VWA-32,VWA,32,sym,W9-10
1267,d3-fl-Snap-900.czi,227.901,1221,65535,Symbiont Area,36.37,Tentacle,VWA-32,,36.36988925,D3-VWA-32,VWA-32,VWA,32,sym,W9-10
1268,d3-bf-Snap-901.czi,545.752,0,65535,Tentacle Area,0,Tentacle,VWA-32,,n/a,D3-VWA-32,VWA-32,VWA,32,sym,W9-10
1269,d3-fl-Snap-900.czi,259.902,1644,65535,Symbiont Area,47.623,Tentacle,VWA-32,,47.62272974,D3-VWA-32,VWA-32,VWA,32,sym,W9-10
1270,d4-bf-Snap-899.czi,1062.53,0,65535,Tentacle Area,0,Tentacle,VWA-32,,n/a,D4-VWA-32,VWA-32,VWA,32,sym,W9-10
1271,d4-fl-Snap-898.czi,70.273,47,65535,Symbiont Area,6.614,Tentacle,VWA-32,,6.613742671,D4-VWA-32,VWA-32,VWA,32,sym,W9-10
1272,d4-bf-Snap-899.czi,2933.741,0,65535,Tentacle Area,0,Tentacle,VWA-32,,n/a,D4-VWA-32,VWA-32,VWA,32,sym,W9-10
1273,d4-fl-Snap-898.czi,675.271,591,65535,Symbiont Area,23.017,Tentacle,VWA-32,,23.01740338,D4-VWA-32,VWA-32,VWA,32,sym,W9-10
1274,d4-bf-Snap-899.czi,1733.043,0,65535,Tentacle Area,0,Tentacle,VWA-32,,n/a,D4-VWA-32,VWA-32,VWA,32,sym,W9-10
1275,d4-fl-Snap-898.czi,151.574,996,65535,Symbiont Area,8.746,Tentacle,VWA-32,,8.746118821,D4-VWA-32,VWA-32,VWA,32,sym,W9-10
1276,d4-bf-Snap-899.czi,2150.141,0,65535,Tentacle Area,0,Tentacle,VWA-32,,n/a,D4-VWA-32,VWA-32,VWA,32,sym,W9-10
1277,d4-fl-Snap-898.czi,905.334,1213,65535,Symbiont Area,42.106,Tentacle,VWA-32,,42.10579678,D4-VWA-32,VWA-32,VWA,32,sym,W9-10
1278,d4-bf-Snap-899.czi,1155.29,0,65535,Tentacle Area,0,Tentacle,VWA-32,,n/a,D4-VWA-32,VWA-32,VWA,32,sym,W9-10
1279,d4-fl-Snap-898.czi,504.669,1167,65535,Symbiont Area,43.683,Tentacle,VWA-32,,43.68331761,D4-VWA-32,VWA-32,VWA,32,sym,W9-10
1280,d4-bf-Snap-899.czi,2269.498,0,65535,Tentacle Area,0,Tentacle,VWA-32,,n/a,D4-VWA-32,VWA-32,VWA,32,sym,W9-10
1281,d4-fl-Snap-898.czi,216.657,1058,65535,Symbiont Area,9.546,Tentacle,VWA-32,,9.546472392,D4-VWA-32,VWA-32,VWA,32,sym,W9-10
1282,d5-bf-Snap-897.czi,5990.081,0,65535,Tentacle Area,0,Tentacle,VWA-32,,n/a,D5-VWA-32,VWA-32,VWA,32,sym,W9-10
1283,d5-fl-Snap-896.czi,62.705,736,65535,Symbiont Area,1.047,Tentacle,VWA-32,,1.046813891,D5-VWA-32,VWA-32,VWA,32,sym,W9-10
1284,d5-bf-Snap-897.czi,2541.725,0,65535,Tentacle Area,0,Tentacle,VWA-32,,n/a,D5-VWA-32,VWA-32,VWA,32,sym,W9-10
1285,d5-fl-Snap-896.czi,76.327,924,65535,Symbiont Area,3.003,Tentacle,VWA-32,,3.002960588,D5-VWA-32,VWA-32,VWA,32,sym,W9-10
1286,d5-bf-Snap-897.czi,3649.662,0,65535,Tentacle Area,0,Tentacle,VWA-32,,n/a,D5-VWA-32,VWA-32,VWA,32,sym,W9-10
1287,d5-fl-Snap-896.czi,121.735,830,65535,Symbiont Area,3.336,Tentacle,VWA-32,,3.335514357,D5-VWA-32,VWA-32,VWA,32,sym,W9-10
1288,d5-bf-Snap-897.czi,1393.57,0,65535,Tentacle Area,0,Tentacle,VWA-32,,n/a,D5-VWA-32,VWA-32,VWA,32,sym,W9-10
1289,d5-fl-Snap-896.czi,137.303,1299,65535,Symbiont Area,9.853,Tentacle,VWA-32,,9.852608767,D5-VWA-32,VWA-32,VWA,32,sym,W9-10
1290,d6-bf-Snap-895.czi,1500.169,0,65535,Tentacle Area,0,Tentacle,VWA-32,,n/a,D6-VWA-32,VWA-32,VWA,32,sym,W9-10
1291,d6-fl-Snap-894.czi,330.176,932,65535,Symbiont Area,22.009,Tentacle,VWA-32,,22.00925362,D6-VWA-32,VWA-32,VWA,32,sym,W9-10
1292,d6-bf-Snap-895.czi,1786.883,0,65535,Tentacle Area,0,Tentacle,VWA-32,,n/a,D6-VWA-32,VWA-32,VWA,32,sym,W9-10
1293,d6-fl-Snap-894.czi,321.31,900,65535,Symbiont Area,17.982,Tentacle,VWA-32,,17.98159141,D6-VWA-32,VWA-32,VWA,32,sym,W9-10
1294,d6-bf-Snap-895.czi,1638.553,0,65535,Tentacle Area,0,Tentacle,VWA-32,,n/a,D6-VWA-32,VWA-32,VWA,32,sym,W9-10
1295,d6-fl-Snap-894.czi,169.304,1010,65535,Symbiont Area,10.333,Tentacle,VWA-32,,10.3325312,D6-VWA-32,VWA-32,VWA,32,sym,W9-10
1296,d6-bf-Snap-895.czi,2032.731,0,65535,Tentacle Area,0,Tentacle,VWA-32,,n/a,D6-VWA-32,VWA-32,VWA,32,sym,W9-10
1297,d6-fl-Snap-894.czi,603.052,916,65535,Symbiont Area,29.667,Tentacle,VWA-32,,29.66708335,D6-VWA-32,VWA-32,VWA,32,sym,W9-10
1298,d6-bf-Snap-895.czi,2173.061,0,65535,Tentacle Area,0,Tentacle,VWA-32,,n/a,D6-VWA-32,VWA-32,VWA,32,sym,W9-10
1299,d6-fl-Snap-894.czi,415.152,1074,65535,Symbiont Area,19.104,Tentacle,VWA-32,,19.10447981,D6-VWA-32,VWA-32,VWA,32,sym,W9-10
1300,d6-bf-Snap-895.czi,1726.557,0,65535,Tentacle Area,0,Tentacle,VWA-32,,n/a,D6-VWA-32,VWA-32,VWA,32,sym,W9-10
1301,d6-fl-Snap-894.czi,345.095,1216,65535,Symbiont Area,19.987,Tentacle,VWA-32,,19.98746639,D6-VWA-32,VWA-32,VWA,32,sym,W9-10
1302,d7-bf-Snap-893.czi,2596.646,0,65535,Tentacle Area,19.987,Tentacle,VWA-32,,n/a,D7-VWA-32,VWA-32,VWA,32,sym,W9-10
1303,d7-fl-Snap-890.czi,568.456,958,65535,Symbiont Area,21.892,Tentacle,VWA-32,,21.8919329,D7-VWA-32,VWA-32,VWA,32,sym,W9-10
1304,d7-bf-Snap-893.czi,3885.347,0,65535,Tentacle Area,0,Tentacle,VWA-32,,n/a,D7-VWA-32,VWA-32,VWA,32,sym,W9-10
1305,d7-fl-Snap-890.czi,351.798,989,65535,Symbiont Area,9.054,Tentacle,VWA-32,,9.054480848,D7-VWA-32,VWA-32,VWA,32,sym,W9-10
1306,d7-bf-Snap-893.czi,2435.342,0,65535,Tentacle Area,0,Tentacle,VWA-32,,n/a,D7-VWA-32,VWA-32,VWA,32,sym,W9-10
1307,d7-fl-Snap-890.czi,628.134,1004,65535,Symbiont Area,25.792,Tentacle,VWA-32,,25.7924349,D7-VWA-32,VWA-32,VWA,32,sym,W9-10
1308,d7-bf-Snap-893.czi,861.657,0,65535,Tentacle Area,0,Tentacle,VWA-32,,n/a,D7-VWA-32,VWA-32,VWA,32,sym,W9-10
1309,d7-fl-Snap-890.czi,222.279,1112,65535,Symbiont Area,25.797,Tentacle,VWA-32,,25.79669172,D7-VWA-32,VWA-32,VWA,32,sym,W9-10
1310,d8-bf-Snap-889.czi,2983.04,0,65535,Tentacle Area,0,Tentacle,VWA-32,,n/a,D8-VWA-32,VWA-32,VWA,32,sym,W9-10
1311,d8-fl-Snap-888.czi,888.901,46,65535,Symbiont Area,29.798,Tentacle,VWA-32,,29.79849415,D8-VWA-32,VWA-32,VWA,32,sym,W9-10
1312,d8-bf-Snap-889.czi,4527.535,0,65535,Tentacle Area,0,Tentacle,VWA-32,,n/a,D8-VWA-32,VWA-32,VWA,32,sym,W9-10
1313,d8-fl-Snap-888.czi,45.407,1491,65535,Symbiont Area,1.003,Tentacle,VWA-32,,1.002907763,D8-VWA-32,VWA-32,VWA,32,sym,W9-10
1314,d8-bf-Snap-889.czi,3544.576,0,65535,Tentacle Area,0,Tentacle,VWA-32,,n/a,D8-VWA-32,VWA-32,VWA,32,sym,W9-10
1315,d8-fl-Snap-888.czi,38.704,1414,65535,Symbiont Area,1.092,Tentacle,VWA-32,,1.091921855,D8-VWA-32,VWA-32,VWA,32,sym,W9-10
1316,d8-bf-Snap-889.czi,1216.698,0,65535,Tentacle Area,0,Tentacle,VWA-32,,n/a,D8-VWA-32,VWA-32,VWA,32,sym,W9-10
1317,d8-fl-Snap-888.czi,22.055,1414,65535,Symbiont Area,1.813,Tentacle,VWA-32,,1.812693043,D8-VWA-32,VWA-32,VWA,32,sym,W9-10
1318,d8-bf-Snap-889.czi,3405.111,0,65535,Tentacle Area,0,Tentacle,VWA-32,,n/a,D8-VWA-32,VWA-32,VWA,32,sym,W9-10
1319,d8-fl-Snap-888.czi,29.839,1507,65535,Symbiont Area,0.876,Tentacle,VWA-32,,0.8763003614,D8-VWA-32,VWA-32,VWA,32,sym,W9-10
1323,e1-fl-Snap-906.czi,194.17,1454,65535,Symbiont Area,56.336,Tentacle,VWA-32,,REMOVED,E1-VWA-32,VWA-32,VWA,32,sym,W9-10
1324,e1-bf-Snap-907.czi,2514.264,0,65535,Tentacle Area,0,Tentacle,VWA-32,,n/a,E1-VWA-32,VWA-32,VWA,32,sym,W9-10
1325,e1-fl-Snap-906.czi,892.361,750,65535,Symbiont Area,35.492,Tentacle,VWA-32,,35.4919372,E1-VWA-32,VWA-32,VWA,32,sym,W9-10
1326,e1-fl-Snap-906.czi,226728.346,0,65535,Tentacle Area,0,Tentacle,VWA-32,,REMOVED,E1-VWA-32,VWA-32,VWA,32,sym,W9-10
1327,e1-fl-Snap-906.czi,1986.243,704,65535,Symbiont Area,0.876,Tentacle,VWA-32,,REMOVED,E1-VWA-32,VWA-32,VWA,32,sym,W9-10
1328,e1-bf-Snap-907.czi,2091.112,0,65535,Tentacle Area,0,Tentacle,VWA-32,,n/a,E1-VWA-32,VWA-32,VWA,32,sym,W9-10
1329,e1-fl-Snap-906.czi,236.55,1164,65535,Symbiont Area,11.312,Tentacle,VWA-32,,11.3121631,E1-VWA-32,VWA-32,VWA,32,sym,W9-10
1330,e2-bf-Snap-909.czi,6845.467,0,65535,Tentacle Area,0,Tentacle,VWA-32,,n/a,E2-VWA-32,VWA-32,VWA,32,sym,W9-10
1331,e2-fl-Snap-908.czi,183.575,1111,65535,Symbiont Area,2.682,Tentacle,VWA-32,,2.681701628,E2-VWA-32,VWA-32,VWA,32,sym,W9-10
1332,e2-bf-Snap-909.czi,3313.648,0,65535,Tentacle Area,0,Tentacle,VWA-32,,n/a,E2-VWA-32,VWA-32,VWA,32,sym,W9-10
1333,e2-fl-Snap-908.czi,276.768,157,65535,Symbiont Area,8.352,Tentacle,VWA-32,,8.352365731,E2-VWA-32,VWA-32,VWA,32,sym,W9-10
1334,e2-bf-Snap-909.czi,3754.531,0,65535,Tentacle Area,0,Tentacle,VWA-32,,n/a,E2-VWA-32,VWA-32,VWA,32,sym,W9-10
1335,e2-fl-Snap-908.czi,488.02,955,65535,Symbiont Area,12.998,Tentacle,VWA-32,,12.99816142,E2-VWA-32,VWA-32,VWA,32,sym,W9-10
1336,e2-bf-Snap-909.czi,8728.355,0,65535,Tentacle Area,0,Body column,VWA-32,,n/a,E2-VWA-32,VWA-32,VWA,32,sym,W9-10
1337,e2-fl-Snap-908.czi,368.015,1080,65535,Symbiont Area,4.216,Body column,VWA-32,,4.216315675,E2-VWA-32,VWA-32,VWA,32,sym,W9-10
1338,e3-bf-Snap-911.czi,3955.62,0,65535,Tentacle Area,0,Tentacle,VWA-32,,n/a,E3-VWA-32,VWA-32,VWA,32,sym,W9-10
1339,e3-fl-Snap-910.czi,146.817,1198,65535,Symbiont Area,3.712,Tentacle,VWA-32,,3.71160526,E3-VWA-32,VWA-32,VWA,32,sym,W9-10
1340,e3-bf-Snap-911.czi,2980.445,0,65535,Tentacle Area,0,Tentacle,VWA-32,,n/a,E3-VWA-32,VWA-32,VWA,32,sym,W9-10
1341,e3-fl-Snap-910.czi,170.385,1349,65535,Symbiont Area,5.717,Tentacle,VWA-32,,5.716763772,E3-VWA-32,VWA-32,VWA,32,sym,W9-10
1342,e3-bf-Snap-911.czi,2710.164,0,65535,Tentacle Area,0,Tentacle,VWA-32,,n/a,E3-VWA-32,VWA-32,VWA,32,sym,W9-10
1343,e3-fl-Snap-910.czi,181.413,1061,65535,Symbiont Area,6.694,Tentacle,VWA-32,,6.693801556,E3-VWA-32,VWA-32,VWA,32,sym,W9-10
1344,e3-bf-Snap-911.czi,1745.584,0,65535,Tentacle Area,0,Tentacle,VWA-32,,n/a,E3-VWA-32,VWA-32,VWA,32,sym,W9-10
1345,e3-fl-Snap-910.czi,38.488,1455,65535,Symbiont Area,2.205,Tentacle,VWA-32,,2.204878138,E3-VWA-32,VWA-32,VWA,32,sym,W9-10
1346,e3-bf-Snap-911.czi,1890.239,0,65535,Tentacle Area,0,Tentacle,VWA-32,,n/a,E3-VWA-32,VWA-32,VWA,32,sym,W9-10
1347,e3-fl-Snap-910.czi,92.328,1031,65535,Symbiont Area,4.884,Tentacle,VWA-32,,4.8844617,E3-VWA-32,VWA-32,VWA,32,sym,W9-10
REMOVE,e4-fl/bf-snap-912/913.czi,REMOVE,REMOVE,REMOVE,REMOVE,REMOVE,REMOVE,VWA-32,"dead, cannot measure ",REMOVED,E4-VWA-32,VWA-32,VWA,32,sym,W9-10
REMOVE,e5-fl/bf-snap-914/915.czi,REMOVE,REMOVE,REMOVE,REMOVE,REMOVE,REMOVE,VWA-32,"dead, cannot measure ",REMOVED,E5-VWA-32,VWA-32,VWA,32,sym,W9-10
1348,e6-bf-Snap-917.czi,629.431,0,65535,Tentacle Area,0,Tentacle,VWA-32,,n/a,E6-VWA-32,VWA-32,VWA,32,sym,W9-10
1349,e6-fl-Snap-916.czi,178.169,1320,65535,Symbiont Area,28.306,Tentacle,VWA-32,,28.30635924,E6-VWA-32,VWA-32,VWA,32,sym,W9-10
1350,e6-bf-Snap-917.czi,3280.566,0,65535,Tentacle Area,0,Tentacle,VWA-32,,n/a,E6-VWA-32,VWA-32,VWA,32,sym,W9-10
1351,e6-fl-Snap-916.czi,1038.745,963,65535,Symbiont Area,31.664,Tentacle,VWA-32,,31.66359098,E6-VWA-32,VWA-32,VWA,32,sym,W9-10
1352,e6-bf-Snap-917.czi,4871.549,0,65535,Tentacle Area,0,Tentacle,VWA-32,,n/a,E6-VWA-32,VWA-32,VWA,32,sym,W9-10
1353,e6-fl-Snap-916.czi,886.955,948,65535,Symbiont Area,18.207,Tentacle,VWA-32,,18.20683729,E6-VWA-32,VWA-32,VWA,32,sym,W9-10
1354,e6-bf-Snap-917.czi,4524.292,0,65535,Tentacle Area,0,Tentacle,VWA-32,,n/a,E6-VWA-32,VWA-32,VWA,32,sym,W9-10
1355,e6-fl-Snap-916.czi,1911.645,1010,65535,Symbiont Area,42.253,Tentacle,VWA-32,,42.25290941,E6-VWA-32,VWA-32,VWA,32,sym,W9-10
1356,e6-bf-Snap-917.czi,512.669,0,65535,Tentacle Area,0,Tentacle,VWA-32,,n/a,E6-VWA-32,VWA-32,VWA,32,sym,W9-10
1357,e6-fl-Snap-916.czi,231.361,1755,65535,Symbiont Area,45.129,Tentacle,VWA-32,,45.12872828,E6-VWA-32,VWA-32,VWA,32,sym,W9-10
1358,e7-bf-Snap-919.czi,4354.123,0,65535,Tentacle Area,0,Tentacle,VWA-32,,n/a,E7-VWA-32,VWA-32,VWA,32,sym,W9-10
1359,e7-fl-Snap-918.czi,119.14,1294,65535,Symbiont Area,2.736,Tentacle,VWA-32,,2.736257106,E7-VWA-32,VWA-32,VWA,32,sym,W9-10
1360,e7-bf-Snap-919.czi,1079.395,0,65535,Tentacle Area,0,Tentacle,VWA-32,,n/a,E7-VWA-32,VWA-32,VWA,32,sym,W9-10
1361,e7-fl-Snap-918.czi,49.083,1185,65535,Symbiont Area,4.547,Tentacle,VWA-32,,4.547269535,E7-VWA-32,VWA-32,VWA,32,sym,W9-10
1362,e7-bf-Snap-919.czi,1219.293,0,65535,Tentacle Area,0,Tentacle,VWA-32,,n/a,E7-VWA-32,VWA-32,VWA,32,sym,W9-10
1363,e7-fl-Snap-918.czi,49.948,764,65535,Symbiont Area,4.096,Tentacle,VWA-32,,4.0964723,E7-VWA-32,VWA-32,VWA,32,sym,W9-10
1364,e7-bf-Snap-919.czi,1121.992,0,65535,Tentacle Area,0,Tentacle,VWA-32,,n/a,E7-VWA-32,VWA-32,VWA,32,sym,W9-10
1365,e7-fl-Snap-918.czi,99.247,1278,65535,Symbiont Area,8.846,Tentacle,VWA-32,,8.845606742,E7-VWA-32,VWA-32,VWA,32,sym,W9-10
1366,e7-bf-Snap-919.czi,1136.262,0,65535,Tentacle Area,0,Tentacle,VWA-32,,n/a,E7-VWA-32,VWA-32,VWA,32,sym,W9-10
1367,e7-fl-Snap-918.czi,48.651,779,65535,Symbiont Area,4.282,Tentacle,VWA-32,,4.281670953,E7-VWA-32,VWA-32,VWA,32,sym,W9-10
1368,e8-bf-Snap-921.czi,2479.02,0,65535,Tentacle Area,0,Tentacle,VWA-32,,n/a,E8-VWA-32,VWA-32,VWA,32,sym,W9-10
1369,e8-fl-Snap-920.czi,188.764,1221,65535,Symbiont Area,7.614,Tentacle,VWA-32,,7.614460553,E8-VWA-32,VWA-32,VWA,32,sym,W9-10
1370,e8-bf-Snap-921.czi,1543.414,0,65535,Tentacle Area,0,Tentacle,VWA-32,,n/a,E8-VWA-32,VWA-32,VWA,32,sym,W9-10
1371,e8-fl-Snap-920.czi,494.074,166,65535,Symbiont Area,32.012,Tentacle,VWA-32,,32.01176094,E8-VWA-32,VWA-32,VWA,32,sym,W9-10
1372,e8-bf-Snap-921.czi,932.795,0,65535,Tentacle Area,0,Tentacle,VWA-32,,n/a,E8-VWA-32,VWA-32,VWA,32,sym,W9-10
1373,e8-fl-Snap-920.czi,42.38,1432,65535,Symbiont Area,4.543,Tentacle,VWA-32,,4.543334816,E8-VWA-32,VWA-32,VWA,32,sym,W9-10
1374,e8-bf-Snap-921.czi,1423.409,0,65535,Tentacle Area,0,Tentacle,VWA-32,,n/a,E8-VWA-32,VWA-32,VWA,32,sym,W9-10
1375,e8-fl-Snap-920.czi,109.626,1598,65535,Symbiont Area,7.702,Tentacle,VWA-32,,7.701651458,E8-VWA-32,VWA-32,VWA,32,sym,W9-10
1376,f1-bf-Snap-937.czi,4757.599,0,65535,Tentacle Area,0,Tentacle,VWA-32,,n/a,F1-VWA-32,VWA-32,VWA,32,sym,W9-10
1377,f1-fl-Snap-936.czi,1364.812,1456,65535,Symbiont Area,28.687,Tentacle,VWA-32,,28.68699106,F1-VWA-32,VWA-32,VWA,32,sym,W9-10
1378,f1-bf-Snap-937.czi,1475.952,0,65535,Tentacle Area,0,Tentacle,VWA-32,,n/a,F1-VWA-32,VWA-32,VWA,32,sym,W9-10
1379,f1-fl-Snap-936.czi,179.683,470,65535,Symbiont Area,12.174,Tentacle,VWA-32,,12.17404089,F1-VWA-32,VWA-32,VWA,32,sym,W9-10
1380,f1-bf-Snap-937.czi,1861.049,0,65535,Tentacle Area,0,Tentacle,VWA-32,,n/a,F1-VWA-32,VWA-32,VWA,32,sym,W9-10
1381,f1-fl-Snap-936.czi,423.801,705,65535,Symbiont Area,22.772,Tentacle,VWA-32,,22.77215699,F1-VWA-32,VWA-32,VWA,32,sym,W9-10
1382,f1-bf-Snap-937.czi,4050.543,0,65535,Tentacle Area,0,Tentacle,VWA-32,,n/a,F1-VWA-32,VWA-32,VWA,32,sym,W9-10
1383,f1-fl-Snap-936.czi,779.059,893,65535,Symbiont Area,19.233,Tentacle,VWA-32,,19.23344598,F1-VWA-32,VWA-32,VWA,32,sym,W9-10
1384,f1-bf-Snap-937.czi,2717.732,0,65535,Tentacle Area,0,Tentacle,VWA-32,,n/a,F1-VWA-32,VWA-32,VWA,32,sym,W9-10
1385,f1-fl-Snap-936.czi,637.215,924,65535,Symbiont Area,23.447,Tentacle,VWA-32,,23.44657236,F1-VWA-32,VWA-32,VWA,32,sym,W9-10
1386,f2-bf-Snap-935.czi,1953.809,0,65535,Tentacle Area,0,Tentacle,VWA-32,,n/a,F2-VWA-32,VWA-32,VWA,32,sym,W9-10
1387,f2-fl-Snap-934.czi,536.67,1320,65535,Symbiont Area,27.468,Tentacle,VWA-32,,27.46788453,F2-VWA-32,VWA-32,VWA,32,sym,W9-10
1388,f2-bf-Snap-935.czi,1315.945,0,65535,Tentacle Area,0,Tentacle,VWA-32,,n/a,F2-VWA-32,VWA-32,VWA,32,sym,W9-10
1389,f2-fl-Snap-934.czi,626.404,1241,65535,Symbiont Area,47.601,Tentacle,VWA-32,,47.60107755,F2-VWA-32,VWA-32,VWA,32,sym,W9-10
1390,f2-bf-Snap-935.czi,665.324,0,65535,Tentacle Area,0,Tentacle,VWA-32,,n/a,F2-VWA-32,VWA-32,VWA,32,sym,W9-10
1391,f2-fl-Snap-934.czi,291.688,1336,65535,Symbiont Area,43.841,Tentacle,VWA-32,,43.84149677,F2-VWA-32,VWA-32,VWA,32,sym,W9-10
1392,f2-bf-Snap-935.czi,1263.403,0,65535,Tentacle Area,0,Tentacle,VWA-32,,n/a,F2-VWA-32,VWA-32,VWA,32,sym,W9-10
1393,f2-fl-Snap-934.czi,405.638,1021,65535,Symbiont Area,32.107,Tentacle,VWA-32,,32.10677828,F2-VWA-32,VWA-32,VWA,32,sym,W9-10
1394,f2-fl-Snap-934.czi,226728.346,0,65535,Tentacle Area,0,Tentacle,VWA-32,,REMOVED,F2-VWA-32,VWA-32,VWA,32,sym,W9-10
1395,f2-fl-Snap-934.czi,260.984,1163,65535,Symbiont Area,0.115,Tentacle,VWA-32,,REMOVED,F2-VWA-32,VWA-32,VWA,32,sym,W9-10
1396,f3-bf-Snap-933.czi,1391.192,0,65535,Tentacle Area,0,Tentacle,VWA-32,,n/a,F3-VWA-32,VWA-32,VWA,32,sym,W9-10
1397,f3-fl-Snap-932.czi,23.569,1836,65535,Symbiont Area,1.694,Tentacle,VWA-32,,1.694158678,F3-VWA-32,VWA-32,VWA,32,sym,W9-10
1398,f3-bf-Snap-933.czi,4234.767,0,65535,Tentacle Area,0,Tentacle,VWA-32,,n/a,F3-VWA-32,VWA-32,VWA,32,sym,W9-10
1399,f3-fl-Snap-932.czi,110.275,1296,65535,Symbiont Area,2.604,Tentacle,VWA-32,,2.604039372,F3-VWA-32,VWA-32,VWA,32,sym,W9-10
1400,f3-bf-Snap-933.czi,1685.69,0,65535,Tentacle Area,0,Tentacle,VWA-32,,n/a,F3-VWA-32,VWA-32,VWA,32,sym,W9-10
1401,f3-fl-Snap-932.czi,19.676,1080,65535,Symbiont Area,1.167,Tentacle,VWA-32,,1.167237155,F3-VWA-32,VWA-32,VWA,32,sym,W9-10
1402,f4-bf-Snap-929.czi,2360.312,0,65535,Tentacle Area,0,Tentacle,VWA-32,,n/a,F4-VWA-32,VWA-32,VWA,32,sym,W9-10
1403,f4-fl-Snap-928.czi,11.027,1560,65535,Symbiont Area,0.467,Tentacle,VWA-32,,0.4671839994,F4-VWA-32,VWA-32,VWA,32,sym,W9-10
1404,f4-bf-Snap-929.czi,3727.287,0,65535,Tentacle Area,0,Tentacle,VWA-32,,n/a,F4-VWA-32,VWA-32,VWA,32,sym,W9-10
1405,f4-fl-Snap-928.czi,616.89,1014,65535,Symbiont Area,16.551,Tentacle,VWA-32,,16.55064394,F4-VWA-32,VWA-32,VWA,32,sym,W9-10
1406,f4-bf-Snap-929.czi,3149.533,0,65535,Tentacle Area,0,Tentacle,VWA-32,,n/a,F4-VWA-32,VWA-32,VWA,32,sym,W9-10
1407,f4-fl-Snap-928.czi,62.273,1077,65535,Symbiont Area,1.977,Tentacle,VWA-32,,1.977213765,F4-VWA-32,VWA-32,VWA,32,sym,W9-10
1408,f4-bf-Snap-929.czi,2800.546,0,65535,Tentacle Area,0,Tentacle,VWA-32,,n/a,F4-VWA-32,VWA-32,VWA,32,sym,W9-10
1409,f4-fl-Snap-928.czi,50.597,1030,65535,Symbiont Area,1.807,Tentacle,VWA-32,,1.806683411,F4-VWA-32,VWA-32,VWA,32,sym,W9-10
1410,f5-bf-Snap-927.czi,3616.579,0,65535,Tentacle Area,0,Tentacle,VWA-32,,n/a,F5-VWA-32,VWA-32,VWA,32,sym,W9-10
1411,f5-fl-Snap-926.czi,633.323,1087,65535,Symbiont Area,17.512,Tentacle,VWA-32,,17.5116595,F5-VWA-32,VWA-32,VWA,32,sym,W9-10
1412,f5-bf-Snap-927.czi,2250.254,0,65535,Tentacle Area,0,Tentacle,VWA-32,,n/a,F5-VWA-32,VWA-32,VWA,32,sym,W9-10
1413,f5-fl-Snap-926.czi,134.059,621,65535,Symbiont Area,5.958,Tentacle,VWA-32,,5.957505242,F5-VWA-32,VWA-32,VWA,32,sym,W9-10
1414,f5-bf-Snap-927.czi,1310.323,0,65535,Tentacle Area,0,Body column,VWA-32,,n/a,F5-VWA-32,VWA-32,VWA,32,sym,W9-10
1415,f5-fl-Snap-926.czi,52.759,1258,65535,Symbiont Area,4.026,Body column,VWA-32,,4.026411808,F5-VWA-32,VWA-32,VWA,32,sym,W9-10
RANDOM,f6-fl/bf,RANDOM,RANDOM,RANDOM,RANDOM,RANDOM,RANDOM,VWA-32,"Dead, no image",REMOVED,F6-VWA-32,VWA-32,VWA,32,sym,W9-10
1416,f7-bf-Snap-925.czi,3549.55,0,65535,Tentacle Area,0,Tentacle,VWA-32,,n/a,F7-VWA-32,VWA-32,VWA,32,sym,W9-10
1417,f7-fl-Snap-924.czi,895.388,1094,65535,Symbiont Area,25.225,Tentacle,VWA-32,,25.22539477,F7-VWA-32,VWA-32,VWA,32,sym,W9-10
1418,f7-bf-Snap-925.czi,2275.119,0,65535,Tentacle Area,0,Tentacle,VWA-32,,n/a,F7-VWA-32,VWA-32,VWA,32,sym,W9-10
1419,f7-fl-Snap-924.czi,179.467,938,65535,Symbiont Area,7.888,Tentacle,VWA-32,,7.888246725,F7-VWA-32,VWA-32,VWA,32,sym,W9-10
1420,f7-bf-Snap-925.czi,846.737,0,65535,Tentacle Area,0,Tentacle,VWA-32,,n/a,F7-VWA-32,VWA-32,VWA,32,sym,W9-10
1421,f7-fl-Snap-924.czi,89.517,907,65535,Symbiont Area,10.572,Tentacle,VWA-32,,10.57199579,F7-VWA-32,VWA-32,VWA,32,sym,W9-10
1422,f7-bf-Snap-925.czi,1774.775,0,65535,Tentacle Area,0,Tentacle,VWA-32,,n/a,F7-VWA-32,VWA-32,VWA,32,sym,W9-10
1423,f7-fl-Snap-924.czi,124.762,891,65535,Symbiont Area,7.03,Tentacle,VWA-32,,7.029736164,F7-VWA-32,VWA-32,VWA,32,sym,W9-10
1424,f7-bf-Snap-925.czi,19266.512,0,65535,Tentacle Area,0,Body column,VWA-32,,n/a,F7-VWA-32,VWA-32,VWA,32,sym,W9-10
1425,f7-fl-Snap-924.czi,540.995,1173,65535,Symbiont Area,2.808,Body column,VWA-32,,2.807955067,F7-VWA-32,VWA-32,VWA,32,sym,W9-10
RANDOM,f8-bf/fl-Snap-922/923.czi,RANDOM,RANDOM,RANDOM,RANDOM,RANDOM,RANDOM,VWA-32,"dead, cannot measure",REMOVED,F8-VWA-32,VWA-32,VWA,32,sym,W9-10
,,,,,,,,,,,,,,,,
,label,area,Min Threshold,Max Threshold,type,percent_raw,region,plate,notes,calculation,well,treatment,genotype,temperature,symbiotic_state,cohort
1,A1-bf-Snap-371.czi,2555.779,0,65535,Tentacle Area,0,Tentacle,H2-32,,n/a,A1-H2-32,H2-32,H2,32,sym,W7-8
2,A1-fl-Snap-370.czi,410.827,1207,65535,Symbiont Area,16.074,Tentacle,H2-32,,16.07443367,A1-H2-32,H2-32,H2,32,sym,W7-8
3,A1-bf-Snap-371.czi,1133.884,0,65535,Tentacle Area,10.49,Tentacle,H2-32,,n/a,A1-H2-32,H2-32,H2,32,sym,W7-8
4,A1-fl-Snap-370.czi,104.22,1269,65535,Symbiont Area,9.191,Tentacle,H2-32,,9.191416406,A1-H2-32,H2-32,H2,32,sym,W7-8
5,A1-bf-Snap-371.czi,939.065,0,65535,Tentacle Area,16.074,Tentacle,H2-32,,n/a,A1-H2-32,H2-32,H2,32,sym,W7-8
6,A1-fl-Snap-370.czi,105.518,1395,65535,Symbiont Area,11.236,Tentacle,H2-32,,11.23649588,A1-H2-32,H2-32,H2,32,sym,W7-8
7,A1-bf-Snap-371.czi,2103.437,0,65535,Tentacle Area,0,Tentacle,H2-32,,n/a,A1-H2-32,H2-32,H2,32,sym,W7-8
8,A1-fl-Snap-370.czi,270.065,987,65535,Symbiont Area,12.839,Tentacle,H2-32,,12.83922456,A1-H2-32,H2-32,H2,32,sym,W7-8
9,A1-bf-Snap-371.czi,928.47,0,65535,Tentacle Area,0,Tentacle,H2-32,,n/a,A1-H2-32,H2-32,H2,32,sym,W7-8
10,A1-fl-Snap-370.czi,91.463,1348,65535,Symbiont Area,9.851,Tentacle,H2-32,,9.850937564,A1-H2-32,H2-32,H2,32,sym,W7-8
11,A2-bf-Snap-373.czi,3810.749,0,65535,Tentacle Area,0,Tentacle,H2-32,,n/a,A2-H2-32,H2-32,H2,32,sym,W7-8
12,A2-fl-Snap-372.czi,716.57,1281,65535,Symbiont Area,18.804,Tentacle,H2-32,,18.80391493,A2-H2-32,H2-32,H2,32,sym,W7-8
13,A2-bf-Snap-373.czi,1419.733,0,65535,Tentacle Area,0,Tentacle,H2-32,,n/a,A2-H2-32,H2-32,H2,32,sym,W7-8
14,A2-fl-Snap-372.czi,142.492,717,65535,Symbiont Area,10.037,Tentacle,H2-32,,10.03653504,A2-H2-32,H2-32,H2,32,sym,W7-8
15,A2-bf-Snap-373.czi,1320.27,0,65535,Tentacle Area,0,Tentacle,H2-32,,n/a,A2-H2-32,H2-32,H2,32,sym,W7-8
16,A2-fl-Snap-372.czi,287.795,1175,65535,Symbiont Area,21.798,Tentacle,H2-32,,21.79819279,A2-H2-32,H2-32,H2,32,sym,W7-8
17,A2-bf-Snap-373.czi,918.091,0,65535,Tentacle Area,0,Tentacle,H2-32,,n/a,A2-H2-32,H2-32,H2,32,sym,W7-8
18,A2-fl-Snap-372.czi,95.139,1281,65535,Symbiont Area,10.363,Tentacle,H2-32,,10.36269825,A2-H2-32,H2-32,H2,32,sym,W7-8
19,A3-bf-Snap-375.czi,1132.154,0,65535,Tentacle Area,0,Tentacle,H2-32,,n/a,A3-H2-32,H2-32,H2,32,sym,W7-8
20,A3-fl-Snap-374.czi,88.22,1221,65535,Symbiont Area,7.792,Tentacle,H2-32,,7.792226146,A3-H2-32,H2-32,H2,32,sym,W7-8
21,A3-bf-Snap-375.czi,2252.2,0,65535,Tentacle Area,0.039,Tentacle,H2-32,,n/a,A3-H2-32,H2-32,H2,32,sym,W7-8
22,A3-fl-Snap-374.czi,180.548,1190,65535,Symbiont Area,8.017,Tentacle,H2-32,,8.016517183,A3-H2-32,H2-32,H2,32,sym,W7-8
23,A3-bf-Snap-375.czi,1161.561,0,65535,Tentacle Area,0,Tentacle,H2-32,,n/a,A3-H2-32,H2-32,H2,32,sym,W7-8
24,A3-fl-Snap-374.czi,91.463,1221,65535,Symbiont Area,7.874,Tentacle,H2-32,,7.874145224,A3-H2-32,H2-32,H2,32,sym,W7-8
25,A3-bf-Snap-375.czi,2397.935,0,65535,Tentacle Area,0,Tentacle,H2-32,,n/a,A3-H2-32,H2-32,H2,32,sym,W7-8
26,A3-fl-Snap-374.czi,319.148,1129,65535,Symbiont Area,13.309,Tentacle,H2-32,,13.30928486,A3-H2-32,H2-32,H2,32,sym,W7-8
27,A3-bf-Snap-375.czi,1396.813,0,65535,Tentacle Area,0,Tentacle,H2-32,,n/a,A3-H2-32,H2-32,H2,32,sym,W7-8
28,A3-fl-Snap-374.czi,271.362,656,65535,Symbiont Area,19.427,Tentacle,H2-32,,19.42722469,A3-H2-32,H2-32,H2,32,sym,W7-8
29,A4-bf-Snap-377.czi,1757.261,0,65535,Tentacle Area,0,Tentacle,H2-32,,n/a,A4-H2-32,H2-32,H2,32,sym,W7-8
30,A4-fl-Snap-376.czi,770.626,1435,65535,Symbiont Area,43.854,Tentacle,H2-32,,43.85381568,A4-H2-32,H2-32,H2,32,sym,W7-8
31,A4-bf-Snap-377.czi,2669.081,0,65535,Tentacle Area,0,Tentacle,H2-32,,n/a,A4-H2-32,H2-32,H2,32,sym,W7-8
32,A4-fl-Snap-376.czi,797.87,1080,65535,Symbiont Area,29.893,Tentacle,H2-32,,29.89306057,A4-H2-32,H2-32,H2,32,sym,W7-8
33,A4-bf-Snap-377.czi,586.186,0,65535,Tentacle Area,0,Tentacle,H2-32,,n/a,A4-H2-32,H2-32,H2,32,sym,W7-8
34,A4-fl-Snap-376.czi,267.038,864,65535,Symbiont Area,45.555,Tentacle,H2-32,,45.55516508,A4-H2-32,H2-32,H2,32,sym,W7-8
35,A4-bf-Snap-377.czi,2008.514,0,65535,Tentacle Area,0,Tentacle,H2-32,,n/a,A4-H2-32,H2-32,H2,32,sym,W7-8
36,A4-fl-Snap-376.czi,871.603,1173,65535,Symbiont Area,43.395,Tentacle,H2-32,,43.39541572,A4-H2-32,H2-32,H2,32,sym,W7-8
37,A4-bf-Snap-377.czi,447.153,0,65535,Tentacle Area,0,Tentacle,H2-32,,n/a,A4-H2-32,H2-32,H2,32,sym,W7-8
38,A4-fl-Snap-376.czi,131.032,1636,65535,Symbiont Area,29.304,Tentacle,H2-32,,29.30361644,A4-H2-32,H2-32,H2,32,sym,W7-8
39,A5-bf-Snap-379.czi,2699.137,0,65535,Tentacle Area,0,Tentacle,H2-32,,n/a,A5-H2-32,H2-32,H2,32,sym,W7-8
40,A5-fl-Snap-378.czi,649.972,1189,65535,Symbiont Area,24.081,Tentacle,H2-32,,24.08073395,A5-H2-32,H2-32,H2,32,sym,W7-8
41,A5-fl-Snap-378.czi,226728.346,0,65535,Tentacle Area,0,Tentacle,H2-32,,REMOVED,A5-H2-32,H2-32,H2,32,sym,W7-8
42,A5-fl-Snap-378.czi,157.196,1006,65535,Symbiont Area,0.069,Tentacle,H2-32,,REMOVED,A5-H2-32,H2-32,H2,32,sym,W7-8
43,A5-fl-Snap-378.czi,226728.346,0,65535,Tentacle Area,0,Tentacle,H2-32,,REMOVED,A5-H2-32,H2-32,H2,32,sym,W7-8
44,A5-fl-Snap-378.czi,108.329,1052,65535,Symbiont Area,0.048,Tentacle,H2-32,,REMOVED,A5-H2-32,H2-32,H2,32,sym,W7-8
45,A5-bf-Snap-379.czi,1031.393,0,65535,Tentacle Area,0,Tentacle,H2-32,,n/a,A5-H2-32,H2-32,H2,32,sym,W7-8
46,A5-fl-Snap-378.czi,154.168,945,65535,Symbiont Area,14.948,Tentacle,H2-32,,14.94755152,A5-H2-32,H2-32,H2,32,sym,W7-8
47,A5-bf-Snap-379.czi,1085.233,0,65535,Tentacle Area,0,Tentacle,H2-32,,n/a,A5-H2-32,H2-32,H2,32,sym,W7-8
48,A5-fl-Snap-378.czi,136.87,1219,65535,Symbiont Area,12.612,Tentacle,H2-32,,12.61203815,A5-H2-32,H2-32,H2,32,sym,W7-8
49,A6-bf-Snap-381.czi,2008.946,0,65535,Tentacle Area,0,Tentacle,H2-32,,n/a,A6-H2-32,H2-32,H2,32,sym,W7-8
50,A6-fl-Snap-380.czi,160.006,1221,65535,Symbiont Area,7.965,Tentacle,H2-32,,7.964674013,A6-H2-32,H2-32,H2,32,sym,W7-8
53,A6-bf-Snap-381.czi,2093.707,0,65535,Tentacle Area,0,Tentacle,H2-32,,n/a,A6-H2-32,H2-32,H2,32,sym,W7-8
54,A6-fl-Snap-380.czi,136.006,1095,65535,Symbiont Area,6.496,Tentacle,H2-32,,6.495942364,A6-H2-32,H2-32,H2,32,sym,W7-8
55,A6-bf-Snap-381.czi,1101.018,0,65535,Tentacle Area,0,Tentacle,H2-32,,n/a,A6-H2-32,H2-32,H2,32,sym,W7-8
56,A6-fl-Snap-380.czi,81.517,1332,65535,Symbiont Area,7.404,Tentacle,H2-32,,7.403784498,A6-H2-32,H2-32,H2,32,sym,W7-8
57,A6-bf-Snap-381.czi,1625.796,0,65535,Tentacle Area,0.082,Tentacle,H2-32,,n/a,A6-H2-32,H2-32,H2,32,sym,W7-8
58,A6-fl-Snap-380.czi,195.9,1126,65535,Symbiont Area,12.049,Tentacle,H2-32,,12.04948222,A6-H2-32,H2-32,H2,32,sym,W7-8
59,A7-bf-Snap-383.czi,526.508,0,65535,Tentacle Area,0,Tentacle,H2-32,,n/a,A7-H2-32,H2-32,H2,32,sym,W7-8
60,A7-fl-Snap-382.czi,81.949,1326,65535,Symbiont Area,15.565,Tentacle,H2-32,,15.5646258,A7-H2-32,H2-32,H2,32,sym,W7-8
61,A7-bf-Snap-383.czi,1228.807,0,65535,Tentacle Area,0,Tentacle,H2-32,,n/a,A7-H2-32,H2-32,H2,32,sym,W7-8
62,A7-fl-Snap-382.czi,308.337,1326,65535,Symbiont Area,25.092,Tentacle,H2-32,,25.09238636,A7-H2-32,H2-32,H2,32,sym,W7-8
63,A7-bf-Snap-383.czi,2386.475,0,65535,Tentacle Area,0,Tentacle,H2-32,,n/a,A7-H2-32,H2-32,H2,32,sym,W7-8
64,A7-fl-Snap-382.czi,537.752,1058,65535,Symbiont Area,22.533,Tentacle,H2-32,,22.53331797,A7-H2-32,H2-32,H2,32,sym,W7-8
65,A7-bf-Snap-383.czi,1830.561,0,65535,Tentacle Area,0,Tentacle,H2-32,,n/a,A7-H2-32,H2-32,H2,32,sym,W7-8
66,A7-fl-Snap-382.czi,425.098,1137,65535,Symbiont Area,23.222,Tentacle,H2-32,,23.22227995,A7-H2-32,H2-32,H2,32,sym,W7-8
67,A7-bf-Snap-383.czi,969.985,0,65535,Tentacle Area,0,Tentacle,H2-32,,n/a,A7-H2-32,H2-32,H2,32,sym,W7-8
68,A7-fl-Snap-382.czi,232.226,1326,65535,Symbiont Area,23.941,Tentacle,H2-32,,23.94119497,A7-H2-32,H2-32,H2,32,sym,W7-8
69,A8-bf-Snap-385.czi,851.278,0,65535,Tentacle Area,0,Tentacle,H2-32,,n/a,A8-H2-32,H2-32,H2,32,sym,W7-8
70,A8-fl-Snap-384.czi,295.796,1623,65535,Symbiont Area,34.747,Tentacle,H2-32,,34.74728585,A8-H2-32,H2-32,H2,32,sym,W7-8
71,A8-bf-Snap-385.czi,851.926,0,65535,Tentacle Area,0,Tentacle,H2-32,,n/a,A8-H2-32,H2-32,H2,32,sym,W7-8
72,A8-fl-Snap-384.czi,307.256,1072,65535,Symbiont Area,36.066,Tentacle,H2-32,,36.06604329,A8-H2-32,H2-32,H2,32,sym,W7-8
73,A8-bf-Snap-385.czi,1647.634,0,65535,Tentacle Area,0,Tentacle,H2-32,,n/a,A8-H2-32,H2-32,H2,32,sym,W7-8
74,A8-fl-Snap-384.czi,453.856,1229,65535,Symbiont Area,27.546,Tentacle,H2-32,,27.54592343,A8-H2-32,H2-32,H2,32,sym,W7-8
75,A8-bf-Snap-385.czi,3790.857,0,65535,Tentacle Area,16.828,Body column,H2-32,,n/a,A8-H2-32,H2-32,H2,32,sym,W7-8
76,A8-fl-Snap-384.czi,736.246,788,65535,Symbiont Area,19.422,Body column,H2-32,,19.42162419,A8-H2-32,H2-32,H2,32,sym,W7-8
77,B1-bf-Snap-387.czi,1268.592,0,65535,Tentacle Area,0,Tentacle,H2-32,,n/a,B1-H2-32,H2-32,H2,32,sym,W7-8
78,B1-fl-Snap-386.czi,247.361,1134,65535,Symbiont Area,19.499,Tentacle,H2-32,,19.49886173,B1-H2-32,H2-32,H2,32,sym,W7-8
79,B1-bf-Snap-387.czi,1368.704,0,65535,Tentacle Area,0,Tentacle,H2-32,,n/a,B1-H2-32,H2-32,H2,32,sym,W7-8
80,B1-fl-Snap-386.czi,294.282,1527,65535,Symbiont Area,21.501,Tentacle,H2-32,,21.50077738,B1-H2-32,H2-32,H2,32,sym,W7-8
81,B1-bf-Snap-387.czi,1295.404,0,65535,Tentacle Area,0,Tentacle,H2-32,,n/a,B1-H2-32,H2-32,H2,32,sym,W7-8
82,B1-fl-Snap-386.czi,151.79,1055,65535,Symbiont Area,11.718,Tentacle,H2-32,,11.71758,B1-H2-32,H2-32,H2,32,sym,W7-8
83,B1-bf-Snap-387.czi,1338.433,0,65535,Tentacle Area,0,Tentacle,H2-32,,n/a,B1-H2-32,H2-32,H2,32,sym,W7-8
84,B1-fl-Snap-386.czi,139.465,1370,65535,Symbiont Area,10.42,Tentacle,H2-32,,10.42002102,B1-H2-32,H2-32,H2,32,sym,W7-8
85,B2-bf-Snap-389.czi,2009.595,0,65535,Tentacle Area,0,Tentacle,H2-32,,n/a,B2-H2-32,H2-32,H2,32,sym,W7-8
86,B2-fl-Snap-388.czi,404.341,1402,65535,Symbiont Area,20.121,Tentacle,H2-32,,20.1205218,B2-H2-32,H2-32,H2,32,sym,W7-8
87,B2-bf-Snap-389.czi,580.348,0,65535,Tentacle Area,0,Tentacle,H2-32,,n/a,B2-H2-32,H2-32,H2,32,sym,W7-8
88,B2-fl-Snap-388.czi,39.137,945,65535,Symbiont Area,6.744,Tentacle,H2-32,,6.743712393,B2-H2-32,H2-32,H2,32,sym,W7-8
89,B2-bf-Snap-389.czi,1188.589,0,65535,Tentacle Area,0,Tentacle,H2-32,,n/a,B2-H2-32,H2-32,H2,32,sym,W7-8
90,B2-fl-Snap-388.czi,227.685,1055,65535,Symbiont Area,19.156,Tentacle,H2-32,,19.15590671,B2-H2-32,H2-32,H2,32,sym,W7-8
91,B2-bf-Snap-389.czi,2232.739,0,65535,Tentacle Area,0,Tentacle,H2-32,,n/a,B2-H2-32,H2-32,H2,32,sym,W7-8
92,B2-fl-Snap-388.czi,592.24,1354,65535,Symbiont Area,26.525,Tentacle,H2-32,,26.52526784,B2-H2-32,H2-32,H2,32,sym,W7-8
93,B4-bf-Snap-391.czi,1180.805,0,65535,Tentacle Area,0,Tentacle,H2-32,,n/a,B4-H2-32,H2-32,H2,32,sym,W7-8
94,B4-fl-Snap-390.czi,204.981,933,65535,Symbiont Area,17.359,Tentacle,H2-32,,17.35942853,B4-H2-32,H2-32,H2,32,sym,W7-8
95,B4-bf-Snap-391.czi,1297.999,0,65535,Tentacle Area,0,Tentacle,H2-32,,n/a,B4-H2-32,H2-32,H2,32,sym,W7-8
96,B4-fl-Snap-390.czi,218.82,1138,65535,Symbiont Area,16.858,Tentacle,H2-32,,16.85825644,B4-H2-32,H2-32,H2,32,sym,W7-8
97,B4-bf-Snap-391.czi,1208.698,0,65535,Tentacle Area,0,Tentacle,H2-32,,n/a,B4-H2-32,H2-32,H2,32,sym,W7-8
98,B4-fl-Snap-390.czi,227.036,1202,65535,Symbiont Area,18.784,Tentacle,H2-32,,18.78351747,B4-H2-32,H2-32,H2,32,sym,W7-8
99,B4-bf-Snap-391.czi,6581.457,0,65535,Tentacle Area,0,Body column,H2-32,,n/a,B4-H2-32,H2-32,H2,32,sym,W7-8
100,B4-fl-Snap-390.czi,306.175,1107,65535,Symbiont Area,4.652,Body column,H2-32,,4.652085397,B4-H2-32,H2-32,H2,32,sym,W7-8
101,B5-bf-Snap-393.czi,2285.498,0,65535,Tentacle Area,0,Tentacle,H2-32,,n/a,B5-H2-32,H2-32,H2,32,sym,W7-8
102,B5-fl-Snap-392.czi,273.308,929,65535,Symbiont Area,11.958,Tentacle,H2-32,,11.95835656,B5-H2-32,H2-32,H2,32,sym,W7-8
103,B5-bf-Snap-393.czi,1274.863,0,65535,Tentacle Area,0,Tentacle,H2-32,,n/a,B5-H2-32,H2-32,H2,32,sym,W7-8
104,B5-fl-Snap-392.czi,256.443,1291,65535,Symbiont Area,20.115,Tentacle,H2-32,,20.11533788,B5-H2-32,H2-32,H2,32,sym,W7-8
105,B5-bf-Snap-393.czi,1012.149,0,65535,Tentacle Area,0,Tentacle,H2-32,,n/a,B5-H2-32,H2-32,H2,32,sym,W7-8
106,B5-fl-Snap-392.czi,140.979,1212,65535,Symbiont Area,13.929,Tentacle,H2-32,,13.92868046,B5-H2-32,H2-32,H2,32,sym,W7-8
107,B5-bf-Snap-393.czi,2171.548,0,65535,Tentacle Area,0,Tentacle,H2-32,,n/a,B5-H2-32,H2-32,H2,32,sym,W7-8
108,B5-fl-Snap-392.czi,125.843,1149,65535,Symbiont Area,5.795,Tentacle,H2-32,,5.795082586,B5-H2-32,H2-32,H2,32,sym,W7-8
109,B5-bf-Snap-393.czi,2250.254,0,65535,Tentacle Area,0,Tentacle,H2-32,,n/a,B5-H2-32,H2-32,H2,32,sym,W7-8
110,B5-fl-Snap-392.czi,140.114,1196,65535,Symbiont Area,6.227,Tentacle,H2-32,,6.226585977,B5-H2-32,H2-32,H2,32,sym,W7-8
111,B5-bf-Snap-393.czi,2267.768,0,65535,Tentacle Area,0,Tentacle,H2-32,,n/a,B5-H2-32,H2-32,H2,32,sym,W7-8
112,B5-fl-Snap-392.czi,144.006,1181,65535,Symbiont Area,6.35,Tentacle,H2-32,,6.350120471,B5-H2-32,H2-32,H2,32,sym,W7-8
113,B7-bf-Snap-395.czi,10198.036,0,65535,Tentacle Area,0,Body column,H2-32,,n/a,B7-H2-32,H2-32,H2,32,sym,W7-8
114,B7-fl-Snap-394.czi,2361.177,841,65535,Symbiont Area,23.153,Body column,H2-32,,23.15325225,B7-H2-32,H2-32,H2,32,sym,W7-8
115,B7-bf-Snap-395.czi,5059.449,0,65535,Tentacle Area,0,Tentacle,H2-32,,n/a,B7-H2-32,H2-32,H2,32,sym,W7-8
116,B7-fl-Snap-394.czi,2263.011,1461,65535,Symbiont Area,44.728,Tentacle,H2-32,,44.72840817,B7-H2-32,H2-32,H2,32,sym,W7-8
117,B7-bf-Snap-395.czi,4863.549,0,65535,Tentacle Area,0,Tentacle,H2-32,,n/a,B7-H2-32,H2-32,H2,32,sym,W7-8
118,B7-fl-Snap-394.czi,2023.65,1092,65535,Symbiont Area,41.609,Tentacle,H2-32,,41.60850441,B7-H2-32,H2-32,H2,32,sym,W7-8
119,B7-bf-Snap-395.czi,3160.561,0,65535,Tentacle Area,0,Tentacle,H2-32,,n/a,B7-H2-32,H2-32,H2,32,sym,W7-8
120,B7-fl-Snap-394.czi,1266.862,988,65535,Symbiont Area,40.083,Tentacle,H2-32,,40.08345354,B7-H2-32,H2-32,H2,32,sym,W7-8
121,B8-bf-Snap-397.czi,2076.841,0,65535,Tentacle Area,0,Tentacle,H2-32,,n/a,B8-H2-32,H2-32,H2,32,sym,W7-8
122,B8-fl-Snap-396.czi,1083.72,970,65535,Symbiont Area,52.181,Tentacle,H2-32,,52.18117323,B8-H2-32,H2-32,H2,32,sym,W7-8
123,B8-bf-Snap-397.czi,7433.383,0,65535,Tentacle Area,0,Body column,H2-32,,n/a,B8-H2-32,H2-32,H2,32,sym,W7-8
124,B8-fl-Snap-396.czi,1407.192,610,65535,Symbiont Area,18.931,Body column,H2-32,,18.93070759,B8-H2-32,H2-32,H2,32,sym,W7-8
125,B8-bf-Snap-397.czi,1692.826,0,65535,Tentacle Area,0,Tentacle,H2-32,,n/a,B8-H2-32,H2-32,H2,32,sym,W7-8
126,B8-fl-Snap-396.czi,723.921,939,65535,Symbiont Area,42.764,Tentacle,H2-32,,42.76405254,B8-H2-32,H2-32,H2,32,sym,W7-8
127,B8-bf-Snap-397.czi,5112.424,0,65535,Tentacle Area,0,Tentacle,H2-32,,n/a,B8-H2-32,H2-32,H2,32,sym,W7-8
128,B8-fl-Snap-396.czi,2341.717,1580,65535,Symbiont Area,45.804,Tentacle,H2-32,,45.80443641,B8-H2-32,H2-32,H2,32,sym,W7-8
129,C1-bf-Snap-399.czi,2450.694,0,65535,Tentacle Area,0,Tentacle,H2-32,,n/a,C1-H2-32,H2-32,H2,32,sym,W7-8
130,C1-fl-Snap-398.czi,466.181,763,65535,Symbiont Area,19.022,Tentacle,H2-32,,19.02240753,C1-H2-32,H2-32,H2,32,sym,W7-8
131,C1-bf-Snap-399.czi,3707.61,0,65535,Tentacle Area,0,Tentacle,H2-32,,n/a,C1-H2-32,H2-32,H2,32,sym,W7-8
132,C1-fl-Snap-398.czi,998.959,1190,65535,Symbiont Area,26.943,Tentacle,H2-32,,26.94347572,C1-H2-32,H2-32,H2,32,sym,W7-8
133,C1-bf-Snap-399.czi,1904.294,0,65535,Tentacle Area,0,Tentacle,H2-32,,n/a,C1-H2-32,H2-32,H2,32,sym,W7-8
134,C1-fl-Snap-398.czi,516.129,824,65535,Symbiont Area,27.103,Tentacle,H2-32,,27.10343046,C1-H2-32,H2-32,H2,32,sym,W7-8
135,C1-bf-Snap-399.czi,3128.343,0,65535,Tentacle Area,0,Tentacle,H2-32,,n/a,C1-H2-32,H2-32,H2,32,sym,W7-8
136,C1-fl-Snap-398.czi,463.803,748,65535,Symbiont Area,14.826,Tentacle,H2-32,,14.82583591,C1-H2-32,H2-32,H2,32,sym,W7-8
137,C1-bf-Snap-399.czi,3195.157,0,65535,Tentacle Area,0,Tentacle,H2-32,,n/a,C1-H2-32,H2-32,H2,32,sym,W7-8
138,C1-fl-Snap-398.czi,411.692,870,65535,Symbiont Area,12.885,Tentacle,H2-32,,12.88487545,C1-H2-32,H2-32,H2,32,sym,W7-8
139,C2-bf-Snap-401.czi,1093.882,0,65535,Tentacle Area,0,Tentacle,H2-32,,n/a,C2-H2-32,H2-32,H2,32,sym,W7-8
140,C2-fl-Snap-400.czi,273.741,1021,65535,Symbiont Area,25.025,Tentacle,H2-32,,25.02472844,C2-H2-32,H2-32,H2,32,sym,W7-8
141,C2-bf-Snap-401.czi,1779.316,0,65535,Tentacle Area,0,Tentacle,H2-32,,n/a,C2-H2-32,H2-32,H2,32,sym,W7-8
142,C2-fl-Snap-400.czi,622.296,1099,65535,Symbiont Area,34.974,Tentacle,H2-32,,34.97388884,C2-H2-32,H2-32,H2,32,sym,W7-8
143,C2-bf-Snap-401.czi,1712.286,0,65535,Tentacle Area,0,Tentacle,H2-32,,n/a,C2-H2-32,H2-32,H2,32,sym,W7-8
144,C2-fl-Snap-400.czi,600.241,1114,65535,Symbiont Area,35.055,Tentacle,H2-32,,35.05494993,C2-H2-32,H2-32,H2,32,sym,W7-8
145,C2-bf-Snap-401.czi,2589.511,0,65535,Tentacle Area,0,Tentacle,H2-32,,n/a,C2-H2-32,H2-32,H2,32,sym,W7-8
146,C2-fl-Snap-400.czi,920.902,928,65535,Symbiont Area,35.563,Tentacle,H2-32,,35.56277614,C2-H2-32,H2-32,H2,32,sym,W7-8
147,C2-bf-Snap-401.czi,883.495,0,65535,Tentacle Area,0,Tentacle,H2-32,,n/a,C2-H2-32,H2-32,H2,32,sym,W7-8
148,C2-fl-Snap-400.czi,438.937,1346,65535,Symbiont Area,49.682,Tentacle,H2-32,,49.68188841,C2-H2-32,H2-32,H2,32,sym,W7-8
150,C3-bf-Snap-403.czi,3473.006,0,65535,Tentacle Area,0,Tentacle,H2-32,,n/a,C3-H2-32,H2-32,H2,32,sym,W7-8
151,C3-fl-Snap-402.czi,1386.435,1281,65535,Symbiont Area,39.92,Tentacle,H2-32,,39.92031687,C3-H2-32,H2-32,H2,32,sym,W7-8
152,C3-bf-Snap-403.czi,3287.917,0,65535,Tentacle Area,0,Tentacle,H2-32,,n/a,C3-H2-32,H2-32,H2,32,sym,W7-8
153,C3-fl-Snap-402.czi,2176.305,1470,65535,Symbiont Area,66.191,Tentacle,H2-32,,66.1909957,C3-H2-32,H2-32,H2,32,sym,W7-8
154,C3-bf-Snap-403.czi,4570.78,0,65535,Tentacle Area,0,Tentacle,H2-32,,n/a,C3-H2-32,H2-32,H2,32,sym,W7-8
155,C3-fl-Snap-402.czi,2070.571,1325,65535,Symbiont Area,45.3,Tentacle,H2-32,,45.30016759,C3-H2-32,H2-32,H2,32,sym,W7-8
156,C5-bf-Snap-573.czi,1092.801,0,65535,Tentacle Area,0,Tentacle,H2-32,,n/a,C5-H2-32,H2-32,H2,32,sym,W7-8
157,C5-fl-Snap-572.czi,480.884,1367,65535,Symbiont Area,44.005,Tentacle,H2-32,,44.00471815,C5-H2-32,H2-32,H2,32,sym,W7-8
158,C5-bf-Snap-573.czi,1979.324,0,65535,Tentacle Area,0,Tentacle,H2-32,,n/a,C5-H2-32,H2-32,H2,32,sym,W7-8
159,C5-fl-Snap-572.czi,842.629,1918,65535,Symbiont Area,42.572,Tentacle,H2-32,,42.57155473,C5-H2-32,H2-32,H2,32,sym,W7-8
160,C5-bf-Snap-573.czi,210.603,0,65535,Tentacle Area,0,Tentacle,H2-32,,n/a,C5-H2-32,H2-32,H2,32,sym,W7-8
161,C5-fl-Snap-572.czi,139.898,1163,65535,Symbiont Area,66.427,Tentacle,H2-32,,66.42735384,C5-H2-32,H2-32,H2,32,sym,W7-8
162,C5-bf-Snap-573.czi,2060.408,0,65535,Tentacle Area,0,Tentacle,H2-32,,n/a,C5-H2-32,H2-32,H2,32,sym,W7-8
163,C5-fl-Snap-572.czi,972.796,1305,65535,Symbiont Area,47.214,Tentacle,H2-32,,47.21375572,C5-H2-32,H2-32,H2,32,sym,W7-8
164,C6-bf-Snap-407.czi,1926.132,0,65535,Tentacle Area,0,Tentacle,H2-32,,n/a,C6-H2-32,H2-32,H2,32,sym,W7-8
165,C6-fl-Snap-406.czi,361.528,919,65535,Symbiont Area,18.77,Tentacle,H2-32,,18.7696378,C6-H2-32,H2-32,H2,32,sym,W7-8
166,C6-bf-Snap-407.czi,3885.996,0,65535,Tentacle Area,0,Tentacle,H2-32,,n/a,C6-H2-32,H2-32,H2,32,sym,W7-8
167,C6-fl-Snap-406.czi,699.055,981,65535,Symbiont Area,17.989,Tentacle,H2-32,,17.98908182,C6-H2-32,H2-32,H2,32,sym,W7-8
168,C6-bf-Snap-407.czi,2953.417,0,65535,Tentacle Area,0,Tentacle,H2-32,,n/a,C6-H2-32,H2-32,H2,32,sym,W7-8
169,C6-fl-Snap-406.czi,687.379,732,65535,Symbiont Area,23.274,Tentacle,H2-32,,23.27402463,C6-H2-32,H2-32,H2,32,sym,W7-8
170,C6-bf-Snap-407.czi,2783.897,0,65535,Tentacle Area,0,Tentacle,H2-32,,n/a,C6-H2-32,H2-32,H2,32,sym,W7-8
171,C6-fl-Snap-406.czi,656.459,717,65535,Symbiont Area,23.581,Tentacle,H2-32,,23.58057787,C6-H2-32,H2-32,H2,32,sym,W7-8
172,C6-bf-Snap-407.czi,4687.326,0,65535,Tentacle Area,0,Tentacle,H2-32,,n/a,C6-H2-32,H2-32,H2,32,sym,W7-8
173,C6-fl-Snap-406.czi,763.49,732,65535,Symbiont Area,16.288,Tentacle,H2-32,,16.28839129,C6-H2-32,H2-32,H2,32,sym,W7-8
175,C7-bf-Snap-409.czi,2763.572,0,65535,Tentacle Area,0,Tentacle,H2-32,,n/a,C7-H2-32,H2-32,H2,32,sym,W7-8
176,C7-fl-Snap-408.czi,1490.871,1248,65535,Symbiont Area,53.947,Tentacle,H2-32,,53.94724653,C7-H2-32,H2-32,H2,32,sym,W7-8
177,C7-bf-Snap-409.czi,3543.712,0,65535,Tentacle Area,0,Tentacle,H2-32,,n/a,C7-H2-32,H2-32,H2,32,sym,W7-8
178,C7-fl-Snap-408.czi,1339.298,1109,65535,Symbiont Area,37.794,Tentacle,H2-32,,37.79364689,C7-H2-32,H2-32,H2,32,sym,W7-8
179,C7-bf-Snap-409.czi,10709.624,0,65535,Tentacle Area,0,Tentacle,H2-32,,n/a,C7-H2-32,H2-32,H2,32,sym,W7-8
180,C7-fl-Snap-408.czi,2556.861,786,65535,Symbiont Area,23.874,Tentacle,H2-32,,23.8744236,C7-H2-32,H2-32,H2,32,sym,W7-8
181,C7-bf-Snap-409.czi,1077.882,0,65535,Tentacle Area,0,Tentacle,H2-32,,n/a,C7-H2-32,H2-32,H2,32,sym,W7-8
182,C7-fl-Snap-408.czi,315.256,1079,65535,Symbiont Area,29.248,Tentacle,H2-32,,29.24772842,C7-H2-32,H2-32,H2,32,sym,W7-8
183,C8-bf-Snap-411.czi,4004.271,0,65535,Tentacle Area,0,Tentacle,H2-32,"Image very foggy in the middle, only 2 clear tentacles ",n/a,C8-H2-32,H2-32,H2,32,sym,W7-8
184,C8-fl-Snap-410.czi,427.477,641,65535,Symbiont Area,10.676,Tentacle,H2-32,,10.67552621,C8-H2-32,H2-32,H2,32,sym,W7-8
185,C8-bf-Snap-411.czi,3265.214,0,65535,Tentacle Area,0,Tentacle,H2-32,,n/a,C8-H2-32,H2-32,H2,32,sym,W7-8
186,C8-fl-Snap-410.czi,318.283,1485,65535,Symbiont Area,9.748,Tentacle,H2-32,,9.747691882,C8-H2-32,H2-32,H2,32,sym,W7-8
187,D1-bf-Snap-413.czi,3175.913,0,65535,Tentacle Area,0,Tentacle,H2-32,,n/a,D1-H2-32,H2-32,H2,32,sym,W7-8
188,D1-fl-Snap-412.czi,1335.838,831,65535,Symbiont Area,42.062,Tentacle,H2-32,,42.06154262,D1-H2-32,H2-32,H2,32,sym,W7-8
189,D1-bf-Snap-413.czi,1834.453,0,65535,Tentacle Area,0,Tentacle,H2-32,,n/a,D1-H2-32,H2-32,H2,32,sym,W7-8
190,D1-fl-Snap-412.czi,1035.934,1320,65535,Symbiont Area,56.471,Tentacle,H2-32,,56.47100253,D1-H2-32,H2-32,H2,32,sym,W7-8
191,D1-bf-Snap-413.czi,3668.69,0,65535,Tentacle Area,56.471,Tentacle,H2-32,,n/a,D1-H2-32,H2-32,H2,32,sym,W7-8
192,D1-fl-Snap-412.czi,1485.033,795,65535,Symbiont Area,40.479,Tentacle,H2-32,,40.47856319,D1-H2-32,H2-32,H2,32,sym,W7-8
193,D1-bf-Snap-413.czi,1262.538,0,65535,Tentacle Area,0,Tentacle,H2-32,,n/a,D1-H2-32,H2-32,H2,32,sym,W7-8
194,D1-fl-Snap-412.czi,669,1259,65535,Symbiont Area,52.989,Tentacle,H2-32,,52.98850411,D1-H2-32,H2-32,H2,32,sym,W7-8
195,D1-bf-Snap-413.czi,1105.775,0,65535,Tentacle Area,0,Tentacle,H2-32,,n/a,D1-H2-32,H2-32,H2,32,sym,W7-8
196,D1-fl-Snap-412.czi,544.887,941,65535,Symbiont Area,49.276,Tentacle,H2-32,,49.2764803,D1-H2-32,H2-32,H2,32,sym,W7-8
197,D1-bf-Snap-413.czi,6462.965,0,65535,Tentacle Area,0,Body column,H2-32,,n/a,D1-H2-32,H2-32,H2,32,sym,W7-8
198,D1-fl-Snap-412.czi,1319.621,562,65535,Symbiont Area,20.418,Body Column ,H2-32,,20.41819815,D1-H2-32,H2-32,H2,32,sym,W7-8
199,D2-bf-Snap-415.czi,2971.58,0,65535,Tentacle Area,20.418,Tentacle,H2-32,,n/a,D2-H2-32,H2-32,H2,32,sym,W7-8
200,D2-fl-Snap-414.czi,140.114,1210,65535,Symbiont Area,4.715,Tentacle,H2-32,,4.715134709,D2-H2-32,H2-32,H2,32,sym,W7-8
201,D2-bf-Snap-415.czi,855.819,0,65535,Tentacle Area,0,Tentacle,H2-32,,n/a,D2-H2-32,H2-32,H2,32,sym,W7-8
202,D2-fl-Snap-414.czi,87.571,1351,65535,Symbiont Area,10.232,Tentacle,H2-32,,10.23242064,D2-H2-32,H2-32,H2,32,sym,W7-8
203,D2-bf-Snap-415.czi,418.612,0,65535,Tentacle Area,0,Tentacle,H2-32,,n/a,D2-H2-32,H2-32,H2,32,sym,W7-8
204,D2-fl-Snap-414.czi,77.409,1602,65535,Symbiont Area,18.492,Tentacle,H2-32,,18.49182537,D2-H2-32,H2-32,H2,32,sym,W7-8
205,D2-bf-Snap-415.czi,2128.303,0,65535,Tentacle Area,0,Tentacle,H2-32,,n/a,D2-H2-32,H2-32,H2,32,sym,W7-8
206,D2-fl-Snap-414.czi,306.607,958,65535,Symbiont Area,14.406,Tentacle,H2-32,,14.40617243,D2-H2-32,H2-32,H2,32,sym,W7-8
207,D3-bf-Snap-417.czi,2403.125,0,65535,Tentacle Area,14.406,Tentacle,H2-32,,n/a,D3-H2-32,H2-32,H2,32,sym,W7-8
208,D3-fl-Snap-416.czi,438.504,1004,65535,Symbiont Area,18.247,Tentacle,H2-32,,18.24724057,D3-H2-32,H2-32,H2,32,sym,W7-8
209,D3-bf-Snap-417.czi,3027.582,0,65535,Tentacle Area,0,Tentacle,H2-32,,n/a,D3-H2-32,H2-32,H2,32,sym,W7-8
210,D3-fl-Snap-416.czi,513.318,895,65535,Symbiont Area,16.955,Tentacle,H2-32,,16.95471832,D3-H2-32,H2-32,H2,32,sym,W7-8
211,D3-bf-Snap-417.czi,2761.409,0,65535,Tentacle Area,0,Tentacle,H2-32,,n/a,D3-H2-32,H2-32,H2,32,sym,W7-8
212,D3-fl-Snap-416.czi,994.851,1161,65535,Symbiont Area,36.027,Tentacle,H2-32,,36.02693408,D3-H2-32,H2-32,H2,32,sym,W7-8
213,D3-bf-Snap-417.czi,1520.927,0,65535,Tentacle Area,0,Tentacle,H2-32,,n/a,D3-H2-32,H2-32,H2,32,sym,W7-8
214,D3-fl-Snap-416.czi,443.477,1036,65535,Symbiont Area,29.158,Tentacle,H2-32,,29.15833567,D3-H2-32,H2-32,H2,32,sym,W7-8
215,D3-bf-Snap-417.czi,6770.221,0,65535,Tentacle Area,0,Tentacle,H2-32,,n/a,D3-H2-32,H2-32,H2,32,sym,W7-8
216,D3-fl-Snap-416.czi,2206.144,1365,65535,Symbiont Area,32.586,Tentacle,H2-32,,32.58599682,D3-H2-32,H2-32,H2,32,sym,W7-8
217,D4-bf-Snap-419.czi,5346.812,0,65535,Tentacle Area,0,Tentacle,H2-32,,n/a,D4-H2-32,H2-32,H2,32,sym,W7-8
218,D4-fl-Snap-418.czi,1059.502,673,65535,Symbiont Area,19.816,Tentacle,H2-32,,19.81558357,D4-H2-32,H2-32,H2,32,sym,W7-8
219,D4-bf-Snap-419.czi,4691.866,0,65535,Tentacle Area,0,Tentacle,H2-32,,n/a,D4-H2-32,H2-32,H2,32,sym,W7-8
220,D4-fl-Snap-418.czi,1187.508,759,65535,Symbiont Area,25.31,Tentacle,H2-32,,25.30992999,D4-H2-32,H2-32,H2,32,sym,W7-8
221,D4-bf-Snap-419.czi,18163.332,0,65535,Tentacle Area,0,Body Column ,H2-32,,n/a,D4-H2-32,H2-32,H2,32,sym,W7-8
222,D4-fl-Snap-418.czi,1411.517,716,65535,Symbiont Area,7.771,Body Column ,H2-32,,7.771244835,D4-H2-32,H2-32,H2,32,sym,W7-8
223,D4-bf-Snap-419.czi,3594.741,0,65535,Tentacle Area,0,Tentacle,H2-32,,n/a,D4-H2-32,H2-32,H2,32,sym,W7-8
224,D4-fl-Snap-418.czi,1928.078,587,65535,Symbiont Area,53.636,Tentacle,H2-32,,53.63607559,D4-H2-32,H2-32,H2,32,sym,W7-8
225,D5-bf--Snap-421.czi,5296.431,0,65535,Tentacle Area,0,Tentacle,H2-32,,n/a,D5-H2-32,H2-32,H2,32,sym,W7-8
226,D5-fl-Snap-420.czi,2054.786,1460,65535,Symbiont Area,38.796,Tentacle,H2-32,,38.79567203,D5-H2-32,H2-32,H2,32,sym,W7-8
227,D5-bf--Snap-421.czi,7218.023,0,65535,Tentacle Area,0,Body column,H2-32,,n/a,D5-H2-32,H2-32,H2,32,sym,W7-8
228,D5-fl-Snap-420.czi,1323.729,769,65535,Symbiont Area,18.339,Body column,H2-32,,18.33921837,D5-H2-32,H2-32,H2,32,sym,W7-8
229,D5-bf--Snap-421.czi,1882.455,0,65535,Tentacle Area,0,Tentacle,H2-32,,n/a,D5-H2-32,H2-32,H2,32,sym,W7-8
230,D5-fl-Snap-420.czi,1026.853,1076,65535,Symbiont Area,54.549,Tentacle,H2-32,,54.54860807,D5-H2-32,H2-32,H2,32,sym,W7-8
231,D6-bf-Snap-423.czi,3951.079,0,65535,Tentacle Area,0,Tentacle,H2-32,,n/a,D6-H2-32,H2-32,H2,32,sym,W7-8
232,D6-fl-Snap-422.czi,1315.297,1339,65535,Symbiont Area,33.29,Tentacle,H2-32,,33.2895647,D6-H2-32,H2-32,H2,32,sym,W7-8
233,D6-bf-Snap-423.czi,2569.402,0,65535,Tentacle Area,0,Tentacle,H2-32,,n/a,D6-H2-32,H2-32,H2,32,sym,W7-8
234,D6-fl-Snap-422.czi,997.878,819,65535,Symbiont Area,38.837,Tentacle,H2-32,,38.83697452,D6-H2-32,H2-32,H2,32,sym,W7-8
235,D6-bf-Snap-423.czi,1138.208,0,65535,Tentacle Area,0,Tentacle,H2-32,,n/a,D6-H2-32,H2-32,H2,32,sym,W7-8
236,D6-fl-Snap-422.czi,393.097,709,65535,Symbiont Area,34.536,Tentacle,H2-32,,34.53648191,D6-H2-32,H2-32,H2,32,sym,W7-8
237,D6-bf-Snap-423.czi,2980.445,0,65535,Tentacle Area,0,Body column,H2-32,,n/a,D6-H2-32,H2-32,H2,32,sym,W7-8
238,D6-fl-Snap-422.czi,588.132,788,65535,Symbiont Area,19.733,Body column,H2-32,,19.73302644,D6-H2-32,H2-32,H2,32,sym,W7-8
239,D7-bf-Snap-425.czi,1024.042,0,65535,Tentacle Area,0,Tentacle,H2-32,Very small body column and tentacles.,n/a,D7-H2-32,H2-32,H2,32,sym,W7-8
240,D7-fl-Snap-424.czi,548.779,1870,65535,Symbiont Area,53.59,Tentacle,H2-32,,53.58950121,D7-H2-32,H2-32,H2,32,sym,W7-8
241,D7-bf-Snap-425.czi,621.431,0,65535,Tentacle Area,0,Tentacle,H2-32,,n/a,D7-H2-32,H2-32,H2,32,sym,W7-8
242,D7-fl-Snap-424.czi,337.743,1195,65535,Symbiont Area,54.349,Tentacle,H2-32,,54.34923588,D7-H2-32,H2-32,H2,32,sym,W7-8
243,D7-bf-Snap-425.czi,145.303,0,65535,Tentacle Area,0,Tentacle,H2-32,,n/a,D7-H2-32,H2-32,H2,32,sym,W7-8
244,D7-fl-Snap-424.czi,77.625,1839,65535,Symbiont Area,53.423,Tentacle,H2-32,,53.42284743,D7-H2-32,H2-32,H2,32,sym,W7-8
245,D8-bf-Snap-427.czi,1530.008,0,65535,Tentacle Area,0,Tentacle,H2-32,,n/a,D8-H2-32,H2-32,H2,32,sym,W7-8
246,D8-fl-Snap-426.czi,185.953,636,65535,Symbiont Area,12.154,Tentacle,H2-32,,12.1537273,D8-H2-32,H2-32,H2,32,sym,W7-8
247,D8-bf-Snap-427.czi,1128.911,0,65535,Tentacle Area,0,Tentacle,H2-32,,n/a,D8-H2-32,H2-32,H2,32,sym,W7-8
248,D8-fl-Snap-426.czi,76.111,717,65535,Symbiont Area,6.742,Tentacle,H2-32,,6.741984089,D8-H2-32,H2-32,H2,32,sym,W7-8
249,D8-bf-Snap-427.czi,1464.708,0,65535,Tentacle Area,0,Tentacle,H2-32,,n/a,D8-H2-32,H2-32,H2,32,sym,W7-8
250,D8-fl-Snap-426.czi,86.49,554,65535,Symbiont Area,5.905,Tentacle,H2-32,,5.904931222,D8-H2-32,H2-32,H2,32,sym,W7-8
251,D8-bf-Snap-427.czi,522.4,0,65535,Tentacle Area,0,Tentacle,H2-32,,n/a,D8-H2-32,H2-32,H2,32,sym,W7-8
252,D8-fl-Snap-426.czi,41.731,649,65535,Symbiont Area,7.988,Tentacle,H2-32,,7.988323124,D8-H2-32,H2-32,H2,32,sym,W7-8
253,E1-BF-Snap-429.czi,1877.698,0,65535,Tentacle Area,0,0,H2-32,,n/a,E1-H2-32,H2-32,H2,32,sym,W7-8
254,E1-fl-Snap-428.czi,1096.693,1221,65535,Symbiont Area,58.406,0,H2-32,,58.40625063,E1-H2-32,H2-32,H2,32,sym,W7-8
255,E1-BF-Snap-429.czi,1369.137,0,65535,Tentacle Area,0,Tentacle,H2-32,,n/a,E1-H2-32,H2-32,H2,32,sym,W7-8
256,E1-fl-Snap-428.czi,747.49,1206,65535,Symbiont Area,54.596,Tentacle,H2-32,,54.59570518,E1-H2-32,H2-32,H2,32,sym,W7-8
257,E1-BF-Snap-429.czi,1609.795,0,65535,Tentacle Area,0,Tentacle,H2-32,,n/a,E1-H2-32,H2-32,H2,32,sym,W7-8
258,E1-fl-Snap-428.czi,678.082,1146,65535,Symbiont Area,42.122,Tentacle,H2-32,,42.1222578,E1-H2-32,H2-32,H2,32,sym,W7-8
259,E1-BF-Snap-429.czi,1016.69,0,65535,Tentacle Area,0,Tentacle,H2-32,,n/a,E1-H2-32,H2-32,H2,32,sym,W7-8
260,E1-fl-Snap-428.czi,471.154,1327,65535,Symbiont Area,46.342,Tentacle,H2-32,,46.34195281,E1-H2-32,H2-32,H2,32,sym,W7-8
261,E1-BF-Snap-429.czi,652.567,0,65535,Tentacle Area,0,Tentacle,H2-32,,n/a,E1-H2-32,H2-32,H2,32,sym,W7-8
262,E1-fl-Snap-428.czi,345.311,1628,65535,Symbiont Area,52.916,Tentacle,H2-32,,52.91579255,E1-H2-32,H2-32,H2,32,sym,W7-8
263,E2-bf-Snap-431.czi,1679.203,0,65535,Tentacle Area,0,Tentacle,H2-32,,n/a,E2-H2-32,H2-32,H2,32,sym,W7-8
264,E2-fl-Snap-430.czi,275.038,1421,65535,Symbiont Area,16.379,Tentacle,H2-32,,16.37907984,E2-H2-32,H2-32,H2,32,sym,W7-8
265,E2-bf-Snap-431.czi,2493.074,0,65535,Tentacle Area,0,Tentacle,H2-32,,n/a,E2-H2-32,H2-32,H2,32,sym,W7-8
266,E2-fl-Snap-430.czi,613.214,1357,65535,Symbiont Area,24.597,Tentacle,H2-32,,24.59670271,E2-H2-32,H2-32,H2,32,sym,W7-8
267,E2-bf-Snap-431.czi,3772.261,0,65535,Tentacle Area,0,Body column,H2-32,,n/a,E2-H2-32,H2-32,H2,32,sym,W7-8
268,E2-fl-Snap-430.czi,109.626,679,65535,Symbiont Area,2.906,Body column,H2-32,,2.906108565,E2-H2-32,H2-32,H2,32,sym,W7-8
269,E3-bf-Snap-433.czi,4290.553,0,65535,Tentacle Area,0,Tentacle,H2-32,,n/a,E3-H2-32,H2-32,H2,32,sym,W7-8
270,E3-fl-Snap-432.czi,323.04,1010,65535,Symbiont Area,7.529,Tentacle,H2-32,,7.529099396,E3-H2-32,H2-32,H2,32,sym,W7-8
271,E3-bf-Snap-433.czi,1790.127,0,65535,Tentacle Area,0,Tentacle,H2-32,,n/a,E3-H2-32,H2-32,H2,32,sym,W7-8
272,E3-fl-Snap-432.czi,184.007,1136,65535,Symbiont Area,10.279,Tentacle,H2-32,,10.27899138,E3-H2-32,H2-32,H2,32,sym,W7-8
273,E3-bf-Snap-433.czi,1886.996,0,65535,Tentacle Area,0,Tentacle,H2-32,,n/a,E3-H2-32,H2-32,H2,32,sym,W7-8
274,E3-fl-Snap-432.czi,187.467,1136,65535,Symbiont Area,9.935,Tentacle,H2-32,,9.934679247,E3-H2-32,H2-32,H2,32,sym,W7-8
275,E3-bf-Snap-433.czi,2484.858,0,65535,Tentacle Area,0,Tentacle,H2-32,,n/a,E3-H2-32,H2-32,H2,32,sym,W7-8
276,E3-fl-Snap-432.czi,144.871,899,65535,Symbiont Area,5.83,Tentacle,H2-32,,5.830152065,E3-H2-32,H2-32,H2,32,sym,W7-8
277,E4-bf-Snap-435.czi,2070.571,0,65535,Tentacle Area,5.83,Tentacle,H2-32,,n/a,E4-H2-32,H2-32,H2,32,sym,W7-8
278,E4-fl-Snap-434.czi,1335.622,1185,65535,Symbiont Area,64.505,Tentacle,H2-32,,64.50500852,E4-H2-32,H2-32,H2,32,sym,W7-8
279,E4-bf-Snap-435.czi,1619.093,0,65535,Tentacle Area,0,Tentacle,H2-32,,n/a,E4-H2-32,H2-32,H2,32,sym,W7-8
280,E4-fl-Snap-434.czi,971.066,1528,65535,Symbiont Area,59.976,Tentacle,H2-32,,59.97592479,E4-H2-32,H2-32,H2,32,sym,W7-8
281,E4-bf-Snap-435.czi,1429.463,0,65535,Tentacle Area,0,Tentacle,H2-32,,n/a,E4-H2-32,H2-32,H2,32,sym,W7-8
282,E4-fl-Snap-434.czi,1119.181,1622,65535,Symbiont Area,78.294,Tentacle,H2-32,,78.29380684,E4-H2-32,H2-32,H2,32,sym,W7-8
283,E4-bf-Snap-435.czi,687.163,0,65535,Tentacle Area,0,Tentacle,H2-32,,n/a,E4-H2-32,H2-32,H2,32,sym,W7-8
284,E4-fl-Snap-434.czi,439.369,1544,65535,Symbiont Area,63.94,Tentacle,H2-32,,63.93956019,E4-H2-32,H2-32,H2,32,sym,W7-8
285,E4-bf-Snap-435.czi,1130.208,0,65535,Tentacle Area,0,Tentacle,H2-32,,n/a,E4-H2-32,H2-32,H2,32,sym,W7-8
286,E4-fl-Snap-434.czi,683.703,1341,65535,Symbiont Area,60.494,Tentacle,H2-32,,60.49355517,E4-H2-32,H2-32,H2,32,sym,W7-8
REMOVED,E5-bf-SNAP-437.czi,REMOVED,REMOVED,REMOVED,REMOVED,REMOVED,REMOVED,H2-32,Moved - measurements were off,n/a,E5-H2-32,H2-32,H2,32,sym,W7-8
REMOVED,E5-fl-SNAP-436.czi,REMOVED,REMOVED,REMOVED,REMOVED,REMOVED,REMOVED,H2-32,Moved - measurements were off,#VALUE!,E5-H2-32,H2-32,H2,32,sym,W7-8
287,E6-bf-Snap-439.czi,810.844,0,65535,Tentacle Area,14.607,Tentacle,H2-32,"Small aiptasia, small column body and tentacles",n/a,E6-H2-32,H2-32,H2,32,sym,W7-8
288,E6-fl-Snap-438.czi,473.965,1394,65535,Symbiont Area,58.453,Tentacle,H2-32,,58.45329065,E6-H2-32,H2-32,H2,32,sym,W7-8
289,E6-bf-Snap-439.czi,897.334,0,65535,Tentacle Area,0,Tentacle,H2-32,,n/a,E6-H2-32,H2-32,H2,32,sym,W7-8
290,E6-fl-Snap-438.czi,744.463,1450,65535,Symbiont Area,82.964,Tentacle,H2-32,,82.96386853,E6-H2-32,H2-32,H2,32,sym,W7-8
291,E6-bf-Snap-439.czi,3041.205,0,65535,Tentacle Area,82.964,Body column,H2-32,,n/a,E6-H2-32,H2-32,H2,32,sym,W7-8
292,E6-fl-Snap-438.czi,1239.834,1004,65535,Symbiont Area,40.768,Body column,H2-32,,40.76785353,E6-H2-32,H2-32,H2,32,sym,W7-8
293,E7-bf-Snap-441.czi,2091.761,0,65535,Tentacle Area,0,Tentacle,H2-32,,n/a,E7-H2-32,H2-32,H2,32,sym,W7-8
294,E7-fl-Snap-440.czi,325.851,949,65535,Symbiont Area,15.578,Tentacle,H2-32,,15.57783131,E7-H2-32,H2-32,H2,32,sym,W7-8
295,E7-bf-Snap-441.czi,823.385,0,65535,Tentacle Area,0,Tentacle,H2-32,,n/a,E7-H2-32,H2-32,H2,32,sym,W7-8
296,E7-fl-Snap-440.czi,131.465,1408,65535,Symbiont Area,15.966,Tentacle,H2-32,,15.96640697,E7-H2-32,H2-32,H2,32,sym,W7-8
297,E7-bf-Snap-441.czi,1021.014,0,65535,Tentacle Area,0,Tentacle,H2-32,,n/a,E7-H2-32,H2-32,H2,32,sym,W7-8
298,E7-fl-Snap-440.czi,29.19,1234,65535,Symbiont Area,2.859,Tentacle,H2-32,,2.8589226,E7-H2-32,H2-32,H2,32,sym,W7-8
299,E7-bf-Snap-441.czi,1032.907,0,65535,Tentacle Area,0,Tentacle,H2-32,,n/a,E7-H2-32,H2-32,H2,32,sym,W7-8
300,E7-fl-Snap-440.czi,81.517,1060,65535,Symbiont Area,7.892,Tentacle,H2-32,,7.891998021,E7-H2-32,H2-32,H2,32,sym,W7-8
301,F1-bf-Snap-585.czi,2282.471,0,65535,Tentacle Area,7.892,Tentacle,H2-32,"Body is not clear, it is too bright (white), only 1 tentacle present ",n/a,F1-H2-32,H2-32,H2,32,sym,W7-8
302,F1-fl-Snap-584.czi,76.327,1277,65535,Symbiont Area,3.344,Tentacle,H2-32,"Body is not clear, symbionts on body are bright, small, 3 tentacles visible ",3.34405125,F1-H2-32,H2-32,H2,32,sym,W7-8
303,F2-bf-Snap-449.czi,635.701,0,65535,Tentacle Area,0,Tentacle,H2-32,,n/a,F2-H2-32,H2-32,H2,32,sym,W7-8
304,F2-fl-Snap-448.czi,40.65,1312,65535,Symbiont Area,6.395,Tentacle,H2-32,,6.394515661,F2-H2-32,H2-32,H2,32,sym,W7-8
305,F2-bf-Snap-449.czi,18042.03,0,65535,Tentacle Area,0,Body column,H2-32,,n/a,F2-H2-32,H2-32,H2,32,sym,W7-8
306,F2-fl-Snap-448.czi,598.511,969,65535,Symbiont Area,3.317,Body column,H2-32,,3.31731518,F2-H2-32,H2-32,H2,32,sym,W7-8
REMOVED,F3-bf-Snap-581.czi,REMOVED,REMOVED,REMOVED,REMOVED,REMOVED,REMOVED,H2-32,,n/a,F3-H2-32,H2-32,H2,32,sym,W7-8
REMOVED,F3-fl-Snap-581.czi,REMOVED,REMOVED,REMOVED,REMOVED,REMOVED,REMOVED,H2-32,"Fluorescent image is completely black , cannot measure",#VALUE!,F3-H2-32,H2-32,H2,32,sym,W7-8
307,F4-bf-Snap-455.czi,1379.083,0,65535,Tentacle Area,3.317,Tentacle,H2-32,,n/a,F4-H2-32,H2-32,H2,32,sym,W7-8
308,F4-fl-Snap-454.czi,46.056,1160,65535,Symbiont Area,3.34,Tentacle,H2-32,,3.339610451,F4-H2-32,H2-32,H2,32,sym,W7-8
309,F4-bf-Snap-455.czi,518.075,0,65535,Tentacle Area,0,Tentacle,H2-32,"Image very blurry, only 2 tentacles could be imaged",n/a,F4-H2-32,H2-32,H2,32,sym,W7-8
310,F4-fl-Snap-454.czi,49.732,1160,65535,Symbiont Area,9.599,Tentacle,H2-32,"Image very blurry, only 2 tentacles could be imaged",9.599382329,F4-H2-32,H2-32,H2,32,sym,W7-8
311,F5-bf-Snap-463.czi,4118.221,0,65535,Tentacle Area,0,Tentacle,H2-32,,n/a,F5-H2-32,H2-32,H2,32,sym,W7-8
312,F5-fl-Snap-462.czi,82.598,1506,65535,Symbiont Area,2.006,Tentacle,H2-32,,2.005671867,F5-H2-32,H2-32,H2,32,sym,W7-8
313,F5-bf-Snap-463.czi,1686.771,0,65535,Tentacle Area,0,Tentacle,H2-32,,n/a,F5-H2-32,H2-32,H2,32,sym,W7-8
314,F5-fl-Snap-462.czi,46.272,1428,65535,Symbiont Area,2.743,Tentacle,H2-32,,2.74322952,F5-H2-32,H2-32,H2,32,sym,W7-8
315,F5-bf-Snap-463.czi,3920.159,0,65535,Tentacle Area,0,Tentacle,H2-32,,n/a,F5-H2-32,H2-32,H2,32,sym,W7-8
316,F5-fl-Snap-462.czi,95.788,1271,65535,Symbiont Area,2.443,Tentacle,H2-32,,2.443472318,F5-H2-32,H2-32,H2,32,sym,W7-8
317,F5-bf-Snap-463.czi,4355.42,0,65535,Tentacle Area,0,Tentacle,H2-32,,n/a,F5-H2-32,H2-32,H2,32,sym,W7-8
318,F5-fl-Snap-462.czi,87.571,1491,65535,Symbiont Area,2.011,Tentacle,H2-32,,2.010621249,F5-H2-32,H2-32,H2,32,sym,W7-8
319,F6-bf-Snap-465.czi,3234.51,0,65535,Tentacle Area,2.011,Tentacle,H2-32,"Scratch marks from plate visible, blocking view of organsim a little",n/a,F6-H2-32,H2-32,H2,32,sym,W7-8
320,F6-fl-Snap-464.czi,113.734,1465,65535,Symbiont Area,3.516,Tentacle,H2-32,,3.516266761,F6-H2-32,H2-32,H2,32,sym,W7-8
321,F6-bf-Snap-465.czi,3657.878,0,65535,Tentacle Area,0,Tentacle,H2-32,,n/a,F6-H2-32,H2-32,H2,32,sym,W7-8
322,F6-fl-Snap-464.czi,98.815,1055,65535,Symbiont Area,2.701,Tentacle,H2-32,,2.701429627,F6-H2-32,H2-32,H2,32,sym,W7-8
323,F6-bf-Snap-465.czi,3908.699,0,65535,Tentacle Area,0,Tentacle,H2-32,,n/a,F6-H2-32,H2-32,H2,32,sym,W7-8
324,F6-fl-Snap-464.czi,224.225,1071,65535,Symbiont Area,5.737,Tentacle,H2-32,,5.736563496,F6-H2-32,H2-32,H2,32,sym,W7-8
325,F6-bf-Snap-465.czi,3323.811,0,65535,Tentacle Area,0,Tentacle,H2-32,,n/a,F6-H2-32,H2-32,H2,32,sym,W7-8
326,F6-fl-Snap-464.czi,62.921,1118,65535,Symbiont Area,1.893,Tentacle,H2-32,,1.893037841,F6-H2-32,H2-32,H2,32,sym,W7-8
327,F7-fl-Snap-575.czi,3185.21,0,65535,Tentacle Area,0,Tentacle,H2-32,,n/a,F7-H2-32,H2-32,H2,32,sym,W7-8
328,F7-fl-Snap-574.czi,74.165,1312,65535,Symbiont Area,2.328,Tentacle,H2-32,,2.328417907,F7-H2-32,H2-32,H2,32,sym,W7-8
329,F7-fl-Snap-575.czi,741.436,0,65535,Tentacle Area,0,Tentacle,H2-32,,n/a,F7-H2-32,H2-32,H2,32,sym,W7-8
330,F7-fl-Snap-574.czi,112.653,1659,65535,Symbiont Area,15.194,Tentacle,H2-32,,15.19389401,F7-H2-32,H2-32,H2,32,sym,W7-8
331,A1-bf-Snap-471.czi,4164.71,0,65535,Tentacle Area,0,Tentacle,H2-25,,n/a,A1-H2-25,H2-25,H2,25,sym,W7-8
332,A1-fl-Snap-470.czi,1881.59,751,65535,Symbiont Area,45.179,Tentacle,H2-25,,45.17937624,A1-H2-25,H2-25,H2,25,sym,W7-8
333,A1-bf-Snap-471.czi,1142.1,0,65535,Tentacle Area,0,Tentacle,H2-25,,n/a,A1-H2-25,H2-25,H2,25,sym,W7-8
334,A1-fl-Snap-470.czi,651.702,1012,65535,Symbiont Area,57.062,Tentacle,H2-25,,57.0617284,A1-H2-25,H2-25,H2,25,sym,W7-8
335,A1-bf-Snap-471.czi,13463.682,0,65535,Tentacle Area,0,Body column,H2-25,,n/a,A1-H2-25,H2-25,H2,25,sym,W7-8
336,A1-fl-Snap-470.czi,3890.536,583,65535,Symbiont Area,28.897,Body column,H2-25,,28.89652325,A1-H2-25,H2-25,H2,25,sym,W7-8
337,A1-bf-Snap-471.czi,2688.325,0,65535,Tentacle Area,0,Tentacle,H2-25,,n/a,A1-H2-25,H2-25,H2,25,sym,W7-8
338,A1-fl-Snap-470.czi,1430.545,1027,65535,Symbiont Area,53.213,Tentacle,H2-25,,53.21324617,A1-H2-25,H2-25,H2,25,sym,W7-8
339,A2-bf-Snap-473.czi,3040.988,0,65535,Tentacle Area,0,Tentacle,H2-25,,n/a,A2-H2-25,H2-25,H2,25,sym,W7-8
340,A2-fl-Snap-472.czi,1630.769,690,65535,Symbiont Area,53.626,Tentacle,H2-25,,53.62628856,A2-H2-25,H2-25,H2,25,sym,W7-8
341,A2-bf-Snap-473.czi,1260.376,0,65535,Tentacle Area,0,Tentacle,H2-25,,n/a,A2-H2-25,H2-25,H2,25,sym,W7-8
342,A2-fl-Snap-472.czi,779.275,1392,65535,Symbiont Area,61.829,Tentacle,H2-25,,61.82877173,A2-H2-25,H2-25,H2,25,sym,W7-8
343,A2-bf-Snap-473.czi,1869.265,0,65535,Tentacle Area,0,Tentacle,H2-25,,n/a,A2-H2-25,H2-25,H2,25,sym,W7-8
344,A2-fl-Snap-472.czi,1307.08,1166,65535,Symbiont Area,69.925,Tentacle,H2-25,,69.92481002,A2-H2-25,H2-25,H2,25,sym,W7-8
345,A2-bf-Snap-473.czi,1622.985,0,65535,Tentacle Area,69.925,Tentacle,H2-25,,n/a,A2-H2-25,H2-25,H2,25,sym,W7-8
346,A2-fl-Snap-472.czi,603.7,1197,65535,Symbiont Area,37.197,Tentacle,H2-25,,37.19689338,A2-H2-25,H2-25,H2,25,sym,W7-8
347,A2-bf-Snap-473.czi,1193.346,0,65535,Tentacle Area,0,Tentacle,H2-25,,n/a,A2-H2-25,H2-25,H2,25,sym,W7-8
348,A2-fl-Snap-472.czi,819.277,1780,65535,Symbiont Area,68.654,Tentacle,H2-25,,68.65376848,A2-H2-25,H2-25,H2,25,sym,W7-8
349,A3-bf-Snap-475.czi,3777.235,0,65535,Tentacle Area,0,Tentacle,H2-25,,n/a,A3-H2-25,H2-25,H2,25,sym,W7-8
350,A3-fl-Snap-474.czi,2080.517,1151,65535,Symbiont Area,55.08,Tentacle,H2-25,,55.08042258,A3-H2-25,H2-25,H2,25,sym,W7-8
351,A3-bf-Snap-475.czi,4610.566,0,65535,Tentacle Area,0,Tentacle,H2-25,,n/a,A3-H2-25,H2-25,H2,25,sym,W7-8
352,A3-fl-Snap-474.czi,2520.535,952,65535,Symbiont Area,54.669,Tentacle,H2-25,,54.66866758,A3-H2-25,H2-25,H2,25,sym,W7-8
353,A3-bf-Snap-475.czi,3954.107,0,65535,Tentacle Area,0,Tentacle,H2-25,,n/a,A3-H2-25,H2-25,H2,25,sym,W7-8
354,A3-fl-Snap-474.czi,2506.048,1123,65535,Symbiont Area,63.378,Tentacle,H2-25,,63.37835572,A3-H2-25,H2-25,H2,25,sym,W7-8
355,A3-bf-Snap-475.czi,1676.392,0,65535,Tentacle Area,0,Tentacle,H2-25,,n/a,A3-H2-25,H2-25,H2,25,sym,W7-8
356,A3-fl-Snap-474.czi,963.715,1350,65535,Symbiont Area,57.487,Tentacle,H2-25,,57.48744924,A3-H2-25,H2-25,H2,25,sym,W7-8
357,A4-fl-Snap-477.czi,4796.735,0,65535,Tentacle Area,0,Tentacle,H2-25,,n/a,A4-H2-25,H2-25,H2,25,sym,W7-8
358,A4-fl-Snap-476.czi,2757.95,1369,65535,Symbiont Area,57.496,Tentacle,H2-25,,57.4964012,A4-H2-25,H2-25,H2,25,sym,W7-8
359,A4-fl-Snap-477.czi,3383.921,0,65535,Tentacle Area,0,Tentacle,H2-25,,n/a,A4-H2-25,H2-25,H2,25,sym,W7-8
360,A4-fl-Snap-476.czi,1916.402,1323,65535,Symbiont Area,56.633,Tentacle,H2-25,,56.63258687,A4-H2-25,H2-25,H2,25,sym,W7-8
361,A4-fl-Snap-477.czi,1343.19,0,65535,Tentacle Area,0,Tentacle,H2-25,,n/a,A4-H2-25,H2-25,H2,25,sym,W7-8
362,A4-fl-Snap-476.czi,1016.69,1669,65535,Symbiont Area,75.692,Tentacle,H2-25,,75.69219545,A4-H2-25,H2-25,H2,25,sym,W7-8
363,A4-fl-Snap-477.czi,772.572,0,65535,Tentacle Area,0,Tentacle,H2-25,,n/a,A4-H2-25,H2-25,H2,25,sym,W7-8
364,A4-fl-Snap-476.czi,473.965,1429,65535,Symbiont Area,61.349,Tentacle,H2-25,,61.34897459,A4-H2-25,H2-25,H2,25,sym,W7-8
365,A5-fl-Snap-478.czi,1416.058,1703,65535,Symbiont Area,82.742,Tentacle,H2-25,,n/a,A5-H2-25,H2-25,H2,25,sym,W7-8
366,A5-bf-Snap-479.czi,1984.729,0,65535,Tentacle Area,0,Tentacle,H2-25,,n/a,A5-H2-25,H2-25,H2,25,sym,W7-8
367,A5-fl-Snap-478.czi,1202.427,1628,65535,Symbiont Area,60.584,Tentacle,H2-25,,60.58393866,A5-H2-25,H2-25,H2,25,sym,W7-8
REMOVE,A5-bf-Snap-479.czi,0.216,0,65535,REMOVE,0,0,H2-25,REMOVE,REMOVE,A5-H2-25,H2-25,H2,25,sym,W7-8
369,A5-bf-Snap-479.czi,1129.992,0,65535,Tentacle Area,0,Tentacle,H2-25,,n/a,A5-H2-25,H2-25,H2,25,sym,W7-8
370,A5-fl-Snap-478.czi,929.551,1365,65535,Symbiont Area,82.262,Tentacle,H2-25,,82.26173283,A5-H2-25,H2-25,H2,25,sym,W7-8
371,A5-bf-Snap-479.czi,1749.476,0,65535,Tentacle Area,0,Tentacle,H2-25,,n/a,A5-H2-25,H2-25,H2,25,sym,W7-8
372,A5-fl-Snap-478.czi,1265.565,1447,65535,Symbiont Area,72.34,Tentacle,H2-25,,72.33966056,A5-H2-25,H2-25,H2,25,sym,W7-8
373,A5-bf-Snap-479.czi,1691.961,0,65535,Tentacle Area,0,Tentacle,H2-25,,n/a,A5-H2-25,H2-25,H2,25,sym,W7-8
374,A5-fl-Snap-478.czi,1342.973,1628,65535,Symbiont Area,79.374,Tentacle,H2-25,,79.37375625,A5-H2-25,H2-25,H2,25,sym,W7-8
375,A6-bf-Snap-481.czi,708.786,0,65535,Tentacle Area,79.374,Tentacle,H2-25,,n/a,A6-H2-25,H2-25,H2,25,sym,W7-8
376,A6-fl-Snap-480.czi,457.965,1312,65535,Symbiont Area,64.613,Tentacle,H2-25,,64.61259111,A6-H2-25,H2-25,H2,25,sym,W7-8
377,A6-bf-Snap-481.czi,3784.37,0,65535,Tentacle Area,0,Tentacle,H2-25,,n/a,A6-H2-25,H2-25,H2,25,sym,W7-8
378,A6-fl-Snap-480.czi,2290.688,1344,65535,Symbiont Area,60.53,Tentacle,H2-25,,60.53023357,A6-H2-25,H2-25,H2,25,sym,W7-8
379,A6-bf-Snap-481.czi,1206.968,0,65535,Tentacle Area,0,Tentacle,H2-25,,n/a,A6-H2-25,H2-25,H2,25,sym,W7-8
380,A6-fl-Snap-480.czi,695.596,1172,65535,Symbiont Area,57.632,Tentacle,H2-25,,57.63168535,A6-H2-25,H2-25,H2,25,sym,W7-8
381,A6-bf-Snap-481.czi,2969.202,0,65535,Tentacle Area,0,Tentacle,H2-25,,n/a,A6-H2-25,H2-25,H2,25,sym,W7-8
382,A6-fl-Snap-480.czi,1828.182,1281,65535,Symbiont Area,61.572,Tentacle,H2-25,,61.57149295,A6-H2-25,H2-25,H2,25,sym,W7-8
383,A6-bf-Snap-481.czi,2993.851,0,65535,Tentacle Area,0,Tentacle,H2-25,,n/a,A6-H2-25,H2-25,H2,25,sym,W7-8
384,A6-fl-Snap-480.czi,1493.466,1109,65535,Symbiont Area,49.884,Tentacle,H2-25,,49.88444649,A6-H2-25,H2-25,H2,25,sym,W7-8
385,A7-bf-Snap-483.czi,4368.61,0,65535,Tentacle Area,0,Tentacle,H2-25,,n/a,A7-H2-25,H2-25,H2,25,sym,W7-8
386,A7-fl-Snap-482.czi,2885.955,1399,65535,Symbiont Area,66.061,Tentacle,H2-25,,66.06117278,A7-H2-25,H2-25,H2,25,sym,W7-8
387,A7-bf-Snap-483.czi,1367.407,0,65535,Tentacle Area,0,Tentacle,H2-25,,n/a,A7-H2-25,H2-25,H2,25,sym,W7-8
388,A7-fl-Snap-482.czi,833.115,1654,65535,Symbiont Area,60.927,Tentacle,H2-25,,60.92662975,A7-H2-25,H2-25,H2,25,sym,W7-8
389,A7-bf-Snap-483.czi,4362.123,0,65535,Tentacle Area,0,Tentacle,H2-25,,n/a,A7-H2-25,H2-25,H2,25,sym,W7-8
390,A7-fl-Snap-482.czi,2027.109,1143,65535,Symbiont Area,46.471,Tentacle,H2-25,,46.47069787,A7-H2-25,H2-25,H2,25,sym,W7-8
391,A7-bf-Snap-483.czi,2648.972,0,65535,Tentacle Area,0,Tentacle,H2-25,,n/a,A7-H2-25,H2-25,H2,25,sym,W7-8
392,A7-fl-Snap-482.czi,954.633,1233,65535,Symbiont Area,36.038,Tentacle,H2-25,,36.03786676,A7-H2-25,H2-25,H2,25,sym,W7-8
393,A8-bf-Snap-485.czi,1519.197,0,65535,Tentacle Area,0,Tentacle,H2-25,,n/a,A8-H2-25,H2-25,H2,25,sym,W7-8
394,A8-fl-Snap-484.czi,1183.399,1250,65535,Symbiont Area,77.896,Tentacle,H2-25,,77.89634919,A8-H2-25,H2-25,H2,25,sym,W7-8
395,A8-bf-Snap-485.czi,2762.274,0,65535,Tentacle Area,0,Tentacle,H2-25,,n/a,A8-H2-25,H2-25,H2,25,sym,W7-8
396,A8-fl-Snap-484.czi,1914.889,1250,65535,Symbiont Area,69.323,Tentacle,H2-25,,69.32292017,A8-H2-25,H2-25,H2,25,sym,W7-8
397,A8-bf-Snap-485.czi,1205.238,0,65535,Tentacle Area,0,Tentacle,H2-25,,n/a,A8-H2-25,H2-25,H2,25,sym,W7-8
398,A8-fl-Snap-484.czi,764.355,1264,65535,Symbiont Area,63.419,Tentacle,H2-25,,63.41942421,A8-H2-25,H2-25,H2,25,sym,W7-8
399,A8-bf-Snap-485.czi,2978.283,0,65535,Tentacle Area,0,Tentacle,H2-25,,n/a,A8-H2-25,H2-25,H2,25,sym,W7-8
400,A8-fl-Snap-484.czi,1543.198,1566,65535,Symbiont Area,51.815,Tentacle,H2-25,,51.81502228,A8-H2-25,H2-25,H2,25,sym,W7-8
401,A8-bf-Snap-485.czi,446.505,0,65535,Tentacle Area,0,Tentacle,H2-25,,n/a,A8-H2-25,H2-25,H2,25,sym,W7-8
402,A8-fl-Snap-484.czi,292.985,1308,65535,Symbiont Area,65.617,Tentacle,H2-25,,65.6174063,A8-H2-25,H2-25,H2,25,sym,W7-8
403,B2-bf-Snap-489.czi,570.185,0,65535,Tentacle Area,0,Tentacle,H2-25,,n/a,B2-H2-25,H2-25,H2,25,sym,W7-8
404,B2-fl-Snap-488.czi,329.527,1453,65535,Symbiont Area,57.793,Tentacle,H2-25,,57.79299701,B2-H2-25,H2-25,H2,25,sym,W7-8
405,B2-bf-Snap-489.czi,920.47,0,65535,Tentacle Area,0,Tentacle,H2-25,,n/a,B2-H2-25,H2-25,H2,25,sym,W7-8
406,B2-fl-Snap-488.czi,614.944,1804,65535,Symbiont Area,66.808,Tentacle,H2-25,,66.80760916,B2-H2-25,H2-25,H2,25,sym,W7-8
407,B2-bf-Snap-489.czi,3784.802,0,65535,Tentacle Area,0,Tentacle,H2-25,,n/a,B2-H2-25,H2-25,H2,25,sym,W7-8
408,B2-fl-Snap-488.czi,1604.822,1315,65535,Symbiont Area,42.402,Tentacle,H2-25,,42.40174255,B2-H2-25,H2-25,H2,25,sym,W7-8
409,B2-bf-Snap-489.czi,562.834,0,65535,Tentacle Area,0,Tentacle,H2-25,,n/a,B2-H2-25,H2-25,H2,25,sym,W7-8
410,B2-fl-Snap-488.czi,387.475,1514,65535,Symbiont Area,68.844,Tentacle,H2-25,,68.84356666,B2-H2-25,H2-25,H2,25,sym,W7-8
411,B2-bf-Snap-489.czi,248.226,0,65535,Tentacle Area,0,Tentacle,H2-25,,n/a,B2-H2-25,H2-25,H2,25,sym,W7-8
412,B2-fl-Snap-488.czi,135.141,1621,65535,Symbiont Area,54.443,Tentacle,H2-25,,54.44272558,B2-H2-25,H2-25,H2,25,sym,W7-8
413,B2-bf-Snap-489.czi,3456.14,0,65535,Tentacle Area,0,Tentacle,H2-25,,n/a,B2-H2-25,H2-25,H2,25,sym,W7-8
414,B2-fl-Snap-488.czi,1647.202,1544,65535,Symbiont Area,47.66,Tentacle,H2-25,,47.66016423,B2-H2-25,H2-25,H2,25,sym,W7-8
415,B2-bf-Snap-489.czi,623.809,0,65535,Tentacle Area,0,Tentacle,H2-25,,n/a,B2-H2-25,H2-25,H2,25,sym,W7-8
416,B2-fl-Snap-488.czi,336.879,1590,65535,Symbiont Area,54.003,Tentacle,H2-25,,54.00354916,B2-H2-25,H2-25,H2,25,sym,W7-8
417,B3-bf-Snap-627.czi,2493.507,0,65535,Tentacle Area,0,Tentacle,H2-25,,n/a,B3-H2-25,H2-25,H2,25,sym,W7-8
418,B3-fl-Snap-626.czi,1446.329,950,65535,Symbiont Area,58.004,Tentacle,H2-25,,58.00380749,B3-H2-25,H2-25,H2,25,sym,W7-8
419,B3-bf-Snap-627.czi,9432.383,0,65535,Tentacle Area,0,Tentacle,H2-25,,n/a,B3-H2-25,H2-25,H2,25,sym,W7-8
420,B3-fl-Snap-626.czi,4673.271,920,65535,Symbiont Area,49.545,Tentacle,H2-25,,49.54496653,B3-H2-25,H2-25,H2,25,sym,W7-8
421,B3-bf-Snap-627.czi,457.316,0,65535,Tentacle Area,0,Tentacle,H2-25,,n/a,B3-H2-25,H2-25,H2,25,sym,W7-8
422,B3-fl-Snap-626.czi,226.388,875,65535,Symbiont Area,49.504,Tentacle,H2-25,,49.5036255,B3-H2-25,H2-25,H2,25,sym,W7-8
423,B3-bf-Snap-627.czi,11178.616,0,65535,Tentacle Area,0,Tentacle,H2-25,,n/a,B3-H2-25,H2-25,H2,25,sym,W7-8
424,B3-fl-Snap-626.czi,5712.016,1086,65535,Symbiont Area,51.098,Tentacle,H2-25,,51.09770297,B3-H2-25,H2-25,H2,25,sym,W7-8
425,B3-bf-Snap-627.czi,2592.105,0,65535,Tentacle Area,0,Tentacle,H2-25,,n/a,B3-H2-25,H2-25,H2,25,sym,W7-8
426,B3-fl-Snap-626.czi,1704.934,1372,65535,Symbiont Area,65.774,Tentacle,H2-25,,65.77411023,B3-H2-25,H2-25,H2,25,sym,W7-8
427,B3-bf-Snap-627.czi,2648.54,0,65535,Tentacle Area,0,Tentacle,H2-25,,n/a,B3-H2-25,H2-25,H2,25,sym,W7-8
428,B3-fl-Snap-626.czi,1703.204,1312,65535,Symbiont Area,64.307,Tentacle,H2-25,,64.30727873,B3-H2-25,H2-25,H2,25,sym,W7-8
429,B4-bf-Snap-493.czi,3279.917,0,65535,Tentacle Area,64.307,Tentacle,H2-25,,n/a,B4-H2-25,H2-25,H2,25,sym,W7-8
430,B4-fl-Snap-492.czi,1343.838,747,65535,Symbiont Area,40.972,Tentacle,H2-25,,40.97170752,B4-H2-25,H2-25,H2,25,sym,W7-8
431,B4-bf-Snap-493.czi,2917.308,0,65535,Tentacle Area,0,Tentacle,H2-25,,n/a,B4-H2-25,H2-25,H2,25,sym,W7-8
432,B4-fl-Snap-492.czi,1525.035,830,65535,Symbiont Area,52.275,Tentacle,H2-25,,52.27541967,B4-H2-25,H2-25,H2,25,sym,W7-8
433,B4-bf-Snap-493.czi,2363.339,0,65535,Tentacle Area,0,Tentacle,H2-25,,n/a,B4-H2-25,H2-25,H2,25,sym,W7-8
434,B4-fl-Snap-492.czi,1270.754,1078,65535,Symbiont Area,53.769,Tentacle,H2-25,,53.76943384,B4-H2-25,H2-25,H2,25,sym,W7-8
435,B4-bf-Snap-493.czi,1458.87,0,65535,Tentacle Area,0,Tentacle,H2-25,,n/a,B4-H2-25,H2-25,H2,25,sym,W7-8
436,B4-fl-Snap-492.czi,873.549,1493,65535,Symbiont Area,59.878,Tentacle,H2-25,,59.87846758,B4-H2-25,H2-25,H2,25,sym,W7-8
437,B4-bf-Snap-493.czi,18012.191,0,65535,Tentacle Area,0,Body column,H2-25,,n/a,B4-H2-25,H2-25,H2,25,sym,W7-8
438,B4-fl-Snap-492.czi,6740.814,747,65535,Symbiont Area,37.424,Body column,H2-25,,37.42362048,B4-H2-25,H2-25,H2,25,sym,W7-8
439,B5-bf-Snap-588.czi,4494.885,0,65535,Tentacle Area,0,Tentacle,H2-25,"Blurry picture, unclear, tentacle and blurry cannot see, only 1 tentacle visible ",n/a,B5-H2-25,H2-25,H2,25,sym,W7-8
440,B5-fl-Snap-589.czi,2591.673,1679,65535,Symbiont Area,57.658,Tentacle,H2-25,,57.65827157,B5-H2-25,H2-25,H2,25,sym,W7-8
441,B6-bf-Snap-499.czi,2054.137,0,65535,Tentacle Area,0,Tentacle,H2-25,,n/a,B6-H2-25,H2-25,H2,25,sym,W7-8
442,B6-fl-Snap-498.czi,1222.536,856,65535,Symbiont Area,59.516,Tentacle,H2-25,,59.51579666,B6-H2-25,H2-25,H2,25,sym,W7-8
443,B6-bf-Snap-499.czi,1325.675,0,65535,Tentacle Area,0,Tentacle,H2-25,,n/a,B6-H2-25,H2-25,H2,25,sym,W7-8
444,B6-fl-Snap-498.czi,702.299,914,65535,Symbiont Area,52.977,Tentacle,H2-25,,52.97670998,B6-H2-25,H2-25,H2,25,sym,W7-8
445,B6-bf-Snap-499.czi,2354.474,0,65535,Tentacle Area,0,Tentacle,H2-25,,n/a,B6-H2-25,H2-25,H2,25,sym,W7-8
446,B6-fl-Snap-498.czi,1708.394,1285,65535,Symbiont Area,72.559,Tentacle,H2-25,,72.55947613,B6-H2-25,H2-25,H2,25,sym,W7-8
447,B6-bf-Snap-499.czi,6597.025,0,65535,Tentacle Area,0,Tentacle,H2-25,,n/a,B6-H2-25,H2-25,H2,25,sym,W7-8
448,B6-fl-Snap-498.czi,3236.672,1185,65535,Symbiont Area,49.063,Tentacle,H2-25,,49.06260019,B6-H2-25,H2-25,H2,25,sym,W7-8
449,B6-bf-Snap-499.czi,1173.886,0,65535,Tentacle Area,0,Tentacle,H2-25,,n/a,B6-H2-25,H2-25,H2,25,sym,W7-8
450,B6-fl-Snap-498.czi,591.592,1213,65535,Symbiont Area,50.396,Tentacle,H2-25,,50.39603505,B6-H2-25,H2-25,H2,25,sym,W7-8
451,B6-bf-Snap-499.czi,5093.829,0,65535,Tentacle Area,0,Tentacle,H2-25,,n/a,B6-H2-25,H2-25,H2,25,sym,W7-8
452,B6-fl-Snap-498.czi,2126.357,985,65535,Symbiont Area,41.744,Tentacle,H2-25,,41.74378449,B6-H2-25,H2-25,H2,25,sym,W7-8
453,B7-bf-Snap-501.czi,4121.032,0,65535,Tentacle Area,41.744,Tentacle,H2-25,,n/a,B7-H2-25,H2-25,H2,25,sym,W7-8
454,B7-fl-Snap-500.czi,2699.353,1427,65535,Symbiont Area,65.502,Tentacle,H2-25,,65.50186943,B7-H2-25,H2-25,H2,25,sym,W7-8
455,B7-bf-Snap-501.czi,2702.38,0,65535,Tentacle Area,0,Tentacle,H2-25,,n/a,B7-H2-25,H2-25,H2,25,sym,W7-8
456,B7-fl-Snap-500.czi,1933.916,1562,65535,Symbiont Area,71.563,Tentacle,H2-25,,71.56343667,B7-H2-25,H2-25,H2,25,sym,W7-8
457,B7-bf-Snap-501.czi,2869.306,0,65535,Tentacle Area,0,Tentacle,H2-25,,n/a,B7-H2-25,H2-25,H2,25,sym,W7-8
458,B7-fl-Snap-500.czi,2055.219,1562,65535,Symbiont Area,71.628,Tentacle,H2-25,,71.62773855,B7-H2-25,H2-25,H2,25,sym,W7-8
459,B7-bf-Snap-501.czi,3840.588,0,65535,Tentacle Area,0,Body column,H2-25,,n/a,B7-H2-25,H2-25,H2,25,sym,W7-8
460,B7-fl-Snap-500.czi,1243.726,579,65535,Symbiont Area,32.384,Body column,H2-25,,32.38373916,B7-H2-25,H2-25,H2,25,sym,W7-8
461,B8-bf-Snap-629.czi,1570.875,0,65535,Tentacle Area,0,Tentacle,H2-25,,n/a,B8-H2-25,H2-25,H2,25,sym,W7-8
462,B8-fl-Snap-628.czi,709.434,958,65535,Symbiont Area,45.162,Tentacle,H2-25,,45.16170924,B8-H2-25,H2-25,H2,25,sym,W7-8
463,B8-bf-Snap-629.czi,3236.456,0,65535,Tentacle Area,0,Tentacle,H2-25,,n/a,B8-H2-25,H2-25,H2,25,sym,W7-8
464,B8-fl-Snap-628.czi,1735.638,1699,65535,Symbiont Area,53.628,Tentacle,H2-25,,53.62773355,B8-H2-25,H2-25,H2,25,sym,W7-8
465,B8-bf-Snap-629.czi,6122.411,0,65535,Tentacle Area,0,Tentacle,H2-25,,n/a,B8-H2-25,H2-25,H2,25,sym,W7-8
466,B8-fl-Snap-628.czi,2779.14,973,65535,Symbiont Area,45.393,Tentacle,H2-25,,45.39290159,B8-H2-25,H2-25,H2,25,sym,W7-8
467,B8-bf-Snap-629.czi,1970.891,0,65535,Tentacle Area,0,Tentacle,H2-25,,n/a,B8-H2-25,H2-25,H2,25,sym,W7-8
468,B8-fl-Snap-628.czi,877.009,798,65535,Symbiont Area,44.498,Tentacle,H2-25,,44.49809756,B8-H2-25,H2-25,H2,25,sym,W7-8
469,B8-bf-Snap-629.czi,9474.115,0,65535,Tentacle Area,0,Body column,H2-25,,n/a,B8-H2-25,H2-25,H2,25,sym,W7-8
470,B8-fl-Snap-628.czi,1988.838,552,65535,Symbiont Area,20.992,Body column,H2-25,,20.99233543,B8-H2-25,H2-25,H2,25,sym,W7-8
471,C2-bf-Snap-635.czi,1094.963,0,65535,Tentacle Area,20.992,Tentacle,H2-25,,n/a,C2-H2-25,H2-25,H2,25,sym,W7-8
472,C2-fl-Snap-634.czi,546.617,1726,65535,Symbiont Area,49.921,Tentacle,H2-25,,49.92104756,C2-H2-25,H2-25,H2,25,sym,W7-8
473,C2-bf-Snap-635.czi,4960.85,0,65535,Tentacle Area,0,Tentacle,H2-25,,n/a,C2-H2-25,H2-25,H2,25,sym,W7-8
474,C2-fl-Snap-634.czi,2806.6,1030,65535,Symbiont Area,56.575,Tentacle,H2-25,,56.57498211,C2-H2-25,H2-25,H2,25,sym,W7-8
475,C2-bf-Snap-635.czi,4274.552,0,65535,Tentacle Area,0,Tentacle,H2-25,,n/a,C2-H2-25,H2-25,H2,25,sym,W7-8
476,C2-fl-Snap-634.czi,2112.951,1120,65535,Symbiont Area,49.431,Tentacle,H2-25,,49.43093452,C2-H2-25,H2-25,H2,25,sym,W7-8
477,C2-bf-Snap-635.czi,658.621,0,65535,Tentacle Area,0,Tentacle,H2-25,,n/a,C2-H2-25,H2-25,H2,25,sym,W7-8
478,C2-fl-Snap-634.czi,373.204,1348,65535,Symbiont Area,56.664,Tentacle,H2-25,,56.66445497,C2-H2-25,H2-25,H2,25,sym,W7-8
479,C2-bf-Snap-635.czi,938.633,0,65535,Tentacle Area,0,Tentacle,H2-25,,n/a,C2-H2-25,H2-25,H2,25,sym,W7-8
480,C2-fl-Snap-634.czi,622.079,1696,65535,Symbiont Area,66.275,Tentacle,H2-25,,66.27499779,C2-H2-25,H2-25,H2,25,sym,W7-8
481,C3-bf-Snap-511.czi,2199.224,0,65535,Tentacle Area,0,Tentacle,H2-25,,n/a,C3-H2-25,H2-25,H2,25,sym,W7-8
482,C3-fl-Snap-510.czi,1326.108,1670,65535,Symbiont Area,60.299,Tentacle,H2-25,,60.29890543,C3-H2-25,H2-25,H2,25,sym,W7-8
483,C3-bf-Snap-511.czi,594.403,0,65535,Tentacle Area,41.327,Tentacle,H2-25,,n/a,C3-H2-25,H2-25,H2,25,sym,W7-8
484,C3-fl-Snap-510.czi,424.017,1259,65535,Symbiont Area,71.335,Tentacle,H2-25,,71.33493606,C3-H2-25,H2-25,H2,25,sym,W7-8
485,C3-bf-Snap-511.czi,221.847,0,65535,Tentacle Area,0,Tentacle,H2-25,,n/a,C3-H2-25,H2-25,H2,25,sym,W7-8
486,C3-fl-Snap-510.czi,86.922,1040,65535,Symbiont Area,39.181,Tentacle,H2-25,,39.18105722,C3-H2-25,H2-25,H2,25,sym,W7-8
487,C3-bf-Snap-511.czi,1627.526,0,65535,Tentacle Area,0,Tentacle,H2-25,,n/a,C3-H2-25,H2-25,H2,25,sym,W7-8
488,C3-fl-Snap-510.czi,1136.262,1026,65535,Symbiont Area,69.815,Tentacle,H2-25,,69.8152902,C3-H2-25,H2-25,H2,25,sym,W7-8
489,C3-bf-Snap-511.czi,518.075,0,65535,Tentacle Area,0,Tentacle,H2-25,,n/a,C3-H2-25,H2-25,H2,25,sym,W7-8
490,C3-fl-Snap-510.czi,335.581,1464,65535,Symbiont Area,64.775,Tentacle,H2-25,,64.77459827,C3-H2-25,H2-25,H2,25,sym,W7-8
491,C4-bf-Snap-633.czi,3248.997,0,65535,Tentacle Area,64.775,Tentacle,H2-25,,n/a,C4-H2-25,H2-25,H2,25,sym,W7-8
492,C4-fl-Snap-632.czi,1818.02,788,65535,Symbiont Area,55.956,Tentacle,H2-25,,55.95634591,C4-H2-25,H2-25,H2,25,sym,W7-8
493,C4-bf-Snap-633.czi,3725.557,0,65535,Tentacle Area,0,Tentacle,H2-25,,n/a,C4-H2-25,H2-25,H2,25,sym,W7-8
494,C4-fl-Snap-632.czi,1372.164,587,65535,Symbiont Area,36.831,Tentacle,H2-25,,36.83111009,C4-H2-25,H2-25,H2,25,sym,W7-8
495,C4-bf-Snap-633.czi,2833.412,0,65535,Tentacle Area,0,Tentacle,H2-25,,n/a,C4-H2-25,H2-25,H2,25,sym,W7-8
496,C4-fl-Snap-632.czi,1334.757,1203,65535,Symbiont Area,47.108,Tentacle,H2-25,,47.10776266,C4-H2-25,H2-25,H2,25,sym,W7-8
497,C4-bf-Snap-633.czi,1019.933,0,65535,Tentacle Area,0,Tentacle,H2-25,,n/a,C4-H2-25,H2-25,H2,25,sym,W7-8
498,C4-fl-Snap-632.czi,563.05,1633,65535,Symbiont Area,55.205,Tentacle,H2-25,,55.20460658,C4-H2-25,H2-25,H2,25,sym,W7-8
499,C4-bf-Snap-633.czi,2211.982,0,65535,Tentacle Area,0,Tentacle,H2-25,,n/a,C4-H2-25,H2-25,H2,25,sym,W7-8
500,C4-fl-Snap-632.czi,1221.023,816,65535,Symbiont Area,55.2,Tentacle,H2-25,,55.20040398,C4-H2-25,H2-25,H2,25,sym,W7-8
501,C5-bf-Snap-631.czi,6888.496,0,65535,Tentacle Area,55.2,Tentacle,H2-25,,n/a,C5-H2-25,H2-25,H2,25,sym,W7-8
502,C5-fl-Snap-630.czi,2768.112,966,65535,Symbiont Area,40.185,Tentacle,H2-25,,40.18456278,C5-H2-25,H2-25,H2,25,sym,W7-8
503,C5-bf-Snap-631.czi,1651.31,0,65535,Tentacle Area,0,Tentacle,H2-25,,n/a,C5-H2-25,H2-25,H2,25,sym,W7-8
504,C5-fl-Snap-630.czi,985.121,1977,65535,Symbiont Area,59.657,Tentacle,H2-25,,59.65693904,C5-H2-25,H2-25,H2,25,sym,W7-8
505,C5-fl-Snap-630.czi,226728.346,0,65535,Tentacle Area,0,Tentacle,H2-25,,REMOVED,C5-H2-25,H2-25,H2,25,sym,W7-8
506,C5-fl-Snap-630.czi,88.004,1721,65535,Symbiont Area,0.039,Tentacle,H2-25,,REMOVED,C5-H2-25,H2-25,H2,25,sym,W7-8
507,C5-bf-Snap-631.czi,406.503,0,65535,Tentacle Area,0,Tentacle,H2-25,,n/a,C5-H2-25,H2-25,H2,25,sym,W7-8
508,C5-fl-Snap-630.czi,310.283,2143,65535,Symbiont Area,76.33,Tentacle,H2-25,,76.32981798,C5-H2-25,H2-25,H2,25,sym,W7-8
509,C6-bf-Snap-517.czi,1945.809,0,65535,Tentacle Area,0,Tentacle,H2-25,"Blurry, unlear image, only 2 partial tentacles clear",n/a,C6-H2-25,H2-25,H2,25,sym,W7-8
510,C6-fl-Snap-516.czi,939.93,786,65535,Symbiont Area,48.305,Tentacle,H2-25,,48.30535782,C6-H2-25,H2-25,H2,25,sym,W7-8
511,C6-bf-Snap-517.czi,955.714,0,65535,Tentacle Area,0,Tentacle,H2-25,,n/a,C6-H2-25,H2-25,H2,25,sym,W7-8
512,C6-fl-Snap-516.czi,485.641,796,65535,Symbiont Area,50.814,Tentacle,H2-25,,50.8144696,C6-H2-25,H2-25,H2,25,sym,W7-8
513,C7-bf-Snap-519.czi,4724.084,0,65535,Tentacle Area,0,Tentacle,H2-25,,n/a,C7-H2-25,H2-25,H2,25,sym,W7-8
514,C7-fl-Snap-518.czi,2482.047,1299,65535,Symbiont Area,52.54,Tentacle,H2-25,,52.54028082,C7-H2-25,H2-25,H2,25,sym,W7-8
515,C7-bf-Snap-519.czi,984.689,0,65535,Tentacle Area,0,Tentacle,H2-25,,n/a,C7-H2-25,H2-25,H2,25,sym,W7-8
516,C7-fl-Snap-518.czi,670.946,1439,65535,Symbiont Area,68.138,Tentacle,H2-25,,68.13785876,C7-H2-25,H2-25,H2,25,sym,W7-8
517,C7-bf-Snap-519.czi,4048.813,0,65535,Tentacle Area,0,Body column,H2-25,,n/a,C7-H2-25,H2-25,H2,25,sym,W7-8
518,C7-fl-Snap-518.czi,1219.725,586,65535,Symbiont Area,30.126,Body column,H2-25,,30.12549604,C7-H2-25,H2-25,H2,25,sym,W7-8
513,C8-bf-Snap-521.czi,2385.61,0,65535,Tentacle Area,30.126,Tentacle,H2-25,,n/a,C8-H2-25,H2-25,H2,25,sym,W7-8
514,C8-fl-Snap-520.czi,1704.285,1236,65535,Symbiont Area,71.44,Tentacle,H2-25,,71.44021864,C8-H2-25,H2-25,H2,25,sym,W7-8
515,C8-bf-Snap-521.czi,1353.352,0,65535,Tentacle Area,30.126,Tentacle,H2-25,,n/a,C8-H2-25,H2-25,H2,25,sym,W7-8
516,C8-fl-Snap-520.czi,718.299,1507,65535,Symbiont Area,53.076,Tentacle,H2-25,,53.07554871,C8-H2-25,H2-25,H2,25,sym,W7-8
517,C8-bf-Snap-521.czi,3390.192,0,65535,Tentacle Area,30.126,Tentacle,H2-25,,n/a,C8-H2-25,H2-25,H2,25,sym,W7-8
518,C8-fl-Snap-520.czi,1388.597,1568,65535,Symbiont Area,40.959,Tentacle,H2-25,,40.95924361,C8-H2-25,H2-25,H2,25,sym,W7-8
519,C8-bf-Snap-521.czi,469.857,0,65535,Tentacle Area,0,Tentacle,H2-25,,n/a,C8-H2-25,H2-25,H2,25,sym,W7-8
520,C8-fl-Snap-520.czi,314.175,1357,65535,Symbiont Area,66.866,Tentacle,H2-25,,66.86608904,C8-H2-25,H2-25,H2,25,sym,W7-8
521,C8-bf-Snap-521.czi,1643.526,0,65535,Tentacle Area,0,Tentacle,H2-25,,n/a,C8-H2-25,H2-25,H2,25,sym,W7-8
522,C8-fl-Snap-520.czi,684.568,1327,65535,Symbiont Area,41.652,Tentacle,H2-25,,41.65239856,C8-H2-25,H2-25,H2,25,sym,W7-8
523,D1-bf-Snap-523.czi,1259.943,0,65535,Tentacle Area,0,Tentacle,H2-25,,n/a,D1-H2-25,H2-25,H2,25,sym,W7-8
524,D1-fl-Snap-522.czi,753.76,1449,65535,Symbiont Area,59.825,Tentacle,H2-25,,59.82492859,D1-H2-25,H2-25,H2,25,sym,W7-8
525,D1-bf-Snap-523.czi,615.809,0,65535,Tentacle Area,0,Tentacle,H2-25,,n/a,D1-H2-25,H2-25,H2,25,sym,W7-8
526,D1-fl-Snap-522.czi,405.422,1863,65535,Symbiont Area,65.836,Tentacle,H2-25,,65.83567307,D1-H2-25,H2-25,H2,25,sym,W7-8
527,D1-bf-Snap-523.czi,5379.029,0,65535,Tentacle Area,0,Tentacle,H2-25,,n/a,D1-H2-25,H2-25,H2,25,sym,W7-8
528,D1-fl-Snap-522.czi,2578.051,828,65535,Symbiont Area,47.928,Tentacle,H2-25,,47.92781374,D1-H2-25,H2-25,H2,25,sym,W7-8
REMOVED,D2-bf-Snap-523.czi,REMOVED,REMOVED,REMOVED,REMOVED,REMOVED,REMOVED,H2-25,D2 bf image missing ,REMOVED,D2-H2-25,H2-25,H2,25,sym,W7-8
REMOVED,D2-fl-Snap-524.czi,REMOVED,REMOVED,REMOVED,REMOVED,REMOVED,REMOVED,H2-25,,REMOVED,D2-H2-25,H2-25,H2,25,sym,W7-8
REMOVED,D3-bf-Snap-525.czi,REMOVED,REMOVED,REMOVED,REMOVED,REMOVED,REMOVED,H2-25,"Blurry, no clear tentacles ",REMOVED,D3-H2-25,H2-25,H2,25,sym,W7-8
REMOVED,D3-fl-Snap-524.czi,REMOVED,REMOVED,REMOVED,REMOVED,REMOVED,REMOVED,H2-25,,REMOVED,D3-H2-25,H2-25,H2,25,sym,W7-8
529,D4-bf-Snap-625.czi,3525.765,0,65535,Tentacle Area,0,Tentacle,H2-25,,n/a,D4-H2-25,H2-25,H2,25,sym,W7-8
530,D4-fl-Snap-624.czi,871.387,1200,65535,Symbiont Area,24.715,Tentacle,H2-25,,24.71483494,D4-H2-25,H2-25,H2,25,sym,W7-8
529,D4-bf-Snap-625.czi,3525.765,0,65535,Tentacle Area,0,Tentacle,H2-25,,n/a,D4-H2-25,H2-25,H2,25,sym,W7-8
530,D4-fl-Snap-624.czi,871.387,1200,65535,Symbiont Area,24.715,Tentacle,H2-25,,24.71483494,D4-H2-25,H2-25,H2,25,sym,W7-8
531,D4-bf-Snap-625.czi,9522.333,0,65535,Tentacle Area,0,Tentacle,H2-25,,n/a,D4-H2-25,H2-25,H2,25,sym,W7-8
532,D4-fl-Snap-624.czi,1275.511,765,65535,Symbiont Area,13.395,Tentacle,H2-25,,13.39494218,D4-H2-25,H2-25,H2,25,sym,W7-8
533,D4-bf-Snap-625.czi,8794.303,0,65535,Tentacle Area,0,Tentacle,H2-25,,n/a,D4-H2-25,H2-25,H2,25,sym,W7-8
534,D4-fl-Snap-624.czi,2187.765,435,65535,Symbiont Area,24.877,Tentacle,H2-25,,24.87707099,D4-H2-25,H2-25,H2,25,sym,W7-8
535,D4-bf-Snap-625.czi,2369.177,0,65535,Tentacle Area,0,Tentacle,H2-25,,n/a,D4-H2-25,H2-25,H2,25,sym,W7-8
536,D4-fl-Snap-624.czi,894.523,645,65535,Symbiont Area,37.757,Tentacle,H2-25,,37.75669779,D4-H2-25,H2-25,H2,25,sym,W7-8
537,D4-bf-Snap-625.czi,795.059,0,65535,Tentacle Area,0,Tentacle,H2-25,,n/a,D4-H2-25,H2-25,H2,25,sym,W7-8
538,D4-fl-Snap-624.czi,462.073,930,65535,Symbiont Area,58.118,Tentacle,H2-25,,58.11807677,D4-H2-25,H2-25,H2,25,sym,W7-8
539,D5-bf-Snap-623.czi,2740.219,0,65535,Tentacle Area,0,Tentacle,H2-25,,n/a,D5-H2-25,H2-25,H2,25,sym,W7-8
540,D5-fl-Snap-622.czi,1414.544,1534,65535,Symbiont Area,51.622,Tentacle,H2-25,,51.62156747,D5-H2-25,H2-25,H2,25,sym,W7-8
541,D5-bf-Snap-623.czi,1477.898,0,65535,Tentacle Area,0,Tentacle,H2-25,,n/a,D5-H2-25,H2-25,H2,25,sym,W7-8
542,D5-fl-Snap-622.czi,694.731,1274,65535,Symbiont Area,47.008,Tentacle,H2-25,,47.00804792,D5-H2-25,H2-25,H2,25,sym,W7-8
543,D5-bf-Snap-623.czi,2944.336,0,65535,Tentacle Area,0,Tentacle,H2-25,,n/a,D5-H2-25,H2-25,H2,25,sym,W7-8
544,D5-fl-Snap-622.czi,1038.529,793,65535,Symbiont Area,35.272,Tentacle,H2-25,,35.2720953,D5-H2-25,H2-25,H2,25,sym,W7-8
545,D5-bf-Snap-623.czi,9302.216,0,65535,Tentacle Area,0,Tentacle,H2-25,,n/a,D5-H2-25,H2-25,H2,25,sym,W7-8
546,D5-fl-Snap-622.czi,3570.523,728,65535,Symbiont Area,38.384,Tentacle,H2-25,,38.38357441,D5-H2-25,H2-25,H2,25,sym,W7-8
547,D6-bf-Snap-621.czi,1336.487,0,65535,Tentacle Area,0,Tentacle,H2-25,,n/a,D6-H2-25,H2-25,H2,25,sym,W7-8
548,D6-fl-Snap-620.czi,523.048,1582,65535,Symbiont Area,39.136,Tentacle,H2-25,,39.1360335,D6-H2-25,H2-25,H2,25,sym,W7-8
549,D6-bf-Snap-621.czi,3954.539,0,65535,Tentacle Area,0,Tentacle,H2-25,,n/a,D6-H2-25,H2-25,H2,25,sym,W7-8
550,D6-fl-Snap-620.czi,2113.599,1365,65535,Symbiont Area,53.447,Tentacle,H2-25,,53.44741827,D6-H2-25,H2-25,H2,25,sym,W7-8
551,D6-bf-Snap-621.czi,3961.026,0,65535,Tentacle Area,0,Tentacle,H2-25,,n/a,D6-H2-25,H2-25,H2,25,sym,W7-8
552,D6-fl-Snap-620.czi,2583.24,1379,65535,Symbiont Area,65.216,Tentacle,H2-25,,65.21643635,D6-H2-25,H2-25,H2,25,sym,W7-8
553,D6-bf-Snap-621.czi,896.469,0,65535,Tentacle Area,0,Tentacle,H2-25,,n/a,D6-H2-25,H2-25,H2,25,sym,W7-8
554,D6-fl-Snap-620.czi,540.779,1234,65535,Symbiont Area,60.323,Tentacle,H2-25,,60.32322367,D6-H2-25,H2-25,H2,25,sym,W7-8
555,D7-bf-Snap-619.czi,7127.857,0,65535,Tentacle Area,0,Tentacle,H2-25,"Blurry image, only 2 tentacles present",n/a,D7-H2-25,H2-25,H2,25,sym,W7-8
556,D7-fl-Snap-618.czi,2496.101,951,65535,Symbiont Area,35.019,Tentacle,H2-25,,35.0189545,D7-H2-25,H2-25,H2,25,sym,W7-8
557,D7-bf-Snap-619.czi,3978.972,0,65535,Tentacle Area,0,Tentacle,H2-25,,n/a,D7-H2-25,H2-25,H2,25,sym,W7-8
558,D7-fl-Snap-618.czi,1804.398,655,65535,Symbiont Area,45.348,Tentacle,H2-25,,45.34834626,D7-H2-25,H2-25,H2,25,sym,W7-8
559,D7-bf-Snap-619.czi,8533.752,0,65535,Tentacle Area,0,Body column,H2-25,,n/a,D7-H2-25,H2-25,H2,25,sym,W7-8
560,D7-fl-Snap-618.czi,3590.849,593,65535,Symbiont Area,42.078,Body column,H2-25,,42.07819726,D7-H2-25,H2-25,H2,25,sym,W7-8
561,E1-bf-Snap-605.czi,4217.901,0,65535,Tentacle Area,0,Tentacle,H2-25,,n/a,E1-H2-25,H2-25,H2,25,sym,W7-8
562,E1-fl-Snap-604.czi,2754.706,1592,65535,Symbiont Area,65.31,Tentacle,H2-25,,65.30987806,E1-H2-25,H2-25,H2,25,sym,W7-8
563,E1-bf-Snap-605.czi,2359.663,0,65535,Tentacle Area,0,Tentacle,H2-25,,n/a,E1-H2-25,H2-25,H2,25,sym,W7-8
564,E1-fl-Snap-604.czi,1866.454,1636,65535,Symbiont Area,79.098,Tentacle,H2-25,,79.09832887,E1-H2-25,H2-25,H2,25,sym,W7-8
565,E1-bf-Snap-605.czi,161.088,0,65535,Tentacle Area,0,Tentacle,H2-25,,n/a,E1-H2-25,H2-25,H2,25,sym,W7-8
566,E1-fl-Snap-604.czi,93.842,1160,65535,Symbiont Area,58.255,Tentacle,H2-25,,58.25511522,E1-H2-25,H2-25,H2,25,sym,W7-8
567,E1-bf-Snap-605.czi,433.099,0,65535,Tentacle Area,0,Tentacle,H2-25,,n/a,E1-H2-25,H2-25,H2,25,sym,W7-8
568,E1-fl-Snap-604.czi,282.606,1443,65535,Symbiont Area,65.252,Tentacle,H2-25,,65.25205553,E1-H2-25,H2-25,H2,25,sym,W7-8
569,E2-bf-Snap-607.czi,1449.356,0,65535,Tentacle Area,0,Tentacle,H2-25,,n/a,E2-H2-25,H2-25,H2,25,sym,W7-8
570,E2-fl-Snap-606.czi,726.084,1271,65535,Symbiont Area,50.097,Tentacle,H2-25,,50.0970086,E2-H2-25,H2-25,H2,25,sym,W7-8
571,E2-bf-Snap-607.czi,1346.001,0,65535,Tentacle Area,0,Tentacle,H2-25,,n/a,E2-H2-25,H2-25,H2,25,sym,W7-8
572,E2-fl-Snap-606.czi,809.979,1221,65535,Symbiont Area,60.177,Tentacle,H2-25,,60.17670121,E2-H2-25,H2-25,H2,25,sym,W7-8
573,E2-bf-Snap-607.czi,3397.327,0,65535,Tentacle Area,0,Tentacle,H2-25,,n/a,E2-H2-25,H2-25,H2,25,sym,W7-8
574,E2-fl-Snap-606.czi,2124.194,1145,65535,Symbiont Area,62.525,Tentacle,H2-25,,62.52545016,E2-H2-25,H2-25,H2,25,sym,W7-8
575,E2-bf-Snap-607.czi,375.583,0,65535,Tentacle Area,0,Tentacle,H2-25,,n/a,E2-H2-25,H2-25,H2,25,sym,W7-8
576,E2-fl-Snap-606.czi,241.091,919,65535,Symbiont Area,64.191,Tentacle,H2-25,,64.19113751,E2-H2-25,H2-25,H2,25,sym,W7-8
577,E2-bf-Snap-607.czi,1094.531,0,65535,Tentacle Area,0,Tentacle,H2-25,,n/a,E2-H2-25,H2-25,H2,25,sym,W7-8
578,E2-fl-Snap-606.czi,672.46,1309,65535,Symbiont Area,61.438,Tentacle,H2-25,,61.43818677,E2-H2-25,H2-25,H2,25,sym,W7-8
580,E3-bf-Snap-609.czi,2029.055,0,65535,Tentacle Area,0,Tentacle,H2-25,,n/a,E3-H2-25,H2-25,H2,25,sym,W7-8
581,E3-fl-Snap-608.czi,1081.125,956,65535,Symbiont Area,53.282,Tentacle,H2-25,,53.28219294,E3-H2-25,H2-25,H2,25,sym,W7-8
582,E3-bf-Snap-609.czi,5533.414,0,65535,Tentacle Area,0,Tentacle,H2-25,,n/a,E3-H2-25,H2-25,H2,25,sym,W7-8
583,E3-fl-Snap-608.czi,2306.688,1123,65535,Symbiont Area,41.687,Tentacle,H2-25,,41.68652481,E3-H2-25,H2-25,H2,25,sym,W7-8
584,E3-bf-Snap-609.czi,4879.55,0,65535,Tentacle Area,0,Tentacle,H2-25,,n/a,E3-H2-25,H2-25,H2,25,sym,W7-8
585,E3-fl-Snap-608.czi,1929.376,1381,65535,Symbiont Area,39.54,Tentacle,H2-25,,39.54003955,E3-H2-25,H2-25,H2,25,sym,W7-8
586,E3-bf-Snap-609.czi,2479.668,0,65535,Tentacle Area,0,Tentacle,H2-25,,n/a,E3-H2-25,H2-25,H2,25,sym,W7-8
587,E3-fl-Snap-608.czi,1378.651,1381,65535,Symbiont Area,55.598,Tentacle,H2-25,,55.59820912,E3-H2-25,H2-25,H2,25,sym,W7-8
588,E3-bf-Snap-609.czi,262.065,0,65535,Tentacle Area,0,Tentacle,H2-25,,n/a,E3-H2-25,H2-25,H2,25,sym,W7-8
589,E3-fl-Snap-608.czi,125.41,1821,65535,Symbiont Area,47.855,Tentacle,H2-25,,47.8545399,E3-H2-25,H2-25,H2,25,sym,W7-8
590,E4-fl-Snap-610.czi,226728.346,0,65535,Tentacle Area,0,Tentacle,H2-25,,REMOVED,E4-H2-25,H2-25,H2,25,sym,W7-8
591,E4-fl-Snap-610.czi,1854.778,1633,65535,Symbiont Area,0.818,Tentacle,H2-25,,REMOVED,E4-H2-25,H2-25,H2,25,sym,W7-8
592,E4-bf-Snap-611.czi,975.175,0,65535,Tentacle Area,0,Tentacle,H2-25,,n/a,E4-H2-25,H2-25,H2,25,sym,W7-8
593,E4-fl-Snap-610.czi,673.757,1689,65535,Symbiont Area,69.091,Tentacle,H2-25,,69.09088112,E4-H2-25,H2-25,H2,25,sym,W7-8
594,E4-bf-Snap-611.czi,1149.668,0,65535,Tentacle Area,0,Body column,H2-25,,n/a,E4-H2-25,H2-25,H2,25,sym,W7-8
595,E4-fl-Snap-610.czi,388.34,558,65535,Symbiont Area,33.778,Body column,H2-25,,33.77844734,E4-H2-25,H2-25,H2,25,sym,W7-8
596,E5-bf-Snap-549.czi,1760.071,0,65535,Tentacle Area,0,Tentacle,H2-25,"Very small, only 1 small tentacle ",n/a,E5-H2-25,H2-25,H2,25,sym,W7-8
597,E5-fl-Snap-548.czi,1019.285,1617,65535,Symbiont Area,57.912,Tentacle,H2-25,,57.91158425,E5-H2-25,H2-25,H2,25,sym,W7-8
598,E5-bf-Snap-549.czi,4997.825,0,65535,Tentacle Area,0,Body column,H2-25,,n/a,E5-H2-25,H2-25,H2,25,sym,W7-8
599,E5-fl-Snap-548.czi,3111.91,1259,65535,Symbiont Area,62.265,Body column,H2-25,,62.2652854,E5-H2-25,H2-25,H2,25,sym,W7-8
600,E5-bf-Snap-549.czi,352.879,0,65535,Tentacle Area,0,Tentacle,H2-25,,n/a,E5-H2-25,H2-25,H2,25,sym,W7-8
601,E5-fl-Snap-548.czi,263.794,1458,65535,Symbiont Area,74.755,Tentacle,H2-25,,74.75480264,E5-H2-25,H2-25,H2,25,sym,W7-8
602,E6-bf-Snap-613.czi,790.519,0,65535,Tentacle Area,0,Tentacle,H2-25,,n/a,E6-H2-25,H2-25,H2,25,sym,W7-8
603,E6-fl-Snap-612.czi,420.558,1300,65535,Symbiont Area,53.2,Tentacle,H2-25,,53.20023934,E6-H2-25,H2-25,H2,25,sym,W7-8
604,E6-bf-Snap-613.czi,619.701,0,65535,Tentacle Area,0,Tentacle,H2-25,,n/a,E6-H2-25,H2-25,H2,25,sym,W7-8
605,E6-fl-Snap-612.czi,311.796,1211,65535,Symbiont Area,50.314,Tentacle,H2-25,,50.31394172,E6-H2-25,H2-25,H2,25,sym,W7-8
606,E6-bf-Snap-613.czi,977.769,0,65535,Tentacle Area,0,Tentacle,H2-25,,n/a,E6-H2-25,H2-25,H2,25,sym,W7-8
607,E6-fl-Snap-612.czi,609.106,1046,65535,Symbiont Area,62.295,Tentacle,H2-25,,62.29549106,E6-H2-25,H2-25,H2,25,sym,W7-8
608,E6-bf-Snap-613.czi,1620.39,0,65535,Tentacle Area,0,Tentacle,H2-25,,n/a,E6-H2-25,H2-25,H2,25,sym,W7-8
609,E6-fl-Snap-612.czi,1035.069,1151,65535,Symbiont Area,63.878,Tentacle,H2-25,,63.87777017,E6-H2-25,H2-25,H2,25,sym,W7-8
610,E6-bf-Snap-613.czi,1713.151,0,65535,Tentacle Area,0,Tentacle,H2-25,,n/a,E6-H2-25,H2-25,H2,25,sym,W7-8
611,E6-fl-Snap-612.czi,1064.692,1569,65535,Symbiont Area,62.148,Tentacle,H2-25,,62.14817024,E6-H2-25,H2-25,H2,25,sym,W7-8
612,E7-bf-Snap-615.czi,1570.442,0,65535,Tentacle Area,0,Tentacle,H2-25,,n/a,E7-H2-25,H2-25,H2,25,sym,W7-8
613,E7-fl-Snap-614.czi,820.574,935,65535,Symbiont Area,52.251,Tentacle,H2-25,,52.25114968,E7-H2-25,H2-25,H2,25,sym,W7-8
614,E7-bf-Snap-615.czi,4644.081,0,65535,Tentacle Area,0,Tentacle,H2-25,,n/a,E7-H2-25,H2-25,H2,25,sym,W7-8
615,E7-fl-Snap-614.czi,2358.15,1084,65535,Symbiont Area,50.778,Tentacle,H2-25,,50.77753812,E7-H2-25,H2-25,H2,25,sym,W7-8
616,E7-bf-Snap-615.czi,1083.287,0,65535,Tentacle Area,0,Tentacle,H2-25,,n/a,E7-H2-25,H2-25,H2,25,sym,W7-8
617,E7-fl-Snap-614.czi,500.777,906,65535,Symbiont Area,46.228,Tentacle,H2-25,,46.22754635,E7-H2-25,H2-25,H2,25,sym,W7-8
618,E7-bf-Snap-615.czi,4377.691,0,65535,Tentacle Area,0,Tentacle,H2-25,,n/a,E7-H2-25,H2-25,H2,25,sym,W7-8
619,E7-fl-Snap-614.czi,2191.008,1084,65535,Symbiont Area,50.049,Tentacle,H2-25,,50.04939819,E7-H2-25,H2-25,H2,25,sym,W7-8
620,E7-bf-Snap-615.czi,1004.149,0,65535,Tentacle Area,0,Tentacle,H2-25,,n/a,E7-H2-25,H2-25,H2,25,sym,W7-8
621,E7-fl-Snap-614.czi,536.887,1277,65535,Symbiont Area,53.467,Tentacle,H2-25,,53.46686597,E7-H2-25,H2-25,H2,25,sym,W7-8
622,E7-bf-Snap-615.czi,355.041,0,65535,Tentacle Area,0,Tentacle,H2-25,,n/a,E7-H2-25,H2-25,H2,25,sym,W7-8
623,E7-fl-Snap-614.czi,160.223,1589,65535,Symbiont Area,45.128,Tentacle,H2-25,,45.12802747,E7-H2-25,H2-25,H2,25,sym,W7-8
624,E7-bf-Snap-615.czi,3633.661,0,65535,Tentacle Area,0,Tentacle,H2-25,,n/a,E7-H2-25,H2-25,H2,25,sym,W7-8
625,E7-fl-Snap-614.czi,1661.473,1232,65535,Symbiont Area,45.724,Tentacle,H2-25,,45.72449108,E7-H2-25,H2-25,H2,25,sym,W7-8
626,E8-bf-Snap-617.czi,1192.697,0,65535,Tentacle Area,0,Tentacle,H2-25,,n/a,E8-H2-25,H2-25,H2,25,sym,W7-8
627,E8-fl-Snap-616.czi,566.293,1079,65535,Symbiont Area,47.48,Tentacle,H2-25,,47.48003894,E8-H2-25,H2-25,H2,25,sym,W7-8
628,E8-bf-Snap-617.czi,3082.72,0,65535,Tentacle Area,0,Tentacle,H2-25,,n/a,E8-H2-25,H2-25,H2,25,sym,W7-8
629,E8-fl-Snap-616.czi,1169.993,1464,65535,Symbiont Area,37.953,Tentacle,H2-25,,37.95326854,E8-H2-25,H2-25,H2,25,sym,W7-8
630,E8-bf-Snap-617.czi,764.139,0,65535,Tentacle Area,0,Tentacle,H2-25,,n/a,E8-H2-25,H2-25,H2,25,sym,W7-8
631,E8-fl-Snap-616.czi,415.152,1563,65535,Symbiont Area,54.329,Tentacle,H2-25,,54.32938248,E8-H2-25,H2-25,H2,25,sym,W7-8
632,E8-bf-Snap-617.czi,2001.162,0,65535,Tentacle Area,0,Tentacle,H2-25,,n/a,E8-H2-25,H2-25,H2,25,sym,W7-8
633,E8-fl-Snap-616.czi,1075.719,1439,65535,Symbiont Area,53.755,Tentacle,H2-25,,53.75471851,E8-H2-25,H2-25,H2,25,sym,W7-8
634,E8-bf-Snap-617.czi,1192.697,0,65535,Tentacle Area,0,Tentacle,H2-25,,n/a,E8-H2-25,H2-25,H2,25,sym,W7-8
635,E8-fl-Snap-616.czi,566.293,1079,65535,Symbiont Area,47.48,Tentacle,H2-25,,47.48003894,E8-H2-25,H2-25,H2,25,sym,W7-8
636,E8-bf-Snap-617.czi,3082.72,0,65535,Tentacle Area,0,Tentacle,H2-25,,n/a,E8-H2-25,H2-25,H2,25,sym,W7-8
637,E8-fl-Snap-616.czi,1169.993,1464,65535,Symbiont Area,37.953,Tentacle,H2-25,,37.95326854,E8-H2-25,H2-25,H2,25,sym,W7-8
638,E8-bf-Snap-617.czi,764.139,0,65535,Tentacle Area,0,Tentacle,H2-25,,n/a,E8-H2-25,H2-25,H2,25,sym,W7-8
639,E8-fl-Snap-616.czi,415.152,1563,65535,Symbiont Area,54.329,Tentacle,H2-25,,54.32938248,E8-H2-25,H2-25,H2,25,sym,W7-8
640,E8-bf-Snap-617.czi,2001.162,0,65535,Tentacle Area,0,Tentacle,H2-25,,n/a,E8-H2-25,H2-25,H2,25,sym,W7-8
641,E8-fl-Snap-616.czi,1075.719,1439,65535,Symbiont Area,53.755,Tentacle,H2-25,,53.75471851,E8-H2-25,H2-25,H2,25,sym,W7-8
642,F2-bf-Snap-559.czi,1169.993,0,65535,Tentacle Area,0,Tentacle,H2-25,,n/a,F2-H2-25,H2-25,H2,25,sym,W7-8
643,F2-fl-Snap-558.czi,738.408,1778,65535,Symbiont Area,63.112,Tentacle,H2-25,,63.11217247,F2-H2-25,H2-25,H2,25,sym,W7-8
644,F2-bf-Snap-559.czi,2851.792,0,65535,Tentacle Area,0,Tentacle,H2-25,,n/a,F2-H2-25,H2-25,H2,25,sym,W7-8
645,F2-fl-Snap-558.czi,1376.705,920,65535,Symbiont Area,48.275,Tentacle,H2-25,,48.27508458,F2-H2-25,H2-25,H2,25,sym,W7-8
646,F2-bf-Snap-559.czi,3834.102,0,65535,Tentacle Area,0,Tentacle,H2-25,,n/a,F2-H2-25,H2-25,H2,25,sym,W7-8
647,F2-fl-Snap-558.czi,1809.587,996,65535,Symbiont Area,47.197,Tentacle,H2-25,,47.19715334,F2-H2-25,H2-25,H2,25,sym,W7-8
648,F2-bf-Snap-559.czi,1494.763,0,65535,Tentacle Area,0,Tentacle,H2-25,,n/a,F2-H2-25,H2-25,H2,25,sym,W7-8
649,F2-fl-Snap-558.czi,648.243,1012,65535,Symbiont Area,43.368,Tentacle,H2-25,,43.36761079,F2-H2-25,H2-25,H2,25,sym,W7-8
650,F2-bf-Snap-559.czi,713.326,0,65535,Tentacle Area,0,Tentacle,H2-25,,n/a,F2-H2-25,H2-25,H2,25,sym,W7-8
651,F2-fl-Snap-558.czi,429.639,1272,65535,Symbiont Area,60.23,Tentacle,H2-25,,60.23038555,F2-H2-25,H2-25,H2,25,sym,W7-8
652,F2-bf-Snap-559.czi,750.301,0,65535,Tentacle Area,0,Tentacle,H2-25,,n/a,F2-H2-25,H2-25,H2,25,sym,W7-8
653,F2-fl-Snap-558.czi,466.614,1303,65535,Symbiont Area,62.19,Tentacle,H2-25,,62.19024098,F2-H2-25,H2-25,H2,25,sym,W7-8
654,F3-bf-Snap-593.czi,1792.505,0,65535,Tentacle Area,0,Tentacle,H2-25,,n/a,F3-H2-25,H2-25,H2,25,sym,W7-8
655,F3-fl-Snap-592.czi,902.956,1856,65535,Symbiont Area,50.374,Tentacle,H2-25,,50.37397385,F3-H2-25,H2-25,H2,25,sym,W7-8
656,F3-bf-Snap-593.czi,1807.641,0,65535,Tentacle Area,0,Tentacle,H2-25,,n/a,F3-H2-25,H2-25,H2,25,sym,W7-8
657,F3-fl-Snap-592.czi,1005.879,1330,65535,Symbiont Area,55.646,Tentacle,H2-25,,55.64594961,F3-H2-25,H2-25,H2,25,sym,W7-8
658,F3-bf-Snap-593.czi,4034.11,0,65535,Tentacle Area,0,Tentacle,H2-25,,n/a,F3-H2-25,H2-25,H2,25,sym,W7-8
659,F3-fl-Snap-592.czi,1808.073,1176,65535,Symbiont Area,44.82,Tentacle,H2-25,,44.81962564,F3-H2-25,H2-25,H2,25,sym,W7-8
660,F3-bf-Snap-593.czi,4490.993,0,65535,Tentacle Area,0,Tentacle,H2-25,,n/a,F3-H2-25,H2-25,H2,25,sym,W7-8
661,F3-fl-Snap-592.czi,2460.424,1408,65535,Symbiont Area,54.786,Tentacle,H2-25,,54.7857456,F3-H2-25,H2-25,H2,25,sym,W7-8
662,F3-bf-Snap-593.czi,836.142,0,65535,Tentacle Area,0,Tentacle,H2-25,,n/a,F3-H2-25,H2-25,H2,25,sym,W7-8
663,F3-fl-Snap-592.czi,422.071,1764,65535,Symbiont Area,50.478,Tentacle,H2-25,,50.47838764,F3-H2-25,H2-25,H2,25,sym,W7-8
664,F4-bf-Snap-595.czi,3045.745,0,65535,Tentacle Area,0,Tentacle,H2-25,,n/a,F4-H2-25,H2-25,H2,25,sym,W7-8
665,F4-fl-Snap-594.czi,1277.241,1417,65535,Symbiont Area,41.935,Tentacle,H2-25,,41.93525722,F4-H2-25,H2-25,H2,25,sym,W7-8
666,F4-bf-Snap-595.czi,6505.129,0,65535,Tentacle Area,0,Tentacle,H2-25,,n/a,F4-H2-25,H2-25,H2,25,sym,W7-8
667,F4-fl-Snap-594.czi,3514.305,811,65535,Symbiont Area,54.024,Tentacle,H2-25,,54.02360199,F4-H2-25,H2-25,H2,25,sym,W7-8
668,F4-bf-Snap-595.czi,5420.977,0,65535,Tentacle Area,0,Tentacle,H2-25,,n/a,F4-H2-25,H2-25,H2,25,sym,W7-8
669,F4-fl-Snap-594.czi,2828.872,1199,65535,Symbiont Area,52.184,Tentacle,H2-25,,52.18380377,F4-H2-25,H2-25,H2,25,sym,W7-8
670,F4-bf-Snap-595.czi,2028.623,0,65535,Tentacle Area,0,Tentacle,H2-25,,n/a,F4-H2-25,H2-25,H2,25,sym,W7-8
671,F4-fl-Snap-594.czi,1188.589,666,65535,Symbiont Area,58.591,Tentacle,H2-25,,58.59092596,F4-H2-25,H2-25,H2,25,sym,W7-8
672,F4-bf-Snap-595.czi,19298.946,0,65535,Tentacle Area,0,Body column,H2-25,,n/a,F4-H2-25,H2-25,H2,25,sym,W7-8
673,F4-fl-Snap-594.czi,9430.005,702,65535,Symbiont Area,48.863,Body column,H2-25,,48.862798,F4-H2-25,H2-25,H2,25,sym,W7-8
674,F5-bf-Snap-597.czi,1599.633,0,65535,Tentacle Area,0,Tentacle,H2-25,,n/a,F5-H2-25,H2-25,H2,25,sym,W7-8
675,F5-fl-Snap-596.czi,914.416,1366,65535,Symbiont Area,57.164,Tentacle,H2-25,,57.16411202,F5-H2-25,H2-25,H2,25,sym,W7-8
676,F5-bf-Snap-597.czi,1252.375,0,65535,Tentacle Area,0,Tentacle,H2-25,,n/a,F5-H2-25,H2-25,H2,25,sym,W7-8
677,F5-fl-Snap-596.czi,916.794,1072,65535,Symbiont Area,73.204,Tentacle,H2-25,,73.20443158,F5-H2-25,H2-25,H2,25,sym,W7-8
678,F5-bf-Snap-597.czi,833.764,0,65535,Tentacle Area,0,Tentacle,H2-25,,n/a,F5-H2-25,H2-25,H2,25,sym,W7-8
679,F5-fl-Snap-596.czi,586.186,1111,65535,Symbiont Area,70.306,Tentacle,H2-25,,70.30598587,F5-H2-25,H2-25,H2,25,sym,W7-8
680,F6-bf-Snap-599.czi,3473.006,0,65535,Tentacle Area,70.306,Tentacle,H2-25,,n/a,F6-H2-25,H2-25,H2,25,sym,W7-8
681,F6-fl-Snap-598.czi,2339.338,999,65535,Symbiont Area,67.358,Tentacle,H2-25,,67.35772987,F6-H2-25,H2-25,H2,25,sym,W7-8
682,F6-bf-Snap-599.czi,1187.075,0,65535,Tentacle Area,0,Tentacle,H2-25,,n/a,F6-H2-25,H2-25,H2,25,sym,W7-8
683,F6-fl-Snap-598.czi,659.27,1316,65535,Symbiont Area,55.537,Tentacle,H2-25,,55.53735021,F6-H2-25,H2-25,H2,25,sym,W7-8
684,F6-bf-Snap-599.czi,3002.717,0,65535,Tentacle Area,0,Tentacle,H2-25,,n/a,F6-H2-25,H2-25,H2,25,sym,W7-8
685,F6-fl-Snap-598.czi,1960.08,1025,65535,Symbiont Area,65.277,Tentacle,H2-25,,65.2768809,F6-H2-25,H2-25,H2,25,sym,W7-8
686,F6-bf-Snap-599.czi,3780.91,0,65535,Tentacle Area,0,Tentacle,H2-25,,n/a,F6-H2-25,H2-25,H2,25,sym,W7-8
687,F6-fl-Snap-598.czi,2838.169,1227,65535,Symbiont Area,75.066,Tentacle,H2-25,,75.06576459,F6-H2-25,H2-25,H2,25,sym,W7-8
688,F6-bf-Snap-599.czi,11495.17,0,65535,Tentacle Area,0,Body column,H2-25,,n/a,F6-H2-25,H2-25,H2,25,sym,W7-8
689,F6-fl-Snap-598.czi,4755.004,759,65535,Symbiont Area,41.365,Body column,H2-25,,41.36523427,F6-H2-25,H2-25,H2,25,sym,W7-8
690,F7-bf-Snap-601.czi,587.267,0,65535,Tentacle Area,0,Tentacle,H2-25,,n/a,F7-H2-25,H2-25,H2,25,sym,W7-8
691,F7-fl-Snap-600.czi,338.176,1598,65535,Symbiont Area,57.585,Tentacle,H2-25,,57.58471019,F7-H2-25,H2-25,H2,25,sym,W7-8
692,F7-fl-Snap-600.czi,226728.346,0,65535,Tentacle Area,0,Tentacle,H2-25,,REMOVED,F7-H2-25,H2-25,H2,25,sym,W7-8
693,F7-fl-Snap-600.czi,674.406,1719,65535,Symbiont Area,0.297,Tentacle,H2-25,,REMOVED,F7-H2-25,H2-25,H2,25,sym,W7-8
694,F7-bf-Snap-601.czi,534.508,0,65535,Tentacle Area,0,Tentacle,H2-25,,n/a,F7-H2-25,H2-25,H2,25,sym,W7-8
695,F7-fl-Snap-600.czi,286.714,1643,65535,Symbiont Area,53.641,Tentacle,H2-25,,53.64073129,F7-H2-25,H2-25,H2,25,sym,W7-8
696,F7-bf-Snap-601.czi,593.754,0,65535,Tentacle Area,0,Tentacle,H2-25,,n/a,F7-H2-25,H2-25,H2,25,sym,W7-8
697,F7-fl-Snap-600.czi,296.877,1415,65535,Symbiont Area,50,Tentacle,H2-25,,50,F7-H2-25,H2-25,H2,25,sym,W7-8
698,F8-bf-Snap-603.czi,2578.267,0,65535,Tentacle Area,0,Tentacle,H2-25,,n/a,F8-H2-25,H2-25,H2,25,sym,W7-8
699,F8-fl-Snap-602.czi,1139.073,1325,65535,Symbiont Area,44.18,Tentacle,H2-25,,44.17979209,F8-H2-25,H2-25,H2,25,sym,W7-8
700,F8-bf-Snap-603.czi,3203.373,0,65535,Tentacle Area,0,Tentacle,H2-25,,n/a,F8-H2-25,H2-25,H2,25,sym,W7-8
701,F8-fl-Snap-602.czi,1742.125,1745,65535,Symbiont Area,54.384,Tentacle,H2-25,,54.38408203,F8-H2-25,H2-25,H2,25,sym,W7-8
702,F8-bf-Snap-603.czi,611.484,0,65535,Tentacle Area,0,Tentacle,H2-25,,n/a,F8-H2-25,H2-25,H2,25,sym,W7-8
703,F8-fl-Snap-602.czi,315.688,1091,65535,Symbiont Area,51.627,Tentacle,H2-25,,51.62653479,F8-H2-25,H2-25,H2,25,sym,W7-8
704,F8-bf-Snap-603.czi,14291.175,0,65535,Tentacle Area,51.627,Tentacle,H2-25,,REMOVED,F8-H2-25,H2-25,H2,25,sym,W7-8
1,A1-bf-Snap-275.czi,859.062,0,65535,Tentacle Area,0,Tentacle,VWA-25,,n/a,A1-VWA-25,VWA-25,VWA,25,sym,W7-8
2,A1-fl-Snap-274.czi,382.286,1832,65535,Symbiont Area,44.5,Tentacle,VWA-25,,44.50039694,A1-VWA-25,VWA-25,VWA,25,sym,W7-8
3,A1-bf-Snap-275.czi,313.742,0,65535,Tentacle Area,0,Tentacle,VWA-25,,n/a,A1-VWA-25,VWA-25,VWA,25,sym,W7-8
4,A1-fl-Snap-274.czi,217.09,1060,65535,Symbiont Area,69.194,Tentacle,VWA-25,,69.19379618,A1-VWA-25,VWA-25,VWA,25,sym,W7-8
5,A1-bf-Snap-275.czi,1531.954,0,65535,Tentacle Area,0,Tentacle,VWA-25,,n/a,A1-VWA-25,VWA-25,VWA,25,sym,W7-8
6,A1-fl-Snap-274.czi,854.521,1529,65535,Symbiont Area,55.78,Tentacle,VWA-25,,55.77980801,A1-VWA-25,VWA-25,VWA,25,sym,W7-8
7,A1-bf-Snap-275.czi,2238.145,0,65535,Tentacle Area,0,Tentacle,VWA-25,,n/a,A1-VWA-25,VWA-25,VWA,25,sym,W7-8
8,A1-fl-Snap-274.czi,1835.534,1696,65535,Symbiont Area,82.011,Tentacle,VWA-25,,82.01139783,A1-VWA-25,VWA-25,VWA,25,sym,W7-8
9,A1-bf-Snap-275.czi,1258.646,0,65535,Tentacle Area,0,Tentacle,VWA-25,,n/a,A1-VWA-25,VWA-25,VWA,25,sym,W7-8
10,A1-fl-Snap-274.czi,785.329,1832,65535,Symbiont Area,62.395,Tentacle,VWA-25,,62.39474801,A1-VWA-25,VWA-25,VWA,25,sym,W7-8
11,A1-bf-Snap-275.czi,883.928,0,65535,Tentacle Area,0,Tentacle,VWA-25,,n/a,A1-VWA-25,VWA-25,VWA,25,sym,W7-8
12,A1-fl-Snap-274.czi,500.777,1499,65535,Symbiont Area,56.654,Tentacle,VWA-25,,56.65359622,A1-VWA-25,VWA-25,VWA,25,sym,W7-8
13,A2-bf-Snap-277.czi,462.073,0,65535,Tentacle Area,0,Tentacle,VWA-25,,n/a,A2-VWA-25,VWA-25,VWA,25,sym,W7-8
14,A2-fl-Snap-276.czi,132.978,1010,65535,Symbiont Area,28.779,Tentacle,VWA-25,,28.77856962,A2-VWA-25,VWA-25,VWA,25,sym,W7-8
15,A2-bf-Snap-277.czi,1252.808,0,65535,Tentacle Area,0,Tentacle,VWA-25,,n/a,A2-VWA-25,VWA-25,VWA,25,sym,W7-8
16,A2-fl-Snap-276.czi,831.385,1727,65535,Symbiont Area,66.362,Tentacle,VWA-25,,66.36172502,A2-VWA-25,VWA-25,VWA,25,sym,W7-8
17,A2-bf-Snap-277.czi,2118.789,0,65535,Tentacle Area,0,Tentacle,VWA-25,,n/a,A2-VWA-25,VWA-25,VWA,25,sym,W7-8
18,A2-fl-Snap-276.czi,881.766,970,65535,Symbiont Area,41.616,Tentacle,VWA-25,,41.6165083,A2-VWA-25,VWA-25,VWA,25,sym,W7-8
19,A2-bf-Snap-277.czi,813.871,0,65535,Tentacle Area,0,Tentacle,VWA-25,,n/a,A2-VWA-25,VWA-25,VWA,25,sym,W7-8
20,A2-fl-Snap-276.czi,610.619,1143,65535,Symbiont Area,75.027,Tentacle,VWA-25,,75.02650912,A2-VWA-25,VWA-25,VWA,25,sym,W7-8
1,A3-bf-Snap-279.czi,1564.82,0,65535,Tentacle Area,0,Tentacle,VWA-25,,n/a,A3-VWA-25,VWA-25,VWA,25,sym,W7-8
2,A3-fl-Snap-278.czi,743.598,1517,65535,Symbiont Area,47.52,Tentacle,VWA-25,,47.51971473,A3-VWA-25,VWA-25,VWA,25,sym,W7-8
3,A3-bf-Snap-279.czi,496.02,0,65535,Tentacle Area,0,Tentacle,VWA-25,,n/a,A3-VWA-25,VWA-25,VWA,25,sym,W7-8
4,A3-fl-Snap-278.czi,225.09,1344,65535,Symbiont Area,45.379,Tentacle,VWA-25,,45.37921858,A3-VWA-25,VWA-25,VWA,25,sym,W7-8
5,A3-bf-Snap-279.czi,1444.815,0,65535,Tentacle Area,0,Tentacle,VWA-25,,n/a,A3-VWA-25,VWA-25,VWA,25,sym,W7-8
6,A3-fl-Snap-278.czi,940.579,1503,65535,Symbiont Area,65.1,Tentacle,VWA-25,,65.10030696,A3-VWA-25,VWA-25,VWA,25,sym,W7-8
7,A3-bf-Snap-279.czi,1791.857,0,65535,Tentacle Area,0,Tentacle,VWA-25,,n/a,A3-VWA-25,VWA-25,VWA,25,sym,W7-8
8,A3-fl-Snap-278.czi,1131.289,1546,65535,Symbiont Area,63.135,Tentacle,VWA-25,,63.13500463,A3-VWA-25,VWA-25,VWA,25,sym,W7-8
REMOVED,A4-fl-Snap-324.czi,REMOVED,REMOVED,REMOVED,REMOVED,REMOVED,REMOVED,VWA-25,"Image very blurry, brightfield not visibile as much, not imageble ",REMOVED,A4-VWA-25,VWA-25,VWA,25,sym,W7-8
REMOVED,A4-bf-Snap-325.czi,REMOVED,REMOVED,REMOVED,REMOVED,REMOVED,REMOVED,VWA-25,,REMOVED,A4-VWA-25,VWA-25,VWA,25,sym,W7-8
9,A5-bf-Snap-281.czi,1145.344,0,65535,Tentacle Area,0,Tentacle,VWA-25,,n/a,A5-VWA-25,VWA-25,VWA,25,sym,W7-8
10,A5-fl-Snap-280.czi,620.566,1577,65535,Symbiont Area,54.182,Tentacle,VWA-25,,54.18162578,A5-VWA-25,VWA-25,VWA,25,sym,W7-8
11,A5-bf-Snap-281.czi,3531.17,0,65535,Tentacle Area,0,Tentacle,VWA-25,,n/a,A5-VWA-25,VWA-25,VWA,25,sym,W7-8
12,A5-fl-Snap-280.czi,2406.152,1548,65535,Symbiont Area,68.14,Tentacle,VWA-25,,68.14036141,A5-VWA-25,VWA-25,VWA,25,sym,W7-8
13,A5-bf-Snap-281.czi,1019.717,0,65535,Tentacle Area,0,Tentacle,VWA-25,,n/a,A5-VWA-25,VWA-25,VWA,25,sym,W7-8
14,A5-fl-Snap-280.czi,792.032,1782,65535,Symbiont Area,77.672,Tentacle,VWA-25,,77.67174618,A5-VWA-25,VWA-25,VWA,25,sym,W7-8
15,A5-bf-Snap-281.czi,1078.098,0,65535,Tentacle Area,0,Tentacle,VWA-25,,n/a,A5-VWA-25,VWA-25,VWA,25,sym,W7-8
16,A5-fl-Snap-280.czi,865.549,1431,65535,Symbiont Area,80.285,Tentacle,VWA-25,,80.28481641,A5-VWA-25,VWA-25,VWA,25,sym,W7-8
17,A6-bf-Snap-283.czi,2824.98,0,65535,Tentacle Area,0,Tentacle,VWA-25,,n/a,A6-VWA-25,VWA-25,VWA,25,sym,W7-8
18,A6-fl-Snap-282.czi,1861.265,1719,65535,Symbiont Area,65.886,Tentacle,VWA-25,,65.88595317,A6-VWA-25,VWA-25,VWA,25,sym,W7-8
19,A6-bf-Snap-283.czi,832.466,0,65535,Tentacle Area,0,Tentacle,VWA-25,,n/a,A6-VWA-25,VWA-25,VWA,25,sym,W7-8
20,A6-fl-Snap-282.czi,627.917,1340,65535,Symbiont Area,75.429,Tentacle,VWA-25,,75.42854603,A6-VWA-25,VWA-25,VWA,25,sym,W7-8
21,A6-bf-Snap-283.czi,1881.157,0,65535,Tentacle Area,0,Tentacle,VWA-25,,n/a,A6-VWA-25,VWA-25,VWA,25,sym,W7-8
22,A6-fl-Snap-282.czi,1238.753,1516,65535,Symbiont Area,65.851,Tentacle,VWA-25,,65.85059089,A6-VWA-25,VWA-25,VWA,25,sym,W7-8
23,A6-bf-Snap-283.czi,3165.318,0,65535,Tentacle Area,0,Tentacle,VWA-25,,n/a,A6-VWA-25,VWA-25,VWA,25,sym,W7-8
24,A6-fl-Snap-282.czi,2386.259,1719,65535,Symbiont Area,75.388,Tentacle,VWA-25,,75.38765457,A6-VWA-25,VWA-25,VWA,25,sym,W7-8
25,A6-bf-Snap-283.czi,1630.553,0,65535,Tentacle Area,0,Tentacle,VWA-25,,n/a,A6-VWA-25,VWA-25,VWA,25,sym,W7-8
26,A6-fl-Snap-282.czi,1054.746,1150,65535,Symbiont Area,64.686,Tentacle,VWA-25,,64.6863978,A6-VWA-25,VWA-25,VWA,25,sym,W7-8
27,A7-bf-Snap-285.czi,3056.34,0,65535,Tentacle Area,0,Tentacle,VWA-25,,n/a,A7-VWA-25,VWA-25,VWA,25,sym,W7-8
28,A7-fl-Snap-284.czi,1518.116,1381,65535,Symbiont Area,49.671,Tentacle,VWA-25,,49.67104445,A7-VWA-25,VWA-25,VWA,25,sym,W7-8
29,A7-bf-Snap-285.czi,7742.585,0,65535,Tentacle Area,0,Tentacle,VWA-25,,n/a,A7-VWA-25,VWA-25,VWA,25,sym,W7-8
30,A7-fl-Snap-284.czi,4859.873,1259,65535,Symbiont Area,62.768,Tentacle,VWA-25,,62.7680936,A7-VWA-25,VWA-25,VWA,25,sym,W7-8
31,A7-bf-Snap-285.czi,3748.477,0,65535,Tentacle Area,0,Tentacle,VWA-25,,n/a,A7-VWA-25,VWA-25,VWA,25,sym,W7-8
32,A7-fl-Snap-284.czi,2354.906,1213,65535,Symbiont Area,62.823,Tentacle,VWA-25,,62.82300785,A7-VWA-25,VWA-25,VWA,25,sym,W7-8
33,A7-bf-Snap-285.czi,3542.847,0,65535,Tentacle Area,0,Tentacle,VWA-25,,n/a,A7-VWA-25,VWA-25,VWA,25,sym,W7-8
34,A7-fl-Snap-284.czi,2054.786,906,65535,Symbiont Area,57.998,Tentacle,VWA-25,,57.99815798,A7-VWA-25,VWA-25,VWA,25,sym,W7-8
35,A7-bf-Snap-285.czi,453.424,0,65535,Tentacle Area,0,Tentacle,VWA-25,,n/a,A7-VWA-25,VWA-25,VWA,25,sym,W7-8
36,A7-fl-Snap-284.czi,310.715,1504,65535,Symbiont Area,68.526,Tentacle,VWA-25,,68.52636826,A7-VWA-25,VWA-25,VWA,25,sym,W7-8
37,A8-bf-Snap-287.czi,885.441,0,65535,Tentacle Area,0,Tentacle,VWA-25,,n/a,A8-VWA-25,VWA-25,VWA,25,sym,W7-8
38,A8-fl-Snap-286.czi,301.85,1354,65535,Symbiont Area,34.09,Tentacle,VWA-25,,34.09035723,A8-VWA-25,VWA-25,VWA,25,sym,W7-8
39,A8-bf-Snap-287.czi,1272.052,0,65535,Tentacle Area,0,Tentacle,VWA-25,,n/a,A8-VWA-25,VWA-25,VWA,25,sym,W7-8
40,A8-fl-Snap-286.czi,804.357,1289,65535,Symbiont Area,63.233,Tentacle,VWA-25,,63.23302821,A8-VWA-25,VWA-25,VWA,25,sym,W7-8
41,A8-bf-Snap-287.czi,1858.021,0,65535,Tentacle Area,0,Tentacle,VWA-25,,n/a,A8-VWA-25,VWA-25,VWA,25,sym,W7-8
42,A8-fl-Snap-286.czi,1343.622,1407,65535,Symbiont Area,72.315,Tentacle,VWA-25,,72.3146832,A8-VWA-25,VWA-25,VWA,25,sym,W7-8
43,A8-bf-Snap-287.czi,4628.945,0,65535,Tentacle Area,0,Tentacle,VWA-25,,n/a,A8-VWA-25,VWA-25,VWA,25,sym,W7-8
44,A8-fl-Snap-286.czi,2779.356,1275,65535,Symbiont Area,60.043,Tentacle,VWA-25,,60.04296875,A8-VWA-25,VWA-25,VWA,25,sym,W7-8
45,A8-bf-Snap-287.czi,2635.999,0,65535,Tentacle Area,0,Tentacle,VWA-25,,n/a,A8-VWA-25,VWA-25,VWA,25,sym,W7-8
46,A8-fl-Snap-286.czi,1283.079,986,65535,Symbiont Area,48.675,Tentacle,VWA-25,,48.67524608,A8-VWA-25,VWA-25,VWA,25,sym,W7-8
21,B1-bf-Snap-289.czi,1266.862,0,65535,Tentacle Area,75.027,Tentacle,VWA-25,,n/a,B1-VWA-25,VWA-25,VWA,25,sym,W7-8
22,B1-fl-Snap-288.czi,616.457,1010,65535,Symbiont Area,48.66,Tentacle,VWA-25,,48.66015399,B1-VWA-25,VWA-25,VWA,25,sym,W7-8
23,B1-bf-Snap-289.czi,4939.228,0,65535,Tentacle Area,0,Tentacle,VWA-25,,n/a,B1-VWA-25,VWA-25,VWA,25,sym,W7-8
24,B1-fl-Snap-288.czi,3508.467,1668,65535,Symbiont Area,71.033,Tentacle,VWA-25,,71.03269985,B1-VWA-25,VWA-25,VWA,25,sym,W7-8
25,B1-bf-Snap-289.czi,565.212,0,65535,Tentacle Area,0,Tentacle,VWA-25,,n/a,B1-VWA-25,VWA-25,VWA,25,sym,W7-8
26,B1-fl-Snap-288.czi,359.15,1270,65535,Symbiont Area,63.542,Tentacle,VWA-25,,63.54252917,B1-VWA-25,VWA-25,VWA,25,sym,W7-8
27,B1-bf-Snap-289.czi,984.689,0,65535,Tentacle Area,0,Tentacle,VWA-25,,n/a,B1-VWA-25,VWA-25,VWA,25,sym,W7-8
28,B1-fl-Snap-288.czi,485.641,1209,65535,Symbiont Area,49.319,Tentacle,VWA-25,,49.31922668,B1-VWA-25,VWA-25,VWA,25,sym,W7-8
29,B1-bf-Snap-289.czi,1468.168,0,65535,Tentacle Area,0,Tentacle,VWA-25,,n/a,B1-VWA-25,VWA-25,VWA,25,sym,W7-8
30,B1-fl-Snap-288.czi,795.708,827,65535,Symbiont Area,54.197,Tentacle,VWA-25,,54.19733981,B1-VWA-25,VWA-25,VWA,25,sym,W7-8
31,B1-bf-Snap-289.czi,836.791,0,65535,Tentacle Area,0,Tentacle,VWA-25,,n/a,B1-VWA-25,VWA-25,VWA,25,sym,W7-8
32,B1-fl-Snap-288.czi,465.316,918,65535,Symbiont Area,55.607,Tentacle,VWA-25,,55.60719463,B1-VWA-25,VWA-25,VWA,25,sym,W7-8
33,B2-bf-Snap-291.czi,3406.841,0,65535,Tentacle Area,0,Tentacle,VWA-25,,n/a,B2-VWA-25,VWA-25,VWA,25,sym,W7-8
34,B2-fl-Snap-290.czi,2253.713,1377,65535,Symbiont Area,66.153,Tentacle,VWA-25,,66.1525736,B2-VWA-25,VWA-25,VWA,25,sym,W7-8
35,B2-bf-Snap-291.czi,3298.729,0,65535,Tentacle Area,0,Tentacle,VWA-25,,n/a,B2-VWA-25,VWA-25,VWA,25,sym,W7-8
36,B2-fl-Snap-290.czi,2245.28,1420,65535,Symbiont Area,68.065,Tentacle,VWA-25,,68.06500322,B2-VWA-25,VWA-25,VWA,25,sym,W7-8
37,B2-bf-Snap-291.czi,4616.404,0,65535,Tentacle Area,0,Tentacle,VWA-25,,n/a,B2-VWA-25,VWA-25,VWA,25,sym,W7-8
38,B2-fl-Snap-290.czi,3817.669,1721,65535,Symbiont Area,82.698,Tentacle,VWA-25,,82.69789646,B2-VWA-25,VWA-25,VWA,25,sym,W7-8
39,B2-bf-Snap-291.czi,5039.556,0,65535,Tentacle Area,0,Tentacle,VWA-25,,n/a,B2-VWA-25,VWA-25,VWA,25,sym,W7-8
40,B2-fl-Snap-290.czi,4305.688,1405,65535,Symbiont Area,85.438,Tentacle,VWA-25,,85.43784413,B2-VWA-25,VWA-25,VWA,25,sym,W7-8
41,B2-bf-Snap-291.czi,1604.606,0,65535,Tentacle Area,0,Tentacle,VWA-25,,n/a,B2-VWA-25,VWA-25,VWA,25,sym,W7-8
42,B2-fl-Snap-290.czi,1144.695,1018,65535,Symbiont Area,71.338,Tentacle,VWA-25,,71.33807302,B2-VWA-25,VWA-25,VWA,25,sym,W7-8
43,B2-bf-Snap-291.czi,2654.162,0,65535,Tentacle Area,0,Tentacle,VWA-25,,n/a,B2-VWA-25,VWA-25,VWA,25,sym,W7-8
44,B2-fl-Snap-290.czi,2310.58,1291,65535,Symbiont Area,87.055,Tentacle,VWA-25,,87.05497253,B2-VWA-25,VWA-25,VWA,25,sym,W7-8
47,B3-bf-Snap-293.czi,4841.926,0,65535,Tentacle Area,48.675,Tentacle,VWA-25,,n/a,B3-VWA-25,VWA-25,VWA,25,sym,W7-8
48,B3-fl-Snap-292.czi,2508.426,944,65535,Symbiont Area,51.806,Tentacle,VWA-25,,51.80636796,B3-VWA-25,VWA-25,VWA,25,sym,W7-8
49,B3-bf-Snap-293.czi,5426.599,0,65535,Tentacle Area,0,Tentacle,VWA-25,,n/a,B3-VWA-25,VWA-25,VWA,25,sym,W7-8
50,B3-fl-Snap-292.czi,2700.65,1765,65535,Symbiont Area,49.767,Tentacle,VWA-25,,49.7668982,B3-VWA-25,VWA-25,VWA,25,sym,W7-8
51,B3-bf-Snap-293.czi,929.767,0,65535,Tentacle Area,0,Tentacle,VWA-25,,n/a,B3-VWA-25,VWA-25,VWA,25,sym,W7-8
52,B3-fl-Snap-292.czi,523.697,1254,65535,Symbiont Area,56.326,Tentacle,VWA-25,,56.32561706,B3-VWA-25,VWA-25,VWA,25,sym,W7-8
53,B3-bf-Snap-293.czi,11741.882,0,65535,Tentacle Area,0,Body Column ,VWA-25,,n/a,B3-VWA-25,VWA-25,VWA,25,sym,W7-8
54,B3-fl-Snap-292.czi,3617.66,836,65535,Symbiont Area,30.81,Body Column ,VWA-25,,30.8098821,B3-VWA-25,VWA-25,VWA,25,sym,W7-8
55,B4-bf-Snap-295.czi,1736.287,0,65535,Tentacle Area,0,Tentacle,VWA-25,,n/a,B4-VWA-25,VWA-25,VWA,25,sym,W7-8
56,B4-fl-Snap-294.czi,905.767,1213,65535,Symbiont Area,52.167,Tentacle,VWA-25,,52.16689407,B4-VWA-25,VWA-25,VWA,25,sym,W7-8
57,B4-bf-Snap-295.czi,5436.978,0,65535,Tentacle Area,0,Tentacle,VWA-25,,n/a,B4-VWA-25,VWA-25,VWA,25,sym,W7-8
58,B4-fl-Snap-294.czi,3881.671,1573,65535,Symbiont Area,71.394,Tentacle,VWA-25,,71.39390669,B4-VWA-25,VWA-25,VWA,25,sym,W7-8
59,B4-bf-Snap-295.czi,3340.892,0,65535,Tentacle Area,0,Tentacle,VWA-25,,n/a,B4-VWA-25,VWA-25,VWA,25,sym,W7-8
60,B4-fl-Snap-294.czi,2481.182,1258,65535,Symbiont Area,74.267,Tentacle,VWA-25,,74.26705203,B4-VWA-25,VWA-25,VWA,25,sym,W7-8
61,B4-bf-Snap-295.czi,3857.454,0,65535,Tentacle Area,74.267,Tentacle,VWA-25,,n/a,B4-VWA-25,VWA-25,VWA,25,sym,W7-8
62,B4-fl-Snap-294.czi,2612.863,1296,65535,Symbiont Area,67.735,Tentacle,VWA-25,,67.7354286,B4-VWA-25,VWA-25,VWA,25,sym,W7-8
63,B4-bf-Snap-295.czi,4700.948,0,65535,Tentacle Area,0,Tentacle,VWA-25,,n/a,B4-VWA-25,VWA-25,VWA,25,sym,W7-8
64,B4-fl-Snap-294.czi,3390.192,1649,65535,Symbiont Area,72.117,Tentacle,VWA-25,,72.11719849,B4-VWA-25,VWA-25,VWA,25,sym,W7-8
65,B5-bf-Snap-297.czi,4252.065,0,65535,Tentacle Area,0,Tentacle,VWA-25,,n/a,B5-VWA-25,VWA-25,VWA,25,sym,W7-8
66,B5-fl-Snap-296.czi,2187.116,1030,65535,Symbiont Area,51.437,Tentacle,VWA-25,,51.43656082,B5-VWA-25,VWA-25,VWA,25,sym,W7-8
67,B5-bf-Snap-297.czi,7356.191,0,65535,Tentacle Area,0,Tentacle,VWA-25,,n/a,B5-VWA-25,VWA-25,VWA,25,sym,W7-8
68,B5-fl-Snap-296.czi,4680.623,1102,65535,Symbiont Area,63.628,Tentacle,VWA-25,,63.6283506,B5-VWA-25,VWA-25,VWA,25,sym,W7-8
69,B5-bf-Snap-297.czi,3856.157,0,65535,Tentacle Area,0,Tentacle,VWA-25,,n/a,B5-VWA-25,VWA-25,VWA,25,sym,W7-8
70,B5-fl-Snap-296.czi,2067.76,1392,65535,Symbiont Area,53.622,Tentacle,VWA-25,,53.62229805,B5-VWA-25,VWA-25,VWA,25,sym,W7-8
71,B5-bf-Snap-297.czi,12627.108,0,65535,Tentacle Area,0,Tentacle,VWA-25,,n/a,B5-VWA-25,VWA-25,VWA,25,sym,W7-8
72,B5-fl-Snap-296.czi,3743.503,725,65535,Symbiont Area,29.647,Tentacle,VWA-25,,29.64655882,B5-VWA-25,VWA-25,VWA,25,sym,W7-8
73,B6-bf-Snap-299.czi,2649.189,0,65535,Tentacle Area,29.647,Tentacle,VWA-25,,n/a,B6-VWA-25,VWA-25,VWA,25,sym,W7-8
74,B6-fl-Snap-298.czi,1780.829,1411,65535,Symbiont Area,67.222,Tentacle,VWA-25,,67.22166671,B6-VWA-25,VWA-25,VWA,25,sym,W7-8
75,B6-bf-Snap-299.czi,2799.249,0,65535,Tentacle Area,0,Tentacle,VWA-25,,n/a,B6-VWA-25,VWA-25,VWA,25,sym,W7-8
76,B6-fl-Snap-298.czi,2362.691,1580,65535,Symbiont Area,84.404,Tentacle,VWA-25,,84.40445991,B6-VWA-25,VWA-25,VWA,25,sym,W7-8
77,B6-bf-Snap-299.czi,2451.127,0,65535,Tentacle Area,0,Tentacle,VWA-25,,n/a,B6-VWA-25,VWA-25,VWA,25,sym,W7-8
78,B6-fl-Snap-298.czi,1635.742,1519,65535,Symbiont Area,66.734,Tentacle,VWA-25,,66.73428182,B6-VWA-25,VWA-25,VWA,25,sym,W7-8
79,B6-bf-Snap-299.czi,3088.342,0,65535,Tentacle Area,0,Tentacle,VWA-25,,n/a,B6-VWA-25,VWA-25,VWA,25,sym,W7-8
80,B6-fl-Snap-298.czi,2415.017,1734,65535,Symbiont Area,78.198,Tentacle,VWA-25,,78.19784855,B6-VWA-25,VWA-25,VWA,25,sym,W7-8
81,B6-bf-Snap-299.czi,1605.471,0,65535,Tentacle Area,0,Tentacle,VWA-25,,n/a,B6-VWA-25,VWA-25,VWA,25,sym,W7-8
82,B6-fl-Snap-298.czi,1217.995,1473,65535,Symbiont Area,75.865,Tentacle,VWA-25,,75.86527567,B6-VWA-25,VWA-25,VWA,25,sym,W7-8
83,B7-bf-Snap-301.czi,1303.837,0,65535,Tentacle Area,0,Tentacle,VWA-25,,n/a,B7-VWA-25,VWA-25,VWA,25,sym,W7-8
84,B7-fl-Snap-300.czi,762.193,1112,65535,Symbiont Area,58.458,Tentacle,VWA-25,,58.45769065,B7-VWA-25,VWA-25,VWA,25,sym,W7-8
85,B7-bf-Snap-301.czi,3873.455,0,65535,Tentacle Area,0,Tentacle,VWA-25,,n/a,B7-VWA-25,VWA-25,VWA,25,sym,W7-8
86,B7-fl-Snap-300.czi,2048.732,1143,65535,Symbiont Area,52.892,Tentacle,VWA-25,,52.89159162,B7-VWA-25,VWA-25,VWA,25,sym,W7-8
87,B7-bf-Snap-301.czi,1217.347,0,65535,Tentacle Area,0,Tentacle,VWA-25,,n/a,B7-VWA-25,VWA-25,VWA,25,sym,W7-8
88,B7-fl-Snap-300.czi,739.489,1297,65535,Symbiont Area,60.746,Tentacle,VWA-25,,60.74595,B7-VWA-25,VWA-25,VWA,25,sym,W7-8
89,B7-bf-Snap-301.czi,2633.62,0,65535,Tentacle Area,0,Tentacle,VWA-25,,n/a,B7-VWA-25,VWA-25,VWA,25,sym,W7-8
90,B7-fl-Snap-300.czi,1456.492,710,65535,Symbiont Area,55.304,Tentacle,VWA-25,,55.30380237,B7-VWA-25,VWA-25,VWA,25,sym,W7-8
91,B8-bf-Snap-303.czi,1619.741,0,65535,Tentacle Area,55.304,Tentacle,VWA-25,,n/a,B8-VWA-25,VWA-25,VWA,25,sym,W7-8
92,B8-fl-Snap-302.czi,742.517,996,65535,Symbiont Area,45.842,Tentacle,VWA-25,,45.84171173,B8-VWA-25,VWA-25,VWA,25,sym,W7-8
93,B8-bf-Snap-303.czi,3158.399,0,65535,Tentacle Area,0,Tentacle,VWA-25,,n/a,B8-VWA-25,VWA-25,VWA,25,sym,W7-8
94,B8-fl-Snap-302.czi,2158.574,1590,65535,Symbiont Area,68.344,Tentacle,VWA-25,,68.34392995,B8-VWA-25,VWA-25,VWA,25,sym,W7-8
95,B8-bf-Snap-303.czi,1137.56,0,65535,Tentacle Area,0,Tentacle,VWA-25,,n/a,B8-VWA-25,VWA-25,VWA,25,sym,W7-8
96,B8-fl-Snap-302.czi,608.025,1352,65535,Symbiont Area,53.45,Tentacle,VWA-25,,53.44992792,B8-VWA-25,VWA-25,VWA,25,sym,W7-8
97,B8-bf-Snap-303.czi,965.228,0,65535,Tentacle Area,0,Tentacle,VWA-25,,n/a,B8-VWA-25,VWA-25,VWA,25,sym,W7-8
98,B8-fl-Snap-302.czi,424.666,949,65535,Symbiont Area,43.996,Tentacle,VWA-25,,43.99644436,B8-VWA-25,VWA-25,VWA,25,sym,W7-8
99,B8-bf-Snap-303.czi,2025.596,0,65535,Tentacle Area,0,Tentacle,VWA-25,,n/a,B8-VWA-25,VWA-25,VWA,25,sym,W7-8
100,B8-fl-Snap-302.czi,968.039,1329,65535,Symbiont Area,47.79,Tentacle,VWA-25,,47.79032936,B8-VWA-25,VWA-25,VWA,25,sym,W7-8
101,C1-bf-Snap-305.czi,1895.212,0,65535,Tentacle Area,47.79,Tentacle,VWA-25,,n/a,C1-VWA-25,VWA-25,VWA,25,sym,W7-8
102,C1-fl-Snap-304.czi,959.39,1459,65535,Symbiont Area,50.622,Tentacle,VWA-25,,50.62177741,C1-VWA-25,VWA-25,VWA,25,sym,W7-8
103,C1-bf-Snap-305.czi,1845.264,0,65535,Tentacle Area,0,Tentacle,VWA-25,,n/a,C1-VWA-25,VWA-25,VWA,25,sym,W7-8
104,C1-fl-Snap-304.czi,891.712,1267,65535,Symbiont Area,48.324,Tentacle,VWA-25,,48.32435901,C1-VWA-25,VWA-25,VWA,25,sym,W7-8
105,C1-bf-Snap-305.czi,1650.445,0,65535,Tentacle Area,0,Tentacle,VWA-25,,n/a,C1-VWA-25,VWA-25,VWA,25,sym,W7-8
106,C1-fl-Snap-304.czi,915.713,1432,65535,Symbiont Area,55.483,Tentacle,VWA-25,,55.48279403,C1-VWA-25,VWA-25,VWA,25,sym,W7-8
107,C1-bf-Snap-305.czi,1768.72,0,65535,Tentacle Area,0,Tentacle,VWA-25,,n/a,C1-VWA-25,VWA-25,VWA,25,sym,W7-8
108,C1-fl-Snap-304.czi,992.905,854,65535,Symbiont Area,56.137,Tentacle,VWA-25,,56.13692388,C1-VWA-25,VWA-25,VWA,25,sym,W7-8
109,C1-bf-Snap-305.czi,8271.687,0,65535,Tentacle Area,0,Body column,VWA-25,,n/a,C1-VWA-25,VWA-25,VWA,25,sym,W7-8
110,C1-fl-Snap-304.czi,4105.032,895,65535,Symbiont Area,49.627,Body column,VWA-25,,49.62750646,C1-VWA-25,VWA-25,VWA,25,sym,W7-8
111,C2-bf-Snap-307.czi,948.147,0,65535,Tentacle Area,0,Tentacle,VWA-25,,n/a,C2-VWA-25,VWA-25,VWA,25,sym,W7-8
112,C2-fl-Snap-306.czi,535.157,1499,65535,Symbiont Area,56.442,Tentacle,VWA-25,,56.44240819,C2-VWA-25,VWA-25,VWA,25,sym,W7-8
113,C2-bf-Snap-307.czi,1936.727,0,65535,Tentacle Area,0,Tentacle,VWA-25,,n/a,C2-VWA-25,VWA-25,VWA,25,sym,W7-8
114,C2-fl-Snap-306.czi,968.688,1338,65535,Symbiont Area,50.017,Tentacle,VWA-25,,50.01675507,C2-VWA-25,VWA-25,VWA,25,sym,W7-8
115,C2-bf-Snap-307.czi,2689.407,0,65535,Tentacle Area,0,Tentacle,VWA-25,,n/a,C2-VWA-25,VWA-25,VWA,25,sym,W7-8
116,C2-fl-Snap-306.czi,1135.614,985,65535,Symbiont Area,42.225,Tentacle,VWA-25,,42.22544226,C2-VWA-25,VWA-25,VWA,25,sym,W7-8
117,C2-bf-Snap-307.czi,1767.856,0,65535,Tentacle Area,0,Tentacle,VWA-25,,n/a,C2-VWA-25,VWA-25,VWA,25,sym,W7-8
118,C2-fl-Snap-306.czi,1082.639,1308,65535,Symbiont Area,61.24,Tentacle,VWA-25,,61.24022545,C2-VWA-25,VWA-25,VWA,25,sym,W7-8
119,C2-bf-Snap-307.czi,5796.127,0,65535,Tentacle Area,0,Tentacle,VWA-25,,n/a,C2-VWA-25,VWA-25,VWA,25,sym,W7-8
120,C2-fl-Snap-306.czi,2213.712,852,65535,Symbiont Area,38.193,Tentacle,VWA-25,,38.19295195,C2-VWA-25,VWA-25,VWA,25,sym,W7-8
121,C2-bf-Snap-307.czi,1580.605,0,65535,Tentacle Area,0,Tentacle,VWA-25,,n/a,C2-VWA-25,VWA-25,VWA,25,sym,W7-8
122,C2-fl-Snap-306.czi,1042.853,1220,65535,Symbiont Area,65.978,Tentacle,VWA-25,,65.97809067,C2-VWA-25,VWA-25,VWA,25,sym,W7-8
123,C3-bf-Snap-309.czi,1799.857,0,65535,Tentacle Area,0,Tentacle,VWA-25,"Very blurry image, very few tentacles visibly clear ",n/a,C3-VWA-25,VWA-25,VWA,25,sym,W7-8
124,C3-fl-Snap-308.czi,854.305,1175,65535,Symbiont Area,47.465,Tentacle,VWA-25,,47.46515973,C3-VWA-25,VWA-25,VWA,25,sym,W7-8
125,C3-bf-Snap-309.czi,457.316,0,65535,Tentacle Area,0,Tentacle,VWA-25,,n/a,C3-VWA-25,VWA-25,VWA,25,sym,W7-8
126,C3-fl-Snap-308.czi,209.306,1031,65535,Symbiont Area,45.768,Tentacle,VWA-25,,45.76835274,C3-VWA-25,VWA-25,VWA,25,sym,W7-8
127,C4-bf-Snap-311.czi,793.113,0,65535,Tentacle Area,0,Tentacle,VWA-25,,n/a,C4-VWA-25,VWA-25,VWA,25,sym,W7-8
128,C4-fl-Snap-310.czi,403.476,1695,65535,Symbiont Area,50.872,Tentacle,VWA-25,,50.87244819,C4-VWA-25,VWA-25,VWA,25,sym,W7-8
129,C4-bf-Snap-311.czi,1118.964,0,65535,Tentacle Area,0,Tentacle,VWA-25,,n/a,C4-VWA-25,VWA-25,VWA,25,sym,W7-8
130,C4-fl-Snap-310.czi,620.998,877,65535,Symbiont Area,55.498,Tentacle,VWA-25,,55.49758527,C4-VWA-25,VWA-25,VWA,25,sym,W7-8
131,C4-bf-Snap-311.czi,487.587,0,65535,Tentacle Area,0,Tentacle,VWA-25,,n/a,C4-VWA-25,VWA-25,VWA,25,sym,W7-8
132,C4-fl-Snap-310.czi,116.329,1228,65535,Symbiont Area,23.858,Tentacle,VWA-25,,23.85810122,C4-VWA-25,VWA-25,VWA,25,sym,W7-8
133,C4-bf-Snap-311.czi,906.848,0,65535,Tentacle Area,0,Tentacle,VWA-25,,n/a,C4-VWA-25,VWA-25,VWA,25,sym,W7-8
134,C4-fl-Snap-310.czi,435.045,1096,65535,Symbiont Area,47.973,Tentacle,VWA-25,,47.97330975,C4-VWA-25,VWA-25,VWA,25,sym,W7-8
135,C5-bf-Snap-313.czi,1702.988,0,65535,Tentacle Area,0,Tentacle,VWA-25,,n/a,C5-VWA-25,VWA-25,VWA,25,sym,W7-8
136,C5-fl-Snap-312.czi,782.951,1287,65535,Symbiont Area,45.975,Tentacle,VWA-25,,45.97513312,C5-VWA-25,VWA-25,VWA,25,sym,W7-8
137,C5-bf-Snap-313.czi,499.48,0,65535,Tentacle Area,0,Tentacle,VWA-25,,n/a,C5-VWA-25,VWA-25,VWA,25,sym,W7-8
138,C5-fl-Snap-312.czi,199.792,1099,65535,Symbiont Area,40,Tentacle,VWA-25,,40,C5-VWA-25,VWA-25,VWA,25,sym,W7-8
139,C5-bf-Snap-313.czi,2048.948,0,65535,Tentacle Area,0,Tentacle,VWA-25,,n/a,C5-VWA-25,VWA-25,VWA,25,sym,W7-8
140,C5-fl-Snap-312.czi,758.95,1287,65535,Symbiont Area,37.041,Tentacle,VWA-25,,37.04095956,C5-VWA-25,VWA-25,VWA,25,sym,W7-8
141,C5-bf-Snap-313.czi,1604.389,0,65535,Tentacle Area,37.041,Tentacle,VWA-25,,n/a,C5-VWA-25,VWA-25,VWA,25,sym,W7-8
142,C5-fl-Snap-312.czi,740.354,1334,65535,Symbiont Area,46.146,Tentacle,VWA-25,,46.14554201,C5-VWA-25,VWA-25,VWA,25,sym,W7-8
143,C5-bf-Snap-313.czi,374.718,0,65535,Tentacle Area,0,Tentacle,VWA-25,,n/a,C5-VWA-25,VWA-25,VWA,25,sym,W7-8
144,C5-fl-Snap-312.czi,222.496,1428,65535,Symbiont Area,59.377,Tentacle,VWA-25,,59.37691811,C5-VWA-25,VWA-25,VWA,25,sym,W7-8
145,C7-bf-Snap-315.czi,1176.48,0,65535,Tentacle Area,0,Tentacle,VWA-25,"Very blurry image, only a few tentacles clearly visible",n/a,C7-VWA-25,VWA-25,VWA,25,sym,W7-8
146,C7-fl-Snap-314.czi,498.831,943,65535,Symbiont Area,42.4,Tentacle,VWA-25,,42.4002958,C7-VWA-25,VWA-25,VWA,25,sym,W7-8
147,C7-bf-Snap-315.czi,1223.833,0,65535,Tentacle Area,0,Tentacle,VWA-25,,n/a,C7-VWA-25,VWA-25,VWA,25,sym,W7-8
148,C7-fl-Snap-314.czi,513.967,751,65535,Symbiont Area,41.996,Tentacle,VWA-25,,41.99649789,C7-VWA-25,VWA-25,VWA,25,sym,W7-8
149,C8-bf-Snap-317.czi,1101.883,0,65535,Tentacle Area,0,Tentacle,VWA-25,,n/a,C8-VWA-25,VWA-25,VWA,25,sym,W7-8
150,C8-fl-Snap-316.czi,706.191,1229,65535,Symbiont Area,64.089,Tentacle,VWA-25,,64.08947229,C8-VWA-25,VWA-25,VWA,25,sym,W7-8
151,C8-bf-Snap-317.czi,1188.589,0,65535,Tentacle Area,0,Tentacle,VWA-25,,n/a,C8-VWA-25,VWA-25,VWA,25,sym,W7-8
152,C8-fl-Snap-316.czi,851.062,1484,65535,Symbiont Area,71.603,Tentacle,VWA-25,,71.60271549,C8-VWA-25,VWA-25,VWA,25,sym,W7-8
153,C8-fl-Snap-316.czi,226728.346,0,65535,Tentacle Area,0,Tentacle,VWA-25,,REMOVED,C8-VWA-25,VWA-25,VWA,25,sym,W7-8
154,C8-fl-Snap-316.czi,264.227,1484,65535,Symbiont Area,0.117,Tentacle,VWA-25,,REMOVED,C8-VWA-25,VWA-25,VWA,25,sym,W7-8
155,C8-bf-Snap-317.czi,6804.168,0,65535,Tentacle Area,0,Body column,VWA-25,,n/a,C8-VWA-25,VWA-25,VWA,25,sym,W7-8
156,C8-fl-Snap-316.czi,3159.263,706,65535,Symbiont Area,46.431,Body column,VWA-25,,46.43129035,C8-VWA-25,VWA-25,VWA,25,sym,W7-8
67,D1-bf-Snap-319.czi,2103.437,0,65535,Tentacle Area,0,Tentacle,VWA-25,,n/a,D1-VWA-25,VWA-25,VWA,25,sym,W7-8
68,D1-fl-Snap-318.czi,1064.692,1209,65535,Symbiont Area,50.617,Tentacle,VWA-25,,50.61677626,D1-VWA-25,VWA-25,VWA,25,sym,W7-8
69,D1-bf-Snap-319.czi,4279.525,0,65535,Tentacle Area,0,Tentacle,VWA-25,,n/a,D1-VWA-25,VWA-25,VWA,25,sym,W7-8
70,D1-fl-Snap-318.czi,2735.246,1195,65535,Symbiont Area,63.915,Tentacle,VWA-25,,63.91471016,D1-VWA-25,VWA-25,VWA,25,sym,W7-8
71,D1-bf-Snap-319.czi,2085.923,0,65535,Tentacle Area,0,Tentacle,VWA-25,,n/a,D1-VWA-25,VWA-25,VWA,25,sym,W7-8
72,D1-fl-Snap-318.czi,988.148,962,65535,Symbiont Area,47.372,Tentacle,VWA-25,,47.37221844,D1-VWA-25,VWA-25,VWA,25,sym,W7-8
73,D1-bf-Snap-319.czi,14964.067,0,65535,Tentacle Area,0,Body column,VWA-25,,n/a,D1-VWA-25,VWA-25,VWA,25,sym,W7-8
74,D1-fl-Snap-318.czi,6025.326,769,65535,Symbiont Area,40.265,Body column,VWA-25,,40.26529686,D1-VWA-25,VWA-25,VWA,25,sym,W7-8
75,D2-bf-Snap-321.czi,893.009,0,65535,Tentacle Area,0,Tentacle,VWA-25,,n/a,D2-VWA-25,VWA-25,VWA,25,sym,W7-8
76,D2-fl-Snap-320.czi,631.161,848,65535,Symbiont Area,70.678,Tentacle,VWA-25,,70.67801108,D2-VWA-25,VWA-25,VWA,25,sym,W7-8
77,D2-bf-Snap-321.czi,1305.783,0,65535,Tentacle Area,0,Tentacle,VWA-25,,n/a,D2-VWA-25,VWA-25,VWA,25,sym,W7-8
78,D2-fl-Snap-320.czi,958.958,1325,65535,Symbiont Area,73.439,Tentacle,VWA-25,,73.43930806,D2-VWA-25,VWA-25,VWA,25,sym,W7-8
79,D2-bf-Snap-321.czi,1063.178,0,65535,Tentacle Area,0,Tentacle,VWA-25,,n/a,D2-VWA-25,VWA-25,VWA,25,sym,W7-8
80,D2-fl-Snap-320.czi,628.782,1849,65535,Symbiont Area,59.142,Tentacle,VWA-25,,59.14174296,D2-VWA-25,VWA-25,VWA,25,sym,W7-8
81,D2-bf-Snap-321.czi,1199.4,0,65535,Tentacle Area,0,Tentacle,VWA-25,,n/a,D2-VWA-25,VWA-25,VWA,25,sym,W7-8
82,D2-fl-Snap-320.czi,923.929,1495,65535,Symbiont Area,77.033,Tentacle,VWA-25,,77.03259963,D2-VWA-25,VWA-25,VWA,25,sym,W7-8
157,D3-bf-Snap-323.czi,1126.965,0,65535,Tentacle Area,0,Tentacle,VWA-25,,n/a,D3-VWA-25,VWA-25,VWA,25,sym,W7-8
158,D3-fl-Snap-322.czi,724.57,1680,65535,Symbiont Area,64.294,Tentacle,VWA-25,,64.29392217,D3-VWA-25,VWA-25,VWA,25,sym,W7-8
159,D3-bf-Snap-323.czi,5417.085,0,65535,Tentacle Area,0,Tentacle,VWA-25,,n/a,D3-VWA-25,VWA-25,VWA,25,sym,W7-8
160,D3-fl-Snap-322.czi,3067.584,898,65535,Symbiont Area,56.628,Tentacle,VWA-25,,56.62794658,D3-VWA-25,VWA-25,VWA,25,sym,W7-8
161,D3-bf-Snap-323.czi,1422.977,0,65535,Tentacle Area,0,Tentacle,VWA-25,,n/a,D3-VWA-25,VWA-25,VWA,25,sym,W7-8
162,D3-fl-Snap-322.czi,757.22,1057,65535,Symbiont Area,53.214,Tentacle,VWA-25,,53.21379053,D3-VWA-25,VWA-25,VWA,25,sym,W7-8
163,D4-bf-Snap-327.czi,1728.286,0,65535,Tentacle Area,0,Tentacle,VWA-25,,n/a,D4-VWA-25,VWA-25,VWA,25,sym,W7-8
164,D4-fl-Snap-326.czi,850.845,1299,65535,Symbiont Area,49.231,Tentacle,VWA-25,,49.23056716,D4-VWA-25,VWA-25,VWA,25,sym,W7-8
165,D4-bf-Snap-327.czi,4677.595,0,65535,Tentacle Area,0,Tentacle,VWA-25,,n/a,D4-VWA-25,VWA-25,VWA,25,sym,W7-8
166,D4-fl-Snap-326.czi,2542.806,586,65535,Symbiont Area,54.361,Tentacle,VWA-25,,54.36139726,D4-VWA-25,VWA-25,VWA,25,sym,W7-8
167,D4-bf-Snap-327.czi,2657.838,0,65535,Tentacle Area,0,Tentacle,VWA-25,,n/a,D4-VWA-25,VWA-25,VWA,25,sym,W7-8
168,D4-fl-Snap-326.czi,1112.045,862,65535,Symbiont Area,41.84,Tentacle,VWA-25,,41.84020998,D4-VWA-25,VWA-25,VWA,25,sym,W7-8
169,D4-bf-Snap-327.czi,8933.336,0,65535,Tentacle Area,0,Body column,VWA-25,,n/a,D4-VWA-25,VWA-25,VWA,25,sym,W7-8
170,D4-fl-Snap-326.czi,2435.775,405,65535,Symbiont Area,27.266,Body column,VWA-25,,27.26612992,D4-VWA-25,VWA-25,VWA,25,sym,W7-8
171,D5-bf-Snap-329.czi,1073.125,0,65535,Tentacle Area,0,Tentacle,VWA-25,,n/a,D5-VWA-25,VWA-25,VWA,25,sym,W7-8
172,D5-fl-Snap-328.czi,690.839,1325,65535,Symbiont Area,64.376,Tentacle,VWA-25,,64.3763774,D5-VWA-25,VWA-25,VWA,25,sym,W7-8
173,D5-bf-Snap-329.czi,484.128,0,65535,Tentacle Area,0,Tentacle,VWA-25,,n/a,D5-VWA-25,VWA-25,VWA,25,sym,W7-8
174,D5-fl-Snap-328.czi,283.255,1123,65535,Symbiont Area,58.508,Tentacle,VWA-25,,58.50828706,D5-VWA-25,VWA-25,VWA,25,sym,W7-8
175,D5-bf-Snap-329.czi,561.536,0,65535,Tentacle Area,0,Tentacle,VWA-25,,n/a,D5-VWA-25,VWA-25,VWA,25,sym,W7-8
176,D5-fl-Snap-328.czi,304.877,2152,65535,Symbiont Area,54.293,Tentacle,VWA-25,,54.29340238,D5-VWA-25,VWA-25,VWA,25,sym,W7-8
177,D5-bf-Snap-329.czi,755.274,0,65535,Tentacle Area,0,Tentacle,VWA-25,,n/a,D5-VWA-25,VWA-25,VWA,25,sym,W7-8
178,D5-fl-Snap-328.czi,596.781,1918,65535,Symbiont Area,79.015,Tentacle,VWA-25,,79.01516536,D5-VWA-25,VWA-25,VWA,25,sym,W7-8
179,D5-fl-Snap-328.czi,226728.346,0,65535,Tentacle Area,0,Tentacle,VWA-25,,REMOVED,D5-VWA-25,VWA-25,VWA,25,sym,W7-8
180,D5-fl-Snap-328.czi,669,1965,65535,Symbiont Area,0.295,Tentacle,VWA-25,,REMOVED,D5-VWA-25,VWA-25,VWA,25,sym,W7-8
181,D6-bf-Snap-331.czi,1197.022,0,65535,Tentacle Area,0,Tentacle,VWA-25,,n/a,D6-VWA-25,VWA-25,VWA,25,sym,W7-8
182,D6-fl-Snap-330.czi,771.058,1223,65535,Symbiont Area,64.415,Tentacle,VWA-25,,64.41468912,D6-VWA-25,VWA-25,VWA,25,sym,W7-8
183,D6-bf-Snap-331.czi,2984.77,0,65535,Tentacle Area,0,Tentacle,VWA-25,,n/a,D6-VWA-25,VWA-25,VWA,25,sym,W7-8
184,D6-fl-Snap-330.czi,2095.22,1238,65535,Symbiont Area,70.197,Tentacle,VWA-25,,70.19703361,D6-VWA-25,VWA-25,VWA,25,sym,W7-8
185,D6-bf-Snap-331.czi,2551.455,0,65535,Tentacle Area,0,Tentacle,VWA-25,,n/a,D6-VWA-25,VWA-25,VWA,25,sym,W7-8
186,D6-fl-Snap-330.czi,1525.035,999,65535,Symbiont Area,59.771,Tentacle,VWA-25,,59.77118938,D6-VWA-25,VWA-25,VWA,25,sym,W7-8
187,D6-bf-Snap-331.czi,314.607,0,65535,Tentacle Area,0,Tentacle,VWA-25,,n/a,D6-VWA-25,VWA-25,VWA,25,sym,W7-8
188,D6-fl-Snap-330.czi,157.412,1074,65535,Symbiont Area,50.034,Tentacle,VWA-25,,50.03448747,D6-VWA-25,VWA-25,VWA,25,sym,W7-8
189,D6-bf-Snap-331.czi,21129.507,0,65535,Tentacle Area,0,Tentacle,VWA-25,,n/a,D6-VWA-25,VWA-25,VWA,25,sym,W7-8
190,D6-fl-Snap-330.czi,7040.718,626,65535,Symbiont Area,33.322,Tentacle,VWA-25,,33.32173344,D6-VWA-25,VWA-25,VWA,25,sym,W7-8
191,D7-bf-Snap-333.czi,1201.346,0,65535,Tentacle Area,0,Tentacle,VWA-25,,n/a,D7-VWA-25,VWA-25,VWA,25,sym,W7-8
192,D7-fl-Snap-332.czi,870.738,1583,65535,Symbiont Area,72.48,Tentacle,VWA-25,,72.48020137,D7-VWA-25,VWA-25,VWA,25,sym,W7-8
193,D7-bf-Snap-333.czi,2656.757,0,65535,Tentacle Area,0,Tentacle,VWA-25,,n/a,D7-VWA-25,VWA-25,VWA,25,sym,W7-8
194,D7-fl-Snap-332.czi,1686.555,1261,65535,Symbiont Area,63.482,Tentacle,VWA-25,,63.4817185,D7-VWA-25,VWA-25,VWA,25,sym,W7-8
195,D7-bf-Snap-333.czi,4366.88,0,65535,Tentacle Area,0,Tentacle,VWA-25,,n/a,D7-VWA-25,VWA-25,VWA,25,sym,W7-8
196,D7-fl-Snap-332.czi,2539.346,1091,65535,Symbiont Area,58.15,Tentacle,VWA-25,,58.15012091,D7-VWA-25,VWA-25,VWA,25,sym,W7-8
197,D7-bf-Snap-333.czi,3111.262,0,65535,Tentacle Area,0,Tentacle,VWA-25,,n/a,D7-VWA-25,VWA-25,VWA,25,sym,W7-8
198,D7-fl-Snap-332.czi,1957.485,815,65535,Symbiont Area,62.916,Tentacle,VWA-25,,62.91610928,D7-VWA-25,VWA-25,VWA,25,sym,W7-8
199,D7-bf-Snap-333.czi,20301.581,0,65535,Tentacle Area,0,Body column,VWA-25,,n/a,D7-VWA-25,VWA-25,VWA,25,sym,W7-8
200,D7-fl-Snap-332.czi,6761.788,646,65535,Symbiont Area,33.307,Body column,VWA-25,,33.30670651,D7-VWA-25,VWA-25,VWA,25,sym,W7-8
201,D8-bf-Snap-335.czi,943.606,0,65535,Tentacle Area,0,Tentacle,VWA-25,,n/a,D8-VWA-25,VWA-25,VWA,25,sym,W7-8
202,D8-fl-Snap-334.czi,459.694,934,65535,Symbiont Area,48.717,Tentacle,VWA-25,,48.71673135,D8-VWA-25,VWA-25,VWA,25,sym,W7-8
203,D8-bf-Snap-335.czi,2709.299,0,65535,Tentacle Area,0,Tentacle,VWA-25,,n/a,D8-VWA-25,VWA-25,VWA,25,sym,W7-8
204,D8-fl-Snap-334.czi,1839.21,1277,65535,Symbiont Area,67.885,Tentacle,VWA-25,,67.88508762,D8-VWA-25,VWA-25,VWA,25,sym,W7-8
205,D8-bf-Snap-335.czi,2315.337,0,65535,0,0,0,VWA-25,,REMOVED,D8-VWA-25,VWA-25,VWA,25,sym,W7-8
206,D8-bf-Snap-335.czi,3195.373,0,65535,Tentacle Area,0,Body column,VWA-25,,n/a,D8-VWA-25,VWA-25,VWA,25,sym,W7-8
207,D8-fl-Snap-334.czi,1420.598,671,65535,Symbiont Area,44.458,Body column,VWA-25,,44.45797095,D8-VWA-25,VWA-25,VWA,25,sym,W7-8
83,E1-bf-Snap-337.czi,809.33,0,65535,Tentacle Area,0,Tentacle,VWA-25,,n/a,E1-VWA-25,VWA-25,VWA,25,sym,W7-8
84,E1-fl-Snap-336.czi,494.723,1760,65535,Symbiont Area,61.127,Tentacle,VWA-25,,61.12747581,E1-VWA-25,VWA-25,VWA,25,sym,W7-8
85,E1-bf-Snap-337.czi,944.255,0,65535,Tentacle Area,0,Tentacle,VWA-25,,n/a,E1-VWA-25,VWA-25,VWA,25,sym,W7-8
86,E1-fl-Snap-336.czi,426.396,1056,65535,Symbiont Area,45.157,Tentacle,VWA-25,,45.1568697,E1-VWA-25,VWA-25,VWA,25,sym,W7-8
87,E1-bf-Snap-337.czi,1000.473,0,65535,Tentacle Area,0,Tentacle,VWA-25,,n/a,E1-VWA-25,VWA-25,VWA,25,sym,W7-8
88,E1-fl-Snap-336.czi,560.888,1305,65535,Symbiont Area,56.062,Tentacle,VWA-25,,56.06228254,E1-VWA-25,VWA-25,VWA,25,sym,W7-8
89,E2-bf-Snap-339.czi,824.682,0,65535,Tentacle Area,0,Tentacle,VWA-25,,n/a,E2-VWA-25,VWA-25,VWA,25,sym,W7-8
90,E2-fl-Snap-338.czi,345.744,1157,65535,Symbiont Area,41.924,Tentacle,VWA-25,,41.92452363,E2-VWA-25,VWA-25,VWA,25,sym,W7-8
91,E2-bf-Snap-339.czi,1964.188,0,65535,Tentacle Area,0,Tentacle,VWA-25,,n/a,E2-VWA-25,VWA-25,VWA,25,sym,W7-8
92,E2-fl-Snap-338.czi,633.107,1480,65535,Symbiont Area,32.232,Tentacle,VWA-25,,32.23250524,E2-VWA-25,VWA-25,VWA,25,sym,W7-8
93,E2-bf-Snap-339.czi,2713.191,0,65535,Tentacle Area,0,Tentacle,VWA-25,,n/a,E2-VWA-25,VWA-25,VWA,25,sym,W7-8
94,E2-fl-Snap-338.czi,1571.523,1170,65535,Symbiont Area,57.922,Tentacle,VWA-25,,57.92157648,E2-VWA-25,VWA-25,VWA,25,sym,W7-8
95,E2-bf-Snap-339.czi,1644.391,0,65535,Tentacle Area,0,Tentacle,VWA-25,,n/a,E2-VWA-25,VWA-25,VWA,25,sym,W7-8
96,E2-fl-Snap-338.czi,984.04,995,65535,Symbiont Area,59.842,Tentacle,VWA-25,,59.84221514,E2-VWA-25,VWA-25,VWA,25,sym,W7-8
97,E2-bf-Snap-339.czi,26186.794,0,65535,Tentacle Area,0,Body column,VWA-25,,n/a,E2-VWA-25,VWA-25,VWA,25,sym,W7-8
98,E2-fl-Snap-338.czi,9669.366,780,65535,Symbiont Area,36.925,Body column,VWA-25,,36.92458878,E2-VWA-25,VWA-25,VWA,25,sym,W7-8
210,E3-bf-Snap-341.czi,226728.346,0,65535,0,0,0,VWA-25,,REMOVED,E3-VWA-25,VWA-25,VWA,25,sym,W7-8
211,E3-bf-Snap-341.czi,5180.751,0,65535,Tentacle Area,0,Tentacle,VWA-25,,n/a,E3-VWA-25,VWA-25,VWA,25,sym,W7-8
212,E3-fl-Snap-340.czi,2938.714,983,65535,Symbiont Area,56.724,Tentacle,VWA-25,,56.72370666,E3-VWA-25,VWA-25,VWA,25,sym,W7-8
213,E3-bf-Snap-341.czi,9096.586,0,65535,Tentacle Area,0,Body column,VWA-25,,n/a,E3-VWA-25,VWA-25,VWA,25,sym,W7-8
214,E3-fl-Snap-340.czi,3272.782,550,65535,Symbiont Area,35.978,Body column,VWA-25,,35.97813509,E3-VWA-25,VWA-25,VWA,25,sym,W7-8
215,E3-bf-Snap-341.czi,254.713,0,65535,Tentacle Area,0,Tentacle,VWA-25,,n/a,E3-VWA-25,VWA-25,VWA,25,sym,W7-8
216,E3-fl-Snap-340.czi,80.436,1135,65535,Symbiont Area,31.579,Tentacle,VWA-25,,31.57907135,E3-VWA-25,VWA-25,VWA,25,sym,W7-8
217,E4-bf-Snap-343.czi,396.773,0,65535,Tentacle Area,0,Tentacle,VWA-25,,n/a,E4-VWA-25,VWA-25,VWA,25,sym,W7-8
218,E4-fl-Snap-342.czi,267.903,1354,65535,Symbiont Area,67.52,Tentacle,VWA-25,,67.5204714,E4-VWA-25,VWA-25,VWA,25,sym,W7-8
219,E4-bf-Snap-343.czi,487.804,0,65535,Tentacle Area,0,Tentacle,VWA-25,,n/a,E4-VWA-25,VWA-25,VWA,25,sym,W7-8
220,E4-fl-Snap-342.czi,361.744,1431,65535,Symbiont Area,74.158,Tentacle,VWA-25,,74.15765348,E4-VWA-25,VWA-25,VWA,25,sym,W7-8
221,E4-bf-Snap-343.czi,2311.878,0,65535,Tentacle Area,0,Tentacle,VWA-25,,n/a,E4-VWA-25,VWA-25,VWA,25,sym,W7-8
222,E4-fl-Snap-342.czi,1289.566,1739,65535,Symbiont Area,55.78,Tentacle,VWA-25,,55.78001953,E4-VWA-25,VWA-25,VWA,25,sym,W7-8
223,E4-bf-Snap-343.czi,4197.36,0,65535,Tentacle Area,0,Tentacle,VWA-25,,n/a,E4-VWA-25,VWA-25,VWA,25,sym,W7-8
224,E4-fl-Snap-342.czi,2111.437,1739,65535,Symbiont Area,50.304,Tentacle,VWA-25,,50.30392914,E4-VWA-25,VWA-25,VWA,25,sym,W7-8
225,E4-bf-Snap-343.czi,1731.314,0,65535,Tentacle Area,0,Tentacle,VWA-25,,n/a,E4-VWA-25,VWA-25,VWA,25,sym,W7-8
226,E4-fl-Snap-342.czi,1012.798,1893,65535,Symbiont Area,58.499,Tentacle,VWA-25,,58.49880495,E4-VWA-25,VWA-25,VWA,25,sym,W7-8
227,E4-bf-Snap-343.czi,8410.071,0,65535,Tentacle Area,0,Body column,VWA-25,,n/a,E4-VWA-25,VWA-25,VWA,25,sym,W7-8
228,E4-fl-Snap-342.czi,3216.347,954,65535,Symbiont Area,38.244,Body column,VWA-25,,38.24399342,E4-VWA-25,VWA-25,VWA,25,sym,W7-8
239,E5-bf-Snap-345.czi,26559.133,0,65535,Tentacle Area,0,Body column,VWA-25,"No tentacles visible, only body column ",n/a,E5-VWA-25,VWA-25,VWA,25,sym,W7-8
240,E5-fl-Snap-344.czi,8629.756,519,65535,Symbiont Area,32.493,Body column,VWA-25,,32.49261186,E5-VWA-25,VWA-25,VWA,25,sym,W7-8
241,E6-bf-Snap-347.czi,2366.15,0,65535,Tentacle Area,0,Tentacle,VWA-25,,n/a,E6-VWA-25,VWA-25,VWA,25,sym,W7-8
242,E6-fl-Snap-346.czi,1302.972,1152,65535,Symbiont Area,55.067,Tentacle,VWA-25,,55.06717664,E6-VWA-25,VWA-25,VWA,25,sym,W7-8
243,E6-bf-Snap-347.czi,4691.65,0,65535,Tentacle Area,0,Tentacle,VWA-25,,n/a,E6-VWA-25,VWA-25,VWA,25,sym,W7-8
244,E6-fl-Snap-346.czi,2948.444,1140,65535,Symbiont Area,62.845,Tentacle,VWA-25,,62.84450034,E6-VWA-25,VWA-25,VWA,25,sym,W7-8
245,E6-bf-Snap-347.czi,1915.97,0,65535,Tentacle Area,0,Tentacle,VWA-25,,n/a,E6-VWA-25,VWA-25,VWA,25,sym,W7-8
246,E6-fl-Snap-346.czi,906.848,999,65535,Symbiont Area,47.331,Tentacle,VWA-25,,47.33101249,E6-VWA-25,VWA-25,VWA,25,sym,W7-8
247,E6-bf-Snap-347.czi,1455.41,0,65535,Tentacle Area,0,Tentacle,VWA-25,,n/a,E6-VWA-25,VWA-25,VWA,25,sym,W7-8
248,E6-fl-Snap-346.czi,685.649,1152,65535,Symbiont Area,47.11,Tentacle,VWA-25,,47.11036753,E6-VWA-25,VWA-25,VWA,25,sym,W7-8
249,E7-bf-Snap-349.czi,2348.636,0,65535,Tentacle Area,0,Tentacle,VWA-25,,n/a,E7-VWA-25,VWA-25,VWA,25,sym,W7-8
250,E7-fl-Snap-348.czi,1720.286,1147,65535,Symbiont Area,73.246,Tentacle,VWA-25,,73.24617352,E7-VWA-25,VWA-25,VWA,25,sym,W7-8
251,E7-bf-Snap-349.czi,831.601,0,65535,Tentacle Area,0,Tentacle,VWA-25,,n/a,E7-VWA-25,VWA-25,VWA,25,sym,W7-8
252,E7-fl-Snap-348.czi,520.67,1074,65535,Symbiont Area,62.611,Tentacle,VWA-25,,62.61055482,E7-VWA-25,VWA-25,VWA,25,sym,W7-8
253,E7-bf-Snap-349.czi,1457.356,0,65535,Tentacle Area,0,Tentacle,VWA-25,,n/a,E7-VWA-25,VWA-25,VWA,25,sym,W7-8
254,E7-fl-Snap-348.czi,1036.799,1412,65535,Symbiont Area,71.142,Tentacle,VWA-25,,71.14246622,E7-VWA-25,VWA-25,VWA,25,sym,W7-8
255,E7-bf-Snap-349.czi,1135.83,0,65535,Tentacle Area,0,Tentacle,VWA-25,,n/a,E7-VWA-25,VWA-25,VWA,25,sym,W7-8
256,E7-fl-Snap-348.czi,731.922,1059,65535,Symbiont Area,64.439,Tentacle,VWA-25,,64.43939674,E7-VWA-25,VWA-25,VWA,25,sym,W7-8
257,E7-bf-Snap-349.czi,1155.074,0,65535,Tentacle Area,0,Tentacle,VWA-25,,n/a,E7-VWA-25,VWA-25,VWA,25,sym,W7-8
258,E7-fl-Snap-348.czi,944.471,1662,65535,Symbiont Area,81.767,Tentacle,VWA-25,,81.76714219,E7-VWA-25,VWA-25,VWA,25,sym,W7-8
229,E8-bf-Snap-351.czi,537.968,0,65535,Tentacle Area,0,Tentacle,VWA-25,,n/a,E8-VWA-25,VWA-25,VWA,25,sym,W7-8
230,E8-fl-Snap-350.czi,303.364,1722,65535,Symbiont Area,56.391,Tentacle,VWA-25,,56.39071469,E8-VWA-25,VWA-25,VWA,25,sym,W7-8
231,E8-bf-Snap-351.czi,777.978,0,65535,Tentacle Area,0,Tentacle,VWA-25,,n/a,E8-VWA-25,VWA-25,VWA,25,sym,W7-8
232,E8-fl-Snap-350.czi,493.642,1299,65535,Symbiont Area,63.452,Tentacle,VWA-25,,63.45192281,E8-VWA-25,VWA-25,VWA,25,sym,W7-8
233,E8-bf-Snap-351.czi,3556.901,0,65535,Tentacle Area,0,Tentacle,VWA-25,,n/a,E8-VWA-25,VWA-25,VWA,25,sym,W7-8
234,E8-fl-Snap-350.czi,2274.687,1690,65535,Symbiont Area,63.951,Tentacle,VWA-25,,63.95137228,E8-VWA-25,VWA-25,VWA,25,sym,W7-8
235,E8-bf-Snap-351.czi,3751.72,0,65535,Tentacle Area,0,Tentacle,VWA-25,,n/a,E8-VWA-25,VWA-25,VWA,25,sym,W7-8
236,E8-fl-Snap-350.czi,2453.505,1158,65535,Symbiont Area,65.397,Tentacle,VWA-25,,65.39680467,E8-VWA-25,VWA-25,VWA,25,sym,W7-8
237,E8-bf-Snap-351.czi,2774.599,0,65535,Tentacle Area,0,Tentacle,VWA-25,,n/a,E8-VWA-25,VWA-25,VWA,25,sym,W7-8
238,E8-fl-Snap-350.czi,1329.784,908,65535,Symbiont Area,47.927,Tentacle,VWA-25,,47.92706982,E8-VWA-25,VWA-25,VWA,25,sym,W7-8
100,F1-fl-Snap-590.czi,2722.705,1562,65535,Symbiont Area,64.288,Tentacle,VWA-25,,n/a,F1-VWA-25,VWA-25,VWA,25,sym,W7-8
101,F1-bf-Snap-591.czi,723.056,0,65535,Tentacle Area,0,Tentacle,VWA-25,,26.5565311,F1-VWA-25,VWA-25,VWA,25,sym,W7-8
102,F1-fl-Snap-590.czi,645.432,1683,65535,Symbiont Area,89.264,Tentacle,VWA-25,,n/a,F1-VWA-25,VWA-25,VWA,25,sym,W7-8
103,F1-bf-Snap-591.czi,8642.729,0,65535,Tentacle Area,0,Body column,VWA-25,,n/a,F1-VWA-25,VWA-25,VWA,25,sym,W7-8
104,F1-fl-Snap-590.czi,3931.619,940,65535,Symbiont Area,45.49,Body column,VWA-25,,45.49048107,F1-VWA-25,VWA-25,VWA,25,sym,W7-8
105,F2-bf-Snap-559.czi,1286.971,0,65535,Tentacle Area,0,Tentacle,VWA-25,,n/a,F2-VWA-25,VWA-25,VWA,25,sym,W7-8
106,F2-fl-Snap-558.czi,699.704,1594,65535,Symbiont Area,54.368,Tentacle,VWA-25,,54.36828025,F2-VWA-25,VWA-25,VWA,25,sym,W7-8
107,F2-bf-Snap-559.czi,5207.779,0,65535,Tentacle Area,0,Tentacle,VWA-25,,n/a,F2-VWA-25,VWA-25,VWA,25,sym,W7-8
108,F2-fl-Snap-558.czi,2832.331,935,65535,Symbiont Area,54.387,Tentacle,VWA-25,,54.38654367,F2-VWA-25,VWA-25,VWA,25,sym,W7-8
109,F2-bf-Snap-559.czi,5921.97,0,65535,Tentacle Area,0,Tentacle,VWA-25,,n/a,F2-VWA-25,VWA-25,VWA,25,sym,W7-8
110,F2-fl-Snap-558.czi,3206.833,996,65535,Symbiont Area,54.151,Tentacle,VWA-25,,54.15145636,F2-VWA-25,VWA-25,VWA,25,sym,W7-8
111,F2-bf-Snap-559.czi,1817.804,0,65535,Tentacle Area,0,Tentacle,VWA-25,,n/a,F2-VWA-25,VWA-25,VWA,25,sym,W7-8
112,F2-fl-Snap-558.czi,952.904,981,65535,Symbiont Area,52.421,Tentacle,VWA-25,,52.420613,F2-VWA-25,VWA-25,VWA,25,sym,W7-8
261,F3-bf-Snap-357.czi,1189.021,0,65535,Tentacle Area,0,Tentacle,VWA-25,"Very blurry, only a few tentacles visible",n/a,F3-VWA-25,VWA-25,VWA,25,sym,W7-8
262,F3-fl-Snap-356.czi,720.678,1369,65535,Symbiont Area,60.611,Tentacle,VWA-25,,60.61104051,F3-VWA-25,VWA-25,VWA,25,sym,W7-8
263,F4-bf-Snap-359.czi,2861.305,0,65535,Tentacle Area,0,Tentacle,VWA-25,,n/a,F4-VWA-25,VWA-25,VWA,25,sym,W7-8
264,F4-fl-Snap-358.czi,1197.67,1285,65535,Symbiont Area,41.857,Tentacle,VWA-25,,41.85747412,F4-VWA-25,VWA-25,VWA,25,sym,W7-8
265,F4-bf-Snap-359.czi,1679.636,0,65535,Tentacle Area,0,Tentacle,VWA-25,,n/a,F4-VWA-25,VWA-25,VWA,25,sym,W7-8
266,F4-fl-Snap-358.czi,1074.638,1855,65535,Symbiont Area,63.98,Tentacle,VWA-25,,63.98041004,F4-VWA-25,VWA-25,VWA,25,sym,W7-8
267,F4-bf-Snap-359.czi,6862.333,0,65535,Tentacle Area,0,Body column,VWA-25,,n/a,F4-VWA-25,VWA-25,VWA,25,sym,W7-8
268,F4-fl-Snap-358.czi,2449.613,623,65535,Symbiont Area,35.697,Body column,VWA-25,,35.69650438,F4-VWA-25,VWA-25,VWA,25,sym,W7-8
269,F5-bf-Snap-361.czi,1255.835,0,65535,Tentacle Area,0,Tentacle,VWA-25,,n/a,F5-VWA-25,VWA-25,VWA,25,sym,W7-8
270,F5-fl-Snap-360.czi,677.433,1120,65535,Symbiont Area,53.943,Tentacle,VWA-25,,53.94283485,F5-VWA-25,VWA-25,VWA,25,sym,W7-8
271,F5-bf-Snap-361.czi,2855.684,0,65535,Tentacle Area,0,Tentacle,VWA-25,,n/a,F5-VWA-25,VWA-25,VWA,25,sym,W7-8
272,F5-fl-Snap-360.czi,2124.843,1934,65535,Symbiont Area,74.408,Tentacle,VWA-25,,74.40749747,F5-VWA-25,VWA-25,VWA,25,sym,W7-8
273,F5-bf-Snap-361.czi,3181.535,0,65535,Tentacle Area,0,Tentacle,VWA-25,,n/a,F5-VWA-25,VWA-25,VWA,25,sym,W7-8
274,F5-fl-Snap-360.czi,2603.349,1295,65535,Symbiont Area,81.827,Tentacle,VWA-25,,81.82682259,F5-VWA-25,VWA-25,VWA,25,sym,W7-8
275,F5-bf-Snap-361.czi,7271.431,0,65535,Tentacle Area,0,Body column,VWA-25,,n/a,F5-VWA-25,VWA-25,VWA,25,sym,W7-8
276,F5-fl-Snap-360.czi,1734.557,785,65535,Symbiont Area,23.854,Body column,VWA-25,,23.8544105,F5-VWA-25,VWA-25,VWA,25,sym,W7-8
277,F6-bf-Snap-363.czi,1571.091,0,65535,Tentacle Area,0,Tentacle,VWA-25,,n/a,F6-VWA-25,VWA-25,VWA,25,sym,W7-8
278,F6-fl-Snap-362.czi,1222.969,2012,65535,Symbiont Area,77.842,Tentacle,VWA-25,,77.84202188,F6-VWA-25,VWA-25,VWA,25,sym,W7-8
279,F6-bf-Snap-363.czi,4094.004,0,65535,Tentacle Area,0,Tentacle,VWA-25,,n/a,F6-VWA-25,VWA-25,VWA,25,sym,W7-8
280,F6-fl-Snap-362.czi,2593.835,1566,65535,Symbiont Area,63.357,Tentacle,VWA-25,,63.35692393,F6-VWA-25,VWA-25,VWA,25,sym,W7-8
281,F6-bf-Snap-363.czi,1568.712,0,65535,Tentacle Area,0,Tentacle,VWA-25,,n/a,F6-VWA-25,VWA-25,VWA,25,sym,W7-8
282,F6-fl-Snap-362.czi,738.192,998,65535,Symbiont Area,47.057,Tentacle,VWA-25,,47.05720362,F6-VWA-25,VWA-25,VWA,25,sym,W7-8
283,F6-bf-Snap-363.czi,9850.346,0,65535,Tentacle Area,0,Body column,VWA-25,,n/a,F6-VWA-25,VWA-25,VWA,25,sym,W7-8
284,F6-fl-Snap-362.czi,3322.513,660,65535,Symbiont Area,33.73,Body column,VWA-25,,33.72991162,F6-VWA-25,VWA-25,VWA,25,sym,W7-8
285,F7-bf-Snap-365.czi,3032.556,0,65535,Tentacle Area,0,Tentacle,VWA-25,,n/a,F7-VWA-25,VWA-25,VWA,25,sym,W7-8
286,F7-fl-Snap-364.czi,1195.94,1326,65535,Symbiont Area,39.437,Tentacle,VWA-25,,39.4366996,F7-VWA-25,VWA-25,VWA,25,sym,W7-8
287,F7-bf-Snap-365.czi,3408.138,0,65535,Tentacle Area,0,Tentacle,VWA-25,,n/a,F7-VWA-25,VWA-25,VWA,25,sym,W7-8
288,F7-fl-Snap-364.czi,2588.646,1399,65535,Symbiont Area,75.955,Tentacle,VWA-25,,75.9548469,F7-VWA-25,VWA-25,VWA,25,sym,W7-8
289,F7-bf-Snap-365.czi,6782.978,0,65535,Tentacle Area,0,Tentacle,VWA-25,,n/a,F7-VWA-25,VWA-25,VWA,25,sym,W7-8
290,F7-fl-Snap-364.czi,4694.677,1836,65535,Symbiont Area,69.213,Tentacle,VWA-25,,69.21262313,F7-VWA-25,VWA-25,VWA,25,sym,W7-8
291,F7-bf-Snap-365.czi,1487.196,0,65535,Tentacle Area,0,Tentacle,VWA-25,,n/a,F7-VWA-25,VWA-25,VWA,25,sym,W7-8
292,F7-fl-Snap-364.czi,1232.482,1443,65535,Symbiont Area,82.873,Tentacle,VWA-25,,82.87286948,F7-VWA-25,VWA-25,VWA,25,sym,W7-8
293,F7-bf-Snap-365.czi,813.871,0,65535,Tentacle Area,0,Tentacle,VWA-25,,n/a,F7-VWA-25,VWA-25,VWA,25,sym,W7-8
294,F7-fl-Snap-364.czi,618.187,1326,65535,Symbiont Area,75.956,Tentacle,VWA-25,,75.95638621,F7-VWA-25,VWA-25,VWA,25,sym,W7-8
295,F7-bf-Snap-365.czi,23171.752,0,65535,Tentacle Area,0,Tentacle,VWA-25,,n/a,F7-VWA-25,VWA-25,VWA,25,sym,W7-8
296,F7-fl-Snap-364.czi,10598.268,568,65535,Symbiont Area,45.738,Tentacle,VWA-25,,45.73787947,F7-VWA-25,VWA-25,VWA,25,sym,W7-8
297,F8-bf-Snap-367.czi,2283.552,0,65535,Tentacle Area,0,Tentacle,VWA-25,,n/a,F8-VWA-25,VWA-25,VWA,25,sym,W7-8
298,F8-fl-Snap-366.czi,1455.41,1991,65535,Symbiont Area,63.734,Tentacle,VWA-25,,63.73448032,F8-VWA-25,VWA-25,VWA,25,sym,W7-8
299,F8-bf-Snap-367.czi,758.517,0,65535,Tentacle Area,0,Tentacle,VWA-25,,n/a,F8-VWA-25,VWA-25,VWA,25,sym,W7-8
300,F8-fl-Snap-366.czi,539.049,1593,65535,Symbiont Area,71.066,Tentacle,VWA-25,,71.06617254,F8-VWA-25,VWA-25,VWA,25,sym,W7-8
301,F8-bf-Snap-367.czi,3810.533,0,65535,Tentacle Area,0,Tentacle,VWA-25,,n/a,F8-VWA-25,VWA-25,VWA,25,sym,W7-8
302,F8-fl-Snap-366.czi,2157.277,1479,65535,Symbiont Area,56.614,Tentacle,VWA-25,,56.61352362,F8-VWA-25,VWA-25,VWA,25,sym,W7-8
303,F8-bf-Snap-367.czi,11978.433,0,65535,Tentacle Area,0,Body column,VWA-25,,n/a,F8-VWA-25,VWA-25,VWA,25,sym,W7-8
304,F8-fl-Snap-366.czi,5259.241,939,65535,Symbiont Area,43.906,Body column,VWA-25,,43.90591824,F8-VWA-25,VWA-25,VWA,25,sym,W7-8
113,A1-bf-Snap-168.czi,3955.188,0,65535,Tentacle Area,0,Tentacle,VWA-32,Fluorescent image is blurry ,n/a,A1-VWA-32,VWA-32,VWA,32,sym,W7-8
114,A1-fl-Snap-167.czi,165.845,45,65535,Symbiont Area,4.193,Tentacle,VWA-32,,4.193100303,A1-VWA-32,VWA-32,VWA,32,sym,W7-8
115,A1-bf-Snap-168.czi,3612.255,0,65535,Tentacle Area,0,Tentacle,VWA-32,,n/a,A1-VWA-32,VWA-32,VWA,32,sym,W7-8
116,A1-fl-Snap-167.czi,145.736,45,65535,Symbiont Area,4.034,Tentacle,VWA-32,,4.034488152,A1-VWA-32,VWA-32,VWA,32,sym,W7-8
117,A1-bf-Snap-168.czi,1929.592,0,65535,Tentacle Area,0,Tentacle,VWA-32,,n/a,A1-VWA-32,VWA-32,VWA,32,sym,W7-8
118,A1-fl-Snap-167.czi,105.95,45,65535,Symbiont Area,5.491,Tentacle,VWA-32,,5.490798055,A1-VWA-32,VWA-32,VWA,32,sym,W7-8
119,A1-bf-Snap-168.czi,678.082,0,65535,Tentacle Area,0,Tentacle,VWA-32,,n/a,A1-VWA-32,VWA-32,VWA,32,sym,W7-8
120,A1-fl-Snap-167.czi,55.137,45,65535,Symbiont Area,8.131,Tentacle,VWA-32,,8.131317451,A1-VWA-32,VWA-32,VWA,32,sym,W7-8
121,A2-bf-Snap-170.czi,2604.43,0,65535,Tentacle Area,0,Tentacle,VWA-32,,n/a,A2-VWA-32,VWA-32,VWA,32,sym,W7-8
122,A2-fl-Snap-169.czi,60.759,919,65535,Symbiont Area,2.333,Tentacle,VWA-32,,2.332909696,A2-VWA-32,VWA-32,VWA,32,sym,W7-8
123,A2-bf-Snap-170.czi,548.563,0,65535,Tentacle Area,0,Tentacle,VWA-32,,n/a,A2-VWA-32,VWA-32,VWA,32,sym,W7-8
124,A2-fl-Snap-169.czi,88.652,1183,65535,Symbiont Area,16.161,Tentacle,VWA-32,,16.16076914,A2-VWA-32,VWA-32,VWA,32,sym,W7-8
125,A2-bf-Snap-170.czi,1798.776,0,65535,Tentacle Area,0,Tentacle,VWA-32,,n/a,A2-VWA-32,VWA-32,VWA,32,sym,W7-8
126,A2-fl-Snap-169.czi,104.869,716,65535,Symbiont Area,5.83,Tentacle,VWA-32,,5.830019969,A2-VWA-32,VWA-32,VWA,32,sym,W7-8
127,A2-bf-Snap-170.czi,1130.208,0,65535,Tentacle Area,0,Tentacle,VWA-32,,n/a,A2-VWA-32,VWA-32,VWA,32,sym,W7-8
128,A2-fl-Snap-169.czi,131.681,1370,65535,Symbiont Area,11.651,Tentacle,VWA-32,,11.65104122,A2-VWA-32,VWA-32,VWA,32,sym,W7-8
305,A3-bf-Snap-172.czi,7096.937,0,65535,Tentacle Area,0,Tentacle,VWA-32,"Flourescence dots are visible but the animal is not, animal is on side",n/a,A3-VWA-32,VWA-32,VWA,32,sym,W7-8
306,A3-fl-Snap-171.czi,77.192,1156,65535,Symbiont Area,1.088,Tentacle,VWA-32,,1.087680502,A3-VWA-32,VWA-32,VWA,32,sym,W7-8
307,A3-bf-Snap-172.czi,4687.326,0,65535,Tentacle Area,0,Tentacle,VWA-32,,n/a,A3-VWA-32,VWA-32,VWA,32,sym,W7-8
308,A3-fl-Snap-171.czi,28.325,1552,65535,Symbiont Area,0.604,Tentacle,VWA-32,,0.6042890979,A3-VWA-32,VWA-32,VWA,32,sym,W7-8
309,A3-bf-Snap-172.czi,7818.912,0,65535,Tentacle Area,0,Tentacle,VWA-32,,n/a,A3-VWA-32,VWA-32,VWA,32,sym,W7-8
310,A3-fl-Snap-171.czi,1684.393,41,65535,Symbiont Area,21.543,Tentacle,VWA-32,,21.54254965,A3-VWA-32,VWA-32,VWA,32,sym,W7-8
311,A3-bf-Snap-172.czi,4368.61,0,65535,Tentacle Area,0,Tentacle,VWA-32,,n/a,A3-VWA-32,VWA-32,VWA,32,sym,W7-8
312,A3-fl-Snap-171.czi,460.775,55,65535,Symbiont Area,10.547,Tentacle,VWA-32,,10.54740524,A3-VWA-32,VWA-32,VWA,32,sym,W7-8
313,A4-bf-Snap-174.czi,2720.975,0,65535,Tentacle Area,10.547,Tentacle,VWA-32,,n/a,A4-VWA-32,VWA-32,VWA,32,sym,W7-8
314,A4-fl-Snap-173.czi,382.286,877,65535,Symbiont Area,14.05,Tentacle,VWA-32,,14.04959619,A4-VWA-32,VWA-32,VWA,32,sym,W7-8
315,A4-bf-Snap-174.czi,6328.257,0,65535,Tentacle Area,0,Tentacle,VWA-32,,n/a,A4-VWA-32,VWA-32,VWA,32,sym,W7-8
316,A4-fl-Snap-173.czi,883.063,1049,65535,Symbiont Area,13.954,Tentacle,VWA-32,,13.95428473,A4-VWA-32,VWA-32,VWA,32,sym,W7-8
317,A4-bf-Snap-174.czi,3213.103,0,65535,Tentacle Area,0,Tentacle,VWA-32,,n/a,A4-VWA-32,VWA-32,VWA,32,sym,W7-8
318,A4-fl-Snap-173.czi,90.166,924,65535,Symbiont Area,2.806,Tentacle,VWA-32,,2.806197,A4-VWA-32,VWA-32,VWA,32,sym,W7-8
319,A4-bf-Snap-174.czi,1849.589,0,65535,Tentacle Area,0,Tentacle,VWA-32,,n/a,A4-VWA-32,VWA-32,VWA,32,sym,W7-8
320,A4-fl-Snap-173.czi,108.329,627,65535,Symbiont Area,5.857,Tentacle,VWA-32,,5.856922808,A4-VWA-32,VWA-32,VWA,32,sym,W7-8
321,A5-bf-Snap-176.czi,2363.123,0,65535,Tentacle Area,0,Tentacle,VWA-32,"Image very blurry, tentacles not visibile in floroscent image, only 1 tentacle clear ",n/a,A5-VWA-32,VWA-32,VWA,32,sym,W7-8
322,A5-fl-Snap-175.czi,123.248,1239,65535,Symbiont Area,5.215,Tentacle,VWA-32,,5.215471222,A5-VWA-32,VWA-32,VWA,32,sym,W7-8
323,A6-bf-Snap-178.czi,1844.832,0,65535,Tentacle Area,0,Tentacle,VWA-32,,n/a,A6-VWA-32,VWA-32,VWA,32,sym,W7-8
324,A6-fl-Snap-177.czi,44.326,1609,65535,Symbiont Area,2.403,Tentacle,VWA-32,,2.402712008,A6-VWA-32,VWA-32,VWA,32,sym,W7-8
325,A6-bf-Snap-178.czi,1552.279,0,65535,Tentacle Area,0,Tentacle,VWA-32,,n/a,A6-VWA-32,VWA-32,VWA,32,sym,W7-8
326,A6-fl-Snap-177.czi,27.893,1609,65535,Symbiont Area,1.797,Tentacle,VWA-32,,1.796906355,A6-VWA-32,VWA-32,VWA,32,sym,W7-8
327,A7-bf-Snap-180.czi,1920.943,0,65535,Tentacle Area,0,Tentacle,VWA-32,only 1 clear tentacle in flourescent image ,n/a,A7-VWA-32,VWA-32,VWA,32,sym,W7-8
328,A7-fl-Snap-179.czi,37.407,1564,65535,Symbiont Area,1.947,Tentacle,VWA-32,,1.94732483,A7-VWA-32,VWA-32,VWA,32,sym,W7-8
329,A8-bf-Snap-182.czi,2997.743,0,65535,Tentacle Area,0,Tentacle,VWA-32,,n/a,A8-VWA-32,VWA-32,VWA,32,sym,W7-8
330,A8-fl-Snap-181.czi,79.138,1230,65535,Symbiont Area,2.64,Tentacle,VWA-32,,2.639919433,A8-VWA-32,VWA-32,VWA,32,sym,W7-8
331,A8-bf-Snap-182.czi,1693.907,0,65535,Tentacle Area,0,Tentacle,VWA-32,,n/a,A8-VWA-32,VWA-32,VWA,32,sym,W7-8
332,A8-fl-Snap-181.czi,32.65,1404,65535,Symbiont Area,1.927,Tentacle,VWA-32,,1.92749661,A8-VWA-32,VWA-32,VWA,32,sym,W7-8
333,A8-bf-Snap-182.czi,2509.507,0,65535,Tentacle Area,0,Tentacle,VWA-32,,n/a,A8-VWA-32,VWA-32,VWA,32,sym,W7-8
334,A8-fl-Snap-181.czi,46.488,1471,65535,Symbiont Area,1.852,Tentacle,VWA-32,,1.852475407,A8-VWA-32,VWA-32,VWA,32,sym,W7-8
129,B1-bf-Snap-184.czi,1463.627,0,65535,Tentacle Area,11.651,Tentacle,VWA-32,"Very blurry image, fluorescent image is very bright, almost looks like brightfield ",n/a,B1-VWA-32,VWA-32,VWA,32,sym,W7-8
130,B1-fl-Snap-183.czi,34.38,1205,65535,Symbiont Area,2.349,Tentacle,VWA-32,,2.348959127,B1-VWA-32,VWA-32,VWA,32,sym,W7-8
131,B1-bf-Snap-184.czi,2134.573,0,65535,Tentacle Area,0,Tentacle,VWA-32,,n/a,B1-VWA-32,VWA-32,VWA,32,sym,W7-8
132,B1-fl-Snap-183.czi,76.327,1257,65535,Symbiont Area,3.576,Tentacle,VWA-32,,3.575750279,B1-VWA-32,VWA-32,VWA,32,sym,W7-8
133,B2-bf-Snap-186.czi,1817.804,0,65535,Tentacle Area,3.576,Tentacle,VWA-32,,n/a,B2-VWA-32,VWA-32,VWA,32,sym,W7-8
134,B2-fl-Snap-185.czi,124.546,581,65535,Symbiont Area,6.851,Tentacle,VWA-32,,6.851453732,B2-VWA-32,VWA-32,VWA,32,sym,W7-8
135,B2-bf-Snap-186.czi,1522.656,0,65535,Tentacle Area,0,Tentacle,VWA-32,,n/a,B2-VWA-32,VWA-32,VWA,32,sym,W7-8
136,B2-fl-Snap-185.czi,66.597,1303,65535,Symbiont Area,4.374,Tentacle,VWA-32,,4.373739045,B2-VWA-32,VWA-32,VWA,32,sym,W7-8
137,B2-bf-Snap-186.czi,1916.618,0,65535,Tentacle Area,0,Tentacle,VWA-32,,n/a,B2-VWA-32,VWA-32,VWA,32,sym,W7-8
138,B2-fl-Snap-185.czi,76.76,1381,65535,Symbiont Area,4.005,Tentacle,VWA-32,,4.004971257,B2-VWA-32,VWA-32,VWA,32,sym,W7-8
139,B2-bf-Snap-186.czi,1696.501,0,65535,Tentacle Area,0,Tentacle,VWA-32,,n/a,B2-VWA-32,VWA-32,VWA,32,sym,W7-8
140,B2-fl-Snap-185.czi,9.514,1475,65535,Symbiont Area,0.561,Tentacle,VWA-32,,0.5608013199,B2-VWA-32,VWA-32,VWA,32,sym,W7-8
141,B2-bf-Snap-186.czi,1929.376,0,65535,Tentacle Area,0,Tentacle,VWA-32,,n/a,B2-VWA-32,VWA-32,VWA,32,sym,W7-8
142,B2-fl-Snap-185.czi,64.651,1491,65535,Symbiont Area,3.351,Tentacle,VWA-32,,3.350876138,B2-VWA-32,VWA-32,VWA,32,sym,W7-8
335,B3-bf-Snap-188.czi,13349.515,0,65535,Tentacle Area,0,Body column,VWA-32,"The animal has no flourescence in image, other ""stuff"" surrounding animal, no tentacles",n/a,B3-VWA-32,VWA-32,VWA,32,sym,W7-8
336,B3-fl-Snap-187.czi,269.2,282,65535,Symbiont Area,2.017,Body column ,VWA-32,,2.016552661,B3-VWA-32,VWA-32,VWA,32,sym,W7-8
337,B4-bfl-Snap-190.czi,2475.344,0,65535,Tentacle Area,0,Tentacle,VWA-32,"Flourescence image very blurry, tentacles not clearly visibile ",n/a,B4-VWA-32,VWA-32,VWA,32,sym,W7-8
338,B4-fl-Snap-189.czi,156.547,1111,65535,Symbiont Area,6.324,Tentacle,VWA-32,,6.324252306,B4-VWA-32,VWA-32,VWA,32,sym,W7-8
339,B4-bfl-Snap-190.czi,2081.382,0,65535,Tentacle Area,0,Tentacle,VWA-32,,n/a,B4-VWA-32,VWA-32,VWA,32,sym,W7-8
340,B4-fl-Snap-189.czi,15.568,1150,65535,Symbiont Area,0.748,Tentacle,VWA-32,,0.7479645735,B4-VWA-32,VWA-32,VWA,32,sym,W7-8
341,B4-bfl-Snap-190.czi,1098.423,0,65535,Tentacle Area,0,Tentacle,VWA-32,,n/a,B4-VWA-32,VWA-32,VWA,32,sym,W7-8
342,B4-fl-Snap-189.czi,16.217,980,65535,Symbiont Area,1.476,Tentacle,VWA-32,,1.476389333,B4-VWA-32,VWA-32,VWA,32,sym,W7-8
REMOVED,B5-fl/bl-Snap-191/192.czi,REMOVED,REMOVED,REMOVED,REMOVED,REMOVED,REMOVED,VWA-32,"Flourescence image very blurry, white is blurry as well tentacles cannot be imaged ",REMOVED,B5-VWA-32,VWA-32,VWA,32,sym,W7-8
343,B6-bf-Snap-194.czi,8751.491,0,65535,Tentacle Area,0,Body column ,VWA-32,"White debris surrounding organism, no tentacles visibile in flourescence image, only body imaged ",n/a,B6-VWA-32,VWA-32,VWA,32,sym,W7-8
344,B6-fl-Snap-193.czi,846.953,641,65535,Symbiont Area,9.678,Body column ,VWA-32,,9.677813758,B6-VWA-32,VWA-32,VWA,32,sym,W7-8
REMOVED,B7-bf/fl-Snap-195/196.czi,REMOVED,REMOVED,REMOVED,REMOVED,REMOVED,REMOVED,VWA-32,"Debris surrounding animal, animal not visibile at all in fluorescent image, cannot measure ",REMOVED,B7-VWA-32,VWA-32,VWA,32,sym,W7-8
REMOVED,B8-bf/fl-Snap-197/198.czi,REMOVED,REMOVED,REMOVED,REMOVED,REMOVED,REMOVED,VWA-32,"Debris surrounding animal, animal not visibile at all in fluorescent image, cannot measure ",REMOVED,B8-VWA-32,VWA-32,VWA,32,sym,W7-8
345,C1-bf-Snap-205.czi,1460.384,0,65535,Tentacle Area,0,Tentacle,VWA-32,,n/a,C1-VWA-32,VWA-32,VWA,32,sym,W7-8
346,C1-fl-Snap-204.czi,42.38,1162,65535,Symbiont Area,2.902,Tentacle,VWA-32,,2.901976466,C1-VWA-32,VWA-32,VWA,32,sym,W7-8
347,C1-bf-Snap-205.czi,1552.495,0,65535,0,0,0,VWA-32,,REMOVED,C1-VWA-32,VWA-32,VWA,32,sym,W7-8
348,C1-bf-Snap-205.czi,1461.249,0,65535,Tentacle Area,0,Tentacle,VWA-32,,n/a,C1-VWA-32,VWA-32,VWA,32,sym,W7-8
349,C1-fl-Snap-204.czi,24.001,878,65535,Symbiont Area,1.642,Tentacle,VWA-32,,1.642498985,C1-VWA-32,VWA-32,VWA,32,sym,W7-8
REMOVED,C2-fl/bf-Snap-206/207.czi,REMOVED,REMOVED,REMOVED,REMOVED,REMOVED,REMOVED,VWA-32,"Debris surrounding animal, animal not visibile at all in fluorescent image, cannot measure ",REMOVED,C2-VWA-32,VWA-32,VWA,32,sym,W7-8
350,C3-bl-Snap-209.czi,1663.635,0,65535,Tentacle Area,0,Tentacle,VWA-32,,n/a,C3-VWA-32,VWA-32,VWA,32,sym,W7-8
351,C3-fl-Snap-208.czi,74.165,1704,65535,Symbiont Area,4.458,Tentacle,VWA-32,,4.458009119,C3-VWA-32,VWA-32,VWA,32,sym,W7-8
352,C3-bl-Snap-209.czi,1155.723,0,65535,Tentacle Area,0,Tentacle,VWA-32,,n/a,C3-VWA-32,VWA-32,VWA,32,sym,W7-8
353,C3-fl-Snap-208.czi,86.058,991,65535,Symbiont Area,7.446,Tentacle,VWA-32,,7.446247933,C3-VWA-32,VWA-32,VWA,32,sym,W7-8
354,C4-bf-Snap-211.czi,4766.464,0,65535,Tentacle Area,0,Tentacle,VWA-32,No flourescence visibile ,REMOVED,C4-VWA-32,VWA-32,VWA,32,sym,W7-8
355,C4-fl-Snap-210.czi,2486.155,50,65535,Symbiont Area,52.159,Tentacle,VWA-32,,REMOVED,C4-VWA-32,VWA-32,VWA,32,sym,W7-8
356,C5-bf-Snap-215.czi,1213.671,0,65535,Tentacle Area,0,Tentacle,VWA-32,,n/a,C5-VWA-32,VWA-32,VWA,32,sym,W7-8
357,C5-fl-Snap-214.czi,38.488,772,65535,Symbiont Area,3.171,Tentacle,VWA-32,,3.171205376,C5-VWA-32,VWA-32,VWA,32,sym,W7-8
358,C5-bf-Snap-215.czi,1397.03,0,65535,Tentacle Area,0,Tentacle,VWA-32,,n/a,C5-VWA-32,VWA-32,VWA,32,sym,W7-8
359,C5-fl-Snap-214.czi,240.658,1024,65535,Symbiont Area,17.226,Tentacle,VWA-32,,17.22640172,C5-VWA-32,VWA-32,VWA,32,sym,W7-8
360,C6-bf-Snap-217.czi,3216.131,0,65535,Tentacle Area,0,Tentacle,VWA-32,,n/a,C6-VWA-32,VWA-32,VWA,32,sym,W7-8
361,C6-fl-Snap-216.czi,234.82,1449,65535,Symbiont Area,7.301,Tentacle,VWA-32,,7.301319505,C6-VWA-32,VWA-32,VWA,32,sym,W7-8
362,C6-bf-Snap-217.czi,4026.758,0,65535,Tentacle Area,0,Tentacle,VWA-32,,n/a,C6-VWA-32,VWA-32,VWA,32,sym,W7-8
363,C6-fl-Snap-216.czi,204.333,786,65535,Symbiont Area,5.074,Tentacle,VWA-32,,5.074379935,C6-VWA-32,VWA-32,VWA,32,sym,W7-8
364,C7-bf-Snap-219.czi,2306.472,0,65535,Tentacle Area,0,Tentacle,VWA-32,"Animal barely visibile in both images, only one tentacle a little clear ",n/a,C7-VWA-32,VWA-32,VWA,32,sym,W7-8
365,C7-fl-Snap-218.czi,98.599,1013,65535,Symbiont Area,4.275,Tentacle,VWA-32,,4.274883892,C7-VWA-32,VWA-32,VWA,32,sym,W7-8
366,C8-bf-Snap-221.czi,1236.591,0,65535,Tentacle Area,0,Tentacle,VWA-32,,n/a,C8-VWA-32,VWA-32,VWA,32,sym,W7-8
367,C8-fl-Snap-220.czi,71.138,1841,65535,Symbiont Area,5.753,Tentacle,VWA-32,,5.75275091,C8-VWA-32,VWA-32,VWA,32,sym,W7-8
368,C8-bf-Snap-221.czi,3343.92,0,65535,Tentacle Area,0,Tentacle,VWA-32,,n/a,C8-VWA-32,VWA-32,VWA,32,sym,W7-8
369,C8-fl-Snap-220.czi,76.327,1439,65535,Symbiont Area,2.283,Tentacle,VWA-32,,2.282560588,C8-VWA-32,VWA-32,VWA,32,sym,W7-8
370,C8-bf-Snap-221.czi,1839.642,0,65535,Tentacle Area,0,Tentacle,VWA-32,,n/a,C8-VWA-32,VWA-32,VWA,32,sym,W7-8
371,C8-fl-Snap-220.czi,19.46,897,65535,Symbiont Area,1.058,Tentacle,VWA-32,,1.05781451,C8-VWA-32,VWA-32,VWA,32,sym,W7-8
155,D1-bf-Snap-223.czi,2592.322,0,65535,Tentacle Area,0,Tentacle,VWA-32,,n/a,D1-VWA-32,VWA-32,VWA,32,sym,W7-8
156,D1-fl-Snap-222.czi,79.138,63,65535,Symbiont Area,3.053,Tentacle,VWA-32,,3.052784338,D1-VWA-32,VWA-32,VWA,32,sym,W7-8
157,D1-bf-Snap-223.czi,2701.515,0,65535,Tentacle Area,0,Tentacle,VWA-32,,n/a,D1-VWA-32,VWA-32,VWA,32,sym,W7-8
158,D1-fl-Snap-222.czi,17.082,910,65535,Symbiont Area,0.632,Tentacle,VWA-32,,0.6323118695,D1-VWA-32,VWA-32,VWA,32,sym,W7-8
159,D1-bf-Snap-223.czi,3719.719,0,65535,Tentacle Area,0,Tentacle,VWA-32,,n/a,D1-VWA-32,VWA-32,VWA,32,sym,W7-8
160,D1-fl-Snap-222.czi,16.001,1099,65535,Symbiont Area,0.43,Tentacle,VWA-32,,0.4301669024,D1-VWA-32,VWA-32,VWA,32,sym,W7-8
161,D1-bf-Snap-223.czi,5887.591,0,65535,Tentacle Area,0,Tentacle,VWA-32,,n/a,D1-VWA-32,VWA-32,VWA,32,sym,W7-8
162,D1-fl-Snap-222.czi,208.873,63,65535,Symbiont Area,3.548,Tentacle,VWA-32,,3.547681896,D1-VWA-32,VWA-32,VWA,32,sym,W7-8
163,D1-bf-Snap-223.czi,1772.18,0,65535,Tentacle Area,0,Tentacle,VWA-32,,n/a,D1-VWA-32,VWA-32,VWA,32,sym,W7-8
164,D1-fl-Snap-222.czi,31.569,487,65535,Symbiont Area,1.781,Tentacle,VWA-32,,1.781365324,D1-VWA-32,VWA-32,VWA,32,sym,W7-8
165,D2-bfSnap-225.czi,2105.383,0,65535,Tentacle Area,0,Tentacle,VWA-32,,n/a,D2-VWA-32,VWA-32,VWA,32,sym,W7-8
166,D2-fl-Snap-224.czi,826.412,72,65535,Symbiont Area,39.252,Tentacle,VWA-32,,39.25233556,D2-VWA-32,VWA-32,VWA,32,sym,W7-8
167,D2-bfSnap-225.czi,2479.02,0,65535,Tentacle Area,0,Tentacle,VWA-32,,n/a,D2-VWA-32,VWA-32,VWA,32,sym,W7-8
168,D2-fl-Snap-224.czi,1338,58,65535,Symbiont Area,53.973,Tentacle,VWA-32,,53.97294092,D2-VWA-32,VWA-32,VWA,32,sym,W7-8
169,D2-bfSnap-225.czi,5544.009,0,65535,Tentacle Area,0,Tentacle,VWA-32,,n/a,D2-VWA-32,VWA-32,VWA,32,sym,W7-8
170,D2-fl-Snap-224.czi,39.137,1369,65535,Symbiont Area,0.706,Tentacle,VWA-32,,0.7059331974,D2-VWA-32,VWA-32,VWA,32,sym,W7-8
171,D2-bfSnap-225.czi,5975.162,0,65535,Tentacle Area,0,Tentacle,VWA-32,,n/a,D2-VWA-32,VWA-32,VWA,32,sym,W7-8
172,D2-fl-Snap-224.czi,67.03,1484,65535,Symbiont Area,1.122,Tentacle,VWA-32,,1.121810589,D2-VWA-32,VWA-32,VWA,32,sym,W7-8
173,D2-bfSnap-225.czi,1147.074,0,65535,Tentacle Area,0,Tentacle,VWA-32,,n/a,D2-VWA-32,VWA-32,VWA,32,sym,W7-8
174,D2-fl-Snap-224.czi,438.288,86,65535,Symbiont Area,38.209,Tentacle,VWA-32,,38.20921754,D2-VWA-32,VWA-32,VWA,32,sym,W7-8
372,D3-bf-Snap-227.czi,1879.644,0,65535,Tentacle Area,0,Tentacle,VWA-32,,n/a,D3-VWA-32,VWA-32,VWA,32,sym,W7-8
373,D3-fl-Snap-226.czi,99.68,1510,65535,Symbiont Area,5.303,Tentacle,VWA-32,,5.30313187,D3-VWA-32,VWA-32,VWA,32,sym,W7-8
374,D3-bf-Snap-227.czi,2781.086,0,65535,Tentacle Area,0,Tentacle,VWA-32,,n/a,D3-VWA-32,VWA-32,VWA,32,sym,W7-8
375,D3-fl-Snap-226.czi,76.111,1383,65535,Symbiont Area,2.737,Tentacle,VWA-32,,2.736736656,D3-VWA-32,VWA-32,VWA,32,sym,W7-8
REMOVED,D4-fl/bf-Snap-227/228czi,REMOVED,REMOVED,REMOVED,REMOVED,REMOVED,REMOVED,VWA-32,"Animal is not visible in flourescent image, cannot measure ",REMOVED,D4-VWA-32,VWA-32,VWA,32,sym,W7-8
376,D5-bf-Snap-231.czi,2192.738,0,65535,Tentacle Area,0,Tentacle,VWA-32,,n/a,D5-VWA-32,VWA-32,VWA,32,sym,W7-8
377,D5-fl-Snap-230.czi,147.682,1120,65535,Symbiont Area,6.735,Tentacle,VWA-32,,6.735049969,D5-VWA-32,VWA-32,VWA,32,sym,W7-8
378,D5-bf-Snap-231.czi,1505.358,0,65535,Tentacle Area,6.735,Tentacle,VWA-32,,n/a,D5-VWA-32,VWA-32,VWA,32,sym,W7-8
379,D5-fl-Snap-230.czi,144.006,964,65535,Symbiont Area,9.566,Tentacle,VWA-32,,9.566229428,D5-VWA-32,VWA-32,VWA,32,sym,W7-8
380,D5-bf-Snap-231.czi,3413.544,0,65535,Tentacle Area,0,Body column,VWA-32,,n/a,D5-VWA-32,VWA-32,VWA,32,sym,W7-8
381,D5-fl-Snap-230.czi,33.299,1400,65535,Symbiont Area,0.975,Body column,VWA-32,,0.9754964342,D5-VWA-32,VWA-32,VWA,32,sym,W7-8
REMOVED,D6-fl/bf-Snap-232/233.czi,REMOVED,REMOVED,REMOVED,REMOVED,REMOVED,REMOVED,VWA-32,"Animal is not visibile, cannot measure ",REMOVED,D6-VWA-32,VWA-32,VWA,32,sym,W7-8
REMOVED,D7-fl/bf-Snap-234/235.czi,REMOVED,REMOVED,REMOVED,REMOVED,REMOVED,REMOVED,VWA-32,"Animal is not visibile, cannot measure ",REMOVED,D7-VWA-32,VWA-32,VWA,32,sym,W7-8
382,D8-bf-Snap-237.czi,6840.062,0,65535,Tentacle Area,0,Tentacle,VWA-32,,n/a,D8-VWA-32,VWA-32,VWA,32,sym,W7-8
383,D8-fl-Snap-236.czi,232.226,982,65535,Symbiont Area,3.395,Tentacle,VWA-32,,3.395086185,D8-VWA-32,VWA-32,VWA,32,sym,W7-8
384,D8-bf-Snap-237.czi,5227.023,0,65535,Tentacle Area,0,Tentacle,VWA-32,,n/a,D8-VWA-32,VWA-32,VWA,32,sym,W7-8
385,D8-fl-Snap-236.czi,212.982,1122,65535,Symbiont Area,4.075,Tentacle,VWA-32,,4.074632922,D8-VWA-32,VWA-32,VWA,32,sym,W7-8
386,D8-fl-Snap-236.czi,226728.346,0,65535,Tentacle Area,0,Tentacle,VWA-32,,REMOVED,D8-VWA-32,VWA-32,VWA,32,sym,W7-8
387,D8-fl-Snap-236.czi,182.494,47,65535,Symbiont Area,0.08,Tentacle,VWA-32,,REMOVED,D8-VWA-32,VWA-32,VWA,32,sym,W7-8
388,D8-bf-Snap-237.czi,2222.144,0,65535,Tentacle Area,0,Tentacle,VWA-32,,n/a,D8-VWA-32,VWA-32,VWA,32,sym,W7-8
389,D8-fl-Snap-236.czi,37.839,1044,65535,Symbiont Area,1.703,Tentacle,VWA-32,,1.702814939,D8-VWA-32,VWA-32,VWA,32,sym,W7-8
390,D8-bf-Snap-237.czi,4989.824,0,65535,Tentacle Area,0,Tentacle,VWA-32,,n/a,D8-VWA-32,VWA-32,VWA,32,sym,W7-8
391,D8-fl-Snap-236.czi,370.826,764,65535,Symbiont Area,7.432,Tentacle,VWA-32,,7.431644884,D8-VWA-32,VWA-32,VWA,32,sym,W7-8
392,D8-bf-Snap-237.czi,3823.507,0,65535,Tentacle Area,0,Tentacle,VWA-32,,n/a,D8-VWA-32,VWA-32,VWA,32,sym,W7-8
393,D8-fl-Snap-236.czi,310.283,732,65535,Symbiont Area,8.115,Tentacle,VWA-32,,8.115141413,D8-VWA-32,VWA-32,VWA,32,sym,W7-8
175,E1-bf-Snap-239.czi,2887.685,0,65535,Tentacle Area,0,Tentacle,VWA-32,,n/a,E1-VWA-32,VWA-32,VWA,32,sym,W7-8
176,E1-fl-Snap-238.czi,534.724,882,65535,Symbiont Area,18.517,Tentacle,VWA-32,,18.51739369,E1-VWA-32,VWA-32,VWA,32,sym,W7-8
177,E1-bf-Snap-239.czi,7210.239,0,65535,Tentacle Area,0,Tentacle,VWA-32,,n/a,E1-VWA-32,VWA-32,VWA,32,sym,W7-8
178,E1-fl-Snap-238.czi,1941.268,1299,65535,Symbiont Area,26.924,Tentacle,VWA-32,,26.92376771,E1-VWA-32,VWA-32,VWA,32,sym,W7-8
179,E1-bf-Snap-239.czi,955.931,0,65535,Tentacle Area,0,Tentacle,VWA-32,,n/a,E1-VWA-32,VWA-32,VWA,32,sym,W7-8
180,E1-fl-Snap-238.czi,348.987,1222,65535,Symbiont Area,36.508,Tentacle,VWA-32,,36.50755128,E1-VWA-32,VWA-32,VWA,32,sym,W7-8
181,E2-bf-Snap-241.czi,2023.65,0,65535,Tentacle Area,0,Tentacle,VWA-32,,n/a,E2-VWA-32,VWA-32,VWA,32,sym,W7-8
182,E2-fl-Snap-240.czi,372.988,1546,65535,Symbiont Area,18.431,Tentacle,VWA-32,,18.43144813,E2-VWA-32,VWA-32,VWA,32,sym,W7-8
183,E2-bf-Snap-241.czi,989.878,0,65535,Tentacle Area,0,Tentacle,VWA-32,,n/a,E2-VWA-32,VWA-32,VWA,32,sym,W7-8
184,E2-fl-Snap-240.czi,93.193,1076,65535,Symbiont Area,9.415,Tentacle,VWA-32,,9.414594526,E2-VWA-32,VWA-32,VWA,32,sym,W7-8
185,E2-bf-Snap-241.czi,6137.33,0,65535,Tentacle Area,0,Tentacle,VWA-32,,n/a,E2-VWA-32,VWA-32,VWA,32,sym,W7-8
186,E2-fl-Snap-240.czi,277.417,773,65535,Symbiont Area,4.52,Tentacle,VWA-32,,4.520157788,E2-VWA-32,VWA-32,VWA,32,sym,W7-8
394,E3-bf-Snap-243.czi,1229.023,0,65535,Tentacle Area,8.115,Tentacle,VWA-32,,n/a,E3-VWA-32,VWA-32,VWA,32,sym,W7-8
395,E3-bf-Snap-242.czi,104.653,1676,65535,Symbiont Area,8.515,Tentacle,VWA-32,,8.515137634,E3-VWA-32,VWA-32,VWA,32,sym,W7-8
396,E3-bf-Snap-243.czi,513.967,0,65535,Tentacle Area,0,Tentacle,VWA-32,,n/a,E3-VWA-32,VWA-32,VWA,32,sym,W7-8
397,E3-bf-Snap-242.czi,6.703,953,65535,Symbiont Area,1.304,Tentacle,VWA-32,,1.304169334,E3-VWA-32,VWA-32,VWA,32,sym,W7-8
398,E3-bf-Snap-243.czi,1344.271,0,65535,Tentacle Area,0,Tentacle,VWA-32,,n/a,E3-VWA-32,VWA-32,VWA,32,sym,W7-8
399,E3-bf-Snap-242.czi,12.973,1599,65535,Symbiont Area,0.965,Tentacle,VWA-32,,0.9650583848,E3-VWA-32,VWA-32,VWA,32,sym,W7-8
400,E4-bf-Snap-245.czi,1149.885,0,65535,Tentacle Area,0.965,Tentacle,VWA-32,,n/a,E4-VWA-32,VWA-32,VWA,32,sym,W7-8
401,E4-fl-Snap-244.czi,68.543,1336,65535,Symbiont Area,5.961,Tentacle,VWA-32,,5.960856955,E4-VWA-32,VWA-32,VWA,32,sym,W7-8
402,E4-bf-Snap-245.czi,3566.631,0,65535,Tentacle Area,0,Tentacle,VWA-32,,n/a,E4-VWA-32,VWA-32,VWA,32,sym,W7-8
403,E4-fl-Snap-244.czi,77.192,1126,65535,Symbiont Area,2.164,Tentacle,VWA-32,,2.164283325,E4-VWA-32,VWA-32,VWA,32,sym,W7-8
404,E5-bf-Snap-247.czi,1585.145,0,65535,Tentacle Area,0,Tentacle,VWA-32,,n/a,E5-VWA-32,VWA-32,VWA,32,sym,W7-8
405,E5-fl-Snap-246.czi,16.866,1601,65535,Symbiont Area,1.064,Tentacle,VWA-32,,1.064003609,E5-VWA-32,VWA-32,VWA,32,sym,W7-8
406,E5-bf-Snap-247.czi,2532.643,0,65535,Tentacle Area,0,Tentacle,VWA-32,,n/a,E5-VWA-32,VWA-32,VWA,32,sym,W7-8
407,E5-fl-Snap-246.czi,699.272,43,65535,Symbiont Area,27.61,Tentacle,VWA-32,,27.61036593,E5-VWA-32,VWA-32,VWA,32,sym,W7-8
408,E5-bf-Snap-247.czi,1241.996,0,65535,Tentacle Area,0,Tentacle,VWA-32,,n/a,E5-VWA-32,VWA-32,VWA,32,sym,W7-8
409,E5-fl-Snap-246.czi,87.139,851,65535,Symbiont Area,7.016,Tentacle,VWA-32,,7.01604514,E5-VWA-32,VWA-32,VWA,32,sym,W7-8
410,E6-bf-Snap-251.czi,4487.317,0,65535,Tentacle Area,7.016,Tentacle,VWA-32,,n/a,E6-VWA-32,VWA-32,VWA,32,sym,W7-8
411,E6-fl-Snap-249.czi,409.098,1298,65535,Symbiont Area,9.117,Tentacle,VWA-32,,9.116761753,E6-VWA-32,VWA-32,VWA,32,sym,W7-8
412,E6-bf-Snap-251.czi,1827.101,0,65535,Tentacle Area,0,Tentacle,VWA-32,,n/a,E6-VWA-32,VWA-32,VWA,32,sym,W7-8
413,E6-fl-Snap-249.czi,549.86,1190,65535,Symbiont Area,30.095,Tentacle,VWA-32,,30.0946691,E6-VWA-32,VWA-32,VWA,32,sym,W7-8
414,E6-bf-Snap-251.czi,4713.705,0,65535,Tentacle Area,0,Tentacle,VWA-32,,n/a,E6-VWA-32,VWA-32,VWA,32,sym,W7-8
415,E6-fl-Snap-249.czi,208.657,804,65535,Symbiont Area,4.427,Tentacle,VWA-32,,4.426602853,E6-VWA-32,VWA-32,VWA,32,sym,W7-8
416,E7-bf-Snap-253.czi,1732.178,0,65535,Tentacle Area,0,Tentacle,VWA-32,,n/a,E7-VWA-32,VWA-32,VWA,32,sym,W7-8
417,E7-fl-Snap-252.czi,58.597,1185,65535,Symbiont Area,3.383,Tentacle,VWA-32,,3.382850954,E7-VWA-32,VWA-32,VWA,32,sym,W7-8
418,E7-bf-Snap-253.czi,1206.752,0,65535,Tentacle Area,0,Tentacle,VWA-32,,n/a,E7-VWA-32,VWA-32,VWA,32,sym,W7-8
419,E7-fl-Snap-252.czi,60.111,826,65535,Symbiont Area,4.981,Tentacle,VWA-32,,4.981222322,E7-VWA-32,VWA-32,VWA,32,sym,W7-8
420,E7-bf-Snap-253.czi,1923.754,0,65535,Tentacle Area,0,Tentacle,VWA-32,,n/a,E7-VWA-32,VWA-32,VWA,32,sym,W7-8
421,E7-fl-Snap-252.czi,107.031,779,65535,Symbiont Area,5.564,Tentacle,VWA-32,,5.563653149,E7-VWA-32,VWA-32,VWA,32,sym,W7-8
422,E7-bf-Snap-253.czi,1205.238,0,65535,Tentacle Area,0,Tentacle,VWA-32,,n/a,E7-VWA-32,VWA-32,VWA,32,sym,W7-8
423,E7-fl-Snap-252.czi,43.461,530,65535,Symbiont Area,3.606,Tentacle,VWA-32,,3.606009767,E7-VWA-32,VWA-32,VWA,32,sym,W7-8
424,E8-bf-Snap-255.czi,1946.241,0,65535,Tentacle Area,0,Tentacle,VWA-32,,n/a,E8-VWA-32,VWA-32,VWA,32,sym,W7-8
425,E8-fl-Snap-254.czi,550.941,1318,65535,Symbiont Area,28.308,Tentacle,VWA-32,,28.30795364,E8-VWA-32,VWA-32,VWA,32,sym,W7-8
426,E8-bf-Snap-255.czi,1859.319,0,65535,Tentacle Area,0,Tentacle,VWA-32,,n/a,E8-VWA-32,VWA-32,VWA,32,sym,W7-8
427,E8-fl-Snap-254.czi,455.586,874,65535,Symbiont Area,24.503,Tentacle,VWA-32,,24.50284217,E8-VWA-32,VWA-32,VWA,32,sym,W7-8
428,E8-bf-Snap-255.czi,3310.405,0,65535,Tentacle Area,0,Tentacle,VWA-32,,n/a,E8-VWA-32,VWA-32,VWA,32,sym,W7-8
429,E8-fl-Snap-254.czi,1238.104,828,65535,Symbiont Area,37.4,Tentacle,VWA-32,,37.4003785,E8-VWA-32,VWA-32,VWA,32,sym,W7-8
430,E8-bf-Snap-255.czi,851.278,0,65535,Tentacle Area,0,Tentacle,VWA-32,,n/a,E8-VWA-32,VWA-32,VWA,32,sym,W7-8
431,E8-fl-Snap-254.czi,410.395,1456,65535,Symbiont Area,48.209,Tentacle,VWA-32,,48.20928063,E8-VWA-32,VWA-32,VWA,32,sym,W7-8
432,E8-bf-Snap-255.czi,2193.386,0,65535,Tentacle Area,0,Tentacle,VWA-32,,n/a,E8-VWA-32,VWA-32,VWA,32,sym,W7-8
433,E8-fl-Snap-254.czi,604.998,1287,65535,Symbiont Area,27.583,Tentacle,VWA-32,,27.58283312,E8-VWA-32,VWA-32,VWA,32,sym,W7-8
434,F1-bf-Snap-257.czi,2845.953,0,65535,Tentacle Area,0,Tentacle,VWA-32,Only 1 clear tentacle ,n/a,F1-VWA-32,VWA-32,VWA,32,sym,W7-8
435,F1-fl-Snap-256.czi,131.032,745,65535,Symbiont Area,4.604,Tentacle,VWA-32,,4.604151931,F1-VWA-32,VWA-32,VWA,32,sym,W7-8
436,F2-bf-Snap-259.czi,2022.569,0,65535,Tentacle Area,0,Tentacle,VWA-32,,n/a,F2-VWA-32,VWA-32,VWA,32,sym,W7-8
437,F2-fl-Snap-258.czi,50.38,1585,65535,Symbiont Area,2.491,Tentacle,VWA-32,,2.490891534,F2-VWA-32,VWA-32,VWA,32,sym,W7-8
438,F2-bf-Snap-259.czi,1265.349,0,65535,Tentacle Area,0,Tentacle,VWA-32,,n/a,F2-VWA-32,VWA-32,VWA,32,sym,W7-8
439,F2-fl-Snap-258.czi,41.515,1301,65535,Symbiont Area,3.281,Tentacle,VWA-32,,3.280913013,F2-VWA-32,VWA-32,VWA,32,sym,W7-8
440,F3-bf-Snap-261.czi,3818.75,0,65535,Tentacle Area,0,Tentacle,VWA-32,,n/a,F3-VWA-32,VWA-32,VWA,32,sym,W7-8
441,F3-fl-Snap-260.czi,262.281,1563,65535,Symbiont Area,6.868,Tentacle,VWA-32,,6.868242226,F3-VWA-32,VWA-32,VWA,32,sym,W7-8
442,F3-bf-Snap-261.czi,2462.587,0,65535,Tentacle Area,0,Tentacle,VWA-32,,n/a,F3-VWA-32,VWA-32,VWA,32,sym,W7-8
443,F3-fl-Snap-260.czi,79.355,1130,65535,Symbiont Area,3.222,Tentacle,VWA-32,,3.222424223,F3-VWA-32,VWA-32,VWA,32,sym,W7-8
444,F4-bf-Snap-265.czi,4066.976,0,65535,Tentacle Area,0,Tentacle,VWA-32,,n/a,F4-VWA-32,VWA-32,VWA,32,sym,W7-8
445,F4-fl-Snap-264.czi,736.679,1123,65535,Symbiont Area,18.114,Tentacle,VWA-32,,18.11367955,F4-VWA-32,VWA-32,VWA,32,sym,W7-8
446,F4-bf-Snap-265.czi,2808.33,0,65535,Tentacle Area,0,Tentacle,VWA-32,,n/a,F4-VWA-32,VWA-32,VWA,32,sym,W7-8
447,F4-fl-Snap-264.czi,350.068,517,65535,Symbiont Area,12.465,Tentacle,VWA-32,,12.46534417,F4-VWA-32,VWA-32,VWA,32,sym,W7-8
448,F5-bf-Snap-267.czi,1730.449,0,65535,Tentacle Area,0,Tentacle,VWA-32,,n/a,F5-VWA-32,VWA-32,VWA,32,sym,W7-8
449,F5-fl-Snap-266.czi,191.575,1186,65535,Symbiont Area,11.071,Tentacle,VWA-32,,11.07082613,F5-VWA-32,VWA-32,VWA,32,sym,W7-8
450,F5-bf-Snap-267.czi,1718.124,0,65535,Tentacle Area,11.071,Tentacle,VWA-32,,n/a,F5-VWA-32,VWA-32,VWA,32,sym,W7-8
451,F5-fl-Snap-266.czi,62.273,1499,65535,Symbiont Area,3.624,Tentacle,VWA-32,,3.624476464,F5-VWA-32,VWA-32,VWA,32,sym,W7-8
452,F5-bf-Snap-267.czi,3995.189,0,65535,Tentacle Area,0,Tentacle,VWA-32,,n/a,F5-VWA-32,VWA-32,VWA,32,sym,W7-8
453,F5-fl-Snap-266.czi,478.938,781,65535,Symbiont Area,11.988,Tentacle,VWA-32,,11.98786841,F5-VWA-32,VWA-32,VWA,32,sym,W7-8
454,F6-bf-Snap-269.czi,6714.219,0,65535,Tentacle Area,0,Body column,VWA-32,,n/a,F6-VWA-32,VWA-32,VWA,32,sym,W7-8
455,F6-fl-Snap-268.czi,1444.167,219,65535,Symbiont Area,21.509,Body column,VWA-32,,21.50908393,F6-VWA-32,VWA-32,VWA,32,sym,W7-8
456,F7-bF-Snap-271.czi,2797.951,0,65535,Tentacle Area,0,Tentacle,VWA-32,"Animal not very clear, flourescence clear ",n/a,F7-VWA-32,VWA-32,VWA,32,sym,W7-8
457,F7-fl-Snap-270.czi,91.031,1339,65535,Symbiont Area,3.253,Tentacle,VWA-32,,3.253487999,F7-VWA-32,VWA-32,VWA,32,sym,W7-8
458,F8-bf-Snap-273.czi,3719.502,0,65535,Tentacle Area,0,Tentacle,VWA-32,,n/a,F8-VWA-32,VWA-32,VWA,32,sym,W7-8
459,F8-fl-Snap-272.czi,634.404,942,65535,Symbiont Area,17.056,Tentacle,VWA-32,,17.05615429,F8-VWA-32,VWA-32,VWA,32,sym,W7-8
460,F8-bf-Snap-273.czi,4671.974,0,65535,Tentacle Area,0,Tentacle,VWA-32,,n/a,F8-VWA-32,VWA-32,VWA,32,sym,W7-8
461,F8-fl-Snap-272.czi,991.392,1052,65535,Symbiont Area,21.22,Tentacle,VWA-32,,21.2199811,F8-VWA-32,VWA-32,VWA,32,sym,W7-8
462,F8-bf-Snap-273.czi,0,0,65535,Tentacle Area,0,Tentacle,VWA-32,,REMOVED,F8-VWA-32,VWA-32,VWA,32,sym,W7-8
463,F8-fl-Snap-272.czi,379.691,1382,65535,Symbiont Area,0,Tentacle,VWA-32,,REMOVED,F8-VWA-32,VWA-32,VWA,32,sym,W7-8
464,F8-bf-Snap-273.czi,1197.454,0,65535,Tentacle Area,0,Tentacle,VWA-32,,n/a,F8-VWA-32,VWA-32,VWA,32,sym,W7-8
465,F8-fl-Snap-272.czi,549.86,1492,65535,Symbiont Area,45.919,Tentacle,VWA-32,,45.91909167,F8-VWA-32,VWA-32,VWA,32,sym,W7-8
466,F8-bf-Snap-273.czi,3775.072,0,65535,Tentacle Area,0,Tentacle,VWA-32,,n/a,F8-VWA-32,VWA-32,VWA,32,sym,W7-8
467,F8-fl-Snap-272.czi,1411.733,1146,65535,Symbiont Area,37.396,Tentacle,VWA-32,,37.39618741,F8-VWA-32,VWA-32,VWA,32,sym,W7-8