date,session,observer,lacerate_id,days_since_formation,tentacle_count,alive_status,notes,cohort,rate2,modified_days_since_formation,rate,genotype,temp,parent_id,tub_id,treatment
2026-02-09,Mon,Grady,P1_VWA_32_Tub1_Lacerate 1,0,0,alive,No counts were done. Accidentally,W1-2,#N/A,1.5,0,VWA,32,P1_VWA,VWA_32_Tub1,VWA_32
2026-02-09,Mon,Grady,PX_VWA_32_Tub1_Lacerate 2,0,0,alive,No counts were done. Accidentally,W1-2,#N/A,1.5,0,VWA,32,PX_VWA,VWA_32_Tub1,VWA_32
2026-02-09,Mon,Grady,PX_VWA_32_Tub2_Lacerate 1,0,0,alive,No counts were done. Accidentally,W1-2,#N/A,1.5,0,VWA,32,PX_VWA,VWA_32_Tub2,VWA_32
2026-02-09,Mon,Grady,PX_VWA_32_Tub2_Lacerate 2,0,0,alive,No counts were done. Accidentally,W1-2,#N/A,1.5,0,VWA,32,PX_VWA,VWA_32_Tub2,VWA_32
2026-02-09,Mon,Grady,P2_VWA_32_Tub3_Lacerate 1,0,0,alive,No counts were done. Accidentally,W1-2,#N/A,1.5,0,VWA,32,P2_VWA,VWA_32_Tub3,VWA_32
2026-02-09,Mon,Grady,PX_VWA_32_Tub3_Lacerate 2,0,0,alive,No counts were done. Accidentally,W1-2,#N/A,1.5,0,VWA,32,PX_VWA,VWA_32_Tub3,VWA_32
2026-02-09,Mon,Grady,P2_VWA_32_Tub3_Lacerate 3,0,0,alive,No counts were done. Accidentally,W1-2,#N/A,1.5,0,VWA,32,P2_VWA,VWA_32_Tub3,VWA_32
2026-02-09,Mon,Grady,P2_H2_32_Tub1_Lacerate 1,0,0,alive,No counts were done. Accidentally,W1-2,#N/A,1.5,0,H2,32,P2_H2,H2_32_Tub1,H2_32
2026-02-09,Mon,Grady,P3_H2_32_Tub1_Lacerate 2,0,0,alive,No counts were done. Accidentally,W1-2,#N/A,1.5,0,H2,32,P3_H2,H2_32_Tub1,H2_32
2026-02-09,Mon,Grady,P2_H2_32_Tub1_Lacerate 3,0,0,alive,No counts were done. Accidentally,W1-2,#N/A,1.5,0,H2,32,P2_H2,H2_32_Tub1,H2_32
2026-02-09,Mon,Grady,P1_H2_32_Tub2_Lacerate 1,0,0,alive,No counts were done. Accidentally,W1-2,#N/A,1.5,0,H2,32,P1_H2,H2_32_Tub2,H2_32
2026-02-09,Mon,Grady,P2_H2_32_Tub2_Lacerate 2,0,0,alive,No counts were done. Accidentally,W1-2,#N/A,1.5,0,H2,32,P2_H2,H2_32_Tub2,H2_32
2026-02-09,Mon,Grady,PX_VWA_25_Tub2_Lacerate 1,0,0,alive,No counts were done. Accidentally,W1-2,#N/A,1.5,0,VWA,25,PX_VWA,VWA_25_Tub2,VWA_25
2026-02-09,Mon,Grady,PX_VWA_25_Tub2_Lacerate 2,0,0,alive,No counts were done. Accidentally,W1-2,#N/A,1.5,0,VWA,25,PX_VWA,VWA_25_Tub2,VWA_25
2026-02-09,Mon,Grady,PX_VWA_25_Tub2_Lacerate 3,0,0,alive,No counts were done. Accidentally,W1-2,#N/A,1.5,0,VWA,25,PX_VWA,VWA_25_Tub2,VWA_25
2026-02-09,Mon,Grady,PX_VWA_25_Tub2_Lacerate 4,0,0,alive,No counts were done. Accidentally,W1-2,#N/A,1.5,0,VWA,25,PX_VWA,VWA_25_Tub2,VWA_25
2026-02-09,Mon,Grady,P3_H2_25_Tub1_Lacerate 1,0,0,alive,No counts were done. Accidentally,W1-2,#N/A,1.5,0,H2,25,P3_H2,H2_25_Tub1,H2_25
2026-02-11,Wed,Grady,P1_VWA_32_Tub1_Lacerate 1,2,9,alive,First day of count,W1-2,4.5,2,4.5,VWA,32,P1_VWA,VWA_32_Tub1,VWA_32
2026-02-11,Wed,Grady,PX_VWA_32_Tub1_Lacerate 2,2,8,alive,First day of count,W1-2,4,2,4,VWA,32,PX_VWA,VWA_32_Tub1,VWA_32
2026-02-11,Wed,Grady,PX_VWA_32_Tub2_Lacerate 2,2,9,alive,First day of count,W1-2,4.5,2,4.5,VWA,32,PX_VWA,VWA_32_Tub2,VWA_32
2026-02-11,Wed,Grady,PX_VWA_32_Tub2_Lacerate 1,2,6,alive,First day of count,W1-2,3,2,3,VWA,32,PX_VWA,VWA_32_Tub2,VWA_32
2026-02-11,Wed,Grady,PX_VWA_32_Tub3_Lacerate 4,0,12,alive,First day of count,W1-2,#N/A,1,12,VWA,32,PX_VWA,VWA_32_Tub3,VWA_32
2026-02-11,Wed,Grady,P2_VWA_32_Tub3_Lacerate 1,2,9,alive,First day of count,W1-2,4.5,2,4.5,VWA,32,P2_VWA,VWA_32_Tub3,VWA_32
2026-02-11,Wed,Grady,PX_VWA_32_Tub3_Lacerate 2,2,9,alive,First day of count,W1-2,4.5,2,4.5,VWA,32,PX_VWA,VWA_32_Tub3,VWA_32
2026-02-11,Wed,Grady,P2_VWA_32_Tub3_Lacerate 3,2,12,alive,First day of count,W1-2,6,2,6,VWA,32,P2_VWA,VWA_32_Tub3,VWA_32
2026-02-11,Wed,Grady,P2_H2_32_Tub1_Lacerate 1,2,14,alive,First day of count,W1-2,7,2,7,H2,32,P2_H2,H2_32_Tub1,H2_32
2026-02-11,Wed,Grady,P3_H2_32_Tub1_Lacerate 2,2,5,alive,First day of count,W1-2,2.5,2,2.5,H2,32,P3_H2,H2_32_Tub1,H2_32
2026-02-11,Wed,Grady,P2_H2_32_Tub1_Lacerate 3,2,3,alive,First day of count,W1-2,1.5,2,1.5,H2,32,P2_H2,H2_32_Tub1,H2_32
2026-02-11,Wed,Grady,P1_H2_32_Tub2_Lacerate 1,2,14,alive,First day of count,W1-2,7,2,7,H2,32,P1_H2,H2_32_Tub2,H2_32
2026-02-11,Wed,Grady,P2_H2_32_Tub2_Lacerate 2,2,12,alive,First day of count,W1-2,6,2,6,H2,32,P2_H2,H2_32_Tub2,H2_32
2026-02-11,Wed,Grady,P3_H2_25_Tub1_Lacerate 1,2,5,alive,First day of count,W1-2,2.5,2,2.5,H2,25,P3_H2,H2_25_Tub1,H2_25
2026-02-11,Wed,Grady,PX_VWA_25_Tub2_Lacerate 1,2,9,alive,First day of count,W1-2,4.5,2,4.5,VWA,25,PX_VWA,VWA_25_Tub2,VWA_25
2026-02-11,Wed,Grady,PX_VWA_25_Tub2_Lacerate 2,2,6,alive,First day of count,W1-2,3,2,3,VWA,25,PX_VWA,VWA_25_Tub2,VWA_25
2026-02-11,Wed,Grady,PX_VWA_25_Tub2_Lacerate 3,2,15,alive,First day of count,W1-2,7.5,2,7.5,VWA,25,PX_VWA,VWA_25_Tub2,VWA_25
2026-02-11,Wed,Grady,PX_VWA_25_Tub2_Lacerate 4,2,5,alive,First day of count,W1-2,2.5,2,2.5,VWA,25,PX_VWA,VWA_25_Tub2,VWA_25
2026-02-13,Fri,Aiden,P1_VWA_32_Tub1_Lacerate 1,4,11,alive,,W1-2,2.75,4,2.75,VWA,32,P1_VWA,VWA_32_Tub1,VWA_32
2026-02-13,Fri,Aiden,PX_VWA_32_Tub1_Lacerate 2,4,8,alive,,W1-2,2,4,2,VWA,32,PX_VWA,VWA_32_Tub1,VWA_32
2026-02-13,Fri,Aiden,PX_VWA_32_Tub2_Lacerate 2,4,,missing,"could not find lacerate, only found lacerates nearby without tentacles",W1-2,0,4,0,VWA,32,PX_VWA,VWA_32_Tub2,VWA_32
2026-02-13,Fri,Aiden,PX_VWA_32_Tub2_Lacerate 1,4,11,alive,,W1-2,2.75,4,2.75,VWA,32,PX_VWA,VWA_32_Tub2,VWA_32
2026-02-13,Fri,Aiden,PX_VWA_32_Tub3_Lacerate 4,2,14,alive,,W1-2,7,2,7,VWA,32,PX_VWA,VWA_32_Tub3,VWA_32
2026-02-13,Fri,Aiden,P2_VWA_32_Tub3_Lacerate 1,4,11,alive,,W1-2,2.75,4,2.75,VWA,32,P2_VWA,VWA_32_Tub3,VWA_32
2026-02-13,Fri,Aiden,PX_VWA_32_Tub3_Lacerate 2,4,11,alive,,W1-2,2.75,4,2.75,VWA,32,PX_VWA,VWA_32_Tub3,VWA_32
2026-02-13,Fri,Aiden,P2_VWA_32_Tub3_Lacerate 3,4,12,alive,,W1-2,3,4,3,VWA,32,P2_VWA,VWA_32_Tub3,VWA_32
2026-02-13,Fri,Aiden,P2_H2_32_Tub1_Lacerate 1,4,14,alive,,W1-2,3.5,4,3.5,H2,32,P2_H2,H2_32_Tub1,H2_32
2026-02-13,Fri,Aiden,P3_H2_32_Tub1_Lacerate 2,4,7,alive,,W1-2,1.75,4,1.75,H2,32,P3_H2,H2_32_Tub1,H2_32
2026-02-13,Fri,Aiden,P2_H2_32_Tub1_Lacerate 3,4,5,alive,,W1-2,1.25,4,1.25,H2,32,P2_H2,H2_32_Tub1,H2_32
2026-02-13,Fri,Aiden,P1_H2_32_Tub2_Lacerate 1,4,14,alive,,W1-2,3.5,4,3.5,H2,32,P1_H2,H2_32_Tub2,H2_32
2026-02-13,Fri,Aiden,P2_H2_32_Tub2_Lacerate 2,4,14,alive,...,W1-2,3.5,4,3.5,H2,32,P2_H2,H2_32_Tub2,H2_32
2026-02-13,Fri,Aiden,P3_H2_25_Tub1_Lacerate 1,4,0,alive,,W1-2,0,4,0,H2,25,P3_H2,H2_25_Tub1,H2_25
2026-02-13,Fri,Aiden,PX_VWA_25_Tub2_Lacerate 1,4,11,alive,,W1-2,2.75,4,2.75,VWA,25,PX_VWA,VWA_25_Tub2,VWA_25
2026-02-13,Fri,Aiden,PX_VWA_25_Tub2_Lacerate 2,4,8,alive,,W1-2,2,4,2,VWA,25,PX_VWA,VWA_25_Tub2,VWA_25
2026-02-13,Fri,Aiden,PX_VWA_25_Tub2_Lacerate 3,4,15,alive,,W1-2,3.75,4,3.75,VWA,25,PX_VWA,VWA_25_Tub2,VWA_25
2026-02-13,Fri,Aiden,PX_VWA_25_Tub2_Lacerate 4,4,7,alive,,W1-2,1.75,4,1.75,VWA,25,PX_VWA,VWA_25_Tub2,VWA_25
2026-02-13,Fri,Aiden,P3_H2_25_Tub1_Lacerate 2,0,0,alive,,W1-2,#N/A,1,0,H2,25,P3_H2,H2_25_Tub1,H2_25
2026-02-13,Fri,Aiden,P3_H2_25_Tub1_Lacerate 3,0,0,alive,,W1-2,#N/A,1,0,H2,25,P3_H2,H2_25_Tub1,H2_25
2026-02-13,Fri,Aiden,P3_H2_25_Tub1_Lacerate 4,0,0,alive,,W1-2,#N/A,1,0,H2,25,P3_H2,H2_25_Tub1,H2_25
2026-02-13,Fri,Aiden,P3_H2_25_Tub1_Lacerate 5,0,0,alive,,W1-2,#N/A,1,0,H2,25,P3_H2,H2_25_Tub1,H2_25
2026-02-13,Fri,Aiden,P1_VWA_25_Tub1_Lacerate 1,0,0,alive,,W1-2,#N/A,1,0,VWA,25,P1_VWA,VWA_25_Tub1,VWA_25
2026-02-13,Fri,Aiden,P2_H2_32_Tub2_Lacerate 3,0,0,alive,,W1-2,#N/A,1,0,H2,32,P2_H2,H2_32_Tub2,H2_32
2026-02-13,Fri,Aiden,P1_VWA_32_Tub2_Lacerate 3,0,0,alive,,W1-2,#N/A,1,0,VWA,32,P1_VWA,VWA_32_Tub2,VWA_32
2026-02-13,Fri,Aiden,P1_VWA_32_Tub2_Lacerate 4,0,0,alive,,W1-2,#N/A,1,0,VWA,32,P1_VWA,VWA_32_Tub2,VWA_32
2026-02-16,Mon,Grady,P1_VWA_25_Tub1_Lacerate 1,3,0,alive,,W1-2,0,3,0,VWA,25,P1_VWA,VWA_25_Tub1,VWA_25
2026-02-16,Mon,Grady,PX_VWA_25_Tub2_Lacerate 1,7,12,alive,,W1-2,1.714285714,7,1.714285714,VWA,25,PX_VWA,VWA_25_Tub2,VWA_25
2026-02-16,Mon,Grady,PX_VWA_25_Tub2_Lacerate 2,7,10,alive,,W1-2,1.428571429,7,1.428571429,VWA,25,PX_VWA,VWA_25_Tub2,VWA_25
2026-02-16,Mon,Grady,PX_VWA_25_Tub2_Lacerate 3,7,18,alive,,W1-2,2.571428571,7,2.571428571,VWA,25,PX_VWA,VWA_25_Tub2,VWA_25
2026-02-16,Mon,Grady,PX_VWA_25_Tub2_Lacerate 4,7,9,alive,,W1-2,1.285714286,7,1.285714286,VWA,25,PX_VWA,VWA_25_Tub2,VWA_25
2026-02-16,Mon,Grady,P3_H2_25_Tub1_Lacerate 1,7,10,alive,,W1-2,1.428571429,7,1.428571429,H2,25,P3_H2,H2_25_Tub1,H2_25
2026-02-16,Mon,Grady,P3_H2_25_Tub1_Lacerate 2,3,0,alive,,W1-2,0,3,0,H2,25,P3_H2,H2_25_Tub1,H2_25
2026-02-16,Mon,Grady,P3_H2_25_Tub1_Lacerate 3,3,0,alive,,W1-2,0,3,0,H2,25,P3_H2,H2_25_Tub1,H2_25
2026-02-16,Mon,Grady,P3_H2_25_Tub1_Lacerate 4,3,0,alive,,W1-2,0,3,0,H2,25,P3_H2,H2_25_Tub1,H2_25
2026-02-16,Mon,Grady,P3_H2_25_Tub1_Lacerate 5,3,0,alive,,W1-2,0,3,0,H2,25,P3_H2,H2_25_Tub1,H2_25
2026-02-16,Mon,Grady,P3_H2_25_Tub2_Lacerate 1,0,0,alive,,W1-2,#N/A,1.5,0,H2,25,P3_H2,H2_25_Tub2,H2_25
2026-02-16,Mon,Grady,P1_H2_25_Tub2_Lacerate 2,0,0,alive,,W1-2,#N/A,1.5,0,H2,25,P1_H2,H2_25_Tub2,H2_25
2026-02-16,Mon,Grady,P1_H2_25_Tub2_Lacerate 3,0,0,alive,,W1-2,#N/A,1.5,0,H2,25,P1_H2,H2_25_Tub2,H2_25
2026-02-16,Mon,Grady,P1_H2_25_Tub2_Lacerate 4,0,0,alive,,W1-2,#N/A,1.5,0,H2,25,P1_H2,H2_25_Tub2,H2_25
2026-02-16,Mon,Grady,P2_H2_25_Tub2_Lacerate 5,0,0,alive,,W1-2,#N/A,1.5,0,H2,25,P2_H2,H2_25_Tub2,H2_25
2026-02-16,Mon,Grady,P3_H2_25_Tub3_Lacerate 1,0,0,alive,,W1-2,#N/A,1.5,0,H2,25,P3_H2,H2_25_Tub3,H2_25
2026-02-16,Mon,Grady,P3_H2_25_Tub3_Lacerate 2,0,0,alive,,W1-2,#N/A,1.5,0,H2,25,P3_H2,H2_25_Tub3,H2_25
2026-02-16,Mon,Grady,P2_H2_25_Tub3_Lacerate 3,0,0,alive,,W1-2,#N/A,1.5,0,H2,25,P2_H2,H2_25_Tub3,H2_25
2026-02-16,Mon,Grady,P1_VWA_32_Tub1_Lacerate 1,7,16,alive,,W1-2,2.285714286,7,2.285714286,VWA,32,P1_VWA,VWA_32_Tub1,VWA_32
2026-02-16,Mon,Grady,PX_VWA_32_Tub1_Lacerate 2,7,16,alive,,W1-2,2.285714286,7,2.285714286,VWA,32,PX_VWA,VWA_32_Tub1,VWA_32
2026-02-16,Mon,Grady,P1_VWA_32_Tub1_Lacerate 3,0,4,alive,,W1-2,#N/A,1.5,2.666666667,VWA,32,P1_VWA,VWA_32_Tub1,VWA_32
2026-02-16,Mon,Grady,P1_VWA_32_Tub1_Lacerate 4,0,11,alive,,W1-2,#N/A,1.5,7.333333333,VWA,32,P1_VWA,VWA_32_Tub1,VWA_32
2026-02-16,Mon,Grady,PX_VWA_32_Tub2_Lacerate 1,7,15,alive,,W1-2,2.142857143,7,2.142857143,VWA,32,PX_VWA,VWA_32_Tub2,VWA_32
2026-02-16,Mon,Grady,PX_VWA_32_Tub2_Lacerate 2,7,6,alive,I think this was the missing lacerate from 2/13,W1-2,0.8571428571,7,0.8571428571,VWA,32,PX_VWA,VWA_32_Tub2,VWA_32
2026-02-16,Mon,Grady,P1_VWA_32_Tub2_Lacerate 3,3,0,alive,,W1-2,0,3,0,VWA,32,P1_VWA,VWA_32_Tub2,VWA_32
2026-02-16,Mon,Grady,P1_VWA_32_Tub2_Lacerate 4,3,0,alive,,W1-2,0,3,0,VWA,32,P1_VWA,VWA_32_Tub2,VWA_32
2026-02-16,Mon,Grady,P2_VWA_32_Tub3_Lacerate 1,7,17,alive,,W1-2,2.428571429,7,2.428571429,VWA,32,P2_VWA,VWA_32_Tub3,VWA_32
2026-02-16,Mon,Grady,PX_VWA_32_Tub3_Lacerate 2,7,14,alive,,W1-2,2,7,2,VWA,32,PX_VWA,VWA_32_Tub3,VWA_32
2026-02-16,Mon,Grady,P2_VWA_32_Tub3_Lacerate 3,7,17,alive,,W1-2,2.428571429,7,2.428571429,VWA,32,P2_VWA,VWA_32_Tub3,VWA_32
2026-02-16,Mon,Grady,PX_VWA_32_Tub3_Lacerate 4,5,16,alive,,W1-2,3.2,5,3.2,VWA,32,PX_VWA,VWA_32_Tub3,VWA_32
2026-02-16,Mon,Grady,P1_VWA_32_Tub3_Lacerate 5,0,0,alive,,W1-2,#N/A,1.5,0,VWA,32,P1_VWA,VWA_32_Tub3,VWA_32
2026-02-16,Mon,Grady,P2_H2_32_Tub1_Lacerate 1,7,18,alive,,W1-2,2.571428571,7,2.571428571,H2,32,P2_H2,H2_32_Tub1,H2_32
2026-02-16,Mon,Grady,P3_H2_32_Tub1_Lacerate 2,7,6,alive,,W1-2,0.8571428571,7,0.8571428571,H2,32,P3_H2,H2_32_Tub1,H2_32
2026-02-16,Mon,Grady,P2_H2_32_Tub1_Lacerate 3,7,6,alive,,W1-2,0.8571428571,7,0.8571428571,H2,32,P2_H2,H2_32_Tub1,H2_32
2026-02-16,Mon,Grady,PX_H2_32_Tub1_Lacerate 4,0,0,alive,,W1-2,#N/A,1.5,0,H2,32,PX_H2,H2_32_Tub1,H2_32
2026-02-16,Mon,Grady,P1_H2_32_Tub1_Lacerate 5,0,8,alive,,W1-2,#N/A,1.5,5.333333333,H2,32,P1_H2,H2_32_Tub1,H2_32
2026-02-16,Mon,Grady,P1_H2_32_Tub2_Lacerate 1,7,21,alive,,W1-2,3,7,3,H2,32,P1_H2,H2_32_Tub2,H2_32
2026-02-16,Mon,Grady,P2_H2_32_Tub2_Lacerate 2,7,18,alive,...on tub maps L2 is assigned to P1 ,W1-2,2.571428571,7,2.571428571,H2,32,P2_H2,H2_32_Tub2,H2_32
2026-02-16,Mon,Grady,P2_H2_32_Tub2_Lacerate 3,3,4,alive,,W1-2,1.333333333,3,1.333333333,H2,32,P2_H2,H2_32_Tub2,H2_32
2026-02-16,Mon,Grady,P1_H2_32_Tub2_Lacerate 4,0,10,alive,,W1-2,#N/A,1.5,6.666666667,H2,32,P1_H2,H2_32_Tub2,H2_32
2026-02-16,Mon,Grady,P1_H2_32_Tub3_Lacerate 1,0,0,alive,,W1-2,#N/A,1.5,0,H2,32,P1_H2,H2_32_Tub3,H2_32
2026-02-16,Mon,Grady,P2_H2_32_Tub3_Lacerate 2,0,0,alive,,W1-2,#N/A,1.5,0,H2,32,P2_H2,H2_32_Tub3,H2_32
2026-02-16,Mon,Grady,P3_H2_25_Tub1_Lacerate 6,0,10,alive,,W1-2,#N/A,1.5,6.666666667,H2,25,P3_H2,H2_25_Tub1,H2_25
2026-02-18,Wed,Grady,P3_H2_25_Tub1_Lacerate 1,9,3,alive,not attached,W1-2,0.3333333333,9,0.3333333333,H2,25,P3_H2,H2_25_Tub1,H2_25
2026-02-18,Wed,Grady,P3_H2_25_Tub1_Lacerate 2,5,5,alive,,W1-2,1,5,1,H2,25,P3_H2,H2_25_Tub1,H2_25
2026-02-18,Wed,Grady,P3_H2_25_Tub1_Lacerate 3,5,1,alive,,W1-2,0.2,5,0.2,H2,25,P3_H2,H2_25_Tub1,H2_25
2026-02-18,Wed,Grady,P3_H2_25_Tub1_Lacerate 4,5,10,alive,,W1-2,2,5,2,H2,25,P3_H2,H2_25_Tub1,H2_25
2026-02-18,Wed,Grady,P3_H2_25_Tub1_Lacerate 5,5,0,alive,,W1-2,0,5,0,H2,25,P3_H2,H2_25_Tub1,H2_25
2026-02-18,Wed,Grady,P3_H2_25_Tub1_Lacerate 6,2,13,alive,,W1-2,6.5,2,6.5,H2,25,P3_H2,H2_25_Tub1,H2_25
2026-02-18,Wed,Grady,P1_H2_25_Tub1_Lacerate 7,0,4,alive,,W1-2,#N/A,1,4,H2,25,P1_H2,H2_25_Tub1,H2_25
2026-02-18,Wed,Grady,P3_H2_25_Tub1_Lacerate 8,0,0,alive,,W1-2,#N/A,1,0,H2,25,P3_H2,H2_25_Tub1,H2_25
2026-02-18,Wed,Grady,P3_H2_25_Tub2_Lacerate 1,2,0,alive,,W1-2,0,2,0,H2,25,P3_H2,H2_25_Tub2,H2_25
2026-02-18,Wed,Grady,P1_H2_25_Tub2_Lacerate 2,2,,missing,,W1-2,0,2,0,H2,25,P1_H2,H2_25_Tub2,H2_25
2026-02-18,Wed,Grady,P1_H2_25_Tub2_Lacerate 3,2,,missing,,W1-2,0,2,0,H2,25,P1_H2,H2_25_Tub2,H2_25
2026-02-18,Wed,Grady,P1_H2_25_Tub2_Lacerate 4,2,0,alive,,W1-2,0,2,0,H2,25,P1_H2,H2_25_Tub2,H2_25
2026-02-18,Wed,Grady,P2_H2_25_Tub2_Lacerate 5,2,0,alive,,W1-2,0,2,0,H2,25,P2_H2,H2_25_Tub2,H2_25
2026-02-18,Wed,Grady,P2_H2_25_Tub2_Lacerate 6,0,0,alive,,W1-2,#N/A,1,0,H2,25,P2_H2,H2_25_Tub2,H2_25
2026-02-18,Wed,Grady,P2_H2_25_Tub2_Lacerate 7,0,0,alive,,W1-2,#N/A,1,0,H2,25,P2_H2,H2_25_Tub2,H2_25
2026-02-18,Wed,Grady,P3_H2_25_Tub3_Lacerate 1,2,0,alive,,W1-2,0,2,0,H2,25,P3_H2,H2_25_Tub3,H2_25
2026-02-18,Wed,Grady,P3_H2_25_Tub3_Lacerate 2,2,0,alive,,W1-2,0,2,0,H2,25,P3_H2,H2_25_Tub3,H2_25
2026-02-18,Wed,Grady,P2_H2_25_Tub3_Lacerate 3,2,0,alive,,W1-2,0,2,0,H2,25,P2_H2,H2_25_Tub3,H2_25
2026-02-18,Wed,Grady,P2_H2_25_Tub3_Lacerate 4,0,0,alive,,W1-2,#N/A,1,0,H2,25,P2_H2,H2_25_Tub3,H2_25
2026-02-18,Wed,Grady,P1_VWA_25_Tub1_Lacerate 1,5,0,alive,,W1-2,0,5,0,VWA,25,P1_VWA,VWA_25_Tub1,VWA_25
2026-02-18,Wed,Grady,P1_VWA_25_Tub1_Lacerate 2,0,0,alive,,W1-2,#N/A,1,0,VWA,25,P1_VWA,VWA_25_Tub1,VWA_25
2026-02-18,Wed,Grady,P1_VWA_25_Tub1_Lacerate 3,0,0,alive,,W1-2,#N/A,1,0,VWA,25,P1_VWA,VWA_25_Tub1,VWA_25
2026-02-18,Wed,Grady,P1_VWA_25_Tub1_Lacerate 4,0,0,alive,,W1-2,#N/A,1,0,VWA,25,P1_VWA,VWA_25_Tub1,VWA_25
2026-02-18,Wed,Grady,P1_VWA_25_Tub1_Lacerate 5,0,0,alive,,W1-2,#N/A,1,0,VWA,25,P1_VWA,VWA_25_Tub1,VWA_25
2026-02-18,Wed,Grady,P1_VWA_25_Tub1_Lacerate 6,0,0,alive,,W1-2,#N/A,1,0,VWA,25,P1_VWA,VWA_25_Tub1,VWA_25
2026-02-18,Wed,Grady,P1_VWA_25_Tub1_Lacerate 7,0,0,alive,,W1-2,#N/A,1,0,VWA,25,P1_VWA,VWA_25_Tub1,VWA_25
2026-02-18,Wed,Grady,P1_VWA_25_Tub1_Lacerate 8,0,0,alive,,W1-2,#N/A,1,0,VWA,25,P1_VWA,VWA_25_Tub1,VWA_25
2026-02-18,Wed,Grady,P2_VWA_25_Tub1_Lacerate 9,0,0,alive,,W1-2,#N/A,1,0,VWA,25,P2_VWA,VWA_25_Tub1,VWA_25
2026-02-18,Wed,Grady,PX_VWA_25_Tub2_Lacerate 1,9,11,alive,,W1-2,1.222222222,9,1.222222222,VWA,25,PX_VWA,VWA_25_Tub2,VWA_25
2026-02-18,Wed,Grady,PX_VWA_25_Tub2_Lacerate 2,9,10,alive,,W1-2,1.111111111,9,1.111111111,VWA,25,PX_VWA,VWA_25_Tub2,VWA_25
2026-02-18,Wed,Grady,PX_VWA_25_Tub2_Lacerate 3,9,20,alive,,W1-2,2.222222222,9,2.222222222,VWA,25,PX_VWA,VWA_25_Tub2,VWA_25
2026-02-18,Wed,Grady,PX_VWA_25_Tub2_Lacerate 4,9,13,alive,,W1-2,1.444444444,9,1.444444444,VWA,25,PX_VWA,VWA_25_Tub2,VWA_25
2026-02-18,Wed,Grady,P2_VWA_25_Tub2_Lacerate 5,0,8,alive,,W1-2,#N/A,1,8,VWA,25,P2_VWA,VWA_25_Tub2,VWA_25
2026-02-18,Wed,Grady,P2_VWA_25_Tub2_Lacerate 6,0,1,alive,,W1-2,#N/A,1,1,VWA,25,P2_VWA,VWA_25_Tub2,VWA_25
2026-02-18,Wed,Grady,P2_VWA_25_Tub2_Lacerate 7,0,0,alive,,W1-2,#N/A,1,0,VWA,25,P2_VWA,VWA_25_Tub2,VWA_25
2026-02-18,Wed,Grady,P2_VWA_25_Tub2_Lacerate 8,0,0,alive,,W1-2,#N/A,1,0,VWA,25,P2_VWA,VWA_25_Tub2,VWA_25
2026-02-18,Wed,Grady,P2_VWA_25_Tub2_Lacerate 9,0,0,alive,,W1-2,#N/A,1,0,VWA,25,P2_VWA,VWA_25_Tub2,VWA_25
2026-02-18,Wed,Grady,P2_VWA_25_Tub2_Lacerate 10,0,0,alive,,W1-2,#N/A,1,0,VWA,25,P2_VWA,VWA_25_Tub2,VWA_25
2026-02-18,Wed,Grady,P2_VWA_25_Tub2_Lacerate 11,0,0,alive,,W1-2,#N/A,1,0,VWA,25,P2_VWA,VWA_25_Tub2,VWA_25
2026-02-18,Wed,Grady,P1_VWA_25_Tub3_Lacerate 1,0,6,alive,,W1-2,#N/A,1,6,VWA,25,P1_VWA,VWA_25_Tub3,VWA_25
2026-02-18,Wed,Grady,P2_VWA_25_Tub3_Lacerate 2,0,0,alive,,W1-2,#N/A,1,0,VWA,25,P2_VWA,VWA_25_Tub3,VWA_25
2026-02-18,Wed,Grady,P2_H2_32_Tub1_Lacerate 1,9,19,alive,forked tentacle!,W1-2,2.111111111,9,2.111111111,H2,32,P2_H2,H2_32_Tub1,H2_32
2026-02-18,Wed,Grady,P3_H2_32_Tub1_Lacerate 2,9,,missing,,W1-2,0,9,0,H2,32,P3_H2,H2_32_Tub1,H2_32
2026-02-18,Wed,Grady,P2_H2_32_Tub1_Lacerate 3,9,21,alive,,W1-2,2.333333333,9,2.333333333,H2,32,P2_H2,H2_32_Tub1,H2_32
2026-02-18,Wed,Grady,PX_H2_32_Tub1_Lacerate 4,2,,missing,,W1-2,0,2,0,H2,32,PX_H2,H2_32_Tub1,H2_32
2026-02-18,Wed,Grady,P1_H2_32_Tub1_Lacerate 5,2,13,alive,,W1-2,6.5,2,6.5,H2,32,P1_H2,H2_32_Tub1,H2_32
2026-02-18,Wed,Grady,P3_H2_32_Tub1_Lacerate 6,2,18,alive,,W1-2,9,2,9,H2,32,P3_H2,H2_32_Tub1,H2_32
2026-02-18,Wed,Grady,P2_H2_32_Tub1_Lacerate 7,0,0,alive,,W1-2,#N/A,1,0,H2,32,P2_H2,H2_32_Tub1,H2_32
2026-02-18,Wed,Grady,P2_H2_32_Tub1_Lacerate 8,0,0,alive,,W1-2,#N/A,1,0,H2,32,P2_H2,H2_32_Tub1,H2_32
2026-02-18,Wed,Grady,P2_H2_32_Tub1_Lacerate 9,0,0,alive,,W1-2,#N/A,1,0,H2,32,P2_H2,H2_32_Tub1,H2_32
2026-02-18,Wed,Grady,P1_H2_32_Tub1_Lacerate 10,0,0,alive,,W1-2,#N/A,1,0,H2,32,P1_H2,H2_32_Tub1,H2_32
2026-02-18,Wed,Grady,P1_H2_32_Tub1_Lacerate 11,0,16,alive,,W1-2,#N/A,1,16,H2,32,P1_H2,H2_32_Tub1,H2_32
2026-02-18,Wed,Grady,P1_H2_32_Tub2_Lacerate 1,9,18,alive,,W1-2,2,9,2,H2,32,P1_H2,H2_32_Tub2,H2_32
2026-02-18,Wed,Grady,P2_H2_32_Tub2_Lacerate 2,9,18,alive,,W1-2,2,9,2,H2,32,P2_H2,H2_32_Tub2,H2_32
2026-02-18,Wed,Grady,P2_H2_32_Tub2_Lacerate 3,5,8,alive,,W1-2,1.6,5,1.6,H2,32,P2_H2,H2_32_Tub2,H2_32
2026-02-18,Wed,Grady,P1_H2_32_Tub2_Lacerate 4,2,9,alive,,W1-2,4.5,2,4.5,H2,32,P1_H2,H2_32_Tub2,H2_32
2026-02-18,Wed,Grady,P1_H2_32_Tub2_Lacerate 5,0,0,alive,,W1-2,#N/A,1,0,H2,32,P1_H2,H2_32_Tub2,H2_32
2026-02-18,Wed,Grady,P2_H2_32_Tub2_Lacerate 6,0,0,alive,,W1-2,#N/A,1,0,H2,32,P2_H2,H2_32_Tub2,H2_32
2026-02-18,Wed,Grady,P2_H2_32_Tub2_Lacerate 7,0,0,alive,,W1-2,#N/A,1,0,H2,32,P2_H2,H2_32_Tub2,H2_32
2026-02-18,Wed,Grady,PX_H2_32_Tub2_Lacerate 8,0,10,alive,,W1-2,#N/A,1,10,H2,32,PX_H2,H2_32_Tub2,H2_32
2026-02-18,Wed,Grady,P1_H2_32_Tub3_Lacerate 1,2,0,alive,,W1-2,0,2,0,H2,32,P1_H2,H2_32_Tub3,H2_32
2026-02-18,Wed,Grady,P2_H2_32_Tub3_Lacerate 2,2,0,alive,,W1-2,0,2,0,H2,32,P2_H2,H2_32_Tub3,H2_32
2026-02-18,Wed,Grady,P1_VWA_32_Tub1_Lacerate 1,9,21,alive,,W1-2,2.333333333,9,2.333333333,VWA,32,P1_VWA,VWA_32_Tub1,VWA_32
2026-02-18,Wed,Grady,PX_VWA_32_Tub1_Lacerate 2,9,16,alive,,W1-2,1.777777778,9,1.777777778,VWA,32,PX_VWA,VWA_32_Tub1,VWA_32
2026-02-18,Wed,Grady,P1_VWA_32_Tub1_Lacerate 3,2,11,alive,,W1-2,5.5,2,5.5,VWA,32,P1_VWA,VWA_32_Tub1,VWA_32
2026-02-18,Wed,Grady,P1_VWA_32_Tub1_Lacerate 4,2,13,alive,,W1-2,6.5,2,6.5,VWA,32,P1_VWA,VWA_32_Tub1,VWA_32
2026-02-18,Wed,Grady,P1_VWA_32_Tub1_Lacerate 5,0,0,alive,,W1-2,#N/A,1,0,VWA,32,P1_VWA,VWA_32_Tub1,VWA_32
2026-02-18,Wed,Grady,P1_VWA_32_Tub1_Lacerate 6,0,0,alive,,W1-2,#N/A,1,0,VWA,32,P1_VWA,VWA_32_Tub1,VWA_32
2026-02-18,Wed,Grady,PX_VWA_32_Tub2_Lacerate 1,9,13,alive,,W1-2,1.444444444,9,1.444444444,VWA,32,PX_VWA,VWA_32_Tub2,VWA_32
2026-02-18,Wed,Grady,PX_VWA_32_Tub2_Lacerate 2,9,11,alive,,W1-2,1.222222222,9,1.222222222,VWA,32,PX_VWA,VWA_32_Tub2,VWA_32
2026-02-18,Wed,Grady,P1_VWA_32_Tub2_Lacerate 3,5,0,alive,,W1-2,0,5,0,VWA,32,P1_VWA,VWA_32_Tub2,VWA_32
2026-02-18,Wed,Grady,P1_VWA_32_Tub2_Lacerate 4,5,19,alive,,W1-2,3.8,5,3.8,VWA,32,P1_VWA,VWA_32_Tub2,VWA_32
2026-02-18,Wed,Grady,P2_VWA_32_Tub3_Lacerate 1,9,17,alive,,W1-2,1.888888889,9,1.888888889,VWA,32,P2_VWA,VWA_32_Tub3,VWA_32
2026-02-18,Wed,Grady,PX_VWA_32_Tub3_Lacerate 2,9,15,alive,,W1-2,1.666666667,9,1.666666667,VWA,32,PX_VWA,VWA_32_Tub3,VWA_32
2026-02-18,Wed,Grady,P2_VWA_32_Tub3_Lacerate 3,9,16,alive,,W1-2,1.777777778,9,1.777777778,VWA,32,P2_VWA,VWA_32_Tub3,VWA_32
2026-02-18,Wed,Grady,PX_VWA_32_Tub3_Lacerate 4,7,20,alive,,W1-2,2.857142857,7,2.857142857,VWA,32,PX_VWA,VWA_32_Tub3,VWA_32
2026-02-18,Wed,Grady,P1_VWA_32_Tub3_Lacerate 5,2,0,alive,,W1-2,0,2,0,VWA,32,P1_VWA,VWA_32_Tub3,VWA_32
2026-02-20,Fri,Aiden,P3_H2_25_Tub1_Lacerate 1,11,,missing,cant find it/missing,W1-2,0,11,0,H2,25,P3_H2,H2_25_Tub1,H2_25
2026-02-20,Fri,Aiden,P3_H2_25_Tub1_Lacerate 2,7,12,alive,,W1-2,1.714285714,7,1.714285714,H2,25,P3_H2,H2_25_Tub1,H2_25
2026-02-20,Fri,Aiden,P3_H2_25_Tub1_Lacerate 3,7,1,alive,,W1-2,0.1428571429,7,0.1428571429,H2,25,P3_H2,H2_25_Tub1,H2_25
2026-02-20,Fri,Aiden,P3_H2_25_Tub1_Lacerate 4,7,,missing,cant find it/missing,W1-2,0,7,0,H2,25,P3_H2,H2_25_Tub1,H2_25
2026-02-20,Fri,Aiden,P3_H2_25_Tub1_Lacerate 5,7,10,alive,,W1-2,1.428571429,7,1.428571429,H2,25,P3_H2,H2_25_Tub1,H2_25
2026-02-20,Fri,Aiden,P3_H2_25_Tub1_Lacerate 6,4,13,alive,,W1-2,3.25,4,3.25,H2,25,P3_H2,H2_25_Tub1,H2_25
2026-02-20,Fri,Aiden,P1_H2_25_Tub1_Lacerate 7,2,10,alive,,W1-2,5,2,5,H2,25,P1_H2,H2_25_Tub1,H2_25
2026-02-20,Fri,Aiden,P3_H2_25_Tub1_Lacerate 8,2,6,alive,,W1-2,3,2,3,H2,25,P3_H2,H2_25_Tub1,H2_25
2026-02-20,Fri,Aiden,P3_H2_25_Tub1_Lacerate 9,0,0,alive,,W1-2,#N/A,1,0,H2,25,P3_H2,H2_25_Tub1,H2_25
2026-02-20,Fri,Aiden,P3_H2_25_Tub1_Lacerate 10,0,0,alive,,W1-2,#N/A,1,0,H2,25,P3_H2,H2_25_Tub1,H2_25
2026-02-20,Fri,Aiden,P3_H2_25_Tub1_Lacerate 11,0,0,alive,,W1-2,#N/A,1,0,H2,25,P3_H2,H2_25_Tub1,H2_25
2026-02-20,Fri,Aiden,P3_H2_25_Tub2_Lacerate 1,4,11,alive,,W1-2,2.75,4,2.75,H2,25,P3_H2,H2_25_Tub2,H2_25
2026-02-20,Fri,Aiden,P1_H2_25_Tub2_Lacerate 2,4,,missing,missing,W1-2,0,4,0,H2,25,P1_H2,H2_25_Tub2,H2_25
2026-02-20,Fri,Aiden,P1_H2_25_Tub2_Lacerate 3,4,,missing,missing,W1-2,0,4,0,H2,25,P1_H2,H2_25_Tub2,H2_25
2026-02-20,Fri,Aiden,P1_H2_25_Tub2_Lacerate 4,4,0,alive,,W1-2,0,4,0,H2,25,P1_H2,H2_25_Tub2,H2_25
2026-02-20,Fri,Aiden,P2_H2_25_Tub2_Lacerate 5,4,0,alive,,W1-2,0,4,0,H2,25,P2_H2,H2_25_Tub2,H2_25
2026-02-20,Fri,Aiden,P2_H2_25_Tub2_Lacerate 6,2,6,alive,,W1-2,3,2,3,H2,25,P2_H2,H2_25_Tub2,H2_25
2026-02-20,Fri,Aiden,P2_H2_25_Tub2_Lacerate 7,2,0,alive,,W1-2,0,2,0,H2,25,P2_H2,H2_25_Tub2,H2_25
2026-02-20,Fri,Aiden,P3_H2_25_Tub2_Lacerate 8,0,0,alive,,W1-2,#N/A,1,0,H2,25,P3_H2,H2_25_Tub2,H2_25
2026-02-20,Fri,Aiden,P3_H2_25_Tub2_Lacerate 9,0,0,alive,,W1-2,#N/A,1,0,H2,25,P3_H2,H2_25_Tub2,H2_25
2026-02-20,Fri,Aiden,P1_H2_25_Tub2_Lacerate 10,0,0,alive,,W1-2,#N/A,1,0,H2,25,P1_H2,H2_25_Tub2,H2_25
2026-02-20,Fri,Aiden,P1_H2_25_Tub2_Lacerate 11,0,0,alive,,W1-2,#N/A,1,0,H2,25,P1_H2,H2_25_Tub2,H2_25
2026-02-20,Fri,Aiden,P1_H2_25_Tub2_Lacerate 12,0,0,alive,,W1-2,#N/A,1,0,H2,25,P1_H2,H2_25_Tub2,H2_25
2026-02-20,Fri,Aiden,P3_H2_25_Tub3_Lacerate 1,4,0,alive,,W1-2,0,4,0,H2,25,P3_H2,H2_25_Tub3,H2_25
2026-02-20,Fri,Aiden,P3_H2_25_Tub3_Lacerate 2,4,0,alive,,W1-2,0,4,0,H2,25,P3_H2,H2_25_Tub3,H2_25
2026-02-20,Fri,Aiden,P2_H2_25_Tub3_Lacerate 3,4,12,alive,,W1-2,3,4,3,H2,25,P2_H2,H2_25_Tub3,H2_25
2026-02-20,Fri,Aiden,P2_H2_25_Tub3_Lacerate 4,2,0,alive,,W1-2,0,2,0,H2,25,P2_H2,H2_25_Tub3,H2_25
2026-02-20,Fri,Aiden,P3_H2_25_Tub3_Lacerate 5,0,0,alive,,W1-2,#N/A,1,0,H2,25,P3_H2,H2_25_Tub3,H2_25
2026-02-20,Fri,Aiden,P2_H2_25_Tub3_Lacerate 6,0,0,alive,,W1-2,#N/A,1,0,H2,25,P2_H2,H2_25_Tub3,H2_25
2026-02-20,Fri,Aiden,P1_VWA_25_Tub1_Lacerate 1,7,0,alive,,W1-2,0,7,0,VWA,25,P1_VWA,VWA_25_Tub1,VWA_25
2026-02-20,Fri,Aiden,P1_VWA_25_Tub1_Lacerate 2,2,0,alive,,W1-2,0,2,0,VWA,25,P1_VWA,VWA_25_Tub1,VWA_25
2026-02-20,Fri,Aiden,P1_VWA_25_Tub1_Lacerate 3,2,0,alive,,W1-2,0,2,0,VWA,25,P1_VWA,VWA_25_Tub1,VWA_25
2026-02-20,Fri,Aiden,P1_VWA_25_Tub1_Lacerate 4,2,0,alive,,W1-2,0,2,0,VWA,25,P1_VWA,VWA_25_Tub1,VWA_25
2026-02-20,Fri,Aiden,P1_VWA_25_Tub1_Lacerate 5,2,0,alive,,W1-2,0,2,0,VWA,25,P1_VWA,VWA_25_Tub1,VWA_25
2026-02-20,Fri,Aiden,P1_VWA_25_Tub1_Lacerate 6,2,0,alive,,W1-2,0,2,0,VWA,25,P1_VWA,VWA_25_Tub1,VWA_25
2026-02-20,Fri,Aiden,P1_VWA_25_Tub1_Lacerate 7,2,0,alive,,W1-2,0,2,0,VWA,25,P1_VWA,VWA_25_Tub1,VWA_25
2026-02-20,Fri,Aiden,P1_VWA_25_Tub1_Lacerate 8,2,0,alive,,W1-2,0,2,0,VWA,25,P1_VWA,VWA_25_Tub1,VWA_25
2026-02-20,Fri,Aiden,P2_VWA_25_Tub1_Lacerate 9,2,0,alive,,W1-2,0,2,0,VWA,25,P2_VWA,VWA_25_Tub1,VWA_25
2026-02-20,Fri,Aiden,P2_VWA_25_Tub1_Lacerate 10,0,0,alive,,W1-2,#N/A,1,0,VWA,25,P2_VWA,VWA_25_Tub1,VWA_25
2026-02-20,Fri,Aiden,P2_VWA_25_Tub1_Lacerate 11,0,0,alive,,W1-2,#N/A,1,0,VWA,25,P2_VWA,VWA_25_Tub1,VWA_25
2026-02-20,Fri,Aiden,P2_VWA_25_Tub1_Lacerate 12,0,0,alive,,W1-2,#N/A,1,0,VWA,25,P2_VWA,VWA_25_Tub1,VWA_25
2026-02-20,Fri,Aiden,P3_VWA_25_Tub1_Lacerate 13,0,0,alive,,W1-2,#N/A,1,0,VWA,25,P3_VWA,VWA_25_Tub1,VWA_25
2026-02-20,Fri,Aiden,PX_VWA_25_Tub2_Lacerate 1,11,11,alive,,W1-2,1,11,1,VWA,25,PX_VWA,VWA_25_Tub2,VWA_25
2026-02-20,Fri,Aiden,PX_VWA_25_Tub2_Lacerate 2,11,11,alive,,W1-2,1,11,1,VWA,25,PX_VWA,VWA_25_Tub2,VWA_25
2026-02-20,Fri,Aiden,PX_VWA_25_Tub2_Lacerate 3,11,22,alive,,W1-2,2,11,2,VWA,25,PX_VWA,VWA_25_Tub2,VWA_25
2026-02-20,Fri,Aiden,PX_VWA_25_Tub2_Lacerate 4,11,15,alive,,W1-2,1.363636364,11,1.363636364,VWA,25,PX_VWA,VWA_25_Tub2,VWA_25
2026-02-20,Fri,Aiden,P2_VWA_25_Tub2_Lacerate 5,2,9,alive,,W1-2,4.5,2,4.5,VWA,25,P2_VWA,VWA_25_Tub2,VWA_25
2026-02-20,Fri,Aiden,P2_VWA_25_Tub2_Lacerate 6,2,0,alive,,W1-2,0,2,0,VWA,25,P2_VWA,VWA_25_Tub2,VWA_25
2026-02-20,Fri,Aiden,P2_VWA_25_Tub2_Lacerate 7,2,0,alive,,W1-2,0,2,0,VWA,25,P2_VWA,VWA_25_Tub2,VWA_25
2026-02-20,Fri,Aiden,P2_VWA_25_Tub2_Lacerate 8,2,0,alive,,W1-2,0,2,0,VWA,25,P2_VWA,VWA_25_Tub2,VWA_25
2026-02-20,Fri,Aiden,P2_VWA_25_Tub2_Lacerate 9,2,0,alive,,W1-2,0,2,0,VWA,25,P2_VWA,VWA_25_Tub2,VWA_25
2026-02-20,Fri,Aiden,P2_VWA_25_Tub2_Lacerate 10,2,0,alive,,W1-2,0,2,0,VWA,25,P2_VWA,VWA_25_Tub2,VWA_25
2026-02-20,Fri,Aiden,P2_VWA_25_Tub2_Lacerate 11,2,0,alive,,W1-2,0,2,0,VWA,25,P2_VWA,VWA_25_Tub2,VWA_25
2026-02-20,Fri,Aiden,P2_VWA_25_Tub2_Lacerate 12,0,0,alive,,W1-2,#N/A,1,0,VWA,25,P2_VWA,VWA_25_Tub2,VWA_25
2026-02-20,Fri,Aiden,P1_VWA_25_Tub3_Lacerate 1,2,16,alive,,W1-2,8,2,8,VWA,25,P1_VWA,VWA_25_Tub3,VWA_25
2026-02-20,Fri,Aiden,P2_VWA_25_Tub3_Lacerate 2,2,0,alive,,W1-2,0,2,0,VWA,25,P2_VWA,VWA_25_Tub3,VWA_25
2026-02-20,Fri,Aiden,P2_H2_32_Tub1_Lacerate 1,11,19,alive,,W1-2,1.727272727,11,1.727272727,H2,32,P2_H2,H2_32_Tub1,H2_32
2026-02-20,Fri,Aiden,P3_H2_32_Tub1_Lacerate 2,11,,missing,,W1-2,0,11,0,H2,32,P3_H2,H2_32_Tub1,H2_32
2026-02-20,Fri,Aiden,P2_H2_32_Tub1_Lacerate 3,11,22,alive,,W1-2,2,11,2,H2,32,P2_H2,H2_32_Tub1,H2_32
2026-02-20,Fri,Aiden,PX_H2_32_Tub1_Lacerate 4,4,,missing,,W1-2,0,4,0,H2,32,PX_H2,H2_32_Tub1,H2_32
2026-02-20,Fri,Aiden,P1_H2_32_Tub1_Lacerate 5,4,15,alive,,W1-2,3.75,4,3.75,H2,32,P1_H2,H2_32_Tub1,H2_32
2026-02-20,Fri,Aiden,P3_H2_32_Tub1_Lacerate 6,4,20,alive,,W1-2,5,4,5,H2,32,P3_H2,H2_32_Tub1,H2_32
2026-02-20,Fri,Aiden,P2_H2_32_Tub1_Lacerate 7,2,8,alive,,W1-2,4,2,4,H2,32,P2_H2,H2_32_Tub1,H2_32
2026-02-20,Fri,Aiden,P2_H2_32_Tub1_Lacerate 8,2,8,alive,,W1-2,4,2,4,H2,32,P2_H2,H2_32_Tub1,H2_32
2026-02-20,Fri,Aiden,P2_H2_32_Tub1_Lacerate 9,2,10,alive,,W1-2,5,2,5,H2,32,P2_H2,H2_32_Tub1,H2_32
2026-02-20,Fri,Aiden,P1_H2_32_Tub1_Lacerate 10,2,9,alive,,W1-2,4.5,2,4.5,H2,32,P1_H2,H2_32_Tub1,H2_32
2026-02-20,Fri,Aiden,P1_H2_32_Tub1_Lacerate 11,2,18,alive,,W1-2,9,2,9,H2,32,P1_H2,H2_32_Tub1,H2_32
2026-02-20,Fri,Aiden,P1_H2_32_Tub2_Lacerate 1,11,20,alive,,W1-2,1.818181818,11,1.818181818,H2,32,P1_H2,H2_32_Tub2,H2_32
2026-02-20,Fri,Aiden,P2_H2_32_Tub2_Lacerate 2,11,18,alive,,W1-2,1.636363636,11,1.636363636,H2,32,P2_H2,H2_32_Tub2,H2_32
2026-02-20,Fri,Aiden,P2_H2_32_Tub2_Lacerate 3,7,9,alive,,W1-2,1.285714286,7,1.285714286,H2,32,P2_H2,H2_32_Tub2,H2_32
2026-02-20,Fri,Aiden,P1_H2_32_Tub2_Lacerate 4,4,10,alive,,W1-2,2.5,4,2.5,H2,32,P1_H2,H2_32_Tub2,H2_32
2026-02-20,Fri,Aiden,P1_H2_32_Tub2_Lacerate 5,2,0,alive,,W1-2,0,2,0,H2,32,P1_H2,H2_32_Tub2,H2_32
2026-02-20,Fri,Aiden,P2_H2_32_Tub2_Lacerate 6,2,0,alive,,W1-2,0,2,0,H2,32,P2_H2,H2_32_Tub2,H2_32
2026-02-20,Fri,Aiden,P2_H2_32_Tub2_Lacerate 7,2,0,alive,,W1-2,0,2,0,H2,32,P2_H2,H2_32_Tub2,H2_32
2026-02-20,Fri,Aiden,PX_H2_32_Tub2_Lacerate 8,2,0,alive,,W1-2,0,2,0,H2,32,PX_H2,H2_32_Tub2,H2_32
2026-02-20,Fri,Aiden,P2_H2_32_Tub2_Lacerate 9,0,0,alive,,W1-2,#N/A,1,0,H2,32,P2_H2,H2_32_Tub2,H2_32
2026-02-20,Fri,Aiden,P2_H2_32_Tub2_Lacerate 10,0,0,alive,,W1-2,#N/A,1,0,H2,32,P2_H2,H2_32_Tub2,H2_32
2026-02-20,Fri,Aiden,P2_H2_32_Tub2_Lacerate 11,0,0,alive,,W1-2,#N/A,1,0,H2,32,P2_H2,H2_32_Tub2,H2_32
2026-02-20,Fri,Aiden,P1_H2_32_Tub2_Lacerate 12,0,0,alive,,W1-2,#N/A,1,0,H2,32,P1_H2,H2_32_Tub2,H2_32
2026-02-20,Fri,Aiden,P1_H2_32_Tub2_Lacerate 13,0,0,alive,,W1-2,#N/A,1,0,H2,32,P1_H2,H2_32_Tub2,H2_32
2026-02-20,Fri,Aiden,P1_H2_32_Tub2_Lacerate 14,0,0,alive,,W1-2,#N/A,1,0,H2,32,P1_H2,H2_32_Tub2,H2_32
2026-02-20,Fri,Aiden,P1_H2_32_Tub2_Lacerate 15,0,0,alive,,W1-2,#N/A,1,0,H2,32,P1_H2,H2_32_Tub2,H2_32
2026-02-20,Fri,Aiden,P1_H2_32_Tub3_Lacerate 1,4,0,alive,,W1-2,0,4,0,H2,32,P1_H2,H2_32_Tub3,H2_32
2026-02-20,Fri,Aiden,P2_H2_32_Tub3_Lacerate 2,4,0,alive,,W1-2,0,4,0,H2,32,P2_H2,H2_32_Tub3,H2_32
2026-02-20,Fri,Aiden,P2_H2_32_Tub3_Lacerate 3,0,0,alive,,W1-2,#N/A,1,0,H2,32,P2_H2,H2_32_Tub3,H2_32
2026-02-20,Fri,Aiden,P3_H2_32_Tub3_Lacerate 4,0,0,alive,,W1-2,#N/A,1,0,H2,32,P3_H2,H2_32_Tub3,H2_32
2026-02-20,Fri,Aiden,P1_VWA_32_Tub1_Lacerate 1,11,21,alive,,W1-2,1.909090909,11,1.909090909,VWA,32,P1_VWA,VWA_32_Tub1,VWA_32
2026-02-20,Fri,Aiden,PX_VWA_32_Tub1_Lacerate 2,11,18,alive,,W1-2,1.636363636,11,1.636363636,VWA,32,PX_VWA,VWA_32_Tub1,VWA_32
2026-02-20,Fri,Aiden,P1_VWA_32_Tub1_Lacerate 3,4,12,alive,,W1-2,3,4,3,VWA,32,P1_VWA,VWA_32_Tub1,VWA_32
2026-02-20,Fri,Aiden,P1_VWA_32_Tub1_Lacerate 4,4,15,alive,,W1-2,3.75,4,3.75,VWA,32,P1_VWA,VWA_32_Tub1,VWA_32
2026-02-20,Fri,Aiden,P1_VWA_32_Tub1_Lacerate 5,2,0,alive,,W1-2,0,2,0,VWA,32,P1_VWA,VWA_32_Tub1,VWA_32
2026-02-20,Fri,Aiden,P1_VWA_32_Tub1_Lacerate 6,2,0,alive,,W1-2,0,2,0,VWA,32,P1_VWA,VWA_32_Tub1,VWA_32
2026-02-20,Fri,Aiden,P1_VWA_32_Tub1_Lacerate 7,0,0,alive,,W1-2,#N/A,1,0,VWA,32,P1_VWA,VWA_32_Tub1,VWA_32
2026-02-20,Fri,Aiden,P1_VWA_32_Tub1_Lacerate 8,0,0,alive,,W1-2,#N/A,1,0,VWA,32,P1_VWA,VWA_32_Tub1,VWA_32
2026-02-20,Fri,Aiden,P3_VWA_32_Tub1_Lacerate 9,0,0,alive,,W1-2,#N/A,1,0,VWA,32,P3_VWA,VWA_32_Tub1,VWA_32
2026-02-20,Fri,Aiden,PX_VWA_32_Tub2_Lacerate 1,11,20,alive,,W1-2,1.818181818,11,1.818181818,VWA,32,PX_VWA,VWA_32_Tub2,VWA_32
2026-02-20,Fri,Aiden,PX_VWA_32_Tub2_Lacerate 2,11,12,alive,,W1-2,1.090909091,11,1.090909091,VWA,32,PX_VWA,VWA_32_Tub2,VWA_32
2026-02-20,Fri,Aiden,P1_VWA_32_Tub2_Lacerate 3,7,0,alive,,W1-2,0,7,0,VWA,32,P1_VWA,VWA_32_Tub2,VWA_32
2026-02-20,Fri,Aiden,P1_VWA_32_Tub2_Lacerate 4,7,17,alive,,W1-2,2.428571429,7,2.428571429,VWA,32,P1_VWA,VWA_32_Tub2,VWA_32
2026-02-20,Fri,Aiden,P2_VWA_32_Tub3_Lacerate 1,11,19,alive,,W1-2,1.727272727,11,1.727272727,VWA,32,P2_VWA,VWA_32_Tub3,VWA_32
2026-02-20,Fri,Aiden,PX_VWA_32_Tub3_Lacerate 2,11,19,alive,,W1-2,1.727272727,11,1.727272727,VWA,32,PX_VWA,VWA_32_Tub3,VWA_32
2026-02-20,Fri,Aiden,P2_VWA_32_Tub3_Lacerate 3,11,21,alive,,W1-2,1.909090909,11,1.909090909,VWA,32,P2_VWA,VWA_32_Tub3,VWA_32
2026-02-20,Fri,Aiden,PX_VWA_32_Tub3_Lacerate 4,9,20,alive,,W1-2,2.222222222,9,2.222222222,VWA,32,PX_VWA,VWA_32_Tub3,VWA_32
2026-02-20,Fri,Aiden,P1_VWA_32_Tub3_Lacerate 5,4,0,alive,,W1-2,0,4,0,VWA,32,P1_VWA,VWA_32_Tub3,VWA_32
2026-02-23,Mon,Grady,P3_H2_25_Tub1_Lacerate 1,14,,missing,,W1-2,0,14,0,H2,25,P3_H2,H2_25_Tub1,H2_25
2026-02-23,Mon,Grady,P3_H2_25_Tub1_Lacerate 2,10,14,alive,,W1-2,1.4,10,1.4,H2,25,P3_H2,H2_25_Tub1,H2_25
2026-02-23,Mon,Grady,P3_H2_25_Tub1_Lacerate 3,10,8,alive,,W1-2,0.8,10,0.8,H2,25,P3_H2,H2_25_Tub1,H2_25
2026-02-23,Mon,Grady,P3_H2_25_Tub1_Lacerate 4,10,,missing,,W1-2,0,10,0,H2,25,P3_H2,H2_25_Tub1,H2_25
2026-02-23,Mon,Grady,P3_H2_25_Tub1_Lacerate 5,10,12,alive,,W1-2,1.2,10,1.2,H2,25,P3_H2,H2_25_Tub1,H2_25
2026-02-23,Mon,Grady,P3_H2_25_Tub1_Lacerate 6,7,21,alive,,W1-2,3,7,3,H2,25,P3_H2,H2_25_Tub1,H2_25
2026-02-23,Mon,Grady,P1_H2_25_Tub1_Lacerate 7,5,9,alive,,W1-2,1.8,5,1.8,H2,25,P1_H2,H2_25_Tub1,H2_25
2026-02-23,Mon,Grady,P3_H2_25_Tub1_Lacerate 8,5,14,alive,,W1-2,2.8,5,2.8,H2,25,P3_H2,H2_25_Tub1,H2_25
2026-02-23,Mon,Grady,P3_H2_25_Tub1_Lacerate 9,3,10,alive,,W1-2,3.333333333,3,3.333333333,H2,25,P3_H2,H2_25_Tub1,H2_25
2026-02-23,Mon,Grady,P3_H2_25_Tub1_Lacerate 10,3,8,alive,,W1-2,2.666666667,3,2.666666667,H2,25,P3_H2,H2_25_Tub1,H2_25
2026-02-23,Mon,Grady,P3_H2_25_Tub1_Lacerate 11,3,12,alive,,W1-2,4,3,4,H2,25,P3_H2,H2_25_Tub1,H2_25
2026-02-23,Mon,Grady,PX_H2_25_Tub1_Lacerate 12,0,6,alive,,W1-2,#N/A,1.5,4,H2,25,PX_H2,H2_25_Tub1,H2_25
2026-02-23,Mon,Grady,PX_H2_25_Tub1_Lacerate 13,0,11,alive,,W1-2,#N/A,1.5,7.333333333,H2,25,PX_H2,H2_25_Tub1,H2_25
2026-02-23,Mon,Grady,P3_H2_25_Tub2_Lacerate 1,7,7,alive,,W1-2,1,7,1,H2,25,P3_H2,H2_25_Tub2,H2_25
2026-02-23,Mon,Grady,P1_H2_25_Tub2_Lacerate 2,7,,missing,,W1-2,0,7,0,H2,25,P1_H2,H2_25_Tub2,H2_25
2026-02-23,Mon,Grady,P1_H2_25_Tub2_Lacerate 3,7,,missing,,W1-2,0,7,0,H2,25,P1_H2,H2_25_Tub2,H2_25
2026-02-23,Mon,Grady,P1_H2_25_Tub2_Lacerate 4,7,6,alive,,W1-2,0.8571428571,7,0.8571428571,H2,25,P1_H2,H2_25_Tub2,H2_25
2026-02-23,Mon,Grady,P2_H2_25_Tub2_Lacerate 5,7,0,alive,,W1-2,0,7,0,H2,25,P2_H2,H2_25_Tub2,H2_25
2026-02-23,Mon,Grady,P2_H2_25_Tub2_Lacerate 6,5,4,alive,,W1-2,0.8,5,0.8,H2,25,P2_H2,H2_25_Tub2,H2_25
2026-02-23,Mon,Grady,P2_H2_25_Tub2_Lacerate 7,5,0,alive,,W1-2,0,5,0,H2,25,P2_H2,H2_25_Tub2,H2_25
2026-02-23,Mon,Grady,P3_H2_25_Tub2_Lacerate 8,3,0,missing,,W1-2,0,3,0,H2,25,P3_H2,H2_25_Tub2,H2_25
2026-02-23,Mon,Grady,P3_H2_25_Tub2_Lacerate 9,3,0,missing,,W1-2,0,3,0,H2,25,P3_H2,H2_25_Tub2,H2_25
2026-02-23,Mon,Grady,P1_H2_25_Tub2_Lacerate 10,3,3,alive,,W1-2,1,3,1,H2,25,P1_H2,H2_25_Tub2,H2_25
2026-02-23,Mon,Grady,P1_H2_25_Tub2_Lacerate 11,3,0,alive,,W1-2,0,3,0,H2,25,P1_H2,H2_25_Tub2,H2_25
2026-02-23,Mon,Grady,P1_H2_25_Tub2_Lacerate 12,3,4,alive,,W1-2,1.333333333,3,1.333333333,H2,25,P1_H2,H2_25_Tub2,H2_25
2026-02-23,Mon,Grady,P3_H2_25_Tub3_Lacerate 1,7,0,alive,,W1-2,0,7,0,H2,25,P3_H2,H2_25_Tub3,H2_25
2026-02-23,Mon,Grady,P3_H2_25_Tub3_Lacerate 2,7,0,alive,,W1-2,0,7,0,H2,25,P3_H2,H2_25_Tub3,H2_25
2026-02-23,Mon,Grady,P2_H2_25_Tub3_Lacerate 3,7,9,alive,,W1-2,1.285714286,7,1.285714286,H2,25,P2_H2,H2_25_Tub3,H2_25
2026-02-23,Mon,Grady,P2_H2_25_Tub3_Lacerate 4,5,10,alive,,W1-2,2,5,2,H2,25,P2_H2,H2_25_Tub3,H2_25
2026-02-23,Mon,Grady,P3_H2_25_Tub3_Lacerate 5,3,6,alive,,W1-2,2,3,2,H2,25,P3_H2,H2_25_Tub3,H2_25
2026-02-23,Mon,Grady,P2_H2_25_Tub3_Lacerate 6,3,0,alive,,W1-2,0,3,0,H2,25,P2_H2,H2_25_Tub3,H2_25
2026-02-23,Mon,Grady,P1_H2_25_Tub3_Lacerate 7,0,4,alive,,W1-2,#N/A,1.5,2.666666667,H2,25,P1_H2,H2_25_Tub3,H2_25
2026-02-23,Mon,Grady,P1_H2_25_Tub3_Lacerate 8,0,7,alive,,W1-2,#N/A,1.5,4.666666667,H2,25,P1_H2,H2_25_Tub3,H2_25
2026-02-23,Mon,Grady,P1_H2_25_Tub3_Lacerate 9,0,8,alive,,W1-2,#N/A,1.5,5.333333333,H2,25,P1_H2,H2_25_Tub3,H2_25
2026-02-23,Mon,Grady,P1_VWA_25_Tub1_Lacerate 1,10,,missing,,W1-2,0,10,0,VWA,25,P1_VWA,VWA_25_Tub1,VWA_25
2026-02-23,Mon,Grady,P1_VWA_25_Tub1_Lacerate 2,5,0,alive,,W1-2,0,5,0,VWA,25,P1_VWA,VWA_25_Tub1,VWA_25
2026-02-23,Mon,Grady,P1_VWA_25_Tub1_Lacerate 3,5,0,alive,,W1-2,0,5,0,VWA,25,P1_VWA,VWA_25_Tub1,VWA_25
2026-02-23,Mon,Grady,P1_VWA_25_Tub1_Lacerate 4,5,0,alive,,W1-2,0,5,0,VWA,25,P1_VWA,VWA_25_Tub1,VWA_25
2026-02-23,Mon,Grady,P1_VWA_25_Tub1_Lacerate 5,5,0,alive,,W1-2,0,5,0,VWA,25,P1_VWA,VWA_25_Tub1,VWA_25
2026-02-23,Mon,Grady,P1_VWA_25_Tub1_Lacerate 6,5,0,alive,,W1-2,0,5,0,VWA,25,P1_VWA,VWA_25_Tub1,VWA_25
2026-02-23,Mon,Grady,P1_VWA_25_Tub1_Lacerate 7,5,0,alive,,W1-2,0,5,0,VWA,25,P1_VWA,VWA_25_Tub1,VWA_25
2026-02-23,Mon,Grady,P1_VWA_25_Tub1_Lacerate 8,5,0,alive,,W1-2,0,5,0,VWA,25,P1_VWA,VWA_25_Tub1,VWA_25
2026-02-23,Mon,Grady,P2_VWA_25_Tub1_Lacerate 9,5,0,alive,,W1-2,0,5,0,VWA,25,P2_VWA,VWA_25_Tub1,VWA_25
2026-02-23,Mon,Grady,P2_VWA_25_Tub1_Lacerate 10,3,0,alive,,W1-2,0,3,0,VWA,25,P2_VWA,VWA_25_Tub1,VWA_25
2026-02-23,Mon,Grady,P2_VWA_25_Tub1_Lacerate 11,3,0,alive,,W1-2,0,3,0,VWA,25,P2_VWA,VWA_25_Tub1,VWA_25
2026-02-23,Mon,Grady,P2_VWA_25_Tub1_Lacerate 12,3,,missing,,W1-2,0,3,0,VWA,25,P2_VWA,VWA_25_Tub1,VWA_25
2026-02-23,Mon,Grady,P3_VWA_25_Tub1_Lacerate 13,3,0,alive,,W1-2,0,3,0,VWA,25,P3_VWA,VWA_25_Tub1,VWA_25
2026-02-23,Mon,Grady,PX_VWA_25_Tub2_Lacerate 1,14,24,alive,,W1-2,1.714285714,14,1.714285714,VWA,25,PX_VWA,VWA_25_Tub2,VWA_25
2026-02-23,Mon,Grady,PX_VWA_25_Tub2_Lacerate 2,14,12,alive,,W1-2,0.8571428571,14,0.8571428571,VWA,25,PX_VWA,VWA_25_Tub2,VWA_25
2026-02-23,Mon,Grady,PX_VWA_25_Tub2_Lacerate 3,14,20,alive,,W1-2,1.428571429,14,1.428571429,VWA,25,PX_VWA,VWA_25_Tub2,VWA_25
2026-02-23,Mon,Grady,PX_VWA_25_Tub2_Lacerate 4,14,16,alive,,W1-2,1.142857143,14,1.142857143,VWA,25,PX_VWA,VWA_25_Tub2,VWA_25
2026-02-23,Mon,Grady,P2_VWA_25_Tub2_Lacerate 5,5,9,alive,,W1-2,1.8,5,1.8,VWA,25,P2_VWA,VWA_25_Tub2,VWA_25
2026-02-23,Mon,Grady,P2_VWA_25_Tub2_Lacerate 6,5,0,alive,,W1-2,0,5,0,VWA,25,P2_VWA,VWA_25_Tub2,VWA_25
2026-02-23,Mon,Grady,P2_VWA_25_Tub2_Lacerate 7,5,0,alive,,W1-2,0,5,0,VWA,25,P2_VWA,VWA_25_Tub2,VWA_25
2026-02-23,Mon,Grady,P2_VWA_25_Tub2_Lacerate 8,5,0,alive,,W1-2,0,5,0,VWA,25,P2_VWA,VWA_25_Tub2,VWA_25
2026-02-23,Mon,Grady,P2_VWA_25_Tub2_Lacerate 9,5,0,alive,,W1-2,0,5,0,VWA,25,P2_VWA,VWA_25_Tub2,VWA_25
2026-02-23,Mon,Grady,P2_VWA_25_Tub2_Lacerate 10,5,0,alive,,W1-2,0,5,0,VWA,25,P2_VWA,VWA_25_Tub2,VWA_25
2026-02-23,Mon,Grady,P2_VWA_25_Tub2_Lacerate 11,5,0,alive,,W1-2,0,5,0,VWA,25,P2_VWA,VWA_25_Tub2,VWA_25
2026-02-23,Mon,Grady,P2_VWA_25_Tub2_Lacerate 12,3,0,alive,,W1-2,0,3,0,VWA,25,P2_VWA,VWA_25_Tub2,VWA_25
2026-02-23,Mon,Grady,PX_VWA_25_Tub2_Lacerate 13,0,16,alive,,W1-2,#N/A,1.5,10.66666667,VWA,25,PX_VWA,VWA_25_Tub2,VWA_25
2026-02-23,Mon,Grady,P1_VWA_25_Tub3_Lacerate 1,5,15,alive,,W1-2,3,5,3,VWA,25,P1_VWA,VWA_25_Tub3,VWA_25
2026-02-23,Mon,Grady,P2_VWA_25_Tub3_Lacerate 2,5,0,alive,,W1-2,0,5,0,VWA,25,P2_VWA,VWA_25_Tub3,VWA_25
2026-02-23,Mon,Grady,P2_VWA_25_Tub3_Lacerate 3,0,0,alive,,W1-2,#N/A,1.5,0,VWA,25,P2_VWA,VWA_25_Tub3,VWA_25
2026-02-23,Mon,Grady,P2_VWA_25_Tub3_Lacerate 4,0,0,alive,,W1-2,#N/A,1.5,0,VWA,25,P2_VWA,VWA_25_Tub3,VWA_25
2026-02-23,Mon,Grady,P2_H2_32_Tub1_Lacerate 1,14,21,alive,,W1-2,1.5,14,1.5,H2,32,P2_H2,H2_32_Tub1,H2_32
2026-02-23,Mon,Grady,P3_H2_32_Tub1_Lacerate 2,14,,missing,,W1-2,0,14,0,H2,32,P3_H2,H2_32_Tub1,H2_32
2026-02-23,Mon,Grady,P2_H2_32_Tub1_Lacerate 3,14,21,alive,,W1-2,1.5,14,1.5,H2,32,P2_H2,H2_32_Tub1,H2_32
2026-02-23,Mon,Grady,PX_H2_32_Tub1_Lacerate 4,7,,missing,,W1-2,0,7,0,H2,32,PX_H2,H2_32_Tub1,H2_32
2026-02-23,Mon,Grady,P1_H2_32_Tub1_Lacerate 5,7,14,alive,,W1-2,2,7,2,H2,32,P1_H2,H2_32_Tub1,H2_32
2026-02-23,Mon,Grady,P3_H2_32_Tub1_Lacerate 6,7,10,alive,,W1-2,1.428571429,7,1.428571429,H2,32,P3_H2,H2_32_Tub1,H2_32
2026-02-23,Mon,Grady,P2_H2_32_Tub1_Lacerate 7,5,13,alive,,W1-2,2.6,5,2.6,H2,32,P2_H2,H2_32_Tub1,H2_32
2026-02-23,Mon,Grady,P2_H2_32_Tub1_Lacerate 8,5,11,alive,,W1-2,2.2,5,2.2,H2,32,P2_H2,H2_32_Tub1,H2_32
2026-02-23,Mon,Grady,P2_H2_32_Tub1_Lacerate 9,5,13,alive,,W1-2,2.6,5,2.6,H2,32,P2_H2,H2_32_Tub1,H2_32
2026-02-23,Mon,Grady,P1_H2_32_Tub1_Lacerate 10,5,9,alive,,W1-2,1.8,5,1.8,H2,32,P1_H2,H2_32_Tub1,H2_32
2026-02-23,Mon,Grady,P1_H2_32_Tub1_Lacerate 11,5,19,alive,,W1-2,3.8,5,3.8,H2,32,P1_H2,H2_32_Tub1,H2_32
2026-02-23,Mon,Grady,PX_H2_32_Tub1_Lacerate 12,0,16,alive,,W1-2,#N/A,1.5,10.66666667,H2,32,PX_H2,H2_32_Tub1,H2_32
2026-02-23,Mon,Grady,PX_H2_32_Tub1_Lacerate 13,0,13,alive,,W1-2,#N/A,1.5,8.666666667,H2,32,PX_H2,H2_32_Tub1,H2_32
2026-02-23,Mon,Grady,PX_H2_32_Tub1_Lacerate 14,0,12,alive,,W1-2,#N/A,1.5,8,H2,32,PX_H2,H2_32_Tub1,H2_32
2026-02-23,Mon,Grady,P1_H2_32_Tub1_Lacerate 15,0,12,alive,,W1-2,#N/A,1.5,8,H2,32,P1_H2,H2_32_Tub1,H2_32
2026-02-23,Mon,Grady,P1_H2_32_Tub1_Lacerate 16,0,2,alive,,W1-2,#N/A,1.5,1.333333333,H2,32,P1_H2,H2_32_Tub1,H2_32
2026-02-23,Mon,Grady,P1_H2_32_Tub1_Lacerate 17,0,3,alive,,W1-2,#N/A,1.5,2,H2,32,P1_H2,H2_32_Tub1,H2_32
2026-02-23,Mon,Grady,P1_H2_32_Tub1_Lacerate 18,0,10,alive,,W1-2,#N/A,1.5,6.666666667,H2,32,P1_H2,H2_32_Tub1,H2_32
2026-02-23,Mon,Grady,P1_H2_32_Tub1_Lacerate 19,0,12,alive,,W1-2,#N/A,1.5,8,H2,32,P1_H2,H2_32_Tub1,H2_32
2026-02-23,Mon,Grady,P1_H2_32_Tub1_Lacerate 20,0,12,alive,,W1-2,#N/A,1.5,8,H2,32,P1_H2,H2_32_Tub1,H2_32
2026-02-23,Mon,Grady,P1_H2_32_Tub1_Lacerate 21,0,11,alive,,W1-2,#N/A,1.5,7.333333333,H2,32,P1_H2,H2_32_Tub1,H2_32
2026-02-23,Mon,Grady,P1_H2_32_Tub1_Lacerate 22,0,10,alive,,W1-2,#N/A,1.5,6.666666667,H2,32,P1_H2,H2_32_Tub1,H2_32
2026-02-23,Mon,Grady,P1_H2_32_Tub1_Lacerate 23,0,11,alive,,W1-2,#N/A,1.5,7.333333333,H2,32,P1_H2,H2_32_Tub1,H2_32
2026-02-23,Mon,Grady,P1_H2_32_Tub2_Lacerate 1,14,18,alive,,W1-2,1.285714286,14,1.285714286,H2,32,P1_H2,H2_32_Tub2,H2_32
2026-02-23,Mon,Grady,P2_H2_32_Tub2_Lacerate 2,14,11,alive,,W1-2,0.7857142857,14,0.7857142857,H2,32,P2_H2,H2_32_Tub2,H2_32
2026-02-23,Mon,Grady,P2_H2_32_Tub2_Lacerate 3,10,8,alive,,W1-2,0.8,10,0.8,H2,32,P2_H2,H2_32_Tub2,H2_32
2026-02-23,Mon,Grady,P1_H2_32_Tub2_Lacerate 4,7,7,alive,,W1-2,1,7,1,H2,32,P1_H2,H2_32_Tub2,H2_32
2026-02-23,Mon,Grady,P1_H2_32_Tub2_Lacerate 5,5,8,alive,,W1-2,1.6,5,1.6,H2,32,P1_H2,H2_32_Tub2,H2_32
2026-02-23,Mon,Grady,P2_H2_32_Tub2_Lacerate 6,5,3,alive,,W1-2,0.6,5,0.6,H2,32,P2_H2,H2_32_Tub2,H2_32
2026-02-23,Mon,Grady,P2_H2_32_Tub2_Lacerate 7,5,0,alive,,W1-2,0,5,0,H2,32,P2_H2,H2_32_Tub2,H2_32
2026-02-23,Mon,Grady,PX_H2_32_Tub2_Lacerate 8,5,11,alive,,W1-2,2.2,5,2.2,H2,32,PX_H2,H2_32_Tub2,H2_32
2026-02-23,Mon,Grady,P2_H2_32_Tub2_Lacerate 9,3,3,alive,,W1-2,1,3,1,H2,32,P2_H2,H2_32_Tub2,H2_32
2026-02-23,Mon,Grady,P2_H2_32_Tub2_Lacerate 10,3,5,alive,,W1-2,1.666666667,3,1.666666667,H2,32,P2_H2,H2_32_Tub2,H2_32
2026-02-23,Mon,Grady,P2_H2_32_Tub2_Lacerate 11,3,5,alive,,W1-2,1.666666667,3,1.666666667,H2,32,P2_H2,H2_32_Tub2,H2_32
2026-02-23,Mon,Grady,P1_H2_32_Tub2_Lacerate 12,3,7,alive,,W1-2,2.333333333,3,2.333333333,H2,32,P1_H2,H2_32_Tub2,H2_32
2026-02-23,Mon,Grady,P1_H2_32_Tub2_Lacerate 13,3,6,alive,,W1-2,2,3,2,H2,32,P1_H2,H2_32_Tub2,H2_32
2026-02-23,Mon,Grady,P1_H2_32_Tub2_Lacerate 14,3,3,alive,,W1-2,1,3,1,H2,32,P1_H2,H2_32_Tub2,H2_32
2026-02-23,Mon,Grady,P1_H2_32_Tub2_Lacerate 15,3,3,alive,,W1-2,1,3,1,H2,32,P1_H2,H2_32_Tub2,H2_32
2026-02-23,Mon,Grady,PX_H2_32_Tub2_Lacerate 16,0,8,alive,,W1-2,#N/A,1.5,5.333333333,H2,32,PX_H2,H2_32_Tub2,H2_32
2026-02-23,Mon,Grady,PX_H2_32_Tub2_Lacerate 17,0,9,alive,,W1-2,#N/A,1.5,6,H2,32,PX_H2,H2_32_Tub2,H2_32
2026-02-23,Mon,Grady,PX_H2_32_Tub2_Lacerate 18,0,10,alive,,W1-2,#N/A,1.5,6.666666667,H2,32,PX_H2,H2_32_Tub2,H2_32
2026-02-23,Mon,Grady,P1_H2_32_Tub3_Lacerate 1,7,0,alive,,W1-2,0,7,0,H2,32,P1_H2,H2_32_Tub3,H2_32
2026-02-23,Mon,Grady,P2_H2_32_Tub3_Lacerate 2,7,0,alive,,W1-2,0,7,0,H2,32,P2_H2,H2_32_Tub3,H2_32
2026-02-23,Mon,Grady,P2_H2_32_Tub3_Lacerate 3,3,12,alive,,W1-2,4,3,4,H2,32,P2_H2,H2_32_Tub3,H2_32
2026-02-23,Mon,Grady,P3_H2_32_Tub3_Lacerate 4,3,5,alive,,W1-2,1.666666667,3,1.666666667,H2,32,P3_H2,H2_32_Tub3,H2_32
2026-02-23,Mon,Grady,P2_H2_32_Tub3_Lacerate 5,0,0,alive,,W1-2,#N/A,1.5,0,H2,32,P2_H2,H2_32_Tub3,H2_32
2026-02-23,Mon,Grady,PX_H2_32_Tub3_Lacerate 6,0,11,alive,,W1-2,#N/A,1.5,7.333333333,H2,32,PX_H2,H2_32_Tub3,H2_32
2026-02-23,Mon,Grady,PX_H2_32_Tub3_Lacerate 7,0,12,alive,,W1-2,#N/A,1.5,8,H2,32,PX_H2,H2_32_Tub3,H2_32
2026-02-23,Mon,Grady,PX_H2_32_Tub3_Lacerate 8,0,12,alive,,W1-2,#N/A,1.5,8,H2,32,PX_H2,H2_32_Tub3,H2_32
2026-02-23,Mon,Grady,PX_H2_32_Tub3_Lacerate 9,0,5,alive,,W1-2,#N/A,1.5,3.333333333,H2,32,PX_H2,H2_32_Tub3,H2_32
2026-02-23,Mon,Grady,P1_VWA_32_Tub1_Lacerate 1,14,23,alive,,W1-2,1.642857143,14,1.642857143,VWA,32,P1_VWA,VWA_32_Tub1,VWA_32
2026-02-23,Mon,Grady,PX_VWA_32_Tub1_Lacerate 2,14,19,alive,,W1-2,1.357142857,14,1.357142857,VWA,32,PX_VWA,VWA_32_Tub1,VWA_32
2026-02-23,Mon,Grady,P1_VWA_32_Tub1_Lacerate 3,7,15,alive,,W1-2,2.142857143,7,2.142857143,VWA,32,P1_VWA,VWA_32_Tub1,VWA_32
2026-02-23,Mon,Grady,P1_VWA_32_Tub1_Lacerate 4,7,17,alive,,W1-2,2.428571429,7,2.428571429,VWA,32,P1_VWA,VWA_32_Tub1,VWA_32
2026-02-23,Mon,Grady,P1_VWA_32_Tub1_Lacerate 5,5,0,alive,,W1-2,0,5,0,VWA,32,P1_VWA,VWA_32_Tub1,VWA_32
2026-02-23,Mon,Grady,P1_VWA_32_Tub1_Lacerate 6,5,0,alive,,W1-2,0,5,0,VWA,32,P1_VWA,VWA_32_Tub1,VWA_32
2026-02-23,Mon,Grady,P1_VWA_32_Tub1_Lacerate 7,3,,missing,,W1-2,0,3,0,VWA,32,P1_VWA,VWA_32_Tub1,VWA_32
2026-02-23,Mon,Grady,P1_VWA_32_Tub1_Lacerate 8,3,,missing,,W1-2,0,3,0,VWA,32,P1_VWA,VWA_32_Tub1,VWA_32
2026-02-23,Mon,Grady,P3_VWA_32_Tub1_Lacerate 9,3,10,alive,,W1-2,3.333333333,3,3.333333333,VWA,32,P3_VWA,VWA_32_Tub1,VWA_32
2026-02-23,Mon,Grady,P2_VWA_32_Tub1_Lacerate 10,0,5,alive,,W1-2,#N/A,1.5,3.333333333,VWA,32,P2_VWA,VWA_32_Tub1,VWA_32
2026-02-23,Mon,Grady,PX_VWA_32_Tub2_Lacerate 1,14,16,alive,,W1-2,1.142857143,14,1.142857143,VWA,32,PX_VWA,VWA_32_Tub2,VWA_32
2026-02-23,Mon,Grady,PX_VWA_32_Tub2_Lacerate 2,14,15,alive,,W1-2,1.071428571,14,1.071428571,VWA,32,PX_VWA,VWA_32_Tub2,VWA_32
2026-02-23,Mon,Grady,P1_VWA_32_Tub2_Lacerate 3,10,19,alive,,W1-2,1.9,10,1.9,VWA,32,P1_VWA,VWA_32_Tub2,VWA_32
2026-02-23,Mon,Grady,P1_VWA_32_Tub2_Lacerate 4,10,0,alive,,W1-2,0,10,0,VWA,32,P1_VWA,VWA_32_Tub2,VWA_32
2026-02-23,Mon,Grady,P3_VWA_32_Tub2_Lacerate 5,0,0,alive,,W1-2,#N/A,1.5,0,VWA,32,P3_VWA,VWA_32_Tub2,VWA_32
2026-02-23,Mon,Grady,P2_VWA_32_Tub3_Lacerate 1,14,21,alive,,W1-2,1.5,14,1.5,VWA,32,P2_VWA,VWA_32_Tub3,VWA_32
2026-02-23,Mon,Grady,PX_VWA_32_Tub3_Lacerate 2,14,18,alive,,W1-2,1.285714286,14,1.285714286,VWA,32,PX_VWA,VWA_32_Tub3,VWA_32
2026-02-23,Mon,Grady,P2_VWA_32_Tub3_Lacerate 3,14,22,alive,,W1-2,1.571428571,14,1.571428571,VWA,32,P2_VWA,VWA_32_Tub3,VWA_32
2026-02-23,Mon,Grady,PX_VWA_32_Tub3_Lacerate 4,12,20,alive,,W1-2,1.666666667,12,1.666666667,VWA,32,PX_VWA,VWA_32_Tub3,VWA_32
2026-02-23,Mon,Grady,P1_VWA_32_Tub3_Lacerate 5,7,0,alive,,W1-2,0,7,0,VWA,32,P1_VWA,VWA_32_Tub3,VWA_32
2026-02-23,Mon,Grady,P1_VWA_32_Tub3_Lacerate 6,3,0,alive,,W1-2,0,3,0,VWA,32,P1_VWA,VWA_32_Tub3,VWA_32
2026-02-23,Mon,Grady,P1_VWA_32_Tub3_Lacerate 7,3,0,alive,,W1-2,0,3,0,VWA,32,P1_VWA,VWA_32_Tub3,VWA_32
2026-02-25,Wed,Grady,P1_H2_25_Tub2_Lacerate 13,0,0,alive,,W3-4,#N/A,1,0,H2,25,P1_H2,H2_25_Tub2,H2_25
2026-02-25,Wed,Grady,P3_H2_25_Tub3_Lacerate 10,0,0,alive,,W3-4,#N/A,1,0,H2,25,P3_H2,H2_25_Tub3,H2_25
2026-02-25,Wed,Grady,P3_H2_25_Tub3_Lacerate 11,0,0,alive,,W3-4,#N/A,1,0,H2,25,P3_H2,H2_25_Tub3,H2_25
2026-02-25,Wed,Grady,P3_H2_25_Tub3_Lacerate 12,0,0,alive,,W3-4,#N/A,1,0,H2,25,P3_H2,H2_25_Tub3,H2_25
2026-02-25,Wed,Grady,P3_H2_25_Tub3_Lacerate 13,0,0,alive,,W3-4,#N/A,1,0,H2,25,P3_H2,H2_25_Tub3,H2_25
2026-02-25,Wed,Grady,P2_VWA_25_Tub1_Lacerate 14,0,0,alive,,W3-4,#N/A,1,0,VWA,25,P2_VWA,VWA_25_Tub1,VWA_25
2026-02-25,Wed,Grady,P2_VWA_25_Tub1_Lacerate 15,0,0,alive,,W3-4,#N/A,1,0,VWA,25,P2_VWA,VWA_25_Tub1,VWA_25
2026-02-25,Wed,Grady,P2_VWA_25_Tub1_Lacerate 16,0,0,alive,,W3-4,#N/A,1,0,VWA,25,P2_VWA,VWA_25_Tub1,VWA_25
2026-02-25,Wed,Grady,P2_VWA_25_Tub1_Lacerate 17,0,0,alive,,W3-4,#N/A,1,0,VWA,25,P2_VWA,VWA_25_Tub1,VWA_25
2026-02-25,Wed,Grady,P2_VWA_25_Tub1_Lacerate 18,0,0,alive,,W3-4,#N/A,1,0,VWA,25,P2_VWA,VWA_25_Tub1,VWA_25
2026-02-25,Wed,Grady,P2_VWA_25_Tub1_Lacerate 19,0,0,alive,,W3-4,#N/A,1,0,VWA,25,P2_VWA,VWA_25_Tub1,VWA_25
2026-02-25,Wed,Grady,P1_H2_32_Tub1_Lacerate 24,0,0,alive,,W3-4,#N/A,1,0,H2,32,P1_H2,H2_32_Tub1,H2_32
2026-02-25,Wed,Grady,P1_H2_32_Tub1_Lacerate 25,0,0,alive,,W3-4,#N/A,1,0,H2,32,P1_H2,H2_32_Tub1,H2_32
2026-02-25,Wed,Grady,P1_H2_32_Tub1_Lacerate 26,0,0,alive,,W3-4,#N/A,1,0,H2,32,P1_H2,H2_32_Tub1,H2_32
2026-02-25,Wed,Grady,P1_H2_32_Tub2_Lacerate 19,0,0,alive,,W3-4,#N/A,1,0,H2,32,P1_H2,H2_32_Tub2,H2_32
2026-02-25,Wed,Grady,P1_H2_32_Tub2_Lacerate 20,0,0,alive,,W3-4,#N/A,1,0,H2,32,P1_H2,H2_32_Tub2,H2_32
2026-02-25,Wed,Grady,P1_H2_32_Tub2_Lacerate 21,0,0,alive,,W3-4,#N/A,1,0,H2,32,P1_H2,H2_32_Tub2,H2_32
2026-02-25,Wed,Grady,P1_H2_32_Tub2_Lacerate 22,0,0,alive,,W3-4,#N/A,1,0,H2,32,P1_H2,H2_32_Tub2,H2_32
2026-02-25,Wed,Grady,P1_H2_32_Tub2_Lacerate 23,0,0,alive,,W3-4,#N/A,1,0,H2,32,P1_H2,H2_32_Tub2,H2_32
2026-02-25,Wed,Grady,P1_H2_32_Tub3_Lacerate 10,0,0,alive,,W3-4,#N/A,1,0,H2,32,P1_H2,H2_32_Tub3,H2_32
2026-02-25,Wed,Grady,P1_VWA_32_Tub1_Lacerate 11,0,0,alive,,W3-4,#N/A,1,0,VWA,32,P1_VWA,VWA_32_Tub1,VWA_32
2026-02-25,Wed,Grady,P3_VWA_32_Tub1_Lacerate 12,0,0,alive,,W3-4,#N/A,1,0,VWA,32,P3_VWA,VWA_32_Tub1,VWA_32
2026-02-25,Wed,Grady,P1_VWA_32_Tub2_Lacerate 6,0,0,alive,,W3-4,#N/A,1,0,VWA,32,P1_VWA,VWA_32_Tub2,VWA_32
2026-02-25,Wed,Grady,PX_VWA_32_Tub2_Lacerate 7,0,0,alive,,W3-4,#N/A,1,0,VWA,32,PX_VWA,VWA_32_Tub2,VWA_32
2026-02-27,Fri,Aiden,P2_H2_25_Tub1_Lacerate 14,0,4,alive,,W3-4,#N/A,1,4,H2,25,P2_H2,H2_25_Tub1,H2_25
2026-02-27,Fri,Aiden,P3_H2_25_Tub1_Lacerate 15,0,12,alive,,W3-4,#N/A,1,12,H2,25,P3_H2,H2_25_Tub1,H2_25
2026-02-27,Fri,Aiden,P1_H2_25_Tub1_Lacerate 16,0,12,alive,,W3-4,#N/A,1,12,H2,25,P1_H2,H2_25_Tub1,H2_25
2026-02-27,Fri,Aiden,P1_H2_25_Tub1_Lacerate 17,0,8,alive,,W3-4,#N/A,1,8,H2,25,P1_H2,H2_25_Tub1,H2_25
2026-02-27,Fri,Aiden,PX_H2_25_Tub1_Lacerate 18,0,4,alive,,W3-4,#N/A,1,4,H2,25,PX_H2,H2_25_Tub1,H2_25
2026-02-27,Fri,Aiden,P1_H2_25_Tub2_Lacerate 13,2,0,alive,,W3-4,0,2,0,H2,25,P1_H2,H2_25_Tub2,H2_25
2026-02-27,Fri,Aiden,P3_H2_25_Tub2_Lacerate 14,0,6,alive,,W3-4,#N/A,1,6,H2,25,P3_H2,H2_25_Tub2,H2_25
2026-02-27,Fri,Aiden,P3_H2_25_Tub3_Lacerate 10,2,0,alive,,W3-4,0,2,0,H2,25,P3_H2,H2_25_Tub3,H2_25
2026-02-27,Fri,Aiden,P3_H2_25_Tub3_Lacerate 11,2,0,alive,,W3-4,0,2,0,H2,25,P3_H2,H2_25_Tub3,H2_25
2026-02-27,Fri,Aiden,P3_H2_25_Tub3_Lacerate 12,2,0,alive,,W3-4,0,2,0,H2,25,P3_H2,H2_25_Tub3,H2_25
2026-02-27,Fri,Aiden,P3_H2_25_Tub3_Lacerate 13,2,0,alive,,W3-4,0,2,0,H2,25,P3_H2,H2_25_Tub3,H2_25
2026-02-27,Fri,Aiden,PX_H2_25_Tub3_Lacerate 14,0,8,alive,,W3-4,#N/A,1,8,H2,25,PX_H2,H2_25_Tub3,H2_25
2026-02-27,Fri,Aiden,P2_VWA_25_Tub1_Lacerate 14,2,0,alive,,W3-4,0,2,0,VWA,25,P2_VWA,VWA_25_Tub1,VWA_25
2026-02-27,Fri,Aiden,P2_VWA_25_Tub1_Lacerate 15,2,0,alive,,W3-4,0,2,0,VWA,25,P2_VWA,VWA_25_Tub1,VWA_25
2026-02-27,Fri,Aiden,P2_VWA_25_Tub1_Lacerate 16,2,0,alive,,W3-4,0,2,0,VWA,25,P2_VWA,VWA_25_Tub1,VWA_25
2026-02-27,Fri,Aiden,P2_VWA_25_Tub1_Lacerate 17,2,0,alive,,W3-4,0,2,0,VWA,25,P2_VWA,VWA_25_Tub1,VWA_25
2026-02-27,Fri,Aiden,P2_VWA_25_Tub1_Lacerate 18,2,0,alive,,W3-4,0,2,0,VWA,25,P2_VWA,VWA_25_Tub1,VWA_25
2026-02-27,Fri,Aiden,P2_VWA_25_Tub1_Lacerate 19,2,0,alive,,W3-4,0,2,0,VWA,25,P2_VWA,VWA_25_Tub1,VWA_25
2026-02-27,Fri,Aiden,P2_VWA_25_Tub1_Lacerate 20,0,0,alive,,W3-4,#N/A,1,0,VWA,25,P2_VWA,VWA_25_Tub1,VWA_25
2026-02-27,Fri,Aiden,P2_VWA_25_Tub1_Lacerate 21,0,0,alive,,W3-4,#N/A,1,0,VWA,25,P2_VWA,VWA_25_Tub1,VWA_25
2026-02-27,Fri,Aiden,P2_VWA_25_Tub1_Lacerate 22,0,0,alive,,W3-4,#N/A,1,0,VWA,25,P2_VWA,VWA_25_Tub1,VWA_25
2026-02-27,Fri,Aiden,P2_VWA_25_Tub1_Lacerate 23,0,0,alive,,W3-4,#N/A,1,0,VWA,25,P2_VWA,VWA_25_Tub1,VWA_25
2026-02-27,Fri,Aiden,P2_VWA_25_Tub1_Lacerate 24,0,10,alive,,W3-4,#N/A,1,10,VWA,25,P2_VWA,VWA_25_Tub1,VWA_25
2026-02-27,Fri,Aiden,P2_VWA_25_Tub2_Lacerate 14,0,8,alive,,W3-4,#N/A,1,8,VWA,25,P2_VWA,VWA_25_Tub2,VWA_25
2026-02-27,Fri,Aiden,P3_VWA_25_Tub3_Lacerate 5,0,0,alive,,W3-4,#N/A,1,0,VWA,25,P3_VWA,VWA_25_Tub3,VWA_25
2026-02-27,Fri,Aiden,P3_VWA_25_Tub3_Lacerate 6,0,0,alive,,W3-4,#N/A,1,0,VWA,25,P3_VWA,VWA_25_Tub3,VWA_25
2026-02-27,Fri,Aiden,P3_VWA_25_Tub3_Lacerate 7,0,0,alive,,W3-4,#N/A,1,0,VWA,25,P3_VWA,VWA_25_Tub3,VWA_25
2026-02-27,Fri,Aiden,P3_VWA_25_Tub3_Lacerate 8,0,0,alive,,W3-4,#N/A,1,0,VWA,25,P3_VWA,VWA_25_Tub3,VWA_25
2026-02-27,Fri,Aiden,P3_VWA_25_Tub3_Lacerate 9,0,0,alive,,W3-4,#N/A,1,0,VWA,25,P3_VWA,VWA_25_Tub3,VWA_25
2026-02-27,Fri,Aiden,P3_VWA_25_Tub3_Lacerate 10,0,0,alive,,W3-4,#N/A,1,0,VWA,25,P3_VWA,VWA_25_Tub3,VWA_25
2026-02-27,Fri,Aiden,P3_VWA_25_Tub3_Lacerate 11,0,0,alive,,W3-4,#N/A,1,0,VWA,25,P3_VWA,VWA_25_Tub3,VWA_25
2026-02-27,Fri,Aiden,P3_VWA_25_Tub3_Lacerate 12,0,0,alive,,W3-4,#N/A,1,0,VWA,25,P3_VWA,VWA_25_Tub3,VWA_25
2026-02-27,Fri,Aiden,P1_H2_32_Tub1_Lacerate 24,2,4,alive,,W3-4,2,2,2,H2,32,P1_H2,H2_32_Tub1,H2_32
2026-02-27,Fri,Aiden,P1_H2_32_Tub1_Lacerate 25,2,0,alive,,W3-4,0,2,0,H2,32,P1_H2,H2_32_Tub1,H2_32
2026-02-27,Fri,Aiden,P1_H2_32_Tub1_Lacerate 26,2,0,alive,,W3-4,0,2,0,H2,32,P1_H2,H2_32_Tub1,H2_32
2026-02-27,Fri,Aiden,P1_H2_32_Tub2_Lacerate 19,2,0,alive,,W3-4,0,2,0,H2,32,P1_H2,H2_32_Tub2,H2_32
2026-02-27,Fri,Aiden,P1_H2_32_Tub2_Lacerate 20,2,0,alive,,W3-4,0,2,0,H2,32,P1_H2,H2_32_Tub2,H2_32
2026-02-27,Fri,Aiden,P1_H2_32_Tub2_Lacerate 21,2,0,alive,,W3-4,0,2,0,H2,32,P1_H2,H2_32_Tub2,H2_32
2026-02-27,Fri,Aiden,P1_H2_32_Tub2_Lacerate 22,2,0,alive,,W3-4,0,2,0,H2,32,P1_H2,H2_32_Tub2,H2_32
2026-02-27,Fri,Aiden,P1_H2_32_Tub2_Lacerate 23,2,0,alive,,W3-4,0,2,0,H2,32,P1_H2,H2_32_Tub2,H2_32
2026-02-27,Fri,Aiden,P2_H2_32_Tub2_Lacerate 24,0,0,alive,,W3-4,#N/A,1,0,H2,32,P2_H2,H2_32_Tub2,H2_32
2026-02-27,Fri,Aiden,P2_H2_32_Tub2_Lacerate 25,0,4,alive,,W3-4,#N/A,1,4,H2,32,P2_H2,H2_32_Tub2,H2_32
2026-02-27,Fri,Aiden,P3_H2_32_Tub2_Lacerate 26,0,4,alive,,W3-4,#N/A,1,4,H2,32,P3_H2,H2_32_Tub2,H2_32
2026-02-27,Fri,Aiden,P3_H2_32_Tub2_Lacerate 27,0,12,alive,,W3-4,#N/A,1,12,H2,32,P3_H2,H2_32_Tub2,H2_32
2026-02-27,Fri,Aiden,P1_H2_32_Tub3_Lacerate 10,2,0,alive,,W3-4,0,2,0,H2,32,P1_H2,H2_32_Tub3,H2_32
2026-02-27,Fri,Aiden,P2_H2_32_Tub3_Lacerate 11,0,8,alive,,W3-4,#N/A,1,8,H2,32,P2_H2,H2_32_Tub3,H2_32
2026-02-27,Fri,Aiden,P2_H2_32_Tub3_Lacerate 12,0,4,alive,,W3-4,#N/A,1,4,H2,32,P2_H2,H2_32_Tub3,H2_32
2026-02-27,Fri,Aiden,P2_H2_32_Tub3_Lacerate 13,0,8,alive,,W3-4,#N/A,1,8,H2,32,P2_H2,H2_32_Tub3,H2_32
2026-02-27,Fri,Aiden,P1_VWA_32_Tub1_Lacerate 11,2,0,alive,,W3-4,0,2,0,VWA,32,P1_VWA,VWA_32_Tub1,VWA_32
2026-02-27,Fri,Aiden,P3_VWA_32_Tub1_Lacerate 12,2,0,alive,,W3-4,0,2,0,VWA,32,P3_VWA,VWA_32_Tub1,VWA_32
2026-02-27,Fri,Aiden,P1_VWA_32_Tub1_Lacerate 13,0,0,alive,,W3-4,#N/A,1,0,VWA,32,P1_VWA,VWA_32_Tub1,VWA_32
2026-02-27,Fri,Aiden,P1_VWA_32_Tub1_Lacerate 14,0,0,alive,,W3-4,#N/A,1,0,VWA,32,P1_VWA,VWA_32_Tub1,VWA_32
2026-02-27,Fri,Aiden,P3_VWA_32_Tub1_Lacerate 15,0,0,alive,,W3-4,#N/A,1,0,VWA,32,P3_VWA,VWA_32_Tub1,VWA_32
2026-02-27,Fri,Aiden,P3_VWA_32_Tub1_Lacerate 16,0,0,alive,,W3-4,#N/A,1,0,VWA,32,P3_VWA,VWA_32_Tub1,VWA_32
2026-02-27,Fri,Aiden,P3_VWA_32_Tub1_Lacerate 17,0,0,alive,,W3-4,#N/A,1,0,VWA,32,P3_VWA,VWA_32_Tub1,VWA_32
2026-02-27,Fri,Aiden,P3_VWA_32_Tub1_Lacerate 18,0,0,alive,,W3-4,#N/A,1,0,VWA,32,P3_VWA,VWA_32_Tub1,VWA_32
2026-02-27,Fri,Aiden,P3_VWA_32_Tub1_Lacerate 19,0,0,alive,,W3-4,#N/A,1,0,VWA,32,P3_VWA,VWA_32_Tub1,VWA_32
2026-02-27,Fri,Aiden,P2_VWA_32_Tub1_Lacerate 20,0,0,alive,,W3-4,#N/A,1,0,VWA,32,P2_VWA,VWA_32_Tub1,VWA_32
2026-02-27,Fri,Aiden,P2_VWA_32_Tub1_Lacerate 21,0,0,alive,,W3-4,#N/A,1,0,VWA,32,P2_VWA,VWA_32_Tub1,VWA_32
2026-02-27,Fri,Aiden,P2_VWA_32_Tub1_Lacerate 22,0,0,alive,,W3-4,#N/A,1,0,VWA,32,P2_VWA,VWA_32_Tub1,VWA_32
2026-02-27,Fri,Aiden,P2_VWA_32_Tub1_Lacerate 23,0,0,alive,,W3-4,#N/A,1,0,VWA,32,P2_VWA,VWA_32_Tub1,VWA_32
2026-02-27,Fri,Aiden,P2_VWA_32_Tub1_Lacerate 24,0,0,alive,,W3-4,#N/A,1,0,VWA,32,P2_VWA,VWA_32_Tub1,VWA_32
2026-02-27,Fri,Aiden,P2_VWA_32_Tub1_Lacerate 25,0,0,alive,,W3-4,#N/A,1,0,VWA,32,P2_VWA,VWA_32_Tub1,VWA_32
2026-02-27,Fri,Aiden,P1_VWA_32_Tub2_Lacerate 6,2,0,alive,,W3-4,0,2,0,VWA,32,P1_VWA,VWA_32_Tub2,VWA_32
2026-02-27,Fri,Aiden,PX_VWA_32_Tub2_Lacerate 7,2,0,alive,,W3-4,0,2,0,VWA,32,PX_VWA,VWA_32_Tub2,VWA_32
2026-03-02,Mon,Grady,P2_H2_25_Tub1_Lacerate 14,3,11,alive,,W3-4,3.666666667,3,3.666666667,H2,25,P2_H2,H2_25_Tub1,H2_25
2026-03-02,Mon,Grady,P3_H2_25_Tub1_Lacerate 15,3,,missing,,W3-4,0,3,0,H2,25,P3_H2,H2_25_Tub1,H2_25
2026-03-02,Mon,Grady,P1_H2_25_Tub1_Lacerate 16,3,4,alive,,W3-4,1.333333333,3,1.333333333,H2,25,P1_H2,H2_25_Tub1,H2_25
2026-03-02,Mon,Grady,P1_H2_25_Tub1_Lacerate 17,3,1,alive,,W3-4,0.3333333333,3,0.3333333333,H2,25,P1_H2,H2_25_Tub1,H2_25
2026-03-02,Mon,Grady,PX_H2_25_Tub1_Lacerate 18,3,8,alive,,W3-4,2.666666667,3,2.666666667,H2,25,PX_H2,H2_25_Tub1,H2_25
2026-03-02,Mon,Grady,P2_H2_25_Tub1_Lacerate 19,0,4,alive,,W3-4,#N/A,1.5,2.666666667,H2,25,P2_H2,H2_25_Tub1,H2_25
2026-03-02,Mon,Grady,PX_H2_25_Tub1_Lacerate 20,0,7,alive,,W3-4,#N/A,1.5,4.666666667,H2,25,PX_H2,H2_25_Tub1,H2_25
2026-03-02,Mon,Grady,PX_H2_25_Tub1_Lacerate 21,0,4,alive,,W3-4,#N/A,1.5,2.666666667,H2,25,PX_H2,H2_25_Tub1,H2_25
2026-03-02,Mon,Grady,PX_H2_25_Tub1_Lacerate 22,0,6,alive,,W3-4,#N/A,1.5,4,H2,25,PX_H2,H2_25_Tub1,H2_25
2026-03-02,Mon,Grady,PX_H2_25_Tub1_Lacerate 23,0,5,alive,,W3-4,#N/A,1.5,3.333333333,H2,25,PX_H2,H2_25_Tub1,H2_25
2026-03-02,Mon,Grady,PX_H2_25_Tub1_Lacerate 24,0,4,alive,,W3-4,#N/A,1.5,2.666666667,H2,25,PX_H2,H2_25_Tub1,H2_25
2026-03-02,Mon,Grady,PX_H2_25_Tub1_Lacerate 25,0,5,alive,,W3-4,#N/A,1.5,3.333333333,H2,25,PX_H2,H2_25_Tub1,H2_25
2026-03-02,Mon,Grady,PX_H2_25_Tub1_Lacerate 26,0,6,alive,,W3-4,#N/A,1.5,4,H2,25,PX_H2,H2_25_Tub1,H2_25
2026-03-02,Mon,Grady,PX_H2_25_Tub1_Lacerate 27,0,7,alive,,W3-4,#N/A,1.5,4.666666667,H2,25,PX_H2,H2_25_Tub1,H2_25
2026-03-02,Mon,Grady,PX_H2_25_Tub1_Lacerate 28,0,4,alive,,W3-4,#N/A,1.5,2.666666667,H2,25,PX_H2,H2_25_Tub1,H2_25
2026-03-02,Mon,Grady,PX_H2_25_Tub1_Lacerate 29,0,7,alive,,W3-4,#N/A,1.5,4.666666667,H2,25,PX_H2,H2_25_Tub1,H2_25
2026-03-02,Mon,Grady,PX_H2_25_Tub1_Lacerate 30,0,4,alive,,W3-4,#N/A,1.5,2.666666667,H2,25,PX_H2,H2_25_Tub1,H2_25
2026-03-02,Mon,Grady,PX_H2_25_Tub1_Lacerate 31,0,6,alive,,W3-4,#N/A,1.5,4,H2,25,PX_H2,H2_25_Tub1,H2_25
2026-03-02,Mon,Grady,PX_H2_25_Tub1_Lacerate 32,0,4,alive,,W3-4,#N/A,1.5,2.666666667,H2,25,PX_H2,H2_25_Tub1,H2_25
2026-03-02,Mon,Grady,P2_H2_25_Tub1_Lacerate 33,0,0,alive,,W3-4,#N/A,1.5,0,H2,25,P2_H2,H2_25_Tub1,H2_25
2026-03-02,Mon,Grady,P2_H2_25_Tub1_Lacerate 34,0,0,alive,,W3-4,#N/A,1.5,0,H2,25,P2_H2,H2_25_Tub1,H2_25
2026-03-02,Mon,Grady,P2_H2_25_Tub1_Lacerate 35,0,0,alive,,W3-4,#N/A,1.5,0,H2,25,P2_H2,H2_25_Tub1,H2_25
2026-03-02,Mon,Grady,P2_H2_25_Tub1_Lacerate 36,0,0,alive,,W3-4,#N/A,1.5,0,H2,25,P2_H2,H2_25_Tub1,H2_25
2026-03-02,Mon,Grady,P1_H2_25_Tub2_Lacerate 13,5,9,alive,,W3-4,1.8,5,1.8,H2,25,P1_H2,H2_25_Tub2,H2_25
2026-03-02,Mon,Grady,P3_H2_25_Tub2_Lacerate 14,3,7,alive,,W3-4,2.333333333,3,2.333333333,H2,25,P3_H2,H2_25_Tub2,H2_25
2026-03-02,Mon,Grady,P2_H2_25_Tub2_Lacerate 15,0,5,alive,,W3-4,#N/A,1.5,3.333333333,H2,25,P2_H2,H2_25_Tub2,H2_25
2026-03-02,Mon,Grady,P2_H2_25_Tub2_Lacerate 16,0,10,alive,,W3-4,#N/A,1.5,6.666666667,H2,25,P2_H2,H2_25_Tub2,H2_25
2026-03-02,Mon,Grady,P3_H2_25_Tub3_Lacerate 10,5,5,alive,,W3-4,1,5,1,H2,25,P3_H2,H2_25_Tub3,H2_25
2026-03-02,Mon,Grady,P3_H2_25_Tub3_Lacerate 11,5,0,alive,,W3-4,0,5,0,H2,25,P3_H2,H2_25_Tub3,H2_25
2026-03-02,Mon,Grady,P3_H2_25_Tub3_Lacerate 12,5,0,alive,,W3-4,0,5,0,H2,25,P3_H2,H2_25_Tub3,H2_25
2026-03-02,Mon,Grady,P3_H2_25_Tub3_Lacerate 13,5,0,alive,,W3-4,0,5,0,H2,25,P3_H2,H2_25_Tub3,H2_25
2026-03-02,Mon,Grady,PX_H2_25_Tub3_Lacerate 14,3,8,alive,,W3-4,2.666666667,3,2.666666667,H2,25,PX_H2,H2_25_Tub3,H2_25
2026-03-02,Mon,Grady,P3_H2_25_Tub3_Lacerate 15,0,5,alive,,W3-4,#N/A,1.5,3.333333333,H2,25,P3_H2,H2_25_Tub3,H2_25
2026-03-02,Mon,Grady,P2_H2_25_Tub3_Lacerate 16,0,0,alive,,W3-4,#N/A,1.5,0,H2,25,P2_H2,H2_25_Tub3,H2_25
2026-03-02,Mon,Grady,P2_H2_25_Tub3_Lacerate 17,0,6,alive,,W3-4,#N/A,1.5,4,H2,25,P2_H2,H2_25_Tub3,H2_25
2026-03-02,Mon,Grady,P1_H2_25_Tub3_Lacerate 18,0,8,alive,,W3-4,#N/A,1.5,5.333333333,H2,25,P1_H2,H2_25_Tub3,H2_25
2026-03-02,Mon,Grady,P2_VWA_25_Tub1_Lacerate 14,5,0,alive,,W3-4,0,5,0,VWA,25,P2_VWA,VWA_25_Tub1,VWA_25
2026-03-02,Mon,Grady,P2_VWA_25_Tub1_Lacerate 15,5,0,alive,,W3-4,0,5,0,VWA,25,P2_VWA,VWA_25_Tub1,VWA_25
2026-03-02,Mon,Grady,P2_VWA_25_Tub1_Lacerate 16,5,0,alive,,W3-4,0,5,0,VWA,25,P2_VWA,VWA_25_Tub1,VWA_25
2026-03-02,Mon,Grady,P2_VWA_25_Tub1_Lacerate 17,5,0,alive,,W3-4,0,5,0,VWA,25,P2_VWA,VWA_25_Tub1,VWA_25
2026-03-02,Mon,Grady,P2_VWA_25_Tub1_Lacerate 18,5,0,alive,,W3-4,0,5,0,VWA,25,P2_VWA,VWA_25_Tub1,VWA_25
2026-03-02,Mon,Grady,P2_VWA_25_Tub1_Lacerate 19,5,0,alive,,W3-4,0,5,0,VWA,25,P2_VWA,VWA_25_Tub1,VWA_25
2026-03-02,Mon,Grady,P2_VWA_25_Tub1_Lacerate 20,3,0,alive,,W3-4,0,3,0,VWA,25,P2_VWA,VWA_25_Tub1,VWA_25
2026-03-02,Mon,Grady,P2_VWA_25_Tub1_Lacerate 21,3,0,alive,,W3-4,0,3,0,VWA,25,P2_VWA,VWA_25_Tub1,VWA_25
2026-03-02,Mon,Grady,P2_VWA_25_Tub1_Lacerate 22,3,0,alive,,W3-4,0,3,0,VWA,25,P2_VWA,VWA_25_Tub1,VWA_25
2026-03-02,Mon,Grady,P2_VWA_25_Tub1_Lacerate 23,3,0,alive,,W3-4,0,3,0,VWA,25,P2_VWA,VWA_25_Tub1,VWA_25
2026-03-02,Mon,Grady,P2_VWA_25_Tub1_Lacerate 24,3,4,alive,,W3-4,1.333333333,3,1.333333333,VWA,25,P2_VWA,VWA_25_Tub1,VWA_25
2026-03-02,Mon,Grady,P3_VWA_25_Tub1_Lacerate 25,0,8,alive,,W3-4,#N/A,1.5,5.333333333,VWA,25,P3_VWA,VWA_25_Tub1,VWA_25
2026-03-02,Mon,Grady,P2_VWA_25_Tub2_Lacerate 14,3,12,alive,,W3-4,4,3,4,VWA,25,P2_VWA,VWA_25_Tub2,VWA_25
2026-03-02,Mon,Grady,PX_VWA_25_Tub2_Lacerate 15,0,9,alive,,W3-4,#N/A,1.5,6,VWA,25,PX_VWA,VWA_25_Tub2,VWA_25
2026-03-02,Mon,Grady,P3_VWA_25_Tub2_Lacerate 16,0,12,alive,,W3-4,#N/A,1.5,8,VWA,25,P3_VWA,VWA_25_Tub2,VWA_25
2026-03-02,Mon,Grady,P3_VWA_25_Tub2_Lacerate 17,0,7,alive,,W3-4,#N/A,1.5,4.666666667,VWA,25,P3_VWA,VWA_25_Tub2,VWA_25
2026-03-02,Mon,Grady,P3_VWA_25_Tub2_Lacerate 18,0,3,alive,,W3-4,#N/A,1.5,2,VWA,25,P3_VWA,VWA_25_Tub2,VWA_25
2026-03-02,Mon,Grady,P3_VWA_25_Tub3_Lacerate 5,3,0,alive,,W3-4,0,3,0,VWA,25,P3_VWA,VWA_25_Tub3,VWA_25
2026-03-02,Mon,Grady,P3_VWA_25_Tub3_Lacerate 6,3,0,alive,,W3-4,0,3,0,VWA,25,P3_VWA,VWA_25_Tub3,VWA_25
2026-03-02,Mon,Grady,P3_VWA_25_Tub3_Lacerate 7,3,0,alive,,W3-4,0,3,0,VWA,25,P3_VWA,VWA_25_Tub3,VWA_25
2026-03-02,Mon,Grady,P3_VWA_25_Tub3_Lacerate 8,3,0,alive,,W3-4,0,3,0,VWA,25,P3_VWA,VWA_25_Tub3,VWA_25
2026-03-02,Mon,Grady,P3_VWA_25_Tub3_Lacerate 9,3,0,alive,,W3-4,0,3,0,VWA,25,P3_VWA,VWA_25_Tub3,VWA_25
2026-03-02,Mon,Grady,P3_VWA_25_Tub3_Lacerate 10,3,0,alive,,W3-4,0,3,0,VWA,25,P3_VWA,VWA_25_Tub3,VWA_25
2026-03-02,Mon,Grady,P3_VWA_25_Tub3_Lacerate 11,3,0,alive,,W3-4,0,3,0,VWA,25,P3_VWA,VWA_25_Tub3,VWA_25
2026-03-02,Mon,Grady,P3_VWA_25_Tub3_Lacerate 12,3,0,alive,,W3-4,0,3,0,VWA,25,P3_VWA,VWA_25_Tub3,VWA_25
2026-03-02,Mon,Grady,P2_VWA_25_Tub3_Lacerate 13,0,3,alive,,W3-4,#N/A,1.5,2,VWA,25,P2_VWA,VWA_25_Tub3,VWA_25
2026-03-02,Mon,Grady,P2_VWA_25_Tub3_Lacerate 14,0,3,alive,,W3-4,#N/A,1.5,2,VWA,25,P2_VWA,VWA_25_Tub3,VWA_25
2026-03-02,Mon,Grady,P2_VWA_25_Tub3_Lacerate 15,0,0,alive,,W3-4,#N/A,1.5,0,VWA,25,P2_VWA,VWA_25_Tub3,VWA_25
2026-03-02,Mon,Grady,P2_VWA_25_Tub3_Lacerate 16,0,0,alive,,W3-4,#N/A,1.5,0,VWA,25,P2_VWA,VWA_25_Tub3,VWA_25
2026-03-02,Mon,Grady,P1_VWA_25_Tub3_Lacerate 17,0,6,alive,,W3-4,#N/A,1.5,4,VWA,25,P1_VWA,VWA_25_Tub3,VWA_25
2026-03-02,Mon,Grady,P1_H2_32_Tub1_Lacerate 24,5,3,alive,,W3-4,0.6,5,0.6,H2,32,P1_H2,H2_32_Tub1,H2_32
2026-03-02,Mon,Grady,P1_H2_32_Tub1_Lacerate 25,5,11,alive,,W3-4,2.2,5,2.2,H2,32,P1_H2,H2_32_Tub1,H2_32
2026-03-02,Mon,Grady,P1_H2_32_Tub1_Lacerate 26,5,11,alive,,W3-4,2.2,5,2.2,H2,32,P1_H2,H2_32_Tub1,H2_32
2026-03-02,Mon,Grady,P3_H2_32_Tub1_Lacerate 27,0,7,alive,,W3-4,#N/A,1.5,4.666666667,H2,32,P3_H2,H2_32_Tub1,H2_32
2026-03-02,Mon,Grady,P2_H2_32_Tub1_Lacerate 28,0,0,alive,,W3-4,#N/A,1.5,0,H2,32,P2_H2,H2_32_Tub1,H2_32
2026-03-02,Mon,Grady,P2_H2_32_Tub1_Lacerate 29,0,0,alive,,W3-4,#N/A,1.5,0,H2,32,P2_H2,H2_32_Tub1,H2_32
2026-03-02,Mon,Grady,P2_H2_32_Tub1_Lacerate 30,0,0,alive,,W3-4,#N/A,1.5,0,H2,32,P2_H2,H2_32_Tub1,H2_32
2026-03-02,Mon,Grady,P2_H2_32_Tub1_Lacerate 31,0,0,alive,,W3-4,#N/A,1.5,0,H2,32,P2_H2,H2_32_Tub1,H2_32
2026-03-02,Mon,Grady,P2_H2_32_Tub1_Lacerate 32,0,7,alive,,W3-4,#N/A,1.5,4.666666667,H2,32,P2_H2,H2_32_Tub1,H2_32
2026-03-02,Mon,Grady,P3_H2_32_Tub1_Lacerate 33,0,6,alive,,W3-4,#N/A,1.5,4,H2,32,P3_H2,H2_32_Tub1,H2_32
2026-03-02,Mon,Grady,P3_H2_32_Tub1_Lacerate 34,0,10,alive,,W3-4,#N/A,1.5,6.666666667,H2,32,P3_H2,H2_32_Tub1,H2_32
2026-03-02,Mon,Grady,P3_H2_32_Tub1_Lacerate 35,0,10,alive,,W3-4,#N/A,1.5,6.666666667,H2,32,P3_H2,H2_32_Tub1,H2_32
2026-03-02,Mon,Grady,P1_H2_32_Tub2_Lacerate 19,5,0,alive,,W3-4,0,5,0,H2,32,P1_H2,H2_32_Tub2,H2_32
2026-03-02,Mon,Grady,P1_H2_32_Tub2_Lacerate 20,5,0,alive,,W3-4,0,5,0,H2,32,P1_H2,H2_32_Tub2,H2_32
2026-03-02,Mon,Grady,P1_H2_32_Tub2_Lacerate 21,5,0,alive,,W3-4,0,5,0,H2,32,P1_H2,H2_32_Tub2,H2_32
2026-03-02,Mon,Grady,P1_H2_32_Tub2_Lacerate 22,5,0,alive,,W3-4,0,5,0,H2,32,P1_H2,H2_32_Tub2,H2_32
2026-03-02,Mon,Grady,P1_H2_32_Tub2_Lacerate 23,5,0,alive,,W3-4,0,5,0,H2,32,P1_H2,H2_32_Tub2,H2_32
2026-03-02,Mon,Grady,P2_H2_32_Tub2_Lacerate 24,3,6,alive,,W3-4,2,3,2,H2,32,P2_H2,H2_32_Tub2,H2_32
2026-03-02,Mon,Grady,P2_H2_32_Tub2_Lacerate 25,3,0,alive,,W3-4,0,3,0,H2,32,P2_H2,H2_32_Tub2,H2_32
2026-03-02,Mon,Grady,P3_H2_32_Tub2_Lacerate 26,3,0,alive,,W3-4,0,3,0,H2,32,P3_H2,H2_32_Tub2,H2_32
2026-03-02,Mon,Grady,P3_H2_32_Tub2_Lacerate 27,3,0,alive,,W3-4,0,3,0,H2,32,P3_H2,H2_32_Tub2,H2_32
2026-03-02,Mon,Grady,P1_H2_32_Tub2_Lacerate 28,0,9,alive,,W3-4,#N/A,1.5,6,H2,32,P1_H2,H2_32_Tub2,H2_32
2026-03-02,Mon,Grady,P2_H2_32_Tub2_Lacerate 29,0,6,alive,,W3-4,#N/A,1.5,4,H2,32,P2_H2,H2_32_Tub2,H2_32
2026-03-02,Mon,Grady,P2_H2_32_Tub2_Lacerate 30,0,0,alive,,W3-4,#N/A,1.5,0,H2,32,P2_H2,H2_32_Tub2,H2_32
2026-03-02,Mon,Grady,P2_H2_32_Tub2_Lacerate 31,0,0,alive,,W3-4,#N/A,1.5,0,H2,32,P2_H2,H2_32_Tub2,H2_32
2026-03-02,Mon,Grady,P1_H2_32_Tub3_Lacerate 10,5,12,alive,,W3-4,2.4,5,2.4,H2,32,P1_H2,H2_32_Tub3,H2_32
2026-03-02,Mon,Grady,P2_H2_32_Tub3_Lacerate 11,3,8,alive,,W3-4,2.666666667,3,2.666666667,H2,32,P2_H2,H2_32_Tub3,H2_32
2026-03-02,Mon,Grady,P2_H2_32_Tub3_Lacerate 12,3,0,alive,,W3-4,0,3,0,H2,32,P2_H2,H2_32_Tub3,H2_32
2026-03-02,Mon,Grady,P2_H2_32_Tub3_Lacerate 13,3,0,alive,,W3-4,0,3,0,H2,32,P2_H2,H2_32_Tub3,H2_32
2026-03-02,Mon,Grady,PX_H2_32_Tub3_Lacerate 14,0,11,alive,,W3-4,#N/A,1.5,7.333333333,H2,32,PX_H2,H2_32_Tub3,H2_32
2026-03-02,Mon,Grady,PX_H2_32_Tub3_Lacerate 15,0,11,alive,,W3-4,#N/A,1.5,7.333333333,H2,32,PX_H2,H2_32_Tub3,H2_32
2026-03-02,Mon,Grady,PX_H2_32_Tub3_Lacerate 16,0,9,alive,,W3-4,#N/A,1.5,6,H2,32,PX_H2,H2_32_Tub3,H2_32
2026-03-02,Mon,Grady,P1_H2_32_Tub3_Lacerate 17,0,7,alive,,W3-4,#N/A,1.5,4.666666667,H2,32,P1_H2,H2_32_Tub3,H2_32
2026-03-02,Mon,Grady,P1_H2_32_Tub3_Lacerate 18,0,0,alive,,W3-4,#N/A,1.5,0,H2,32,P1_H2,H2_32_Tub3,H2_32
2026-03-02,Mon,Grady,P2_H2_32_Tub3_Lacerate 19,0,6,alive,,W3-4,#N/A,1.5,4,H2,32,P2_H2,H2_32_Tub3,H2_32
2026-03-02,Mon,Grady,P3_H2_32_Tub3_Lacerate 20,0,0,alive,,W3-4,#N/A,1.5,0,H2,32,P3_H2,H2_32_Tub3,H2_32
2026-03-02,Mon,Grady,P3_H2_32_Tub3_Lacerate 21,0,0,alive,,W3-4,#N/A,1.5,0,H2,32,P3_H2,H2_32_Tub3,H2_32
2026-03-02,Mon,Grady,P3_H2_32_Tub3_Lacerate 22,0,0,alive,,W3-4,#N/A,1.5,0,H2,32,P3_H2,H2_32_Tub3,H2_32
2026-03-02,Mon,Grady,P3_H2_32_Tub3_Lacerate 23,0,0,alive,,W3-4,#N/A,1.5,0,H2,32,P3_H2,H2_32_Tub3,H2_32
2026-03-02,Mon,Grady,P3_H2_32_Tub3_Lacerate 24,0,0,alive,,W3-4,#N/A,1.5,0,H2,32,P3_H2,H2_32_Tub3,H2_32
2026-03-02,Mon,Grady,P1_VWA_32_Tub1_Lacerate 11,5,0,alive,,W3-4,0,5,0,VWA,32,P1_VWA,VWA_32_Tub1,VWA_32
2026-03-02,Mon,Grady,P3_VWA_32_Tub1_Lacerate 12,5,9,alive,,W3-4,1.8,5,1.8,VWA,32,P3_VWA,VWA_32_Tub1,VWA_32
2026-03-02,Mon,Grady,P1_VWA_32_Tub1_Lacerate 13,3,0,alive,,W3-4,0,3,0,VWA,32,P1_VWA,VWA_32_Tub1,VWA_32
2026-03-02,Mon,Grady,P1_VWA_32_Tub1_Lacerate 14,3,7,alive,,W3-4,2.333333333,3,2.333333333,VWA,32,P1_VWA,VWA_32_Tub1,VWA_32
2026-03-02,Mon,Grady,P3_VWA_32_Tub1_Lacerate 15,3,6,alive,,W3-4,2,3,2,VWA,32,P3_VWA,VWA_32_Tub1,VWA_32
2026-03-02,Mon,Grady,P3_VWA_32_Tub1_Lacerate 16,3,6,alive,,W3-4,2,3,2,VWA,32,P3_VWA,VWA_32_Tub1,VWA_32
2026-03-02,Mon,Grady,P3_VWA_32_Tub1_Lacerate 17,3,0,alive,,W3-4,0,3,0,VWA,32,P3_VWA,VWA_32_Tub1,VWA_32
2026-03-02,Mon,Grady,P3_VWA_32_Tub1_Lacerate 18,3,0,alive,,W3-4,0,3,0,VWA,32,P3_VWA,VWA_32_Tub1,VWA_32
2026-03-02,Mon,Grady,P3_VWA_32_Tub1_Lacerate 19,3,0,alive,,W3-4,0,3,0,VWA,32,P3_VWA,VWA_32_Tub1,VWA_32
2026-03-02,Mon,Grady,P2_VWA_32_Tub1_Lacerate 20,3,0,alive,,W3-4,0,3,0,VWA,32,P2_VWA,VWA_32_Tub1,VWA_32
2026-03-02,Mon,Grady,P2_VWA_32_Tub1_Lacerate 21,3,4,alive,,W3-4,1.333333333,3,1.333333333,VWA,32,P2_VWA,VWA_32_Tub1,VWA_32
2026-03-02,Mon,Grady,P2_VWA_32_Tub1_Lacerate 22,3,0,alive,,W3-4,0,3,0,VWA,32,P2_VWA,VWA_32_Tub1,VWA_32
2026-03-02,Mon,Grady,P2_VWA_32_Tub1_Lacerate 23,3,10,alive,,W3-4,3.333333333,3,3.333333333,VWA,32,P2_VWA,VWA_32_Tub1,VWA_32
2026-03-02,Mon,Grady,P2_VWA_32_Tub1_Lacerate 24,3,0,alive,,W3-4,0,3,0,VWA,32,P2_VWA,VWA_32_Tub1,VWA_32
2026-03-02,Mon,Grady,P2_VWA_32_Tub1_Lacerate 25,3,0,alive,,W3-4,0,3,0,VWA,32,P2_VWA,VWA_32_Tub1,VWA_32
2026-03-02,Mon,Grady,P1_VWA_32_Tub1_Lacerate 26,0,0,alive,,W3-4,#N/A,1.5,0,VWA,32,P1_VWA,VWA_32_Tub1,VWA_32
2026-03-02,Mon,Grady,P1_VWA_32_Tub2_Lacerate 6,5,0,alive,,W3-4,0,5,0,VWA,32,P1_VWA,VWA_32_Tub2,VWA_32
2026-03-02,Mon,Grady,PX_VWA_32_Tub2_Lacerate 7,5,0,alive,,W3-4,0,5,0,VWA,32,PX_VWA,VWA_32_Tub2,VWA_32
2026-03-02,Mon,Grady,PX_VWA_32_Tub2_Lacerate 8,0,0,alive,,W3-4,#N/A,1.5,0,VWA,32,PX_VWA,VWA_32_Tub2,VWA_32
2026-03-02,Mon,Grady,P2_VWA_32_Tub2_Lacerate 9,0,0,alive,,W3-4,#N/A,1.5,0,VWA,32,P2_VWA,VWA_32_Tub2,VWA_32
2026-03-02,Mon,Grady,P2_VWA_32_Tub2_Lacerate 10,0,0,alive,,W3-4,#N/A,1.5,0,VWA,32,P2_VWA,VWA_32_Tub2,VWA_32
2026-03-02,Mon,Grady,P2_VWA_32_Tub2_Lacerate 11,0,7,alive,,W3-4,#N/A,1.5,4.666666667,VWA,32,P2_VWA,VWA_32_Tub2,VWA_32
2026-03-02,Mon,Grady,PX_VWA_32_Tub2_Lacerate 12,0,10,alive,,W3-4,#N/A,1.5,6.666666667,VWA,32,PX_VWA,VWA_32_Tub2,VWA_32
2026-03-02,Mon,Grady,P3_VWA_32_Tub2_Lacerate 13,0,0,alive,,W3-4,#N/A,1.5,0,VWA,32,P3_VWA,VWA_32_Tub2,VWA_32
2026-03-02,Mon,Grady,P3_VWA_32_Tub2_Lacerate 14,0,0,alive,,W3-4,#N/A,1.5,0,VWA,32,P3_VWA,VWA_32_Tub2,VWA_32
2026-03-02,Mon,Grady,P1_VWA_32_Tub3_Lacerate 8,0,0,alive,,W3-4,#N/A,1.5,0,VWA,32,P1_VWA,VWA_32_Tub3,VWA_32
2026-03-02,Mon,Grady,P3_VWA_32_Tub3_Lacerate 9,0,7,alive,,W3-4,#N/A,1.5,4.666666667,VWA,32,P3_VWA,VWA_32_Tub3,VWA_32
2026-03-02,Mon,Grady,P3_VWA_32_Tub3_Lacerate 10,0,0,alive,,W3-4,#N/A,1.5,0,VWA,32,P3_VWA,VWA_32_Tub3,VWA_32
2026-03-04,Wed,Grady,P2_H2_25_Tub1_Lacerate 14,5,12,alive,,W3-4,2.4,5,2.4,H2,25,P2_H2,H2_25_Tub1,H2_25
2026-03-04,Wed,Grady,P3_H2_25_Tub1_Lacerate 15,5,,missing,,W3-4,0,5,0,H2,25,P3_H2,H2_25_Tub1,H2_25
2026-03-04,Wed,Grady,P1_H2_25_Tub1_Lacerate 16,5,9,alive,,W3-4,1.8,5,1.8,H2,25,P1_H2,H2_25_Tub1,H2_25
2026-03-04,Wed,Grady,P1_H2_25_Tub1_Lacerate 17,5,9,alive,,W3-4,1.8,5,1.8,H2,25,P1_H2,H2_25_Tub1,H2_25
2026-03-04,Wed,Grady,PX_H2_25_Tub1_Lacerate 18,5,11,alive,,W3-4,2.2,5,2.2,H2,25,PX_H2,H2_25_Tub1,H2_25
2026-03-04,Wed,Grady,P2_H2_25_Tub1_Lacerate 19,2,6,alive,,W3-4,3,2,3,H2,25,P2_H2,H2_25_Tub1,H2_25
2026-03-04,Wed,Grady,PX_H2_25_Tub1_Lacerate 20,2,8,alive,,W3-4,4,2,4,H2,25,PX_H2,H2_25_Tub1,H2_25
2026-03-04,Wed,Grady,PX_H2_25_Tub1_Lacerate 21,2,7,alive,,W3-4,3.5,2,3.5,H2,25,PX_H2,H2_25_Tub1,H2_25
2026-03-04,Wed,Grady,PX_H2_25_Tub1_Lacerate 22,2,9,alive,,W3-4,4.5,2,4.5,H2,25,PX_H2,H2_25_Tub1,H2_25
2026-03-04,Wed,Grady,PX_H2_25_Tub1_Lacerate 23,2,8,alive,,W3-4,4,2,4,H2,25,PX_H2,H2_25_Tub1,H2_25
2026-03-04,Wed,Grady,PX_H2_25_Tub1_Lacerate 24,2,6,alive,,W3-4,3,2,3,H2,25,PX_H2,H2_25_Tub1,H2_25
2026-03-04,Wed,Grady,PX_H2_25_Tub1_Lacerate 25,2,6,alive,,W3-4,3,2,3,H2,25,PX_H2,H2_25_Tub1,H2_25
2026-03-04,Wed,Grady,PX_H2_25_Tub1_Lacerate 26,2,8,alive,,W3-4,4,2,4,H2,25,PX_H2,H2_25_Tub1,H2_25
2026-03-04,Wed,Grady,PX_H2_25_Tub1_Lacerate 27,2,9,alive,,W3-4,4.5,2,4.5,H2,25,PX_H2,H2_25_Tub1,H2_25
2026-03-04,Wed,Grady,PX_H2_25_Tub1_Lacerate 28,2,8,alive,,W3-4,4,2,4,H2,25,PX_H2,H2_25_Tub1,H2_25
2026-03-04,Wed,Grady,PX_H2_25_Tub1_Lacerate 29,2,9,alive,,W3-4,4.5,2,4.5,H2,25,PX_H2,H2_25_Tub1,H2_25
2026-03-04,Wed,Grady,PX_H2_25_Tub1_Lacerate 30,2,12,alive,,W3-4,6,2,6,H2,25,PX_H2,H2_25_Tub1,H2_25
2026-03-04,Wed,Grady,PX_H2_25_Tub1_Lacerate 31,2,9,alive,,W3-4,4.5,2,4.5,H2,25,PX_H2,H2_25_Tub1,H2_25
2026-03-04,Wed,Grady,PX_H2_25_Tub1_Lacerate 32,2,11,alive,,W3-4,5.5,2,5.5,H2,25,PX_H2,H2_25_Tub1,H2_25
2026-03-04,Wed,Grady,P2_H2_25_Tub1_Lacerate 33,2,12,alive,,W3-4,6,2,6,H2,25,P2_H2,H2_25_Tub1,H2_25
2026-03-04,Wed,Grady,P2_H2_25_Tub1_Lacerate 34,2,11,alive,,W3-4,5.5,2,5.5,H2,25,P2_H2,H2_25_Tub1,H2_25
2026-03-04,Wed,Grady,P2_H2_25_Tub1_Lacerate 35,2,11,alive,,W3-4,5.5,2,5.5,H2,25,P2_H2,H2_25_Tub1,H2_25
2026-03-04,Wed,Grady,P2_H2_25_Tub1_Lacerate 36,2,12,alive,,W3-4,6,2,6,H2,25,P2_H2,H2_25_Tub1,H2_25
2026-03-04,Wed,Grady,PX_H2_25_Tub1_Lacerate 37,0,8,alive,,W3-4,#N/A,1,8,H2,25,PX_H2,H2_25_Tub1,H2_25
2026-03-04,Wed,Grady,PX_H2_25_Tub1_Lacerate 38,0,6,alive,,W3-4,#N/A,1,6,H2,25,PX_H2,H2_25_Tub1,H2_25
2026-03-04,Wed,Grady,PX_H2_25_Tub1_Lacerate 39,0,13,alive,,W3-4,#N/A,1,13,H2,25,PX_H2,H2_25_Tub1,H2_25
2026-03-04,Wed,Grady,P1_H2_25_Tub2_Lacerate 13,7,7,alive,,W3-4,1,7,1,H2,25,P1_H2,H2_25_Tub2,H2_25
2026-03-04,Wed,Grady,P3_H2_25_Tub2_Lacerate 14,5,5,alive,,W3-4,1,5,1,H2,25,P3_H2,H2_25_Tub2,H2_25
2026-03-04,Wed,Grady,P2_H2_25_Tub2_Lacerate 15,2,9,alive,,W3-4,4.5,2,4.5,H2,25,P2_H2,H2_25_Tub2,H2_25
2026-03-04,Wed,Grady,P2_H2_25_Tub2_Lacerate 16,2,10,alive,,W3-4,5,2,5,H2,25,P2_H2,H2_25_Tub2,H2_25
2026-03-04,Wed,Grady,P1_H2_25_Tub2_Lacerate 17,0,12,alive,,W3-4,#N/A,1,12,H2,25,P1_H2,H2_25_Tub2,H2_25
2026-03-04,Wed,Grady,P1_H2_25_Tub2_Lacerate 18,0,10,alive,,W3-4,#N/A,1,10,H2,25,P1_H2,H2_25_Tub2,H2_25
2026-03-04,Wed,Grady,P3_H2_25_Tub3_Lacerate 10,7,7,alive,,W3-4,1,7,1,H2,25,P3_H2,H2_25_Tub3,H2_25
2026-03-04,Wed,Grady,P3_H2_25_Tub3_Lacerate 11,7,6,alive,,W3-4,0.8571428571,7,0.8571428571,H2,25,P3_H2,H2_25_Tub3,H2_25
2026-03-04,Wed,Grady,P3_H2_25_Tub3_Lacerate 12,7,0,alive,,W3-4,0,7,0,H2,25,P3_H2,H2_25_Tub3,H2_25
2026-03-04,Wed,Grady,P3_H2_25_Tub3_Lacerate 13,7,0,alive,,W3-4,0,7,0,H2,25,P3_H2,H2_25_Tub3,H2_25
2026-03-04,Wed,Grady,PX_H2_25_Tub3_Lacerate 14,5,10,alive,,W3-4,2,5,2,H2,25,PX_H2,H2_25_Tub3,H2_25
2026-03-04,Wed,Grady,P3_H2_25_Tub3_Lacerate 15,2,6,alive,,W3-4,3,2,3,H2,25,P3_H2,H2_25_Tub3,H2_25
2026-03-04,Wed,Grady,P2_H2_25_Tub3_Lacerate 16,2,11,alive,,W3-4,5.5,2,5.5,H2,25,P2_H2,H2_25_Tub3,H2_25
2026-03-04,Wed,Grady,P2_H2_25_Tub3_Lacerate 17,2,8,alive,,W3-4,4,2,4,H2,25,P2_H2,H2_25_Tub3,H2_25
2026-03-04,Wed,Grady,P1_H2_25_Tub3_Lacerate 18,2,12,alive,,W3-4,6,2,6,H2,25,P1_H2,H2_25_Tub3,H2_25
2026-03-04,Wed,Grady,P1_H2_25_Tub3_Lacerate 19,0,4,alive,,W3-4,#N/A,1,4,H2,25,P1_H2,H2_25_Tub3,H2_25
2026-03-04,Wed,Grady,PX_H2_25_Tub3_Lacerate 20,0,1,alive,,W3-4,#N/A,1,1,H2,25,PX_H2,H2_25_Tub3,H2_25
2026-03-04,Wed,Grady,P2_VWA_25_Tub1_Lacerate 14,7,5,alive,,W3-4,0.7142857143,7,0.7142857143,VWA,25,P2_VWA,VWA_25_Tub1,VWA_25
2026-03-04,Wed,Grady,P2_VWA_25_Tub1_Lacerate 15,7,5,alive,,W3-4,0.7142857143,7,0.7142857143,VWA,25,P2_VWA,VWA_25_Tub1,VWA_25
2026-03-04,Wed,Grady,P2_VWA_25_Tub1_Lacerate 16,7,0,alive,,W3-4,0,7,0,VWA,25,P2_VWA,VWA_25_Tub1,VWA_25
2026-03-04,Wed,Grady,P2_VWA_25_Tub1_Lacerate 17,7,,missing,,W3-4,0,7,0,VWA,25,P2_VWA,VWA_25_Tub1,VWA_25
2026-03-04,Wed,Grady,P2_VWA_25_Tub1_Lacerate 18,7,0,alive,,W3-4,0,7,0,VWA,25,P2_VWA,VWA_25_Tub1,VWA_25
2026-03-04,Wed,Grady,P2_VWA_25_Tub1_Lacerate 19,7,0,alive,,W3-4,0,7,0,VWA,25,P2_VWA,VWA_25_Tub1,VWA_25
2026-03-04,Wed,Grady,P2_VWA_25_Tub1_Lacerate 20,5,0,alive,,W3-4,0,5,0,VWA,25,P2_VWA,VWA_25_Tub1,VWA_25
2026-03-04,Wed,Grady,P2_VWA_25_Tub1_Lacerate 21,5,0,alive,,W3-4,0,5,0,VWA,25,P2_VWA,VWA_25_Tub1,VWA_25
2026-03-04,Wed,Grady,P2_VWA_25_Tub1_Lacerate 22,5,0,alive,,W3-4,0,5,0,VWA,25,P2_VWA,VWA_25_Tub1,VWA_25
2026-03-04,Wed,Grady,P2_VWA_25_Tub1_Lacerate 23,5,0,alive,,W3-4,0,5,0,VWA,25,P2_VWA,VWA_25_Tub1,VWA_25
2026-03-04,Wed,Grady,P2_VWA_25_Tub1_Lacerate 24,5,12,alive,,W3-4,2.4,5,2.4,VWA,25,P2_VWA,VWA_25_Tub1,VWA_25
2026-03-04,Wed,Grady,P3_VWA_25_Tub1_Lacerate 25,2,11,alive,,W3-4,5.5,2,5.5,VWA,25,P3_VWA,VWA_25_Tub1,VWA_25
2026-03-04,Wed,Grady,P1_VWA_25_Tub1_Lacerate 26,0,0,alive,,W3-4,#N/A,1,0,VWA,25,P1_VWA,VWA_25_Tub1,VWA_25
2026-03-04,Wed,Grady,P1_VWA_25_Tub1_Lacerate 27,0,0,alive,,W3-4,#N/A,1,0,VWA,25,P1_VWA,VWA_25_Tub1,VWA_25
2026-03-04,Wed,Grady,P1_VWA_25_Tub1_Lacerate 28,0,0,alive,,W3-4,#N/A,1,0,VWA,25,P1_VWA,VWA_25_Tub1,VWA_25
2026-03-04,Wed,Grady,P1_VWA_25_Tub1_Lacerate 29,0,0,alive,,W3-4,#N/A,1,0,VWA,25,P1_VWA,VWA_25_Tub1,VWA_25
2026-03-04,Wed,Grady,P1_VWA_25_Tub1_Lacerate 30,0,0,alive,,W3-4,#N/A,1,0,VWA,25,P1_VWA,VWA_25_Tub1,VWA_25
2026-03-04,Wed,Grady,P1_VWA_25_Tub1_Lacerate 31,0,0,alive,,W3-4,#N/A,1,0,VWA,25,P1_VWA,VWA_25_Tub1,VWA_25
2026-03-04,Wed,Grady,P1_VWA_25_Tub1_Lacerate 32,0,0,alive,,W3-4,#N/A,1,0,VWA,25,P1_VWA,VWA_25_Tub1,VWA_25
2026-03-04,Wed,Grady,P1_VWA_25_Tub1_Lacerate 33,0,0,alive,,W3-4,#N/A,1,0,VWA,25,P1_VWA,VWA_25_Tub1,VWA_25
2026-03-04,Wed,Grady,P1_VWA_25_Tub1_Lacerate 34,0,0,alive,,W3-4,#N/A,1,0,VWA,25,P1_VWA,VWA_25_Tub1,VWA_25
2026-03-04,Wed,Grady,P1_VWA_25_Tub1_Lacerate 35,0,0,alive,,W3-4,#N/A,1,0,VWA,25,P1_VWA,VWA_25_Tub1,VWA_25
2026-03-04,Wed,Grady,P1_VWA_25_Tub1_Lacerate 36,0,0,alive,,W3-4,#N/A,1,0,VWA,25,P1_VWA,VWA_25_Tub1,VWA_25
2026-03-04,Wed,Grady,P2_VWA_25_Tub1_Lacerate 37,0,0,alive,,W3-4,#N/A,1,0,VWA,25,P2_VWA,VWA_25_Tub1,VWA_25
2026-03-04,Wed,Grady,P2_VWA_25_Tub1_Lacerate 38,0,0,alive,,W3-4,#N/A,1,0,VWA,25,P2_VWA,VWA_25_Tub1,VWA_25
2026-03-04,Wed,Grady,P2_VWA_25_Tub1_Lacerate 39,0,0,alive,,W3-4,#N/A,1,0,VWA,25,P2_VWA,VWA_25_Tub1,VWA_25
2026-03-04,Wed,Grady,P2_VWA_25_Tub1_Lacerate 40,0,0,alive,,W3-4,#N/A,1,0,VWA,25,P2_VWA,VWA_25_Tub1,VWA_25
2026-03-04,Wed,Grady,P2_VWA_25_Tub1_Lacerate 41,0,0,alive,,W3-4,#N/A,1,0,VWA,25,P2_VWA,VWA_25_Tub1,VWA_25
2026-03-04,Wed,Grady,P2_VWA_25_Tub1_Lacerate 42,0,0,alive,,W3-4,#N/A,1,0,VWA,25,P2_VWA,VWA_25_Tub1,VWA_25
2026-03-04,Wed,Grady,P2_VWA_25_Tub1_Lacerate 43,0,0,alive,,W3-4,#N/A,1,0,VWA,25,P2_VWA,VWA_25_Tub1,VWA_25
2026-03-04,Wed,Grady,P2_VWA_25_Tub1_Lacerate 44,0,0,alive,,W3-4,#N/A,1,0,VWA,25,P2_VWA,VWA_25_Tub1,VWA_25
2026-03-04,Wed,Grady,P2_VWA_25_Tub2_Lacerate 14,5,4,alive,,W3-4,0.8,5,0.8,VWA,25,P2_VWA,VWA_25_Tub2,VWA_25
2026-03-04,Wed,Grady,PX_VWA_25_Tub2_Lacerate 15,2,12,alive,,W3-4,6,2,6,VWA,25,PX_VWA,VWA_25_Tub2,VWA_25
2026-03-04,Wed,Grady,P3_VWA_25_Tub2_Lacerate 16,2,12,alive,,W3-4,6,2,6,VWA,25,P3_VWA,VWA_25_Tub2,VWA_25
2026-03-04,Wed,Grady,P3_VWA_25_Tub2_Lacerate 17,2,11,alive,,W3-4,5.5,2,5.5,VWA,25,P3_VWA,VWA_25_Tub2,VWA_25
2026-03-04,Wed,Grady,P3_VWA_25_Tub2_Lacerate 18,2,4,alive,,W3-4,2,2,2,VWA,25,P3_VWA,VWA_25_Tub2,VWA_25
2026-03-04,Wed,Grady,P1_VWA_25_Tub2_Lacerate 19,0,0,alive,,W3-4,#N/A,1,0,VWA,25,P1_VWA,VWA_25_Tub2,VWA_25
2026-03-04,Wed,Grady,P1_VWA_25_Tub2_Lacerate 20,0,0,alive,,W3-4,#N/A,1,0,VWA,25,P1_VWA,VWA_25_Tub2,VWA_25
2026-03-04,Wed,Grady,P1_VWA_25_Tub2_Lacerate 21,0,0,alive,,W3-4,#N/A,1,0,VWA,25,P1_VWA,VWA_25_Tub2,VWA_25
2026-03-04,Wed,Grady,P1_VWA_25_Tub2_Lacerate 22,0,0,alive,,W3-4,#N/A,1,0,VWA,25,P1_VWA,VWA_25_Tub2,VWA_25
2026-03-04,Wed,Grady,P1_VWA_25_Tub2_Lacerate 23,0,0,alive,,W3-4,#N/A,1,0,VWA,25,P1_VWA,VWA_25_Tub2,VWA_25
2026-03-04,Wed,Grady,P1_VWA_25_Tub2_Lacerate 24,0,0,alive,,W3-4,#N/A,1,0,VWA,25,P1_VWA,VWA_25_Tub2,VWA_25
2026-03-04,Wed,Grady,PX_VWA_25_Tub2_Lacerate 25,0,4,alive,,W3-4,#N/A,1,4,VWA,25,PX_VWA,VWA_25_Tub2,VWA_25
2026-03-04,Wed,Grady,P2_VWA_25_Tub2_Lacerate 26,0,10,alive,,W3-4,#N/A,1,10,VWA,25,P2_VWA,VWA_25_Tub2,VWA_25
2026-03-04,Wed,Grady,PX_VWA_25_Tub2_Lacerate 27,0,8,alive,,W3-4,#N/A,1,8,VWA,25,PX_VWA,VWA_25_Tub2,VWA_25
2026-03-04,Wed,Grady,P3_VWA_25_Tub3_Lacerate 5,5,0,alive,,W3-4,0,5,0,VWA,25,P3_VWA,VWA_25_Tub3,VWA_25
2026-03-04,Wed,Grady,P3_VWA_25_Tub3_Lacerate 6,5,0,alive,,W3-4,0,5,0,VWA,25,P3_VWA,VWA_25_Tub3,VWA_25
2026-03-04,Wed,Grady,P3_VWA_25_Tub3_Lacerate 7,5,0,alive,,W3-4,0,5,0,VWA,25,P3_VWA,VWA_25_Tub3,VWA_25
2026-03-04,Wed,Grady,P3_VWA_25_Tub3_Lacerate 8,5,0,alive,,W3-4,0,5,0,VWA,25,P3_VWA,VWA_25_Tub3,VWA_25
2026-03-04,Wed,Grady,P3_VWA_25_Tub3_Lacerate 9,5,0,alive,,W3-4,0,5,0,VWA,25,P3_VWA,VWA_25_Tub3,VWA_25
2026-03-04,Wed,Grady,P3_VWA_25_Tub3_Lacerate 10,5,0,alive,,W3-4,0,5,0,VWA,25,P3_VWA,VWA_25_Tub3,VWA_25
2026-03-04,Wed,Grady,P3_VWA_25_Tub3_Lacerate 11,5,0,alive,,W3-4,0,5,0,VWA,25,P3_VWA,VWA_25_Tub3,VWA_25
2026-03-04,Wed,Grady,P3_VWA_25_Tub3_Lacerate 12,5,0,alive,,W3-4,0,5,0,VWA,25,P3_VWA,VWA_25_Tub3,VWA_25
2026-03-04,Wed,Grady,P2_VWA_25_Tub3_Lacerate 13,2,10,alive,,W3-4,5,2,5,VWA,25,P2_VWA,VWA_25_Tub3,VWA_25
2026-03-04,Wed,Grady,P2_VWA_25_Tub3_Lacerate 14,2,,missing,,W3-4,0,2,0,VWA,25,P2_VWA,VWA_25_Tub3,VWA_25
2026-03-04,Wed,Grady,P2_VWA_25_Tub3_Lacerate 15,2,,missing,,W3-4,0,2,0,VWA,25,P2_VWA,VWA_25_Tub3,VWA_25
2026-03-04,Wed,Grady,P2_VWA_25_Tub3_Lacerate 16,2,3,alive,,W3-4,1.5,2,1.5,VWA,25,P2_VWA,VWA_25_Tub3,VWA_25
2026-03-04,Wed,Grady,P1_VWA_25_Tub3_Lacerate 17,2,8,alive,,W3-4,4,2,4,VWA,25,P1_VWA,VWA_25_Tub3,VWA_25
2026-03-04,Wed,Grady,P1_VWA_25_Tub3_Lacerate 18,0,6,alive,,W3-4,#N/A,1,6,VWA,25,P1_VWA,VWA_25_Tub3,VWA_25
2026-03-04,Wed,Grady,P1_VWA_25_Tub3_Lacerate 19,0,0,alive,,W3-4,#N/A,1,0,VWA,25,P1_VWA,VWA_25_Tub3,VWA_25
2026-03-04,Wed,Grady,P3_VWA_25_Tub3_Lacerate 20,0,0,alive,,W3-4,#N/A,1,0,VWA,25,P3_VWA,VWA_25_Tub3,VWA_25
2026-03-04,Wed,Grady,P3_VWA_25_Tub3_Lacerate 21,0,0,alive,,W3-4,#N/A,1,0,VWA,25,P3_VWA,VWA_25_Tub3,VWA_25
2026-03-04,Wed,Grady,P3_VWA_25_Tub3_Lacerate 22,0,0,alive,,W3-4,#N/A,1,0,VWA,25,P3_VWA,VWA_25_Tub3,VWA_25
2026-03-04,Wed,Grady,P2_VWA_25_Tub3_Lacerate 23,0,0,alive,,W3-4,#N/A,1,0,VWA,25,P2_VWA,VWA_25_Tub3,VWA_25
2026-03-04,Wed,Grady,P2_VWA_25_Tub3_Lacerate 24,0,0,alive,,W3-4,#N/A,1,0,VWA,25,P2_VWA,VWA_25_Tub3,VWA_25
2026-03-04,Wed,Grady,P2_VWA_25_Tub3_Lacerate 25,0,0,alive,,W3-4,#N/A,1,0,VWA,25,P2_VWA,VWA_25_Tub3,VWA_25
2026-03-04,Wed,Grady,P2_VWA_25_Tub3_Lacerate 26,0,0,alive,,W3-4,#N/A,1,0,VWA,25,P2_VWA,VWA_25_Tub3,VWA_25
2026-03-04,Wed,Grady,P2_VWA_25_Tub3_Lacerate 27,0,0,alive,,W3-4,#N/A,1,0,VWA,25,P2_VWA,VWA_25_Tub3,VWA_25
2026-03-04,Wed,Grady,P2_VWA_25_Tub3_Lacerate 28,0,0,alive,,W3-4,#N/A,1,0,VWA,25,P2_VWA,VWA_25_Tub3,VWA_25
2026-03-04,Wed,Grady,P2_VWA_25_Tub3_Lacerate 29,0,0,alive,,W3-4,#N/A,1,0,VWA,25,P2_VWA,VWA_25_Tub3,VWA_25
2026-03-04,Wed,Grady,P2_VWA_25_Tub3_Lacerate 30,0,0,alive,,W3-4,#N/A,1,0,VWA,25,P2_VWA,VWA_25_Tub3,VWA_25
2026-03-04,Wed,Grady,P2_VWA_25_Tub3_Lacerate 31,0,0,alive,,W3-4,#N/A,1,0,VWA,25,P2_VWA,VWA_25_Tub3,VWA_25
2026-03-04,Wed,Grady,P2_VWA_25_Tub3_Lacerate 32,0,0,alive,,W3-4,#N/A,1,0,VWA,25,P2_VWA,VWA_25_Tub3,VWA_25
2026-03-04,Wed,Grady,P2_VWA_25_Tub3_Lacerate 33,0,6,alive,,W3-4,#N/A,1,6,VWA,25,P2_VWA,VWA_25_Tub3,VWA_25
2026-03-04,Wed,Grady,P1_H2_32_Tub1_Lacerate 24,7,0,alive,,W3-4,0,7,0,H2,32,P1_H2,H2_32_Tub1,H2_32
2026-03-04,Wed,Grady,P1_H2_32_Tub1_Lacerate 25,7,12,alive,,W3-4,1.714285714,7,1.714285714,H2,32,P1_H2,H2_32_Tub1,H2_32
2026-03-04,Wed,Grady,P1_H2_32_Tub1_Lacerate 26,7,11,alive,,W3-4,1.571428571,7,1.571428571,H2,32,P1_H2,H2_32_Tub1,H2_32
2026-03-04,Wed,Grady,P3_H2_32_Tub1_Lacerate 27,2,3,alive,,W3-4,1.5,2,1.5,H2,32,P3_H2,H2_32_Tub1,H2_32
2026-03-04,Wed,Grady,P2_H2_32_Tub1_Lacerate 28,2,2,alive,,W3-4,1,2,1,H2,32,P2_H2,H2_32_Tub1,H2_32
2026-03-04,Wed,Grady,P2_H2_32_Tub1_Lacerate 29,2,5,alive,,W3-4,2.5,2,2.5,H2,32,P2_H2,H2_32_Tub1,H2_32
2026-03-04,Wed,Grady,P2_H2_32_Tub1_Lacerate 30,2,12,alive,,W3-4,6,2,6,H2,32,P2_H2,H2_32_Tub1,H2_32
2026-03-04,Wed,Grady,P2_H2_32_Tub1_Lacerate 31,2,6,alive,,W3-4,3,2,3,H2,32,P2_H2,H2_32_Tub1,H2_32
2026-03-04,Wed,Grady,P2_H2_32_Tub1_Lacerate 32,2,10,alive,,W3-4,5,2,5,H2,32,P2_H2,H2_32_Tub1,H2_32
2026-03-04,Wed,Grady,P3_H2_32_Tub1_Lacerate 33,2,,missing,,W3-4,0,2,0,H2,32,P3_H2,H2_32_Tub1,H2_32
2026-03-04,Wed,Grady,P3_H2_32_Tub1_Lacerate 34,2,12,alive,,W3-4,6,2,6,H2,32,P3_H2,H2_32_Tub1,H2_32
2026-03-04,Wed,Grady,P3_H2_32_Tub1_Lacerate 35,2,12,alive,,W3-4,6,2,6,H2,32,P3_H2,H2_32_Tub1,H2_32
2026-03-04,Wed,Grady,P1_H2_32_Tub1_Lacerate 36,0,0,alive,,W3-4,#N/A,1,0,H2,32,P1_H2,H2_32_Tub1,H2_32
2026-03-04,Wed,Grady,P1_H2_32_Tub1_Lacerate 37,0,6,alive,,W3-4,#N/A,1,6,H2,32,P1_H2,H2_32_Tub1,H2_32
2026-03-04,Wed,Grady,P1_H2_32_Tub1_Lacerate 38,0,11,alive,,W3-4,#N/A,1,11,H2,32,P1_H2,H2_32_Tub1,H2_32
2026-03-04,Wed,Grady,P1_H2_32_Tub1_Lacerate 39,0,14,alive,,W3-4,#N/A,1,14,H2,32,P1_H2,H2_32_Tub1,H2_32
2026-03-04,Wed,Grady,P1_H2_32_Tub1_Lacerate 40,0,3,alive,,W3-4,#N/A,1,3,H2,32,P1_H2,H2_32_Tub1,H2_32
2026-03-04,Wed,Grady,PX_H2_32_Tub1_Lacerate 41,0,0,alive,,W3-4,#N/A,1,0,H2,32,PX_H2,H2_32_Tub1,H2_32
2026-03-04,Wed,Grady,PX_H2_32_Tub1_Lacerate 42,0,11,alive,,W3-4,#N/A,1,11,H2,32,PX_H2,H2_32_Tub1,H2_32
2026-03-04,Wed,Grady,PX_H2_32_Tub1_Lacerate 43,0,3,alive,,W3-4,#N/A,1,3,H2,32,PX_H2,H2_32_Tub1,H2_32
2026-03-04,Wed,Grady,PX_H2_32_Tub1_Lacerate 44,0,0,alive,,W3-4,#N/A,1,0,H2,32,PX_H2,H2_32_Tub1,H2_32
2026-03-04,Wed,Grady,PX_H2_32_Tub1_Lacerate 45,0,0,alive,,W3-4,#N/A,1,0,H2,32,PX_H2,H2_32_Tub1,H2_32
2026-03-04,Wed,Grady,PX_H2_32_Tub1_Lacerate 46,0,0,alive,,W3-4,#N/A,1,0,H2,32,PX_H2,H2_32_Tub1,H2_32
2026-03-04,Wed,Grady,PX_H2_32_Tub1_Lacerate 47,0,0,alive,,W3-4,#N/A,1,0,H2,32,PX_H2,H2_32_Tub1,H2_32
2026-03-04,Wed,Grady,P1_H2_32_Tub2_Lacerate 19,7,5,alive,,W3-4,0.7142857143,7,0.7142857143,H2,32,P1_H2,H2_32_Tub2,H2_32
2026-03-04,Wed,Grady,P1_H2_32_Tub2_Lacerate 20,7,0,alive,,W3-4,0,7,0,H2,32,P1_H2,H2_32_Tub2,H2_32
2026-03-04,Wed,Grady,P1_H2_32_Tub2_Lacerate 21,7,0,alive,,W3-4,0,7,0,H2,32,P1_H2,H2_32_Tub2,H2_32
2026-03-04,Wed,Grady,P1_H2_32_Tub2_Lacerate 22,7,0,alive,,W3-4,0,7,0,H2,32,P1_H2,H2_32_Tub2,H2_32
2026-03-04,Wed,Grady,P1_H2_32_Tub2_Lacerate 23,7,0,alive,,W3-4,0,7,0,H2,32,P1_H2,H2_32_Tub2,H2_32
2026-03-04,Wed,Grady,P2_H2_32_Tub2_Lacerate 24,5,2,alive,,W3-4,0.4,5,0.4,H2,32,P2_H2,H2_32_Tub2,H2_32
2026-03-04,Wed,Grady,P2_H2_32_Tub2_Lacerate 25,5,5,alive,,W3-4,1,5,1,H2,32,P2_H2,H2_32_Tub2,H2_32
2026-03-04,Wed,Grady,P3_H2_32_Tub2_Lacerate 26,5,4,alive,,W3-4,0.8,5,0.8,H2,32,P3_H2,H2_32_Tub2,H2_32
2026-03-04,Wed,Grady,P3_H2_32_Tub2_Lacerate 27,5,0,alive,,W3-4,0,5,0,H2,32,P3_H2,H2_32_Tub2,H2_32
2026-03-04,Wed,Grady,P1_H2_32_Tub2_Lacerate 28,2,0,alive,,W3-4,0,2,0,H2,32,P1_H2,H2_32_Tub2,H2_32
2026-03-04,Wed,Grady,P2_H2_32_Tub2_Lacerate 29,2,0,alive,,W3-4,0,2,0,H2,32,P2_H2,H2_32_Tub2,H2_32
2026-03-04,Wed,Grady,P2_H2_32_Tub2_Lacerate 30,2,0,alive,,W3-4,0,2,0,H2,32,P2_H2,H2_32_Tub2,H2_32
2026-03-04,Wed,Grady,P2_H2_32_Tub2_Lacerate 31,2,0,alive,,W3-4,0,2,0,H2,32,P2_H2,H2_32_Tub2,H2_32
2026-03-04,Wed,Grady,P3_H2_32_Tub2_Lacerate 32,0,0,alive,,W3-4,#N/A,1,0,H2,32,P3_H2,H2_32_Tub2,H2_32
2026-03-04,Wed,Grady,P3_H2_32_Tub2_Lacerate 33,0,0,alive,,W3-4,#N/A,1,0,H2,32,P3_H2,H2_32_Tub2,H2_32
2026-03-04,Wed,Grady,P2_H2_32_Tub2_Lacerate 34,0,0,alive,,W3-4,#N/A,1,0,H2,32,P2_H2,H2_32_Tub2,H2_32
2026-03-04,Wed,Grady,P2_H2_32_Tub2_Lacerate 35,0,0,alive,,W3-4,#N/A,1,0,H2,32,P2_H2,H2_32_Tub2,H2_32
2026-03-04,Wed,Grady,PX_H2_32_Tub2_Lacerate 36,0,9,alive,,W3-4,#N/A,1,9,H2,32,PX_H2,H2_32_Tub2,H2_32
2026-03-04,Wed,Grady,PX_H2_32_Tub2_Lacerate 37,0,12,alive,,W3-4,#N/A,1,12,H2,32,PX_H2,H2_32_Tub2,H2_32
2026-03-04,Wed,Grady,PX_H2_32_Tub2_Lacerate 38,0,12,alive,,W3-4,#N/A,1,12,H2,32,PX_H2,H2_32_Tub2,H2_32
2026-03-04,Wed,Grady,P2_H2_32_Tub2_Lacerate 39,0,10,alive,,W3-4,#N/A,1,10,H2,32,P2_H2,H2_32_Tub2,H2_32
2026-03-04,Wed,Grady,P2_H2_32_Tub2_Lacerate 40,0,6,alive,,W3-4,#N/A,1,6,H2,32,P2_H2,H2_32_Tub2,H2_32
2026-03-04,Wed,Grady,P2_H2_32_Tub2_Lacerate 41,0,4,alive,,W3-4,#N/A,1,4,H2,32,P2_H2,H2_32_Tub2,H2_32
2026-03-04,Wed,Grady,P1_H2_32_Tub3_Lacerate 10,7,11,alive,,W3-4,1.571428571,7,1.571428571,H2,32,P1_H2,H2_32_Tub3,H2_32
2026-03-04,Wed,Grady,P2_H2_32_Tub3_Lacerate 11,5,0,alive,,W3-4,0,5,0,H2,32,P2_H2,H2_32_Tub3,H2_32
2026-03-04,Wed,Grady,P2_H2_32_Tub3_Lacerate 12,5,0,alive,,W3-4,0,5,0,H2,32,P2_H2,H2_32_Tub3,H2_32
2026-03-04,Wed,Grady,P2_H2_32_Tub3_Lacerate 13,5,0,alive,,W3-4,0,5,0,H2,32,P2_H2,H2_32_Tub3,H2_32
2026-03-04,Wed,Grady,PX_H2_32_Tub3_Lacerate 14,2,10,alive,,W3-4,5,2,5,H2,32,PX_H2,H2_32_Tub3,H2_32
2026-03-04,Wed,Grady,PX_H2_32_Tub3_Lacerate 15,2,6,alive,,W3-4,3,2,3,H2,32,PX_H2,H2_32_Tub3,H2_32
2026-03-04,Wed,Grady,PX_H2_32_Tub3_Lacerate 16,2,12,alive,,W3-4,6,2,6,H2,32,PX_H2,H2_32_Tub3,H2_32
2026-03-04,Wed,Grady,P1_H2_32_Tub3_Lacerate 17,2,9,alive,,W3-4,4.5,2,4.5,H2,32,P1_H2,H2_32_Tub3,H2_32
2026-03-04,Wed,Grady,P1_H2_32_Tub3_Lacerate 18,2,0,alive,,W3-4,0,2,0,H2,32,P1_H2,H2_32_Tub3,H2_32
2026-03-04,Wed,Grady,P2_H2_32_Tub3_Lacerate 19,2,7,alive,,W3-4,3.5,2,3.5,H2,32,P2_H2,H2_32_Tub3,H2_32
2026-03-04,Wed,Grady,P3_H2_32_Tub3_Lacerate 20,2,0,alive,,W3-4,0,2,0,H2,32,P3_H2,H2_32_Tub3,H2_32
2026-03-04,Wed,Grady,P3_H2_32_Tub3_Lacerate 21,2,0,alive,,W3-4,0,2,0,H2,32,P3_H2,H2_32_Tub3,H2_32
2026-03-04,Wed,Grady,P3_H2_32_Tub3_Lacerate 22,2,12,alive,,W3-4,6,2,6,H2,32,P3_H2,H2_32_Tub3,H2_32
2026-03-04,Wed,Grady,P3_H2_32_Tub3_Lacerate 23,2,9,alive,,W3-4,4.5,2,4.5,H2,32,P3_H2,H2_32_Tub3,H2_32
2026-03-04,Wed,Grady,P3_H2_32_Tub3_Lacerate 24,2,0,alive,,W3-4,0,2,0,H2,32,P3_H2,H2_32_Tub3,H2_32
2026-03-04,Wed,Grady,P3_H2_32_Tub3_Lacerate 25,0,0,alive,,W3-4,#N/A,1,0,H2,32,P3_H2,H2_32_Tub3,H2_32
2026-03-04,Wed,Grady,P3_H2_32_Tub3_Lacerate 26,0,0,alive,,W3-4,#N/A,1,0,H2,32,P3_H2,H2_32_Tub3,H2_32
2026-03-04,Wed,Grady,P2_H2_32_Tub3_Lacerate 27,0,0,alive,,W3-4,#N/A,1,0,H2,32,P2_H2,H2_32_Tub3,H2_32
2026-03-04,Wed,Grady,P2_H2_32_Tub3_Lacerate 28,0,11,alive,,W3-4,#N/A,1,11,H2,32,P2_H2,H2_32_Tub3,H2_32
2026-03-04,Wed,Grady,P1_H2_32_Tub3_Lacerate 29,0,3,alive,,W3-4,#N/A,1,3,H2,32,P1_H2,H2_32_Tub3,H2_32
2026-03-04,Wed,Grady,P1_H2_32_Tub3_Lacerate 30,0,12,alive,,W3-4,#N/A,1,12,H2,32,P1_H2,H2_32_Tub3,H2_32
2026-03-04,Wed,Grady,P1_H2_32_Tub3_Lacerate 31,0,11,alive,,W3-4,#N/A,1,11,H2,32,P1_H2,H2_32_Tub3,H2_32
2026-03-04,Wed,Grady,P1_VWA_32_Tub1_Lacerate 11,7,10,alive,,W3-4,1.428571429,7,1.428571429,VWA,32,P1_VWA,VWA_32_Tub1,VWA_32
2026-03-04,Wed,Grady,P3_VWA_32_Tub1_Lacerate 12,7,11,alive,,W3-4,1.571428571,7,1.571428571,VWA,32,P3_VWA,VWA_32_Tub1,VWA_32
2026-03-04,Wed,Grady,P1_VWA_32_Tub1_Lacerate 13,5,,missing,,W3-4,0,5,0,VWA,32,P1_VWA,VWA_32_Tub1,VWA_32
2026-03-04,Wed,Grady,P1_VWA_32_Tub1_Lacerate 14,5,,missing,,W3-4,0,5,0,VWA,32,P1_VWA,VWA_32_Tub1,VWA_32
2026-03-04,Wed,Grady,P3_VWA_32_Tub1_Lacerate 15,5,9,alive,,W3-4,1.8,5,1.8,VWA,32,P3_VWA,VWA_32_Tub1,VWA_32
2026-03-04,Wed,Grady,P3_VWA_32_Tub1_Lacerate 16,5,12,alive,,W3-4,2.4,5,2.4,VWA,32,P3_VWA,VWA_32_Tub1,VWA_32
2026-03-04,Wed,Grady,P3_VWA_32_Tub1_Lacerate 17,5,10,alive,,W3-4,2,5,2,VWA,32,P3_VWA,VWA_32_Tub1,VWA_32
2026-03-04,Wed,Grady,P3_VWA_32_Tub1_Lacerate 18,5,0,alive,,W3-4,0,5,0,VWA,32,P3_VWA,VWA_32_Tub1,VWA_32
2026-03-04,Wed,Grady,P3_VWA_32_Tub1_Lacerate 19,5,0,alive,,W3-4,0,5,0,VWA,32,P3_VWA,VWA_32_Tub1,VWA_32
2026-03-04,Wed,Grady,P2_VWA_32_Tub1_Lacerate 20,5,7,alive,,W3-4,1.4,5,1.4,VWA,32,P2_VWA,VWA_32_Tub1,VWA_32
2026-03-04,Wed,Grady,P2_VWA_32_Tub1_Lacerate 21,5,12,alive,,W3-4,2.4,5,2.4,VWA,32,P2_VWA,VWA_32_Tub1,VWA_32
2026-03-04,Wed,Grady,P2_VWA_32_Tub1_Lacerate 22,5,12,alive,,W3-4,2.4,5,2.4,VWA,32,P2_VWA,VWA_32_Tub1,VWA_32
2026-03-04,Wed,Grady,P2_VWA_32_Tub1_Lacerate 23,5,16,alive,,W3-4,3.2,5,3.2,VWA,32,P2_VWA,VWA_32_Tub1,VWA_32
2026-03-04,Wed,Grady,P2_VWA_32_Tub1_Lacerate 24,5,0,alive,,W3-4,0,5,0,VWA,32,P2_VWA,VWA_32_Tub1,VWA_32
2026-03-04,Wed,Grady,P2_VWA_32_Tub1_Lacerate 25,5,4,alive,,W3-4,0.8,5,0.8,VWA,32,P2_VWA,VWA_32_Tub1,VWA_32
2026-03-04,Wed,Grady,P1_VWA_32_Tub1_Lacerate 26,2,0,alive,,W3-4,0,2,0,VWA,32,P1_VWA,VWA_32_Tub1,VWA_32
2026-03-04,Wed,Grady,P2_VWA_32_Tub1_Lacerate 27,0,0,alive,,W3-4,#N/A,1,0,VWA,32,P2_VWA,VWA_32_Tub1,VWA_32
2026-03-04,Wed,Grady,P2_VWA_32_Tub1_Lacerate 28,0,0,alive,,W3-4,#N/A,1,0,VWA,32,P2_VWA,VWA_32_Tub1,VWA_32
2026-03-04,Wed,Grady,P3_VWA_32_Tub1_Lacerate 29,0,0,alive,,W3-4,#N/A,1,0,VWA,32,P3_VWA,VWA_32_Tub1,VWA_32
2026-03-04,Wed,Grady,P3_VWA_32_Tub1_Lacerate 30,0,0,alive,,W3-4,#N/A,1,0,VWA,32,P3_VWA,VWA_32_Tub1,VWA_32
2026-03-04,Wed,Grady,P3_VWA_32_Tub1_Lacerate 31,0,0,alive,,W3-4,#N/A,1,0,VWA,32,P3_VWA,VWA_32_Tub1,VWA_32
2026-03-04,Wed,Grady,P3_VWA_32_Tub1_Lacerate 32,0,0,alive,,W3-4,#N/A,1,0,VWA,32,P3_VWA,VWA_32_Tub1,VWA_32
2026-03-04,Wed,Grady,P1_VWA_32_Tub1_Lacerate 33,0,0,alive,,W3-4,#N/A,1,0,VWA,32,P1_VWA,VWA_32_Tub1,VWA_32
2026-03-04,Wed,Grady,P1_VWA_32_Tub1_Lacerate 34,0,0,alive,,W3-4,#N/A,1,0,VWA,32,P1_VWA,VWA_32_Tub1,VWA_32
2026-03-04,Wed,Grady,P1_VWA_32_Tub1_Lacerate 35,0,0,alive,,W3-4,#N/A,1,0,VWA,32,P1_VWA,VWA_32_Tub1,VWA_32
2026-03-04,Wed,Grady,P1_VWA_32_Tub1_Lacerate 36,0,0,alive,,W3-4,#N/A,1,0,VWA,32,P1_VWA,VWA_32_Tub1,VWA_32
2026-03-04,Wed,Grady,P1_VWA_32_Tub1_Lacerate 37,0,0,alive,,W3-4,#N/A,1,0,VWA,32,P1_VWA,VWA_32_Tub1,VWA_32
2026-03-04,Wed,Grady,P1_VWA_32_Tub1_Lacerate 38,0,0,alive,,W3-4,#N/A,1,0,VWA,32,P1_VWA,VWA_32_Tub1,VWA_32
2026-03-04,Wed,Grady,P1_VWA_32_Tub1_Lacerate 39,0,0,alive,,W3-4,#N/A,1,0,VWA,32,P1_VWA,VWA_32_Tub1,VWA_32
2026-03-04,Wed,Grady,P1_VWA_32_Tub1_Lacerate 40,0,0,alive,,W3-4,#N/A,1,0,VWA,32,P1_VWA,VWA_32_Tub1,VWA_32
2026-03-04,Wed,Grady,P1_VWA_32_Tub1_Lacerate 41,0,0,alive,,W3-4,#N/A,1,0,VWA,32,P1_VWA,VWA_32_Tub1,VWA_32
2026-03-04,Wed,Grady,P1_VWA_32_Tub1_Lacerate 42,0,0,alive,,W3-4,#N/A,1,0,VWA,32,P1_VWA,VWA_32_Tub1,VWA_32
2026-03-04,Wed,Grady,P1_VWA_32_Tub1_Lacerate 43,0,0,alive,,W3-4,#N/A,1,0,VWA,32,P1_VWA,VWA_32_Tub1,VWA_32
2026-03-04,Wed,Grady,P1_VWA_32_Tub1_Lacerate 44,0,0,alive,,W3-4,#N/A,1,0,VWA,32,P1_VWA,VWA_32_Tub1,VWA_32
2026-03-04,Wed,Grady,PX_VWA_32_Tub1_Lacerate 45,0,11,alive,,W3-4,#N/A,1,11,VWA,32,PX_VWA,VWA_32_Tub1,VWA_32
2026-03-04,Wed,Grady,PX_VWA_32_Tub1_Lacerate 46,0,7,alive,,W3-4,#N/A,1,7,VWA,32,PX_VWA,VWA_32_Tub1,VWA_32
2026-03-04,Wed,Grady,P1_VWA_32_Tub2_Lacerate 6,7,0,alive,,W3-4,0,7,0,VWA,32,P1_VWA,VWA_32_Tub2,VWA_32
2026-03-04,Wed,Grady,PX_VWA_32_Tub2_Lacerate 7,7,11,alive,,W3-4,1.571428571,7,1.571428571,VWA,32,PX_VWA,VWA_32_Tub2,VWA_32
2026-03-04,Wed,Grady,PX_VWA_32_Tub2_Lacerate 8,2,8,alive,,W3-4,4,2,4,VWA,32,PX_VWA,VWA_32_Tub2,VWA_32
2026-03-04,Wed,Grady,P2_VWA_32_Tub2_Lacerate 9,2,0,alive,,W3-4,0,2,0,VWA,32,P2_VWA,VWA_32_Tub2,VWA_32
2026-03-04,Wed,Grady,P2_VWA_32_Tub2_Lacerate 10,2,5,alive,,W3-4,2.5,2,2.5,VWA,32,P2_VWA,VWA_32_Tub2,VWA_32
2026-03-04,Wed,Grady,P2_VWA_32_Tub2_Lacerate 11,2,9,alive,,W3-4,4.5,2,4.5,VWA,32,P2_VWA,VWA_32_Tub2,VWA_32
2026-03-04,Wed,Grady,PX_VWA_32_Tub2_Lacerate 12,2,14,alive,,W3-4,7,2,7,VWA,32,PX_VWA,VWA_32_Tub2,VWA_32
2026-03-04,Wed,Grady,P3_VWA_32_Tub2_Lacerate 13,2,0,alive,,W3-4,0,2,0,VWA,32,P3_VWA,VWA_32_Tub2,VWA_32
2026-03-04,Wed,Grady,P3_VWA_32_Tub2_Lacerate 14,2,0,alive,,W3-4,0,2,0,VWA,32,P3_VWA,VWA_32_Tub2,VWA_32
2026-03-04,Wed,Grady,P1_VWA_32_Tub2_Lacerate 15,0,0,alive,,W3-4,#N/A,1,0,VWA,32,P1_VWA,VWA_32_Tub2,VWA_32
2026-03-04,Wed,Grady,P1_VWA_32_Tub2_Lacerate 16,0,0,alive,,W3-4,#N/A,1,0,VWA,32,P1_VWA,VWA_32_Tub2,VWA_32
2026-03-04,Wed,Grady,P1_VWA_32_Tub2_Lacerate 17,0,0,alive,,W3-4,#N/A,1,0,VWA,32,P1_VWA,VWA_32_Tub2,VWA_32
2026-03-04,Wed,Grady,P1_VWA_32_Tub2_Lacerate 18,0,0,alive,,W3-4,#N/A,1,0,VWA,32,P1_VWA,VWA_32_Tub2,VWA_32
2026-03-04,Wed,Grady,P1_VWA_32_Tub3_Lacerate 8,2,9,alive,,W3-4,4.5,2,4.5,VWA,32,P1_VWA,VWA_32_Tub3,VWA_32
2026-03-04,Wed,Grady,P3_VWA_32_Tub3_Lacerate 9,2,0,alive,,W3-4,0,2,0,VWA,32,P3_VWA,VWA_32_Tub3,VWA_32
2026-03-04,Wed,Grady,P3_VWA_32_Tub3_Lacerate 10,2,10,alive,,W3-4,5,2,5,VWA,32,P3_VWA,VWA_32_Tub3,VWA_32
2026-03-04,Wed,Grady,P2_VWA_32_Tub3_Lacerate 11,0,0,alive,,W3-4,#N/A,1,0,VWA,32,P2_VWA,VWA_32_Tub3,VWA_32
2026-03-04,Wed,Grady,P2_VWA_32_Tub3_Lacerate 12,0,0,alive,,W3-4,#N/A,1,0,VWA,32,P2_VWA,VWA_32_Tub3,VWA_32
2026-03-04,Wed,Grady,P3_VWA_32_Tub3_Lacerate 13,0,0,alive,,W3-4,#N/A,1,0,VWA,32,P3_VWA,VWA_32_Tub3,VWA_32
2026-03-04,Wed,Grady,P3_VWA_32_Tub3_Lacerate 14,0,0,alive,,W3-4,#N/A,1,0,VWA,32,P3_VWA,VWA_32_Tub3,VWA_32
2026-03-04,Wed,Grady,P3_VWA_32_Tub3_Lacerate 15,0,0,alive,,W3-4,#N/A,1,0,VWA,32,P3_VWA,VWA_32_Tub3,VWA_32
2026-03-04,Wed,Grady,P3_VWA_32_Tub3_Lacerate 16,0,0,alive,,W3-4,#N/A,1,0,VWA,32,P3_VWA,VWA_32_Tub3,VWA_32
2026-03-04,Wed,Grady,P3_VWA_32_Tub3_Lacerate 17,0,0,alive,,W3-4,#N/A,1,0,VWA,32,P3_VWA,VWA_32_Tub3,VWA_32
2026-03-06,Fri,Aiden,P2_H2_25_Tub1_Lacerate 14,7,12,alive,,W3-4,1.714285714,7,1.714285714,H2,25,P2_H2,H2_25_Tub1,H2_25
2026-03-06,Fri,Aiden,P3_H2_25_Tub1_Lacerate 15,7,,missing,,W3-4,0,7,0,H2,25,P3_H2,H2_25_Tub1,H2_25
2026-03-06,Fri,Aiden,P1_H2_25_Tub1_Lacerate 16,7,10,alive,,W3-4,1.428571429,7,1.428571429,H2,25,P1_H2,H2_25_Tub1,H2_25
2026-03-06,Fri,Aiden,P1_H2_25_Tub1_Lacerate 17,7,9,alive,,W3-4,1.285714286,7,1.285714286,H2,25,P1_H2,H2_25_Tub1,H2_25
2026-03-06,Fri,Aiden,PX_H2_25_Tub1_Lacerate 18,7,12,alive,,W3-4,1.714285714,7,1.714285714,H2,25,PX_H2,H2_25_Tub1,H2_25
2026-03-06,Fri,Aiden,P2_H2_25_Tub1_Lacerate 19,4,10,alive,,W3-4,2.5,4,2.5,H2,25,P2_H2,H2_25_Tub1,H2_25
2026-03-06,Fri,Aiden,PX_H2_25_Tub1_Lacerate 20,4,9,alive,,W3-4,2.25,4,2.25,H2,25,PX_H2,H2_25_Tub1,H2_25
2026-03-06,Fri,Aiden,PX_H2_25_Tub1_Lacerate 21,4,9,alive,,W3-4,2.25,4,2.25,H2,25,PX_H2,H2_25_Tub1,H2_25
2026-03-06,Fri,Aiden,PX_H2_25_Tub1_Lacerate 22,4,9,alive,,W3-4,2.25,4,2.25,H2,25,PX_H2,H2_25_Tub1,H2_25
2026-03-06,Fri,Aiden,PX_H2_25_Tub1_Lacerate 23,4,8,alive,,W3-4,2,4,2,H2,25,PX_H2,H2_25_Tub1,H2_25
2026-03-06,Fri,Aiden,PX_H2_25_Tub1_Lacerate 24,4,9,alive,,W3-4,2.25,4,2.25,H2,25,PX_H2,H2_25_Tub1,H2_25
2026-03-06,Fri,Aiden,PX_H2_25_Tub1_Lacerate 25,4,6,alive,,W3-4,1.5,4,1.5,H2,25,PX_H2,H2_25_Tub1,H2_25
2026-03-06,Fri,Aiden,PX_H2_25_Tub1_Lacerate 26,4,10,alive,,W3-4,2.5,4,2.5,H2,25,PX_H2,H2_25_Tub1,H2_25
2026-03-06,Fri,Aiden,PX_H2_25_Tub1_Lacerate 27,4,9,alive,,W3-4,2.25,4,2.25,H2,25,PX_H2,H2_25_Tub1,H2_25
2026-03-06,Fri,Aiden,PX_H2_25_Tub1_Lacerate 28,4,8,alive,,W3-4,2,4,2,H2,25,PX_H2,H2_25_Tub1,H2_25
2026-03-06,Fri,Aiden,PX_H2_25_Tub1_Lacerate 29,4,12,alive,,W3-4,3,4,3,H2,25,PX_H2,H2_25_Tub1,H2_25
2026-03-06,Fri,Aiden,PX_H2_25_Tub1_Lacerate 30,4,12,alive,,W3-4,3,4,3,H2,25,PX_H2,H2_25_Tub1,H2_25
2026-03-06,Fri,Aiden,PX_H2_25_Tub1_Lacerate 31,4,10,alive,,W3-4,2.5,4,2.5,H2,25,PX_H2,H2_25_Tub1,H2_25
2026-03-06,Fri,Aiden,PX_H2_25_Tub1_Lacerate 32,4,11,alive,,W3-4,2.75,4,2.75,H2,25,PX_H2,H2_25_Tub1,H2_25
2026-03-06,Fri,Aiden,P2_H2_25_Tub1_Lacerate 33,4,12,alive,,W3-4,3,4,3,H2,25,P2_H2,H2_25_Tub1,H2_25
2026-03-06,Fri,Aiden,P2_H2_25_Tub1_Lacerate 34,4,12,alive,,W3-4,3,4,3,H2,25,P2_H2,H2_25_Tub1,H2_25
2026-03-06,Fri,Aiden,P2_H2_25_Tub1_Lacerate 35,4,12,alive,,W3-4,3,4,3,H2,25,P2_H2,H2_25_Tub1,H2_25
2026-03-06,Fri,Aiden,P2_H2_25_Tub1_Lacerate 36,4,12,alive,,W3-4,3,4,3,H2,25,P2_H2,H2_25_Tub1,H2_25
2026-03-06,Fri,Aiden,PX_H2_25_Tub1_Lacerate 37,2,8,alive,,W3-4,4,2,4,H2,25,PX_H2,H2_25_Tub1,H2_25
2026-03-06,Fri,Aiden,PX_H2_25_Tub1_Lacerate 38,2,6,alive,,W3-4,3,2,3,H2,25,PX_H2,H2_25_Tub1,H2_25
2026-03-06,Fri,Aiden,PX_H2_25_Tub1_Lacerate 39,2,14,alive,,W3-4,7,2,7,H2,25,PX_H2,H2_25_Tub1,H2_25
2026-03-06,Fri,Aiden,P2_H2_25_Tub1_Lacerate 40,0,6,alive,,W3-4,#N/A,1,6,H2,25,P2_H2,H2_25_Tub1,H2_25
2026-03-06,Fri,Aiden,P2_H2_25_Tub1_Lacerate 41,0,6,alive,,W3-4,#N/A,1,6,H2,25,P2_H2,H2_25_Tub1,H2_25
2026-03-06,Fri,Aiden,P2_H2_25_Tub1_Lacerate 42,0,6,alive,,W3-4,#N/A,1,6,H2,25,P2_H2,H2_25_Tub1,H2_25
2026-03-06,Fri,Aiden,P1_H2_25_Tub2_Lacerate 13,9,8,alive,,W3-4,0.8888888889,9,0.8888888889,H2,25,P1_H2,H2_25_Tub2,H2_25
2026-03-06,Fri,Aiden,P3_H2_25_Tub2_Lacerate 14,7,6,alive,,W3-4,0.8571428571,7,0.8571428571,H2,25,P3_H2,H2_25_Tub2,H2_25
2026-03-06,Fri,Aiden,P2_H2_25_Tub2_Lacerate 15,4,9,alive,,W3-4,2.25,4,2.25,H2,25,P2_H2,H2_25_Tub2,H2_25
2026-03-06,Fri,Aiden,P2_H2_25_Tub2_Lacerate 16,4,10,alive,,W3-4,2.5,4,2.5,H2,25,P2_H2,H2_25_Tub2,H2_25
2026-03-06,Fri,Aiden,P1_H2_25_Tub2_Lacerate 17,2,13,alive,,W3-4,6.5,2,6.5,H2,25,P1_H2,H2_25_Tub2,H2_25
2026-03-06,Fri,Aiden,P1_H2_25_Tub2_Lacerate 18,2,10,alive,,W3-4,5,2,5,H2,25,P1_H2,H2_25_Tub2,H2_25
2026-03-06,Fri,Aiden,P2_H2_25_Tub2_Lacerate 19,0,4,alive,,W3-4,#N/A,1,4,H2,25,P2_H2,H2_25_Tub2,H2_25
2026-03-06,Fri,Aiden,P2_H2_25_Tub2_Lacerate 20,0,5,alive,,W3-4,#N/A,1,5,H2,25,P2_H2,H2_25_Tub2,H2_25
2026-03-06,Fri,Aiden,P3_H2_25_Tub3_Lacerate 10,9,8,alive,,W3-4,0.8888888889,9,0.8888888889,H2,25,P3_H2,H2_25_Tub3,H2_25
2026-03-06,Fri,Aiden,P3_H2_25_Tub3_Lacerate 11,9,6,alive,,W3-4,0.6666666667,9,0.6666666667,H2,25,P3_H2,H2_25_Tub3,H2_25
2026-03-06,Fri,Aiden,P3_H2_25_Tub3_Lacerate 12,9,0,alive,,W3-4,0,9,0,H2,25,P3_H2,H2_25_Tub3,H2_25
2026-03-06,Fri,Aiden,P3_H2_25_Tub3_Lacerate 13,9,0,alive,,W3-4,0,9,0,H2,25,P3_H2,H2_25_Tub3,H2_25
2026-03-06,Fri,Aiden,PX_H2_25_Tub3_Lacerate 14,7,12,alive,,W3-4,1.714285714,7,1.714285714,H2,25,PX_H2,H2_25_Tub3,H2_25
2026-03-06,Fri,Aiden,P3_H2_25_Tub3_Lacerate 15,4,8,alive,,W3-4,2,4,2,H2,25,P3_H2,H2_25_Tub3,H2_25
2026-03-06,Fri,Aiden,P2_H2_25_Tub3_Lacerate 16,4,12,alive,,W3-4,3,4,3,H2,25,P2_H2,H2_25_Tub3,H2_25
2026-03-06,Fri,Aiden,P2_H2_25_Tub3_Lacerate 17,4,8,alive,,W3-4,2,4,2,H2,25,P2_H2,H2_25_Tub3,H2_25
2026-03-06,Fri,Aiden,P1_H2_25_Tub3_Lacerate 18,4,12,alive,,W3-4,3,4,3,H2,25,P1_H2,H2_25_Tub3,H2_25
2026-03-06,Fri,Aiden,P1_H2_25_Tub3_Lacerate 19,2,6,alive,,W3-4,3,2,3,H2,25,P1_H2,H2_25_Tub3,H2_25
2026-03-06,Fri,Aiden,PX_H2_25_Tub3_Lacerate 20,2,6,alive,,W3-4,3,2,3,H2,25,PX_H2,H2_25_Tub3,H2_25
2026-03-06,Fri,Aiden,PX_H2_25_Tub3_Lacerate 21,0,6,alive,,W3-4,#N/A,1,6,H2,25,PX_H2,H2_25_Tub3,H2_25
2026-03-06,Fri,Aiden,P2_VWA_25_Tub1_Lacerate 14,9,8,alive,,W3-4,0.8888888889,9,0.8888888889,VWA,25,P2_VWA,VWA_25_Tub1,VWA_25
2026-03-06,Fri,Aiden,P2_VWA_25_Tub1_Lacerate 15,9,9,alive,,W3-4,1,9,1,VWA,25,P2_VWA,VWA_25_Tub1,VWA_25
2026-03-06,Fri,Aiden,P2_VWA_25_Tub1_Lacerate 16,9,0,alive,,W3-4,0,9,0,VWA,25,P2_VWA,VWA_25_Tub1,VWA_25
2026-03-06,Fri,Aiden,P2_VWA_25_Tub1_Lacerate 17,9,,missing,,W3-4,0,9,0,VWA,25,P2_VWA,VWA_25_Tub1,VWA_25
2026-03-06,Fri,Aiden,P2_VWA_25_Tub1_Lacerate 18,9,0,alive,,W3-4,0,9,0,VWA,25,P2_VWA,VWA_25_Tub1,VWA_25
2026-03-06,Fri,Aiden,P2_VWA_25_Tub1_Lacerate 19,9,0,alive,,W3-4,0,9,0,VWA,25,P2_VWA,VWA_25_Tub1,VWA_25
2026-03-06,Fri,Aiden,P2_VWA_25_Tub1_Lacerate 20,7,0,alive,,W3-4,0,7,0,VWA,25,P2_VWA,VWA_25_Tub1,VWA_25
2026-03-06,Fri,Aiden,P2_VWA_25_Tub1_Lacerate 21,7,0,alive,,W3-4,0,7,0,VWA,25,P2_VWA,VWA_25_Tub1,VWA_25
2026-03-06,Fri,Aiden,P2_VWA_25_Tub1_Lacerate 22,7,0,alive,,W3-4,0,7,0,VWA,25,P2_VWA,VWA_25_Tub1,VWA_25
2026-03-06,Fri,Aiden,P2_VWA_25_Tub1_Lacerate 23,7,0,alive,,W3-4,0,7,0,VWA,25,P2_VWA,VWA_25_Tub1,VWA_25
2026-03-06,Fri,Aiden,P2_VWA_25_Tub1_Lacerate 24,7,12,alive,,W3-4,1.714285714,7,1.714285714,VWA,25,P2_VWA,VWA_25_Tub1,VWA_25
2026-03-06,Fri,Aiden,P3_VWA_25_Tub1_Lacerate 25,4,12,alive,,W3-4,3,4,3,VWA,25,P3_VWA,VWA_25_Tub1,VWA_25
2026-03-06,Fri,Aiden,P1_VWA_25_Tub1_Lacerate 26,2,0,alive,,W3-4,0,2,0,VWA,25,P1_VWA,VWA_25_Tub1,VWA_25
2026-03-06,Fri,Aiden,P1_VWA_25_Tub1_Lacerate 27,2,0,alive,,W3-4,0,2,0,VWA,25,P1_VWA,VWA_25_Tub1,VWA_25
2026-03-06,Fri,Aiden,P1_VWA_25_Tub1_Lacerate 28,2,0,alive,,W3-4,0,2,0,VWA,25,P1_VWA,VWA_25_Tub1,VWA_25
2026-03-06,Fri,Aiden,P1_VWA_25_Tub1_Lacerate 29,2,0,alive,,W3-4,0,2,0,VWA,25,P1_VWA,VWA_25_Tub1,VWA_25
2026-03-06,Fri,Aiden,P1_VWA_25_Tub1_Lacerate 30,2,0,alive,,W3-4,0,2,0,VWA,25,P1_VWA,VWA_25_Tub1,VWA_25
2026-03-06,Fri,Aiden,P1_VWA_25_Tub1_Lacerate 31,2,0,alive,,W3-4,0,2,0,VWA,25,P1_VWA,VWA_25_Tub1,VWA_25
2026-03-06,Fri,Aiden,P1_VWA_25_Tub1_Lacerate 32,2,0,alive,,W3-4,0,2,0,VWA,25,P1_VWA,VWA_25_Tub1,VWA_25
2026-03-06,Fri,Aiden,P1_VWA_25_Tub1_Lacerate 33,2,0,alive,,W3-4,0,2,0,VWA,25,P1_VWA,VWA_25_Tub1,VWA_25
2026-03-06,Fri,Aiden,P1_VWA_25_Tub1_Lacerate 34,2,0,alive,,W3-4,0,2,0,VWA,25,P1_VWA,VWA_25_Tub1,VWA_25
2026-03-06,Fri,Aiden,P1_VWA_25_Tub1_Lacerate 35,2,0,alive,,W3-4,0,2,0,VWA,25,P1_VWA,VWA_25_Tub1,VWA_25
2026-03-06,Fri,Aiden,P1_VWA_25_Tub1_Lacerate 36,2,0,alive,,W3-4,0,2,0,VWA,25,P1_VWA,VWA_25_Tub1,VWA_25
2026-03-06,Fri,Aiden,P2_VWA_25_Tub1_Lacerate 37,2,0,alive,,W3-4,0,2,0,VWA,25,P2_VWA,VWA_25_Tub1,VWA_25
2026-03-06,Fri,Aiden,P2_VWA_25_Tub1_Lacerate 38,2,0,alive,,W3-4,0,2,0,VWA,25,P2_VWA,VWA_25_Tub1,VWA_25
2026-03-06,Fri,Aiden,P2_VWA_25_Tub1_Lacerate 39,2,0,alive,,W3-4,0,2,0,VWA,25,P2_VWA,VWA_25_Tub1,VWA_25
2026-03-06,Fri,Aiden,P2_VWA_25_Tub1_Lacerate 40,2,0,alive,,W3-4,0,2,0,VWA,25,P2_VWA,VWA_25_Tub1,VWA_25
2026-03-06,Fri,Aiden,P2_VWA_25_Tub1_Lacerate 41,2,0,alive,,W3-4,0,2,0,VWA,25,P2_VWA,VWA_25_Tub1,VWA_25
2026-03-06,Fri,Aiden,P2_VWA_25_Tub1_Lacerate 42,2,0,alive,,W3-4,0,2,0,VWA,25,P2_VWA,VWA_25_Tub1,VWA_25
2026-03-06,Fri,Aiden,P2_VWA_25_Tub1_Lacerate 43,2,0,alive,,W3-4,0,2,0,VWA,25,P2_VWA,VWA_25_Tub1,VWA_25
2026-03-06,Fri,Aiden,P2_VWA_25_Tub1_Lacerate 44,2,0,alive,,W3-4,0,2,0,VWA,25,P2_VWA,VWA_25_Tub1,VWA_25
2026-03-06,Fri,Aiden,P1_VWA_25_Tub1_Lacerate 45,0,0,alive,,W3-4,#N/A,1,0,VWA,25,P1_VWA,VWA_25_Tub1,VWA_25
2026-03-06,Fri,Aiden,P1_VWA_25_Tub1_Lacerate 46,0,0,alive,,W3-4,#N/A,1,0,VWA,25,P1_VWA,VWA_25_Tub1,VWA_25
2026-03-06,Fri,Aiden,P1_VWA_25_Tub1_Lacerate 47,0,0,alive,,W3-4,#N/A,1,0,VWA,25,P1_VWA,VWA_25_Tub1,VWA_25
2026-03-06,Fri,Aiden,P1_VWA_25_Tub1_Lacerate 48,0,0,alive,,W3-4,#N/A,1,0,VWA,25,P1_VWA,VWA_25_Tub1,VWA_25
2026-03-06,Fri,Aiden,P1_VWA_25_Tub1_Lacerate 49,0,0,alive,,W3-4,#N/A,1,0,VWA,25,P1_VWA,VWA_25_Tub1,VWA_25
2026-03-06,Fri,Aiden,P1_VWA_25_Tub1_Lacerate 50,0,0,alive,,W3-4,#N/A,1,0,VWA,25,P1_VWA,VWA_25_Tub1,VWA_25
2026-03-06,Fri,Aiden,P1_VWA_25_Tub1_Lacerate 51,0,0,alive,,W3-4,#N/A,1,0,VWA,25,P1_VWA,VWA_25_Tub1,VWA_25
2026-03-06,Fri,Aiden,P2_VWA_25_Tub2_Lacerate 14,7,8,alive,,W3-4,1.142857143,7,1.142857143,VWA,25,P2_VWA,VWA_25_Tub2,VWA_25
2026-03-06,Fri,Aiden,PX_VWA_25_Tub2_Lacerate 15,4,12,alive,,W3-4,3,4,3,VWA,25,PX_VWA,VWA_25_Tub2,VWA_25
2026-03-06,Fri,Aiden,P3_VWA_25_Tub2_Lacerate 16,4,12,alive,,W3-4,3,4,3,VWA,25,P3_VWA,VWA_25_Tub2,VWA_25
2026-03-06,Fri,Aiden,P3_VWA_25_Tub2_Lacerate 17,4,12,alive,,W3-4,3,4,3,VWA,25,P3_VWA,VWA_25_Tub2,VWA_25
2026-03-06,Fri,Aiden,P3_VWA_25_Tub2_Lacerate 18,4,8,alive,,W3-4,2,4,2,VWA,25,P3_VWA,VWA_25_Tub2,VWA_25
2026-03-06,Fri,Aiden,P1_VWA_25_Tub2_Lacerate 19,2,0,alive,,W3-4,0,2,0,VWA,25,P1_VWA,VWA_25_Tub2,VWA_25
2026-03-06,Fri,Aiden,P1_VWA_25_Tub2_Lacerate 20,2,0,alive,,W3-4,0,2,0,VWA,25,P1_VWA,VWA_25_Tub2,VWA_25
2026-03-06,Fri,Aiden,P1_VWA_25_Tub2_Lacerate 21,2,0,alive,,W3-4,0,2,0,VWA,25,P1_VWA,VWA_25_Tub2,VWA_25
2026-03-06,Fri,Aiden,P1_VWA_25_Tub2_Lacerate 22,2,0,alive,,W3-4,0,2,0,VWA,25,P1_VWA,VWA_25_Tub2,VWA_25
2026-03-06,Fri,Aiden,P1_VWA_25_Tub2_Lacerate 23,2,0,alive,,W3-4,0,2,0,VWA,25,P1_VWA,VWA_25_Tub2,VWA_25
2026-03-06,Fri,Aiden,P1_VWA_25_Tub2_Lacerate 24,2,0,alive,,W3-4,0,2,0,VWA,25,P1_VWA,VWA_25_Tub2,VWA_25
2026-03-06,Fri,Aiden,PX_VWA_25_Tub2_Lacerate 25,2,8,alive,,W3-4,4,2,4,VWA,25,PX_VWA,VWA_25_Tub2,VWA_25
2026-03-06,Fri,Aiden,P2_VWA_25_Tub2_Lacerate 26,2,10,alive,,W3-4,5,2,5,VWA,25,P2_VWA,VWA_25_Tub2,VWA_25
2026-03-06,Fri,Aiden,PX_VWA_25_Tub2_Lacerate 27,2,8,alive,,W3-4,4,2,4,VWA,25,PX_VWA,VWA_25_Tub2,VWA_25
2026-03-06,Fri,Aiden,P3_VWA_25_Tub3_Lacerate 5,7,0,alive,,W3-4,0,7,0,VWA,25,P3_VWA,VWA_25_Tub3,VWA_25
2026-03-06,Fri,Aiden,P3_VWA_25_Tub3_Lacerate 6,7,0,alive,,W3-4,0,7,0,VWA,25,P3_VWA,VWA_25_Tub3,VWA_25
2026-03-06,Fri,Aiden,P3_VWA_25_Tub3_Lacerate 7,7,0,alive,,W3-4,0,7,0,VWA,25,P3_VWA,VWA_25_Tub3,VWA_25
2026-03-06,Fri,Aiden,P3_VWA_25_Tub3_Lacerate 8,7,0,alive,,W3-4,0,7,0,VWA,25,P3_VWA,VWA_25_Tub3,VWA_25
2026-03-06,Fri,Aiden,P3_VWA_25_Tub3_Lacerate 9,7,0,alive,,W3-4,0,7,0,VWA,25,P3_VWA,VWA_25_Tub3,VWA_25
2026-03-06,Fri,Aiden,P3_VWA_25_Tub3_Lacerate 10,7,0,alive,,W3-4,0,7,0,VWA,25,P3_VWA,VWA_25_Tub3,VWA_25
2026-03-06,Fri,Aiden,P3_VWA_25_Tub3_Lacerate 11,7,0,alive,,W3-4,0,7,0,VWA,25,P3_VWA,VWA_25_Tub3,VWA_25
2026-03-06,Fri,Aiden,P3_VWA_25_Tub3_Lacerate 12,7,0,alive,,W3-4,0,7,0,VWA,25,P3_VWA,VWA_25_Tub3,VWA_25
2026-03-06,Fri,Aiden,P2_VWA_25_Tub3_Lacerate 13,4,12,alive,,W3-4,3,4,3,VWA,25,P2_VWA,VWA_25_Tub3,VWA_25
2026-03-06,Fri,Aiden,P2_VWA_25_Tub3_Lacerate 14,4,,missing,,W3-4,0,4,0,VWA,25,P2_VWA,VWA_25_Tub3,VWA_25
2026-03-06,Fri,Aiden,P2_VWA_25_Tub3_Lacerate 15,4,,missing,,W3-4,0,4,0,VWA,25,P2_VWA,VWA_25_Tub3,VWA_25
2026-03-06,Fri,Aiden,P2_VWA_25_Tub3_Lacerate 16,4,8,alive,,W3-4,2,4,2,VWA,25,P2_VWA,VWA_25_Tub3,VWA_25
2026-03-06,Fri,Aiden,P1_VWA_25_Tub3_Lacerate 17,4,10,alive,,W3-4,2.5,4,2.5,VWA,25,P1_VWA,VWA_25_Tub3,VWA_25
2026-03-06,Fri,Aiden,P1_VWA_25_Tub3_Lacerate 18,2,8,alive,,W3-4,4,2,4,VWA,25,P1_VWA,VWA_25_Tub3,VWA_25
2026-03-06,Fri,Aiden,P1_VWA_25_Tub3_Lacerate 19,2,0,alive,,W3-4,0,2,0,VWA,25,P1_VWA,VWA_25_Tub3,VWA_25
2026-03-06,Fri,Aiden,P3_VWA_25_Tub3_Lacerate 20,2,0,alive,,W3-4,0,2,0,VWA,25,P3_VWA,VWA_25_Tub3,VWA_25
2026-03-06,Fri,Aiden,P3_VWA_25_Tub3_Lacerate 21,2,0,alive,,W3-4,0,2,0,VWA,25,P3_VWA,VWA_25_Tub3,VWA_25
2026-03-06,Fri,Aiden,P3_VWA_25_Tub3_Lacerate 22,2,0,alive,,W3-4,0,2,0,VWA,25,P3_VWA,VWA_25_Tub3,VWA_25
2026-03-06,Fri,Aiden,P2_VWA_25_Tub3_Lacerate 23,2,0,alive,,W3-4,0,2,0,VWA,25,P2_VWA,VWA_25_Tub3,VWA_25
2026-03-06,Fri,Aiden,P2_VWA_25_Tub3_Lacerate 24,2,0,alive,,W3-4,0,2,0,VWA,25,P2_VWA,VWA_25_Tub3,VWA_25
2026-03-06,Fri,Aiden,P2_VWA_25_Tub3_Lacerate 25,2,0,alive,,W3-4,0,2,0,VWA,25,P2_VWA,VWA_25_Tub3,VWA_25
2026-03-06,Fri,Aiden,P2_VWA_25_Tub3_Lacerate 26,2,0,alive,,W3-4,0,2,0,VWA,25,P2_VWA,VWA_25_Tub3,VWA_25
2026-03-06,Fri,Aiden,P2_VWA_25_Tub3_Lacerate 27,2,0,alive,,W3-4,0,2,0,VWA,25,P2_VWA,VWA_25_Tub3,VWA_25
2026-03-06,Fri,Aiden,P2_VWA_25_Tub3_Lacerate 28,2,0,alive,,W3-4,0,2,0,VWA,25,P2_VWA,VWA_25_Tub3,VWA_25
2026-03-06,Fri,Aiden,P2_VWA_25_Tub3_Lacerate 29,2,0,alive,,W3-4,0,2,0,VWA,25,P2_VWA,VWA_25_Tub3,VWA_25
2026-03-06,Fri,Aiden,P2_VWA_25_Tub3_Lacerate 30,2,0,alive,,W3-4,0,2,0,VWA,25,P2_VWA,VWA_25_Tub3,VWA_25
2026-03-06,Fri,Aiden,P2_VWA_25_Tub3_Lacerate 31,2,0,alive,,W3-4,0,2,0,VWA,25,P2_VWA,VWA_25_Tub3,VWA_25
2026-03-06,Fri,Aiden,P2_VWA_25_Tub3_Lacerate 32,2,0,alive,,W3-4,0,2,0,VWA,25,P2_VWA,VWA_25_Tub3,VWA_25
2026-03-06,Fri,Aiden,P2_VWA_25_Tub3_Lacerate 33,2,8,alive,,W3-4,4,2,4,VWA,25,P2_VWA,VWA_25_Tub3,VWA_25
2026-03-06,Fri,Aiden,PX_VWA_25_Tub3_Lacerate 34,0,6,alive,,W3-4,#N/A,1,6,VWA,25,PX_VWA,VWA_25_Tub3,VWA_25
2026-03-06,Fri,Aiden,PX_VWA_25_Tub3_Lacerate 35,0,6,alive,,W3-4,#N/A,1,6,VWA,25,PX_VWA,VWA_25_Tub3,VWA_25
2026-03-06,Fri,Aiden,PX_VWA_25_Tub3_Lacerate 36,0,8,alive,,W3-4,#N/A,1,8,VWA,25,PX_VWA,VWA_25_Tub3,VWA_25
2026-03-06,Fri,Aiden,P1_H2_32_Tub1_Lacerate 24,9,0,alive,,W3-4,0,9,0,H2,32,P1_H2,H2_32_Tub1,H2_32
2026-03-06,Fri,Aiden,P1_H2_32_Tub1_Lacerate 25,9,12,alive,,W3-4,1.333333333,9,1.333333333,H2,32,P1_H2,H2_32_Tub1,H2_32
2026-03-06,Fri,Aiden,P1_H2_32_Tub1_Lacerate 26,9,11,alive,,W3-4,1.222222222,9,1.222222222,H2,32,P1_H2,H2_32_Tub1,H2_32
2026-03-06,Fri,Aiden,P3_H2_32_Tub1_Lacerate 27,4,6,alive,,W3-4,1.5,4,1.5,H2,32,P3_H2,H2_32_Tub1,H2_32
2026-03-06,Fri,Aiden,P2_H2_32_Tub1_Lacerate 28,4,6,alive,,W3-4,1.5,4,1.5,H2,32,P2_H2,H2_32_Tub1,H2_32
2026-03-06,Fri,Aiden,P2_H2_32_Tub1_Lacerate 29,4,8,alive,,W3-4,2,4,2,H2,32,P2_H2,H2_32_Tub1,H2_32
2026-03-06,Fri,Aiden,P2_H2_32_Tub1_Lacerate 30,4,12,alive,,W3-4,3,4,3,H2,32,P2_H2,H2_32_Tub1,H2_32
2026-03-06,Fri,Aiden,P2_H2_32_Tub1_Lacerate 31,4,8,alive,,W3-4,2,4,2,H2,32,P2_H2,H2_32_Tub1,H2_32
2026-03-06,Fri,Aiden,P2_H2_32_Tub1_Lacerate 32,4,12,alive,,W3-4,3,4,3,H2,32,P2_H2,H2_32_Tub1,H2_32
2026-03-06,Fri,Aiden,P3_H2_32_Tub1_Lacerate 33,4,,missing,,W3-4,0,4,0,H2,32,P3_H2,H2_32_Tub1,H2_32
2026-03-06,Fri,Aiden,P3_H2_32_Tub1_Lacerate 34,4,12,alive,,W3-4,3,4,3,H2,32,P3_H2,H2_32_Tub1,H2_32
2026-03-06,Fri,Aiden,P3_H2_32_Tub1_Lacerate 35,4,12,alive,,W3-4,3,4,3,H2,32,P3_H2,H2_32_Tub1,H2_32
2026-03-06,Fri,Aiden,P1_H2_32_Tub1_Lacerate 36,2,0,alive,,W3-4,0,2,0,H2,32,P1_H2,H2_32_Tub1,H2_32
2026-03-06,Fri,Aiden,P1_H2_32_Tub1_Lacerate 37,2,8,alive,,W3-4,4,2,4,H2,32,P1_H2,H2_32_Tub1,H2_32
2026-03-06,Fri,Aiden,P1_H2_32_Tub1_Lacerate 38,2,11,alive,,W3-4,5.5,2,5.5,H2,32,P1_H2,H2_32_Tub1,H2_32
2026-03-06,Fri,Aiden,P1_H2_32_Tub1_Lacerate 39,2,14,alive,,W3-4,7,2,7,H2,32,P1_H2,H2_32_Tub1,H2_32
2026-03-06,Fri,Aiden,P1_H2_32_Tub1_Lacerate 40,2,6,alive,,W3-4,3,2,3,H2,32,P1_H2,H2_32_Tub1,H2_32
2026-03-06,Fri,Aiden,PX_H2_32_Tub1_Lacerate 41,2,8,alive,,W3-4,4,2,4,H2,32,PX_H2,H2_32_Tub1,H2_32
2026-03-06,Fri,Aiden,PX_H2_32_Tub1_Lacerate 42,2,11,alive,,W3-4,5.5,2,5.5,H2,32,PX_H2,H2_32_Tub1,H2_32
2026-03-06,Fri,Aiden,PX_H2_32_Tub1_Lacerate 43,2,3,alive,,W3-4,1.5,2,1.5,H2,32,PX_H2,H2_32_Tub1,H2_32
2026-03-06,Fri,Aiden,PX_H2_32_Tub1_Lacerate 44,2,0,alive,,W3-4,0,2,0,H2,32,PX_H2,H2_32_Tub1,H2_32
2026-03-06,Fri,Aiden,PX_H2_32_Tub1_Lacerate 45,2,0,alive,,W3-4,0,2,0,H2,32,PX_H2,H2_32_Tub1,H2_32
2026-03-06,Fri,Aiden,PX_H2_32_Tub1_Lacerate 46,2,0,alive,,W3-4,0,2,0,H2,32,PX_H2,H2_32_Tub1,H2_32
2026-03-06,Fri,Aiden,PX_H2_32_Tub1_Lacerate 47,2,0,alive,,W3-4,0,2,0,H2,32,PX_H2,H2_32_Tub1,H2_32
2026-03-06,Fri,Aiden,PX_H2_32_Tub1_Lacerate 48,0,6,alive,,W3-4,#N/A,1,6,H2,32,PX_H2,H2_32_Tub1,H2_32
2026-03-06,Fri,Aiden,PX_H2_32_Tub1_Lacerate 49,0,6,alive,,W3-4,#N/A,1,6,H2,32,PX_H2,H2_32_Tub1,H2_32
2026-03-06,Fri,Aiden,PX_H2_32_Tub1_Lacerate 50,0,8,alive,,W3-4,#N/A,1,8,H2,32,PX_H2,H2_32_Tub1,H2_32
2026-03-06,Fri,Aiden,PX_H2_32_Tub1_Lacerate 51,0,9,alive,,W3-4,#N/A,1,9,H2,32,PX_H2,H2_32_Tub1,H2_32
2026-03-06,Fri,Aiden,P1_H2_32_Tub2_Lacerate 19,9,8,alive,,W3-4,0.8888888889,9,0.8888888889,H2,32,P1_H2,H2_32_Tub2,H2_32
2026-03-06,Fri,Aiden,P1_H2_32_Tub2_Lacerate 20,9,0,alive,,W3-4,0,9,0,H2,32,P1_H2,H2_32_Tub2,H2_32
2026-03-06,Fri,Aiden,P1_H2_32_Tub2_Lacerate 21,9,0,alive,,W3-4,0,9,0,H2,32,P1_H2,H2_32_Tub2,H2_32
2026-03-06,Fri,Aiden,P1_H2_32_Tub2_Lacerate 22,9,0,alive,,W3-4,0,9,0,H2,32,P1_H2,H2_32_Tub2,H2_32
2026-03-06,Fri,Aiden,P1_H2_32_Tub2_Lacerate 23,9,0,alive,,W3-4,0,9,0,H2,32,P1_H2,H2_32_Tub2,H2_32
2026-03-06,Fri,Aiden,P2_H2_32_Tub2_Lacerate 24,7,6,alive,,W3-4,0.8571428571,7,0.8571428571,H2,32,P2_H2,H2_32_Tub2,H2_32
2026-03-06,Fri,Aiden,P2_H2_32_Tub2_Lacerate 25,7,9,alive,,W3-4,1.285714286,7,1.285714286,H2,32,P2_H2,H2_32_Tub2,H2_32
2026-03-06,Fri,Aiden,P3_H2_32_Tub2_Lacerate 26,7,8,alive,,W3-4,1.142857143,7,1.142857143,H2,32,P3_H2,H2_32_Tub2,H2_32
2026-03-06,Fri,Aiden,P3_H2_32_Tub2_Lacerate 27,7,0,alive,,W3-4,0,7,0,H2,32,P3_H2,H2_32_Tub2,H2_32
2026-03-06,Fri,Aiden,P1_H2_32_Tub2_Lacerate 28,4,0,alive,,W3-4,0,4,0,H2,32,P1_H2,H2_32_Tub2,H2_32
2026-03-06,Fri,Aiden,P2_H2_32_Tub2_Lacerate 29,4,0,alive,,W3-4,0,4,0,H2,32,P2_H2,H2_32_Tub2,H2_32
2026-03-06,Fri,Aiden,P2_H2_32_Tub2_Lacerate 30,4,0,alive,,W3-4,0,4,0,H2,32,P2_H2,H2_32_Tub2,H2_32
2026-03-06,Fri,Aiden,P2_H2_32_Tub2_Lacerate 31,4,0,alive,,W3-4,0,4,0,H2,32,P2_H2,H2_32_Tub2,H2_32
2026-03-06,Fri,Aiden,P3_H2_32_Tub2_Lacerate 32,2,0,alive,,W3-4,0,2,0,H2,32,P3_H2,H2_32_Tub2,H2_32
2026-03-06,Fri,Aiden,P3_H2_32_Tub2_Lacerate 33,2,0,alive,,W3-4,0,2,0,H2,32,P3_H2,H2_32_Tub2,H2_32
2026-03-06,Fri,Aiden,P2_H2_32_Tub2_Lacerate 34,2,0,alive,,W3-4,0,2,0,H2,32,P2_H2,H2_32_Tub2,H2_32
2026-03-06,Fri,Aiden,P2_H2_32_Tub2_Lacerate 35,2,0,alive,,W3-4,0,2,0,H2,32,P2_H2,H2_32_Tub2,H2_32
2026-03-06,Fri,Aiden,PX_H2_32_Tub2_Lacerate 36,2,12,alive,,W3-4,6,2,6,H2,32,PX_H2,H2_32_Tub2,H2_32
2026-03-06,Fri,Aiden,PX_H2_32_Tub2_Lacerate 37,2,12,alive,,W3-4,6,2,6,H2,32,PX_H2,H2_32_Tub2,H2_32
2026-03-06,Fri,Aiden,PX_H2_32_Tub2_Lacerate 38,2,12,alive,,W3-4,6,2,6,H2,32,PX_H2,H2_32_Tub2,H2_32
2026-03-06,Fri,Aiden,P2_H2_32_Tub2_Lacerate 39,2,12,alive,,W3-4,6,2,6,H2,32,P2_H2,H2_32_Tub2,H2_32
2026-03-06,Fri,Aiden,P2_H2_32_Tub2_Lacerate 40,2,9,alive,,W3-4,4.5,2,4.5,H2,32,P2_H2,H2_32_Tub2,H2_32
2026-03-06,Fri,Aiden,P2_H2_32_Tub2_Lacerate 41,2,8,alive,,W3-4,4,2,4,H2,32,P2_H2,H2_32_Tub2,H2_32
2026-03-06,Fri,Aiden,P1_H2_32_Tub2_Lacerate 42,0,0,alive,,W3-4,#N/A,1,0,H2,32,P1_H2,H2_32_Tub2,H2_32
2026-03-06,Fri,Aiden,P1_H2_32_Tub2_Lacerate 43,0,0,alive,,W3-4,#N/A,1,0,H2,32,P1_H2,H2_32_Tub2,H2_32
2026-03-06,Fri,Aiden,P1_H2_32_Tub2_Lacerate 44,0,0,alive,,W3-4,#N/A,1,0,H2,32,P1_H2,H2_32_Tub2,H2_32
2026-03-06,Fri,Aiden,P1_H2_32_Tub2_Lacerate 45,0,2,alive,,W3-4,#N/A,1,2,H2,32,P1_H2,H2_32_Tub2,H2_32
2026-03-06,Fri,Aiden,P2_H2_32_Tub2_Lacerate 46,0,0,alive,,W3-4,#N/A,1,0,H2,32,P2_H2,H2_32_Tub2,H2_32
2026-03-06,Fri,Aiden,P2_H2_32_Tub2_Lacerate 47,0,0,alive,,W3-4,#N/A,1,0,H2,32,P2_H2,H2_32_Tub2,H2_32
2026-03-06,Fri,Aiden,P2_H2_32_Tub2_Lacerate 48,0,4,alive,,W3-4,#N/A,1,4,H2,32,P2_H2,H2_32_Tub2,H2_32
2026-03-06,Fri,Aiden,P2_H2_32_Tub2_Lacerate 49,0,6,alive,,W3-4,#N/A,1,6,H2,32,P2_H2,H2_32_Tub2,H2_32
2026-03-06,Fri,Aiden,P2_H2_32_Tub2_Lacerate 50,0,0,alive,,W3-4,#N/A,1,0,H2,32,P2_H2,H2_32_Tub2,H2_32
2026-03-06,Fri,Aiden,P3_H2_32_Tub2_Lacerate 51,0,0,alive,,W3-4,#N/A,1,0,H2,32,P3_H2,H2_32_Tub2,H2_32
2026-03-06,Fri,Aiden,P3_H2_32_Tub2_Lacerate 52,0,0,alive,,W3-4,#N/A,1,0,H2,32,P3_H2,H2_32_Tub2,H2_32
2026-03-06,Fri,Aiden,P3_H2_32_Tub2_Lacerate 53,0,0,alive,,W3-4,#N/A,1,0,H2,32,P3_H2,H2_32_Tub2,H2_32
2026-03-06,Fri,Aiden,P3_H2_32_Tub2_Lacerate 54,0,0,alive,,W3-4,#N/A,1,0,H2,32,P3_H2,H2_32_Tub2,H2_32
2026-03-06,Fri,Aiden,P3_H2_32_Tub2_Lacerate 55,0,0,alive,,W3-4,#N/A,1,0,H2,32,P3_H2,H2_32_Tub2,H2_32
2026-03-06,Fri,Aiden,P3_H2_32_Tub2_Lacerate 56,0,0,alive,,W3-4,#N/A,1,0,H2,32,P3_H2,H2_32_Tub2,H2_32
2026-03-06,Fri,Aiden,P1_H2_32_Tub3_Lacerate 10,9,12,alive,,W3-4,1.333333333,9,1.333333333,H2,32,P1_H2,H2_32_Tub3,H2_32
2026-03-06,Fri,Aiden,P2_H2_32_Tub3_Lacerate 11,7,6,alive,,W3-4,0.8571428571,7,0.8571428571,H2,32,P2_H2,H2_32_Tub3,H2_32
2026-03-06,Fri,Aiden,P2_H2_32_Tub3_Lacerate 12,7,0,alive,,W3-4,0,7,0,H2,32,P2_H2,H2_32_Tub3,H2_32
2026-03-06,Fri,Aiden,P2_H2_32_Tub3_Lacerate 13,7,0,alive,,W3-4,0,7,0,H2,32,P2_H2,H2_32_Tub3,H2_32
2026-03-06,Fri,Aiden,PX_H2_32_Tub3_Lacerate 14,4,12,alive,,W3-4,3,4,3,H2,32,PX_H2,H2_32_Tub3,H2_32
2026-03-06,Fri,Aiden,PX_H2_32_Tub3_Lacerate 15,4,8,alive,,W3-4,2,4,2,H2,32,PX_H2,H2_32_Tub3,H2_32
2026-03-06,Fri,Aiden,PX_H2_32_Tub3_Lacerate 16,4,12,alive,,W3-4,3,4,3,H2,32,PX_H2,H2_32_Tub3,H2_32
2026-03-06,Fri,Aiden,P1_H2_32_Tub3_Lacerate 17,4,12,alive,,W3-4,3,4,3,H2,32,P1_H2,H2_32_Tub3,H2_32
2026-03-06,Fri,Aiden,P1_H2_32_Tub3_Lacerate 18,4,0,alive,,W3-4,0,4,0,H2,32,P1_H2,H2_32_Tub3,H2_32
2026-03-06,Fri,Aiden,P2_H2_32_Tub3_Lacerate 19,4,9,alive,,W3-4,2.25,4,2.25,H2,32,P2_H2,H2_32_Tub3,H2_32
2026-03-06,Fri,Aiden,P3_H2_32_Tub3_Lacerate 20,4,0,alive,,W3-4,0,4,0,H2,32,P3_H2,H2_32_Tub3,H2_32
2026-03-06,Fri,Aiden,P3_H2_32_Tub3_Lacerate 21,4,0,alive,,W3-4,0,4,0,H2,32,P3_H2,H2_32_Tub3,H2_32
2026-03-06,Fri,Aiden,P3_H2_32_Tub3_Lacerate 22,4,12,alive,,W3-4,3,4,3,H2,32,P3_H2,H2_32_Tub3,H2_32
2026-03-06,Fri,Aiden,P3_H2_32_Tub3_Lacerate 23,4,12,alive,,W3-4,3,4,3,H2,32,P3_H2,H2_32_Tub3,H2_32
2026-03-06,Fri,Aiden,P3_H2_32_Tub3_Lacerate 24,4,0,alive,,W3-4,0,4,0,H2,32,P3_H2,H2_32_Tub3,H2_32
2026-03-06,Fri,Aiden,P3_H2_32_Tub3_Lacerate 25,2,2,alive,,W3-4,1,2,1,H2,32,P3_H2,H2_32_Tub3,H2_32
2026-03-06,Fri,Aiden,P3_H2_32_Tub3_Lacerate 26,2,0,alive,,W3-4,0,2,0,H2,32,P3_H2,H2_32_Tub3,H2_32
2026-03-06,Fri,Aiden,P2_H2_32_Tub3_Lacerate 27,2,4,alive,,W3-4,2,2,2,H2,32,P2_H2,H2_32_Tub3,H2_32
2026-03-06,Fri,Aiden,P2_H2_32_Tub3_Lacerate 28,2,12,alive,,W3-4,6,2,6,H2,32,P2_H2,H2_32_Tub3,H2_32
2026-03-06,Fri,Aiden,P1_H2_32_Tub3_Lacerate 29,2,8,alive,,W3-4,4,2,4,H2,32,P1_H2,H2_32_Tub3,H2_32
2026-03-06,Fri,Aiden,P1_H2_32_Tub3_Lacerate 30,2,12,alive,,W3-4,6,2,6,H2,32,P1_H2,H2_32_Tub3,H2_32
2026-03-06,Fri,Aiden,P1_H2_32_Tub3_Lacerate 31,2,11,alive,,W3-4,5.5,2,5.5,H2,32,P1_H2,H2_32_Tub3,H2_32
2026-03-06,Fri,Aiden,P1_VWA_32_Tub1_Lacerate 11,9,,missing,,W3-4,0,9,0,VWA,32,P1_VWA,VWA_32_Tub1,VWA_32
2026-03-06,Fri,Aiden,P3_VWA_32_Tub1_Lacerate 12,9,,missing,,W3-4,0,9,0,VWA,32,P3_VWA,VWA_32_Tub1,VWA_32
2026-03-06,Fri,Aiden,P1_VWA_32_Tub1_Lacerate 13,7,,missing,,W3-4,0,7,0,VWA,32,P1_VWA,VWA_32_Tub1,VWA_32
2026-03-06,Fri,Aiden,P1_VWA_32_Tub1_Lacerate 14,7,,missing,,W3-4,0,7,0,VWA,32,P1_VWA,VWA_32_Tub1,VWA_32
2026-03-06,Fri,Aiden,P3_VWA_32_Tub1_Lacerate 15,7,9,alive,,W3-4,1.285714286,7,1.285714286,VWA,32,P3_VWA,VWA_32_Tub1,VWA_32
2026-03-06,Fri,Aiden,P3_VWA_32_Tub1_Lacerate 16,7,,missing,,W3-4,0,7,0,VWA,32,P3_VWA,VWA_32_Tub1,VWA_32
2026-03-06,Fri,Aiden,P3_VWA_32_Tub1_Lacerate 17,7,10,alive,,W3-4,1.428571429,7,1.428571429,VWA,32,P3_VWA,VWA_32_Tub1,VWA_32
2026-03-06,Fri,Aiden,P3_VWA_32_Tub1_Lacerate 18,7,11,alive,,W3-4,1.571428571,7,1.571428571,VWA,32,P3_VWA,VWA_32_Tub1,VWA_32
2026-03-06,Fri,Aiden,P3_VWA_32_Tub1_Lacerate 19,7,8,alive,,W3-4,1.142857143,7,1.142857143,VWA,32,P3_VWA,VWA_32_Tub1,VWA_32
2026-03-06,Fri,Aiden,P2_VWA_32_Tub1_Lacerate 20,7,6,alive,,W3-4,0.8571428571,7,0.8571428571,VWA,32,P2_VWA,VWA_32_Tub1,VWA_32
2026-03-06,Fri,Aiden,P2_VWA_32_Tub1_Lacerate 21,7,8,alive,,W3-4,1.142857143,7,1.142857143,VWA,32,P2_VWA,VWA_32_Tub1,VWA_32
2026-03-06,Fri,Aiden,P2_VWA_32_Tub1_Lacerate 22,7,7,alive,,W3-4,1,7,1,VWA,32,P2_VWA,VWA_32_Tub1,VWA_32
2026-03-06,Fri,Aiden,P2_VWA_32_Tub1_Lacerate 23,7,9,alive,,W3-4,1.285714286,7,1.285714286,VWA,32,P2_VWA,VWA_32_Tub1,VWA_32
2026-03-06,Fri,Aiden,P2_VWA_32_Tub1_Lacerate 24,7,,missing,,W3-4,0,7,0,VWA,32,P2_VWA,VWA_32_Tub1,VWA_32
2026-03-06,Fri,Aiden,P2_VWA_32_Tub1_Lacerate 25,7,,missing,,W3-4,0,7,0,VWA,32,P2_VWA,VWA_32_Tub1,VWA_32
2026-03-06,Fri,Aiden,P1_VWA_32_Tub1_Lacerate 26,4,,missing,,W3-4,0,4,0,VWA,32,P1_VWA,VWA_32_Tub1,VWA_32
2026-03-06,Fri,Aiden,P2_VWA_32_Tub1_Lacerate 27,2,,missing,,W3-4,0,2,0,VWA,32,P2_VWA,VWA_32_Tub1,VWA_32
2026-03-06,Fri,Aiden,P2_VWA_32_Tub1_Lacerate 28,2,,missing,,W3-4,0,2,0,VWA,32,P2_VWA,VWA_32_Tub1,VWA_32
2026-03-06,Fri,Aiden,P3_VWA_32_Tub1_Lacerate 29,2,4,alive,,W3-4,2,2,2,VWA,32,P3_VWA,VWA_32_Tub1,VWA_32
2026-03-06,Fri,Aiden,P3_VWA_32_Tub1_Lacerate 30,2,,missing,,W3-4,0,2,0,VWA,32,P3_VWA,VWA_32_Tub1,VWA_32
2026-03-06,Fri,Aiden,P3_VWA_32_Tub1_Lacerate 31,2,,missing,,W3-4,0,2,0,VWA,32,P3_VWA,VWA_32_Tub1,VWA_32
2026-03-06,Fri,Aiden,P3_VWA_32_Tub1_Lacerate 32,2,,missing,,W3-4,0,2,0,VWA,32,P3_VWA,VWA_32_Tub1,VWA_32
2026-03-06,Fri,Aiden,P1_VWA_32_Tub1_Lacerate 33,2,0,missing,,W3-4,0,2,0,VWA,32,P1_VWA,VWA_32_Tub1,VWA_32
2026-03-06,Fri,Aiden,P1_VWA_32_Tub1_Lacerate 34,2,0,alive,,W3-4,0,2,0,VWA,32,P1_VWA,VWA_32_Tub1,VWA_32
2026-03-06,Fri,Aiden,P1_VWA_32_Tub1_Lacerate 35,2,0,alive,,W3-4,0,2,0,VWA,32,P1_VWA,VWA_32_Tub1,VWA_32
2026-03-06,Fri,Aiden,P1_VWA_32_Tub1_Lacerate 36,2,0,alive,,W3-4,0,2,0,VWA,32,P1_VWA,VWA_32_Tub1,VWA_32
2026-03-06,Fri,Aiden,P1_VWA_32_Tub1_Lacerate 37,2,0,alive,,W3-4,0,2,0,VWA,32,P1_VWA,VWA_32_Tub1,VWA_32
2026-03-06,Fri,Aiden,P1_VWA_32_Tub1_Lacerate 38,2,0,alive,,W3-4,0,2,0,VWA,32,P1_VWA,VWA_32_Tub1,VWA_32
2026-03-06,Fri,Aiden,P1_VWA_32_Tub1_Lacerate 39,2,0,alive,,W3-4,0,2,0,VWA,32,P1_VWA,VWA_32_Tub1,VWA_32
2026-03-06,Fri,Aiden,P1_VWA_32_Tub1_Lacerate 40,2,0,alive,,W3-4,0,2,0,VWA,32,P1_VWA,VWA_32_Tub1,VWA_32
2026-03-06,Fri,Aiden,P1_VWA_32_Tub1_Lacerate 41,2,0,alive,,W3-4,0,2,0,VWA,32,P1_VWA,VWA_32_Tub1,VWA_32
2026-03-06,Fri,Aiden,P1_VWA_32_Tub1_Lacerate 42,2,0,alive,,W3-4,0,2,0,VWA,32,P1_VWA,VWA_32_Tub1,VWA_32
2026-03-06,Fri,Aiden,P1_VWA_32_Tub1_Lacerate 43,2,0,alive,,W3-4,0,2,0,VWA,32,P1_VWA,VWA_32_Tub1,VWA_32
2026-03-06,Fri,Aiden,P1_VWA_32_Tub1_Lacerate 44,2,0,alive,,W3-4,0,2,0,VWA,32,P1_VWA,VWA_32_Tub1,VWA_32
2026-03-06,Fri,Aiden,PX_VWA_32_Tub1_Lacerate 45,2,8,alive,,W3-4,4,2,4,VWA,32,PX_VWA,VWA_32_Tub1,VWA_32
2026-03-06,Fri,Aiden,PX_VWA_32_Tub1_Lacerate 46,2,8,alive,,W3-4,4,2,4,VWA,32,PX_VWA,VWA_32_Tub1,VWA_32
2026-03-06,Fri,Aiden,P2_VWA_32_Tub1_Lacerate 47,0,8,alive,,W3-4,#N/A,1,8,VWA,32,P2_VWA,VWA_32_Tub1,VWA_32
2026-03-06,Fri,Aiden,P2_VWA_32_Tub1_Lacerate 48,0,9,alive,,W3-4,#N/A,1,9,VWA,32,P2_VWA,VWA_32_Tub1,VWA_32
2026-03-06,Fri,Aiden,P2_VWA_32_Tub1_Lacerate 49,0,9,alive,,W3-4,#N/A,1,9,VWA,32,P2_VWA,VWA_32_Tub1,VWA_32
2026-03-06,Fri,Aiden,P1_VWA_32_Tub2_Lacerate 6,9,0,alive,,W3-4,0,9,0,VWA,32,P1_VWA,VWA_32_Tub2,VWA_32
2026-03-06,Fri,Aiden,PX_VWA_32_Tub2_Lacerate 7,9,11,alive,,W3-4,1.222222222,9,1.222222222,VWA,32,PX_VWA,VWA_32_Tub2,VWA_32
2026-03-06,Fri,Aiden,PX_VWA_32_Tub2_Lacerate 8,4,12,alive,,W3-4,3,4,3,VWA,32,PX_VWA,VWA_32_Tub2,VWA_32
2026-03-06,Fri,Aiden,P2_VWA_32_Tub2_Lacerate 9,4,0,alive,,W3-4,0,4,0,VWA,32,P2_VWA,VWA_32_Tub2,VWA_32
2026-03-06,Fri,Aiden,P2_VWA_32_Tub2_Lacerate 10,4,9,alive,,W3-4,2.25,4,2.25,VWA,32,P2_VWA,VWA_32_Tub2,VWA_32
2026-03-06,Fri,Aiden,P2_VWA_32_Tub2_Lacerate 11,4,11,alive,,W3-4,2.75,4,2.75,VWA,32,P2_VWA,VWA_32_Tub2,VWA_32
2026-03-06,Fri,Aiden,PX_VWA_32_Tub2_Lacerate 12,4,14,alive,,W3-4,3.5,4,3.5,VWA,32,PX_VWA,VWA_32_Tub2,VWA_32
2026-03-06,Fri,Aiden,P3_VWA_32_Tub2_Lacerate 13,4,0,alive,,W3-4,0,4,0,VWA,32,P3_VWA,VWA_32_Tub2,VWA_32
2026-03-06,Fri,Aiden,P3_VWA_32_Tub2_Lacerate 14,4,0,alive,,W3-4,0,4,0,VWA,32,P3_VWA,VWA_32_Tub2,VWA_32
2026-03-06,Fri,Aiden,P1_VWA_32_Tub2_Lacerate 15,2,0,alive,,W3-4,0,2,0,VWA,32,P1_VWA,VWA_32_Tub2,VWA_32
2026-03-06,Fri,Aiden,P1_VWA_32_Tub2_Lacerate 16,2,0,alive,,W3-4,0,2,0,VWA,32,P1_VWA,VWA_32_Tub2,VWA_32
2026-03-06,Fri,Aiden,P1_VWA_32_Tub2_Lacerate 17,2,0,alive,,W3-4,0,2,0,VWA,32,P1_VWA,VWA_32_Tub2,VWA_32
2026-03-06,Fri,Aiden,P1_VWA_32_Tub2_Lacerate 18,2,0,alive,,W3-4,0,2,0,VWA,32,P1_VWA,VWA_32_Tub2,VWA_32
2026-03-06,Fri,Aiden,P1_VWA_32_Tub2_Lacerate 19,0,8,alive,,W3-4,#N/A,1,8,VWA,32,P1_VWA,VWA_32_Tub2,VWA_32
2026-03-06,Fri,Aiden,P1_VWA_32_Tub3_Lacerate 8,4,12,alive,,W3-4,3,4,3,VWA,32,P1_VWA,VWA_32_Tub3,VWA_32
2026-03-06,Fri,Aiden,P3_VWA_32_Tub3_Lacerate 9,4,0,alive,,W3-4,0,4,0,VWA,32,P3_VWA,VWA_32_Tub3,VWA_32
2026-03-06,Fri,Aiden,P3_VWA_32_Tub3_Lacerate 10,4,10,alive,,W3-4,2.5,4,2.5,VWA,32,P3_VWA,VWA_32_Tub3,VWA_32
2026-03-06,Fri,Aiden,P2_VWA_32_Tub3_Lacerate 11,2,0,alive,,W3-4,0,2,0,VWA,32,P2_VWA,VWA_32_Tub3,VWA_32
2026-03-06,Fri,Aiden,P2_VWA_32_Tub3_Lacerate 12,2,8,alive,,W3-4,4,2,4,VWA,32,P2_VWA,VWA_32_Tub3,VWA_32
2026-03-06,Fri,Aiden,P3_VWA_32_Tub3_Lacerate 13,2,0,alive,,W3-4,0,2,0,VWA,32,P3_VWA,VWA_32_Tub3,VWA_32
2026-03-06,Fri,Aiden,P3_VWA_32_Tub3_Lacerate 14,2,0,alive,,W3-4,0,2,0,VWA,32,P3_VWA,VWA_32_Tub3,VWA_32
2026-03-06,Fri,Aiden,P3_VWA_32_Tub3_Lacerate 15,2,0,alive,,W3-4,0,2,0,VWA,32,P3_VWA,VWA_32_Tub3,VWA_32
2026-03-06,Fri,Aiden,P3_VWA_32_Tub3_Lacerate 16,2,0,alive,,W3-4,0,2,0,VWA,32,P3_VWA,VWA_32_Tub3,VWA_32
2026-03-06,Fri,Aiden,P3_VWA_32_Tub3_Lacerate 17,2,0,alive,,W3-4,0,2,0,VWA,32,P3_VWA,VWA_32_Tub3,VWA_32
2026-03-06,Fri,Aiden,P1_VWA_32_Tub3_Lacerate 18,0,0,alive,,W3-4,#N/A,1,0,VWA,32,P1_VWA,VWA_32_Tub3,VWA_32
2026-03-06,Fri,Aiden,P1_VWA_32_Tub3_Lacerate 19,0,0,alive,,W3-4,#N/A,1,0,VWA,32,P1_VWA,VWA_32_Tub3,VWA_32
2026-03-06,Fri,Aiden,P1_VWA_32_Tub3_Lacerate 20,0,0,alive,,W3-4,#N/A,1,0,VWA,32,P1_VWA,VWA_32_Tub3,VWA_32
2026-03-06,Fri,Aiden,P1_VWA_32_Tub3_Lacerate 21,0,0,alive,,W3-4,#N/A,1,0,VWA,32,P1_VWA,VWA_32_Tub3,VWA_32
2026-03-06,Fri,Aiden,P1_VWA_32_Tub3_Lacerate 22,0,0,alive,,W3-4,#N/A,1,0,VWA,32,P1_VWA,VWA_32_Tub3,VWA_32
2026-03-06,Fri,Aiden,P1_VWA_32_Tub3_Lacerate 23,0,0,alive,,W3-4,#N/A,1,0,VWA,32,P1_VWA,VWA_32_Tub3,VWA_32
2026-03-09,Mon,Grady,P2_H2_25_Tub1_Lacerate 14,10,16,alive,,W3-4,1.6,10,1.6,H2,25,P2_H2,H2_25_Tub1,H2_25
2026-03-09,Mon,Grady,P3_H2_25_Tub1_Lacerate 15,10,,missing,,W3-4,0,10,0,H2,25,P3_H2,H2_25_Tub1,H2_25
2026-03-09,Mon,Grady,P1_H2_25_Tub1_Lacerate 16,10,6,alive,,W3-4,0.6,10,0.6,H2,25,P1_H2,H2_25_Tub1,H2_25
2026-03-09,Mon,Grady,P1_H2_25_Tub1_Lacerate 17,10,9,alive,,W3-4,0.9,10,0.9,H2,25,P1_H2,H2_25_Tub1,H2_25
2026-03-09,Mon,Grady,PX_H2_25_Tub1_Lacerate 18,10,13,alive,,W3-4,1.3,10,1.3,H2,25,PX_H2,H2_25_Tub1,H2_25
2026-03-09,Mon,Grady,P2_H2_25_Tub1_Lacerate 19,7,9,alive,,W3-4,1.285714286,7,1.285714286,H2,25,P2_H2,H2_25_Tub1,H2_25
2026-03-09,Mon,Grady,PX_H2_25_Tub1_Lacerate 20,7,10,alive,,W3-4,1.428571429,7,1.428571429,H2,25,PX_H2,H2_25_Tub1,H2_25
2026-03-09,Mon,Grady,PX_H2_25_Tub1_Lacerate 21,7,10,alive,,W3-4,1.428571429,7,1.428571429,H2,25,PX_H2,H2_25_Tub1,H2_25
2026-03-09,Mon,Grady,PX_H2_25_Tub1_Lacerate 22,7,12,alive,,W3-4,1.714285714,7,1.714285714,H2,25,PX_H2,H2_25_Tub1,H2_25
2026-03-09,Mon,Grady,PX_H2_25_Tub1_Lacerate 23,7,10,alive,,W3-4,1.428571429,7,1.428571429,H2,25,PX_H2,H2_25_Tub1,H2_25
2026-03-09,Mon,Grady,PX_H2_25_Tub1_Lacerate 24,7,7,alive,,W3-4,1,7,1,H2,25,PX_H2,H2_25_Tub1,H2_25
2026-03-09,Mon,Grady,PX_H2_25_Tub1_Lacerate 25,7,12,alive,,W3-4,1.714285714,7,1.714285714,H2,25,PX_H2,H2_25_Tub1,H2_25
2026-03-09,Mon,Grady,PX_H2_25_Tub1_Lacerate 26,7,8,alive,,W3-4,1.142857143,7,1.142857143,H2,25,PX_H2,H2_25_Tub1,H2_25
2026-03-09,Mon,Grady,PX_H2_25_Tub1_Lacerate 27,7,10,alive,,W3-4,1.428571429,7,1.428571429,H2,25,PX_H2,H2_25_Tub1,H2_25
2026-03-09,Mon,Grady,PX_H2_25_Tub1_Lacerate 28,7,12,alive,,W3-4,1.714285714,7,1.714285714,H2,25,PX_H2,H2_25_Tub1,H2_25
2026-03-09,Mon,Grady,PX_H2_25_Tub1_Lacerate 29,7,8,alive,,W3-4,1.142857143,7,1.142857143,H2,25,PX_H2,H2_25_Tub1,H2_25
2026-03-09,Mon,Grady,PX_H2_25_Tub1_Lacerate 30,7,12,alive,,W3-4,1.714285714,7,1.714285714,H2,25,PX_H2,H2_25_Tub1,H2_25
2026-03-09,Mon,Grady,PX_H2_25_Tub1_Lacerate 31,7,9,alive,,W3-4,1.285714286,7,1.285714286,H2,25,PX_H2,H2_25_Tub1,H2_25
2026-03-09,Mon,Grady,PX_H2_25_Tub1_Lacerate 32,7,15,alive,,W3-4,2.142857143,7,2.142857143,H2,25,PX_H2,H2_25_Tub1,H2_25
2026-03-09,Mon,Grady,P2_H2_25_Tub1_Lacerate 33,7,12,alive,,W3-4,1.714285714,7,1.714285714,H2,25,P2_H2,H2_25_Tub1,H2_25
2026-03-09,Mon,Grady,P2_H2_25_Tub1_Lacerate 34,7,11,alive,,W3-4,1.571428571,7,1.571428571,H2,25,P2_H2,H2_25_Tub1,H2_25
2026-03-09,Mon,Grady,P2_H2_25_Tub1_Lacerate 35,7,11,alive,,W3-4,1.571428571,7,1.571428571,H2,25,P2_H2,H2_25_Tub1,H2_25
2026-03-09,Mon,Grady,P2_H2_25_Tub1_Lacerate 36,7,11,alive,,W3-4,1.571428571,7,1.571428571,H2,25,P2_H2,H2_25_Tub1,H2_25
2026-03-09,Mon,Grady,PX_H2_25_Tub1_Lacerate 37,5,8,alive,,W3-4,1.6,5,1.6,H2,25,PX_H2,H2_25_Tub1,H2_25
2026-03-09,Mon,Grady,PX_H2_25_Tub1_Lacerate 38,5,9,alive,,W3-4,1.8,5,1.8,H2,25,PX_H2,H2_25_Tub1,H2_25
2026-03-09,Mon,Grady,PX_H2_25_Tub1_Lacerate 39,5,15,alive,,W3-4,3,5,3,H2,25,PX_H2,H2_25_Tub1,H2_25
2026-03-09,Mon,Grady,P2_H2_25_Tub1_Lacerate 40,3,9,alive,,W3-4,3,3,3,H2,25,P2_H2,H2_25_Tub1,H2_25
2026-03-09,Mon,Grady,P2_H2_25_Tub1_Lacerate 41,3,9,alive,,W3-4,3,3,3,H2,25,P2_H2,H2_25_Tub1,H2_25
2026-03-09,Mon,Grady,P2_H2_25_Tub1_Lacerate 42,3,6,alive,,W3-4,2,3,2,H2,25,P2_H2,H2_25_Tub1,H2_25
2026-03-09,Mon,Grady,P1_H2_25_Tub2_Lacerate 13,12,7,alive,,W3-4,0.5833333333,12,0.5833333333,H2,25,P1_H2,H2_25_Tub2,H2_25
2026-03-09,Mon,Grady,P3_H2_25_Tub2_Lacerate 14,10,12,alive,,W3-4,1.2,10,1.2,H2,25,P3_H2,H2_25_Tub2,H2_25
2026-03-09,Mon,Grady,P2_H2_25_Tub2_Lacerate 15,7,12,alive,,W3-4,1.714285714,7,1.714285714,H2,25,P2_H2,H2_25_Tub2,H2_25
2026-03-09,Mon,Grady,P2_H2_25_Tub2_Lacerate 16,7,16,alive,,W3-4,2.285714286,7,2.285714286,H2,25,P2_H2,H2_25_Tub2,H2_25
2026-03-09,Mon,Grady,P1_H2_25_Tub2_Lacerate 17,5,11,alive,,W3-4,2.2,5,2.2,H2,25,P1_H2,H2_25_Tub2,H2_25
2026-03-09,Mon,Grady,P1_H2_25_Tub2_Lacerate 18,5,14,alive,,W3-4,2.8,5,2.8,H2,25,P1_H2,H2_25_Tub2,H2_25
2026-03-09,Mon,Grady,P2_H2_25_Tub2_Lacerate 19,3,9,alive,,W3-4,3,3,3,H2,25,P2_H2,H2_25_Tub2,H2_25
2026-03-09,Mon,Grady,P2_H2_25_Tub2_Lacerate 20,3,10,alive,,W3-4,3.333333333,3,3.333333333,H2,25,P2_H2,H2_25_Tub2,H2_25
2026-03-09,Mon,Grady,PX_H2_25_Tub2_Lacerate 21,0,7,alive,,W3-4,#N/A,1.5,4.666666667,H2,25,PX_H2,H2_25_Tub2,H2_25
2026-03-09,Mon,Grady,PX_H2_25_Tub2_Lacerate 22,0,14,alive,,W3-4,#N/A,1.5,9.333333333,H2,25,PX_H2,H2_25_Tub2,H2_25
2026-03-09,Mon,Grady,PX_H2_25_Tub2_Lacerate 23,0,12,alive,,W3-4,#N/A,1.5,8,H2,25,PX_H2,H2_25_Tub2,H2_25
2026-03-09,Mon,Grady,PX_H2_25_Tub2_Lacerate 24,0,12,alive,,W3-4,#N/A,1.5,8,H2,25,PX_H2,H2_25_Tub2,H2_25
2026-03-09,Mon,Grady,PX_H2_25_Tub2_Lacerate 25,0,5,alive,,W3-4,#N/A,1.5,3.333333333,H2,25,PX_H2,H2_25_Tub2,H2_25
2026-03-09,Mon,Grady,PX_H2_25_Tub2_Lacerate 26,0,11,alive,,W3-4,#N/A,1.5,7.333333333,H2,25,PX_H2,H2_25_Tub2,H2_25
2026-03-09,Mon,Grady,PX_H2_25_Tub2_Lacerate 27,0,11,alive,,W3-4,#N/A,1.5,7.333333333,H2,25,PX_H2,H2_25_Tub2,H2_25
2026-03-09,Mon,Grady,PX_H2_25_Tub2_Lacerate 28,0,11,alive,,W3-4,#N/A,1.5,7.333333333,H2,25,PX_H2,H2_25_Tub2,H2_25
2026-03-09,Mon,Grady,PX_H2_25_Tub2_Lacerate 29,0,14,alive,,W3-4,#N/A,1.5,9.333333333,H2,25,PX_H2,H2_25_Tub2,H2_25
2026-03-09,Mon,Grady,P3_H2_25_Tub3_Lacerate 10,12,11,alive,,W3-4,0.9166666667,12,0.9166666667,H2,25,P3_H2,H2_25_Tub3,H2_25
2026-03-09,Mon,Grady,P3_H2_25_Tub3_Lacerate 11,12,8,alive,,W3-4,0.6666666667,12,0.6666666667,H2,25,P3_H2,H2_25_Tub3,H2_25
2026-03-09,Mon,Grady,P3_H2_25_Tub3_Lacerate 12,12,12,alive,,W3-4,1,12,1,H2,25,P3_H2,H2_25_Tub3,H2_25
2026-03-09,Mon,Grady,P3_H2_25_Tub3_Lacerate 13,12,8,alive,,W3-4,0.6666666667,12,0.6666666667,H2,25,P3_H2,H2_25_Tub3,H2_25
2026-03-09,Mon,Grady,PX_H2_25_Tub3_Lacerate 14,10,10,alive,,W3-4,1,10,1,H2,25,PX_H2,H2_25_Tub3,H2_25
2026-03-09,Mon,Grady,P3_H2_25_Tub3_Lacerate 15,7,12,alive,,W3-4,1.714285714,7,1.714285714,H2,25,P3_H2,H2_25_Tub3,H2_25
2026-03-09,Mon,Grady,P2_H2_25_Tub3_Lacerate 16,7,4,alive,,W3-4,0.5714285714,7,0.5714285714,H2,25,P2_H2,H2_25_Tub3,H2_25
2026-03-09,Mon,Grady,P2_H2_25_Tub3_Lacerate 17,7,4,alive,,W3-4,0.5714285714,7,0.5714285714,H2,25,P2_H2,H2_25_Tub3,H2_25
2026-03-09,Mon,Grady,P1_H2_25_Tub3_Lacerate 18,7,12,alive,,W3-4,1.714285714,7,1.714285714,H2,25,P1_H2,H2_25_Tub3,H2_25
2026-03-09,Mon,Grady,P1_H2_25_Tub3_Lacerate 19,5,10,alive,,W3-4,2,5,2,H2,25,P1_H2,H2_25_Tub3,H2_25
2026-03-09,Mon,Grady,PX_H2_25_Tub3_Lacerate 20,5,7,alive,,W3-4,1.4,5,1.4,H2,25,PX_H2,H2_25_Tub3,H2_25
2026-03-09,Mon,Grady,PX_H2_25_Tub3_Lacerate 21,3,10,alive,,W3-4,3.333333333,3,3.333333333,H2,25,PX_H2,H2_25_Tub3,H2_25
2026-03-09,Mon,Grady,PX_H2_25_Tub3_Lacerate 22,0,5,alive,,W3-4,#N/A,1.5,3.333333333,H2,25,PX_H2,H2_25_Tub3,H2_25
2026-03-09,Mon,Grady,PX_H2_25_Tub3_Lacerate 23,0,8,alive,,W3-4,#N/A,1.5,5.333333333,H2,25,PX_H2,H2_25_Tub3,H2_25
2026-03-09,Mon,Grady,PX_H2_25_Tub3_Lacerate 24,0,9,alive,,W3-4,#N/A,1.5,6,H2,25,PX_H2,H2_25_Tub3,H2_25
2026-03-09,Mon,Grady,PX_H2_25_Tub3_Lacerate 25,0,6,alive,,W3-4,#N/A,1.5,4,H2,25,PX_H2,H2_25_Tub3,H2_25
2026-03-09,Mon,Grady,PX_H2_25_Tub3_Lacerate 26,0,12,alive,,W3-4,#N/A,1.5,8,H2,25,PX_H2,H2_25_Tub3,H2_25
2026-03-09,Mon,Grady,PX_H2_25_Tub3_Lacerate 27,0,6,alive,,W3-4,#N/A,1.5,4,H2,25,PX_H2,H2_25_Tub3,H2_25
2026-03-09,Mon,Grady,PX_H2_25_Tub3_Lacerate 28,0,11,alive,,W3-4,#N/A,1.5,7.333333333,H2,25,PX_H2,H2_25_Tub3,H2_25
2026-03-09,Mon,Grady,PX_H2_25_Tub3_Lacerate 29,0,8,alive,,W3-4,#N/A,1.5,5.333333333,H2,25,PX_H2,H2_25_Tub3,H2_25
2026-03-09,Mon,Grady,PX_H2_25_Tub3_Lacerate 30,0,10,alive,,W3-4,#N/A,1.5,6.666666667,H2,25,PX_H2,H2_25_Tub3,H2_25
2026-03-09,Mon,Grady,PX_H2_25_Tub3_Lacerate 31,0,10,alive,,W3-4,#N/A,1.5,6.666666667,H2,25,PX_H2,H2_25_Tub3,H2_25
2026-03-09,Mon,Grady,PX_H2_25_Tub3_Lacerate 32,0,3,alive,,W3-4,#N/A,1.5,2,H2,25,PX_H2,H2_25_Tub3,H2_25
2026-03-09,Mon,Grady,PX_H2_25_Tub3_Lacerate 33,0,12,alive,,W3-4,#N/A,1.5,8,H2,25,PX_H2,H2_25_Tub3,H2_25
2026-03-09,Mon,Grady,PX_H2_25_Tub3_Lacerate 34,0,6,alive,,W3-4,#N/A,1.5,4,H2,25,PX_H2,H2_25_Tub3,H2_25
2026-03-09,Mon,Grady,P2_VWA_25_Tub1_Lacerate 14,12,11,alive,,W3-4,0.9166666667,12,0.9166666667,VWA,25,P2_VWA,VWA_25_Tub1,VWA_25
2026-03-09,Mon,Grady,P2_VWA_25_Tub1_Lacerate 15,12,9,alive,,W3-4,0.75,12,0.75,VWA,25,P2_VWA,VWA_25_Tub1,VWA_25
2026-03-09,Mon,Grady,P2_VWA_25_Tub1_Lacerate 16,12,6,alive,,W3-4,0.5,12,0.5,VWA,25,P2_VWA,VWA_25_Tub1,VWA_25
2026-03-09,Mon,Grady,P2_VWA_25_Tub1_Lacerate 17,12,,missing,,W3-4,0,12,0,VWA,25,P2_VWA,VWA_25_Tub1,VWA_25
2026-03-09,Mon,Grady,P2_VWA_25_Tub1_Lacerate 18,12,0,alive,,W3-4,0,12,0,VWA,25,P2_VWA,VWA_25_Tub1,VWA_25
2026-03-09,Mon,Grady,P2_VWA_25_Tub1_Lacerate 19,12,0,alive,,W3-4,0,12,0,VWA,25,P2_VWA,VWA_25_Tub1,VWA_25
2026-03-09,Mon,Grady,P2_VWA_25_Tub1_Lacerate 20,10,0,alive,,W3-4,0,10,0,VWA,25,P2_VWA,VWA_25_Tub1,VWA_25
2026-03-09,Mon,Grady,P2_VWA_25_Tub1_Lacerate 21,10,0,alive,,W3-4,0,10,0,VWA,25,P2_VWA,VWA_25_Tub1,VWA_25
2026-03-09,Mon,Grady,P2_VWA_25_Tub1_Lacerate 22,10,0,alive,,W3-4,0,10,0,VWA,25,P2_VWA,VWA_25_Tub1,VWA_25
2026-03-09,Mon,Grady,P2_VWA_25_Tub1_Lacerate 23,10,0,alive,,W3-4,0,10,0,VWA,25,P2_VWA,VWA_25_Tub1,VWA_25
2026-03-09,Mon,Grady,P2_VWA_25_Tub1_Lacerate 24,10,15,alive,,W3-4,1.5,10,1.5,VWA,25,P2_VWA,VWA_25_Tub1,VWA_25
2026-03-09,Mon,Grady,P3_VWA_25_Tub1_Lacerate 25,7,16,alive,,W3-4,2.285714286,7,2.285714286,VWA,25,P3_VWA,VWA_25_Tub1,VWA_25
2026-03-09,Mon,Grady,P1_VWA_25_Tub1_Lacerate 26,5,0,alive,,W3-4,0,5,0,VWA,25,P1_VWA,VWA_25_Tub1,VWA_25
2026-03-09,Mon,Grady,P1_VWA_25_Tub1_Lacerate 27,5,0,alive,,W3-4,0,5,0,VWA,25,P1_VWA,VWA_25_Tub1,VWA_25
2026-03-09,Mon,Grady,P1_VWA_25_Tub1_Lacerate 28,5,0,alive,,W3-4,0,5,0,VWA,25,P1_VWA,VWA_25_Tub1,VWA_25
2026-03-09,Mon,Grady,P1_VWA_25_Tub1_Lacerate 29,5,0,alive,,W3-4,0,5,0,VWA,25,P1_VWA,VWA_25_Tub1,VWA_25
2026-03-09,Mon,Grady,P1_VWA_25_Tub1_Lacerate 30,5,0,alive,,W3-4,0,5,0,VWA,25,P1_VWA,VWA_25_Tub1,VWA_25
2026-03-09,Mon,Grady,P1_VWA_25_Tub1_Lacerate 31,5,0,alive,,W3-4,0,5,0,VWA,25,P1_VWA,VWA_25_Tub1,VWA_25
2026-03-09,Mon,Grady,P1_VWA_25_Tub1_Lacerate 32,5,0,alive,,W3-4,0,5,0,VWA,25,P1_VWA,VWA_25_Tub1,VWA_25
2026-03-09,Mon,Grady,P1_VWA_25_Tub1_Lacerate 33,5,0,alive,,W3-4,0,5,0,VWA,25,P1_VWA,VWA_25_Tub1,VWA_25
2026-03-09,Mon,Grady,P1_VWA_25_Tub1_Lacerate 34,5,0,alive,,W3-4,0,5,0,VWA,25,P1_VWA,VWA_25_Tub1,VWA_25
2026-03-09,Mon,Grady,P1_VWA_25_Tub1_Lacerate 35,5,0,alive,,W3-4,0,5,0,VWA,25,P1_VWA,VWA_25_Tub1,VWA_25
2026-03-09,Mon,Grady,P1_VWA_25_Tub1_Lacerate 36,5,0,alive,,W3-4,0,5,0,VWA,25,P1_VWA,VWA_25_Tub1,VWA_25
2026-03-09,Mon,Grady,P2_VWA_25_Tub1_Lacerate 37,5,0,alive,,W3-4,0,5,0,VWA,25,P2_VWA,VWA_25_Tub1,VWA_25
2026-03-09,Mon,Grady,P2_VWA_25_Tub1_Lacerate 38,5,0,alive,,W3-4,0,5,0,VWA,25,P2_VWA,VWA_25_Tub1,VWA_25
2026-03-09,Mon,Grady,P2_VWA_25_Tub1_Lacerate 39,5,0,alive,,W3-4,0,5,0,VWA,25,P2_VWA,VWA_25_Tub1,VWA_25
2026-03-09,Mon,Grady,P2_VWA_25_Tub1_Lacerate 40,5,0,alive,,W3-4,0,5,0,VWA,25,P2_VWA,VWA_25_Tub1,VWA_25
2026-03-09,Mon,Grady,P2_VWA_25_Tub1_Lacerate 41,5,0,alive,,W3-4,0,5,0,VWA,25,P2_VWA,VWA_25_Tub1,VWA_25
2026-03-09,Mon,Grady,P2_VWA_25_Tub1_Lacerate 42,5,0,alive,,W3-4,0,5,0,VWA,25,P2_VWA,VWA_25_Tub1,VWA_25
2026-03-09,Mon,Grady,P2_VWA_25_Tub1_Lacerate 43,5,0,alive,,W3-4,0,5,0,VWA,25,P2_VWA,VWA_25_Tub1,VWA_25
2026-03-09,Mon,Grady,P2_VWA_25_Tub1_Lacerate 44,5,0,alive,,W3-4,0,5,0,VWA,25,P2_VWA,VWA_25_Tub1,VWA_25
2026-03-09,Mon,Grady,P1_VWA_25_Tub1_Lacerate 45,3,0,alive,,W3-4,0,3,0,VWA,25,P1_VWA,VWA_25_Tub1,VWA_25
2026-03-09,Mon,Grady,P1_VWA_25_Tub1_Lacerate 46,3,0,alive,,W3-4,0,3,0,VWA,25,P1_VWA,VWA_25_Tub1,VWA_25
2026-03-09,Mon,Grady,P1_VWA_25_Tub1_Lacerate 47,3,0,alive,,W3-4,0,3,0,VWA,25,P1_VWA,VWA_25_Tub1,VWA_25
2026-03-09,Mon,Grady,P1_VWA_25_Tub1_Lacerate 48,3,0,alive,,W3-4,0,3,0,VWA,25,P1_VWA,VWA_25_Tub1,VWA_25
2026-03-09,Mon,Grady,P1_VWA_25_Tub1_Lacerate 49,3,0,alive,,W3-4,0,3,0,VWA,25,P1_VWA,VWA_25_Tub1,VWA_25
2026-03-09,Mon,Grady,P1_VWA_25_Tub1_Lacerate 50,3,0,alive,,W3-4,0,3,0,VWA,25,P1_VWA,VWA_25_Tub1,VWA_25
2026-03-09,Mon,Grady,P1_VWA_25_Tub1_Lacerate 51,3,0,alive,,W3-4,0,3,0,VWA,25,P1_VWA,VWA_25_Tub1,VWA_25
2026-03-09,Mon,Grady,PX_VWA_25_Tub1_Lacerate 52,0,6,alive,,W3-4,#N/A,1.5,4,VWA,25,PX_VWA,VWA_25_Tub1,VWA_25
2026-03-09,Mon,Grady,P2_VWA_25_Tub2_Lacerate 14,10,10,alive,,W3-4,1,10,1,VWA,25,P2_VWA,VWA_25_Tub2,VWA_25
2026-03-09,Mon,Grady,PX_VWA_25_Tub2_Lacerate 15,7,12,alive,,W3-4,1.714285714,7,1.714285714,VWA,25,PX_VWA,VWA_25_Tub2,VWA_25
2026-03-09,Mon,Grady,P3_VWA_25_Tub2_Lacerate 16,7,14,alive,,W3-4,2,7,2,VWA,25,P3_VWA,VWA_25_Tub2,VWA_25
2026-03-09,Mon,Grady,P3_VWA_25_Tub2_Lacerate 17,7,12,alive,,W3-4,1.714285714,7,1.714285714,VWA,25,P3_VWA,VWA_25_Tub2,VWA_25
2026-03-09,Mon,Grady,P3_VWA_25_Tub2_Lacerate 18,7,12,alive,,W3-4,1.714285714,7,1.714285714,VWA,25,P3_VWA,VWA_25_Tub2,VWA_25
2026-03-09,Mon,Grady,P1_VWA_25_Tub2_Lacerate 19,5,0,alive,,W3-4,0,5,0,VWA,25,P1_VWA,VWA_25_Tub2,VWA_25
2026-03-09,Mon,Grady,P1_VWA_25_Tub2_Lacerate 20,5,0,alive,,W3-4,0,5,0,VWA,25,P1_VWA,VWA_25_Tub2,VWA_25
2026-03-09,Mon,Grady,P1_VWA_25_Tub2_Lacerate 21,5,0,alive,,W3-4,0,5,0,VWA,25,P1_VWA,VWA_25_Tub2,VWA_25
2026-03-09,Mon,Grady,P1_VWA_25_Tub2_Lacerate 22,5,0,alive,,W3-4,0,5,0,VWA,25,P1_VWA,VWA_25_Tub2,VWA_25
2026-03-09,Mon,Grady,P1_VWA_25_Tub2_Lacerate 23,5,0,alive,,W3-4,0,5,0,VWA,25,P1_VWA,VWA_25_Tub2,VWA_25
2026-03-09,Mon,Grady,P1_VWA_25_Tub2_Lacerate 24,5,0,alive,,W3-4,0,5,0,VWA,25,P1_VWA,VWA_25_Tub2,VWA_25
2026-03-09,Mon,Grady,PX_VWA_25_Tub2_Lacerate 25,5,11,alive,,W3-4,2.2,5,2.2,VWA,25,PX_VWA,VWA_25_Tub2,VWA_25
2026-03-09,Mon,Grady,P2_VWA_25_Tub2_Lacerate 26,5,8,alive,,W3-4,1.6,5,1.6,VWA,25,P2_VWA,VWA_25_Tub2,VWA_25
2026-03-09,Mon,Grady,PX_VWA_25_Tub2_Lacerate 27,5,6,alive,,W3-4,1.2,5,1.2,VWA,25,PX_VWA,VWA_25_Tub2,VWA_25
2026-03-09,Mon,Grady,P3_VWA_25_Tub3_Lacerate 5,10,0,alive,,W3-4,0,10,0,VWA,25,P3_VWA,VWA_25_Tub3,VWA_25
2026-03-09,Mon,Grady,P3_VWA_25_Tub3_Lacerate 6,10,0,alive,,W3-4,0,10,0,VWA,25,P3_VWA,VWA_25_Tub3,VWA_25
2026-03-09,Mon,Grady,P3_VWA_25_Tub3_Lacerate 7,10,0,alive,,W3-4,0,10,0,VWA,25,P3_VWA,VWA_25_Tub3,VWA_25
2026-03-09,Mon,Grady,P3_VWA_25_Tub3_Lacerate 8,10,0,alive,,W3-4,0,10,0,VWA,25,P3_VWA,VWA_25_Tub3,VWA_25
2026-03-09,Mon,Grady,P3_VWA_25_Tub3_Lacerate 9,10,0,alive,,W3-4,0,10,0,VWA,25,P3_VWA,VWA_25_Tub3,VWA_25
2026-03-09,Mon,Grady,P3_VWA_25_Tub3_Lacerate 10,10,0,alive,,W3-4,0,10,0,VWA,25,P3_VWA,VWA_25_Tub3,VWA_25
2026-03-09,Mon,Grady,P3_VWA_25_Tub3_Lacerate 11,10,0,alive,,W3-4,0,10,0,VWA,25,P3_VWA,VWA_25_Tub3,VWA_25
2026-03-09,Mon,Grady,P3_VWA_25_Tub3_Lacerate 12,10,0,alive,,W3-4,0,10,0,VWA,25,P3_VWA,VWA_25_Tub3,VWA_25
2026-03-09,Mon,Grady,P2_VWA_25_Tub3_Lacerate 13,7,12,alive,,W3-4,1.714285714,7,1.714285714,VWA,25,P2_VWA,VWA_25_Tub3,VWA_25
2026-03-09,Mon,Grady,P2_VWA_25_Tub3_Lacerate 14,7,,missing,,W3-4,0,7,0,VWA,25,P2_VWA,VWA_25_Tub3,VWA_25
2026-03-09,Mon,Grady,P2_VWA_25_Tub3_Lacerate 15,7,,missing,,W3-4,0,7,0,VWA,25,P2_VWA,VWA_25_Tub3,VWA_25
2026-03-09,Mon,Grady,P2_VWA_25_Tub3_Lacerate 16,7,,missing,,W3-4,0,7,0,VWA,25,P2_VWA,VWA_25_Tub3,VWA_25
2026-03-09,Mon,Grady,P1_VWA_25_Tub3_Lacerate 17,7,4,alive,,W3-4,0.5714285714,7,0.5714285714,VWA,25,P1_VWA,VWA_25_Tub3,VWA_25
2026-03-09,Mon,Grady,P1_VWA_25_Tub3_Lacerate 18,5,14,alive,,W3-4,2.8,5,2.8,VWA,25,P1_VWA,VWA_25_Tub3,VWA_25
2026-03-09,Mon,Grady,P1_VWA_25_Tub3_Lacerate 19,5,0,alive,,W3-4,0,5,0,VWA,25,P1_VWA,VWA_25_Tub3,VWA_25
2026-03-09,Mon,Grady,P3_VWA_25_Tub3_Lacerate 20,5,0,alive,,W3-4,0,5,0,VWA,25,P3_VWA,VWA_25_Tub3,VWA_25
2026-03-09,Mon,Grady,P3_VWA_25_Tub3_Lacerate 21,5,0,alive,,W3-4,0,5,0,VWA,25,P3_VWA,VWA_25_Tub3,VWA_25
2026-03-09,Mon,Grady,P3_VWA_25_Tub3_Lacerate 22,5,0,alive,,W3-4,0,5,0,VWA,25,P3_VWA,VWA_25_Tub3,VWA_25
2026-03-09,Mon,Grady,P2_VWA_25_Tub3_Lacerate 23,5,0,alive,,W3-4,0,5,0,VWA,25,P2_VWA,VWA_25_Tub3,VWA_25
2026-03-09,Mon,Grady,P2_VWA_25_Tub3_Lacerate 24,5,0,alive,,W3-4,0,5,0,VWA,25,P2_VWA,VWA_25_Tub3,VWA_25
2026-03-09,Mon,Grady,P2_VWA_25_Tub3_Lacerate 25,5,0,alive,,W3-4,0,5,0,VWA,25,P2_VWA,VWA_25_Tub3,VWA_25
2026-03-09,Mon,Grady,P2_VWA_25_Tub3_Lacerate 26,5,0,alive,,W3-4,0,5,0,VWA,25,P2_VWA,VWA_25_Tub3,VWA_25
2026-03-09,Mon,Grady,P2_VWA_25_Tub3_Lacerate 27,5,0,alive,,W3-4,0,5,0,VWA,25,P2_VWA,VWA_25_Tub3,VWA_25
2026-03-09,Mon,Grady,P2_VWA_25_Tub3_Lacerate 28,5,0,alive,,W3-4,0,5,0,VWA,25,P2_VWA,VWA_25_Tub3,VWA_25
2026-03-09,Mon,Grady,P2_VWA_25_Tub3_Lacerate 29,5,0,alive,,W3-4,0,5,0,VWA,25,P2_VWA,VWA_25_Tub3,VWA_25
2026-03-09,Mon,Grady,P2_VWA_25_Tub3_Lacerate 30,5,0,alive,,W3-4,0,5,0,VWA,25,P2_VWA,VWA_25_Tub3,VWA_25
2026-03-09,Mon,Grady,P2_VWA_25_Tub3_Lacerate 31,5,0,alive,,W3-4,0,5,0,VWA,25,P2_VWA,VWA_25_Tub3,VWA_25
2026-03-09,Mon,Grady,P2_VWA_25_Tub3_Lacerate 32,5,0,alive,,W3-4,0,5,0,VWA,25,P2_VWA,VWA_25_Tub3,VWA_25
2026-03-09,Mon,Grady,P2_VWA_25_Tub3_Lacerate 33,5,13,alive,,W3-4,2.6,5,2.6,VWA,25,P2_VWA,VWA_25_Tub3,VWA_25
2026-03-09,Mon,Grady,PX_VWA_25_Tub3_Lacerate 34,3,12,alive,,W3-4,4,3,4,VWA,25,PX_VWA,VWA_25_Tub3,VWA_25
2026-03-09,Mon,Grady,PX_VWA_25_Tub3_Lacerate 35,3,8,alive,,W3-4,2.666666667,3,2.666666667,VWA,25,PX_VWA,VWA_25_Tub3,VWA_25
2026-03-09,Mon,Grady,PX_VWA_25_Tub3_Lacerate 36,3,,missing,,W3-4,0,3,0,VWA,25,PX_VWA,VWA_25_Tub3,VWA_25
2026-03-09,Mon,Grady,PX_VWA_25_Tub3_Lacerate 37,0,6,alive,,W3-4,#N/A,1.5,4,VWA,25,PX_VWA,VWA_25_Tub3,VWA_25
2026-03-09,Mon,Grady,PX_VWA_25_Tub3_Lacerate 38,0,7,alive,,W3-4,#N/A,1.5,4.666666667,VWA,25,PX_VWA,VWA_25_Tub3,VWA_25
2026-03-09,Mon,Grady,PX_VWA_25_Tub3_Lacerate 39,0,13,alive,,W3-4,#N/A,1.5,8.666666667,VWA,25,PX_VWA,VWA_25_Tub3,VWA_25
2026-03-09,Mon,Grady,P1_H2_32_Tub1_Lacerate 24,12,8,alive,,W3-4,0.6666666667,12,0.6666666667,H2,32,P1_H2,H2_32_Tub1,H2_32
2026-03-09,Mon,Grady,P1_H2_32_Tub1_Lacerate 25,12,6,alive,,W3-4,0.5,12,0.5,H2,32,P1_H2,H2_32_Tub1,H2_32
2026-03-09,Mon,Grady,P1_H2_32_Tub1_Lacerate 26,12,12,alive,,W3-4,1,12,1,H2,32,P1_H2,H2_32_Tub1,H2_32
2026-03-09,Mon,Grady,P3_H2_32_Tub1_Lacerate 27,7,0,alive,,W3-4,0,7,0,H2,32,P3_H2,H2_32_Tub1,H2_32
2026-03-09,Mon,Grady,P2_H2_32_Tub1_Lacerate 28,7,8,alive,,W3-4,1.142857143,7,1.142857143,H2,32,P2_H2,H2_32_Tub1,H2_32
2026-03-09,Mon,Grady,P2_H2_32_Tub1_Lacerate 29,7,9,alive,,W3-4,1.285714286,7,1.285714286,H2,32,P2_H2,H2_32_Tub1,H2_32
2026-03-09,Mon,Grady,P2_H2_32_Tub1_Lacerate 30,7,0,alive,,W3-4,0,7,0,H2,32,P2_H2,H2_32_Tub1,H2_32
2026-03-09,Mon,Grady,P2_H2_32_Tub1_Lacerate 31,7,,missing,,W3-4,0,7,0,H2,32,P2_H2,H2_32_Tub1,H2_32
2026-03-09,Mon,Grady,P2_H2_32_Tub1_Lacerate 32,7,14,alive,,W3-4,2,7,2,H2,32,P2_H2,H2_32_Tub1,H2_32
2026-03-09,Mon,Grady,P3_H2_32_Tub1_Lacerate 33,7,,missing,,W3-4,0,7,0,H2,32,P3_H2,H2_32_Tub1,H2_32
2026-03-09,Mon,Grady,P3_H2_32_Tub1_Lacerate 34,7,13,alive,,W3-4,1.857142857,7,1.857142857,H2,32,P3_H2,H2_32_Tub1,H2_32
2026-03-09,Mon,Grady,P3_H2_32_Tub1_Lacerate 35,7,16,alive,,W3-4,2.285714286,7,2.285714286,H2,32,P3_H2,H2_32_Tub1,H2_32
2026-03-09,Mon,Grady,P1_H2_32_Tub1_Lacerate 36,5,7,alive,,W3-4,1.4,5,1.4,H2,32,P1_H2,H2_32_Tub1,H2_32
2026-03-09,Mon,Grady,P1_H2_32_Tub1_Lacerate 37,5,10,alive,,W3-4,2,5,2,H2,32,P1_H2,H2_32_Tub1,H2_32
2026-03-09,Mon,Grady,P1_H2_32_Tub1_Lacerate 38,5,14,alive,,W3-4,2.8,5,2.8,H2,32,P1_H2,H2_32_Tub1,H2_32
2026-03-09,Mon,Grady,P1_H2_32_Tub1_Lacerate 39,5,16,alive,,W3-4,3.2,5,3.2,H2,32,P1_H2,H2_32_Tub1,H2_32
2026-03-09,Mon,Grady,P1_H2_32_Tub1_Lacerate 40,5,8,alive,,W3-4,1.6,5,1.6,H2,32,P1_H2,H2_32_Tub1,H2_32
2026-03-09,Mon,Grady,PX_H2_32_Tub1_Lacerate 41,5,9,alive,,W3-4,1.8,5,1.8,H2,32,PX_H2,H2_32_Tub1,H2_32
2026-03-09,Mon,Grady,PX_H2_32_Tub1_Lacerate 42,5,13,alive,,W3-4,2.6,5,2.6,H2,32,PX_H2,H2_32_Tub1,H2_32
2026-03-09,Mon,Grady,PX_H2_32_Tub1_Lacerate 43,5,12,alive,,W3-4,2.4,5,2.4,H2,32,PX_H2,H2_32_Tub1,H2_32
2026-03-09,Mon,Grady,PX_H2_32_Tub1_Lacerate 44,5,0,alive,,W3-4,0,5,0,H2,32,PX_H2,H2_32_Tub1,H2_32
2026-03-09,Mon,Grady,PX_H2_32_Tub1_Lacerate 45,5,10,alive,,W3-4,2,5,2,H2,32,PX_H2,H2_32_Tub1,H2_32
2026-03-09,Mon,Grady,PX_H2_32_Tub1_Lacerate 46,5,9,alive,,W3-4,1.8,5,1.8,H2,32,PX_H2,H2_32_Tub1,H2_32
2026-03-09,Mon,Grady,PX_H2_32_Tub1_Lacerate 47,5,10,alive,,W3-4,2,5,2,H2,32,PX_H2,H2_32_Tub1,H2_32
2026-03-09,Mon,Grady,PX_H2_32_Tub1_Lacerate 48,3,9,alive,,W3-4,3,3,3,H2,32,PX_H2,H2_32_Tub1,H2_32
2026-03-09,Mon,Grady,PX_H2_32_Tub1_Lacerate 49,3,10,alive,,W3-4,3.333333333,3,3.333333333,H2,32,PX_H2,H2_32_Tub1,H2_32
2026-03-09,Mon,Grady,PX_H2_32_Tub1_Lacerate 50,3,10,alive,,W3-4,3.333333333,3,3.333333333,H2,32,PX_H2,H2_32_Tub1,H2_32
2026-03-09,Mon,Grady,PX_H2_32_Tub1_Lacerate 51,3,8,alive,,W3-4,2.666666667,3,2.666666667,H2,32,PX_H2,H2_32_Tub1,H2_32
2026-03-09,Mon,Grady,P1_H2_32_Tub2_Lacerate 19,12,12,alive,,W3-4,1,12,1,H2,32,P1_H2,H2_32_Tub2,H2_32
2026-03-09,Mon,Grady,P1_H2_32_Tub2_Lacerate 20,12,0,alive,,W3-4,0,12,0,H2,32,P1_H2,H2_32_Tub2,H2_32
2026-03-09,Mon,Grady,P1_H2_32_Tub2_Lacerate 21,12,0,alive,,W3-4,0,12,0,H2,32,P1_H2,H2_32_Tub2,H2_32
2026-03-09,Mon,Grady,P1_H2_32_Tub2_Lacerate 22,12,0,alive,,W3-4,0,12,0,H2,32,P1_H2,H2_32_Tub2,H2_32
2026-03-09,Mon,Grady,P1_H2_32_Tub2_Lacerate 23,12,0,alive,,W3-4,0,12,0,H2,32,P1_H2,H2_32_Tub2,H2_32
2026-03-09,Mon,Grady,P2_H2_32_Tub2_Lacerate 24,10,7,alive,,W3-4,0.7,10,0.7,H2,32,P2_H2,H2_32_Tub2,H2_32
2026-03-09,Mon,Grady,P2_H2_32_Tub2_Lacerate 25,10,12,alive,,W3-4,1.2,10,1.2,H2,32,P2_H2,H2_32_Tub2,H2_32
2026-03-09,Mon,Grady,P3_H2_32_Tub2_Lacerate 26,10,0,alive,,W3-4,0,10,0,H2,32,P3_H2,H2_32_Tub2,H2_32
2026-03-09,Mon,Grady,P3_H2_32_Tub2_Lacerate 27,10,0,alive,,W3-4,0,10,0,H2,32,P3_H2,H2_32_Tub2,H2_32
2026-03-09,Mon,Grady,P1_H2_32_Tub2_Lacerate 28,7,8,alive,,W3-4,1.142857143,7,1.142857143,H2,32,P1_H2,H2_32_Tub2,H2_32
2026-03-09,Mon,Grady,P2_H2_32_Tub2_Lacerate 29,7,0,alive,,W3-4,0,7,0,H2,32,P2_H2,H2_32_Tub2,H2_32
2026-03-09,Mon,Grady,P2_H2_32_Tub2_Lacerate 30,7,11,alive,,W3-4,1.571428571,7,1.571428571,H2,32,P2_H2,H2_32_Tub2,H2_32
2026-03-09,Mon,Grady,P2_H2_32_Tub2_Lacerate 31,7,3,alive,,W3-4,0.4285714286,7,0.4285714286,H2,32,P2_H2,H2_32_Tub2,H2_32
2026-03-09,Mon,Grady,P3_H2_32_Tub2_Lacerate 32,5,0,alive,,W3-4,0,5,0,H2,32,P3_H2,H2_32_Tub2,H2_32
2026-03-09,Mon,Grady,P3_H2_32_Tub2_Lacerate 33,5,12,alive,,W3-4,2.4,5,2.4,H2,32,P3_H2,H2_32_Tub2,H2_32
2026-03-09,Mon,Grady,P2_H2_32_Tub2_Lacerate 34,5,0,alive,,W3-4,0,5,0,H2,32,P2_H2,H2_32_Tub2,H2_32
2026-03-09,Mon,Grady,P2_H2_32_Tub2_Lacerate 35,5,12,alive,,W3-4,2.4,5,2.4,H2,32,P2_H2,H2_32_Tub2,H2_32
2026-03-09,Mon,Grady,PX_H2_32_Tub2_Lacerate 36,5,8,alive,,W3-4,1.6,5,1.6,H2,32,PX_H2,H2_32_Tub2,H2_32
2026-03-09,Mon,Grady,PX_H2_32_Tub2_Lacerate 37,5,13,alive,,W3-4,2.6,5,2.6,H2,32,PX_H2,H2_32_Tub2,H2_32
2026-03-09,Mon,Grady,PX_H2_32_Tub2_Lacerate 38,5,14,alive,,W3-4,2.8,5,2.8,H2,32,PX_H2,H2_32_Tub2,H2_32
2026-03-09,Mon,Grady,P2_H2_32_Tub2_Lacerate 39,5,10,alive,,W3-4,2,5,2,H2,32,P2_H2,H2_32_Tub2,H2_32
2026-03-09,Mon,Grady,P2_H2_32_Tub2_Lacerate 40,5,5,alive,,W3-4,1,5,1,H2,32,P2_H2,H2_32_Tub2,H2_32
2026-03-09,Mon,Grady,P2_H2_32_Tub2_Lacerate 41,5,6,alive,,W3-4,1.2,5,1.2,H2,32,P2_H2,H2_32_Tub2,H2_32
2026-03-09,Mon,Grady,P1_H2_32_Tub2_Lacerate 42,3,10,alive,,W3-4,3.333333333,3,3.333333333,H2,32,P1_H2,H2_32_Tub2,H2_32
2026-03-09,Mon,Grady,P1_H2_32_Tub2_Lacerate 43,3,6,alive,,W3-4,2,3,2,H2,32,P1_H2,H2_32_Tub2,H2_32
2026-03-09,Mon,Grady,P1_H2_32_Tub2_Lacerate 44,3,8,alive,,W3-4,2.666666667,3,2.666666667,H2,32,P1_H2,H2_32_Tub2,H2_32
2026-03-09,Mon,Grady,P1_H2_32_Tub2_Lacerate 45,3,12,alive,,W3-4,4,3,4,H2,32,P1_H2,H2_32_Tub2,H2_32
2026-03-09,Mon,Grady,P2_H2_32_Tub2_Lacerate 46,3,8,alive,,W3-4,2.666666667,3,2.666666667,H2,32,P2_H2,H2_32_Tub2,H2_32
2026-03-09,Mon,Grady,P2_H2_32_Tub2_Lacerate 47,3,10,alive,,W3-4,3.333333333,3,3.333333333,H2,32,P2_H2,H2_32_Tub2,H2_32
2026-03-09,Mon,Grady,P2_H2_32_Tub2_Lacerate 48,3,9,alive,,W3-4,3,3,3,H2,32,P2_H2,H2_32_Tub2,H2_32
2026-03-09,Mon,Grady,P2_H2_32_Tub2_Lacerate 49,3,12,alive,,W3-4,4,3,4,H2,32,P2_H2,H2_32_Tub2,H2_32
2026-03-09,Mon,Grady,P2_H2_32_Tub2_Lacerate 50,3,7,alive,,W3-4,2.333333333,3,2.333333333,H2,32,P2_H2,H2_32_Tub2,H2_32
2026-03-09,Mon,Grady,P3_H2_32_Tub2_Lacerate 51,3,9,alive,,W3-4,3,3,3,H2,32,P3_H2,H2_32_Tub2,H2_32
2026-03-09,Mon,Grady,P3_H2_32_Tub2_Lacerate 52,3,17,alive,,W3-4,5.666666667,3,5.666666667,H2,32,P3_H2,H2_32_Tub2,H2_32
2026-03-09,Mon,Grady,P3_H2_32_Tub2_Lacerate 53,3,0,alive,,W3-4,0,3,0,H2,32,P3_H2,H2_32_Tub2,H2_32
2026-03-09,Mon,Grady,P3_H2_32_Tub2_Lacerate 54,3,0,alive,,W3-4,0,3,0,H2,32,P3_H2,H2_32_Tub2,H2_32
2026-03-09,Mon,Grady,P3_H2_32_Tub2_Lacerate 55,3,9,alive,,W3-4,3,3,3,H2,32,P3_H2,H2_32_Tub2,H2_32
2026-03-09,Mon,Grady,P3_H2_32_Tub2_Lacerate 56,3,0,alive,,W3-4,0,3,0,H2,32,P3_H2,H2_32_Tub2,H2_32
2026-03-09,Mon,Grady,PX_H2_32_Tub2_Lacerate 57,0,12,alive,,W3-4,#N/A,1.5,8,H2,32,PX_H2,H2_32_Tub2,H2_32
2026-03-09,Mon,Grady,PX_H2_32_Tub2_Lacerate 58,0,0,alive,,W3-4,#N/A,1.5,0,H2,32,PX_H2,H2_32_Tub2,H2_32
2026-03-09,Mon,Grady,PX_H2_32_Tub2_Lacerate 59,0,0,alive,,W3-4,#N/A,1.5,0,H2,32,PX_H2,H2_32_Tub2,H2_32
2026-03-09,Mon,Grady,PX_H2_32_Tub2_Lacerate 60,0,0,alive,,W3-4,#N/A,1.5,0,H2,32,PX_H2,H2_32_Tub2,H2_32
2026-03-09,Mon,Grady,PX_H2_32_Tub2_Lacerate 61,0,5,alive,,W3-4,#N/A,1.5,3.333333333,H2,32,PX_H2,H2_32_Tub2,H2_32
2026-03-09,Mon,Grady,PX_H2_32_Tub2_Lacerate 62,0,0,alive,,W3-4,#N/A,1.5,0,H2,32,PX_H2,H2_32_Tub2,H2_32
2026-03-09,Mon,Grady,PX_H2_32_Tub2_Lacerate 63,0,0,alive,,W3-4,#N/A,1.5,0,H2,32,PX_H2,H2_32_Tub2,H2_32
2026-03-09,Mon,Grady,PX_H2_32_Tub2_Lacerate 64,0,0,alive,,W3-4,#N/A,1.5,0,H2,32,PX_H2,H2_32_Tub2,H2_32
2026-03-09,Mon,Grady,PX_H2_32_Tub2_Lacerate 65,0,0,alive,,W3-4,#N/A,1.5,0,H2,32,PX_H2,H2_32_Tub2,H2_32
2026-03-09,Mon,Grady,PX_H2_32_Tub2_Lacerate 66,0,0,alive,,W3-4,#N/A,1.5,0,H2,32,PX_H2,H2_32_Tub2,H2_32
2026-03-09,Mon,Grady,PX_H2_32_Tub2_Lacerate 67,0,0,alive,,W3-4,#N/A,1.5,0,H2,32,PX_H2,H2_32_Tub2,H2_32
2026-03-09,Mon,Grady,PX_H2_32_Tub2_Lacerate 68,0,6,alive,,W3-4,#N/A,1.5,4,H2,32,PX_H2,H2_32_Tub2,H2_32
2026-03-09,Mon,Grady,PX_H2_32_Tub2_Lacerate 69,0,10,alive,,W3-4,#N/A,1.5,6.666666667,H2,32,PX_H2,H2_32_Tub2,H2_32
2026-03-09,Mon,Grady,PX_H2_32_Tub2_Lacerate 70,0,10,alive,,W3-4,#N/A,1.5,6.666666667,H2,32,PX_H2,H2_32_Tub2,H2_32
2026-03-09,Mon,Grady,P1_H2_32_Tub3_Lacerate 10,12,15,alive,,W3-4,1.25,12,1.25,H2,32,P1_H2,H2_32_Tub3,H2_32
2026-03-09,Mon,Grady,P2_H2_32_Tub3_Lacerate 11,10,14,alive,,W3-4,1.4,10,1.4,H2,32,P2_H2,H2_32_Tub3,H2_32
2026-03-09,Mon,Grady,P2_H2_32_Tub3_Lacerate 12,10,7,alive,,W3-4,0.7,10,0.7,H2,32,P2_H2,H2_32_Tub3,H2_32
2026-03-09,Mon,Grady,P2_H2_32_Tub3_Lacerate 13,10,10,alive,,W3-4,1,10,1,H2,32,P2_H2,H2_32_Tub3,H2_32
2026-03-09,Mon,Grady,PX_H2_32_Tub3_Lacerate 14,7,16,alive,,W3-4,2.285714286,7,2.285714286,H2,32,PX_H2,H2_32_Tub3,H2_32
2026-03-09,Mon,Grady,PX_H2_32_Tub3_Lacerate 15,7,15,alive,,W3-4,2.142857143,7,2.142857143,H2,32,PX_H2,H2_32_Tub3,H2_32
2026-03-09,Mon,Grady,PX_H2_32_Tub3_Lacerate 16,7,16,alive,,W3-4,2.285714286,7,2.285714286,H2,32,PX_H2,H2_32_Tub3,H2_32
2026-03-09,Mon,Grady,P1_H2_32_Tub3_Lacerate 17,7,5,alive,,W3-4,0.7142857143,7,0.7142857143,H2,32,P1_H2,H2_32_Tub3,H2_32
2026-03-09,Mon,Grady,P1_H2_32_Tub3_Lacerate 18,7,7,alive,,W3-4,1,7,1,H2,32,P1_H2,H2_32_Tub3,H2_32
2026-03-09,Mon,Grady,P2_H2_32_Tub3_Lacerate 19,7,4,alive,,W3-4,0.5714285714,7,0.5714285714,H2,32,P2_H2,H2_32_Tub3,H2_32
2026-03-09,Mon,Grady,P3_H2_32_Tub3_Lacerate 20,7,10,alive,,W3-4,1.428571429,7,1.428571429,H2,32,P3_H2,H2_32_Tub3,H2_32
2026-03-09,Mon,Grady,P3_H2_32_Tub3_Lacerate 21,7,10,alive,,W3-4,1.428571429,7,1.428571429,H2,32,P3_H2,H2_32_Tub3,H2_32
2026-03-09,Mon,Grady,P3_H2_32_Tub3_Lacerate 22,7,10,alive,,W3-4,1.428571429,7,1.428571429,H2,32,P3_H2,H2_32_Tub3,H2_32
2026-03-09,Mon,Grady,P3_H2_32_Tub3_Lacerate 23,7,10,alive,,W3-4,1.428571429,7,1.428571429,H2,32,P3_H2,H2_32_Tub3,H2_32
2026-03-09,Mon,Grady,P3_H2_32_Tub3_Lacerate 24,7,15,alive,,W3-4,2.142857143,7,2.142857143,H2,32,P3_H2,H2_32_Tub3,H2_32
2026-03-09,Mon,Grady,P3_H2_32_Tub3_Lacerate 25,5,12,alive,,W3-4,2.4,5,2.4,H2,32,P3_H2,H2_32_Tub3,H2_32
2026-03-09,Mon,Grady,P3_H2_32_Tub3_Lacerate 26,5,6,alive,,W3-4,1.2,5,1.2,H2,32,P3_H2,H2_32_Tub3,H2_32
2026-03-09,Mon,Grady,P2_H2_32_Tub3_Lacerate 27,5,12,alive,,W3-4,2.4,5,2.4,H2,32,P2_H2,H2_32_Tub3,H2_32
2026-03-09,Mon,Grady,P2_H2_32_Tub3_Lacerate 28,5,14,alive,,W3-4,2.8,5,2.8,H2,32,P2_H2,H2_32_Tub3,H2_32
2026-03-09,Mon,Grady,P1_H2_32_Tub3_Lacerate 29,5,15,alive,,W3-4,3,5,3,H2,32,P1_H2,H2_32_Tub3,H2_32
2026-03-09,Mon,Grady,P1_H2_32_Tub3_Lacerate 30,5,12,alive,,W3-4,2.4,5,2.4,H2,32,P1_H2,H2_32_Tub3,H2_32
2026-03-09,Mon,Grady,P1_H2_32_Tub3_Lacerate 31,5,6,alive,,W3-4,1.2,5,1.2,H2,32,P1_H2,H2_32_Tub3,H2_32
2026-03-09,Mon,Grady,PX_H2_32_Tub3_Lacerate 32,0,0,alive,,W3-4,#N/A,1.5,0,H2,32,PX_H2,H2_32_Tub3,H2_32
2026-03-09,Mon,Grady,PX_H2_32_Tub3_Lacerate 33,0,0,alive,,W3-4,#N/A,1.5,0,H2,32,PX_H2,H2_32_Tub3,H2_32
2026-03-09,Mon,Grady,PX_H2_32_Tub3_Lacerate 34,0,0,alive,,W3-4,#N/A,1.5,0,H2,32,PX_H2,H2_32_Tub3,H2_32
2026-03-09,Mon,Grady,PX_H2_32_Tub3_Lacerate 35,0,0,alive,,W3-4,#N/A,1.5,0,H2,32,PX_H2,H2_32_Tub3,H2_32
2026-03-09,Mon,Grady,PX_H2_32_Tub3_Lacerate 36,0,0,alive,,W3-4,#N/A,1.5,0,H2,32,PX_H2,H2_32_Tub3,H2_32
2026-03-09,Mon,Grady,PX_H2_32_Tub3_Lacerate 37,0,0,alive,,W3-4,#N/A,1.5,0,H2,32,PX_H2,H2_32_Tub3,H2_32
2026-03-09,Mon,Grady,PX_H2_32_Tub3_Lacerate 38,0,0,alive,,W3-4,#N/A,1.5,0,H2,32,PX_H2,H2_32_Tub3,H2_32
2026-03-09,Mon,Grady,PX_H2_32_Tub3_Lacerate 39,0,0,alive,,W3-4,#N/A,1.5,0,H2,32,PX_H2,H2_32_Tub3,H2_32
2026-03-09,Mon,Grady,PX_H2_32_Tub3_Lacerate 40,0,0,alive,,W3-4,#N/A,1.5,0,H2,32,PX_H2,H2_32_Tub3,H2_32
2026-03-09,Mon,Grady,PX_H2_32_Tub3_Lacerate 41,0,0,alive,,W3-4,#N/A,1.5,0,H2,32,PX_H2,H2_32_Tub3,H2_32
2026-03-09,Mon,Grady,P1_VWA_32_Tub1_Lacerate 11,12,,missing,,W3-4,0,12,0,VWA,32,P1_VWA,VWA_32_Tub1,VWA_32
2026-03-09,Mon,Grady,P3_VWA_32_Tub1_Lacerate 12,12,,missing,,W3-4,0,12,0,VWA,32,P3_VWA,VWA_32_Tub1,VWA_32
2026-03-09,Mon,Grady,P1_VWA_32_Tub1_Lacerate 13,10,,missing,,W3-4,0,10,0,VWA,32,P1_VWA,VWA_32_Tub1,VWA_32
2026-03-09,Mon,Grady,P1_VWA_32_Tub1_Lacerate 14,10,,missing,,W3-4,0,10,0,VWA,32,P1_VWA,VWA_32_Tub1,VWA_32
2026-03-09,Mon,Grady,P3_VWA_32_Tub1_Lacerate 15,10,8,alive,,W3-4,0.8,10,0.8,VWA,32,P3_VWA,VWA_32_Tub1,VWA_32
2026-03-09,Mon,Grady,P3_VWA_32_Tub1_Lacerate 16,10,,missing,,W3-4,0,10,0,VWA,32,P3_VWA,VWA_32_Tub1,VWA_32
2026-03-09,Mon,Grady,P3_VWA_32_Tub1_Lacerate 17,10,15,alive,,W3-4,1.5,10,1.5,VWA,32,P3_VWA,VWA_32_Tub1,VWA_32
2026-03-09,Mon,Grady,P3_VWA_32_Tub1_Lacerate 18,10,13,alive,,W3-4,1.3,10,1.3,VWA,32,P3_VWA,VWA_32_Tub1,VWA_32
2026-03-09,Mon,Grady,P3_VWA_32_Tub1_Lacerate 19,10,13,alive,,W3-4,1.3,10,1.3,VWA,32,P3_VWA,VWA_32_Tub1,VWA_32
2026-03-09,Mon,Grady,P2_VWA_32_Tub1_Lacerate 20,10,12,alive,,W3-4,1.2,10,1.2,VWA,32,P2_VWA,VWA_32_Tub1,VWA_32
2026-03-09,Mon,Grady,P2_VWA_32_Tub1_Lacerate 21,10,10,alive,,W3-4,1,10,1,VWA,32,P2_VWA,VWA_32_Tub1,VWA_32
2026-03-09,Mon,Grady,P2_VWA_32_Tub1_Lacerate 22,10,17,alive,,W3-4,1.7,10,1.7,VWA,32,P2_VWA,VWA_32_Tub1,VWA_32
2026-03-09,Mon,Grady,P2_VWA_32_Tub1_Lacerate 23,10,9,alive,,W3-4,0.9,10,0.9,VWA,32,P2_VWA,VWA_32_Tub1,VWA_32
2026-03-09,Mon,Grady,P2_VWA_32_Tub1_Lacerate 24,10,,missing,,W3-4,0,10,0,VWA,32,P2_VWA,VWA_32_Tub1,VWA_32
2026-03-09,Mon,Grady,P2_VWA_32_Tub1_Lacerate 25,10,,missing,,W3-4,0,10,0,VWA,32,P2_VWA,VWA_32_Tub1,VWA_32
2026-03-09,Mon,Grady,P1_VWA_32_Tub1_Lacerate 26,7,,missing,,W3-4,0,7,0,VWA,32,P1_VWA,VWA_32_Tub1,VWA_32
2026-03-09,Mon,Grady,P2_VWA_32_Tub1_Lacerate 27,5,,missing,,W3-4,0,5,0,VWA,32,P2_VWA,VWA_32_Tub1,VWA_32
2026-03-09,Mon,Grady,P2_VWA_32_Tub1_Lacerate 28,5,,missing,,W3-4,0,5,0,VWA,32,P2_VWA,VWA_32_Tub1,VWA_32
2026-03-09,Mon,Grady,P3_VWA_32_Tub1_Lacerate 29,5,3,alive,,W3-4,0.6,5,0.6,VWA,32,P3_VWA,VWA_32_Tub1,VWA_32
2026-03-09,Mon,Grady,P3_VWA_32_Tub1_Lacerate 30,5,,missing,,W3-4,0,5,0,VWA,32,P3_VWA,VWA_32_Tub1,VWA_32
2026-03-09,Mon,Grady,P3_VWA_32_Tub1_Lacerate 31,5,,missing,,W3-4,0,5,0,VWA,32,P3_VWA,VWA_32_Tub1,VWA_32
2026-03-09,Mon,Grady,P3_VWA_32_Tub1_Lacerate 32,5,,missing,,W3-4,0,5,0,VWA,32,P3_VWA,VWA_32_Tub1,VWA_32
2026-03-09,Mon,Grady,P1_VWA_32_Tub1_Lacerate 33,5,0,alive,,W3-4,0,5,0,VWA,32,P1_VWA,VWA_32_Tub1,VWA_32
2026-03-09,Mon,Grady,P1_VWA_32_Tub1_Lacerate 34,5,0,alive,,W3-4,0,5,0,VWA,32,P1_VWA,VWA_32_Tub1,VWA_32
2026-03-09,Mon,Grady,P1_VWA_32_Tub1_Lacerate 35,5,0,alive,,W3-4,0,5,0,VWA,32,P1_VWA,VWA_32_Tub1,VWA_32
2026-03-09,Mon,Grady,P1_VWA_32_Tub1_Lacerate 36,5,0,alive,,W3-4,0,5,0,VWA,32,P1_VWA,VWA_32_Tub1,VWA_32
2026-03-09,Mon,Grady,P1_VWA_32_Tub1_Lacerate 37,5,0,alive,,W3-4,0,5,0,VWA,32,P1_VWA,VWA_32_Tub1,VWA_32
2026-03-09,Mon,Grady,P1_VWA_32_Tub1_Lacerate 38,5,0,alive,,W3-4,0,5,0,VWA,32,P1_VWA,VWA_32_Tub1,VWA_32
2026-03-09,Mon,Grady,P1_VWA_32_Tub1_Lacerate 39,5,0,alive,,W3-4,0,5,0,VWA,32,P1_VWA,VWA_32_Tub1,VWA_32
2026-03-09,Mon,Grady,P1_VWA_32_Tub1_Lacerate 40,5,0,alive,,W3-4,0,5,0,VWA,32,P1_VWA,VWA_32_Tub1,VWA_32
2026-03-09,Mon,Grady,P1_VWA_32_Tub1_Lacerate 41,5,0,alive,,W3-4,0,5,0,VWA,32,P1_VWA,VWA_32_Tub1,VWA_32
2026-03-09,Mon,Grady,P1_VWA_32_Tub1_Lacerate 42,5,0,alive,,W3-4,0,5,0,VWA,32,P1_VWA,VWA_32_Tub1,VWA_32
2026-03-09,Mon,Grady,P1_VWA_32_Tub1_Lacerate 43,5,0,alive,,W3-4,0,5,0,VWA,32,P1_VWA,VWA_32_Tub1,VWA_32
2026-03-09,Mon,Grady,P1_VWA_32_Tub1_Lacerate 44,5,11,alive,,W3-4,2.2,5,2.2,VWA,32,P1_VWA,VWA_32_Tub1,VWA_32
2026-03-09,Mon,Grady,PX_VWA_32_Tub1_Lacerate 45,5,12,alive,,W3-4,2.4,5,2.4,VWA,32,PX_VWA,VWA_32_Tub1,VWA_32
2026-03-09,Mon,Grady,PX_VWA_32_Tub1_Lacerate 46,5,11,alive,,W3-4,2.2,5,2.2,VWA,32,PX_VWA,VWA_32_Tub1,VWA_32
2026-03-09,Mon,Grady,P2_VWA_32_Tub1_Lacerate 47,3,18,alive,,W3-4,6,3,6,VWA,32,P2_VWA,VWA_32_Tub1,VWA_32
2026-03-09,Mon,Grady,P2_VWA_32_Tub1_Lacerate 48,3,12,alive,,W3-4,4,3,4,VWA,32,P2_VWA,VWA_32_Tub1,VWA_32
2026-03-09,Mon,Grady,P2_VWA_32_Tub1_Lacerate 49,3,18,alive,,W3-4,6,3,6,VWA,32,P2_VWA,VWA_32_Tub1,VWA_32
2026-03-09,Mon,Grady,PX_VWA_32_Tub1_Lacerate 50,0,8,alive,,W3-4,#N/A,1.5,5.333333333,VWA,32,PX_VWA,VWA_32_Tub1,VWA_32
2026-03-09,Mon,Grady,PX_VWA_32_Tub1_Lacerate 51,0,9,alive,,W3-4,#N/A,1.5,6,VWA,32,PX_VWA,VWA_32_Tub1,VWA_32
2026-03-09,Mon,Grady,P1_VWA_32_Tub2_Lacerate 6,12,,missing,,W3-4,0,12,0,VWA,32,P1_VWA,VWA_32_Tub2,VWA_32
2026-03-09,Mon,Grady,PX_VWA_32_Tub2_Lacerate 7,12,9,alive,,W3-4,0.75,12,0.75,VWA,32,PX_VWA,VWA_32_Tub2,VWA_32
2026-03-09,Mon,Grady,PX_VWA_32_Tub2_Lacerate 8,7,10,alive,,W3-4,1.428571429,7,1.428571429,VWA,32,PX_VWA,VWA_32_Tub2,VWA_32
2026-03-09,Mon,Grady,P2_VWA_32_Tub2_Lacerate 9,7,12,alive,,W3-4,1.714285714,7,1.714285714,VWA,32,P2_VWA,VWA_32_Tub2,VWA_32
2026-03-09,Mon,Grady,P2_VWA_32_Tub2_Lacerate 10,7,10,alive,,W3-4,1.428571429,7,1.428571429,VWA,32,P2_VWA,VWA_32_Tub2,VWA_32
2026-03-09,Mon,Grady,P2_VWA_32_Tub2_Lacerate 11,7,9,alive,,W3-4,1.285714286,7,1.285714286,VWA,32,P2_VWA,VWA_32_Tub2,VWA_32
2026-03-09,Mon,Grady,PX_VWA_32_Tub2_Lacerate 12,7,17,alive,,W3-4,2.428571429,7,2.428571429,VWA,32,PX_VWA,VWA_32_Tub2,VWA_32
2026-03-09,Mon,Grady,P3_VWA_32_Tub2_Lacerate 13,7,0,alive,,W3-4,0,7,0,VWA,32,P3_VWA,VWA_32_Tub2,VWA_32
2026-03-09,Mon,Grady,P3_VWA_32_Tub2_Lacerate 14,7,0,alive,,W3-4,0,7,0,VWA,32,P3_VWA,VWA_32_Tub2,VWA_32
2026-03-09,Mon,Grady,P1_VWA_32_Tub2_Lacerate 15,5,0,alive,,W3-4,0,5,0,VWA,32,P1_VWA,VWA_32_Tub2,VWA_32
2026-03-09,Mon,Grady,P1_VWA_32_Tub2_Lacerate 16,5,0,alive,,W3-4,0,5,0,VWA,32,P1_VWA,VWA_32_Tub2,VWA_32
2026-03-09,Mon,Grady,P1_VWA_32_Tub2_Lacerate 17,5,0,alive,,W3-4,0,5,0,VWA,32,P1_VWA,VWA_32_Tub2,VWA_32
2026-03-09,Mon,Grady,P1_VWA_32_Tub2_Lacerate 18,5,0,alive,,W3-4,0,5,0,VWA,32,P1_VWA,VWA_32_Tub2,VWA_32
2026-03-09,Mon,Grady,P1_VWA_32_Tub2_Lacerate 19,3,0,alive,,W3-4,0,3,0,VWA,32,P1_VWA,VWA_32_Tub2,VWA_32
2026-03-09,Mon,Grady,P1_VWA_32_Tub3_Lacerate 8,7,11,alive,,W3-4,1.571428571,7,1.571428571,VWA,32,P1_VWA,VWA_32_Tub3,VWA_32
2026-03-09,Mon,Grady,P3_VWA_32_Tub3_Lacerate 9,7,0,alive,,W3-4,0,7,0,VWA,32,P3_VWA,VWA_32_Tub3,VWA_32
2026-03-09,Mon,Grady,P3_VWA_32_Tub3_Lacerate 10,7,15,alive,,W3-4,2.142857143,7,2.142857143,VWA,32,P3_VWA,VWA_32_Tub3,VWA_32
2026-03-09,Mon,Grady,P2_VWA_32_Tub3_Lacerate 11,5,4,alive,,W3-4,0.8,5,0.8,VWA,32,P2_VWA,VWA_32_Tub3,VWA_32
2026-03-09,Mon,Grady,P2_VWA_32_Tub3_Lacerate 12,5,0,alive,,W3-4,0,5,0,VWA,32,P2_VWA,VWA_32_Tub3,VWA_32
2026-03-09,Mon,Grady,P3_VWA_32_Tub3_Lacerate 13,5,0,alive,,W3-4,0,5,0,VWA,32,P3_VWA,VWA_32_Tub3,VWA_32
2026-03-09,Mon,Grady,P3_VWA_32_Tub3_Lacerate 14,5,0,alive,,W3-4,0,5,0,VWA,32,P3_VWA,VWA_32_Tub3,VWA_32
2026-03-09,Mon,Grady,P3_VWA_32_Tub3_Lacerate 15,5,0,alive,,W3-4,0,5,0,VWA,32,P3_VWA,VWA_32_Tub3,VWA_32
2026-03-09,Mon,Grady,P3_VWA_32_Tub3_Lacerate 16,5,0,alive,,W3-4,0,5,0,VWA,32,P3_VWA,VWA_32_Tub3,VWA_32
2026-03-09,Mon,Grady,P3_VWA_32_Tub3_Lacerate 17,5,0,alive,,W3-4,0,5,0,VWA,32,P3_VWA,VWA_32_Tub3,VWA_32
2026-03-09,Mon,Grady,P1_VWA_32_Tub3_Lacerate 18,3,6,alive,,W3-4,2,3,2,VWA,32,P1_VWA,VWA_32_Tub3,VWA_32
2026-03-09,Mon,Grady,P1_VWA_32_Tub3_Lacerate 19,3,0,alive,,W3-4,0,3,0,VWA,32,P1_VWA,VWA_32_Tub3,VWA_32
2026-03-09,Mon,Grady,P1_VWA_32_Tub3_Lacerate 20,3,0,alive,,W3-4,0,3,0,VWA,32,P1_VWA,VWA_32_Tub3,VWA_32
2026-03-09,Mon,Grady,P1_VWA_32_Tub3_Lacerate 21,3,0,alive,,W3-4,0,3,0,VWA,32,P1_VWA,VWA_32_Tub3,VWA_32
2026-03-09,Mon,Grady,P1_VWA_32_Tub3_Lacerate 22,3,0,alive,,W3-4,0,3,0,VWA,32,P1_VWA,VWA_32_Tub3,VWA_32
2026-03-09,Mon,Grady,P1_VWA_32_Tub3_Lacerate 23,3,0,alive,,W3-4,0,3,0,VWA,32,P1_VWA,VWA_32_Tub3,VWA_32
2026-03-11,Wed,Grady,P2_H2_25_Tub1_Lacerate 43,0,4,alive,,W5-6,#N/A,1,4,H2,25,P2_H2,H2_25_Tub1,H2_25
2026-03-11,Wed,Grady,P3_H2_25_Tub1_Lacerate 44,0,6,alive,,W5-6,#N/A,1,6,H2,25,P3_H2,H2_25_Tub1,H2_25
2026-03-11,Wed,Grady,P3_H2_25_Tub1_Lacerate 45,0,0,alive,,W5-6,#N/A,1,0,H2,25,P3_H2,H2_25_Tub1,H2_25
2026-03-11,Wed,Grady,P3_H2_25_Tub1_Lacerate 46,0,2,alive,,W5-6,#N/A,1,2,H2,25,P3_H2,H2_25_Tub1,H2_25
2026-03-11,Wed,Grady,P3_H2_25_Tub1_Lacerate 47,0,2,alive,,W5-6,#N/A,1,2,H2,25,P3_H2,H2_25_Tub1,H2_25
2026-03-11,Wed,Grady,PX_H2_25_Tub1_Lacerate 48,0,5,alive,,W5-6,#N/A,1,5,H2,25,PX_H2,H2_25_Tub1,H2_25
2026-03-11,Wed,Grady,P1_H2_25_Tub1_Lacerate 49,0,7,alive,,W5-6,#N/A,1,7,H2,25,P1_H2,H2_25_Tub1,H2_25
2026-03-11,Wed,Grady,P1_H2_25_Tub1_Lacerate 50,0,9,alive,,W5-6,#N/A,1,9,H2,25,P1_H2,H2_25_Tub1,H2_25
2026-03-11,Wed,Grady,P1_H2_25_Tub1_Lacerate 51,0,1,alive,,W5-6,#N/A,1,1,H2,25,P1_H2,H2_25_Tub1,H2_25
2026-03-11,Wed,Grady,P1_H2_25_Tub1_Lacerate 52,0,6,alive,,W5-6,#N/A,1,6,H2,25,P1_H2,H2_25_Tub1,H2_25
2026-03-11,Wed,Grady,P1_H2_25_Tub1_Lacerate 53,0,2,alive,,W5-6,#N/A,1,2,H2,25,P1_H2,H2_25_Tub1,H2_25
2026-03-11,Wed,Grady,P1_H2_25_Tub1_Lacerate 54,0,3,alive,,W5-6,#N/A,1,3,H2,25,P1_H2,H2_25_Tub1,H2_25
2026-03-11,Wed,Grady,P1_H2_25_Tub1_Lacerate 55,0,2,alive,,W5-6,#N/A,1,2,H2,25,P1_H2,H2_25_Tub1,H2_25
2026-03-11,Wed,Grady,P2_H2_25_Tub1_Lacerate 56,0,0,alive,,W5-6,#N/A,1,0,H2,25,P2_H2,H2_25_Tub1,H2_25
2026-03-11,Wed,Grady,P3_H2_25_Tub2_Lacerate 30,0,3,alive,,W5-6,#N/A,1,3,H2,25,P3_H2,H2_25_Tub2,H2_25
2026-03-11,Wed,Grady,P3_H2_25_Tub3_Lacerate 35,0,0,alive,,W5-6,#N/A,1,0,H2,25,P3_H2,H2_25_Tub3,H2_25
2026-03-11,Wed,Grady,P2_H2_25_Tub3_Lacerate 36,0,0,alive,,W5-6,#N/A,1,0,H2,25,P2_H2,H2_25_Tub3,H2_25
2026-03-11,Wed,Grady,P3_H2_25_Tub3_Lacerate 37,0,4,alive,,W5-6,#N/A,1,4,H2,25,P3_H2,H2_25_Tub3,H2_25
2026-03-11,Wed,Grady,P2_H2_25_Tub3_Lacerate 38,0,6,alive,,W5-6,#N/A,1,6,H2,25,P2_H2,H2_25_Tub3,H2_25
2026-03-11,Wed,Grady,P2_H2_25_Tub3_Lacerate 39,0,0,alive,,W5-6,#N/A,1,0,H2,25,P2_H2,H2_25_Tub3,H2_25
2026-03-11,Wed,Grady,P2_VWA_25_Tub1_Lacerate 53,0,0,alive,,W5-6,#N/A,1,0,VWA,25,P2_VWA,VWA_25_Tub1,VWA_25
2026-03-11,Wed,Grady,P3_VWA_25_Tub1_Lacerate 54,0,5,alive,,W5-6,#N/A,1,5,VWA,25,P3_VWA,VWA_25_Tub1,VWA_25
2026-03-11,Wed,Grady,P3_VWA_25_Tub1_Lacerate 55,0,0,alive,,W5-6,#N/A,1,0,VWA,25,P3_VWA,VWA_25_Tub1,VWA_25
2026-03-11,Wed,Grady,P1_VWA_25_Tub1_Lacerate 56,0,0,alive,,W5-6,#N/A,1,0,VWA,25,P1_VWA,VWA_25_Tub1,VWA_25
2026-03-11,Wed,Grady,P1_VWA_25_Tub1_Lacerate 57,0,0,alive,,W5-6,#N/A,1,0,VWA,25,P1_VWA,VWA_25_Tub1,VWA_25
2026-03-11,Wed,Grady,P1_VWA_25_Tub1_Lacerate 58,0,0,alive,,W5-6,#N/A,1,0,VWA,25,P1_VWA,VWA_25_Tub1,VWA_25
2026-03-11,Wed,Grady,P1_VWA_25_Tub1_Lacerate 59,0,0,alive,,W5-6,#N/A,1,0,VWA,25,P1_VWA,VWA_25_Tub1,VWA_25
2026-03-11,Wed,Grady,P1_VWA_25_Tub1_Lacerate 60,0,0,alive,,W5-6,#N/A,1,0,VWA,25,P1_VWA,VWA_25_Tub1,VWA_25
2026-03-11,Wed,Grady,P1_VWA_25_Tub1_Lacerate 61,0,0,alive,,W5-6,#N/A,1,0,VWA,25,P1_VWA,VWA_25_Tub1,VWA_25
2026-03-11,Wed,Grady,P1_VWA_25_Tub1_Lacerate 62,0,0,alive,,W5-6,#N/A,1,0,VWA,25,P1_VWA,VWA_25_Tub1,VWA_25
2026-03-11,Wed,Grady,P1_VWA_25_Tub1_Lacerate 63,0,0,alive,,W5-6,#N/A,1,0,VWA,25,P1_VWA,VWA_25_Tub1,VWA_25
2026-03-11,Wed,Grady,P1_VWA_25_Tub1_Lacerate 64,0,6,alive,,W5-6,#N/A,1,6,VWA,25,P1_VWA,VWA_25_Tub1,VWA_25
2026-03-11,Wed,Grady,P3_VWA_25_Tub2_Lacerate 28,0,0,alive,,W5-6,#N/A,1,0,VWA,25,P3_VWA,VWA_25_Tub2,VWA_25
2026-03-11,Wed,Grady,P2_VWA_25_Tub3_Lacerate 40,0,0,alive,,W5-6,#N/A,1,0,VWA,25,P2_VWA,VWA_25_Tub3,VWA_25
2026-03-11,Wed,Grady,P3_VWA_25_Tub3_Lacerate 41,0,0,alive,,W5-6,#N/A,1,0,VWA,25,P3_VWA,VWA_25_Tub3,VWA_25
2026-03-11,Wed,Grady,P3_VWA_25_Tub3_Lacerate 42,0,2,alive,,W5-6,#N/A,1,2,VWA,25,P3_VWA,VWA_25_Tub3,VWA_25
2026-03-11,Wed,Grady,P3_VWA_25_Tub3_Lacerate 43,0,0,alive,,W5-6,#N/A,1,0,VWA,25,P3_VWA,VWA_25_Tub3,VWA_25
2026-03-11,Wed,Grady,P3_VWA_25_Tub3_Lacerate 44,0,0,alive,,W5-6,#N/A,1,0,VWA,25,P3_VWA,VWA_25_Tub3,VWA_25
2026-03-11,Wed,Grady,P3_VWA_25_Tub3_Lacerate 45,0,1,alive,,W5-6,#N/A,1,1,VWA,25,P3_VWA,VWA_25_Tub3,VWA_25
2026-03-11,Wed,Grady,PX_VWA_25_Tub3_Lacerate 46,0,0,alive,,W5-6,#N/A,1,0,VWA,25,PX_VWA,VWA_25_Tub3,VWA_25
2026-03-11,Wed,Grady,P1_H2_32_Tub1_Lacerate 52,0,0,alive,,W5-6,#N/A,1,0,H2,32,P1_H2,H2_32_Tub1,H2_32
2026-03-11,Wed,Grady,P1_H2_32_Tub1_Lacerate 53,0,0,alive,,W5-6,#N/A,1,0,H2,32,P1_H2,H2_32_Tub1,H2_32
2026-03-11,Wed,Grady,P1_H2_32_Tub1_Lacerate 54,0,4,alive,,W5-6,#N/A,1,4,H2,32,P1_H2,H2_32_Tub1,H2_32
2026-03-11,Wed,Grady,PX_H2_32_Tub1_Lacerate 55,0,6,alive,,W5-6,#N/A,1,6,H2,32,PX_H2,H2_32_Tub1,H2_32
2026-03-11,Wed,Grady,P1_H2_32_Tub2_Lacerate 71,0,0,alive,,W5-6,#N/A,1,0,H2,32,P1_H2,H2_32_Tub2,H2_32
2026-03-11,Wed,Grady,P1_H2_32_Tub2_Lacerate 72,0,0,alive,,W5-6,#N/A,1,0,H2,32,P1_H2,H2_32_Tub2,H2_32
2026-03-11,Wed,Grady,P1_H2_32_Tub2_Lacerate 73,0,0,alive,,W5-6,#N/A,1,0,H2,32,P1_H2,H2_32_Tub2,H2_32
2026-03-11,Wed,Grady,P1_H2_32_Tub2_Lacerate 74,0,6,alive,,W5-6,#N/A,1,6,H2,32,P1_H2,H2_32_Tub2,H2_32
2026-03-11,Wed,Grady,P1_H2_32_Tub3_Lacerate 42,0,0,alive,,W5-6,#N/A,1,0,H2,32,P1_H2,H2_32_Tub3,H2_32
2026-03-11,Wed,Grady,P1_H2_32_Tub3_Lacerate 43,0,0,alive,,W5-6,#N/A,1,0,H2,32,P1_H2,H2_32_Tub3,H2_32
2026-03-11,Wed,Grady,P1_H2_32_Tub3_Lacerate 44,0,0,alive,,W5-6,#N/A,1,0,H2,32,P1_H2,H2_32_Tub3,H2_32
2026-03-11,Wed,Grady,P2_H2_32_Tub3_Lacerate 45,0,6,alive,,W5-6,#N/A,1,6,H2,32,P2_H2,H2_32_Tub3,H2_32
2026-03-11,Wed,Grady,P2_H2_32_Tub3_Lacerate 46,0,0,alive,,W5-6,#N/A,1,0,H2,32,P2_H2,H2_32_Tub3,H2_32
2026-03-11,Wed,Grady,P2_H2_32_Tub3_Lacerate 47,0,0,alive,,W5-6,#N/A,1,0,H2,32,P2_H2,H2_32_Tub3,H2_32
2026-03-11,Wed,Grady,P2_H2_32_Tub3_Lacerate 48,0,0,alive,,W5-6,#N/A,1,0,H2,32,P2_H2,H2_32_Tub3,H2_32
2026-03-11,Wed,Grady,P1_VWA_32_Tub1_Lacerate 52,0,0,alive,,W5-6,#N/A,1,0,VWA,32,P1_VWA,VWA_32_Tub1,VWA_32
2026-03-11,Wed,Grady,P1_VWA_32_Tub1_Lacerate 53,0,0,alive,,W5-6,#N/A,1,0,VWA,32,P1_VWA,VWA_32_Tub1,VWA_32
2026-03-11,Wed,Grady,P1_VWA_32_Tub1_Lacerate 54,0,0,alive,,W5-6,#N/A,1,0,VWA,32,P1_VWA,VWA_32_Tub1,VWA_32
2026-03-11,Wed,Grady,P1_VWA_32_Tub1_Lacerate 55,0,0,alive,,W5-6,#N/A,1,0,VWA,32,P1_VWA,VWA_32_Tub1,VWA_32
2026-03-11,Wed,Grady,P3_VWA_32_Tub1_Lacerate 56,0,0,alive,,W5-6,#N/A,1,0,VWA,32,P3_VWA,VWA_32_Tub1,VWA_32
2026-03-11,Wed,Grady,P3_VWA_32_Tub1_Lacerate 57,0,0,alive,,W5-6,#N/A,1,0,VWA,32,P3_VWA,VWA_32_Tub1,VWA_32
2026-03-11,Wed,Grady,P1_VWA_32_Tub1_Lacerate 58,0,7,alive,,W5-6,#N/A,1,7,VWA,32,P1_VWA,VWA_32_Tub1,VWA_32
2026-03-11,Wed,Grady,P1_VWA_32_Tub2_Lacerate 20,0,0,alive,,W5-6,#N/A,1,0,VWA,32,P1_VWA,VWA_32_Tub2,VWA_32
2026-03-11,Wed,Grady,P1_VWA_32_Tub2_Lacerate 21,0,0,alive,,W5-6,#N/A,1,0,VWA,32,P1_VWA,VWA_32_Tub2,VWA_32
2026-03-11,Wed,Grady,P1_VWA_32_Tub2_Lacerate 22,0,0,alive,,W5-6,#N/A,1,0,VWA,32,P1_VWA,VWA_32_Tub2,VWA_32
2026-03-11,Wed,Grady,P3_VWA_32_Tub2_Lacerate 23,0,0,alive,,W5-6,#N/A,1,0,VWA,32,P3_VWA,VWA_32_Tub2,VWA_32
2026-03-11,Wed,Grady,P3_VWA_32_Tub2_Lacerate 24,0,0,alive,,W5-6,#N/A,1,0,VWA,32,P3_VWA,VWA_32_Tub2,VWA_32
2026-03-11,Wed,Grady,PX_VWA_32_Tub2_Lacerate 25,0,7,alive,,W5-6,#N/A,1,7,VWA,32,PX_VWA,VWA_32_Tub2,VWA_32
2026-03-11,Wed,Grady,P1_VWA_32_Tub3_Lacerate 24,0,7,alive,,W5-6,#N/A,1,7,VWA,32,P1_VWA,VWA_32_Tub3,VWA_32
2026-03-11,Wed,Grady,P1_VWA_32_Tub3_Lacerate 25,0,5,alive,,W5-6,#N/A,1,5,VWA,32,P1_VWA,VWA_32_Tub3,VWA_32
2026-03-11,Wed,Grady,P1_VWA_32_Tub3_Lacerate 26,0,9,alive,,W5-6,#N/A,1,9,VWA,32,P1_VWA,VWA_32_Tub3,VWA_32
2026-03-13,Fri,Aiden,P2_H2_25_Tub1_Lacerate 43,2,6,alive,,W5-6,3,2,3,H2,25,P2_H2,H2_25_Tub1,H2_25
2026-03-13,Fri,Aiden,P3_H2_25_Tub1_Lacerate 44,2,7,alive,,W5-6,3.5,2,3.5,H2,25,P3_H2,H2_25_Tub1,H2_25
2026-03-13,Fri,Aiden,P3_H2_25_Tub1_Lacerate 45,2,0,alive,,W5-6,0,2,0,H2,25,P3_H2,H2_25_Tub1,H2_25
2026-03-13,Fri,Aiden,P3_H2_25_Tub1_Lacerate 46,2,4,alive,,W5-6,2,2,2,H2,25,P3_H2,H2_25_Tub1,H2_25
2026-03-13,Fri,Aiden,P3_H2_25_Tub1_Lacerate 47,2,6,alive,,W5-6,3,2,3,H2,25,P3_H2,H2_25_Tub1,H2_25
2026-03-13,Fri,Aiden,PX_H2_25_Tub1_Lacerate 48,2,6,alive,,W5-6,3,2,3,H2,25,PX_H2,H2_25_Tub1,H2_25
2026-03-13,Fri,Aiden,P1_H2_25_Tub1_Lacerate 49,2,8,alive,,W5-6,4,2,4,H2,25,P1_H2,H2_25_Tub1,H2_25
2026-03-13,Fri,Aiden,P1_H2_25_Tub1_Lacerate 50,2,10,alive,,W5-6,5,2,5,H2,25,P1_H2,H2_25_Tub1,H2_25
2026-03-13,Fri,Aiden,P1_H2_25_Tub1_Lacerate 51,2,5,alive,,W5-6,2.5,2,2.5,H2,25,P1_H2,H2_25_Tub1,H2_25
2026-03-13,Fri,Aiden,P1_H2_25_Tub1_Lacerate 52,2,8,alive,,W5-6,4,2,4,H2,25,P1_H2,H2_25_Tub1,H2_25
2026-03-13,Fri,Aiden,P1_H2_25_Tub1_Lacerate 53,2,4,alive,,W5-6,2,2,2,H2,25,P1_H2,H2_25_Tub1,H2_25
2026-03-13,Fri,Aiden,P1_H2_25_Tub1_Lacerate 54,2,6,alive,,W5-6,3,2,3,H2,25,P1_H2,H2_25_Tub1,H2_25
2026-03-13,Fri,Aiden,P1_H2_25_Tub1_Lacerate 55,2,5,alive,,W5-6,2.5,2,2.5,H2,25,P1_H2,H2_25_Tub1,H2_25
2026-03-13,Fri,Aiden,P2_H2_25_Tub1_Lacerate 56,2,0,alive,,W5-6,0,2,0,H2,25,P2_H2,H2_25_Tub1,H2_25
2026-03-13,Fri,Aiden,P2_H2_25_Tub1_Lacerate 57,0,8,alive,,W5-6,#N/A,1,8,H2,25,P2_H2,H2_25_Tub1,H2_25
2026-03-13,Fri,Aiden,P2_H2_25_Tub1_Lacerate 58,0,8,alive,,W5-6,#N/A,1,8,H2,25,P2_H2,H2_25_Tub1,H2_25
2026-03-13,Fri,Aiden,P3_H2_25_Tub2_Lacerate 30,2,4,alive,,W5-6,2,2,2,H2,25,P3_H2,H2_25_Tub2,H2_25
2026-03-13,Fri,Aiden,P1_H2_25_Tub2_Lacerate 31,0,4,alive,,W5-6,#N/A,1,4,H2,25,P1_H2,H2_25_Tub2,H2_25
2026-03-13,Fri,Aiden,P3_H2_25_Tub2_Lacerate 32,0,3,alive,,W5-6,#N/A,1,3,H2,25,P3_H2,H2_25_Tub2,H2_25
2026-03-13,Fri,Aiden,P3_H2_25_Tub2_Lacerate 33,0,4,alive,,W5-6,#N/A,1,4,H2,25,P3_H2,H2_25_Tub2,H2_25
2026-03-13,Fri,Aiden,P3_H2_25_Tub3_Lacerate 35,2,0,alive,,W5-6,0,2,0,H2,25,P3_H2,H2_25_Tub3,H2_25
2026-03-13,Fri,Aiden,P2_H2_25_Tub3_Lacerate 36,2,0,alive,,W5-6,0,2,0,H2,25,P2_H2,H2_25_Tub3,H2_25
2026-03-13,Fri,Aiden,P3_H2_25_Tub3_Lacerate 37,2,6,alive,,W5-6,3,2,3,H2,25,P3_H2,H2_25_Tub3,H2_25
2026-03-13,Fri,Aiden,P2_H2_25_Tub3_Lacerate 38,2,6,alive,,W5-6,3,2,3,H2,25,P2_H2,H2_25_Tub3,H2_25
2026-03-13,Fri,Aiden,P2_H2_25_Tub3_Lacerate 39,2,0,alive,,W5-6,0,2,0,H2,25,P2_H2,H2_25_Tub3,H2_25
2026-03-13,Fri,Aiden,P1_H2_25_Tub3_Lacerate 40,0,3,alive,,W5-6,#N/A,1,3,H2,25,P1_H2,H2_25_Tub3,H2_25
2026-03-13,Fri,Aiden,PX_H2_25_Tub3_Lacerate 41,0,2,alive,,W5-6,#N/A,1,2,H2,25,PX_H2,H2_25_Tub3,H2_25
2026-03-13,Fri,Aiden,PX_H2_25_Tub3_Lacerate 42,0,4,alive,,W5-6,#N/A,1,4,H2,25,PX_H2,H2_25_Tub3,H2_25
2026-03-13,Fri,Aiden,P2_VWA_25_Tub1_Lacerate 53,2,0,alive,,W5-6,0,2,0,VWA,25,P2_VWA,VWA_25_Tub1,VWA_25
2026-03-13,Fri,Aiden,P3_VWA_25_Tub1_Lacerate 54,2,6,alive,,W5-6,3,2,3,VWA,25,P3_VWA,VWA_25_Tub1,VWA_25
2026-03-13,Fri,Aiden,P3_VWA_25_Tub1_Lacerate 55,2,0,alive,,W5-6,0,2,0,VWA,25,P3_VWA,VWA_25_Tub1,VWA_25
2026-03-13,Fri,Aiden,P1_VWA_25_Tub1_Lacerate 56,2,0,alive,,W5-6,0,2,0,VWA,25,P1_VWA,VWA_25_Tub1,VWA_25
2026-03-13,Fri,Aiden,P1_VWA_25_Tub1_Lacerate 57,2,0,alive,,W5-6,0,2,0,VWA,25,P1_VWA,VWA_25_Tub1,VWA_25
2026-03-13,Fri,Aiden,P1_VWA_25_Tub1_Lacerate 58,2,0,alive,,W5-6,0,2,0,VWA,25,P1_VWA,VWA_25_Tub1,VWA_25
2026-03-13,Fri,Aiden,P1_VWA_25_Tub1_Lacerate 59,2,0,alive,,W5-6,0,2,0,VWA,25,P1_VWA,VWA_25_Tub1,VWA_25
2026-03-13,Fri,Aiden,P1_VWA_25_Tub1_Lacerate 60,2,0,alive,,W5-6,0,2,0,VWA,25,P1_VWA,VWA_25_Tub1,VWA_25
2026-03-13,Fri,Aiden,P1_VWA_25_Tub1_Lacerate 61,2,0,alive,,W5-6,0,2,0,VWA,25,P1_VWA,VWA_25_Tub1,VWA_25
2026-03-13,Fri,Aiden,P1_VWA_25_Tub1_Lacerate 62,2,0,alive,,W5-6,0,2,0,VWA,25,P1_VWA,VWA_25_Tub1,VWA_25
2026-03-13,Fri,Aiden,P1_VWA_25_Tub1_Lacerate 63,2,0,alive,,W5-6,0,2,0,VWA,25,P1_VWA,VWA_25_Tub1,VWA_25
2026-03-13,Fri,Aiden,P1_VWA_25_Tub1_Lacerate 64,2,7,alive,,W5-6,3.5,2,3.5,VWA,25,P1_VWA,VWA_25_Tub1,VWA_25
2026-03-13,Fri,Aiden,P1_VWA_25_Tub1_Lacerate 65,0,0,alive,,W5-6,#N/A,1,0,VWA,25,P1_VWA,VWA_25_Tub1,VWA_25
2026-03-13,Fri,Aiden,P3_VWA_25_Tub1_Lacerate 66,0,0,alive,,W5-6,#N/A,1,0,VWA,25,P3_VWA,VWA_25_Tub1,VWA_25
2026-03-13,Fri,Aiden,P1_VWA_25_Tub1_Lacerate 67,0,0,alive,,W5-6,#N/A,1,0,VWA,25,P1_VWA,VWA_25_Tub1,VWA_25
2026-03-13,Fri,Aiden,P3_VWA_25_Tub2_Lacerate 28,2,4,alive,,W5-6,2,2,2,VWA,25,P3_VWA,VWA_25_Tub2,VWA_25
2026-03-13,Fri,Aiden,P2_VWA_25_Tub2_Lacerate 29,0,6,alive,,W5-6,#N/A,1,6,VWA,25,P2_VWA,VWA_25_Tub2,VWA_25
2026-03-13,Fri,Aiden,P2_VWA_25_Tub2_Lacerate 30,0,4,alive,,W5-6,#N/A,1,4,VWA,25,P2_VWA,VWA_25_Tub2,VWA_25
2026-03-13,Fri,Aiden,P2_VWA_25_Tub2_Lacerate 31,0,6,alive,,W5-6,#N/A,1,6,VWA,25,P2_VWA,VWA_25_Tub2,VWA_25
2026-03-13,Fri,Aiden,P2_VWA_25_Tub2_Lacerate 32,0,6,alive,,W5-6,#N/A,1,6,VWA,25,P2_VWA,VWA_25_Tub2,VWA_25
2026-03-13,Fri,Aiden,P1_VWA_25_Tub2_Lacerate 33,0,7,alive,,W5-6,#N/A,1,7,VWA,25,P1_VWA,VWA_25_Tub2,VWA_25
2026-03-13,Fri,Aiden,P1_VWA_25_Tub2_Lacerate 34,0,2,alive,,W5-6,#N/A,1,2,VWA,25,P1_VWA,VWA_25_Tub2,VWA_25
2026-03-13,Fri,Aiden,P1_VWA_25_Tub2_Lacerate 35,0,4,alive,,W5-6,#N/A,1,4,VWA,25,P1_VWA,VWA_25_Tub2,VWA_25
2026-03-13,Fri,Aiden,P2_VWA_25_Tub3_Lacerate 40,2,0,alive,,W5-6,0,2,0,VWA,25,P2_VWA,VWA_25_Tub3,VWA_25
2026-03-13,Fri,Aiden,P3_VWA_25_Tub3_Lacerate 41,2,0,alive,,W5-6,0,2,0,VWA,25,P3_VWA,VWA_25_Tub3,VWA_25
2026-03-13,Fri,Aiden,P3_VWA_25_Tub3_Lacerate 42,2,4,alive,,W5-6,2,2,2,VWA,25,P3_VWA,VWA_25_Tub3,VWA_25
2026-03-13,Fri,Aiden,P3_VWA_25_Tub3_Lacerate 43,2,0,alive,,W5-6,0,2,0,VWA,25,P3_VWA,VWA_25_Tub3,VWA_25
2026-03-13,Fri,Aiden,P3_VWA_25_Tub3_Lacerate 44,2,0,alive,,W5-6,0,2,0,VWA,25,P3_VWA,VWA_25_Tub3,VWA_25
2026-03-13,Fri,Aiden,P3_VWA_25_Tub3_Lacerate 45,2,3,alive,,W5-6,1.5,2,1.5,VWA,25,P3_VWA,VWA_25_Tub3,VWA_25
2026-03-13,Fri,Aiden,PX_VWA_25_Tub3_Lacerate 46,2,0,alive,,W5-6,0,2,0,VWA,25,PX_VWA,VWA_25_Tub3,VWA_25
2026-03-13,Fri,Aiden,P1_VWA_25_Tub3_Lacerate 47,0,3,alive,,W5-6,#N/A,1,3,VWA,25,P1_VWA,VWA_25_Tub3,VWA_25
2026-03-13,Fri,Aiden,P1_H2_32_Tub1_Lacerate 52,2,1,alive,,W5-6,0.5,2,0.5,H2,32,P1_H2,H2_32_Tub1,H2_32
2026-03-13,Fri,Aiden,P1_H2_32_Tub1_Lacerate 53,2,0,alive,,W5-6,0,2,0,H2,32,P1_H2,H2_32_Tub1,H2_32
2026-03-13,Fri,Aiden,P1_H2_32_Tub1_Lacerate 54,2,6,alive,,W5-6,3,2,3,H2,32,P1_H2,H2_32_Tub1,H2_32
2026-03-13,Fri,Aiden,PX_H2_32_Tub1_Lacerate 55,2,6,alive,,W5-6,3,2,3,H2,32,PX_H2,H2_32_Tub1,H2_32
2026-03-13,Fri,Aiden,P1_H2_32_Tub2_Lacerate 71,2,0,alive,,W5-6,0,2,0,H2,32,P1_H2,H2_32_Tub2,H2_32
2026-03-13,Fri,Aiden,P1_H2_32_Tub2_Lacerate 72,2,0,alive,,W5-6,0,2,0,H2,32,P1_H2,H2_32_Tub2,H2_32
2026-03-13,Fri,Aiden,P1_H2_32_Tub2_Lacerate 73,2,0,alive,,W5-6,0,2,0,H2,32,P1_H2,H2_32_Tub2,H2_32
2026-03-13,Fri,Aiden,P1_H2_32_Tub2_Lacerate 74,2,6,alive,,W5-6,3,2,3,H2,32,P1_H2,H2_32_Tub2,H2_32
2026-03-13,Fri,Aiden,P1_H2_32_Tub3_Lacerate 42,2,0,alive,,W5-6,0,2,0,H2,32,P1_H2,H2_32_Tub3,H2_32
2026-03-13,Fri,Aiden,P1_H2_32_Tub3_Lacerate 43,2,0,alive,,W5-6,0,2,0,H2,32,P1_H2,H2_32_Tub3,H2_32
2026-03-13,Fri,Aiden,P1_H2_32_Tub3_Lacerate 44,2,0,alive,,W5-6,0,2,0,H2,32,P1_H2,H2_32_Tub3,H2_32
2026-03-13,Fri,Aiden,P2_H2_32_Tub3_Lacerate 45,2,6,alive,,W5-6,3,2,3,H2,32,P2_H2,H2_32_Tub3,H2_32
2026-03-13,Fri,Aiden,P2_H2_32_Tub3_Lacerate 46,2,0,alive,,W5-6,0,2,0,H2,32,P2_H2,H2_32_Tub3,H2_32
2026-03-13,Fri,Aiden,P2_H2_32_Tub3_Lacerate 47,2,0,alive,,W5-6,0,2,0,H2,32,P2_H2,H2_32_Tub3,H2_32
2026-03-13,Fri,Aiden,P2_H2_32_Tub3_Lacerate 48,2,0,alive,,W5-6,0,2,0,H2,32,P2_H2,H2_32_Tub3,H2_32
2026-03-13,Fri,Aiden,P3_H2_32_Tub3_Lacerate 49,0,0,alive,,W5-6,#N/A,1,0,H2,32,P3_H2,H2_32_Tub3,H2_32
2026-03-13,Fri,Aiden,P3_H2_32_Tub3_Lacerate 50,0,0,alive,,W5-6,#N/A,1,0,H2,32,P3_H2,H2_32_Tub3,H2_32
2026-03-13,Fri,Aiden,P3_H2_32_Tub3_Lacerate 51,0,0,alive,,W5-6,#N/A,1,0,H2,32,P3_H2,H2_32_Tub3,H2_32
2026-03-13,Fri,Aiden,P3_H2_32_Tub3_Lacerate 52,0,0,alive,,W5-6,#N/A,1,0,H2,32,P3_H2,H2_32_Tub3,H2_32
2026-03-13,Fri,Aiden,P3_H2_32_Tub3_Lacerate 53,0,0,alive,,W5-6,#N/A,1,0,H2,32,P3_H2,H2_32_Tub3,H2_32
2026-03-13,Fri,Aiden,P3_H2_32_Tub3_Lacerate 54,0,0,alive,,W5-6,#N/A,1,0,H2,32,P3_H2,H2_32_Tub3,H2_32
2026-03-13,Fri,Aiden,P1_VWA_32_Tub1_Lacerate 52,2,0,alive,,W5-6,0,2,0,VWA,32,P1_VWA,VWA_32_Tub1,VWA_32
2026-03-13,Fri,Aiden,P1_VWA_32_Tub1_Lacerate 53,2,0,alive,,W5-6,0,2,0,VWA,32,P1_VWA,VWA_32_Tub1,VWA_32
2026-03-13,Fri,Aiden,P1_VWA_32_Tub1_Lacerate 54,2,0,alive,,W5-6,0,2,0,VWA,32,P1_VWA,VWA_32_Tub1,VWA_32
2026-03-13,Fri,Aiden,P1_VWA_32_Tub1_Lacerate 55,2,0,alive,,W5-6,0,2,0,VWA,32,P1_VWA,VWA_32_Tub1,VWA_32
2026-03-13,Fri,Aiden,P3_VWA_32_Tub1_Lacerate 56,2,0,alive,,W5-6,0,2,0,VWA,32,P3_VWA,VWA_32_Tub1,VWA_32
2026-03-13,Fri,Aiden,P3_VWA_32_Tub1_Lacerate 57,2,0,alive,,W5-6,0,2,0,VWA,32,P3_VWA,VWA_32_Tub1,VWA_32
2026-03-13,Fri,Aiden,P1_VWA_32_Tub1_Lacerate 58,2,8,alive,,W5-6,4,2,4,VWA,32,P1_VWA,VWA_32_Tub1,VWA_32
2026-03-13,Fri,Aiden,P2_VWA_32_Tub1_Lacerate 59,0,0,alive,,W5-6,#N/A,1,0,VWA,32,P2_VWA,VWA_32_Tub1,VWA_32
2026-03-13,Fri,Aiden,P2_VWA_32_Tub1_Lacerate 60,0,0,alive,,W5-6,#N/A,1,0,VWA,32,P2_VWA,VWA_32_Tub1,VWA_32
2026-03-13,Fri,Aiden,P1_VWA_32_Tub2_Lacerate 20,2,0,alive,,W5-6,0,2,0,VWA,32,P1_VWA,VWA_32_Tub2,VWA_32
2026-03-13,Fri,Aiden,P1_VWA_32_Tub2_Lacerate 21,2,0,alive,,W5-6,0,2,0,VWA,32,P1_VWA,VWA_32_Tub2,VWA_32
2026-03-13,Fri,Aiden,P1_VWA_32_Tub2_Lacerate 22,2,0,alive,,W5-6,0,2,0,VWA,32,P1_VWA,VWA_32_Tub2,VWA_32
2026-03-13,Fri,Aiden,P3_VWA_32_Tub2_Lacerate 23,2,0,alive,,W5-6,0,2,0,VWA,32,P3_VWA,VWA_32_Tub2,VWA_32
2026-03-13,Fri,Aiden,P3_VWA_32_Tub2_Lacerate 24,2,0,alive,,W5-6,0,2,0,VWA,32,P3_VWA,VWA_32_Tub2,VWA_32
2026-03-13,Fri,Aiden,PX_VWA_32_Tub2_Lacerate 25,2,8,alive,,W5-6,4,2,4,VWA,32,PX_VWA,VWA_32_Tub2,VWA_32
2026-03-13,Fri,Aiden,P2_VWA_32_Tub2_Lacerate 26,0,0,alive,,W5-6,#N/A,1,0,VWA,32,P2_VWA,VWA_32_Tub2,VWA_32
2026-03-13,Fri,Aiden,P2_VWA_32_Tub2_Lacerate 27,0,0,alive,,W5-6,#N/A,1,0,VWA,32,P2_VWA,VWA_32_Tub2,VWA_32
2026-03-13,Fri,Aiden,P2_VWA_32_Tub2_Lacerate 28,0,0,alive,,W5-6,#N/A,1,0,VWA,32,P2_VWA,VWA_32_Tub2,VWA_32
2026-03-13,Fri,Aiden,P2_VWA_32_Tub2_Lacerate 29,0,0,alive,,W5-6,#N/A,1,0,VWA,32,P2_VWA,VWA_32_Tub2,VWA_32
2026-03-13,Fri,Aiden,P2_VWA_32_Tub2_Lacerate 30,0,0,alive,,W5-6,#N/A,1,0,VWA,32,P2_VWA,VWA_32_Tub2,VWA_32
2026-03-13,Fri,Aiden,P1_VWA_32_Tub3_Lacerate 24,2,8,alive,,W5-6,4,2,4,VWA,32,P1_VWA,VWA_32_Tub3,VWA_32
2026-03-13,Fri,Aiden,P1_VWA_32_Tub3_Lacerate 25,2,6,alive,,W5-6,3,2,3,VWA,32,P1_VWA,VWA_32_Tub3,VWA_32
2026-03-13,Fri,Aiden,P1_VWA_32_Tub3_Lacerate 26,2,9,alive,,W5-6,4.5,2,4.5,VWA,32,P1_VWA,VWA_32_Tub3,VWA_32
2026-03-13,Fri,Aiden,PX_VWA_32_Tub3_Lacerate 27,0,0,alive,,W5-6,#N/A,1,0,VWA,32,PX_VWA,VWA_32_Tub3,VWA_32
2026-03-16,Mon,Grady,P2_H2_25_Tub1_Lacerate 43,5,0,alive,,W5-6,0,5,0,H2,25,P2_H2,H2_25_Tub1,H2_25
2026-03-16,Mon,Grady,P3_H2_25_Tub1_Lacerate 44,5,10,alive,,W5-6,2,5,2,H2,25,P3_H2,H2_25_Tub1,H2_25
2026-03-16,Mon,Grady,P3_H2_25_Tub1_Lacerate 45,5,9,alive,,W5-6,1.8,5,1.8,H2,25,P3_H2,H2_25_Tub1,H2_25
2026-03-16,Mon,Grady,P3_H2_25_Tub1_Lacerate 46,5,7,alive,,W5-6,1.4,5,1.4,H2,25,P3_H2,H2_25_Tub1,H2_25
2026-03-16,Mon,Grady,P3_H2_25_Tub1_Lacerate 47,5,2,alive,,W5-6,0.4,5,0.4,H2,25,P3_H2,H2_25_Tub1,H2_25
2026-03-16,Mon,Grady,PX_H2_25_Tub1_Lacerate 48,5,11,alive,,W5-6,2.2,5,2.2,H2,25,PX_H2,H2_25_Tub1,H2_25
2026-03-16,Mon,Grady,P1_H2_25_Tub1_Lacerate 49,5,9,alive,,W5-6,1.8,5,1.8,H2,25,P1_H2,H2_25_Tub1,H2_25
2026-03-16,Mon,Grady,P1_H2_25_Tub1_Lacerate 50,5,9,alive,,W5-6,1.8,5,1.8,H2,25,P1_H2,H2_25_Tub1,H2_25
2026-03-16,Mon,Grady,P1_H2_25_Tub1_Lacerate 51,5,10,alive,,W5-6,2,5,2,H2,25,P1_H2,H2_25_Tub1,H2_25
2026-03-16,Mon,Grady,P1_H2_25_Tub1_Lacerate 52,5,9,alive,,W5-6,1.8,5,1.8,H2,25,P1_H2,H2_25_Tub1,H2_25
2026-03-16,Mon,Grady,P1_H2_25_Tub1_Lacerate 53,5,8,alive,,W5-6,1.6,5,1.6,H2,25,P1_H2,H2_25_Tub1,H2_25
2026-03-16,Mon,Grady,P1_H2_25_Tub1_Lacerate 54,5,9,alive,,W5-6,1.8,5,1.8,H2,25,P1_H2,H2_25_Tub1,H2_25
2026-03-16,Mon,Grady,P1_H2_25_Tub1_Lacerate 55,5,11,alive,,W5-6,2.2,5,2.2,H2,25,P1_H2,H2_25_Tub1,H2_25
2026-03-16,Mon,Grady,P2_H2_25_Tub1_Lacerate 56,5,7,alive,,W5-6,1.4,5,1.4,H2,25,P2_H2,H2_25_Tub1,H2_25
2026-03-16,Mon,Grady,P2_H2_25_Tub1_Lacerate 57,3,0,alive,,W5-6,0,3,0,H2,25,P2_H2,H2_25_Tub1,H2_25
2026-03-16,Mon,Grady,P2_H2_25_Tub1_Lacerate 58,3,8,alive,,W5-6,2.666666667,3,2.666666667,H2,25,P2_H2,H2_25_Tub1,H2_25
2026-03-16,Mon,Grady,P3_H2_25_Tub1_Lacerate 59,0,12,alive,,W5-6,#N/A,1.5,8,H2,25,P3_H2,H2_25_Tub1,H2_25
2026-03-16,Mon,Grady,P3_H2_25_Tub1_Lacerate 60,0,0,alive,,W5-6,#N/A,1.5,0,H2,25,P3_H2,H2_25_Tub1,H2_25
2026-03-16,Mon,Grady,P3_H2_25_Tub1_Lacerate 61,0,3,alive,,W5-6,#N/A,1.5,2,H2,25,P3_H2,H2_25_Tub1,H2_25
2026-03-16,Mon,Grady,P3_H2_25_Tub1_Lacerate 62,0,0,alive,,W5-6,#N/A,1.5,0,H2,25,P3_H2,H2_25_Tub1,H2_25
2026-03-16,Mon,Grady,P3_H2_25_Tub1_Lacerate 63,0,0,alive,,W5-6,#N/A,1.5,0,H2,25,P3_H2,H2_25_Tub1,H2_25
2026-03-16,Mon,Grady,P2_H2_25_Tub1_Lacerate 64,0,4,alive,,W5-6,#N/A,1.5,2.666666667,H2,25,P2_H2,H2_25_Tub1,H2_25
2026-03-16,Mon,Grady,PX_H2_25_Tub1_Lacerate 65,0,7,alive,,W5-6,#N/A,1.5,4.666666667,H2,25,PX_H2,H2_25_Tub1,H2_25
2026-03-16,Mon,Grady,PX_H2_25_Tub1_Lacerate 66,0,10,alive,,W5-6,#N/A,1.5,6.666666667,H2,25,PX_H2,H2_25_Tub1,H2_25
2026-03-16,Mon,Grady,PX_H2_25_Tub1_Lacerate 67,0,13,alive,,W5-6,#N/A,1.5,8.666666667,H2,25,PX_H2,H2_25_Tub1,H2_25
2026-03-16,Mon,Grady,PX_H2_25_Tub1_Lacerate 68,0,8,alive,,W5-6,#N/A,1.5,5.333333333,H2,25,PX_H2,H2_25_Tub1,H2_25
2026-03-16,Mon,Grady,PX_H2_25_Tub1_Lacerate 69,0,5,alive,,W5-6,#N/A,1.5,3.333333333,H2,25,PX_H2,H2_25_Tub1,H2_25
2026-03-16,Mon,Grady,PX_H2_25_Tub1_Lacerate 70,0,7,alive,,W5-6,#N/A,1.5,4.666666667,H2,25,PX_H2,H2_25_Tub1,H2_25
2026-03-16,Mon,Grady,PX_H2_25_Tub1_Lacerate 71,0,4,alive,,W5-6,#N/A,1.5,2.666666667,H2,25,PX_H2,H2_25_Tub1,H2_25
2026-03-16,Mon,Grady,PX_H2_25_Tub1_Lacerate 72,0,8,alive,,W5-6,#N/A,1.5,5.333333333,H2,25,PX_H2,H2_25_Tub1,H2_25
2026-03-16,Mon,Grady,PX_H2_25_Tub1_Lacerate 73,0,9,alive,,W5-6,#N/A,1.5,6,H2,25,PX_H2,H2_25_Tub1,H2_25
2026-03-16,Mon,Grady,PX_H2_25_Tub1_Lacerate 74,0,8,alive,,W5-6,#N/A,1.5,5.333333333,H2,25,PX_H2,H2_25_Tub1,H2_25
2026-03-16,Mon,Grady,PX_H2_25_Tub1_Lacerate 75,0,10,alive,,W5-6,#N/A,1.5,6.666666667,H2,25,PX_H2,H2_25_Tub1,H2_25
2026-03-16,Mon,Grady,PX_H2_25_Tub1_Lacerate 76,0,5,alive,,W5-6,#N/A,1.5,3.333333333,H2,25,PX_H2,H2_25_Tub1,H2_25
2026-03-16,Mon,Grady,PX_H2_25_Tub1_Lacerate 77,0,8,alive,,W5-6,#N/A,1.5,5.333333333,H2,25,PX_H2,H2_25_Tub1,H2_25
2026-03-16,Mon,Grady,PX_H2_25_Tub1_Lacerate 78,0,10,alive,,W5-6,#N/A,1.5,6.666666667,H2,25,PX_H2,H2_25_Tub1,H2_25
2026-03-16,Mon,Grady,PX_H2_25_Tub1_Lacerate 79,0,9,alive,,W5-6,#N/A,1.5,6,H2,25,PX_H2,H2_25_Tub1,H2_25
2026-03-16,Mon,Grady,PX_H2_25_Tub1_Lacerate 80,0,10,alive,,W5-6,#N/A,1.5,6.666666667,H2,25,PX_H2,H2_25_Tub1,H2_25
2026-03-16,Mon,Grady,P3_H2_25_Tub2_Lacerate 30,5,5,alive,,W5-6,1,5,1,H2,25,P3_H2,H2_25_Tub2,H2_25
2026-03-16,Mon,Grady,P1_H2_25_Tub2_Lacerate 31,3,17,alive,,W5-6,5.666666667,3,5.666666667,H2,25,P1_H2,H2_25_Tub2,H2_25
2026-03-16,Mon,Grady,P3_H2_25_Tub2_Lacerate 32,3,12,alive,,W5-6,4,3,4,H2,25,P3_H2,H2_25_Tub2,H2_25
2026-03-16,Mon,Grady,P3_H2_25_Tub2_Lacerate 33,3,5,alive,,W5-6,1.666666667,3,1.666666667,H2,25,P3_H2,H2_25_Tub2,H2_25
2026-03-16,Mon,Grady,PX_H2_25_Tub2_Lacerate 34,0,7,alive,,W5-6,#N/A,1.5,4.666666667,H2,25,PX_H2,H2_25_Tub2,H2_25
2026-03-16,Mon,Grady,PX_H2_25_Tub2_Lacerate 35,0,7,alive,,W5-6,#N/A,1.5,4.666666667,H2,25,PX_H2,H2_25_Tub2,H2_25
2026-03-16,Mon,Grady,P2_H2_25_Tub2_Lacerate 36,0,6,alive,,W5-6,#N/A,1.5,4,H2,25,P2_H2,H2_25_Tub2,H2_25
2026-03-16,Mon,Grady,PX_H2_25_Tub2_Lacerate 37,0,7,alive,,W5-6,#N/A,1.5,4.666666667,H2,25,PX_H2,H2_25_Tub2,H2_25
2026-03-16,Mon,Grady,PX_H2_25_Tub2_Lacerate 38,0,8,alive,,W5-6,#N/A,1.5,5.333333333,H2,25,PX_H2,H2_25_Tub2,H2_25
2026-03-16,Mon,Grady,P1_H2_25_Tub2_Lacerate 39,0,6,alive,,W5-6,#N/A,1.5,4,H2,25,P1_H2,H2_25_Tub2,H2_25
2026-03-16,Mon,Grady,P1_H2_25_Tub2_Lacerate 40,0,11,alive,,W5-6,#N/A,1.5,7.333333333,H2,25,P1_H2,H2_25_Tub2,H2_25
2026-03-16,Mon,Grady,P1_H2_25_Tub2_Lacerate 41,0,12,alive,,W5-6,#N/A,1.5,8,H2,25,P1_H2,H2_25_Tub2,H2_25
2026-03-16,Mon,Grady,P1_H2_25_Tub2_Lacerate 42,0,6,alive,,W5-6,#N/A,1.5,4,H2,25,P1_H2,H2_25_Tub2,H2_25
2026-03-16,Mon,Grady,P1_H2_25_Tub2_Lacerate 43,0,7,alive,,W5-6,#N/A,1.5,4.666666667,H2,25,P1_H2,H2_25_Tub2,H2_25
2026-03-16,Mon,Grady,P1_H2_25_Tub2_Lacerate 44,0,12,alive,,W5-6,#N/A,1.5,8,H2,25,P1_H2,H2_25_Tub2,H2_25
2026-03-16,Mon,Grady,P1_H2_25_Tub2_Lacerate 45,0,10,alive,,W5-6,#N/A,1.5,6.666666667,H2,25,P1_H2,H2_25_Tub2,H2_25
2026-03-16,Mon,Grady,P3_H2_25_Tub2_Lacerate 46,0,6,alive,,W5-6,#N/A,1.5,4,H2,25,P3_H2,H2_25_Tub2,H2_25
2026-03-16,Mon,Grady,P3_H2_25_Tub2_Lacerate 47,0,15,alive,,W5-6,#N/A,1.5,10,H2,25,P3_H2,H2_25_Tub2,H2_25
2026-03-16,Mon,Grady,PX_H2_25_Tub2_Lacerate 48,0,5,alive,,W5-6,#N/A,1.5,3.333333333,H2,25,PX_H2,H2_25_Tub2,H2_25
2026-03-16,Mon,Grady,PX_H2_25_Tub2_Lacerate 49,0,11,alive,,W5-6,#N/A,1.5,7.333333333,H2,25,PX_H2,H2_25_Tub2,H2_25
2026-03-16,Mon,Grady,P3_H2_25_Tub3_Lacerate 35,5,6,alive,,W5-6,1.2,5,1.2,H2,25,P3_H2,H2_25_Tub3,H2_25
2026-03-16,Mon,Grady,P2_H2_25_Tub3_Lacerate 36,5,,missing,,W5-6,0,5,0,H2,25,P2_H2,H2_25_Tub3,H2_25
2026-03-16,Mon,Grady,P3_H2_25_Tub3_Lacerate 37,5,7,alive,,W5-6,1.4,5,1.4,H2,25,P3_H2,H2_25_Tub3,H2_25
2026-03-16,Mon,Grady,P2_H2_25_Tub3_Lacerate 38,5,6,alive,,W5-6,1.2,5,1.2,H2,25,P2_H2,H2_25_Tub3,H2_25
2026-03-16,Mon,Grady,P2_H2_25_Tub3_Lacerate 39,5,9,alive,,W5-6,1.8,5,1.8,H2,25,P2_H2,H2_25_Tub3,H2_25
2026-03-16,Mon,Grady,P1_H2_25_Tub3_Lacerate 40,3,0,alive,,W5-6,0,3,0,H2,25,P1_H2,H2_25_Tub3,H2_25
2026-03-16,Mon,Grady,PX_H2_25_Tub3_Lacerate 41,3,9,alive,,W5-6,3,3,3,H2,25,PX_H2,H2_25_Tub3,H2_25
2026-03-16,Mon,Grady,PX_H2_25_Tub3_Lacerate 42,3,7,alive,,W5-6,2.333333333,3,2.333333333,H2,25,PX_H2,H2_25_Tub3,H2_25
2026-03-16,Mon,Grady,P3_H2_25_Tub3_Lacerate 43,0,7,alive,,W5-6,#N/A,1.5,4.666666667,H2,25,P3_H2,H2_25_Tub3,H2_25
2026-03-16,Mon,Grady,P3_H2_25_Tub3_Lacerate 44,0,8,alive,,W5-6,#N/A,1.5,5.333333333,H2,25,P3_H2,H2_25_Tub3,H2_25
2026-03-16,Mon,Grady,PX_H2_25_Tub3_Lacerate 45,0,10,alive,,W5-6,#N/A,1.5,6.666666667,H2,25,PX_H2,H2_25_Tub3,H2_25
2026-03-16,Mon,Grady,PX_H2_25_Tub3_Lacerate 46,0,7,alive,,W5-6,#N/A,1.5,4.666666667,H2,25,PX_H2,H2_25_Tub3,H2_25
2026-03-16,Mon,Grady,PX_H2_25_Tub3_Lacerate 47,0,7,alive,,W5-6,#N/A,1.5,4.666666667,H2,25,PX_H2,H2_25_Tub3,H2_25
2026-03-16,Mon,Grady,P1_H2_25_Tub3_Lacerate 48,0,6,alive,,W5-6,#N/A,1.5,4,H2,25,P1_H2,H2_25_Tub3,H2_25
2026-03-16,Mon,Grady,PX_H2_25_Tub3_Lacerate 49,0,6,alive,,W5-6,#N/A,1.5,4,H2,25,PX_H2,H2_25_Tub3,H2_25
2026-03-16,Mon,Grady,PX_H2_25_Tub3_Lacerate 50,0,11,alive,,W5-6,#N/A,1.5,7.333333333,H2,25,PX_H2,H2_25_Tub3,H2_25
2026-03-16,Mon,Grady,P2_VWA_25_Tub1_Lacerate 53,5,6,alive,,W5-6,1.2,5,1.2,VWA,25,P2_VWA,VWA_25_Tub1,VWA_25
2026-03-16,Mon,Grady,P3_VWA_25_Tub1_Lacerate 54,5,5,alive,,W5-6,1,5,1,VWA,25,P3_VWA,VWA_25_Tub1,VWA_25
2026-03-16,Mon,Grady,P3_VWA_25_Tub1_Lacerate 55,5,11,alive,,W5-6,2.2,5,2.2,VWA,25,P3_VWA,VWA_25_Tub1,VWA_25
2026-03-16,Mon,Grady,P1_VWA_25_Tub1_Lacerate 56,5,0,alive,,W5-6,0,5,0,VWA,25,P1_VWA,VWA_25_Tub1,VWA_25
2026-03-16,Mon,Grady,P1_VWA_25_Tub1_Lacerate 57,5,0,alive,,W5-6,0,5,0,VWA,25,P1_VWA,VWA_25_Tub1,VWA_25
2026-03-16,Mon,Grady,P1_VWA_25_Tub1_Lacerate 58,5,0,alive,,W5-6,0,5,0,VWA,25,P1_VWA,VWA_25_Tub1,VWA_25
2026-03-16,Mon,Grady,P1_VWA_25_Tub1_Lacerate 59,5,0,alive,,W5-6,0,5,0,VWA,25,P1_VWA,VWA_25_Tub1,VWA_25
2026-03-16,Mon,Grady,P1_VWA_25_Tub1_Lacerate 60,5,0,alive,,W5-6,0,5,0,VWA,25,P1_VWA,VWA_25_Tub1,VWA_25
2026-03-16,Mon,Grady,P1_VWA_25_Tub1_Lacerate 61,5,0,alive,,W5-6,0,5,0,VWA,25,P1_VWA,VWA_25_Tub1,VWA_25
2026-03-16,Mon,Grady,P1_VWA_25_Tub1_Lacerate 62,5,0,alive,,W5-6,0,5,0,VWA,25,P1_VWA,VWA_25_Tub1,VWA_25
2026-03-16,Mon,Grady,P1_VWA_25_Tub1_Lacerate 63,5,0,alive,,W5-6,0,5,0,VWA,25,P1_VWA,VWA_25_Tub1,VWA_25
2026-03-16,Mon,Grady,P1_VWA_25_Tub1_Lacerate 64,5,5,alive,,W5-6,1,5,1,VWA,25,P1_VWA,VWA_25_Tub1,VWA_25
2026-03-16,Mon,Grady,P1_VWA_25_Tub1_Lacerate 65,3,0,alive,,W5-6,0,3,0,VWA,25,P1_VWA,VWA_25_Tub1,VWA_25
2026-03-16,Mon,Grady,P3_VWA_25_Tub1_Lacerate 66,3,13,alive,,W5-6,4.333333333,3,4.333333333,VWA,25,P3_VWA,VWA_25_Tub1,VWA_25
2026-03-16,Mon,Grady,P1_VWA_25_Tub1_Lacerate 67,3,0,alive,,W5-6,0,3,0,VWA,25,P1_VWA,VWA_25_Tub1,VWA_25
2026-03-16,Mon,Grady,P2_VWA_25_Tub1_Lacerate 68,0,0,alive,,W5-6,#N/A,1.5,0,VWA,25,P2_VWA,VWA_25_Tub1,VWA_25
2026-03-16,Mon,Grady,P2_VWA_25_Tub1_Lacerate 69,0,0,alive,,W5-6,#N/A,1.5,0,VWA,25,P2_VWA,VWA_25_Tub1,VWA_25
2026-03-16,Mon,Grady,P2_VWA_25_Tub1_Lacerate 70,0,0,alive,,W5-6,#N/A,1.5,0,VWA,25,P2_VWA,VWA_25_Tub1,VWA_25
2026-03-16,Mon,Grady,P2_VWA_25_Tub1_Lacerate 71,0,0,alive,,W5-6,#N/A,1.5,0,VWA,25,P2_VWA,VWA_25_Tub1,VWA_25
2026-03-16,Mon,Grady,P3_VWA_25_Tub2_Lacerate 28,5,7,alive,,W5-6,1.4,5,1.4,VWA,25,P3_VWA,VWA_25_Tub2,VWA_25
2026-03-16,Mon,Grady,P2_VWA_25_Tub2_Lacerate 29,3,10,alive,,W5-6,3.333333333,3,3.333333333,VWA,25,P2_VWA,VWA_25_Tub2,VWA_25
2026-03-16,Mon,Grady,P2_VWA_25_Tub2_Lacerate 30,3,9,alive,,W5-6,3,3,3,VWA,25,P2_VWA,VWA_25_Tub2,VWA_25
2026-03-16,Mon,Grady,P2_VWA_25_Tub2_Lacerate 31,3,8,alive,,W5-6,2.666666667,3,2.666666667,VWA,25,P2_VWA,VWA_25_Tub2,VWA_25
2026-03-16,Mon,Grady,P2_VWA_25_Tub2_Lacerate 32,3,12,alive,,W5-6,4,3,4,VWA,25,P2_VWA,VWA_25_Tub2,VWA_25
2026-03-16,Mon,Grady,P1_VWA_25_Tub2_Lacerate 33,3,0,alive,,W5-6,0,3,0,VWA,25,P1_VWA,VWA_25_Tub2,VWA_25
2026-03-16,Mon,Grady,P1_VWA_25_Tub2_Lacerate 34,3,5,alive,,W5-6,1.666666667,3,1.666666667,VWA,25,P1_VWA,VWA_25_Tub2,VWA_25
2026-03-16,Mon,Grady,P1_VWA_25_Tub2_Lacerate 35,3,10,alive,,W5-6,3.333333333,3,3.333333333,VWA,25,P1_VWA,VWA_25_Tub2,VWA_25
2026-03-16,Mon,Grady,P1_VWA_25_Tub2_Lacerate 36,0,0,alive,,W5-6,#N/A,1.5,0,VWA,25,P1_VWA,VWA_25_Tub2,VWA_25
2026-03-16,Mon,Grady,P1_VWA_25_Tub2_Lacerate 37,0,0,alive,,W5-6,#N/A,1.5,0,VWA,25,P1_VWA,VWA_25_Tub2,VWA_25
2026-03-16,Mon,Grady,P1_VWA_25_Tub2_Lacerate 38,0,0,alive,,W5-6,#N/A,1.5,0,VWA,25,P1_VWA,VWA_25_Tub2,VWA_25
2026-03-16,Mon,Grady,P1_VWA_25_Tub2_Lacerate 39,0,12,alive,,W5-6,#N/A,1.5,8,VWA,25,P1_VWA,VWA_25_Tub2,VWA_25
2026-03-16,Mon,Grady,P2_VWA_25_Tub2_Lacerate 40,0,6,alive,,W5-6,#N/A,1.5,4,VWA,25,P2_VWA,VWA_25_Tub2,VWA_25
2026-03-16,Mon,Grady,P2_VWA_25_Tub2_Lacerate 41,0,7,alive,,W5-6,#N/A,1.5,4.666666667,VWA,25,P2_VWA,VWA_25_Tub2,VWA_25
2026-03-16,Mon,Grady,PX_VWA_25_Tub2_Lacerate 42,0,9,alive,,W5-6,#N/A,1.5,6,VWA,25,PX_VWA,VWA_25_Tub2,VWA_25
2026-03-16,Mon,Grady,PX_VWA_25_Tub2_Lacerate 43,0,12,alive,,W5-6,#N/A,1.5,8,VWA,25,PX_VWA,VWA_25_Tub2,VWA_25
2026-03-16,Mon,Grady,P2_VWA_25_Tub3_Lacerate 40,5,0,alive,,W5-6,0,5,0,VWA,25,P2_VWA,VWA_25_Tub3,VWA_25
2026-03-16,Mon,Grady,P3_VWA_25_Tub3_Lacerate 41,5,0,alive,,W5-6,0,5,0,VWA,25,P3_VWA,VWA_25_Tub3,VWA_25
2026-03-16,Mon,Grady,P3_VWA_25_Tub3_Lacerate 42,5,3,alive,,W5-6,0.6,5,0.6,VWA,25,P3_VWA,VWA_25_Tub3,VWA_25
2026-03-16,Mon,Grady,P3_VWA_25_Tub3_Lacerate 43,5,0,alive,,W5-6,0,5,0,VWA,25,P3_VWA,VWA_25_Tub3,VWA_25
2026-03-16,Mon,Grady,P3_VWA_25_Tub3_Lacerate 44,5,0,alive,,W5-6,0,5,0,VWA,25,P3_VWA,VWA_25_Tub3,VWA_25
2026-03-16,Mon,Grady,P3_VWA_25_Tub3_Lacerate 45,5,8,alive,,W5-6,1.6,5,1.6,VWA,25,P3_VWA,VWA_25_Tub3,VWA_25
2026-03-16,Mon,Grady,PX_VWA_25_Tub3_Lacerate 46,5,12,alive,,W5-6,2.4,5,2.4,VWA,25,PX_VWA,VWA_25_Tub3,VWA_25
2026-03-16,Mon,Grady,P1_VWA_25_Tub3_Lacerate 47,3,7,alive,,W5-6,2.333333333,3,2.333333333,VWA,25,P1_VWA,VWA_25_Tub3,VWA_25
2026-03-16,Mon,Grady,P1_VWA_25_Tub3_Lacerate 48,0,9,alive,,W5-6,#N/A,1.5,6,VWA,25,P1_VWA,VWA_25_Tub3,VWA_25
2026-03-16,Mon,Grady,P1_VWA_25_Tub3_Lacerate 49,0,5,alive,,W5-6,#N/A,1.5,3.333333333,VWA,25,P1_VWA,VWA_25_Tub3,VWA_25
2026-03-16,Mon,Grady,P1_VWA_25_Tub3_Lacerate 50,0,9,alive,,W5-6,#N/A,1.5,6,VWA,25,P1_VWA,VWA_25_Tub3,VWA_25
2026-03-16,Mon,Grady,P2_VWA_25_Tub3_Lacerate 51,0,0,alive,,W5-6,#N/A,1.5,0,VWA,25,P2_VWA,VWA_25_Tub3,VWA_25
2026-03-16,Mon,Grady,P2_VWA_25_Tub3_Lacerate 52,0,0,alive,,W5-6,#N/A,1.5,0,VWA,25,P2_VWA,VWA_25_Tub3,VWA_25
2026-03-16,Mon,Grady,P2_VWA_25_Tub3_Lacerate 53,0,0,alive,,W5-6,#N/A,1.5,0,VWA,25,P2_VWA,VWA_25_Tub3,VWA_25
2026-03-16,Mon,Grady,P3_VWA_25_Tub3_Lacerate 54,0,0,alive,,W5-6,#N/A,1.5,0,VWA,25,P3_VWA,VWA_25_Tub3,VWA_25
2026-03-16,Mon,Grady,P3_VWA_25_Tub3_Lacerate 55,0,0,alive,,W5-6,#N/A,1.5,0,VWA,25,P3_VWA,VWA_25_Tub3,VWA_25
2026-03-16,Mon,Grady,P1_H2_32_Tub1_Lacerate 52,5,0,alive,,W5-6,0,5,0,H2,32,P1_H2,H2_32_Tub1,H2_32
2026-03-16,Mon,Grady,P1_H2_32_Tub1_Lacerate 53,5,8,alive,,W5-6,1.6,5,1.6,H2,32,P1_H2,H2_32_Tub1,H2_32
2026-03-16,Mon,Grady,P1_H2_32_Tub1_Lacerate 54,5,8,alive,,W5-6,1.6,5,1.6,H2,32,P1_H2,H2_32_Tub1,H2_32
2026-03-16,Mon,Grady,PX_H2_32_Tub1_Lacerate 55,5,8,alive,,W5-6,1.6,5,1.6,H2,32,PX_H2,H2_32_Tub1,H2_32
2026-03-16,Mon,Grady,PX_H2_32_Tub1_Lacerate 56,0,10,alive,,W5-6,#N/A,1.5,6.666666667,H2,32,PX_H2,H2_32_Tub1,H2_32
2026-03-16,Mon,Grady,P2_H2_32_Tub1_Lacerate 57,0,3,alive,,W5-6,#N/A,1.5,2,H2,32,P2_H2,H2_32_Tub1,H2_32
2026-03-16,Mon,Grady,P2_H2_32_Tub1_Lacerate 58,0,0,alive,,W5-6,#N/A,1.5,0,H2,32,P2_H2,H2_32_Tub1,H2_32
2026-03-16,Mon,Grady,P1_H2_32_Tub1_Lacerate 59,0,0,alive,,W5-6,#N/A,1.5,0,H2,32,P1_H2,H2_32_Tub1,H2_32
2026-03-16,Mon,Grady,P1_H2_32_Tub1_Lacerate 60,0,6,alive,,W5-6,#N/A,1.5,4,H2,32,P1_H2,H2_32_Tub1,H2_32
2026-03-16,Mon,Grady,P1_H2_32_Tub1_Lacerate 61,0,4,alive,,W5-6,#N/A,1.5,2.666666667,H2,32,P1_H2,H2_32_Tub1,H2_32
2026-03-16,Mon,Grady,P1_H2_32_Tub1_Lacerate 62,0,0,alive,,W5-6,#N/A,1.5,0,H2,32,P1_H2,H2_32_Tub1,H2_32
2026-03-16,Mon,Grady,P1_H2_32_Tub1_Lacerate 63,0,0,alive,,W5-6,#N/A,1.5,0,H2,32,P1_H2,H2_32_Tub1,H2_32
2026-03-16,Mon,Grady,P1_H2_32_Tub2_Lacerate 71,5,6,alive,,W5-6,1.2,5,1.2,H2,32,P1_H2,H2_32_Tub2,H2_32
2026-03-16,Mon,Grady,P1_H2_32_Tub2_Lacerate 72,5,6,alive,,W5-6,1.2,5,1.2,H2,32,P1_H2,H2_32_Tub2,H2_32
2026-03-16,Mon,Grady,P1_H2_32_Tub2_Lacerate 73,5,0,alive,,W5-6,0,5,0,H2,32,P1_H2,H2_32_Tub2,H2_32
2026-03-16,Mon,Grady,P1_H2_32_Tub2_Lacerate 74,5,8,alive,,W5-6,1.6,5,1.6,H2,32,P1_H2,H2_32_Tub2,H2_32
2026-03-16,Mon,Grady,P3_H2_32_Tub2_Lacerate 75,0,8,alive,,W5-6,#N/A,1.5,5.333333333,H2,32,P3_H2,H2_32_Tub2,H2_32
2026-03-16,Mon,Grady,P3_H2_32_Tub2_Lacerate 76,0,0,alive,,W5-6,#N/A,1.5,0,H2,32,P3_H2,H2_32_Tub2,H2_32
2026-03-16,Mon,Grady,P2_H2_32_Tub2_Lacerate 77,0,6,alive,,W5-6,#N/A,1.5,4,H2,32,P2_H2,H2_32_Tub2,H2_32
2026-03-16,Mon,Grady,P2_H2_32_Tub2_Lacerate 78,0,2,alive,,W5-6,#N/A,1.5,1.333333333,H2,32,P2_H2,H2_32_Tub2,H2_32
2026-03-16,Mon,Grady,P2_H2_32_Tub2_Lacerate 79,0,0,alive,,W5-6,#N/A,1.5,0,H2,32,P2_H2,H2_32_Tub2,H2_32
2026-03-16,Mon,Grady,P2_H2_32_Tub2_Lacerate 80,0,0,alive,,W5-6,#N/A,1.5,0,H2,32,P2_H2,H2_32_Tub2,H2_32
2026-03-16,Mon,Grady,P2_H2_32_Tub2_Lacerate 81,0,0,alive,,W5-6,#N/A,1.5,0,H2,32,P2_H2,H2_32_Tub2,H2_32
2026-03-16,Mon,Grady,P2_H2_32_Tub2_Lacerate 82,0,0,alive,,W5-6,#N/A,1.5,0,H2,32,P2_H2,H2_32_Tub2,H2_32
2026-03-16,Mon,Grady,P1_H2_32_Tub3_Lacerate 42,5,6,alive,,W5-6,1.2,5,1.2,H2,32,P1_H2,H2_32_Tub3,H2_32
2026-03-16,Mon,Grady,P1_H2_32_Tub3_Lacerate 43,5,0,alive,,W5-6,0,5,0,H2,32,P1_H2,H2_32_Tub3,H2_32
2026-03-16,Mon,Grady,P1_H2_32_Tub3_Lacerate 44,5,5,alive,,W5-6,1,5,1,H2,32,P1_H2,H2_32_Tub3,H2_32
2026-03-16,Mon,Grady,P2_H2_32_Tub3_Lacerate 45,5,6,alive,,W5-6,1.2,5,1.2,H2,32,P2_H2,H2_32_Tub3,H2_32
2026-03-16,Mon,Grady,P2_H2_32_Tub3_Lacerate 46,5,13,alive,,W5-6,2.6,5,2.6,H2,32,P2_H2,H2_32_Tub3,H2_32
2026-03-16,Mon,Grady,P2_H2_32_Tub3_Lacerate 47,5,5,alive,,W5-6,1,5,1,H2,32,P2_H2,H2_32_Tub3,H2_32
2026-03-16,Mon,Grady,P2_H2_32_Tub3_Lacerate 48,5,,missing,,W5-6,0,5,0,H2,32,P2_H2,H2_32_Tub3,H2_32
2026-03-16,Mon,Grady,P3_H2_32_Tub3_Lacerate 49,3,0,alive,,W5-6,0,3,0,H2,32,P3_H2,H2_32_Tub3,H2_32
2026-03-16,Mon,Grady,P3_H2_32_Tub3_Lacerate 50,3,0,alive,,W5-6,0,3,0,H2,32,P3_H2,H2_32_Tub3,H2_32
2026-03-16,Mon,Grady,P3_H2_32_Tub3_Lacerate 51,3,8,alive,,W5-6,2.666666667,3,2.666666667,H2,32,P3_H2,H2_32_Tub3,H2_32
2026-03-16,Mon,Grady,P3_H2_32_Tub3_Lacerate 52,3,6,alive,,W5-6,2,3,2,H2,32,P3_H2,H2_32_Tub3,H2_32
2026-03-16,Mon,Grady,P3_H2_32_Tub3_Lacerate 53,3,6,alive,,W5-6,2,3,2,H2,32,P3_H2,H2_32_Tub3,H2_32
2026-03-16,Mon,Grady,P3_H2_32_Tub3_Lacerate 54,3,,missing,,W5-6,0,3,0,H2,32,P3_H2,H2_32_Tub3,H2_32
2026-03-16,Mon,Grady,P1_H2_32_Tub3_Lacerate 55,0,6,alive,,W5-6,#N/A,1.5,4,H2,32,P1_H2,H2_32_Tub3,H2_32
2026-03-16,Mon,Grady,P1_H2_32_Tub3_Lacerate 56,0,7,alive,,W5-6,#N/A,1.5,4.666666667,H2,32,P1_H2,H2_32_Tub3,H2_32
2026-03-16,Mon,Grady,P1_VWA_32_Tub1_Lacerate 52,5,0,alive,,W5-6,0,5,0,VWA,32,P1_VWA,VWA_32_Tub1,VWA_32
2026-03-16,Mon,Grady,P1_VWA_32_Tub1_Lacerate 53,5,0,alive,,W5-6,0,5,0,VWA,32,P1_VWA,VWA_32_Tub1,VWA_32
2026-03-16,Mon,Grady,P1_VWA_32_Tub1_Lacerate 54,5,0,alive,,W5-6,0,5,0,VWA,32,P1_VWA,VWA_32_Tub1,VWA_32
2026-03-16,Mon,Grady,P1_VWA_32_Tub1_Lacerate 55,5,0,alive,,W5-6,0,5,0,VWA,32,P1_VWA,VWA_32_Tub1,VWA_32
2026-03-16,Mon,Grady,P3_VWA_32_Tub1_Lacerate 56,5,8,alive,,W5-6,1.6,5,1.6,VWA,32,P3_VWA,VWA_32_Tub1,VWA_32
2026-03-16,Mon,Grady,P3_VWA_32_Tub1_Lacerate 57,5,0,alive,,W5-6,0,5,0,VWA,32,P3_VWA,VWA_32_Tub1,VWA_32
2026-03-16,Mon,Grady,P1_VWA_32_Tub1_Lacerate 58,5,0,alive,,W5-6,0,5,0,VWA,32,P1_VWA,VWA_32_Tub1,VWA_32
2026-03-16,Mon,Grady,P2_VWA_32_Tub1_Lacerate 59,3,0,alive,,W5-6,0,3,0,VWA,32,P2_VWA,VWA_32_Tub1,VWA_32
2026-03-16,Mon,Grady,P2_VWA_32_Tub1_Lacerate 60,3,0,alive,,W5-6,0,3,0,VWA,32,P2_VWA,VWA_32_Tub1,VWA_32
2026-03-16,Mon,Grady,P2_VWA_32_Tub1_Lacerate 61,0,0,alive,,W5-6,#N/A,1.5,0,VWA,32,P2_VWA,VWA_32_Tub1,VWA_32
2026-03-16,Mon,Grady,P1_VWA_32_Tub2_Lacerate 20,5,0,alive,,W5-6,0,5,0,VWA,32,P1_VWA,VWA_32_Tub2,VWA_32
2026-03-16,Mon,Grady,P1_VWA_32_Tub2_Lacerate 21,5,0,alive,,W5-6,0,5,0,VWA,32,P1_VWA,VWA_32_Tub2,VWA_32
2026-03-16,Mon,Grady,P1_VWA_32_Tub2_Lacerate 22,5,0,alive,,W5-6,0,5,0,VWA,32,P1_VWA,VWA_32_Tub2,VWA_32
2026-03-16,Mon,Grady,P3_VWA_32_Tub2_Lacerate 23,5,0,alive,,W5-6,0,5,0,VWA,32,P3_VWA,VWA_32_Tub2,VWA_32
2026-03-16,Mon,Grady,P3_VWA_32_Tub2_Lacerate 24,5,0,alive,,W5-6,0,5,0,VWA,32,P3_VWA,VWA_32_Tub2,VWA_32
2026-03-16,Mon,Grady,PX_VWA_32_Tub2_Lacerate 25,5,9,alive,,W5-6,1.8,5,1.8,VWA,32,PX_VWA,VWA_32_Tub2,VWA_32
2026-03-16,Mon,Grady,P2_VWA_32_Tub2_Lacerate 26,3,6,alive,,W5-6,2,3,2,VWA,32,P2_VWA,VWA_32_Tub2,VWA_32
2026-03-16,Mon,Grady,P2_VWA_32_Tub2_Lacerate 27,3,8,alive,,W5-6,2.666666667,3,2.666666667,VWA,32,P2_VWA,VWA_32_Tub2,VWA_32
2026-03-16,Mon,Grady,P2_VWA_32_Tub2_Lacerate 28,3,0,alive,,W5-6,0,3,0,VWA,32,P2_VWA,VWA_32_Tub2,VWA_32
2026-03-16,Mon,Grady,P2_VWA_32_Tub2_Lacerate 29,3,0,alive,,W5-6,0,3,0,VWA,32,P2_VWA,VWA_32_Tub2,VWA_32
2026-03-16,Mon,Grady,P2_VWA_32_Tub2_Lacerate 30,3,0,alive,,W5-6,0,3,0,VWA,32,P2_VWA,VWA_32_Tub2,VWA_32
2026-03-16,Mon,Grady,P2_VWA_32_Tub2_Lacerate 31,0,6,alive,,W5-6,#N/A,1.5,4,VWA,32,P2_VWA,VWA_32_Tub2,VWA_32
2026-03-16,Mon,Grady,P2_VWA_32_Tub2_Lacerate 32,0,5,alive,,W5-6,#N/A,1.5,3.333333333,VWA,32,P2_VWA,VWA_32_Tub2,VWA_32
2026-03-16,Mon,Grady,P3_VWA_32_Tub2_Lacerate 33,0,0,alive,,W5-6,#N/A,1.5,0,VWA,32,P3_VWA,VWA_32_Tub2,VWA_32
2026-03-16,Mon,Grady,P1_VWA_32_Tub3_Lacerate 24,5,11,alive,,W5-6,2.2,5,2.2,VWA,32,P1_VWA,VWA_32_Tub3,VWA_32
2026-03-16,Mon,Grady,P1_VWA_32_Tub3_Lacerate 25,5,12,alive,,W5-6,2.4,5,2.4,VWA,32,P1_VWA,VWA_32_Tub3,VWA_32
2026-03-16,Mon,Grady,P1_VWA_32_Tub3_Lacerate 26,5,16,alive,,W5-6,3.2,5,3.2,VWA,32,P1_VWA,VWA_32_Tub3,VWA_32
2026-03-16,Mon,Grady,PX_VWA_32_Tub3_Lacerate 27,3,0,alive,,W5-6,0,3,0,VWA,32,PX_VWA,VWA_32_Tub3,VWA_32
2026-03-16,Mon,Grady,P3_VWA_32_Tub3_Lacerate 28,0,0,alive,,W5-6,#N/A,1.5,0,VWA,32,P3_VWA,VWA_32_Tub3,VWA_32
2026-03-18,Wed,Grady,P2_H2_25_Tub1_Lacerate 43,7,12,alive,,W5-6,1.714285714,7,1.714285714,H2,25,P2_H2,H2_25_Tub1,H2_25
2026-03-18,Wed,Grady,P3_H2_25_Tub1_Lacerate 44,7,11,alive,,W5-6,1.571428571,7,1.571428571,H2,25,P3_H2,H2_25_Tub1,H2_25
2026-03-18,Wed,Grady,P3_H2_25_Tub1_Lacerate 45,7,9,alive,,W5-6,1.285714286,7,1.285714286,H2,25,P3_H2,H2_25_Tub1,H2_25
2026-03-18,Wed,Grady,P3_H2_25_Tub1_Lacerate 46,7,12,alive,,W5-6,1.714285714,7,1.714285714,H2,25,P3_H2,H2_25_Tub1,H2_25
2026-03-18,Wed,Grady,P3_H2_25_Tub1_Lacerate 47,7,6,alive,,W5-6,0.8571428571,7,0.8571428571,H2,25,P3_H2,H2_25_Tub1,H2_25
2026-03-18,Wed,Grady,PX_H2_25_Tub1_Lacerate 48,7,15,alive,,W5-6,2.142857143,7,2.142857143,H2,25,PX_H2,H2_25_Tub1,H2_25
2026-03-18,Wed,Grady,P1_H2_25_Tub1_Lacerate 49,7,6,alive,,W5-6,0.8571428571,7,0.8571428571,H2,25,P1_H2,H2_25_Tub1,H2_25
2026-03-18,Wed,Grady,P1_H2_25_Tub1_Lacerate 50,7,9,alive,,W5-6,1.285714286,7,1.285714286,H2,25,P1_H2,H2_25_Tub1,H2_25
2026-03-18,Wed,Grady,P1_H2_25_Tub1_Lacerate 51,7,12,alive,,W5-6,1.714285714,7,1.714285714,H2,25,P1_H2,H2_25_Tub1,H2_25
2026-03-18,Wed,Grady,P1_H2_25_Tub1_Lacerate 52,7,9,alive,,W5-6,1.285714286,7,1.285714286,H2,25,P1_H2,H2_25_Tub1,H2_25
2026-03-18,Wed,Grady,P1_H2_25_Tub1_Lacerate 53,7,17,alive,,W5-6,2.428571429,7,2.428571429,H2,25,P1_H2,H2_25_Tub1,H2_25
2026-03-18,Wed,Grady,P1_H2_25_Tub1_Lacerate 54,7,10,alive,,W5-6,1.428571429,7,1.428571429,H2,25,P1_H2,H2_25_Tub1,H2_25
2026-03-18,Wed,Grady,P1_H2_25_Tub1_Lacerate 55,7,13,alive,,W5-6,1.857142857,7,1.857142857,H2,25,P1_H2,H2_25_Tub1,H2_25
2026-03-18,Wed,Grady,P2_H2_25_Tub1_Lacerate 56,7,13,alive,,W5-6,1.857142857,7,1.857142857,H2,25,P2_H2,H2_25_Tub1,H2_25
2026-03-18,Wed,Grady,P2_H2_25_Tub1_Lacerate 57,5,5,alive,,W5-6,1,5,1,H2,25,P2_H2,H2_25_Tub1,H2_25
2026-03-18,Wed,Grady,P2_H2_25_Tub1_Lacerate 58,5,12,alive,,W5-6,2.4,5,2.4,H2,25,P2_H2,H2_25_Tub1,H2_25
2026-03-18,Wed,Grady,P3_H2_25_Tub1_Lacerate 59,2,10,alive,,W5-6,5,2,5,H2,25,P3_H2,H2_25_Tub1,H2_25
2026-03-18,Wed,Grady,P3_H2_25_Tub1_Lacerate 60,2,16,alive,,W5-6,8,2,8,H2,25,P3_H2,H2_25_Tub1,H2_25
2026-03-18,Wed,Grady,P3_H2_25_Tub1_Lacerate 61,2,0,alive,,W5-6,0,2,0,H2,25,P3_H2,H2_25_Tub1,H2_25
2026-03-18,Wed,Grady,P3_H2_25_Tub1_Lacerate 62,2,,missing,,W5-6,0,2,0,H2,25,P3_H2,H2_25_Tub1,H2_25
2026-03-18,Wed,Grady,P3_H2_25_Tub1_Lacerate 63,2,9,alive,,W5-6,4.5,2,4.5,H2,25,P3_H2,H2_25_Tub1,H2_25
2026-03-18,Wed,Grady,P2_H2_25_Tub1_Lacerate 64,2,5,alive,,W5-6,2.5,2,2.5,H2,25,P2_H2,H2_25_Tub1,H2_25
2026-03-18,Wed,Grady,PX_H2_25_Tub1_Lacerate 65,2,8,alive,,W5-6,4,2,4,H2,25,PX_H2,H2_25_Tub1,H2_25
2026-03-18,Wed,Grady,PX_H2_25_Tub1_Lacerate 66,2,10,alive,,W5-6,5,2,5,H2,25,PX_H2,H2_25_Tub1,H2_25
2026-03-18,Wed,Grady,PX_H2_25_Tub1_Lacerate 67,2,14,alive,,W5-6,7,2,7,H2,25,PX_H2,H2_25_Tub1,H2_25
2026-03-18,Wed,Grady,PX_H2_25_Tub1_Lacerate 68,2,8,alive,,W5-6,4,2,4,H2,25,PX_H2,H2_25_Tub1,H2_25
2026-03-18,Wed,Grady,PX_H2_25_Tub1_Lacerate 69,2,10,alive,,W5-6,5,2,5,H2,25,PX_H2,H2_25_Tub1,H2_25
2026-03-18,Wed,Grady,PX_H2_25_Tub1_Lacerate 70,2,10,alive,,W5-6,5,2,5,H2,25,PX_H2,H2_25_Tub1,H2_25
2026-03-18,Wed,Grady,PX_H2_25_Tub1_Lacerate 71,2,10,alive,,W5-6,5,2,5,H2,25,PX_H2,H2_25_Tub1,H2_25
2026-03-18,Wed,Grady,PX_H2_25_Tub1_Lacerate 72,2,12,alive,,W5-6,6,2,6,H2,25,PX_H2,H2_25_Tub1,H2_25
2026-03-18,Wed,Grady,PX_H2_25_Tub1_Lacerate 73,2,12,alive,,W5-6,6,2,6,H2,25,PX_H2,H2_25_Tub1,H2_25
2026-03-18,Wed,Grady,PX_H2_25_Tub1_Lacerate 74,2,10,alive,,W5-6,5,2,5,H2,25,PX_H2,H2_25_Tub1,H2_25
2026-03-18,Wed,Grady,PX_H2_25_Tub1_Lacerate 75,2,14,alive,,W5-6,7,2,7,H2,25,PX_H2,H2_25_Tub1,H2_25
2026-03-18,Wed,Grady,PX_H2_25_Tub1_Lacerate 76,2,8,alive,,W5-6,4,2,4,H2,25,PX_H2,H2_25_Tub1,H2_25
2026-03-18,Wed,Grady,PX_H2_25_Tub1_Lacerate 77,2,12,alive,,W5-6,6,2,6,H2,25,PX_H2,H2_25_Tub1,H2_25
2026-03-18,Wed,Grady,PX_H2_25_Tub1_Lacerate 78,2,8,alive,,W5-6,4,2,4,H2,25,PX_H2,H2_25_Tub1,H2_25
2026-03-18,Wed,Grady,PX_H2_25_Tub1_Lacerate 79,2,12,alive,,W5-6,6,2,6,H2,25,PX_H2,H2_25_Tub1,H2_25
2026-03-18,Wed,Grady,PX_H2_25_Tub1_Lacerate 80,2,10,alive,,W5-6,5,2,5,H2,25,PX_H2,H2_25_Tub1,H2_25
2026-03-18,Wed,Grady,P3_H2_25_Tub2_Lacerate 30,7,8,alive,,W5-6,1.142857143,7,1.142857143,H2,25,P3_H2,H2_25_Tub2,H2_25
2026-03-18,Wed,Grady,P1_H2_25_Tub2_Lacerate 31,5,14,alive,,W5-6,2.8,5,2.8,H2,25,P1_H2,H2_25_Tub2,H2_25
2026-03-18,Wed,Grady,P3_H2_25_Tub2_Lacerate 32,5,11,alive,,W5-6,2.2,5,2.2,H2,25,P3_H2,H2_25_Tub2,H2_25
2026-03-18,Wed,Grady,P3_H2_25_Tub2_Lacerate 33,5,10,alive,,W5-6,2,5,2,H2,25,P3_H2,H2_25_Tub2,H2_25
2026-03-18,Wed,Grady,PX_H2_25_Tub2_Lacerate 34,2,8,alive,,W5-6,4,2,4,H2,25,PX_H2,H2_25_Tub2,H2_25
2026-03-18,Wed,Grady,PX_H2_25_Tub2_Lacerate 35,2,9,alive,,W5-6,4.5,2,4.5,H2,25,PX_H2,H2_25_Tub2,H2_25
2026-03-18,Wed,Grady,P2_H2_25_Tub2_Lacerate 36,2,7,alive,,W5-6,3.5,2,3.5,H2,25,P2_H2,H2_25_Tub2,H2_25
2026-03-18,Wed,Grady,PX_H2_25_Tub2_Lacerate 37,2,8,alive,,W5-6,4,2,4,H2,25,PX_H2,H2_25_Tub2,H2_25
2026-03-18,Wed,Grady,PX_H2_25_Tub2_Lacerate 38,2,11,alive,,W5-6,5.5,2,5.5,H2,25,PX_H2,H2_25_Tub2,H2_25
2026-03-18,Wed,Grady,P1_H2_25_Tub2_Lacerate 39,2,10,alive,,W5-6,5,2,5,H2,25,P1_H2,H2_25_Tub2,H2_25
2026-03-18,Wed,Grady,P1_H2_25_Tub2_Lacerate 40,2,11,alive,,W5-6,5.5,2,5.5,H2,25,P1_H2,H2_25_Tub2,H2_25
2026-03-18,Wed,Grady,P1_H2_25_Tub2_Lacerate 41,2,12,alive,,W5-6,6,2,6,H2,25,P1_H2,H2_25_Tub2,H2_25
2026-03-18,Wed,Grady,P1_H2_25_Tub2_Lacerate 42,2,9,alive,,W5-6,4.5,2,4.5,H2,25,P1_H2,H2_25_Tub2,H2_25
2026-03-18,Wed,Grady,P1_H2_25_Tub2_Lacerate 43,2,19,alive,,W5-6,9.5,2,9.5,H2,25,P1_H2,H2_25_Tub2,H2_25
2026-03-18,Wed,Grady,P1_H2_25_Tub2_Lacerate 44,2,10,alive,,W5-6,5,2,5,H2,25,P1_H2,H2_25_Tub2,H2_25
2026-03-18,Wed,Grady,P1_H2_25_Tub2_Lacerate 45,2,10,alive,,W5-6,5,2,5,H2,25,P1_H2,H2_25_Tub2,H2_25
2026-03-18,Wed,Grady,P3_H2_25_Tub2_Lacerate 46,2,7,alive,,W5-6,3.5,2,3.5,H2,25,P3_H2,H2_25_Tub2,H2_25
2026-03-18,Wed,Grady,P3_H2_25_Tub2_Lacerate 47,2,17,alive,,W5-6,8.5,2,8.5,H2,25,P3_H2,H2_25_Tub2,H2_25
2026-03-18,Wed,Grady,PX_H2_25_Tub2_Lacerate 48,2,5,alive,,W5-6,2.5,2,2.5,H2,25,PX_H2,H2_25_Tub2,H2_25
2026-03-18,Wed,Grady,PX_H2_25_Tub2_Lacerate 49,2,15,alive,,W5-6,7.5,2,7.5,H2,25,PX_H2,H2_25_Tub2,H2_25
2026-03-18,Wed,Grady,PX_H2_25_Tub2_Lacerate 50,0,11,alive,,W5-6,#N/A,1,11,H2,25,PX_H2,H2_25_Tub2,H2_25
2026-03-18,Wed,Grady,PX_H2_25_Tub2_Lacerate 51,0,9,alive,,W5-6,#N/A,1,9,H2,25,PX_H2,H2_25_Tub2,H2_25
2026-03-18,Wed,Grady,PX_H2_25_Tub2_Lacerate 52,0,12,alive,,W5-6,#N/A,1,12,H2,25,PX_H2,H2_25_Tub2,H2_25
2026-03-18,Wed,Grady,P1_H2_25_Tub2_Lacerate 53,0,6,alive,,W5-6,#N/A,1,6,H2,25,P1_H2,H2_25_Tub2,H2_25
2026-03-18,Wed,Grady,P3_H2_25_Tub3_Lacerate 35,7,10,alive,,W5-6,1.428571429,7,1.428571429,H2,25,P3_H2,H2_25_Tub3,H2_25
2026-03-18,Wed,Grady,P2_H2_25_Tub3_Lacerate 36,7,,missing,,W5-6,0,7,0,H2,25,P2_H2,H2_25_Tub3,H2_25
2026-03-18,Wed,Grady,P3_H2_25_Tub3_Lacerate 37,7,8,alive,,W5-6,1.142857143,7,1.142857143,H2,25,P3_H2,H2_25_Tub3,H2_25
2026-03-18,Wed,Grady,P2_H2_25_Tub3_Lacerate 38,7,10,alive,,W5-6,1.428571429,7,1.428571429,H2,25,P2_H2,H2_25_Tub3,H2_25
2026-03-18,Wed,Grady,P2_H2_25_Tub3_Lacerate 39,7,10,alive,,W5-6,1.428571429,7,1.428571429,H2,25,P2_H2,H2_25_Tub3,H2_25
2026-03-18,Wed,Grady,P1_H2_25_Tub3_Lacerate 40,5,7,alive,,W5-6,1.4,5,1.4,H2,25,P1_H2,H2_25_Tub3,H2_25
2026-03-18,Wed,Grady,PX_H2_25_Tub3_Lacerate 41,5,9,alive,,W5-6,1.8,5,1.8,H2,25,PX_H2,H2_25_Tub3,H2_25
2026-03-18,Wed,Grady,PX_H2_25_Tub3_Lacerate 42,5,10,alive,,W5-6,2,5,2,H2,25,PX_H2,H2_25_Tub3,H2_25
2026-03-18,Wed,Grady,P3_H2_25_Tub3_Lacerate 43,2,9,alive,,W5-6,4.5,2,4.5,H2,25,P3_H2,H2_25_Tub3,H2_25
2026-03-18,Wed,Grady,P3_H2_25_Tub3_Lacerate 44,2,9,alive,,W5-6,4.5,2,4.5,H2,25,P3_H2,H2_25_Tub3,H2_25
2026-03-18,Wed,Grady,PX_H2_25_Tub3_Lacerate 45,2,12,alive,,W5-6,6,2,6,H2,25,PX_H2,H2_25_Tub3,H2_25
2026-03-18,Wed,Grady,PX_H2_25_Tub3_Lacerate 46,2,10,alive,,W5-6,5,2,5,H2,25,PX_H2,H2_25_Tub3,H2_25
2026-03-18,Wed,Grady,PX_H2_25_Tub3_Lacerate 47,2,8,alive,,W5-6,4,2,4,H2,25,PX_H2,H2_25_Tub3,H2_25
2026-03-18,Wed,Grady,P1_H2_25_Tub3_Lacerate 48,2,10,alive,,W5-6,5,2,5,H2,25,P1_H2,H2_25_Tub3,H2_25
2026-03-18,Wed,Grady,PX_H2_25_Tub3_Lacerate 49,2,7,alive,,W5-6,3.5,2,3.5,H2,25,PX_H2,H2_25_Tub3,H2_25
2026-03-18,Wed,Grady,PX_H2_25_Tub3_Lacerate 50,2,11,alive,,W5-6,5.5,2,5.5,H2,25,PX_H2,H2_25_Tub3,H2_25
2026-03-18,Wed,Grady,P1_H2_25_Tub3_Lacerate 51,0,1,alive,,W5-6,#N/A,1,1,H2,25,P1_H2,H2_25_Tub3,H2_25
2026-03-18,Wed,Grady,P2_VWA_25_Tub1_Lacerate 53,7,9,alive,,W5-6,1.285714286,7,1.285714286,VWA,25,P2_VWA,VWA_25_Tub1,VWA_25
2026-03-18,Wed,Grady,P3_VWA_25_Tub1_Lacerate 54,7,5,alive,,W5-6,0.7142857143,7,0.7142857143,VWA,25,P3_VWA,VWA_25_Tub1,VWA_25
2026-03-18,Wed,Grady,P3_VWA_25_Tub1_Lacerate 55,7,11,alive,,W5-6,1.571428571,7,1.571428571,VWA,25,P3_VWA,VWA_25_Tub1,VWA_25
2026-03-18,Wed,Grady,P1_VWA_25_Tub1_Lacerate 56,7,0,alive,,W5-6,0,7,0,VWA,25,P1_VWA,VWA_25_Tub1,VWA_25
2026-03-18,Wed,Grady,P1_VWA_25_Tub1_Lacerate 57,7,0,alive,,W5-6,0,7,0,VWA,25,P1_VWA,VWA_25_Tub1,VWA_25
2026-03-18,Wed,Grady,P1_VWA_25_Tub1_Lacerate 58,7,0,alive,,W5-6,0,7,0,VWA,25,P1_VWA,VWA_25_Tub1,VWA_25
2026-03-18,Wed,Grady,P1_VWA_25_Tub1_Lacerate 59,7,0,alive,,W5-6,0,7,0,VWA,25,P1_VWA,VWA_25_Tub1,VWA_25
2026-03-18,Wed,Grady,P1_VWA_25_Tub1_Lacerate 60,7,0,alive,,W5-6,0,7,0,VWA,25,P1_VWA,VWA_25_Tub1,VWA_25
2026-03-18,Wed,Grady,P1_VWA_25_Tub1_Lacerate 61,7,0,alive,,W5-6,0,7,0,VWA,25,P1_VWA,VWA_25_Tub1,VWA_25
2026-03-18,Wed,Grady,P1_VWA_25_Tub1_Lacerate 62,7,0,alive,,W5-6,0,7,0,VWA,25,P1_VWA,VWA_25_Tub1,VWA_25
2026-03-18,Wed,Grady,P1_VWA_25_Tub1_Lacerate 63,7,0,alive,,W5-6,0,7,0,VWA,25,P1_VWA,VWA_25_Tub1,VWA_25
2026-03-18,Wed,Grady,P1_VWA_25_Tub1_Lacerate 64,7,5,alive,,W5-6,0.7142857143,7,0.7142857143,VWA,25,P1_VWA,VWA_25_Tub1,VWA_25
2026-03-18,Wed,Grady,P1_VWA_25_Tub1_Lacerate 65,5,6,alive,,W5-6,1.2,5,1.2,VWA,25,P1_VWA,VWA_25_Tub1,VWA_25
2026-03-18,Wed,Grady,P3_VWA_25_Tub1_Lacerate 66,5,10,alive,,W5-6,2,5,2,VWA,25,P3_VWA,VWA_25_Tub1,VWA_25
2026-03-18,Wed,Grady,P1_VWA_25_Tub1_Lacerate 67,5,0,alive,,W5-6,0,5,0,VWA,25,P1_VWA,VWA_25_Tub1,VWA_25
2026-03-18,Wed,Grady,P2_VWA_25_Tub1_Lacerate 68,2,0,alive,,W5-6,0,2,0,VWA,25,P2_VWA,VWA_25_Tub1,VWA_25
2026-03-18,Wed,Grady,P2_VWA_25_Tub1_Lacerate 69,2,0,alive,,W5-6,0,2,0,VWA,25,P2_VWA,VWA_25_Tub1,VWA_25
2026-03-18,Wed,Grady,P2_VWA_25_Tub1_Lacerate 70,2,0,alive,,W5-6,0,2,0,VWA,25,P2_VWA,VWA_25_Tub1,VWA_25
2026-03-18,Wed,Grady,P2_VWA_25_Tub1_Lacerate 71,2,0,alive,,W5-6,0,2,0,VWA,25,P2_VWA,VWA_25_Tub1,VWA_25
2026-03-18,Wed,Grady,PX_VWA_25_Tub1_Lacerate 72,0,9,alive,,W5-6,#N/A,1,9,VWA,25,PX_VWA,VWA_25_Tub1,VWA_25
2026-03-18,Wed,Grady,PX_VWA_25_Tub1_Lacerate 73,0,12,alive,,W5-6,#N/A,1,12,VWA,25,PX_VWA,VWA_25_Tub1,VWA_25
2026-03-18,Wed,Grady,P3_VWA_25_Tub1_Lacerate 74,0,13,alive,,W5-6,#N/A,1,13,VWA,25,P3_VWA,VWA_25_Tub1,VWA_25
2026-03-18,Wed,Grady,P3_VWA_25_Tub1_Lacerate 75,0,10,alive,,W5-6,#N/A,1,10,VWA,25,P3_VWA,VWA_25_Tub1,VWA_25
2026-03-18,Wed,Grady,PX_VWA_25_Tub1_Lacerate 76,0,9,alive,,W5-6,#N/A,1,9,VWA,25,PX_VWA,VWA_25_Tub1,VWA_25
2026-03-18,Wed,Grady,PX_VWA_25_Tub1_Lacerate 77,0,9,alive,,W5-6,#N/A,1,9,VWA,25,PX_VWA,VWA_25_Tub1,VWA_25
2026-03-18,Wed,Grady,P3_VWA_25_Tub2_Lacerate 28,7,0,alive,,W5-6,0,7,0,VWA,25,P3_VWA,VWA_25_Tub2,VWA_25
2026-03-18,Wed,Grady,P2_VWA_25_Tub2_Lacerate 29,5,11,alive,,W5-6,2.2,5,2.2,VWA,25,P2_VWA,VWA_25_Tub2,VWA_25
2026-03-18,Wed,Grady,P2_VWA_25_Tub2_Lacerate 30,5,10,alive,,W5-6,2,5,2,VWA,25,P2_VWA,VWA_25_Tub2,VWA_25
2026-03-18,Wed,Grady,P2_VWA_25_Tub2_Lacerate 31,5,10,alive,,W5-6,2,5,2,VWA,25,P2_VWA,VWA_25_Tub2,VWA_25
2026-03-18,Wed,Grady,P2_VWA_25_Tub2_Lacerate 32,5,11,alive,,W5-6,2.2,5,2.2,VWA,25,P2_VWA,VWA_25_Tub2,VWA_25
2026-03-18,Wed,Grady,P1_VWA_25_Tub2_Lacerate 33,5,12,alive,,W5-6,2.4,5,2.4,VWA,25,P1_VWA,VWA_25_Tub2,VWA_25
2026-03-18,Wed,Grady,P1_VWA_25_Tub2_Lacerate 34,5,0,alive,,W5-6,0,5,0,VWA,25,P1_VWA,VWA_25_Tub2,VWA_25
2026-03-18,Wed,Grady,P1_VWA_25_Tub2_Lacerate 35,5,16,alive,,W5-6,3.2,5,3.2,VWA,25,P1_VWA,VWA_25_Tub2,VWA_25
2026-03-18,Wed,Grady,P1_VWA_25_Tub2_Lacerate 36,2,0,alive,,W5-6,0,2,0,VWA,25,P1_VWA,VWA_25_Tub2,VWA_25
2026-03-18,Wed,Grady,P1_VWA_25_Tub2_Lacerate 37,2,9,alive,,W5-6,4.5,2,4.5,VWA,25,P1_VWA,VWA_25_Tub2,VWA_25
2026-03-18,Wed,Grady,P1_VWA_25_Tub2_Lacerate 38,2,6,alive,,W5-6,3,2,3,VWA,25,P1_VWA,VWA_25_Tub2,VWA_25
2026-03-18,Wed,Grady,P1_VWA_25_Tub2_Lacerate 39,2,0,alive,,W5-6,0,2,0,VWA,25,P1_VWA,VWA_25_Tub2,VWA_25
2026-03-18,Wed,Grady,P2_VWA_25_Tub2_Lacerate 40,2,8,alive,,W5-6,4,2,4,VWA,25,P2_VWA,VWA_25_Tub2,VWA_25
2026-03-18,Wed,Grady,P2_VWA_25_Tub2_Lacerate 41,2,8,alive,,W5-6,4,2,4,VWA,25,P2_VWA,VWA_25_Tub2,VWA_25
2026-03-18,Wed,Grady,PX_VWA_25_Tub2_Lacerate 42,2,11,alive,,W5-6,5.5,2,5.5,VWA,25,PX_VWA,VWA_25_Tub2,VWA_25
2026-03-18,Wed,Grady,PX_VWA_25_Tub2_Lacerate 43,2,7,alive,,W5-6,3.5,2,3.5,VWA,25,PX_VWA,VWA_25_Tub2,VWA_25
2026-03-18,Wed,Grady,PX_VWA_25_Tub2_Lacerate 44,0,12,alive,,W5-6,#N/A,1,12,VWA,25,PX_VWA,VWA_25_Tub2,VWA_25
2026-03-18,Wed,Grady,PX_VWA_25_Tub2_Lacerate 45,0,6,alive,,W5-6,#N/A,1,6,VWA,25,PX_VWA,VWA_25_Tub2,VWA_25
2026-03-18,Wed,Grady,P1_VWA_25_Tub2_Lacerate 46,0,0,alive,,W5-6,#N/A,1,0,VWA,25,P1_VWA,VWA_25_Tub2,VWA_25
2026-03-18,Wed,Grady,P1_VWA_25_Tub2_Lacerate 47,0,0,alive,,W5-6,#N/A,1,0,VWA,25,P1_VWA,VWA_25_Tub2,VWA_25
2026-03-18,Wed,Grady,P2_VWA_25_Tub3_Lacerate 40,7,0,alive,,W5-6,0,7,0,VWA,25,P2_VWA,VWA_25_Tub3,VWA_25
2026-03-18,Wed,Grady,P3_VWA_25_Tub3_Lacerate 41,7,0,alive,,W5-6,0,7,0,VWA,25,P3_VWA,VWA_25_Tub3,VWA_25
2026-03-18,Wed,Grady,P3_VWA_25_Tub3_Lacerate 42,7,9,alive,,W5-6,1.285714286,7,1.285714286,VWA,25,P3_VWA,VWA_25_Tub3,VWA_25
2026-03-18,Wed,Grady,P3_VWA_25_Tub3_Lacerate 43,7,10,alive,,W5-6,1.428571429,7,1.428571429,VWA,25,P3_VWA,VWA_25_Tub3,VWA_25
2026-03-18,Wed,Grady,P3_VWA_25_Tub3_Lacerate 44,7,0,alive,,W5-6,0,7,0,VWA,25,P3_VWA,VWA_25_Tub3,VWA_25
2026-03-18,Wed,Grady,P3_VWA_25_Tub3_Lacerate 45,7,0,alive,,W5-6,0,7,0,VWA,25,P3_VWA,VWA_25_Tub3,VWA_25
2026-03-18,Wed,Grady,PX_VWA_25_Tub3_Lacerate 46,7,11,alive,,W5-6,1.571428571,7,1.571428571,VWA,25,PX_VWA,VWA_25_Tub3,VWA_25
2026-03-18,Wed,Grady,P1_VWA_25_Tub3_Lacerate 47,5,12,alive,,W5-6,2.4,5,2.4,VWA,25,P1_VWA,VWA_25_Tub3,VWA_25
2026-03-18,Wed,Grady,P1_VWA_25_Tub3_Lacerate 48,2,12,alive,,W5-6,6,2,6,VWA,25,P1_VWA,VWA_25_Tub3,VWA_25
2026-03-18,Wed,Grady,P1_VWA_25_Tub3_Lacerate 49,2,6,alive,,W5-6,3,2,3,VWA,25,P1_VWA,VWA_25_Tub3,VWA_25
2026-03-18,Wed,Grady,P1_VWA_25_Tub3_Lacerate 50,2,11,alive,,W5-6,5.5,2,5.5,VWA,25,P1_VWA,VWA_25_Tub3,VWA_25
2026-03-18,Wed,Grady,P2_VWA_25_Tub3_Lacerate 51,2,0,alive,,W5-6,0,2,0,VWA,25,P2_VWA,VWA_25_Tub3,VWA_25
2026-03-18,Wed,Grady,P2_VWA_25_Tub3_Lacerate 52,2,0,alive,,W5-6,0,2,0,VWA,25,P2_VWA,VWA_25_Tub3,VWA_25
2026-03-18,Wed,Grady,P2_VWA_25_Tub3_Lacerate 53,2,0,alive,,W5-6,0,2,0,VWA,25,P2_VWA,VWA_25_Tub3,VWA_25
2026-03-18,Wed,Grady,P3_VWA_25_Tub3_Lacerate 54,2,0,alive,,W5-6,0,2,0,VWA,25,P3_VWA,VWA_25_Tub3,VWA_25
2026-03-18,Wed,Grady,P3_VWA_25_Tub3_Lacerate 55,2,0,alive,,W5-6,0,2,0,VWA,25,P3_VWA,VWA_25_Tub3,VWA_25
2026-03-18,Wed,Grady,P2_VWA_25_Tub3_Lacerate 56,0,0,alive,,W5-6,#N/A,1,0,VWA,25,P2_VWA,VWA_25_Tub3,VWA_25
2026-03-18,Wed,Grady,P2_VWA_25_Tub3_Lacerate 57,0,0,alive,,W5-6,#N/A,1,0,VWA,25,P2_VWA,VWA_25_Tub3,VWA_25
2026-03-18,Wed,Grady,P2_VWA_25_Tub3_Lacerate 58,0,0,alive,,W5-6,#N/A,1,0,VWA,25,P2_VWA,VWA_25_Tub3,VWA_25
2026-03-18,Wed,Grady,P3_VWA_25_Tub3_Lacerate 59,0,0,alive,,W5-6,#N/A,1,0,VWA,25,P3_VWA,VWA_25_Tub3,VWA_25
2026-03-18,Wed,Grady,P3_VWA_25_Tub3_Lacerate 60,0,9,alive,,W5-6,#N/A,1,9,VWA,25,P3_VWA,VWA_25_Tub3,VWA_25
2026-03-18,Wed,Grady,P2_VWA_25_Tub3_Lacerate 61,0,11,alive,,W5-6,#N/A,1,11,VWA,25,P2_VWA,VWA_25_Tub3,VWA_25
2026-03-18,Wed,Grady,PX_VWA_25_Tub3_Lacerate 62,0,3,alive,,W5-6,#N/A,1,3,VWA,25,PX_VWA,VWA_25_Tub3,VWA_25
2026-03-18,Wed,Grady,P1_H2_32_Tub1_Lacerate 52,7,9,alive,,W5-6,1.285714286,7,1.285714286,H2,32,P1_H2,H2_32_Tub1,H2_32
2026-03-18,Wed,Grady,P1_H2_32_Tub1_Lacerate 53,7,7,alive,,W5-6,1,7,1,H2,32,P1_H2,H2_32_Tub1,H2_32
2026-03-18,Wed,Grady,P1_H2_32_Tub1_Lacerate 54,7,5,alive,,W5-6,0.7142857143,7,0.7142857143,H2,32,P1_H2,H2_32_Tub1,H2_32
2026-03-18,Wed,Grady,PX_H2_32_Tub1_Lacerate 55,7,10,alive,,W5-6,1.428571429,7,1.428571429,H2,32,PX_H2,H2_32_Tub1,H2_32
2026-03-18,Wed,Grady,PX_H2_32_Tub1_Lacerate 56,2,12,alive,,W5-6,6,2,6,H2,32,PX_H2,H2_32_Tub1,H2_32
2026-03-18,Wed,Grady,P2_H2_32_Tub1_Lacerate 57,2,3,alive,,W5-6,1.5,2,1.5,H2,32,P2_H2,H2_32_Tub1,H2_32
2026-03-18,Wed,Grady,P2_H2_32_Tub1_Lacerate 58,2,9,alive,,W5-6,4.5,2,4.5,H2,32,P2_H2,H2_32_Tub1,H2_32
2026-03-18,Wed,Grady,P1_H2_32_Tub1_Lacerate 59,2,8,alive,,W5-6,4,2,4,H2,32,P1_H2,H2_32_Tub1,H2_32
2026-03-18,Wed,Grady,P1_H2_32_Tub1_Lacerate 60,2,4,alive,,W5-6,2,2,2,H2,32,P1_H2,H2_32_Tub1,H2_32
2026-03-18,Wed,Grady,P1_H2_32_Tub1_Lacerate 61,2,10,alive,,W5-6,5,2,5,H2,32,P1_H2,H2_32_Tub1,H2_32
2026-03-18,Wed,Grady,P1_H2_32_Tub1_Lacerate 62,2,7,alive,,W5-6,3.5,2,3.5,H2,32,P1_H2,H2_32_Tub1,H2_32
2026-03-18,Wed,Grady,P1_H2_32_Tub1_Lacerate 63,2,9,alive,,W5-6,4.5,2,4.5,H2,32,P1_H2,H2_32_Tub1,H2_32
2026-03-18,Wed,Grady,P1_H2_32_Tub1_Lacerate 64,0,11,alive,,W5-6,#N/A,1,11,H2,32,P1_H2,H2_32_Tub1,H2_32
2026-03-18,Wed,Grady,P1_H2_32_Tub1_Lacerate 65,0,12,alive,,W5-6,#N/A,1,12,H2,32,P1_H2,H2_32_Tub1,H2_32
2026-03-18,Wed,Grady,P3_H2_32_Tub1_Lacerate 66,0,7,alive,,W5-6,#N/A,1,7,H2,32,P3_H2,H2_32_Tub1,H2_32
2026-03-18,Wed,Grady,P3_H2_32_Tub1_Lacerate 67,0,11,alive,,W5-6,#N/A,1,11,H2,32,P3_H2,H2_32_Tub1,H2_32
2026-03-18,Wed,Grady,P3_H2_32_Tub1_Lacerate 68,0,3,alive,,W5-6,#N/A,1,3,H2,32,P3_H2,H2_32_Tub1,H2_32
2026-03-18,Wed,Grady,PX_H2_32_Tub1_Lacerate 69,0,11,alive,,W5-6,#N/A,1,11,H2,32,PX_H2,H2_32_Tub1,H2_32
2026-03-18,Wed,Grady,PX_H2_32_Tub1_Lacerate 70,0,6,alive,,W5-6,#N/A,1,6,H2,32,PX_H2,H2_32_Tub1,H2_32
2026-03-18,Wed,Grady,P1_H2_32_Tub2_Lacerate 71,7,5,alive,,W5-6,0.7142857143,7,0.7142857143,H2,32,P1_H2,H2_32_Tub2,H2_32
2026-03-18,Wed,Grady,P1_H2_32_Tub2_Lacerate 72,7,7,alive,,W5-6,1,7,1,H2,32,P1_H2,H2_32_Tub2,H2_32
2026-03-18,Wed,Grady,P1_H2_32_Tub2_Lacerate 73,7,8,alive,,W5-6,1.142857143,7,1.142857143,H2,32,P1_H2,H2_32_Tub2,H2_32
2026-03-18,Wed,Grady,P1_H2_32_Tub2_Lacerate 74,7,9,alive,,W5-6,1.285714286,7,1.285714286,H2,32,P1_H2,H2_32_Tub2,H2_32
2026-03-18,Wed,Grady,P3_H2_32_Tub2_Lacerate 75,2,4,alive,,W5-6,2,2,2,H2,32,P3_H2,H2_32_Tub2,H2_32
2026-03-18,Wed,Grady,P3_H2_32_Tub2_Lacerate 76,2,8,alive,,W5-6,4,2,4,H2,32,P3_H2,H2_32_Tub2,H2_32
2026-03-18,Wed,Grady,P2_H2_32_Tub2_Lacerate 77,2,7,alive,,W5-6,3.5,2,3.5,H2,32,P2_H2,H2_32_Tub2,H2_32
2026-03-18,Wed,Grady,P2_H2_32_Tub2_Lacerate 78,2,4,alive,,W5-6,2,2,2,H2,32,P2_H2,H2_32_Tub2,H2_32
2026-03-18,Wed,Grady,P2_H2_32_Tub2_Lacerate 79,2,3,alive,,W5-6,1.5,2,1.5,H2,32,P2_H2,H2_32_Tub2,H2_32
2026-03-18,Wed,Grady,P2_H2_32_Tub2_Lacerate 80,2,3,alive,,W5-6,1.5,2,1.5,H2,32,P2_H2,H2_32_Tub2,H2_32
2026-03-18,Wed,Grady,P2_H2_32_Tub2_Lacerate 81,2,0,alive,,W5-6,0,2,0,H2,32,P2_H2,H2_32_Tub2,H2_32
2026-03-18,Wed,Grady,P2_H2_32_Tub2_Lacerate 82,2,3,alive,,W5-6,1.5,2,1.5,H2,32,P2_H2,H2_32_Tub2,H2_32
2026-03-18,Wed,Grady,P3_H2_32_Tub2_Lacerate 83,0,5,alive,,W5-6,#N/A,1,5,H2,32,P3_H2,H2_32_Tub2,H2_32
2026-03-18,Wed,Grady,P1_H2_32_Tub2_Lacerate 84,0,0,alive,,W5-6,#N/A,1,0,H2,32,P1_H2,H2_32_Tub2,H2_32
2026-03-18,Wed,Grady,P1_H2_32_Tub3_Lacerate 42,7,12,alive,,W5-6,1.714285714,7,1.714285714,H2,32,P1_H2,H2_32_Tub3,H2_32
2026-03-18,Wed,Grady,P1_H2_32_Tub3_Lacerate 43,7,9,alive,,W5-6,1.285714286,7,1.285714286,H2,32,P1_H2,H2_32_Tub3,H2_32
2026-03-18,Wed,Grady,P1_H2_32_Tub3_Lacerate 44,7,7,alive,,W5-6,1,7,1,H2,32,P1_H2,H2_32_Tub3,H2_32
2026-03-18,Wed,Grady,P2_H2_32_Tub3_Lacerate 45,7,9,alive,,W5-6,1.285714286,7,1.285714286,H2,32,P2_H2,H2_32_Tub3,H2_32
2026-03-18,Wed,Grady,P2_H2_32_Tub3_Lacerate 46,7,5,alive,,W5-6,0.7142857143,7,0.7142857143,H2,32,P2_H2,H2_32_Tub3,H2_32
2026-03-18,Wed,Grady,P2_H2_32_Tub3_Lacerate 47,7,10,alive,,W5-6,1.428571429,7,1.428571429,H2,32,P2_H2,H2_32_Tub3,H2_32
2026-03-18,Wed,Grady,P2_H2_32_Tub3_Lacerate 48,7,,missing,,W5-6,0,7,0,H2,32,P2_H2,H2_32_Tub3,H2_32
2026-03-18,Wed,Grady,P3_H2_32_Tub3_Lacerate 49,5,9,alive,,W5-6,1.8,5,1.8,H2,32,P3_H2,H2_32_Tub3,H2_32
2026-03-18,Wed,Grady,P3_H2_32_Tub3_Lacerate 50,5,8,alive,,W5-6,1.6,5,1.6,H2,32,P3_H2,H2_32_Tub3,H2_32
2026-03-18,Wed,Grady,P3_H2_32_Tub3_Lacerate 51,5,8,alive,,W5-6,1.6,5,1.6,H2,32,P3_H2,H2_32_Tub3,H2_32
2026-03-18,Wed,Grady,P3_H2_32_Tub3_Lacerate 52,5,6,alive,,W5-6,1.2,5,1.2,H2,32,P3_H2,H2_32_Tub3,H2_32
2026-03-18,Wed,Grady,P3_H2_32_Tub3_Lacerate 53,5,12,alive,,W5-6,2.4,5,2.4,H2,32,P3_H2,H2_32_Tub3,H2_32
2026-03-18,Wed,Grady,P3_H2_32_Tub3_Lacerate 54,5,,missing,,W5-6,0,5,0,H2,32,P3_H2,H2_32_Tub3,H2_32
2026-03-18,Wed,Grady,P1_H2_32_Tub3_Lacerate 55,2,5,alive,,W5-6,2.5,2,2.5,H2,32,P1_H2,H2_32_Tub3,H2_32
2026-03-18,Wed,Grady,P1_H2_32_Tub3_Lacerate 56,2,6,alive,,W5-6,3,2,3,H2,32,P1_H2,H2_32_Tub3,H2_32
2026-03-18,Wed,Grady,P3_H2_32_Tub3_Lacerate 57,0,0,alive,,W5-6,#N/A,1,0,H2,32,P3_H2,H2_32_Tub3,H2_32
2026-03-18,Wed,Grady,P3_H2_32_Tub3_Lacerate 58,0,0,alive,,W5-6,#N/A,1,0,H2,32,P3_H2,H2_32_Tub3,H2_32
2026-03-18,Wed,Grady,P3_H2_32_Tub3_Lacerate 59,0,0,alive,,W5-6,#N/A,1,0,H2,32,P3_H2,H2_32_Tub3,H2_32
2026-03-18,Wed,Grady,P3_H2_32_Tub3_Lacerate 60,0,4,alive,,W5-6,#N/A,1,4,H2,32,P3_H2,H2_32_Tub3,H2_32
2026-03-18,Wed,Grady,P1_VWA_32_Tub1_Lacerate 52,7,0,alive,,W5-6,0,7,0,VWA,32,P1_VWA,VWA_32_Tub1,VWA_32
2026-03-18,Wed,Grady,P1_VWA_32_Tub1_Lacerate 53,7,0,alive,,W5-6,0,7,0,VWA,32,P1_VWA,VWA_32_Tub1,VWA_32
2026-03-18,Wed,Grady,P1_VWA_32_Tub1_Lacerate 54,7,0,alive,,W5-6,0,7,0,VWA,32,P1_VWA,VWA_32_Tub1,VWA_32
2026-03-18,Wed,Grady,P1_VWA_32_Tub1_Lacerate 55,7,0,alive,,W5-6,0,7,0,VWA,32,P1_VWA,VWA_32_Tub1,VWA_32
2026-03-18,Wed,Grady,P3_VWA_32_Tub1_Lacerate 56,7,6,alive,,W5-6,0.8571428571,7,0.8571428571,VWA,32,P3_VWA,VWA_32_Tub1,VWA_32
2026-03-18,Wed,Grady,P3_VWA_32_Tub1_Lacerate 57,7,0,alive,,W5-6,0,7,0,VWA,32,P3_VWA,VWA_32_Tub1,VWA_32
2026-03-18,Wed,Grady,P1_VWA_32_Tub1_Lacerate 58,7,12,alive,,W5-6,1.714285714,7,1.714285714,VWA,32,P1_VWA,VWA_32_Tub1,VWA_32
2026-03-18,Wed,Grady,P2_VWA_32_Tub1_Lacerate 59,5,6,alive,,W5-6,1.2,5,1.2,VWA,32,P2_VWA,VWA_32_Tub1,VWA_32
2026-03-18,Wed,Grady,P2_VWA_32_Tub1_Lacerate 60,5,6,alive,,W5-6,1.2,5,1.2,VWA,32,P2_VWA,VWA_32_Tub1,VWA_32
2026-03-18,Wed,Grady,P2_VWA_32_Tub1_Lacerate 61,2,0,alive,,W5-6,0,2,0,VWA,32,P2_VWA,VWA_32_Tub1,VWA_32
2026-03-18,Wed,Grady,P1_VWA_32_Tub2_Lacerate 20,7,0,alive,,W5-6,0,7,0,VWA,32,P1_VWA,VWA_32_Tub2,VWA_32
2026-03-18,Wed,Grady,P1_VWA_32_Tub2_Lacerate 21,7,0,alive,,W5-6,0,7,0,VWA,32,P1_VWA,VWA_32_Tub2,VWA_32
2026-03-18,Wed,Grady,P1_VWA_32_Tub2_Lacerate 22,7,0,alive,,W5-6,0,7,0,VWA,32,P1_VWA,VWA_32_Tub2,VWA_32
2026-03-18,Wed,Grady,P3_VWA_32_Tub2_Lacerate 23,7,0,alive,,W5-6,0,7,0,VWA,32,P3_VWA,VWA_32_Tub2,VWA_32
2026-03-18,Wed,Grady,P3_VWA_32_Tub2_Lacerate 24,7,0,alive,,W5-6,0,7,0,VWA,32,P3_VWA,VWA_32_Tub2,VWA_32
2026-03-18,Wed,Grady,PX_VWA_32_Tub2_Lacerate 25,7,10,alive,,W5-6,1.428571429,7,1.428571429,VWA,32,PX_VWA,VWA_32_Tub2,VWA_32
2026-03-18,Wed,Grady,P2_VWA_32_Tub2_Lacerate 26,5,20,alive,,W5-6,4,5,4,VWA,32,P2_VWA,VWA_32_Tub2,VWA_32
2026-03-18,Wed,Grady,P2_VWA_32_Tub2_Lacerate 27,5,0,alive,,W5-6,0,5,0,VWA,32,P2_VWA,VWA_32_Tub2,VWA_32
2026-03-18,Wed,Grady,P2_VWA_32_Tub2_Lacerate 28,5,0,alive,,W5-6,0,5,0,VWA,32,P2_VWA,VWA_32_Tub2,VWA_32
2026-03-18,Wed,Grady,P2_VWA_32_Tub2_Lacerate 29,5,0,alive,,W5-6,0,5,0,VWA,32,P2_VWA,VWA_32_Tub2,VWA_32
2026-03-18,Wed,Grady,P2_VWA_32_Tub2_Lacerate 30,5,0,alive,,W5-6,0,5,0,VWA,32,P2_VWA,VWA_32_Tub2,VWA_32
2026-03-18,Wed,Grady,P2_VWA_32_Tub2_Lacerate 31,2,9,alive,,W5-6,4.5,2,4.5,VWA,32,P2_VWA,VWA_32_Tub2,VWA_32
2026-03-18,Wed,Grady,P2_VWA_32_Tub2_Lacerate 32,2,5,alive,,W5-6,2.5,2,2.5,VWA,32,P2_VWA,VWA_32_Tub2,VWA_32
2026-03-18,Wed,Grady,P3_VWA_32_Tub2_Lacerate 33,2,6,alive,,W5-6,3,2,3,VWA,32,P3_VWA,VWA_32_Tub2,VWA_32
2026-03-18,Wed,Grady,P3_VWA_32_Tub2_Lacerate 34,0,0,alive,,W5-6,#N/A,1,0,VWA,32,P3_VWA,VWA_32_Tub2,VWA_32
2026-03-18,Wed,Grady,P3_VWA_32_Tub2_Lacerate 35,0,0,alive,,W5-6,#N/A,1,0,VWA,32,P3_VWA,VWA_32_Tub2,VWA_32
2026-03-18,Wed,Grady,P1_VWA_32_Tub2_Lacerate 36,0,10,alive,,W5-6,#N/A,1,10,VWA,32,P1_VWA,VWA_32_Tub2,VWA_32
2026-03-18,Wed,Grady,P1_VWA_32_Tub2_Lacerate 37,0,12,alive,,W5-6,#N/A,1,12,VWA,32,P1_VWA,VWA_32_Tub2,VWA_32
2026-03-18,Wed,Grady,P1_VWA_32_Tub3_Lacerate 24,7,9,alive,,W5-6,1.285714286,7,1.285714286,VWA,32,P1_VWA,VWA_32_Tub3,VWA_32
2026-03-18,Wed,Grady,P1_VWA_32_Tub3_Lacerate 25,7,14,alive,,W5-6,2,7,2,VWA,32,P1_VWA,VWA_32_Tub3,VWA_32
2026-03-18,Wed,Grady,P1_VWA_32_Tub3_Lacerate 26,7,0,alive,,W5-6,0,7,0,VWA,32,P1_VWA,VWA_32_Tub3,VWA_32
2026-03-18,Wed,Grady,PX_VWA_32_Tub3_Lacerate 27,5,0,alive,,W5-6,0,5,0,VWA,32,PX_VWA,VWA_32_Tub3,VWA_32
2026-03-18,Wed,Grady,P3_VWA_32_Tub3_Lacerate 28,2,17,alive,,W5-6,8.5,2,8.5,VWA,32,P3_VWA,VWA_32_Tub3,VWA_32
2026-03-18,Wed,Grady,P1_VWA_32_Tub3_Lacerate 29,0,0,alive,,W5-6,#N/A,1,0,VWA,32,P1_VWA,VWA_32_Tub3,VWA_32
2026-03-18,Wed,Grady,P1_VWA_32_Tub3_Lacerate 30,0,0,alive,,W5-6,#N/A,1,0,VWA,32,P1_VWA,VWA_32_Tub3,VWA_32
2026-03-18,Wed,Grady,P2_VWA_32_Tub3_Lacerate 31,0,0,alive,,W5-6,#N/A,1,0,VWA,32,P2_VWA,VWA_32_Tub3,VWA_32
2026-03-18,Wed,Grady,P2_VWA_32_Tub3_Lacerate 32,0,0,alive,,W5-6,#N/A,1,0,VWA,32,P2_VWA,VWA_32_Tub3,VWA_32
2026-03-18,Wed,Grady,P2_VWA_32_Tub3_Lacerate 33,0,0,alive,,W5-6,#N/A,1,0,VWA,32,P2_VWA,VWA_32_Tub3,VWA_32
2026-03-18,Wed,Grady,P2_VWA_32_Tub3_Lacerate 34,0,0,alive,,W5-6,#N/A,1,0,VWA,32,P2_VWA,VWA_32_Tub3,VWA_32
2026-03-18,Wed,Grady,P2_VWA_32_Tub3_Lacerate 35,0,0,alive,,W5-6,#N/A,1,0,VWA,32,P2_VWA,VWA_32_Tub3,VWA_32
2026-03-18,Wed,Grady,P3_VWA_32_Tub3_Lacerate 36,0,0,alive,,W5-6,#N/A,1,0,VWA,32,P3_VWA,VWA_32_Tub3,VWA_32
2026-03-18,Wed,Grady,P3_VWA_32_Tub3_Lacerate 37,0,0,alive,,W5-6,#N/A,1,0,VWA,32,P3_VWA,VWA_32_Tub3,VWA_32
2026-03-18,Wed,Grady,P3_VWA_32_Tub3_Lacerate 38,0,0,alive,,W5-6,#N/A,1,0,VWA,32,P3_VWA,VWA_32_Tub3,VWA_32
2026-03-18,Wed,Grady,P3_VWA_32_Tub3_Lacerate 39,0,0,alive,,W5-6,#N/A,1,0,VWA,32,P3_VWA,VWA_32_Tub3,VWA_32
2026-03-20,Fri,Aiden,P2_H2_25_Tub1_Lacerate 43,9,12,alive,,W5-6,1.333333333,9,1.333333333,H2,25,P2_H2,H2_25_Tub1,H2_25
2026-03-20,Fri,Aiden,P3_H2_25_Tub1_Lacerate 44,9,12,alive,,W5-6,1.333333333,9,1.333333333,H2,25,P3_H2,H2_25_Tub1,H2_25
2026-03-20,Fri,Aiden,P3_H2_25_Tub1_Lacerate 45,9,10,alive,,W5-6,1.111111111,9,1.111111111,H2,25,P3_H2,H2_25_Tub1,H2_25
2026-03-20,Fri,Aiden,P3_H2_25_Tub1_Lacerate 46,9,12,alive,,W5-6,1.333333333,9,1.333333333,H2,25,P3_H2,H2_25_Tub1,H2_25
2026-03-20,Fri,Aiden,P3_H2_25_Tub1_Lacerate 47,9,7,alive,,W5-6,0.7777777778,9,0.7777777778,H2,25,P3_H2,H2_25_Tub1,H2_25
2026-03-20,Fri,Aiden,PX_H2_25_Tub1_Lacerate 48,9,15,alive,,W5-6,1.666666667,9,1.666666667,H2,25,PX_H2,H2_25_Tub1,H2_25
2026-03-20,Fri,Aiden,P1_H2_25_Tub1_Lacerate 49,9,9,alive,,W5-6,1,9,1,H2,25,P1_H2,H2_25_Tub1,H2_25
2026-03-20,Fri,Aiden,P1_H2_25_Tub1_Lacerate 50,9,11,alive,,W5-6,1.222222222,9,1.222222222,H2,25,P1_H2,H2_25_Tub1,H2_25
2026-03-20,Fri,Aiden,P1_H2_25_Tub1_Lacerate 51,9,12,alive,,W5-6,1.333333333,9,1.333333333,H2,25,P1_H2,H2_25_Tub1,H2_25
2026-03-20,Fri,Aiden,P1_H2_25_Tub1_Lacerate 52,9,10,alive,,W5-6,1.111111111,9,1.111111111,H2,25,P1_H2,H2_25_Tub1,H2_25
2026-03-20,Fri,Aiden,P1_H2_25_Tub1_Lacerate 53,9,17,alive,,W5-6,1.888888889,9,1.888888889,H2,25,P1_H2,H2_25_Tub1,H2_25
2026-03-20,Fri,Aiden,P1_H2_25_Tub1_Lacerate 54,9,12,alive,,W5-6,1.333333333,9,1.333333333,H2,25,P1_H2,H2_25_Tub1,H2_25
2026-03-20,Fri,Aiden,P1_H2_25_Tub1_Lacerate 55,9,13,alive,,W5-6,1.444444444,9,1.444444444,H2,25,P1_H2,H2_25_Tub1,H2_25
2026-03-20,Fri,Aiden,P2_H2_25_Tub1_Lacerate 56,9,13,alive,,W5-6,1.444444444,9,1.444444444,H2,25,P2_H2,H2_25_Tub1,H2_25
2026-03-20,Fri,Aiden,P2_H2_25_Tub1_Lacerate 57,7,8,alive,,W5-6,1.142857143,7,1.142857143,H2,25,P2_H2,H2_25_Tub1,H2_25
2026-03-20,Fri,Aiden,P2_H2_25_Tub1_Lacerate 58,7,12,alive,,W5-6,1.714285714,7,1.714285714,H2,25,P2_H2,H2_25_Tub1,H2_25
2026-03-20,Fri,Aiden,P3_H2_25_Tub1_Lacerate 59,4,12,alive,,W5-6,3,4,3,H2,25,P3_H2,H2_25_Tub1,H2_25
2026-03-20,Fri,Aiden,P3_H2_25_Tub1_Lacerate 60,4,16,alive,,W5-6,4,4,4,H2,25,P3_H2,H2_25_Tub1,H2_25
2026-03-20,Fri,Aiden,P3_H2_25_Tub1_Lacerate 61,4,6,alive,,W5-6,1.5,4,1.5,H2,25,P3_H2,H2_25_Tub1,H2_25
2026-03-20,Fri,Aiden,P3_H2_25_Tub1_Lacerate 62,4,,missing,,W5-6,0,4,0,H2,25,P3_H2,H2_25_Tub1,H2_25
2026-03-20,Fri,Aiden,P3_H2_25_Tub1_Lacerate 63,4,11,alive,,W5-6,2.75,4,2.75,H2,25,P3_H2,H2_25_Tub1,H2_25
2026-03-20,Fri,Aiden,P2_H2_25_Tub1_Lacerate 64,4,9,alive,,W5-6,2.25,4,2.25,H2,25,P2_H2,H2_25_Tub1,H2_25
2026-03-20,Fri,Aiden,PX_H2_25_Tub1_Lacerate 65,4,9,alive,,W5-6,2.25,4,2.25,H2,25,PX_H2,H2_25_Tub1,H2_25
2026-03-20,Fri,Aiden,PX_H2_25_Tub1_Lacerate 66,4,11,alive,,W5-6,2.75,4,2.75,H2,25,PX_H2,H2_25_Tub1,H2_25
2026-03-20,Fri,Aiden,PX_H2_25_Tub1_Lacerate 67,4,14,alive,,W5-6,3.5,4,3.5,H2,25,PX_H2,H2_25_Tub1,H2_25
2026-03-20,Fri,Aiden,PX_H2_25_Tub1_Lacerate 68,4,11,alive,,W5-6,2.75,4,2.75,H2,25,PX_H2,H2_25_Tub1,H2_25
2026-03-20,Fri,Aiden,PX_H2_25_Tub1_Lacerate 69,4,10,alive,,W5-6,2.5,4,2.5,H2,25,PX_H2,H2_25_Tub1,H2_25
2026-03-20,Fri,Aiden,PX_H2_25_Tub1_Lacerate 70,4,10,alive,,W5-6,2.5,4,2.5,H2,25,PX_H2,H2_25_Tub1,H2_25
2026-03-20,Fri,Aiden,PX_H2_25_Tub1_Lacerate 71,4,10,alive,,W5-6,2.5,4,2.5,H2,25,PX_H2,H2_25_Tub1,H2_25
2026-03-20,Fri,Aiden,PX_H2_25_Tub1_Lacerate 72,4,12,alive,,W5-6,3,4,3,H2,25,PX_H2,H2_25_Tub1,H2_25
2026-03-20,Fri,Aiden,PX_H2_25_Tub1_Lacerate 73,4,12,alive,,W5-6,3,4,3,H2,25,PX_H2,H2_25_Tub1,H2_25
2026-03-20,Fri,Aiden,PX_H2_25_Tub1_Lacerate 74,4,10,alive,,W5-6,2.5,4,2.5,H2,25,PX_H2,H2_25_Tub1,H2_25
2026-03-20,Fri,Aiden,PX_H2_25_Tub1_Lacerate 75,4,14,alive,,W5-6,3.5,4,3.5,H2,25,PX_H2,H2_25_Tub1,H2_25
2026-03-20,Fri,Aiden,PX_H2_25_Tub1_Lacerate 76,4,9,alive,,W5-6,2.25,4,2.25,H2,25,PX_H2,H2_25_Tub1,H2_25
2026-03-20,Fri,Aiden,PX_H2_25_Tub1_Lacerate 77,4,12,alive,,W5-6,3,4,3,H2,25,PX_H2,H2_25_Tub1,H2_25
2026-03-20,Fri,Aiden,PX_H2_25_Tub1_Lacerate 78,4,10,alive,,W5-6,2.5,4,2.5,H2,25,PX_H2,H2_25_Tub1,H2_25
2026-03-20,Fri,Aiden,PX_H2_25_Tub1_Lacerate 79,4,12,alive,,W5-6,3,4,3,H2,25,PX_H2,H2_25_Tub1,H2_25
2026-03-20,Fri,Aiden,PX_H2_25_Tub1_Lacerate 80,4,10,alive,,W5-6,2.5,4,2.5,H2,25,PX_H2,H2_25_Tub1,H2_25
2026-03-20,Fri,Aiden,PX_H2_25_Tub1_Lacerate 81,0,7,alive,,W5-6,#N/A,1,7,H2,25,PX_H2,H2_25_Tub1,H2_25
2026-03-20,Fri,Aiden,PX_H2_25_Tub1_Lacerate 82,0,8,alive,,W5-6,#N/A,1,8,H2,25,PX_H2,H2_25_Tub1,H2_25
2026-03-20,Fri,Aiden,PX_H2_25_Tub1_Lacerate 83,0,7,alive,,W5-6,#N/A,1,7,H2,25,PX_H2,H2_25_Tub1,H2_25
2026-03-20,Fri,Aiden,PX_H2_25_Tub1_Lacerate 84,0,6,alive,,W5-6,#N/A,1,6,H2,25,PX_H2,H2_25_Tub1,H2_25
2026-03-20,Fri,Aiden,P3_H2_25_Tub2_Lacerate 30,9,10,alive,,W5-6,1.111111111,9,1.111111111,H2,25,P3_H2,H2_25_Tub2,H2_25
2026-03-20,Fri,Aiden,P1_H2_25_Tub2_Lacerate 31,7,14,alive,,W5-6,2,7,2,H2,25,P1_H2,H2_25_Tub2,H2_25
2026-03-20,Fri,Aiden,P3_H2_25_Tub2_Lacerate 32,7,12,alive,,W5-6,1.714285714,7,1.714285714,H2,25,P3_H2,H2_25_Tub2,H2_25
2026-03-20,Fri,Aiden,P3_H2_25_Tub2_Lacerate 33,7,10,alive,,W5-6,1.428571429,7,1.428571429,H2,25,P3_H2,H2_25_Tub2,H2_25
2026-03-20,Fri,Aiden,PX_H2_25_Tub2_Lacerate 34,4,10,alive,,W5-6,2.5,4,2.5,H2,25,PX_H2,H2_25_Tub2,H2_25
2026-03-20,Fri,Aiden,PX_H2_25_Tub2_Lacerate 35,4,11,alive,,W5-6,2.75,4,2.75,H2,25,PX_H2,H2_25_Tub2,H2_25
2026-03-20,Fri,Aiden,P2_H2_25_Tub2_Lacerate 36,4,8,alive,,W5-6,2,4,2,H2,25,P2_H2,H2_25_Tub2,H2_25
2026-03-20,Fri,Aiden,PX_H2_25_Tub2_Lacerate 37,4,9,alive,,W5-6,2.25,4,2.25,H2,25,PX_H2,H2_25_Tub2,H2_25
2026-03-20,Fri,Aiden,PX_H2_25_Tub2_Lacerate 38,4,11,alive,,W5-6,2.75,4,2.75,H2,25,PX_H2,H2_25_Tub2,H2_25
2026-03-20,Fri,Aiden,P1_H2_25_Tub2_Lacerate 39,4,11,alive,,W5-6,2.75,4,2.75,H2,25,P1_H2,H2_25_Tub2,H2_25
2026-03-20,Fri,Aiden,P1_H2_25_Tub2_Lacerate 40,4,11,alive,,W5-6,2.75,4,2.75,H2,25,P1_H2,H2_25_Tub2,H2_25
2026-03-20,Fri,Aiden,P1_H2_25_Tub2_Lacerate 41,4,12,alive,,W5-6,3,4,3,H2,25,P1_H2,H2_25_Tub2,H2_25
2026-03-20,Fri,Aiden,P1_H2_25_Tub2_Lacerate 42,4,10,alive,,W5-6,2.5,4,2.5,H2,25,P1_H2,H2_25_Tub2,H2_25
2026-03-20,Fri,Aiden,P1_H2_25_Tub2_Lacerate 43,4,19,alive,,W5-6,4.75,4,4.75,H2,25,P1_H2,H2_25_Tub2,H2_25
2026-03-20,Fri,Aiden,P1_H2_25_Tub2_Lacerate 44,4,10,alive,,W5-6,2.5,4,2.5,H2,25,P1_H2,H2_25_Tub2,H2_25
2026-03-20,Fri,Aiden,P1_H2_25_Tub2_Lacerate 45,4,11,alive,,W5-6,2.75,4,2.75,H2,25,P1_H2,H2_25_Tub2,H2_25
2026-03-20,Fri,Aiden,P3_H2_25_Tub2_Lacerate 46,4,11,alive,,W5-6,2.75,4,2.75,H2,25,P3_H2,H2_25_Tub2,H2_25
2026-03-20,Fri,Aiden,P3_H2_25_Tub2_Lacerate 47,4,17,alive,,W5-6,4.25,4,4.25,H2,25,P3_H2,H2_25_Tub2,H2_25
2026-03-20,Fri,Aiden,PX_H2_25_Tub2_Lacerate 48,4,10,alive,,W5-6,2.5,4,2.5,H2,25,PX_H2,H2_25_Tub2,H2_25
2026-03-20,Fri,Aiden,PX_H2_25_Tub2_Lacerate 49,4,15,alive,,W5-6,3.75,4,3.75,H2,25,PX_H2,H2_25_Tub2,H2_25
2026-03-20,Fri,Aiden,PX_H2_25_Tub2_Lacerate 50,2,13,alive,,W5-6,6.5,2,6.5,H2,25,PX_H2,H2_25_Tub2,H2_25
2026-03-20,Fri,Aiden,PX_H2_25_Tub2_Lacerate 51,2,10,alive,,W5-6,5,2,5,H2,25,PX_H2,H2_25_Tub2,H2_25
2026-03-20,Fri,Aiden,PX_H2_25_Tub2_Lacerate 52,2,12,alive,,W5-6,6,2,6,H2,25,PX_H2,H2_25_Tub2,H2_25
2026-03-20,Fri,Aiden,P1_H2_25_Tub2_Lacerate 53,2,9,alive,,W5-6,4.5,2,4.5,H2,25,P1_H2,H2_25_Tub2,H2_25
2026-03-20,Fri,Aiden,PX_H2_25_Tub2_Lacerate 54,0,9,alive,,W5-6,#N/A,1,9,H2,25,PX_H2,H2_25_Tub2,H2_25
2026-03-20,Fri,Aiden,PX_H2_25_Tub2_Lacerate 55,0,10,alive,,W5-6,#N/A,1,10,H2,25,PX_H2,H2_25_Tub2,H2_25
2026-03-20,Fri,Aiden,PX_H2_25_Tub2_Lacerate 56,0,7,alive,,W5-6,#N/A,1,7,H2,25,PX_H2,H2_25_Tub2,H2_25
2026-03-20,Fri,Aiden,PX_H2_25_Tub2_Lacerate 57,0,7,alive,,W5-6,#N/A,1,7,H2,25,PX_H2,H2_25_Tub2,H2_25
2026-03-20,Fri,Aiden,P1_H2_25_Tub2_Lacerate 58,0,11,alive,,W5-6,#N/A,1,11,H2,25,P1_H2,H2_25_Tub2,H2_25
2026-03-20,Fri,Aiden,P3_H2_25_Tub3_Lacerate 35,9,10,alive,,W5-6,1.111111111,9,1.111111111,H2,25,P3_H2,H2_25_Tub3,H2_25
2026-03-20,Fri,Aiden,P2_H2_25_Tub3_Lacerate 36,9,,missing,,W5-6,0,9,0,H2,25,P2_H2,H2_25_Tub3,H2_25
2026-03-20,Fri,Aiden,P3_H2_25_Tub3_Lacerate 37,9,9,alive,,W5-6,1,9,1,H2,25,P3_H2,H2_25_Tub3,H2_25
2026-03-20,Fri,Aiden,P2_H2_25_Tub3_Lacerate 38,9,11,alive,,W5-6,1.222222222,9,1.222222222,H2,25,P2_H2,H2_25_Tub3,H2_25
2026-03-20,Fri,Aiden,P2_H2_25_Tub3_Lacerate 39,9,10,alive,,W5-6,1.111111111,9,1.111111111,H2,25,P2_H2,H2_25_Tub3,H2_25
2026-03-20,Fri,Aiden,P1_H2_25_Tub3_Lacerate 40,7,9,alive,,W5-6,1.285714286,7,1.285714286,H2,25,P1_H2,H2_25_Tub3,H2_25
2026-03-20,Fri,Aiden,PX_H2_25_Tub3_Lacerate 41,7,10,alive,,W5-6,1.428571429,7,1.428571429,H2,25,PX_H2,H2_25_Tub3,H2_25
2026-03-20,Fri,Aiden,PX_H2_25_Tub3_Lacerate 42,7,10,alive,,W5-6,1.428571429,7,1.428571429,H2,25,PX_H2,H2_25_Tub3,H2_25
2026-03-20,Fri,Aiden,P3_H2_25_Tub3_Lacerate 43,4,9,alive,,W5-6,2.25,4,2.25,H2,25,P3_H2,H2_25_Tub3,H2_25
2026-03-20,Fri,Aiden,P3_H2_25_Tub3_Lacerate 44,4,9,alive,,W5-6,2.25,4,2.25,H2,25,P3_H2,H2_25_Tub3,H2_25
2026-03-20,Fri,Aiden,PX_H2_25_Tub3_Lacerate 45,4,12,alive,,W5-6,3,4,3,H2,25,PX_H2,H2_25_Tub3,H2_25
2026-03-20,Fri,Aiden,PX_H2_25_Tub3_Lacerate 46,4,10,alive,,W5-6,2.5,4,2.5,H2,25,PX_H2,H2_25_Tub3,H2_25
2026-03-20,Fri,Aiden,PX_H2_25_Tub3_Lacerate 47,4,9,alive,,W5-6,2.25,4,2.25,H2,25,PX_H2,H2_25_Tub3,H2_25
2026-03-20,Fri,Aiden,P1_H2_25_Tub3_Lacerate 48,4,11,alive,,W5-6,2.75,4,2.75,H2,25,P1_H2,H2_25_Tub3,H2_25
2026-03-20,Fri,Aiden,PX_H2_25_Tub3_Lacerate 49,4,10,alive,,W5-6,2.5,4,2.5,H2,25,PX_H2,H2_25_Tub3,H2_25
2026-03-20,Fri,Aiden,PX_H2_25_Tub3_Lacerate 50,4,11,alive,,W5-6,2.75,4,2.75,H2,25,PX_H2,H2_25_Tub3,H2_25
2026-03-20,Fri,Aiden,P1_H2_25_Tub3_Lacerate 51,2,5,alive,,W5-6,2.5,2,2.5,H2,25,P1_H2,H2_25_Tub3,H2_25
2026-03-20,Fri,Aiden,P1_H2_25_Tub3_Lacerate 52,0,7,alive,,W5-6,#N/A,1,7,H2,25,P1_H2,H2_25_Tub3,H2_25
2026-03-20,Fri,Aiden,P1_H2_25_Tub3_Lacerate 53,0,6,alive,,W5-6,#N/A,1,6,H2,25,P1_H2,H2_25_Tub3,H2_25
2026-03-20,Fri,Aiden,P2_VWA_25_Tub1_Lacerate 53,9,11,alive,,W5-6,1.222222222,9,1.222222222,VWA,25,P2_VWA,VWA_25_Tub1,VWA_25
2026-03-20,Fri,Aiden,P3_VWA_25_Tub1_Lacerate 54,9,9,alive,,W5-6,1,9,1,VWA,25,P3_VWA,VWA_25_Tub1,VWA_25
2026-03-20,Fri,Aiden,P3_VWA_25_Tub1_Lacerate 55,9,11,alive,,W5-6,1.222222222,9,1.222222222,VWA,25,P3_VWA,VWA_25_Tub1,VWA_25
2026-03-20,Fri,Aiden,P1_VWA_25_Tub1_Lacerate 56,9,0,alive,,W5-6,0,9,0,VWA,25,P1_VWA,VWA_25_Tub1,VWA_25
2026-03-20,Fri,Aiden,P1_VWA_25_Tub1_Lacerate 57,9,0,alive,,W5-6,0,9,0,VWA,25,P1_VWA,VWA_25_Tub1,VWA_25
2026-03-20,Fri,Aiden,P1_VWA_25_Tub1_Lacerate 58,9,0,alive,,W5-6,0,9,0,VWA,25,P1_VWA,VWA_25_Tub1,VWA_25
2026-03-20,Fri,Aiden,P1_VWA_25_Tub1_Lacerate 59,9,0,alive,,W5-6,0,9,0,VWA,25,P1_VWA,VWA_25_Tub1,VWA_25
2026-03-20,Fri,Aiden,P1_VWA_25_Tub1_Lacerate 60,9,0,alive,,W5-6,0,9,0,VWA,25,P1_VWA,VWA_25_Tub1,VWA_25
2026-03-20,Fri,Aiden,P1_VWA_25_Tub1_Lacerate 61,9,0,alive,,W5-6,0,9,0,VWA,25,P1_VWA,VWA_25_Tub1,VWA_25
2026-03-20,Fri,Aiden,P1_VWA_25_Tub1_Lacerate 62,9,0,alive,,W5-6,0,9,0,VWA,25,P1_VWA,VWA_25_Tub1,VWA_25
2026-03-20,Fri,Aiden,P1_VWA_25_Tub1_Lacerate 63,9,0,alive,,W5-6,0,9,0,VWA,25,P1_VWA,VWA_25_Tub1,VWA_25
2026-03-20,Fri,Aiden,P1_VWA_25_Tub1_Lacerate 64,9,7,alive,,W5-6,0.7777777778,9,0.7777777778,VWA,25,P1_VWA,VWA_25_Tub1,VWA_25
2026-03-20,Fri,Aiden,P1_VWA_25_Tub1_Lacerate 65,7,7,alive,,W5-6,1,7,1,VWA,25,P1_VWA,VWA_25_Tub1,VWA_25
2026-03-20,Fri,Aiden,P3_VWA_25_Tub1_Lacerate 66,7,10,alive,,W5-6,1.428571429,7,1.428571429,VWA,25,P3_VWA,VWA_25_Tub1,VWA_25
2026-03-20,Fri,Aiden,P1_VWA_25_Tub1_Lacerate 67,7,0,alive,,W5-6,0,7,0,VWA,25,P1_VWA,VWA_25_Tub1,VWA_25
2026-03-20,Fri,Aiden,P2_VWA_25_Tub1_Lacerate 68,4,0,alive,,W5-6,0,4,0,VWA,25,P2_VWA,VWA_25_Tub1,VWA_25
2026-03-20,Fri,Aiden,P2_VWA_25_Tub1_Lacerate 69,4,0,alive,,W5-6,0,4,0,VWA,25,P2_VWA,VWA_25_Tub1,VWA_25
2026-03-20,Fri,Aiden,P2_VWA_25_Tub1_Lacerate 70,4,0,alive,,W5-6,0,4,0,VWA,25,P2_VWA,VWA_25_Tub1,VWA_25
2026-03-20,Fri,Aiden,P2_VWA_25_Tub1_Lacerate 71,4,0,alive,,W5-6,0,4,0,VWA,25,P2_VWA,VWA_25_Tub1,VWA_25
2026-03-20,Fri,Aiden,PX_VWA_25_Tub1_Lacerate 72,2,9,alive,,W5-6,4.5,2,4.5,VWA,25,PX_VWA,VWA_25_Tub1,VWA_25
2026-03-20,Fri,Aiden,PX_VWA_25_Tub1_Lacerate 73,2,12,alive,,W5-6,6,2,6,VWA,25,PX_VWA,VWA_25_Tub1,VWA_25
2026-03-20,Fri,Aiden,P3_VWA_25_Tub1_Lacerate 74,2,13,alive,,W5-6,6.5,2,6.5,VWA,25,P3_VWA,VWA_25_Tub1,VWA_25
2026-03-20,Fri,Aiden,P3_VWA_25_Tub1_Lacerate 75,2,10,alive,,W5-6,5,2,5,VWA,25,P3_VWA,VWA_25_Tub1,VWA_25
2026-03-20,Fri,Aiden,PX_VWA_25_Tub1_Lacerate 76,2,11,alive,,W5-6,5.5,2,5.5,VWA,25,PX_VWA,VWA_25_Tub1,VWA_25
2026-03-20,Fri,Aiden,PX_VWA_25_Tub1_Lacerate 77,2,10,alive,,W5-6,5,2,5,VWA,25,PX_VWA,VWA_25_Tub1,VWA_25
2026-03-20,Fri,Aiden,P1_VWA_25_Tub1_Lacerate 78,0,0,alive,,W5-6,#N/A,1,0,VWA,25,P1_VWA,VWA_25_Tub1,VWA_25
2026-03-20,Fri,Aiden,P1_VWA_25_Tub1_Lacerate 79,0,0,alive,,W5-6,#N/A,1,0,VWA,25,P1_VWA,VWA_25_Tub1,VWA_25
2026-03-20,Fri,Aiden,P1_VWA_25_Tub1_Lacerate 80,0,0,alive,,W5-6,#N/A,1,0,VWA,25,P1_VWA,VWA_25_Tub1,VWA_25
2026-03-20,Fri,Aiden,P1_VWA_25_Tub1_Lacerate 81,0,0,alive,,W5-6,#N/A,1,0,VWA,25,P1_VWA,VWA_25_Tub1,VWA_25
2026-03-20,Fri,Aiden,P3_VWA_25_Tub2_Lacerate 28,9,0,alive,,W5-6,0,9,0,VWA,25,P3_VWA,VWA_25_Tub2,VWA_25
2026-03-20,Fri,Aiden,P2_VWA_25_Tub2_Lacerate 29,7,12,alive,,W5-6,1.714285714,7,1.714285714,VWA,25,P2_VWA,VWA_25_Tub2,VWA_25
2026-03-20,Fri,Aiden,P2_VWA_25_Tub2_Lacerate 30,7,10,alive,,W5-6,1.428571429,7,1.428571429,VWA,25,P2_VWA,VWA_25_Tub2,VWA_25
2026-03-20,Fri,Aiden,P2_VWA_25_Tub2_Lacerate 31,7,10,alive,,W5-6,1.428571429,7,1.428571429,VWA,25,P2_VWA,VWA_25_Tub2,VWA_25
2026-03-20,Fri,Aiden,P2_VWA_25_Tub2_Lacerate 32,7,11,alive,,W5-6,1.571428571,7,1.571428571,VWA,25,P2_VWA,VWA_25_Tub2,VWA_25
2026-03-20,Fri,Aiden,P1_VWA_25_Tub2_Lacerate 33,7,12,alive,,W5-6,1.714285714,7,1.714285714,VWA,25,P1_VWA,VWA_25_Tub2,VWA_25
2026-03-20,Fri,Aiden,P1_VWA_25_Tub2_Lacerate 34,7,0,alive,,W5-6,0,7,0,VWA,25,P1_VWA,VWA_25_Tub2,VWA_25
2026-03-20,Fri,Aiden,P1_VWA_25_Tub2_Lacerate 35,7,16,alive,,W5-6,2.285714286,7,2.285714286,VWA,25,P1_VWA,VWA_25_Tub2,VWA_25
2026-03-20,Fri,Aiden,P1_VWA_25_Tub2_Lacerate 36,4,0,alive,,W5-6,0,4,0,VWA,25,P1_VWA,VWA_25_Tub2,VWA_25
2026-03-20,Fri,Aiden,P1_VWA_25_Tub2_Lacerate 37,4,12,alive,,W5-6,3,4,3,VWA,25,P1_VWA,VWA_25_Tub2,VWA_25
2026-03-20,Fri,Aiden,P1_VWA_25_Tub2_Lacerate 38,4,11,alive,,W5-6,2.75,4,2.75,VWA,25,P1_VWA,VWA_25_Tub2,VWA_25
2026-03-20,Fri,Aiden,P1_VWA_25_Tub2_Lacerate 39,4,0,alive,,W5-6,0,4,0,VWA,25,P1_VWA,VWA_25_Tub2,VWA_25
2026-03-20,Fri,Aiden,P2_VWA_25_Tub2_Lacerate 40,4,10,alive,,W5-6,2.5,4,2.5,VWA,25,P2_VWA,VWA_25_Tub2,VWA_25
2026-03-20,Fri,Aiden,P2_VWA_25_Tub2_Lacerate 41,4,8,alive,,W5-6,2,4,2,VWA,25,P2_VWA,VWA_25_Tub2,VWA_25
2026-03-20,Fri,Aiden,PX_VWA_25_Tub2_Lacerate 42,4,11,alive,,W5-6,2.75,4,2.75,VWA,25,PX_VWA,VWA_25_Tub2,VWA_25
2026-03-20,Fri,Aiden,PX_VWA_25_Tub2_Lacerate 43,4,8,alive,,W5-6,2,4,2,VWA,25,PX_VWA,VWA_25_Tub2,VWA_25
2026-03-20,Fri,Aiden,PX_VWA_25_Tub2_Lacerate 44,2,12,alive,,W5-6,6,2,6,VWA,25,PX_VWA,VWA_25_Tub2,VWA_25
2026-03-20,Fri,Aiden,PX_VWA_25_Tub2_Lacerate 45,2,9,alive,,W5-6,4.5,2,4.5,VWA,25,PX_VWA,VWA_25_Tub2,VWA_25
2026-03-20,Fri,Aiden,P1_VWA_25_Tub2_Lacerate 46,2,0,alive,,W5-6,0,2,0,VWA,25,P1_VWA,VWA_25_Tub2,VWA_25
2026-03-20,Fri,Aiden,P1_VWA_25_Tub2_Lacerate 47,2,0,alive,,W5-6,0,2,0,VWA,25,P1_VWA,VWA_25_Tub2,VWA_25
2026-03-20,Fri,Aiden,P2_VWA_25_Tub3_Lacerate 40,9,0,alive,,W5-6,0,9,0,VWA,25,P2_VWA,VWA_25_Tub3,VWA_25
2026-03-20,Fri,Aiden,P3_VWA_25_Tub3_Lacerate 41,9,0,alive,,W5-6,0,9,0,VWA,25,P3_VWA,VWA_25_Tub3,VWA_25
2026-03-20,Fri,Aiden,P3_VWA_25_Tub3_Lacerate 42,9,11,alive,,W5-6,1.222222222,9,1.222222222,VWA,25,P3_VWA,VWA_25_Tub3,VWA_25
2026-03-20,Fri,Aiden,P3_VWA_25_Tub3_Lacerate 43,9,10,alive,,W5-6,1.111111111,9,1.111111111,VWA,25,P3_VWA,VWA_25_Tub3,VWA_25
2026-03-20,Fri,Aiden,P3_VWA_25_Tub3_Lacerate 44,9,0,alive,,W5-6,0,9,0,VWA,25,P3_VWA,VWA_25_Tub3,VWA_25
2026-03-20,Fri,Aiden,P3_VWA_25_Tub3_Lacerate 45,9,0,alive,,W5-6,0,9,0,VWA,25,P3_VWA,VWA_25_Tub3,VWA_25
2026-03-20,Fri,Aiden,PX_VWA_25_Tub3_Lacerate 46,9,11,alive,,W5-6,1.222222222,9,1.222222222,VWA,25,PX_VWA,VWA_25_Tub3,VWA_25
2026-03-20,Fri,Aiden,P1_VWA_25_Tub3_Lacerate 47,7,12,alive,,W5-6,1.714285714,7,1.714285714,VWA,25,P1_VWA,VWA_25_Tub3,VWA_25
2026-03-20,Fri,Aiden,P1_VWA_25_Tub3_Lacerate 48,4,12,alive,,W5-6,3,4,3,VWA,25,P1_VWA,VWA_25_Tub3,VWA_25
2026-03-20,Fri,Aiden,P1_VWA_25_Tub3_Lacerate 49,4,9,alive,,W5-6,2.25,4,2.25,VWA,25,P1_VWA,VWA_25_Tub3,VWA_25
2026-03-20,Fri,Aiden,P1_VWA_25_Tub3_Lacerate 50,4,11,alive,,W5-6,2.75,4,2.75,VWA,25,P1_VWA,VWA_25_Tub3,VWA_25
2026-03-20,Fri,Aiden,P2_VWA_25_Tub3_Lacerate 51,4,0,alive,,W5-6,0,4,0,VWA,25,P2_VWA,VWA_25_Tub3,VWA_25
2026-03-20,Fri,Aiden,P2_VWA_25_Tub3_Lacerate 52,4,0,alive,,W5-6,0,4,0,VWA,25,P2_VWA,VWA_25_Tub3,VWA_25
2026-03-20,Fri,Aiden,P2_VWA_25_Tub3_Lacerate 53,4,0,alive,,W5-6,0,4,0,VWA,25,P2_VWA,VWA_25_Tub3,VWA_25
2026-03-20,Fri,Aiden,P3_VWA_25_Tub3_Lacerate 54,4,0,alive,,W5-6,0,4,0,VWA,25,P3_VWA,VWA_25_Tub3,VWA_25
2026-03-20,Fri,Aiden,P3_VWA_25_Tub3_Lacerate 55,4,0,alive,,W5-6,0,4,0,VWA,25,P3_VWA,VWA_25_Tub3,VWA_25
2026-03-20,Fri,Aiden,P2_VWA_25_Tub3_Lacerate 56,2,0,alive,,W5-6,0,2,0,VWA,25,P2_VWA,VWA_25_Tub3,VWA_25
2026-03-20,Fri,Aiden,P2_VWA_25_Tub3_Lacerate 57,2,0,alive,,W5-6,0,2,0,VWA,25,P2_VWA,VWA_25_Tub3,VWA_25
2026-03-20,Fri,Aiden,P2_VWA_25_Tub3_Lacerate 58,2,0,alive,,W5-6,0,2,0,VWA,25,P2_VWA,VWA_25_Tub3,VWA_25
2026-03-20,Fri,Aiden,P3_VWA_25_Tub3_Lacerate 59,2,0,alive,,W5-6,0,2,0,VWA,25,P3_VWA,VWA_25_Tub3,VWA_25
2026-03-20,Fri,Aiden,P3_VWA_25_Tub3_Lacerate 60,2,10,alive,,W5-6,5,2,5,VWA,25,P3_VWA,VWA_25_Tub3,VWA_25
2026-03-20,Fri,Aiden,P2_VWA_25_Tub3_Lacerate 61,2,11,alive,,W5-6,5.5,2,5.5,VWA,25,P2_VWA,VWA_25_Tub3,VWA_25
2026-03-20,Fri,Aiden,PX_VWA_25_Tub3_Lacerate 62,2,9,alive,,W5-6,4.5,2,4.5,VWA,25,PX_VWA,VWA_25_Tub3,VWA_25
2026-03-20,Fri,Aiden,PX_VWA_25_Tub3_Lacerate 63,0,7,alive,,W5-6,#N/A,1,7,VWA,25,PX_VWA,VWA_25_Tub3,VWA_25
2026-03-20,Fri,Aiden,PX_VWA_25_Tub3_Lacerate 64,0,6,alive,,W5-6,#N/A,1,6,VWA,25,PX_VWA,VWA_25_Tub3,VWA_25
2026-03-20,Fri,Aiden,P1_H2_32_Tub1_Lacerate 52,9,10,alive,,W5-6,1.111111111,9,1.111111111,H2,32,P1_H2,H2_32_Tub1,H2_32
2026-03-20,Fri,Aiden,P1_H2_32_Tub1_Lacerate 53,9,8,alive,,W5-6,0.8888888889,9,0.8888888889,H2,32,P1_H2,H2_32_Tub1,H2_32
2026-03-20,Fri,Aiden,P1_H2_32_Tub1_Lacerate 54,9,8,alive,,W5-6,0.8888888889,9,0.8888888889,H2,32,P1_H2,H2_32_Tub1,H2_32
2026-03-20,Fri,Aiden,PX_H2_32_Tub1_Lacerate 55,9,10,alive,,W5-6,1.111111111,9,1.111111111,H2,32,PX_H2,H2_32_Tub1,H2_32
2026-03-20,Fri,Aiden,PX_H2_32_Tub1_Lacerate 56,4,12,alive,,W5-6,3,4,3,H2,32,PX_H2,H2_32_Tub1,H2_32
2026-03-20,Fri,Aiden,P2_H2_32_Tub1_Lacerate 57,4,6,alive,,W5-6,1.5,4,1.5,H2,32,P2_H2,H2_32_Tub1,H2_32
2026-03-20,Fri,Aiden,P2_H2_32_Tub1_Lacerate 58,4,9,alive,,W5-6,2.25,4,2.25,H2,32,P2_H2,H2_32_Tub1,H2_32
2026-03-20,Fri,Aiden,P1_H2_32_Tub1_Lacerate 59,4,8,alive,,W5-6,2,4,2,H2,32,P1_H2,H2_32_Tub1,H2_32
2026-03-20,Fri,Aiden,P1_H2_32_Tub1_Lacerate 60,4,9,alive,,W5-6,2.25,4,2.25,H2,32,P1_H2,H2_32_Tub1,H2_32
2026-03-20,Fri,Aiden,P1_H2_32_Tub1_Lacerate 61,4,10,alive,,W5-6,2.5,4,2.5,H2,32,P1_H2,H2_32_Tub1,H2_32
2026-03-20,Fri,Aiden,P1_H2_32_Tub1_Lacerate 62,4,9,alive,,W5-6,2.25,4,2.25,H2,32,P1_H2,H2_32_Tub1,H2_32
2026-03-20,Fri,Aiden,P1_H2_32_Tub1_Lacerate 63,4,10,alive,,W5-6,2.5,4,2.5,H2,32,P1_H2,H2_32_Tub1,H2_32
2026-03-20,Fri,Aiden,P1_H2_32_Tub1_Lacerate 64,2,11,alive,,W5-6,5.5,2,5.5,H2,32,P1_H2,H2_32_Tub1,H2_32
2026-03-20,Fri,Aiden,P1_H2_32_Tub1_Lacerate 65,2,12,alive,,W5-6,6,2,6,H2,32,P1_H2,H2_32_Tub1,H2_32
2026-03-20,Fri,Aiden,P3_H2_32_Tub1_Lacerate 66,2,9,alive,,W5-6,4.5,2,4.5,H2,32,P3_H2,H2_32_Tub1,H2_32
2026-03-20,Fri,Aiden,P3_H2_32_Tub1_Lacerate 67,2,11,alive,,W5-6,5.5,2,5.5,H2,32,P3_H2,H2_32_Tub1,H2_32
2026-03-20,Fri,Aiden,P3_H2_32_Tub1_Lacerate 68,2,7,alive,,W5-6,3.5,2,3.5,H2,32,P3_H2,H2_32_Tub1,H2_32
2026-03-20,Fri,Aiden,PX_H2_32_Tub1_Lacerate 69,2,11,alive,,W5-6,5.5,2,5.5,H2,32,PX_H2,H2_32_Tub1,H2_32
2026-03-20,Fri,Aiden,PX_H2_32_Tub1_Lacerate 70,2,,missing,,W5-6,0,2,0,H2,32,PX_H2,H2_32_Tub1,H2_32
2026-03-20,Fri,Aiden,P3_H2_32_Tub1_Lacerate 71,0,0,alive,,W5-6,#N/A,1,0,H2,32,P3_H2,H2_32_Tub1,H2_32
2026-03-20,Fri,Aiden,P3_H2_32_Tub1_Lacerate 72,0,0,alive,,W5-6,#N/A,1,0,H2,32,P3_H2,H2_32_Tub1,H2_32
2026-03-20,Fri,Aiden,P1_H2_32_Tub2_Lacerate 71,9,,missing,,W5-6,0,9,0,H2,32,P1_H2,H2_32_Tub2,H2_32
2026-03-20,Fri,Aiden,P1_H2_32_Tub2_Lacerate 72,9,,missing,,W5-6,0,9,0,H2,32,P1_H2,H2_32_Tub2,H2_32
2026-03-20,Fri,Aiden,P1_H2_32_Tub2_Lacerate 73,9,9,alive,,W5-6,1,9,1,H2,32,P1_H2,H2_32_Tub2,H2_32
2026-03-20,Fri,Aiden,P1_H2_32_Tub2_Lacerate 74,9,9,alive,,W5-6,1,9,1,H2,32,P1_H2,H2_32_Tub2,H2_32
2026-03-20,Fri,Aiden,P3_H2_32_Tub2_Lacerate 75,4,,missing,,W5-6,0,4,0,H2,32,P3_H2,H2_32_Tub2,H2_32
2026-03-20,Fri,Aiden,P3_H2_32_Tub2_Lacerate 76,4,,missing,,W5-6,0,4,0,H2,32,P3_H2,H2_32_Tub2,H2_32
2026-03-20,Fri,Aiden,P2_H2_32_Tub2_Lacerate 77,4,,missing,,W5-6,0,4,0,H2,32,P2_H2,H2_32_Tub2,H2_32
2026-03-20,Fri,Aiden,P2_H2_32_Tub2_Lacerate 78,4,6,alive,,W5-6,1.5,4,1.5,H2,32,P2_H2,H2_32_Tub2,H2_32
2026-03-20,Fri,Aiden,P2_H2_32_Tub2_Lacerate 79,4,7,alive,,W5-6,1.75,4,1.75,H2,32,P2_H2,H2_32_Tub2,H2_32
2026-03-20,Fri,Aiden,P2_H2_32_Tub2_Lacerate 80,4,4,alive,,W5-6,1,4,1,H2,32,P2_H2,H2_32_Tub2,H2_32
2026-03-20,Fri,Aiden,P2_H2_32_Tub2_Lacerate 81,4,0,alive,,W5-6,0,4,0,H2,32,P2_H2,H2_32_Tub2,H2_32
2026-03-20,Fri,Aiden,P2_H2_32_Tub2_Lacerate 82,4,,missing,,W5-6,0,4,0,H2,32,P2_H2,H2_32_Tub2,H2_32
2026-03-20,Fri,Aiden,P3_H2_32_Tub2_Lacerate 83,2,,missing,,W5-6,0,2,0,H2,32,P3_H2,H2_32_Tub2,H2_32
2026-03-20,Fri,Aiden,P1_H2_32_Tub2_Lacerate 84,2,0,alive,,W5-6,0,2,0,H2,32,P1_H2,H2_32_Tub2,H2_32
2026-03-20,Fri,Aiden,P1_H2_32_Tub3_Lacerate 42,9,12,alive,,W5-6,1.333333333,9,1.333333333,H2,32,P1_H2,H2_32_Tub3,H2_32
2026-03-20,Fri,Aiden,P1_H2_32_Tub3_Lacerate 43,9,,missing,,W5-6,0,9,0,H2,32,P1_H2,H2_32_Tub3,H2_32
2026-03-20,Fri,Aiden,P1_H2_32_Tub3_Lacerate 44,9,,missing,,W5-6,0,9,0,H2,32,P1_H2,H2_32_Tub3,H2_32
2026-03-20,Fri,Aiden,P2_H2_32_Tub3_Lacerate 45,9,10,alive,,W5-6,1.111111111,9,1.111111111,H2,32,P2_H2,H2_32_Tub3,H2_32
2026-03-20,Fri,Aiden,P2_H2_32_Tub3_Lacerate 46,9,8,alive,,W5-6,0.8888888889,9,0.8888888889,H2,32,P2_H2,H2_32_Tub3,H2_32
2026-03-20,Fri,Aiden,P2_H2_32_Tub3_Lacerate 47,9,10,alive,,W5-6,1.111111111,9,1.111111111,H2,32,P2_H2,H2_32_Tub3,H2_32
2026-03-20,Fri,Aiden,P2_H2_32_Tub3_Lacerate 48,9,,missing,,W5-6,0,9,0,H2,32,P2_H2,H2_32_Tub3,H2_32
2026-03-20,Fri,Aiden,P3_H2_32_Tub3_Lacerate 49,7,,missing,,W5-6,0,7,0,H2,32,P3_H2,H2_32_Tub3,H2_32
2026-03-20,Fri,Aiden,P3_H2_32_Tub3_Lacerate 50,7,,missing,,W5-6,0,7,0,H2,32,P3_H2,H2_32_Tub3,H2_32
2026-03-20,Fri,Aiden,P3_H2_32_Tub3_Lacerate 51,7,,missing,,W5-6,0,7,0,H2,32,P3_H2,H2_32_Tub3,H2_32
2026-03-20,Fri,Aiden,P3_H2_32_Tub3_Lacerate 52,7,,missing,,W5-6,0,7,0,H2,32,P3_H2,H2_32_Tub3,H2_32
2026-03-20,Fri,Aiden,P3_H2_32_Tub3_Lacerate 53,7,12,alive,,W5-6,1.714285714,7,1.714285714,H2,32,P3_H2,H2_32_Tub3,H2_32
2026-03-20,Fri,Aiden,P3_H2_32_Tub3_Lacerate 54,7,,alive,,W5-6,0,7,0,H2,32,P3_H2,H2_32_Tub3,H2_32
2026-03-20,Fri,Aiden,P1_H2_32_Tub3_Lacerate 55,4,,missing,,W5-6,0,4,0,H2,32,P1_H2,H2_32_Tub3,H2_32
2026-03-20,Fri,Aiden,P1_H2_32_Tub3_Lacerate 56,4,,missing,,W5-6,0,4,0,H2,32,P1_H2,H2_32_Tub3,H2_32
2026-03-20,Fri,Aiden,P3_H2_32_Tub3_Lacerate 57,2,0,alive,,W5-6,0,2,0,H2,32,P3_H2,H2_32_Tub3,H2_32
2026-03-20,Fri,Aiden,P3_H2_32_Tub3_Lacerate 58,2,0,alive,,W5-6,0,2,0,H2,32,P3_H2,H2_32_Tub3,H2_32
2026-03-20,Fri,Aiden,P3_H2_32_Tub3_Lacerate 59,2,0,alive,,W5-6,0,2,0,H2,32,P3_H2,H2_32_Tub3,H2_32
2026-03-20,Fri,Aiden,P3_H2_32_Tub3_Lacerate 60,2,8,alive,,W5-6,4,2,4,H2,32,P3_H2,H2_32_Tub3,H2_32
2026-03-20,Fri,Aiden,P2_H2_32_Tub3_Lacerate 61,0,7,alive,,W5-6,#N/A,1,7,H2,32,P2_H2,H2_32_Tub3,H2_32
2026-03-20,Fri,Aiden,P2_H2_32_Tub3_Lacerate 62,0,0,alive,,W5-6,#N/A,1,0,H2,32,P2_H2,H2_32_Tub3,H2_32
2026-03-20,Fri,Aiden,P1_VWA_32_Tub1_Lacerate 52,9,0,alive,,W5-6,0,9,0,VWA,32,P1_VWA,VWA_32_Tub1,VWA_32
2026-03-20,Fri,Aiden,P1_VWA_32_Tub1_Lacerate 53,9,0,alive,,W5-6,0,9,0,VWA,32,P1_VWA,VWA_32_Tub1,VWA_32
2026-03-20,Fri,Aiden,P1_VWA_32_Tub1_Lacerate 54,9,0,alive,,W5-6,0,9,0,VWA,32,P1_VWA,VWA_32_Tub1,VWA_32
2026-03-20,Fri,Aiden,P1_VWA_32_Tub1_Lacerate 55,9,0,alive,,W5-6,0,9,0,VWA,32,P1_VWA,VWA_32_Tub1,VWA_32
2026-03-20,Fri,Aiden,P3_VWA_32_Tub1_Lacerate 56,9,7,alive,,W5-6,0.7777777778,9,0.7777777778,VWA,32,P3_VWA,VWA_32_Tub1,VWA_32
2026-03-20,Fri,Aiden,P3_VWA_32_Tub1_Lacerate 57,9,0,alive,,W5-6,0,9,0,VWA,32,P3_VWA,VWA_32_Tub1,VWA_32
2026-03-20,Fri,Aiden,P1_VWA_32_Tub1_Lacerate 58,9,12,alive,,W5-6,1.333333333,9,1.333333333,VWA,32,P1_VWA,VWA_32_Tub1,VWA_32
2026-03-20,Fri,Aiden,P2_VWA_32_Tub1_Lacerate 59,7,8,alive,,W5-6,1.142857143,7,1.142857143,VWA,32,P2_VWA,VWA_32_Tub1,VWA_32
2026-03-20,Fri,Aiden,P2_VWA_32_Tub1_Lacerate 60,7,7,alive,,W5-6,1,7,1,VWA,32,P2_VWA,VWA_32_Tub1,VWA_32
2026-03-20,Fri,Aiden,P2_VWA_32_Tub1_Lacerate 61,4,0,alive,,W5-6,0,4,0,VWA,32,P2_VWA,VWA_32_Tub1,VWA_32
2026-03-20,Fri,Aiden,P2_VWA_32_Tub1_Lacerate 62,0,0,alive,,W5-6,#N/A,1,0,VWA,32,P2_VWA,VWA_32_Tub1,VWA_32
2026-03-20,Fri,Aiden,P2_VWA_32_Tub1_Lacerate 63,0,0,alive,,W5-6,#N/A,1,0,VWA,32,P2_VWA,VWA_32_Tub1,VWA_32
2026-03-20,Fri,Aiden,P1_VWA_32_Tub2_Lacerate 20,9,0,alive,,W5-6,0,9,0,VWA,32,P1_VWA,VWA_32_Tub2,VWA_32
2026-03-20,Fri,Aiden,P1_VWA_32_Tub2_Lacerate 21,9,0,alive,,W5-6,0,9,0,VWA,32,P1_VWA,VWA_32_Tub2,VWA_32
2026-03-20,Fri,Aiden,P1_VWA_32_Tub2_Lacerate 22,9,0,alive,,W5-6,0,9,0,VWA,32,P1_VWA,VWA_32_Tub2,VWA_32
2026-03-20,Fri,Aiden,P3_VWA_32_Tub2_Lacerate 23,9,0,alive,,W5-6,0,9,0,VWA,32,P3_VWA,VWA_32_Tub2,VWA_32
2026-03-20,Fri,Aiden,P3_VWA_32_Tub2_Lacerate 24,9,0,alive,,W5-6,0,9,0,VWA,32,P3_VWA,VWA_32_Tub2,VWA_32
2026-03-20,Fri,Aiden,PX_VWA_32_Tub2_Lacerate 25,9,12,alive,,W5-6,1.333333333,9,1.333333333,VWA,32,PX_VWA,VWA_32_Tub2,VWA_32
2026-03-20,Fri,Aiden,P2_VWA_32_Tub2_Lacerate 26,7,20,alive,,W5-6,2.857142857,7,2.857142857,VWA,32,P2_VWA,VWA_32_Tub2,VWA_32
2026-03-20,Fri,Aiden,P2_VWA_32_Tub2_Lacerate 27,7,0,alive,,W5-6,0,7,0,VWA,32,P2_VWA,VWA_32_Tub2,VWA_32
2026-03-20,Fri,Aiden,P2_VWA_32_Tub2_Lacerate 28,7,0,alive,,W5-6,0,7,0,VWA,32,P2_VWA,VWA_32_Tub2,VWA_32
2026-03-20,Fri,Aiden,P2_VWA_32_Tub2_Lacerate 29,7,0,alive,,W5-6,0,7,0,VWA,32,P2_VWA,VWA_32_Tub2,VWA_32
2026-03-20,Fri,Aiden,P2_VWA_32_Tub2_Lacerate 30,7,0,alive,,W5-6,0,7,0,VWA,32,P2_VWA,VWA_32_Tub2,VWA_32
2026-03-20,Fri,Aiden,P2_VWA_32_Tub2_Lacerate 31,4,11,alive,,W5-6,2.75,4,2.75,VWA,32,P2_VWA,VWA_32_Tub2,VWA_32
2026-03-20,Fri,Aiden,P2_VWA_32_Tub2_Lacerate 32,4,7,alive,,W5-6,1.75,4,1.75,VWA,32,P2_VWA,VWA_32_Tub2,VWA_32
2026-03-20,Fri,Aiden,P3_VWA_32_Tub2_Lacerate 33,4,7,alive,,W5-6,1.75,4,1.75,VWA,32,P3_VWA,VWA_32_Tub2,VWA_32
2026-03-20,Fri,Aiden,P3_VWA_32_Tub2_Lacerate 34,2,0,alive,,W5-6,0,2,0,VWA,32,P3_VWA,VWA_32_Tub2,VWA_32
2026-03-20,Fri,Aiden,P3_VWA_32_Tub2_Lacerate 35,2,0,alive,,W5-6,0,2,0,VWA,32,P3_VWA,VWA_32_Tub2,VWA_32
2026-03-20,Fri,Aiden,P1_VWA_32_Tub2_Lacerate 36,2,10,alive,,W5-6,5,2,5,VWA,32,P1_VWA,VWA_32_Tub2,VWA_32
2026-03-20,Fri,Aiden,P1_VWA_32_Tub2_Lacerate 37,2,12,alive,,W5-6,6,2,6,VWA,32,P1_VWA,VWA_32_Tub2,VWA_32
2026-03-20,Fri,Aiden,P3_VWA_32_Tub2_Lacerate 38,0,0,alive,,W5-6,#N/A,1,0,VWA,32,P3_VWA,VWA_32_Tub2,VWA_32
2026-03-20,Fri,Aiden,P3_VWA_32_Tub2_Lacerate 39,0,0,alive,,W5-6,#N/A,1,0,VWA,32,P3_VWA,VWA_32_Tub2,VWA_32
2026-03-20,Fri,Aiden,P3_VWA_32_Tub2_Lacerate 40,0,0,alive,,W5-6,#N/A,1,0,VWA,32,P3_VWA,VWA_32_Tub2,VWA_32
2026-03-20,Fri,Aiden,P1_VWA_32_Tub3_Lacerate 24,9,17,alive,,W5-6,1.888888889,9,1.888888889,VWA,32,P1_VWA,VWA_32_Tub3,VWA_32
2026-03-20,Fri,Aiden,P1_VWA_32_Tub3_Lacerate 25,9,0,alive,,W5-6,0,9,0,VWA,32,P1_VWA,VWA_32_Tub3,VWA_32
2026-03-20,Fri,Aiden,P1_VWA_32_Tub3_Lacerate 26,9,0,alive,,W5-6,0,9,0,VWA,32,P1_VWA,VWA_32_Tub3,VWA_32
2026-03-20,Fri,Aiden,PX_VWA_32_Tub3_Lacerate 27,7,17,alive,,W5-6,2.428571429,7,2.428571429,VWA,32,PX_VWA,VWA_32_Tub3,VWA_32
2026-03-20,Fri,Aiden,P3_VWA_32_Tub3_Lacerate 28,4,0,alive,,W5-6,0,4,0,VWA,32,P3_VWA,VWA_32_Tub3,VWA_32
2026-03-20,Fri,Aiden,P1_VWA_32_Tub3_Lacerate 29,2,0,alive,,W5-6,0,2,0,VWA,32,P1_VWA,VWA_32_Tub3,VWA_32
2026-03-20,Fri,Aiden,P1_VWA_32_Tub3_Lacerate 30,2,0,alive,,W5-6,0,2,0,VWA,32,P1_VWA,VWA_32_Tub3,VWA_32
2026-03-20,Fri,Aiden,P2_VWA_32_Tub3_Lacerate 31,2,0,alive,,W5-6,0,2,0,VWA,32,P2_VWA,VWA_32_Tub3,VWA_32
2026-03-20,Fri,Aiden,P2_VWA_32_Tub3_Lacerate 32,2,0,alive,,W5-6,0,2,0,VWA,32,P2_VWA,VWA_32_Tub3,VWA_32
2026-03-20,Fri,Aiden,P2_VWA_32_Tub3_Lacerate 33,2,0,alive,,W5-6,0,2,0,VWA,32,P2_VWA,VWA_32_Tub3,VWA_32
2026-03-20,Fri,Aiden,P2_VWA_32_Tub3_Lacerate 34,2,0,alive,,W5-6,0,2,0,VWA,32,P2_VWA,VWA_32_Tub3,VWA_32
2026-03-20,Fri,Aiden,P2_VWA_32_Tub3_Lacerate 35,2,0,alive,,W5-6,0,2,0,VWA,32,P2_VWA,VWA_32_Tub3,VWA_32
2026-03-20,Fri,Aiden,P3_VWA_32_Tub3_Lacerate 36,2,0,alive,,W5-6,0,2,0,VWA,32,P3_VWA,VWA_32_Tub3,VWA_32
2026-03-20,Fri,Aiden,P3_VWA_32_Tub3_Lacerate 37,2,0,alive,,W5-6,0,2,0,VWA,32,P3_VWA,VWA_32_Tub3,VWA_32
2026-03-20,Fri,Aiden,P3_VWA_32_Tub3_Lacerate 38,2,0,alive,,W5-6,0,2,0,VWA,32,P3_VWA,VWA_32_Tub3,VWA_32
2026-03-20,Fri,Aiden,P3_VWA_32_Tub3_Lacerate 39,2,0,alive,,W5-6,0,2,0,VWA,32,P3_VWA,VWA_32_Tub3,VWA_32
2026-03-20,Fri,Aiden,P2_VWA_32_Tub3_Lacerate 40,0,0,alive,,W5-6,#N/A,1,0,VWA,32,P2_VWA,VWA_32_Tub3,VWA_32
2026-03-20,Fri,Aiden,P2_VWA_32_Tub3_Lacerate 41,0,0,alive,,W5-6,#N/A,1,0,VWA,32,P2_VWA,VWA_32_Tub3,VWA_32
2026-03-20,Fri,Aiden,P2_VWA_32_Tub3_Lacerate 42,0,0,alive,,W5-6,#N/A,1,0,VWA,32,P2_VWA,VWA_32_Tub3,VWA_32
2026-03-20,Fri,Aiden,P2_VWA_32_Tub3_Lacerate 43,0,0,alive,,W5-6,#N/A,1,0,VWA,32,P2_VWA,VWA_32_Tub3,VWA_32
2026-03-20,Fri,Aiden,P2_VWA_32_Tub3_Lacerate 44,0,0,alive,,W5-6,#N/A,1,0,VWA,32,P2_VWA,VWA_32_Tub3,VWA_32
2026-03-23,Mon,Grady,P2_H2_25_Tub1_Lacerate 43,12,17,alive,,W5-6,1.416666667,12,1.416666667,H2,25,P2_H2,H2_25_Tub1,H2_25
2026-03-23,Mon,Grady,P3_H2_25_Tub1_Lacerate 44,12,12,alive,,W5-6,1,12,1,H2,25,P3_H2,H2_25_Tub1,H2_25
2026-03-23,Mon,Grady,P3_H2_25_Tub1_Lacerate 45,12,7,alive,,W5-6,0.5833333333,12,0.5833333333,H2,25,P3_H2,H2_25_Tub1,H2_25
2026-03-23,Mon,Grady,P3_H2_25_Tub1_Lacerate 46,12,13,alive,,W5-6,1.083333333,12,1.083333333,H2,25,P3_H2,H2_25_Tub1,H2_25
2026-03-23,Mon,Grady,P3_H2_25_Tub1_Lacerate 47,12,8,alive,,W5-6,0.6666666667,12,0.6666666667,H2,25,P3_H2,H2_25_Tub1,H2_25
2026-03-23,Mon,Grady,PX_H2_25_Tub1_Lacerate 48,12,7,alive,,W5-6,0.5833333333,12,0.5833333333,H2,25,PX_H2,H2_25_Tub1,H2_25
2026-03-23,Mon,Grady,P1_H2_25_Tub1_Lacerate 49,12,10,alive,,W5-6,0.8333333333,12,0.8333333333,H2,25,P1_H2,H2_25_Tub1,H2_25
2026-03-23,Mon,Grady,P1_H2_25_Tub1_Lacerate 50,12,9,alive,,W5-6,0.75,12,0.75,H2,25,P1_H2,H2_25_Tub1,H2_25
2026-03-23,Mon,Grady,P1_H2_25_Tub1_Lacerate 51,12,11,alive,,W5-6,0.9166666667,12,0.9166666667,H2,25,P1_H2,H2_25_Tub1,H2_25
2026-03-23,Mon,Grady,P1_H2_25_Tub1_Lacerate 52,12,6,alive,,W5-6,0.5,12,0.5,H2,25,P1_H2,H2_25_Tub1,H2_25
2026-03-23,Mon,Grady,P1_H2_25_Tub1_Lacerate 53,12,14,alive,,W5-6,1.166666667,12,1.166666667,H2,25,P1_H2,H2_25_Tub1,H2_25
2026-03-23,Mon,Grady,P1_H2_25_Tub1_Lacerate 54,12,15,alive,,W5-6,1.25,12,1.25,H2,25,P1_H2,H2_25_Tub1,H2_25
2026-03-23,Mon,Grady,P1_H2_25_Tub1_Lacerate 55,12,8,alive,,W5-6,0.6666666667,12,0.6666666667,H2,25,P1_H2,H2_25_Tub1,H2_25
2026-03-23,Mon,Grady,P2_H2_25_Tub1_Lacerate 56,12,16,alive,,W5-6,1.333333333,12,1.333333333,H2,25,P2_H2,H2_25_Tub1,H2_25
2026-03-23,Mon,Grady,P2_H2_25_Tub1_Lacerate 57,10,19,alive,,W5-6,1.9,10,1.9,H2,25,P2_H2,H2_25_Tub1,H2_25
2026-03-23,Mon,Grady,P2_H2_25_Tub1_Lacerate 58,10,17,alive,,W5-6,1.7,10,1.7,H2,25,P2_H2,H2_25_Tub1,H2_25
2026-03-23,Mon,Grady,P3_H2_25_Tub1_Lacerate 59,7,14,alive,,W5-6,2,7,2,H2,25,P3_H2,H2_25_Tub1,H2_25
2026-03-23,Mon,Grady,P3_H2_25_Tub1_Lacerate 60,7,15,alive,,W5-6,2.142857143,7,2.142857143,H2,25,P3_H2,H2_25_Tub1,H2_25
2026-03-23,Mon,Grady,P3_H2_25_Tub1_Lacerate 61,7,18,alive,,W5-6,2.571428571,7,2.571428571,H2,25,P3_H2,H2_25_Tub1,H2_25
2026-03-23,Mon,Grady,P3_H2_25_Tub1_Lacerate 62,7,,missing,,W5-6,0,7,0,H2,25,P3_H2,H2_25_Tub1,H2_25
2026-03-23,Mon,Grady,P3_H2_25_Tub1_Lacerate 63,7,11,alive,,W5-6,1.571428571,7,1.571428571,H2,25,P3_H2,H2_25_Tub1,H2_25
2026-03-23,Mon,Grady,P2_H2_25_Tub1_Lacerate 64,7,8,alive,,W5-6,1.142857143,7,1.142857143,H2,25,P2_H2,H2_25_Tub1,H2_25
2026-03-23,Mon,Grady,PX_H2_25_Tub1_Lacerate 65,7,15,alive,,W5-6,2.142857143,7,2.142857143,H2,25,PX_H2,H2_25_Tub1,H2_25
2026-03-23,Mon,Grady,PX_H2_25_Tub1_Lacerate 66,7,15,alive,,W5-6,2.142857143,7,2.142857143,H2,25,PX_H2,H2_25_Tub1,H2_25
2026-03-23,Mon,Grady,PX_H2_25_Tub1_Lacerate 67,7,8,alive,,W5-6,1.142857143,7,1.142857143,H2,25,PX_H2,H2_25_Tub1,H2_25
2026-03-23,Mon,Grady,PX_H2_25_Tub1_Lacerate 68,7,13,alive,,W5-6,1.857142857,7,1.857142857,H2,25,PX_H2,H2_25_Tub1,H2_25
2026-03-23,Mon,Grady,PX_H2_25_Tub1_Lacerate 69,7,14,alive,,W5-6,2,7,2,H2,25,PX_H2,H2_25_Tub1,H2_25
2026-03-23,Mon,Grady,PX_H2_25_Tub1_Lacerate 70,7,9,alive,,W5-6,1.285714286,7,1.285714286,H2,25,PX_H2,H2_25_Tub1,H2_25
2026-03-23,Mon,Grady,PX_H2_25_Tub1_Lacerate 71,7,12,alive,,W5-6,1.714285714,7,1.714285714,H2,25,PX_H2,H2_25_Tub1,H2_25
2026-03-23,Mon,Grady,PX_H2_25_Tub1_Lacerate 72,7,12,alive,,W5-6,1.714285714,7,1.714285714,H2,25,PX_H2,H2_25_Tub1,H2_25
2026-03-23,Mon,Grady,PX_H2_25_Tub1_Lacerate 73,7,10,alive,,W5-6,1.428571429,7,1.428571429,H2,25,PX_H2,H2_25_Tub1,H2_25
2026-03-23,Mon,Grady,PX_H2_25_Tub1_Lacerate 74,7,16,alive,,W5-6,2.285714286,7,2.285714286,H2,25,PX_H2,H2_25_Tub1,H2_25
2026-03-23,Mon,Grady,PX_H2_25_Tub1_Lacerate 75,7,8,alive,,W5-6,1.142857143,7,1.142857143,H2,25,PX_H2,H2_25_Tub1,H2_25
2026-03-23,Mon,Grady,PX_H2_25_Tub1_Lacerate 76,7,6,alive,,W5-6,0.8571428571,7,0.8571428571,H2,25,PX_H2,H2_25_Tub1,H2_25
2026-03-23,Mon,Grady,PX_H2_25_Tub1_Lacerate 77,7,11,alive,,W5-6,1.571428571,7,1.571428571,H2,25,PX_H2,H2_25_Tub1,H2_25
2026-03-23,Mon,Grady,PX_H2_25_Tub1_Lacerate 78,7,14,alive,,W5-6,2,7,2,H2,25,PX_H2,H2_25_Tub1,H2_25
2026-03-23,Mon,Grady,PX_H2_25_Tub1_Lacerate 79,7,11,alive,,W5-6,1.571428571,7,1.571428571,H2,25,PX_H2,H2_25_Tub1,H2_25
2026-03-23,Mon,Grady,PX_H2_25_Tub1_Lacerate 80,7,12,alive,,W5-6,1.714285714,7,1.714285714,H2,25,PX_H2,H2_25_Tub1,H2_25
2026-03-23,Mon,Grady,PX_H2_25_Tub1_Lacerate 81,3,15,alive,,W5-6,5,3,5,H2,25,PX_H2,H2_25_Tub1,H2_25
2026-03-23,Mon,Grady,PX_H2_25_Tub1_Lacerate 82,3,16,alive,,W5-6,5.333333333,3,5.333333333,H2,25,PX_H2,H2_25_Tub1,H2_25
2026-03-23,Mon,Grady,PX_H2_25_Tub1_Lacerate 83,3,5,alive,,W5-6,1.666666667,3,1.666666667,H2,25,PX_H2,H2_25_Tub1,H2_25
2026-03-23,Mon,Grady,PX_H2_25_Tub1_Lacerate 84,3,5,alive,,W5-6,1.666666667,3,1.666666667,H2,25,PX_H2,H2_25_Tub1,H2_25
2026-03-23,Mon,Grady,PX_H2_25_Tub1_Lacerate 85,0,17,alive,,W5-6,#N/A,1.5,11.33333333,H2,25,PX_H2,H2_25_Tub1,H2_25
2026-03-23,Mon,Grady,PX_H2_25_Tub1_Lacerate 86,0,4,alive,,W5-6,#N/A,1.5,2.666666667,H2,25,PX_H2,H2_25_Tub1,H2_25
2026-03-23,Mon,Grady,PX_H2_25_Tub1_Lacerate 87,0,7,alive,,W5-6,#N/A,1.5,4.666666667,H2,25,PX_H2,H2_25_Tub1,H2_25
2026-03-23,Mon,Grady,PX_H2_25_Tub1_Lacerate 88,0,9,alive,,W5-6,#N/A,1.5,6,H2,25,PX_H2,H2_25_Tub1,H2_25
2026-03-23,Mon,Grady,PX_H2_25_Tub1_Lacerate 89,0,8,alive,,W5-6,#N/A,1.5,5.333333333,H2,25,PX_H2,H2_25_Tub1,H2_25
2026-03-23,Mon,Grady,PX_H2_25_Tub1_Lacerate 90,0,8,alive,,W5-6,#N/A,1.5,5.333333333,H2,25,PX_H2,H2_25_Tub1,H2_25
2026-03-23,Mon,Grady,PX_H2_25_Tub1_Lacerate 91,0,5,alive,,W5-6,#N/A,1.5,3.333333333,H2,25,PX_H2,H2_25_Tub1,H2_25
2026-03-23,Mon,Grady,PX_H2_25_Tub1_Lacerate 92,0,6,alive,,W5-6,#N/A,1.5,4,H2,25,PX_H2,H2_25_Tub1,H2_25
2026-03-23,Mon,Grady,PX_H2_25_Tub1_Lacerate 93,0,0,alive,,W5-6,#N/A,1.5,0,H2,25,PX_H2,H2_25_Tub1,H2_25
2026-03-23,Mon,Grady,PX_H2_25_Tub1_Lacerate 94,0,11,alive,,W5-6,#N/A,1.5,7.333333333,H2,25,PX_H2,H2_25_Tub1,H2_25
2026-03-23,Mon,Grady,PX_H2_25_Tub1_Lacerate 95,0,4,alive,,W5-6,#N/A,1.5,2.666666667,H2,25,PX_H2,H2_25_Tub1,H2_25
2026-03-23,Mon,Grady,PX_H2_25_Tub1_Lacerate 96,0,11,alive,,W5-6,#N/A,1.5,7.333333333,H2,25,PX_H2,H2_25_Tub1,H2_25
2026-03-23,Mon,Grady,PX_H2_25_Tub1_Lacerate 97,0,13,alive,,W5-6,#N/A,1.5,8.666666667,H2,25,PX_H2,H2_25_Tub1,H2_25
2026-03-23,Mon,Grady,PX_H2_25_Tub1_Lacerate 98,0,9,alive,,W5-6,#N/A,1.5,6,H2,25,PX_H2,H2_25_Tub1,H2_25
2026-03-23,Mon,Grady,PX_H2_25_Tub1_Lacerate 99,0,0,alive,,W5-6,#N/A,1.5,0,H2,25,PX_H2,H2_25_Tub1,H2_25
2026-03-23,Mon,Grady,PX_H2_25_Tub1_Lacerate 100,0,10,alive,,W5-6,#N/A,1.5,6.666666667,H2,25,PX_H2,H2_25_Tub1,H2_25
2026-03-23,Mon,Grady,PX_H2_25_Tub1_Lacerate 101,0,9,alive,,W5-6,#N/A,1.5,6,H2,25,PX_H2,H2_25_Tub1,H2_25
2026-03-23,Mon,Grady,PX_H2_25_Tub1_Lacerate 102,0,8,alive,,W5-6,#N/A,1.5,5.333333333,H2,25,PX_H2,H2_25_Tub1,H2_25
2026-03-23,Mon,Grady,PX_H2_25_Tub1_Lacerate 103,0,8,alive,,W5-6,#N/A,1.5,5.333333333,H2,25,PX_H2,H2_25_Tub1,H2_25
2026-03-23,Mon,Grady,PX_H2_25_Tub1_Lacerate 104,0,4,alive,,W5-6,#N/A,1.5,2.666666667,H2,25,PX_H2,H2_25_Tub1,H2_25
2026-03-23,Mon,Grady,PX_H2_25_Tub1_Lacerate 105,0,14,alive,,W5-6,#N/A,1.5,9.333333333,H2,25,PX_H2,H2_25_Tub1,H2_25
2026-03-23,Mon,Grady,PX_H2_25_Tub1_Lacerate 106,0,7,alive,,W5-6,#N/A,1.5,4.666666667,H2,25,PX_H2,H2_25_Tub1,H2_25
2026-03-23,Mon,Grady,PX_H2_25_Tub1_Lacerate 107,0,7,alive,,W5-6,#N/A,1.5,4.666666667,H2,25,PX_H2,H2_25_Tub1,H2_25
2026-03-23,Mon,Grady,PX_H2_25_Tub1_Lacerate 108,0,16,alive,,W5-6,#N/A,1.5,10.66666667,H2,25,PX_H2,H2_25_Tub1,H2_25
2026-03-23,Mon,Grady,P3_H2_25_Tub2_Lacerate 30,12,10,alive,,W5-6,0.8333333333,12,0.8333333333,H2,25,P3_H2,H2_25_Tub2,H2_25
2026-03-23,Mon,Grady,P1_H2_25_Tub2_Lacerate 31,10,16,alive,,W5-6,1.6,10,1.6,H2,25,P1_H2,H2_25_Tub2,H2_25
2026-03-23,Mon,Grady,P3_H2_25_Tub2_Lacerate 32,10,13,alive,,W5-6,1.3,10,1.3,H2,25,P3_H2,H2_25_Tub2,H2_25
2026-03-23,Mon,Grady,P3_H2_25_Tub2_Lacerate 33,10,16,alive,,W5-6,1.6,10,1.6,H2,25,P3_H2,H2_25_Tub2,H2_25
2026-03-23,Mon,Grady,PX_H2_25_Tub2_Lacerate 34,7,12,alive,,W5-6,1.714285714,7,1.714285714,H2,25,PX_H2,H2_25_Tub2,H2_25
2026-03-23,Mon,Grady,PX_H2_25_Tub2_Lacerate 35,7,12,alive,,W5-6,1.714285714,7,1.714285714,H2,25,PX_H2,H2_25_Tub2,H2_25
2026-03-23,Mon,Grady,P2_H2_25_Tub2_Lacerate 36,7,14,alive,,W5-6,2,7,2,H2,25,P2_H2,H2_25_Tub2,H2_25
2026-03-23,Mon,Grady,PX_H2_25_Tub2_Lacerate 37,7,9,alive,,W5-6,1.285714286,7,1.285714286,H2,25,PX_H2,H2_25_Tub2,H2_25
2026-03-23,Mon,Grady,PX_H2_25_Tub2_Lacerate 38,7,12,alive,,W5-6,1.714285714,7,1.714285714,H2,25,PX_H2,H2_25_Tub2,H2_25
2026-03-23,Mon,Grady,P1_H2_25_Tub2_Lacerate 39,7,5,alive,,W5-6,0.7142857143,7,0.7142857143,H2,25,P1_H2,H2_25_Tub2,H2_25
2026-03-23,Mon,Grady,P1_H2_25_Tub2_Lacerate 40,7,12,alive,,W5-6,1.714285714,7,1.714285714,H2,25,P1_H2,H2_25_Tub2,H2_25
2026-03-23,Mon,Grady,P1_H2_25_Tub2_Lacerate 41,7,,missing,,W5-6,0,7,0,H2,25,P1_H2,H2_25_Tub2,H2_25
2026-03-23,Mon,Grady,P1_H2_25_Tub2_Lacerate 42,7,12,alive,,W5-6,1.714285714,7,1.714285714,H2,25,P1_H2,H2_25_Tub2,H2_25
2026-03-23,Mon,Grady,P1_H2_25_Tub2_Lacerate 43,7,20,alive,,W5-6,2.857142857,7,2.857142857,H2,25,P1_H2,H2_25_Tub2,H2_25
2026-03-23,Mon,Grady,P1_H2_25_Tub2_Lacerate 44,7,16,alive,,W5-6,2.285714286,7,2.285714286,H2,25,P1_H2,H2_25_Tub2,H2_25
2026-03-23,Mon,Grady,P1_H2_25_Tub2_Lacerate 45,7,12,alive,,W5-6,1.714285714,7,1.714285714,H2,25,P1_H2,H2_25_Tub2,H2_25
2026-03-23,Mon,Grady,P3_H2_25_Tub2_Lacerate 46,7,10,alive,,W5-6,1.428571429,7,1.428571429,H2,25,P3_H2,H2_25_Tub2,H2_25
2026-03-23,Mon,Grady,P3_H2_25_Tub2_Lacerate 47,7,20,alive,,W5-6,2.857142857,7,2.857142857,H2,25,P3_H2,H2_25_Tub2,H2_25
2026-03-23,Mon,Grady,PX_H2_25_Tub2_Lacerate 48,7,9,alive,,W5-6,1.285714286,7,1.285714286,H2,25,PX_H2,H2_25_Tub2,H2_25
2026-03-23,Mon,Grady,PX_H2_25_Tub2_Lacerate 49,7,18,alive,,W5-6,2.571428571,7,2.571428571,H2,25,PX_H2,H2_25_Tub2,H2_25
2026-03-23,Mon,Grady,PX_H2_25_Tub2_Lacerate 50,5,14,alive,,W5-6,2.8,5,2.8,H2,25,PX_H2,H2_25_Tub2,H2_25
2026-03-23,Mon,Grady,PX_H2_25_Tub2_Lacerate 51,5,13,alive,,W5-6,2.6,5,2.6,H2,25,PX_H2,H2_25_Tub2,H2_25
2026-03-23,Mon,Grady,PX_H2_25_Tub2_Lacerate 52,5,14,alive,,W5-6,2.8,5,2.8,H2,25,PX_H2,H2_25_Tub2,H2_25
2026-03-23,Mon,Grady,P1_H2_25_Tub2_Lacerate 53,5,16,alive,,W5-6,3.2,5,3.2,H2,25,P1_H2,H2_25_Tub2,H2_25
2026-03-23,Mon,Grady,PX_H2_25_Tub2_Lacerate 54,3,13,alive,,W5-6,4.333333333,3,4.333333333,H2,25,PX_H2,H2_25_Tub2,H2_25
2026-03-23,Mon,Grady,PX_H2_25_Tub2_Lacerate 55,3,12,alive,,W5-6,4,3,4,H2,25,PX_H2,H2_25_Tub2,H2_25
2026-03-23,Mon,Grady,PX_H2_25_Tub2_Lacerate 56,3,13,alive,,W5-6,4.333333333,3,4.333333333,H2,25,PX_H2,H2_25_Tub2,H2_25
2026-03-23,Mon,Grady,PX_H2_25_Tub2_Lacerate 57,3,16,alive,,W5-6,5.333333333,3,5.333333333,H2,25,PX_H2,H2_25_Tub2,H2_25
2026-03-23,Mon,Grady,P1_H2_25_Tub2_Lacerate 58,3,12,alive,,W5-6,4,3,4,H2,25,P1_H2,H2_25_Tub2,H2_25
2026-03-23,Mon,Grady,P1_H2_25_Tub2_Lacerate 59,0,5,alive,,W5-6,#N/A,1.5,3.333333333,H2,25,P1_H2,H2_25_Tub2,H2_25
2026-03-23,Mon,Grady,P1_H2_25_Tub2_Lacerate 60,0,10,alive,,W5-6,#N/A,1.5,6.666666667,H2,25,P1_H2,H2_25_Tub2,H2_25
2026-03-23,Mon,Grady,P1_H2_25_Tub2_Lacerate 61,0,3,alive,,W5-6,#N/A,1.5,2,H2,25,P1_H2,H2_25_Tub2,H2_25
2026-03-23,Mon,Grady,P1_H2_25_Tub2_Lacerate 62,0,0,alive,,W5-6,#N/A,1.5,0,H2,25,P1_H2,H2_25_Tub2,H2_25
2026-03-23,Mon,Grady,P1_H2_25_Tub2_Lacerate 63,0,11,alive,,W5-6,#N/A,1.5,7.333333333,H2,25,P1_H2,H2_25_Tub2,H2_25
2026-03-23,Mon,Grady,P1_H2_25_Tub2_Lacerate 64,0,3,alive,,W5-6,#N/A,1.5,2,H2,25,P1_H2,H2_25_Tub2,H2_25
2026-03-23,Mon,Grady,P1_H2_25_Tub2_Lacerate 65,0,11,alive,,W5-6,#N/A,1.5,7.333333333,H2,25,P1_H2,H2_25_Tub2,H2_25
2026-03-23,Mon,Grady,P1_H2_25_Tub2_Lacerate 66,0,6,alive,,W5-6,#N/A,1.5,4,H2,25,P1_H2,H2_25_Tub2,H2_25
2026-03-23,Mon,Grady,P1_H2_25_Tub2_Lacerate 67,0,5,alive,,W5-6,#N/A,1.5,3.333333333,H2,25,P1_H2,H2_25_Tub2,H2_25
2026-03-23,Mon,Grady,P1_H2_25_Tub2_Lacerate 68,0,10,alive,,W5-6,#N/A,1.5,6.666666667,H2,25,P1_H2,H2_25_Tub2,H2_25
2026-03-23,Mon,Grady,P1_H2_25_Tub2_Lacerate 69,0,15,alive,,W5-6,#N/A,1.5,10,H2,25,P1_H2,H2_25_Tub2,H2_25
2026-03-23,Mon,Grady,P3_H2_25_Tub3_Lacerate 35,12,9,alive,,W5-6,0.75,12,0.75,H2,25,P3_H2,H2_25_Tub3,H2_25
2026-03-23,Mon,Grady,P2_H2_25_Tub3_Lacerate 36,12,,missing,,W5-6,0,12,0,H2,25,P2_H2,H2_25_Tub3,H2_25
2026-03-23,Mon,Grady,P3_H2_25_Tub3_Lacerate 37,12,9,alive,,W5-6,0.75,12,0.75,H2,25,P3_H2,H2_25_Tub3,H2_25
2026-03-23,Mon,Grady,P2_H2_25_Tub3_Lacerate 38,12,12,alive,,W5-6,1,12,1,H2,25,P2_H2,H2_25_Tub3,H2_25
2026-03-23,Mon,Grady,P2_H2_25_Tub3_Lacerate 39,12,11,alive,,W5-6,0.9166666667,12,0.9166666667,H2,25,P2_H2,H2_25_Tub3,H2_25
2026-03-23,Mon,Grady,P1_H2_25_Tub3_Lacerate 40,10,11,alive,,W5-6,1.1,10,1.1,H2,25,P1_H2,H2_25_Tub3,H2_25
2026-03-23,Mon,Grady,PX_H2_25_Tub3_Lacerate 41,10,15,alive,,W5-6,1.5,10,1.5,H2,25,PX_H2,H2_25_Tub3,H2_25
2026-03-23,Mon,Grady,PX_H2_25_Tub3_Lacerate 42,10,13,alive,,W5-6,1.3,10,1.3,H2,25,PX_H2,H2_25_Tub3,H2_25
2026-03-23,Mon,Grady,P3_H2_25_Tub3_Lacerate 43,7,10,alive,,W5-6,1.428571429,7,1.428571429,H2,25,P3_H2,H2_25_Tub3,H2_25
2026-03-23,Mon,Grady,P3_H2_25_Tub3_Lacerate 44,7,10,alive,,W5-6,1.428571429,7,1.428571429,H2,25,P3_H2,H2_25_Tub3,H2_25
2026-03-23,Mon,Grady,PX_H2_25_Tub3_Lacerate 45,7,14,alive,,W5-6,2,7,2,H2,25,PX_H2,H2_25_Tub3,H2_25
2026-03-23,Mon,Grady,PX_H2_25_Tub3_Lacerate 46,7,10,alive,,W5-6,1.428571429,7,1.428571429,H2,25,PX_H2,H2_25_Tub3,H2_25
2026-03-23,Mon,Grady,PX_H2_25_Tub3_Lacerate 47,7,10,alive,,W5-6,1.428571429,7,1.428571429,H2,25,PX_H2,H2_25_Tub3,H2_25
2026-03-23,Mon,Grady,P1_H2_25_Tub3_Lacerate 48,7,14,alive,,W5-6,2,7,2,H2,25,P1_H2,H2_25_Tub3,H2_25
2026-03-23,Mon,Grady,PX_H2_25_Tub3_Lacerate 49,7,9,alive,,W5-6,1.285714286,7,1.285714286,H2,25,PX_H2,H2_25_Tub3,H2_25
2026-03-23,Mon,Grady,PX_H2_25_Tub3_Lacerate 50,7,15,alive,,W5-6,2.142857143,7,2.142857143,H2,25,PX_H2,H2_25_Tub3,H2_25
2026-03-23,Mon,Grady,P1_H2_25_Tub3_Lacerate 51,5,15,alive,,W5-6,3,5,3,H2,25,P1_H2,H2_25_Tub3,H2_25
2026-03-23,Mon,Grady,P1_H2_25_Tub3_Lacerate 52,3,9,alive,,W5-6,3,3,3,H2,25,P1_H2,H2_25_Tub3,H2_25
2026-03-23,Mon,Grady,P1_H2_25_Tub3_Lacerate 53,3,10,alive,,W5-6,3.333333333,3,3.333333333,H2,25,P1_H2,H2_25_Tub3,H2_25
2026-03-23,Mon,Grady,P1_H2_25_Tub3_Lacerate 54,0,13,alive,,W5-6,#N/A,1.5,8.666666667,H2,25,P1_H2,H2_25_Tub3,H2_25
2026-03-23,Mon,Grady,P1_H2_25_Tub3_Lacerate 55,0,8,alive,,W5-6,#N/A,1.5,5.333333333,H2,25,P1_H2,H2_25_Tub3,H2_25
2026-03-23,Mon,Grady,P1_H2_25_Tub3_Lacerate 56,0,7,alive,,W5-6,#N/A,1.5,4.666666667,H2,25,P1_H2,H2_25_Tub3,H2_25
2026-03-23,Mon,Grady,P1_H2_25_Tub3_Lacerate 57,0,8,alive,,W5-6,#N/A,1.5,5.333333333,H2,25,P1_H2,H2_25_Tub3,H2_25
2026-03-23,Mon,Grady,P1_H2_25_Tub3_Lacerate 58,0,6,alive,,W5-6,#N/A,1.5,4,H2,25,P1_H2,H2_25_Tub3,H2_25
2026-03-23,Mon,Grady,P1_H2_25_Tub3_Lacerate 59,0,11,alive,,W5-6,#N/A,1.5,7.333333333,H2,25,P1_H2,H2_25_Tub3,H2_25
2026-03-23,Mon,Grady,P2_VWA_25_Tub1_Lacerate 53,12,11,alive,,W5-6,0.9166666667,12,0.9166666667,VWA,25,P2_VWA,VWA_25_Tub1,VWA_25
2026-03-23,Mon,Grady,P3_VWA_25_Tub1_Lacerate 54,12,0,alive,,W5-6,0,12,0,VWA,25,P3_VWA,VWA_25_Tub1,VWA_25
2026-03-23,Mon,Grady,P3_VWA_25_Tub1_Lacerate 55,12,14,alive,,W5-6,1.166666667,12,1.166666667,VWA,25,P3_VWA,VWA_25_Tub1,VWA_25
2026-03-23,Mon,Grady,P1_VWA_25_Tub1_Lacerate 56,12,0,alive,,W5-6,0,12,0,VWA,25,P1_VWA,VWA_25_Tub1,VWA_25
2026-03-23,Mon,Grady,P1_VWA_25_Tub1_Lacerate 57,12,0,alive,,W5-6,0,12,0,VWA,25,P1_VWA,VWA_25_Tub1,VWA_25
2026-03-23,Mon,Grady,P1_VWA_25_Tub1_Lacerate 58,12,0,alive,,W5-6,0,12,0,VWA,25,P1_VWA,VWA_25_Tub1,VWA_25
2026-03-23,Mon,Grady,P1_VWA_25_Tub1_Lacerate 59,12,0,alive,,W5-6,0,12,0,VWA,25,P1_VWA,VWA_25_Tub1,VWA_25
2026-03-23,Mon,Grady,P1_VWA_25_Tub1_Lacerate 60,12,0,alive,,W5-6,0,12,0,VWA,25,P1_VWA,VWA_25_Tub1,VWA_25
2026-03-23,Mon,Grady,P1_VWA_25_Tub1_Lacerate 61,12,0,alive,,W5-6,0,12,0,VWA,25,P1_VWA,VWA_25_Tub1,VWA_25
2026-03-23,Mon,Grady,P1_VWA_25_Tub1_Lacerate 62,12,0,alive,,W5-6,0,12,0,VWA,25,P1_VWA,VWA_25_Tub1,VWA_25
2026-03-23,Mon,Grady,P1_VWA_25_Tub1_Lacerate 63,12,0,alive,,W5-6,0,12,0,VWA,25,P1_VWA,VWA_25_Tub1,VWA_25
2026-03-23,Mon,Grady,P1_VWA_25_Tub1_Lacerate 64,12,6,alive,,W5-6,0.5,12,0.5,VWA,25,P1_VWA,VWA_25_Tub1,VWA_25
2026-03-23,Mon,Grady,P1_VWA_25_Tub1_Lacerate 65,10,4,alive,,W5-6,0.4,10,0.4,VWA,25,P1_VWA,VWA_25_Tub1,VWA_25
2026-03-23,Mon,Grady,P3_VWA_25_Tub1_Lacerate 66,10,8,alive,,W5-6,0.8,10,0.8,VWA,25,P3_VWA,VWA_25_Tub1,VWA_25
2026-03-23,Mon,Grady,P1_VWA_25_Tub1_Lacerate 67,10,0,alive,,W5-6,0,10,0,VWA,25,P1_VWA,VWA_25_Tub1,VWA_25
2026-03-23,Mon,Grady,P2_VWA_25_Tub1_Lacerate 68,7,2,alive,,W5-6,0.2857142857,7,0.2857142857,VWA,25,P2_VWA,VWA_25_Tub1,VWA_25
2026-03-23,Mon,Grady,P2_VWA_25_Tub1_Lacerate 69,7,0,alive,,W5-6,0,7,0,VWA,25,P2_VWA,VWA_25_Tub1,VWA_25
2026-03-23,Mon,Grady,P2_VWA_25_Tub1_Lacerate 70,7,0,alive,,W5-6,0,7,0,VWA,25,P2_VWA,VWA_25_Tub1,VWA_25
2026-03-23,Mon,Grady,P2_VWA_25_Tub1_Lacerate 71,7,0,alive,,W5-6,0,7,0,VWA,25,P2_VWA,VWA_25_Tub1,VWA_25
2026-03-23,Mon,Grady,PX_VWA_25_Tub1_Lacerate 72,5,8,alive,,W5-6,1.6,5,1.6,VWA,25,PX_VWA,VWA_25_Tub1,VWA_25
2026-03-23,Mon,Grady,PX_VWA_25_Tub1_Lacerate 73,5,16,alive,,W5-6,3.2,5,3.2,VWA,25,PX_VWA,VWA_25_Tub1,VWA_25
2026-03-23,Mon,Grady,P3_VWA_25_Tub1_Lacerate 74,5,11,alive,,W5-6,2.2,5,2.2,VWA,25,P3_VWA,VWA_25_Tub1,VWA_25
2026-03-23,Mon,Grady,P3_VWA_25_Tub1_Lacerate 75,5,5,alive,,W5-6,1,5,1,VWA,25,P3_VWA,VWA_25_Tub1,VWA_25
2026-03-23,Mon,Grady,PX_VWA_25_Tub1_Lacerate 76,5,7,alive,,W5-6,1.4,5,1.4,VWA,25,PX_VWA,VWA_25_Tub1,VWA_25
2026-03-23,Mon,Grady,PX_VWA_25_Tub1_Lacerate 77,5,10,alive,,W5-6,2,5,2,VWA,25,PX_VWA,VWA_25_Tub1,VWA_25
2026-03-23,Mon,Grady,P1_VWA_25_Tub1_Lacerate 78,3,0,alive,,W5-6,0,3,0,VWA,25,P1_VWA,VWA_25_Tub1,VWA_25
2026-03-23,Mon,Grady,P1_VWA_25_Tub1_Lacerate 79,3,0,alive,,W5-6,0,3,0,VWA,25,P1_VWA,VWA_25_Tub1,VWA_25
2026-03-23,Mon,Grady,P1_VWA_25_Tub1_Lacerate 80,3,0,alive,,W5-6,0,3,0,VWA,25,P1_VWA,VWA_25_Tub1,VWA_25
2026-03-23,Mon,Grady,P1_VWA_25_Tub1_Lacerate 81,3,0,alive,,W5-6,0,3,0,VWA,25,P1_VWA,VWA_25_Tub1,VWA_25
2026-03-23,Mon,Grady,P1_VWA_25_Tub1_Lacerate 82,0,9,alive,,W5-6,#N/A,1.5,6,VWA,25,P1_VWA,VWA_25_Tub1,VWA_25
2026-03-23,Mon,Grady,P1_VWA_25_Tub1_Lacerate 83,0,15,alive,,W5-6,#N/A,1.5,10,VWA,25,P1_VWA,VWA_25_Tub1,VWA_25
2026-03-23,Mon,Grady,P1_VWA_25_Tub1_Lacerate 84,0,12,alive,,W5-6,#N/A,1.5,8,VWA,25,P1_VWA,VWA_25_Tub1,VWA_25
2026-03-23,Mon,Grady,P1_VWA_25_Tub1_Lacerate 85,0,0,alive,,W5-6,#N/A,1.5,0,VWA,25,P1_VWA,VWA_25_Tub1,VWA_25
2026-03-23,Mon,Grady,P1_VWA_25_Tub1_Lacerate 86,0,0,alive,,W5-6,#N/A,1.5,0,VWA,25,P1_VWA,VWA_25_Tub1,VWA_25
2026-03-23,Mon,Grady,P1_VWA_25_Tub1_Lacerate 87,0,6,alive,,W5-6,#N/A,1.5,4,VWA,25,P1_VWA,VWA_25_Tub1,VWA_25
2026-03-23,Mon,Grady,P1_VWA_25_Tub1_Lacerate 88,0,7,alive,,W5-6,#N/A,1.5,4.666666667,VWA,25,P1_VWA,VWA_25_Tub1,VWA_25
2026-03-23,Mon,Grady,P1_VWA_25_Tub1_Lacerate 89,0,5,alive,,W5-6,#N/A,1.5,3.333333333,VWA,25,P1_VWA,VWA_25_Tub1,VWA_25
2026-03-23,Mon,Grady,P1_VWA_25_Tub1_Lacerate 90,0,9,alive,,W5-6,#N/A,1.5,6,VWA,25,P1_VWA,VWA_25_Tub1,VWA_25
2026-03-23,Mon,Grady,P1_VWA_25_Tub1_Lacerate 91,0,14,alive,,W5-6,#N/A,1.5,9.333333333,VWA,25,P1_VWA,VWA_25_Tub1,VWA_25
2026-03-23,Mon,Grady,P3_VWA_25_Tub2_Lacerate 28,12,12,alive,,W5-6,1,12,1,VWA,25,P3_VWA,VWA_25_Tub2,VWA_25
2026-03-23,Mon,Grady,P2_VWA_25_Tub2_Lacerate 29,10,10,alive,,W5-6,1,10,1,VWA,25,P2_VWA,VWA_25_Tub2,VWA_25
2026-03-23,Mon,Grady,P2_VWA_25_Tub2_Lacerate 30,10,9,alive,,W5-6,0.9,10,0.9,VWA,25,P2_VWA,VWA_25_Tub2,VWA_25
2026-03-23,Mon,Grady,P2_VWA_25_Tub2_Lacerate 31,10,7,alive,,W5-6,0.7,10,0.7,VWA,25,P2_VWA,VWA_25_Tub2,VWA_25
2026-03-23,Mon,Grady,P2_VWA_25_Tub2_Lacerate 32,10,14,alive,,W5-6,1.4,10,1.4,VWA,25,P2_VWA,VWA_25_Tub2,VWA_25
2026-03-23,Mon,Grady,P1_VWA_25_Tub2_Lacerate 33,10,8,alive,,W5-6,0.8,10,0.8,VWA,25,P1_VWA,VWA_25_Tub2,VWA_25
2026-03-23,Mon,Grady,P1_VWA_25_Tub2_Lacerate 34,10,6,alive,,W5-6,0.6,10,0.6,VWA,25,P1_VWA,VWA_25_Tub2,VWA_25
2026-03-23,Mon,Grady,P1_VWA_25_Tub2_Lacerate 35,10,22,alive,,W5-6,2.2,10,2.2,VWA,25,P1_VWA,VWA_25_Tub2,VWA_25
2026-03-23,Mon,Grady,P1_VWA_25_Tub2_Lacerate 36,7,0,alive,,W5-6,0,7,0,VWA,25,P1_VWA,VWA_25_Tub2,VWA_25
2026-03-23,Mon,Grady,P1_VWA_25_Tub2_Lacerate 37,7,,missing,,W5-6,0,7,0,VWA,25,P1_VWA,VWA_25_Tub2,VWA_25
2026-03-23,Mon,Grady,P1_VWA_25_Tub2_Lacerate 38,7,10,alive,,W5-6,1.428571429,7,1.428571429,VWA,25,P1_VWA,VWA_25_Tub2,VWA_25
2026-03-23,Mon,Grady,P1_VWA_25_Tub2_Lacerate 39,7,15,alive,,W5-6,2.142857143,7,2.142857143,VWA,25,P1_VWA,VWA_25_Tub2,VWA_25
2026-03-23,Mon,Grady,P2_VWA_25_Tub2_Lacerate 40,7,10,alive,,W5-6,1.428571429,7,1.428571429,VWA,25,P2_VWA,VWA_25_Tub2,VWA_25
2026-03-23,Mon,Grady,P2_VWA_25_Tub2_Lacerate 41,7,10,alive,,W5-6,1.428571429,7,1.428571429,VWA,25,P2_VWA,VWA_25_Tub2,VWA_25
2026-03-23,Mon,Grady,PX_VWA_25_Tub2_Lacerate 42,7,15,alive,,W5-6,2.142857143,7,2.142857143,VWA,25,PX_VWA,VWA_25_Tub2,VWA_25
2026-03-23,Mon,Grady,PX_VWA_25_Tub2_Lacerate 43,7,12,alive,,W5-6,1.714285714,7,1.714285714,VWA,25,PX_VWA,VWA_25_Tub2,VWA_25
2026-03-23,Mon,Grady,PX_VWA_25_Tub2_Lacerate 44,5,15,alive,,W5-6,3,5,3,VWA,25,PX_VWA,VWA_25_Tub2,VWA_25
2026-03-23,Mon,Grady,PX_VWA_25_Tub2_Lacerate 45,5,8,alive,,W5-6,1.6,5,1.6,VWA,25,PX_VWA,VWA_25_Tub2,VWA_25
2026-03-23,Mon,Grady,P1_VWA_25_Tub2_Lacerate 46,5,6,alive,,W5-6,1.2,5,1.2,VWA,25,P1_VWA,VWA_25_Tub2,VWA_25
2026-03-23,Mon,Grady,P1_VWA_25_Tub2_Lacerate 47,5,8,alive,,W5-6,1.6,5,1.6,VWA,25,P1_VWA,VWA_25_Tub2,VWA_25
2026-03-23,Mon,Grady,P1_VWA_25_Tub2_Lacerate 48,0,5,alive,,W5-6,#N/A,1.5,3.333333333,VWA,25,P1_VWA,VWA_25_Tub2,VWA_25
2026-03-23,Mon,Grady,P1_VWA_25_Tub2_Lacerate 49,0,4,alive,,W5-6,#N/A,1.5,2.666666667,VWA,25,P1_VWA,VWA_25_Tub2,VWA_25
2026-03-23,Mon,Grady,P1_VWA_25_Tub2_Lacerate 50,0,0,alive,,W5-6,#N/A,1.5,0,VWA,25,P1_VWA,VWA_25_Tub2,VWA_25
2026-03-23,Mon,Grady,P1_VWA_25_Tub2_Lacerate 51,0,12,alive,,W5-6,#N/A,1.5,8,VWA,25,P1_VWA,VWA_25_Tub2,VWA_25
2026-03-23,Mon,Grady,P2_VWA_25_Tub3_Lacerate 40,12,0,alive,,W5-6,0,12,0,VWA,25,P2_VWA,VWA_25_Tub3,VWA_25
2026-03-23,Mon,Grady,P3_VWA_25_Tub3_Lacerate 41,12,0,alive,,W5-6,0,12,0,VWA,25,P3_VWA,VWA_25_Tub3,VWA_25
2026-03-23,Mon,Grady,P3_VWA_25_Tub3_Lacerate 42,12,6,alive,,W5-6,0.5,12,0.5,VWA,25,P3_VWA,VWA_25_Tub3,VWA_25
2026-03-23,Mon,Grady,P3_VWA_25_Tub3_Lacerate 43,12,0,alive,,W5-6,0,12,0,VWA,25,P3_VWA,VWA_25_Tub3,VWA_25
2026-03-23,Mon,Grady,P3_VWA_25_Tub3_Lacerate 44,12,0,alive,,W5-6,0,12,0,VWA,25,P3_VWA,VWA_25_Tub3,VWA_25
2026-03-23,Mon,Grady,P3_VWA_25_Tub3_Lacerate 45,12,10,alive,,W5-6,0.8333333333,12,0.8333333333,VWA,25,P3_VWA,VWA_25_Tub3,VWA_25
2026-03-23,Mon,Grady,PX_VWA_25_Tub3_Lacerate 46,12,13,alive,,W5-6,1.083333333,12,1.083333333,VWA,25,PX_VWA,VWA_25_Tub3,VWA_25
2026-03-23,Mon,Grady,P1_VWA_25_Tub3_Lacerate 47,10,12,alive,,W5-6,1.2,10,1.2,VWA,25,P1_VWA,VWA_25_Tub3,VWA_25
2026-03-23,Mon,Grady,P1_VWA_25_Tub3_Lacerate 48,7,13,alive,,W5-6,1.857142857,7,1.857142857,VWA,25,P1_VWA,VWA_25_Tub3,VWA_25
2026-03-23,Mon,Grady,P1_VWA_25_Tub3_Lacerate 49,7,11,alive,,W5-6,1.571428571,7,1.571428571,VWA,25,P1_VWA,VWA_25_Tub3,VWA_25
2026-03-23,Mon,Grady,P1_VWA_25_Tub3_Lacerate 50,7,6,alive,,W5-6,0.8571428571,7,0.8571428571,VWA,25,P1_VWA,VWA_25_Tub3,VWA_25
2026-03-23,Mon,Grady,P2_VWA_25_Tub3_Lacerate 51,7,0,alive,,W5-6,0,7,0,VWA,25,P2_VWA,VWA_25_Tub3,VWA_25
2026-03-23,Mon,Grady,P2_VWA_25_Tub3_Lacerate 52,7,0,alive,,W5-6,0,7,0,VWA,25,P2_VWA,VWA_25_Tub3,VWA_25
2026-03-23,Mon,Grady,P2_VWA_25_Tub3_Lacerate 53,7,0,alive,,W5-6,0,7,0,VWA,25,P2_VWA,VWA_25_Tub3,VWA_25
2026-03-23,Mon,Grady,P3_VWA_25_Tub3_Lacerate 54,7,0,alive,,W5-6,0,7,0,VWA,25,P3_VWA,VWA_25_Tub3,VWA_25
2026-03-23,Mon,Grady,P3_VWA_25_Tub3_Lacerate 55,7,0,alive,,W5-6,0,7,0,VWA,25,P3_VWA,VWA_25_Tub3,VWA_25
2026-03-23,Mon,Grady,P2_VWA_25_Tub3_Lacerate 56,5,0,alive,,W5-6,0,5,0,VWA,25,P2_VWA,VWA_25_Tub3,VWA_25
2026-03-23,Mon,Grady,P2_VWA_25_Tub3_Lacerate 57,5,0,alive,,W5-6,0,5,0,VWA,25,P2_VWA,VWA_25_Tub3,VWA_25
2026-03-23,Mon,Grady,P2_VWA_25_Tub3_Lacerate 58,5,0,alive,,W5-6,0,5,0,VWA,25,P2_VWA,VWA_25_Tub3,VWA_25
2026-03-23,Mon,Grady,P3_VWA_25_Tub3_Lacerate 59,5,14,alive,,W5-6,2.8,5,2.8,VWA,25,P3_VWA,VWA_25_Tub3,VWA_25
2026-03-23,Mon,Grady,P3_VWA_25_Tub3_Lacerate 60,5,10,alive,,W5-6,2,5,2,VWA,25,P3_VWA,VWA_25_Tub3,VWA_25
2026-03-23,Mon,Grady,P2_VWA_25_Tub3_Lacerate 61,5,12,alive,,W5-6,2.4,5,2.4,VWA,25,P2_VWA,VWA_25_Tub3,VWA_25
2026-03-23,Mon,Grady,PX_VWA_25_Tub3_Lacerate 62,5,9,alive,,W5-6,1.8,5,1.8,VWA,25,PX_VWA,VWA_25_Tub3,VWA_25
2026-03-23,Mon,Grady,PX_VWA_25_Tub3_Lacerate 63,3,12,alive,,W5-6,4,3,4,VWA,25,PX_VWA,VWA_25_Tub3,VWA_25
2026-03-23,Mon,Grady,PX_VWA_25_Tub3_Lacerate 64,3,12,alive,,W5-6,4,3,4,VWA,25,PX_VWA,VWA_25_Tub3,VWA_25
2026-03-23,Mon,Grady,PX_VWA_25_Tub3_Lacerate 65,0,7,alive,,W5-6,#N/A,1.5,4.666666667,VWA,25,PX_VWA,VWA_25_Tub3,VWA_25
2026-03-23,Mon,Grady,PX_VWA_25_Tub3_Lacerate 66,0,9,alive,,W5-6,#N/A,1.5,6,VWA,25,PX_VWA,VWA_25_Tub3,VWA_25
2026-03-23,Mon,Grady,PX_VWA_25_Tub3_Lacerate 67,0,8,alive,,W5-6,#N/A,1.5,5.333333333,VWA,25,PX_VWA,VWA_25_Tub3,VWA_25
2026-03-23,Mon,Grady,P1_H2_32_Tub1_Lacerate 52,12,9,alive,,W5-6,0.75,12,0.75,H2,32,P1_H2,H2_32_Tub1,H2_32
2026-03-23,Mon,Grady,P1_H2_32_Tub1_Lacerate 53,12,12,alive,,W5-6,1,12,1,H2,32,P1_H2,H2_32_Tub1,H2_32
2026-03-23,Mon,Grady,P1_H2_32_Tub1_Lacerate 54,12,12,alive,,W5-6,1,12,1,H2,32,P1_H2,H2_32_Tub1,H2_32
2026-03-23,Mon,Grady,PX_H2_32_Tub1_Lacerate 55,12,7,alive,,W5-6,0.5833333333,12,0.5833333333,H2,32,PX_H2,H2_32_Tub1,H2_32
2026-03-23,Mon,Grady,PX_H2_32_Tub1_Lacerate 56,7,14,alive,,W5-6,2,7,2,H2,32,PX_H2,H2_32_Tub1,H2_32
2026-03-23,Mon,Grady,P2_H2_32_Tub1_Lacerate 57,7,10,alive,,W5-6,1.428571429,7,1.428571429,H2,32,P2_H2,H2_32_Tub1,H2_32
2026-03-23,Mon,Grady,P2_H2_32_Tub1_Lacerate 58,7,10,alive,,W5-6,1.428571429,7,1.428571429,H2,32,P2_H2,H2_32_Tub1,H2_32
2026-03-23,Mon,Grady,P1_H2_32_Tub1_Lacerate 59,7,10,alive,,W5-6,1.428571429,7,1.428571429,H2,32,P1_H2,H2_32_Tub1,H2_32
2026-03-23,Mon,Grady,P1_H2_32_Tub1_Lacerate 60,7,5,alive,,W5-6,0.7142857143,7,0.7142857143,H2,32,P1_H2,H2_32_Tub1,H2_32
2026-03-23,Mon,Grady,P1_H2_32_Tub1_Lacerate 61,7,6,alive,,W5-6,0.8571428571,7,0.8571428571,H2,32,P1_H2,H2_32_Tub1,H2_32
2026-03-23,Mon,Grady,P1_H2_32_Tub1_Lacerate 62,7,8,alive,,W5-6,1.142857143,7,1.142857143,H2,32,P1_H2,H2_32_Tub1,H2_32
2026-03-23,Mon,Grady,P1_H2_32_Tub1_Lacerate 63,7,6,alive,,W5-6,0.8571428571,7,0.8571428571,H2,32,P1_H2,H2_32_Tub1,H2_32
2026-03-23,Mon,Grady,P1_H2_32_Tub1_Lacerate 64,5,10,alive,,W5-6,2,5,2,H2,32,P1_H2,H2_32_Tub1,H2_32
2026-03-23,Mon,Grady,P1_H2_32_Tub1_Lacerate 65,5,11,alive,,W5-6,2.2,5,2.2,H2,32,P1_H2,H2_32_Tub1,H2_32
2026-03-23,Mon,Grady,P3_H2_32_Tub1_Lacerate 66,5,12,alive,,W5-6,2.4,5,2.4,H2,32,P3_H2,H2_32_Tub1,H2_32
2026-03-23,Mon,Grady,P3_H2_32_Tub1_Lacerate 67,5,11,alive,,W5-6,2.2,5,2.2,H2,32,P3_H2,H2_32_Tub1,H2_32
2026-03-23,Mon,Grady,P3_H2_32_Tub1_Lacerate 68,5,8,alive,,W5-6,1.6,5,1.6,H2,32,P3_H2,H2_32_Tub1,H2_32
2026-03-23,Mon,Grady,PX_H2_32_Tub1_Lacerate 69,5,10,alive,,W5-6,2,5,2,H2,32,PX_H2,H2_32_Tub1,H2_32
2026-03-23,Mon,Grady,PX_H2_32_Tub1_Lacerate 70,5,,missing,,W5-6,0,5,0,H2,32,PX_H2,H2_32_Tub1,H2_32
2026-03-23,Mon,Grady,P3_H2_32_Tub1_Lacerate 71,3,8,alive,,W5-6,2.666666667,3,2.666666667,H2,32,P3_H2,H2_32_Tub1,H2_32
2026-03-23,Mon,Grady,P3_H2_32_Tub1_Lacerate 72,3,8,alive,,W5-6,2.666666667,3,2.666666667,H2,32,P3_H2,H2_32_Tub1,H2_32
2026-03-23,Mon,Grady,PX_H2_32_Tub1_Lacerate 73,0,8,alive,,W5-6,#N/A,1.5,5.333333333,H2,32,PX_H2,H2_32_Tub1,H2_32
2026-03-23,Mon,Grady,PX_H2_32_Tub1_Lacerate 74,0,5,alive,,W5-6,#N/A,1.5,3.333333333,H2,32,PX_H2,H2_32_Tub1,H2_32
2026-03-23,Mon,Grady,PX_H2_32_Tub1_Lacerate 75,0,6,alive,,W5-6,#N/A,1.5,4,H2,32,PX_H2,H2_32_Tub1,H2_32
2026-03-23,Mon,Grady,PX_H2_32_Tub1_Lacerate 76,0,8,alive,,W5-6,#N/A,1.5,5.333333333,H2,32,PX_H2,H2_32_Tub1,H2_32
2026-03-23,Mon,Grady,PX_H2_32_Tub1_Lacerate 77,0,0,alive,,W5-6,#N/A,1.5,0,H2,32,PX_H2,H2_32_Tub1,H2_32
2026-03-23,Mon,Grady,PX_H2_32_Tub1_Lacerate 78,0,0,alive,,W5-6,#N/A,1.5,0,H2,32,PX_H2,H2_32_Tub1,H2_32
2026-03-23,Mon,Grady,PX_H2_32_Tub1_Lacerate 79,0,6,alive,,W5-6,#N/A,1.5,4,H2,32,PX_H2,H2_32_Tub1,H2_32
2026-03-23,Mon,Grady,PX_H2_32_Tub1_Lacerate 80,0,6,alive,,W5-6,#N/A,1.5,4,H2,32,PX_H2,H2_32_Tub1,H2_32
2026-03-23,Mon,Grady,PX_H2_32_Tub1_Lacerate 81,0,11,alive,,W5-6,#N/A,1.5,7.333333333,H2,32,PX_H2,H2_32_Tub1,H2_32
2026-03-23,Mon,Grady,PX_H2_32_Tub1_Lacerate 82,0,14,alive,,W5-6,#N/A,1.5,9.333333333,H2,32,PX_H2,H2_32_Tub1,H2_32
2026-03-23,Mon,Grady,PX_H2_32_Tub1_Lacerate 83,0,12,alive,,W5-6,#N/A,1.5,8,H2,32,PX_H2,H2_32_Tub1,H2_32
2026-03-23,Mon,Grady,PX_H2_32_Tub1_Lacerate 84,0,8,alive,,W5-6,#N/A,1.5,5.333333333,H2,32,PX_H2,H2_32_Tub1,H2_32
2026-03-23,Mon,Grady,PX_H2_32_Tub1_Lacerate 85,0,5,alive,,W5-6,#N/A,1.5,3.333333333,H2,32,PX_H2,H2_32_Tub1,H2_32
2026-03-23,Mon,Grady,PX_H2_32_Tub1_Lacerate 86,0,8,alive,,W5-6,#N/A,1.5,5.333333333,H2,32,PX_H2,H2_32_Tub1,H2_32
2026-03-23,Mon,Grady,PX_H2_32_Tub1_Lacerate 87,0,7,alive,,W5-6,#N/A,1.5,4.666666667,H2,32,PX_H2,H2_32_Tub1,H2_32
2026-03-23,Mon,Grady,P1_H2_32_Tub2_Lacerate 71,12,,missing,,W5-6,0,12,0,H2,32,P1_H2,H2_32_Tub2,H2_32
2026-03-23,Mon,Grady,P1_H2_32_Tub2_Lacerate 72,12,9,alive,unassigned missing,W5-6,0.75,12,0.75,H2,32,P1_H2,H2_32_Tub2,H2_32
2026-03-23,Mon,Grady,P1_H2_32_Tub2_Lacerate 73,12,0,alive,,W5-6,0,12,0,H2,32,P1_H2,H2_32_Tub2,H2_32
2026-03-23,Mon,Grady,P1_H2_32_Tub2_Lacerate 74,12,8,alive,,W5-6,0.6666666667,12,0.6666666667,H2,32,P1_H2,H2_32_Tub2,H2_32
2026-03-23,Mon,Grady,P3_H2_32_Tub2_Lacerate 75,7,9,alive,unassigned missing,W5-6,1.285714286,7,1.285714286,H2,32,P3_H2,H2_32_Tub2,H2_32
2026-03-23,Mon,Grady,P3_H2_32_Tub2_Lacerate 76,7,0,alive,unassigned missing,W5-6,0,7,0,H2,32,P3_H2,H2_32_Tub2,H2_32
2026-03-23,Mon,Grady,P2_H2_32_Tub2_Lacerate 77,7,13,alive,unassigned missing,W5-6,1.857142857,7,1.857142857,H2,32,P2_H2,H2_32_Tub2,H2_32
2026-03-23,Mon,Grady,P2_H2_32_Tub2_Lacerate 78,7,11,alive,,W5-6,1.571428571,7,1.571428571,H2,32,P2_H2,H2_32_Tub2,H2_32
2026-03-23,Mon,Grady,P2_H2_32_Tub2_Lacerate 79,7,6,alive,,W5-6,0.8571428571,7,0.8571428571,H2,32,P2_H2,H2_32_Tub2,H2_32
2026-03-23,Mon,Grady,P2_H2_32_Tub2_Lacerate 80,7,12,alive,,W5-6,1.714285714,7,1.714285714,H2,32,P2_H2,H2_32_Tub2,H2_32
2026-03-23,Mon,Grady,P2_H2_32_Tub2_Lacerate 81,7,14,alive,,W5-6,2,7,2,H2,32,P2_H2,H2_32_Tub2,H2_32
2026-03-23,Mon,Grady,P2_H2_32_Tub2_Lacerate 82,7,11,alive,unassigned missing,W5-6,1.571428571,7,1.571428571,H2,32,P2_H2,H2_32_Tub2,H2_32
2026-03-23,Mon,Grady,P3_H2_32_Tub2_Lacerate 83,5,11,alive,unassigned missing,W5-6,2.2,5,2.2,H2,32,P3_H2,H2_32_Tub2,H2_32
2026-03-23,Mon,Grady,P1_H2_32_Tub2_Lacerate 84,5,0,alive,,W5-6,0,5,0,H2,32,P1_H2,H2_32_Tub2,H2_32
2026-03-23,Mon,Grady,PX_H2_32_Tub2_Lacerate 85,0,10,alive,,W5-6,#N/A,1.5,6.666666667,H2,32,PX_H2,H2_32_Tub2,H2_32
2026-03-23,Mon,Grady,PX_H2_32_Tub2_Lacerate 86,0,10,alive,,W5-6,#N/A,1.5,6.666666667,H2,32,PX_H2,H2_32_Tub2,H2_32
2026-03-23,Mon,Grady,PX_H2_32_Tub2_Lacerate 87,0,0,alive,,W5-6,#N/A,1.5,0,H2,32,PX_H2,H2_32_Tub2,H2_32
2026-03-23,Mon,Grady,P1_H2_32_Tub3_Lacerate 42,12,8,alive,,W5-6,0.6666666667,12,0.6666666667,H2,32,P1_H2,H2_32_Tub3,H2_32
2026-03-23,Mon,Grady,P1_H2_32_Tub3_Lacerate 43,12,4,alive,unassigned missing,W5-6,0.3333333333,12,0.3333333333,H2,32,P1_H2,H2_32_Tub3,H2_32
2026-03-23,Mon,Grady,P1_H2_32_Tub3_Lacerate 44,12,12,alive,unassigned missing,W5-6,1,12,1,H2,32,P1_H2,H2_32_Tub3,H2_32
2026-03-23,Mon,Grady,P2_H2_32_Tub3_Lacerate 45,12,13,alive,,W5-6,1.083333333,12,1.083333333,H2,32,P2_H2,H2_32_Tub3,H2_32
2026-03-23,Mon,Grady,P2_H2_32_Tub3_Lacerate 46,12,4,alive,,W5-6,0.3333333333,12,0.3333333333,H2,32,P2_H2,H2_32_Tub3,H2_32
2026-03-23,Mon,Grady,P2_H2_32_Tub3_Lacerate 47,12,8,alive,,W5-6,0.6666666667,12,0.6666666667,H2,32,P2_H2,H2_32_Tub3,H2_32
2026-03-23,Mon,Grady,P2_H2_32_Tub3_Lacerate 48,12,,missing,,W5-6,0,12,0,H2,32,P2_H2,H2_32_Tub3,H2_32
2026-03-23,Mon,Grady,P3_H2_32_Tub3_Lacerate 49,10,10,alive,unassigned missing,W5-6,1,10,1,H2,32,P3_H2,H2_32_Tub3,H2_32
2026-03-23,Mon,Grady,P3_H2_32_Tub3_Lacerate 50,10,6,alive,unassigned missing,W5-6,0.6,10,0.6,H2,32,P3_H2,H2_32_Tub3,H2_32
2026-03-23,Mon,Grady,P3_H2_32_Tub3_Lacerate 51,10,6,alive,unassigned missing,W5-6,0.6,10,0.6,H2,32,P3_H2,H2_32_Tub3,H2_32
2026-03-23,Mon,Grady,P3_H2_32_Tub3_Lacerate 52,10,12,alive,unassigned missing,W5-6,1.2,10,1.2,H2,32,P3_H2,H2_32_Tub3,H2_32
2026-03-23,Mon,Grady,P3_H2_32_Tub3_Lacerate 53,10,6,alive,,W5-6,0.6,10,0.6,H2,32,P3_H2,H2_32_Tub3,H2_32
2026-03-23,Mon,Grady,P3_H2_32_Tub3_Lacerate 54,10,,missing,,W5-6,0,10,0,H2,32,P3_H2,H2_32_Tub3,H2_32
2026-03-23,Mon,Grady,P1_H2_32_Tub3_Lacerate 55,7,16,alive,unassigned missing,W5-6,2.285714286,7,2.285714286,H2,32,P1_H2,H2_32_Tub3,H2_32
2026-03-23,Mon,Grady,P1_H2_32_Tub3_Lacerate 56,7,7,alive,unassigned missing,W5-6,1,7,1,H2,32,P1_H2,H2_32_Tub3,H2_32
2026-03-23,Mon,Grady,P3_H2_32_Tub3_Lacerate 57,5,6,alive,,W5-6,1.2,5,1.2,H2,32,P3_H2,H2_32_Tub3,H2_32
2026-03-23,Mon,Grady,P3_H2_32_Tub3_Lacerate 58,5,12,alive,,W5-6,2.4,5,2.4,H2,32,P3_H2,H2_32_Tub3,H2_32
2026-03-23,Mon,Grady,P3_H2_32_Tub3_Lacerate 59,5,7,alive,,W5-6,1.4,5,1.4,H2,32,P3_H2,H2_32_Tub3,H2_32
2026-03-23,Mon,Grady,P3_H2_32_Tub3_Lacerate 60,5,8,alive,,W5-6,1.6,5,1.6,H2,32,P3_H2,H2_32_Tub3,H2_32
2026-03-23,Mon,Grady,P2_H2_32_Tub3_Lacerate 61,3,2,alive,,W5-6,0.6666666667,3,0.6666666667,H2,32,P2_H2,H2_32_Tub3,H2_32
2026-03-23,Mon,Grady,P2_H2_32_Tub3_Lacerate 62,3,4,alive,,W5-6,1.333333333,3,1.333333333,H2,32,P2_H2,H2_32_Tub3,H2_32
2026-03-23,Mon,Grady,P2_H2_32_Tub3_Lacerate 63,0,7,alive,,W5-6,#N/A,1.5,4.666666667,H2,32,P2_H2,H2_32_Tub3,H2_32
2026-03-23,Mon,Grady,P2_H2_32_Tub3_Lacerate 64,0,6,alive,,W5-6,#N/A,1.5,4,H2,32,P2_H2,H2_32_Tub3,H2_32
2026-03-23,Mon,Grady,P2_H2_32_Tub3_Lacerate 65,0,0,alive,,W5-6,#N/A,1.5,0,H2,32,P2_H2,H2_32_Tub3,H2_32
2026-03-23,Mon,Grady,P2_H2_32_Tub3_Lacerate 66,0,0,alive,,W5-6,#N/A,1.5,0,H2,32,P2_H2,H2_32_Tub3,H2_32
2026-03-23,Mon,Grady,P2_H2_32_Tub3_Lacerate 67,0,0,alive,,W5-6,#N/A,1.5,0,H2,32,P2_H2,H2_32_Tub3,H2_32
2026-03-23,Mon,Grady,P2_H2_32_Tub3_Lacerate 68,0,0,alive,,W5-6,#N/A,1.5,0,H2,32,P2_H2,H2_32_Tub3,H2_32
2026-03-23,Mon,Grady,P2_H2_32_Tub3_Lacerate 69,0,0,alive,,W5-6,#N/A,1.5,0,H2,32,P2_H2,H2_32_Tub3,H2_32
2026-03-23,Mon,Grady,P2_H2_32_Tub3_Lacerate 70,0,0,alive,,W5-6,#N/A,1.5,0,H2,32,P2_H2,H2_32_Tub3,H2_32
2026-03-23,Mon,Grady,P2_H2_32_Tub3_Lacerate 71,0,0,alive,,W5-6,#N/A,1.5,0,H2,32,P2_H2,H2_32_Tub3,H2_32
2026-03-23,Mon,Grady,P2_H2_32_Tub3_Lacerate 72,0,7,alive,,W5-6,#N/A,1.5,4.666666667,H2,32,P2_H2,H2_32_Tub3,H2_32
2026-03-23,Mon,Grady,P2_H2_32_Tub3_Lacerate 73,0,11,alive,,W5-6,#N/A,1.5,7.333333333,H2,32,P2_H2,H2_32_Tub3,H2_32
2026-03-23,Mon,Grady,P2_H2_32_Tub3_Lacerate 74,0,14,alive,,W5-6,#N/A,1.5,9.333333333,H2,32,P2_H2,H2_32_Tub3,H2_32
2026-03-23,Mon,Grady,P2_H2_32_Tub3_Lacerate 75,0,9,alive,,W5-6,#N/A,1.5,6,H2,32,P2_H2,H2_32_Tub3,H2_32
2026-03-23,Mon,Grady,P2_H2_32_Tub3_Lacerate 76,0,11,alive,,W5-6,#N/A,1.5,7.333333333,H2,32,P2_H2,H2_32_Tub3,H2_32
2026-03-23,Mon,Grady,P2_H2_32_Tub3_Lacerate 77,0,16,alive,,W5-6,#N/A,1.5,10.66666667,H2,32,P2_H2,H2_32_Tub3,H2_32
2026-03-23,Mon,Grady,P2_H2_32_Tub3_Lacerate 78,0,16,alive,,W5-6,#N/A,1.5,10.66666667,H2,32,P2_H2,H2_32_Tub3,H2_32
2026-03-23,Mon,Grady,P2_H2_32_Tub3_Lacerate 79,0,8,alive,,W5-6,#N/A,1.5,5.333333333,H2,32,P2_H2,H2_32_Tub3,H2_32
2026-03-23,Mon,Grady,P2_H2_32_Tub3_Lacerate 80,0,8,alive,,W5-6,#N/A,1.5,5.333333333,H2,32,P2_H2,H2_32_Tub3,H2_32
2026-03-23,Mon,Grady,P1_VWA_32_Tub1_Lacerate 52,12,0,alive,,W5-6,0,12,0,VWA,32,P1_VWA,VWA_32_Tub1,VWA_32
2026-03-23,Mon,Grady,P1_VWA_32_Tub1_Lacerate 53,12,0,alive,,W5-6,0,12,0,VWA,32,P1_VWA,VWA_32_Tub1,VWA_32
2026-03-23,Mon,Grady,P1_VWA_32_Tub1_Lacerate 54,12,0,alive,,W5-6,0,12,0,VWA,32,P1_VWA,VWA_32_Tub1,VWA_32
2026-03-23,Mon,Grady,P1_VWA_32_Tub1_Lacerate 55,12,0,alive,,W5-6,0,12,0,VWA,32,P1_VWA,VWA_32_Tub1,VWA_32
2026-03-23,Mon,Grady,P3_VWA_32_Tub1_Lacerate 56,12,9,alive,,W5-6,0.75,12,0.75,VWA,32,P3_VWA,VWA_32_Tub1,VWA_32
2026-03-23,Mon,Grady,P3_VWA_32_Tub1_Lacerate 57,12,0,alive,,W5-6,0,12,0,VWA,32,P3_VWA,VWA_32_Tub1,VWA_32
2026-03-23,Mon,Grady,P1_VWA_32_Tub1_Lacerate 58,12,6,alive,,W5-6,0.5,12,0.5,VWA,32,P1_VWA,VWA_32_Tub1,VWA_32
2026-03-23,Mon,Grady,P2_VWA_32_Tub1_Lacerate 59,10,10,alive,,W5-6,1,10,1,VWA,32,P2_VWA,VWA_32_Tub1,VWA_32
2026-03-23,Mon,Grady,P2_VWA_32_Tub1_Lacerate 60,10,11,alive,,W5-6,1.1,10,1.1,VWA,32,P2_VWA,VWA_32_Tub1,VWA_32
2026-03-23,Mon,Grady,P2_VWA_32_Tub1_Lacerate 61,7,0,alive,,W5-6,0,7,0,VWA,32,P2_VWA,VWA_32_Tub1,VWA_32
2026-03-23,Mon,Grady,P2_VWA_32_Tub1_Lacerate 62,3,0,alive,,W5-6,0,3,0,VWA,32,P2_VWA,VWA_32_Tub1,VWA_32
2026-03-23,Mon,Grady,P2_VWA_32_Tub1_Lacerate 63,3,0,alive,,W5-6,0,3,0,VWA,32,P2_VWA,VWA_32_Tub1,VWA_32
2026-03-23,Mon,Grady,PX_VWA_32_Tub1_Lacerate 64,0,11,alive,,W5-6,#N/A,1.5,7.333333333,VWA,32,PX_VWA,VWA_32_Tub1,VWA_32
2026-03-23,Mon,Grady,PX_VWA_32_Tub1_Lacerate 65,0,0,alive,,W5-6,#N/A,1.5,0,VWA,32,PX_VWA,VWA_32_Tub1,VWA_32
2026-03-23,Mon,Grady,PX_VWA_32_Tub1_Lacerate 66,0,0,alive,,W5-6,#N/A,1.5,0,VWA,32,PX_VWA,VWA_32_Tub1,VWA_32
2026-03-23,Mon,Grady,PX_VWA_32_Tub1_Lacerate 67,0,0,alive,,W5-6,#N/A,1.5,0,VWA,32,PX_VWA,VWA_32_Tub1,VWA_32
2026-03-23,Mon,Grady,PX_VWA_32_Tub1_Lacerate 68,0,8,alive,,W5-6,#N/A,1.5,5.333333333,VWA,32,PX_VWA,VWA_32_Tub1,VWA_32
2026-03-23,Mon,Grady,PX_VWA_32_Tub1_Lacerate 69,0,0,alive,,W5-6,#N/A,1.5,0,VWA,32,PX_VWA,VWA_32_Tub1,VWA_32
2026-03-23,Mon,Grady,PX_VWA_32_Tub1_Lacerate 70,0,6,alive,,W5-6,#N/A,1.5,4,VWA,32,PX_VWA,VWA_32_Tub1,VWA_32
2026-03-23,Mon,Grady,PX_VWA_32_Tub1_Lacerate 71,0,8,alive,,W5-6,#N/A,1.5,5.333333333,VWA,32,PX_VWA,VWA_32_Tub1,VWA_32
2026-03-23,Mon,Grady,PX_VWA_32_Tub1_Lacerate 72,0,8,alive,,W5-6,#N/A,1.5,5.333333333,VWA,32,PX_VWA,VWA_32_Tub1,VWA_32
2026-03-23,Mon,Grady,PX_VWA_32_Tub1_Lacerate 73,0,5,alive,,W5-6,#N/A,1.5,3.333333333,VWA,32,PX_VWA,VWA_32_Tub1,VWA_32
2026-03-23,Mon,Grady,PX_VWA_32_Tub1_Lacerate 74,0,3,alive,,W5-6,#N/A,1.5,2,VWA,32,PX_VWA,VWA_32_Tub1,VWA_32
2026-03-23,Mon,Grady,P1_VWA_32_Tub2_Lacerate 20,12,0,alive,,W5-6,0,12,0,VWA,32,P1_VWA,VWA_32_Tub2,VWA_32
2026-03-23,Mon,Grady,P1_VWA_32_Tub2_Lacerate 21,12,0,alive,,W5-6,0,12,0,VWA,32,P1_VWA,VWA_32_Tub2,VWA_32
2026-03-23,Mon,Grady,P1_VWA_32_Tub2_Lacerate 22,12,7,alive,,W5-6,0.5833333333,12,0.5833333333,VWA,32,P1_VWA,VWA_32_Tub2,VWA_32
2026-03-23,Mon,Grady,P3_VWA_32_Tub2_Lacerate 23,12,10,alive,,W5-6,0.8333333333,12,0.8333333333,VWA,32,P3_VWA,VWA_32_Tub2,VWA_32
2026-03-23,Mon,Grady,P3_VWA_32_Tub2_Lacerate 24,12,,missing,,W5-6,0,12,0,VWA,32,P3_VWA,VWA_32_Tub2,VWA_32
2026-03-23,Mon,Grady,PX_VWA_32_Tub2_Lacerate 25,12,,missing,,W5-6,0,12,0,VWA,32,PX_VWA,VWA_32_Tub2,VWA_32
2026-03-23,Mon,Grady,P2_VWA_32_Tub2_Lacerate 26,10,0,alive,,W5-6,0,10,0,VWA,32,P2_VWA,VWA_32_Tub2,VWA_32
2026-03-23,Mon,Grady,P2_VWA_32_Tub2_Lacerate 27,10,8,alive,,W5-6,0.8,10,0.8,VWA,32,P2_VWA,VWA_32_Tub2,VWA_32
2026-03-23,Mon,Grady,P2_VWA_32_Tub2_Lacerate 28,10,0,alive,,W5-6,0,10,0,VWA,32,P2_VWA,VWA_32_Tub2,VWA_32
2026-03-23,Mon,Grady,P2_VWA_32_Tub2_Lacerate 29,10,18,alive,,W5-6,1.8,10,1.8,VWA,32,P2_VWA,VWA_32_Tub2,VWA_32
2026-03-23,Mon,Grady,P2_VWA_32_Tub2_Lacerate 30,10,0,alive,,W5-6,0,10,0,VWA,32,P2_VWA,VWA_32_Tub2,VWA_32
2026-03-23,Mon,Grady,P2_VWA_32_Tub2_Lacerate 31,7,12,alive,,W5-6,1.714285714,7,1.714285714,VWA,32,P2_VWA,VWA_32_Tub2,VWA_32
2026-03-23,Mon,Grady,P2_VWA_32_Tub2_Lacerate 32,7,13,alive,,W5-6,1.857142857,7,1.857142857,VWA,32,P2_VWA,VWA_32_Tub2,VWA_32
2026-03-23,Mon,Grady,P3_VWA_32_Tub2_Lacerate 33,7,10,alive,,W5-6,1.428571429,7,1.428571429,VWA,32,P3_VWA,VWA_32_Tub2,VWA_32
2026-03-23,Mon,Grady,P3_VWA_32_Tub2_Lacerate 34,5,0,alive,,W5-6,0,5,0,VWA,32,P3_VWA,VWA_32_Tub2,VWA_32
2026-03-23,Mon,Grady,P3_VWA_32_Tub2_Lacerate 35,5,16,alive,,W5-6,3.2,5,3.2,VWA,32,P3_VWA,VWA_32_Tub2,VWA_32
2026-03-23,Mon,Grady,P1_VWA_32_Tub2_Lacerate 36,5,7,alive,,W5-6,1.4,5,1.4,VWA,32,P1_VWA,VWA_32_Tub2,VWA_32
2026-03-23,Mon,Grady,P1_VWA_32_Tub2_Lacerate 37,5,7,alive,,W5-6,1.4,5,1.4,VWA,32,P1_VWA,VWA_32_Tub2,VWA_32
2026-03-23,Mon,Grady,P3_VWA_32_Tub2_Lacerate 38,3,0,alive,,W5-6,0,3,0,VWA,32,P3_VWA,VWA_32_Tub2,VWA_32
2026-03-23,Mon,Grady,P3_VWA_32_Tub2_Lacerate 39,3,0,alive,,W5-6,0,3,0,VWA,32,P3_VWA,VWA_32_Tub2,VWA_32
2026-03-23,Mon,Grady,P3_VWA_32_Tub2_Lacerate 40,3,0,alive,,W5-6,0,3,0,VWA,32,P3_VWA,VWA_32_Tub2,VWA_32
2026-03-23,Mon,Grady,P1_VWA_32_Tub3_Lacerate 24,12,17,alive,,W5-6,1.416666667,12,1.416666667,VWA,32,P1_VWA,VWA_32_Tub3,VWA_32
2026-03-23,Mon,Grady,P1_VWA_32_Tub3_Lacerate 25,12,18,alive,,W5-6,1.5,12,1.5,VWA,32,P1_VWA,VWA_32_Tub3,VWA_32
2026-03-23,Mon,Grady,P1_VWA_32_Tub3_Lacerate 26,12,,missing,,W5-6,0,12,0,VWA,32,P1_VWA,VWA_32_Tub3,VWA_32
2026-03-23,Mon,Grady,PX_VWA_32_Tub3_Lacerate 27,10,0,alive,,W5-6,0,10,0,VWA,32,PX_VWA,VWA_32_Tub3,VWA_32
2026-03-23,Mon,Grady,P3_VWA_32_Tub3_Lacerate 28,7,2,alive,,W5-6,0.2857142857,7,0.2857142857,VWA,32,P3_VWA,VWA_32_Tub3,VWA_32
2026-03-23,Mon,Grady,P1_VWA_32_Tub3_Lacerate 29,5,0,alive,,W5-6,0,5,0,VWA,32,P1_VWA,VWA_32_Tub3,VWA_32
2026-03-23,Mon,Grady,P1_VWA_32_Tub3_Lacerate 30,5,,missing,,W5-6,0,5,0,VWA,32,P1_VWA,VWA_32_Tub3,VWA_32
2026-03-23,Mon,Grady,P2_VWA_32_Tub3_Lacerate 31,5,0,alive,,W5-6,0,5,0,VWA,32,P2_VWA,VWA_32_Tub3,VWA_32
2026-03-23,Mon,Grady,P2_VWA_32_Tub3_Lacerate 32,5,0,alive,,W5-6,0,5,0,VWA,32,P2_VWA,VWA_32_Tub3,VWA_32
2026-03-23,Mon,Grady,P2_VWA_32_Tub3_Lacerate 33,5,0,alive,,W5-6,0,5,0,VWA,32,P2_VWA,VWA_32_Tub3,VWA_32
2026-03-23,Mon,Grady,P2_VWA_32_Tub3_Lacerate 34,5,0,alive,,W5-6,0,5,0,VWA,32,P2_VWA,VWA_32_Tub3,VWA_32
2026-03-23,Mon,Grady,P2_VWA_32_Tub3_Lacerate 35,5,0,alive,,W5-6,0,5,0,VWA,32,P2_VWA,VWA_32_Tub3,VWA_32
2026-03-23,Mon,Grady,P3_VWA_32_Tub3_Lacerate 36,5,0,alive,,W5-6,0,5,0,VWA,32,P3_VWA,VWA_32_Tub3,VWA_32
2026-03-23,Mon,Grady,P3_VWA_32_Tub3_Lacerate 37,5,0,alive,,W5-6,0,5,0,VWA,32,P3_VWA,VWA_32_Tub3,VWA_32
2026-03-23,Mon,Grady,P3_VWA_32_Tub3_Lacerate 38,5,0,alive,,W5-6,0,5,0,VWA,32,P3_VWA,VWA_32_Tub3,VWA_32
2026-03-23,Mon,Grady,P3_VWA_32_Tub3_Lacerate 39,5,5,alive,,W5-6,1,5,1,VWA,32,P3_VWA,VWA_32_Tub3,VWA_32
2026-03-23,Mon,Grady,P2_VWA_32_Tub3_Lacerate 40,3,11,alive,,W5-6,3.666666667,3,3.666666667,VWA,32,P2_VWA,VWA_32_Tub3,VWA_32
2026-03-23,Mon,Grady,P2_VWA_32_Tub3_Lacerate 41,3,0,alive,,W5-6,0,3,0,VWA,32,P2_VWA,VWA_32_Tub3,VWA_32
2026-03-23,Mon,Grady,P2_VWA_32_Tub3_Lacerate 42,3,0,alive,,W5-6,0,3,0,VWA,32,P2_VWA,VWA_32_Tub3,VWA_32
2026-03-23,Mon,Grady,P2_VWA_32_Tub3_Lacerate 43,3,0,alive,,W5-6,0,3,0,VWA,32,P2_VWA,VWA_32_Tub3,VWA_32
2026-03-23,Mon,Grady,P2_VWA_32_Tub3_Lacerate 44,3,6,alive,,W5-6,2,3,2,VWA,32,P2_VWA,VWA_32_Tub3,VWA_32
2026-03-25,Wed,Grady,P2_H2_25_Tub2_Lacerate 70,0,6,alive,,W7-8,#N/A,1,6,H2,25,P2_H2,H2_25_Tub2,H2_25
2026-03-25,Wed,Grady,P1_H2_25_Tub2_Lacerate 71,0,4,alive,,W7-8,#N/A,1,4,H2,25,P1_H2,H2_25_Tub2,H2_25
2026-03-25,Wed,Grady,P1_H2_25_Tub3_Lacerate 60,0,6,alive,,W7-8,#N/A,1,6,H2,25,P1_H2,H2_25_Tub3,H2_25
2026-03-25,Wed,Grady,P1_H2_25_Tub3_Lacerate 61,0,0,alive,,W7-8,#N/A,1,0,H2,25,P1_H2,H2_25_Tub3,H2_25
2026-03-25,Wed,Grady,P2_H2_25_Tub3_Lacerate 62,0,4,alive,,W7-8,#N/A,1,4,H2,25,P2_H2,H2_25_Tub3,H2_25
2026-03-25,Wed,Grady,P1_VWA_25_Tub1_Lacerate 92,0,0,alive,,W7-8,#N/A,1,0,VWA,25,P1_VWA,VWA_25_Tub1,VWA_25
2026-03-25,Wed,Grady,P3_VWA_25_Tub2_Lacerate 52,0,1,alive,,W7-8,#N/A,1,1,VWA,25,P3_VWA,VWA_25_Tub2,VWA_25
2026-03-25,Wed,Grady,P2_VWA_25_Tub2_Lacerate 53,0,4,alive,,W7-8,#N/A,1,4,VWA,25,P2_VWA,VWA_25_Tub2,VWA_25
2026-03-25,Wed,Grady,PX_VWA_25_Tub3_Lacerate 68,0,5,alive,,W7-8,#N/A,1,5,VWA,25,PX_VWA,VWA_25_Tub3,VWA_25
2026-03-25,Wed,Grady,P2_H2_32_Tub2_Lacerate 88,0,2,alive,,W7-8,#N/A,1,2,H2,32,P2_H2,H2_32_Tub2,H2_32
2026-03-25,Wed,Grady,P2_H2_32_Tub2_Lacerate 89,0,0,alive,,W7-8,#N/A,1,0,H2,32,P2_H2,H2_32_Tub2,H2_32
2026-03-25,Wed,Grady,P2_H2_32_Tub2_Lacerate 90,0,0,alive,,W7-8,#N/A,1,0,H2,32,P2_H2,H2_32_Tub2,H2_32
2026-03-25,Wed,Grady,P2_H2_32_Tub2_Lacerate 91,0,0,alive,,W7-8,#N/A,1,0,H2,32,P2_H2,H2_32_Tub2,H2_32
2026-03-25,Wed,Grady,P2_H2_32_Tub2_Lacerate 92,0,0,alive,,W7-8,#N/A,1,0,H2,32,P2_H2,H2_32_Tub2,H2_32
2026-03-25,Wed,Grady,P1_H2_32_Tub3_Lacerate 81,0,1,alive,,W7-8,#N/A,1,1,H2,32,P1_H2,H2_32_Tub3,H2_32
2026-03-25,Wed,Grady,P1_H2_32_Tub3_Lacerate 82,0,0,alive,,W7-8,#N/A,1,0,H2,32,P1_H2,H2_32_Tub3,H2_32
2026-03-25,Wed,Grady,P3_H2_32_Tub3_Lacerate 83,0,4,alive,,W7-8,#N/A,1,4,H2,32,P3_H2,H2_32_Tub3,H2_32
2026-03-25,Wed,Grady,P3_H2_32_Tub3_Lacerate 84,0,0,alive,,W7-8,#N/A,1,0,H2,32,P3_H2,H2_32_Tub3,H2_32
2026-03-25,Wed,Grady,P3_H2_32_Tub3_Lacerate 85,0,0,alive,,W7-8,#N/A,1,0,H2,32,P3_H2,H2_32_Tub3,H2_32
2026-03-25,Wed,Grady,P3_H2_32_Tub3_Lacerate 86,0,0,alive,,W7-8,#N/A,1,0,H2,32,P3_H2,H2_32_Tub3,H2_32
2026-03-25,Wed,Grady,P3_VWA_32_Tub1_Lacerate 75,0,5,alive,,W7-8,#N/A,1,5,VWA,32,P3_VWA,VWA_32_Tub1,VWA_32
2026-03-25,Wed,Grady,P3_VWA_32_Tub1_Lacerate 76,0,0,alive,,W7-8,#N/A,1,0,VWA,32,P3_VWA,VWA_32_Tub1,VWA_32
2026-03-25,Wed,Grady,P3_VWA_32_Tub1_Lacerate 77,0,0,alive,,W7-8,#N/A,1,0,VWA,32,P3_VWA,VWA_32_Tub1,VWA_32
2026-03-25,Wed,Grady,P1_VWA_32_Tub1_Lacerate 78,0,0,alive,,W7-8,#N/A,1,0,VWA,32,P1_VWA,VWA_32_Tub1,VWA_32
2026-03-25,Wed,Grady,P3_VWA_32_Tub1_Lacerate 79,0,3,alive,,W7-8,#N/A,1,3,VWA,32,P3_VWA,VWA_32_Tub1,VWA_32
2026-03-25,Wed,Grady,P2_VWA_32_Tub1_Lacerate 80,0,0,alive,,W7-8,#N/A,1,0,VWA,32,P2_VWA,VWA_32_Tub1,VWA_32
2026-03-25,Wed,Grady,P2_VWA_32_Tub1_Lacerate 81,0,0,alive,,W7-8,#N/A,1,0,VWA,32,P2_VWA,VWA_32_Tub1,VWA_32
2026-03-25,Wed,Grady,P2_VWA_32_Tub2_Lacerate 41,0,0,alive,,W7-8,#N/A,1,0,VWA,32,P2_VWA,VWA_32_Tub2,VWA_32
2026-03-25,Wed,Grady,P2_VWA_32_Tub2_Lacerate 42,0,0,alive,,W7-8,#N/A,1,0,VWA,32,P2_VWA,VWA_32_Tub2,VWA_32
2026-03-25,Wed,Grady,P2_VWA_32_Tub2_Lacerate 43,0,0,alive,,W7-8,#N/A,1,0,VWA,32,P2_VWA,VWA_32_Tub2,VWA_32
2026-03-25,Wed,Grady,P1_VWA_32_Tub2_Lacerate 44,0,0,alive,,W7-8,#N/A,1,0,VWA,32,P1_VWA,VWA_32_Tub2,VWA_32
2026-03-25,Wed,Grady,P1_VWA_32_Tub2_Lacerate 45,0,3,alive,,W7-8,#N/A,1,3,VWA,32,P1_VWA,VWA_32_Tub2,VWA_32
2026-03-25,Wed,Grady,P1_VWA_32_Tub3_Lacerate 45,0,3,alive,,W7-8,#N/A,1,3,VWA,32,P1_VWA,VWA_32_Tub3,VWA_32
2026-03-27,Fri,Aiden,P1_H2_25_Tub1_Lacerate 109,0,5,alive,,W7-8,#N/A,1,5,H2,25,P1_H2,H2_25_Tub1,H2_25
2026-03-27,Fri,Aiden,P1_H2_25_Tub1_Lacerate 110,0,4,alive,,W7-8,#N/A,1,4,H2,25,P1_H2,H2_25_Tub1,H2_25
2026-03-27,Fri,Aiden,P1_H2_25_Tub1_Lacerate 111,0,5,alive,,W7-8,#N/A,1,5,H2,25,P1_H2,H2_25_Tub1,H2_25
2026-03-27,Fri,Aiden,P1_H2_25_Tub1_Lacerate 112,0,7,alive,,W7-8,#N/A,1,7,H2,25,P1_H2,H2_25_Tub1,H2_25
2026-03-27,Fri,Aiden,P3_H2_25_Tub1_Lacerate 113,0,5,alive,,W7-8,#N/A,1,5,H2,25,P3_H2,H2_25_Tub1,H2_25
2026-03-27,Fri,Aiden,P3_H2_25_Tub1_Lacerate 114,0,2,alive,,W7-8,#N/A,1,2,H2,25,P3_H2,H2_25_Tub1,H2_25
2026-03-27,Fri,Aiden,P2_H2_25_Tub1_Lacerate 115,0,4,alive,,W7-8,#N/A,1,4,H2,25,P2_H2,H2_25_Tub1,H2_25
2026-03-27,Fri,Aiden,P2_H2_25_Tub1_Lacerate 116,0,6,alive,,W7-8,#N/A,1,6,H2,25,P2_H2,H2_25_Tub1,H2_25
2026-03-27,Fri,Aiden,P2_H2_25_Tub1_Lacerate 117,0,3,alive,,W7-8,#N/A,1,3,H2,25,P2_H2,H2_25_Tub1,H2_25
2026-03-27,Fri,Aiden,P2_H2_25_Tub1_Lacerate 118,0,4,alive,,W7-8,#N/A,1,4,H2,25,P2_H2,H2_25_Tub1,H2_25
2026-03-27,Fri,Aiden,P2_H2_25_Tub2_Lacerate 70,2,7,alive,,W7-8,3.5,2,3.5,H2,25,P2_H2,H2_25_Tub2,H2_25
2026-03-27,Fri,Aiden,P1_H2_25_Tub2_Lacerate 71,2,7,alive,,W7-8,3.5,2,3.5,H2,25,P1_H2,H2_25_Tub2,H2_25
2026-03-27,Fri,Aiden,P1_H2_25_Tub2_Lacerate 72,0,4,alive,,W7-8,#N/A,1,4,H2,25,P1_H2,H2_25_Tub2,H2_25
2026-03-27,Fri,Aiden,P3_H2_25_Tub2_Lacerate 73,0,6,alive,,W7-8,#N/A,1,6,H2,25,P3_H2,H2_25_Tub2,H2_25
2026-03-27,Fri,Aiden,P3_H2_25_Tub2_Lacerate 74,0,5,alive,,W7-8,#N/A,1,5,H2,25,P3_H2,H2_25_Tub2,H2_25
2026-03-27,Fri,Aiden,P3_H2_25_Tub2_Lacerate 75,0,6,alive,,W7-8,#N/A,1,6,H2,25,P3_H2,H2_25_Tub2,H2_25
2026-03-27,Fri,Aiden,P1_H2_25_Tub3_Lacerate 60,2,0,alive,,W7-8,0,2,0,H2,25,P1_H2,H2_25_Tub3,H2_25
2026-03-27,Fri,Aiden,P1_H2_25_Tub3_Lacerate 61,2,5,alive,,W7-8,2.5,2,2.5,H2,25,P1_H2,H2_25_Tub3,H2_25
2026-03-27,Fri,Aiden,P2_H2_25_Tub3_Lacerate 62,2,5,alive,,W7-8,2.5,2,2.5,H2,25,P2_H2,H2_25_Tub3,H2_25
2026-03-27,Fri,Aiden,P2_H2_25_Tub3_Lacerate 63,0,4,alive,,W7-8,#N/A,1,4,H2,25,P2_H2,H2_25_Tub3,H2_25
2026-03-27,Fri,Aiden,P2_H2_25_Tub3_Lacerate 64,0,6,alive,,W7-8,#N/A,1,6,H2,25,P2_H2,H2_25_Tub3,H2_25
2026-03-27,Fri,Aiden,P3_H2_25_Tub3_Lacerate 65,0,3,alive,,W7-8,#N/A,1,3,H2,25,P3_H2,H2_25_Tub3,H2_25
2026-03-27,Fri,Aiden,P1_VWA_25_Tub1_Lacerate 92,2,0,alive,,W7-8,0,2,0,VWA,25,P1_VWA,VWA_25_Tub1,VWA_25
2026-03-27,Fri,Aiden,PX_VWA_25_Tub1_Lacerate 93,0,4,alive,,W7-8,#N/A,1,4,VWA,25,PX_VWA,VWA_25_Tub1,VWA_25
2026-03-27,Fri,Aiden,P3_VWA_25_Tub1_Lacerate 94,0,3,alive,,W7-8,#N/A,1,3,VWA,25,P3_VWA,VWA_25_Tub1,VWA_25
2026-03-27,Fri,Aiden,P1_VWA_25_Tub1_Lacerate 95,0,6,alive,,W7-8,#N/A,1,6,VWA,25,P1_VWA,VWA_25_Tub1,VWA_25
2026-03-27,Fri,Aiden,PX_VWA_25_Tub1_Lacerate 96,0,4,alive,,W7-8,#N/A,1,4,VWA,25,PX_VWA,VWA_25_Tub1,VWA_25
2026-03-27,Fri,Aiden,P2_VWA_25_Tub1_Lacerate 97,0,3,alive,,W7-8,#N/A,1,3,VWA,25,P2_VWA,VWA_25_Tub1,VWA_25
2026-03-27,Fri,Aiden,P2_VWA_25_Tub1_Lacerate 98,0,5,alive,,W7-8,#N/A,1,5,VWA,25,P2_VWA,VWA_25_Tub1,VWA_25
2026-03-27,Fri,Aiden,P3_VWA_25_Tub2_Lacerate 52,2,3,alive,,W7-8,1.5,2,1.5,VWA,25,P3_VWA,VWA_25_Tub2,VWA_25
2026-03-27,Fri,Aiden,P2_VWA_25_Tub2_Lacerate 53,2,5,alive,,W7-8,2.5,2,2.5,VWA,25,P2_VWA,VWA_25_Tub2,VWA_25
2026-03-27,Fri,Aiden,P1_VWA_25_Tub2_Lacerate 54,0,4,alive,,W7-8,#N/A,1,4,VWA,25,P1_VWA,VWA_25_Tub2,VWA_25
2026-03-27,Fri,Aiden,PX_VWA_25_Tub2_Lacerate 55,0,3,alive,,W7-8,#N/A,1,3,VWA,25,PX_VWA,VWA_25_Tub2,VWA_25
2026-03-27,Fri,Aiden,PX_VWA_25_Tub3_Lacerate 68,2,,missing,,W7-8,0,2,0,VWA,25,PX_VWA,VWA_25_Tub3,VWA_25
2026-03-27,Fri,Aiden,PX_H2_32_Tub1_Lacerate 89,0,4,alive,,W7-8,#N/A,1,4,H2,32,PX_H2,H2_32_Tub1,H2_32
2026-03-27,Fri,Aiden,P2_H2_32_Tub2_Lacerate 88,2,3,alive,,W7-8,1.5,2,1.5,H2,32,P2_H2,H2_32_Tub2,H2_32
2026-03-27,Fri,Aiden,P2_H2_32_Tub2_Lacerate 89,2,0,alive,,W7-8,0,2,0,H2,32,P2_H2,H2_32_Tub2,H2_32
2026-03-27,Fri,Aiden,P2_H2_32_Tub2_Lacerate 90,2,0,alive,,W7-8,0,2,0,H2,32,P2_H2,H2_32_Tub2,H2_32
2026-03-27,Fri,Aiden,P2_H2_32_Tub2_Lacerate 91,2,0,alive,,W7-8,0,2,0,H2,32,P2_H2,H2_32_Tub2,H2_32
2026-03-27,Fri,Aiden,P2_H2_32_Tub2_Lacerate 92,2,0,alive,,W7-8,0,2,0,H2,32,P2_H2,H2_32_Tub2,H2_32
2026-03-27,Fri,Aiden,P3_H2_32_Tub2_Lacerate 93,0,0,alive,,W7-8,#N/A,1,0,H2,32,P3_H2,H2_32_Tub2,H2_32
2026-03-27,Fri,Aiden,P3_H2_32_Tub2_Lacerate 94,0,0,alive,,W7-8,#N/A,1,0,H2,32,P3_H2,H2_32_Tub2,H2_32
2026-03-27,Fri,Aiden,P3_H2_32_Tub2_Lacerate 95,0,0,alive,,W7-8,#N/A,1,0,H2,32,P3_H2,H2_32_Tub2,H2_32
2026-03-27,Fri,Aiden,P3_H2_32_Tub2_Lacerate 96,0,0,alive,,W7-8,#N/A,1,0,H2,32,P3_H2,H2_32_Tub2,H2_32
2026-03-27,Fri,Aiden,P1_H2_32_Tub3_Lacerate 81,2,2,alive,,W7-8,1,2,1,H2,32,P1_H2,H2_32_Tub3,H2_32
2026-03-27,Fri,Aiden,P1_H2_32_Tub3_Lacerate 82,2,0,alive,,W7-8,0,2,0,H2,32,P1_H2,H2_32_Tub3,H2_32
2026-03-27,Fri,Aiden,P3_H2_32_Tub3_Lacerate 83,2,6,alive,,W7-8,3,2,3,H2,32,P3_H2,H2_32_Tub3,H2_32
2026-03-27,Fri,Aiden,P3_H2_32_Tub3_Lacerate 84,2,0,alive,,W7-8,0,2,0,H2,32,P3_H2,H2_32_Tub3,H2_32
2026-03-27,Fri,Aiden,P3_H2_32_Tub3_Lacerate 85,2,0,alive,,W7-8,0,2,0,H2,32,P3_H2,H2_32_Tub3,H2_32
2026-03-27,Fri,Aiden,P3_H2_32_Tub3_Lacerate 86,2,0,alive,,W7-8,0,2,0,H2,32,P3_H2,H2_32_Tub3,H2_32
2026-03-27,Fri,Aiden,P1_H2_32_Tub3_Lacerate 87,0,5,alive,,W7-8,#N/A,1,5,H2,32,P1_H2,H2_32_Tub3,H2_32
2026-03-27,Fri,Aiden,P2_H2_32_Tub3_Lacerate 88,0,0,alive,,W7-8,#N/A,1,0,H2,32,P2_H2,H2_32_Tub3,H2_32
2026-03-27,Fri,Aiden,P3_H2_32_Tub3_Lacerate 89,0,0,alive,,W7-8,#N/A,1,0,H2,32,P3_H2,H2_32_Tub3,H2_32
2026-03-27,Fri,Aiden,P3_H2_32_Tub3_Lacerate 90,0,0,alive,,W7-8,#N/A,1,0,H2,32,P3_H2,H2_32_Tub3,H2_32
2026-03-27,Fri,Aiden,P3_H2_32_Tub3_Lacerate 91,0,0,alive,,W7-8,#N/A,1,0,H2,32,P3_H2,H2_32_Tub3,H2_32
2026-03-27,Fri,Aiden,P3_VWA_32_Tub1_Lacerate 75,2,6,alive,,W7-8,3,2,3,VWA,32,P3_VWA,VWA_32_Tub1,VWA_32
2026-03-27,Fri,Aiden,P3_VWA_32_Tub1_Lacerate 76,2,0,alive,,W7-8,0,2,0,VWA,32,P3_VWA,VWA_32_Tub1,VWA_32
2026-03-27,Fri,Aiden,P3_VWA_32_Tub1_Lacerate 77,2,0,alive,,W7-8,0,2,0,VWA,32,P3_VWA,VWA_32_Tub1,VWA_32
2026-03-27,Fri,Aiden,P1_VWA_32_Tub1_Lacerate 78,2,0,alive,,W7-8,0,2,0,VWA,32,P1_VWA,VWA_32_Tub1,VWA_32
2026-03-27,Fri,Aiden,P3_VWA_32_Tub1_Lacerate 79,2,4,alive,,W7-8,2,2,2,VWA,32,P3_VWA,VWA_32_Tub1,VWA_32
2026-03-27,Fri,Aiden,P2_VWA_32_Tub1_Lacerate 80,2,0,alive,,W7-8,0,2,0,VWA,32,P2_VWA,VWA_32_Tub1,VWA_32
2026-03-27,Fri,Aiden,P2_VWA_32_Tub1_Lacerate 81,2,0,alive,,W7-8,0,2,0,VWA,32,P2_VWA,VWA_32_Tub1,VWA_32
2026-03-27,Fri,Aiden,P2_VWA_32_Tub1_Lacerate 82,0,0,alive,,W7-8,#N/A,1,0,VWA,32,P2_VWA,VWA_32_Tub1,VWA_32
2026-03-27,Fri,Aiden,P2_VWA_32_Tub1_Lacerate 83,0,0,alive,,W7-8,#N/A,1,0,VWA,32,P2_VWA,VWA_32_Tub1,VWA_32
2026-03-27,Fri,Aiden,P2_VWA_32_Tub1_Lacerate 84,0,0,alive,,W7-8,#N/A,1,0,VWA,32,P2_VWA,VWA_32_Tub1,VWA_32
2026-03-27,Fri,Aiden,P2_VWA_32_Tub1_Lacerate 85,0,0,alive,,W7-8,#N/A,1,0,VWA,32,P2_VWA,VWA_32_Tub1,VWA_32
2026-03-27,Fri,Aiden,P2_VWA_32_Tub1_Lacerate 86,0,6,alive,,W7-8,#N/A,1,6,VWA,32,P2_VWA,VWA_32_Tub1,VWA_32
2026-03-27,Fri,Aiden,P2_VWA_32_Tub2_Lacerate 41,2,0,alive,,W7-8,0,2,0,VWA,32,P2_VWA,VWA_32_Tub2,VWA_32
2026-03-27,Fri,Aiden,P2_VWA_32_Tub2_Lacerate 42,2,0,alive,,W7-8,0,2,0,VWA,32,P2_VWA,VWA_32_Tub2,VWA_32
2026-03-27,Fri,Aiden,P2_VWA_32_Tub2_Lacerate 43,2,0,alive,,W7-8,0,2,0,VWA,32,P2_VWA,VWA_32_Tub2,VWA_32
2026-03-27,Fri,Aiden,P1_VWA_32_Tub2_Lacerate 44,2,0,alive,,W7-8,0,2,0,VWA,32,P1_VWA,VWA_32_Tub2,VWA_32
2026-03-27,Fri,Aiden,P1_VWA_32_Tub2_Lacerate 45,2,5,alive,,W7-8,2.5,2,2.5,VWA,32,P1_VWA,VWA_32_Tub2,VWA_32
2026-03-27,Fri,Aiden,P1_VWA_32_Tub2_Lacerate 46,0,0,alive,,W7-8,#N/A,1,0,VWA,32,P1_VWA,VWA_32_Tub2,VWA_32
2026-03-27,Fri,Aiden,P1_VWA_32_Tub2_Lacerate 47,0,0,alive,,W7-8,#N/A,1,0,VWA,32,P1_VWA,VWA_32_Tub2,VWA_32
2026-03-27,Fri,Aiden,P3_VWA_32_Tub2_Lacerate 48,0,0,alive,,W7-8,#N/A,1,0,VWA,32,P3_VWA,VWA_32_Tub2,VWA_32
2026-03-27,Fri,Aiden,P1_VWA_32_Tub3_Lacerate 45,2,4,alive,,W7-8,2,2,2,VWA,32,P1_VWA,VWA_32_Tub3,VWA_32
2026-03-30,Mon,Grady,P1_H2_25_Tub1_Lacerate 109,3,6,alive,,W7-8,2,3,2,H2,25,P1_H2,H2_25_Tub1,H2_25
2026-03-30,Mon,Grady,P1_H2_25_Tub1_Lacerate 110,3,7,alive,,W7-8,2.333333333,3,2.333333333,H2,25,P1_H2,H2_25_Tub1,H2_25
2026-03-30,Mon,Grady,P1_H2_25_Tub1_Lacerate 111,3,6,alive,,W7-8,2,3,2,H2,25,P1_H2,H2_25_Tub1,H2_25
2026-03-30,Mon,Grady,P1_H2_25_Tub1_Lacerate 112,3,8,alive,,W7-8,2.666666667,3,2.666666667,H2,25,P1_H2,H2_25_Tub1,H2_25
2026-03-30,Mon,Grady,P3_H2_25_Tub1_Lacerate 113,3,5,alive,,W7-8,1.666666667,3,1.666666667,H2,25,P3_H2,H2_25_Tub1,H2_25
2026-03-30,Mon,Grady,P3_H2_25_Tub1_Lacerate 114,3,9,alive,,W7-8,3,3,3,H2,25,P3_H2,H2_25_Tub1,H2_25
2026-03-30,Mon,Grady,P2_H2_25_Tub1_Lacerate 115,3,11,alive,,W7-8,3.666666667,3,3.666666667,H2,25,P2_H2,H2_25_Tub1,H2_25
2026-03-30,Mon,Grady,P2_H2_25_Tub1_Lacerate 116,3,10,alive,,W7-8,3.333333333,3,3.333333333,H2,25,P2_H2,H2_25_Tub1,H2_25
2026-03-30,Mon,Grady,P2_H2_25_Tub1_Lacerate 117,3,6,alive,,W7-8,2,3,2,H2,25,P2_H2,H2_25_Tub1,H2_25
2026-03-30,Mon,Grady,P2_H2_25_Tub1_Lacerate 118,3,5,alive,,W7-8,1.666666667,3,1.666666667,H2,25,P2_H2,H2_25_Tub1,H2_25
2026-03-30,Mon,Grady,PX_H2_25_Tub1_Lacerate 119,0,5,alive,,W7-8,#N/A,1.5,3.333333333,H2,25,PX_H2,H2_25_Tub1,H2_25
2026-03-30,Mon,Grady,PX_H2_25_Tub1_Lacerate 120,0,5,alive,,W7-8,#N/A,1.5,3.333333333,H2,25,PX_H2,H2_25_Tub1,H2_25
2026-03-30,Mon,Grady,PX_H2_25_Tub1_Lacerate 121,0,4,alive,,W7-8,#N/A,1.5,2.666666667,H2,25,PX_H2,H2_25_Tub1,H2_25
2026-03-30,Mon,Grady,PX_H2_25_Tub1_Lacerate 122,0,6,alive,,W7-8,#N/A,1.5,4,H2,25,PX_H2,H2_25_Tub1,H2_25
2026-03-30,Mon,Grady,PX_H2_25_Tub1_Lacerate 123,0,6,alive,,W7-8,#N/A,1.5,4,H2,25,PX_H2,H2_25_Tub1,H2_25
2026-03-30,Mon,Grady,PX_H2_25_Tub1_Lacerate 124,0,0,alive,,W7-8,#N/A,1.5,0,H2,25,PX_H2,H2_25_Tub1,H2_25
2026-03-30,Mon,Grady,PX_H2_25_Tub1_Lacerate 125,0,5,alive,,W7-8,#N/A,1.5,3.333333333,H2,25,PX_H2,H2_25_Tub1,H2_25
2026-03-30,Mon,Grady,P3_H2_25_Tub1_Lacerate 126,0,0,alive,,W7-8,#N/A,1.5,0,H2,25,P3_H2,H2_25_Tub1,H2_25
2026-03-30,Mon,Grady,P3_H2_25_Tub1_Lacerate 127,0,7,alive,,W7-8,#N/A,1.5,4.666666667,H2,25,P3_H2,H2_25_Tub1,H2_25
2026-03-30,Mon,Grady,P3_H2_25_Tub1_Lacerate 128,0,7,alive,,W7-8,#N/A,1.5,4.666666667,H2,25,P3_H2,H2_25_Tub1,H2_25
2026-03-30,Mon,Grady,P3_H2_25_Tub1_Lacerate 129,0,0,alive,,W7-8,#N/A,1.5,0,H2,25,P3_H2,H2_25_Tub1,H2_25
2026-03-30,Mon,Grady,PX_H2_25_Tub1_Lacerate 130,0,6,alive,,W7-8,#N/A,1.5,4,H2,25,PX_H2,H2_25_Tub1,H2_25
2026-03-30,Mon,Grady,PX_H2_25_Tub1_Lacerate 131,0,9,alive,,W7-8,#N/A,1.5,6,H2,25,PX_H2,H2_25_Tub1,H2_25
2026-03-30,Mon,Grady,PX_H2_25_Tub1_Lacerate 132,0,5,alive,,W7-8,#N/A,1.5,3.333333333,H2,25,PX_H2,H2_25_Tub1,H2_25
2026-03-30,Mon,Grady,PX_H2_25_Tub1_Lacerate 133,0,6,alive,,W7-8,#N/A,1.5,4,H2,25,PX_H2,H2_25_Tub1,H2_25
2026-03-30,Mon,Grady,P2_H2_25_Tub2_Lacerate 70,5,0,alive,,W7-8,0,5,0,H2,25,P2_H2,H2_25_Tub2,H2_25
2026-03-30,Mon,Grady,P1_H2_25_Tub2_Lacerate 71,5,10,alive,,W7-8,2,5,2,H2,25,P1_H2,H2_25_Tub2,H2_25
2026-03-30,Mon,Grady,P1_H2_25_Tub2_Lacerate 72,3,9,alive,,W7-8,3,3,3,H2,25,P1_H2,H2_25_Tub2,H2_25
2026-03-30,Mon,Grady,P3_H2_25_Tub2_Lacerate 73,3,11,alive,,W7-8,3.666666667,3,3.666666667,H2,25,P3_H2,H2_25_Tub2,H2_25
2026-03-30,Mon,Grady,P3_H2_25_Tub2_Lacerate 74,3,7,alive,,W7-8,2.333333333,3,2.333333333,H2,25,P3_H2,H2_25_Tub2,H2_25
2026-03-30,Mon,Grady,P3_H2_25_Tub2_Lacerate 75,3,12,alive,,W7-8,4,3,4,H2,25,P3_H2,H2_25_Tub2,H2_25
2026-03-30,Mon,Grady,PX_H2_25_Tub2_Lacerate 76,0,3,alive,,W7-8,#N/A,1.5,2,H2,25,PX_H2,H2_25_Tub2,H2_25
2026-03-30,Mon,Grady,PX_H2_25_Tub2_Lacerate 77,0,5,alive,,W7-8,#N/A,1.5,3.333333333,H2,25,PX_H2,H2_25_Tub2,H2_25
2026-03-30,Mon,Grady,PX_H2_25_Tub2_Lacerate 78,0,6,alive,,W7-8,#N/A,1.5,4,H2,25,PX_H2,H2_25_Tub2,H2_25
2026-03-30,Mon,Grady,PX_H2_25_Tub2_Lacerate 79,0,5,alive,,W7-8,#N/A,1.5,3.333333333,H2,25,PX_H2,H2_25_Tub2,H2_25
2026-03-30,Mon,Grady,PX_H2_25_Tub2_Lacerate 80,0,3,alive,,W7-8,#N/A,1.5,2,H2,25,PX_H2,H2_25_Tub2,H2_25
2026-03-30,Mon,Grady,PX_H2_25_Tub2_Lacerate 81,0,6,alive,,W7-8,#N/A,1.5,4,H2,25,PX_H2,H2_25_Tub2,H2_25
2026-03-30,Mon,Grady,P3_H2_25_Tub2_Lacerate 82,0,8,alive,,W7-8,#N/A,1.5,5.333333333,H2,25,P3_H2,H2_25_Tub2,H2_25
2026-03-30,Mon,Grady,P1_H2_25_Tub3_Lacerate 60,5,9,alive,,W7-8,1.8,5,1.8,H2,25,P1_H2,H2_25_Tub3,H2_25
2026-03-30,Mon,Grady,P1_H2_25_Tub3_Lacerate 61,5,7,alive,,W7-8,1.4,5,1.4,H2,25,P1_H2,H2_25_Tub3,H2_25
2026-03-30,Mon,Grady,P2_H2_25_Tub3_Lacerate 62,5,11,alive,,W7-8,2.2,5,2.2,H2,25,P2_H2,H2_25_Tub3,H2_25
2026-03-30,Mon,Grady,P2_H2_25_Tub3_Lacerate 63,3,5,alive,,W7-8,1.666666667,3,1.666666667,H2,25,P2_H2,H2_25_Tub3,H2_25
2026-03-30,Mon,Grady,P2_H2_25_Tub3_Lacerate 64,3,6,alive,,W7-8,2,3,2,H2,25,P2_H2,H2_25_Tub3,H2_25
2026-03-30,Mon,Grady,P3_H2_25_Tub3_Lacerate 65,3,10,alive,,W7-8,3.333333333,3,3.333333333,H2,25,P3_H2,H2_25_Tub3,H2_25
2026-03-30,Mon,Grady,P3_H2_25_Tub3_Lacerate 66,0,6,alive,,W7-8,#N/A,1.5,4,H2,25,P3_H2,H2_25_Tub3,H2_25
2026-03-30,Mon,Grady,P3_H2_25_Tub3_Lacerate 67,0,7,alive,,W7-8,#N/A,1.5,4.666666667,H2,25,P3_H2,H2_25_Tub3,H2_25
2026-03-30,Mon,Grady,P3_H2_25_Tub3_Lacerate 68,0,6,alive,,W7-8,#N/A,1.5,4,H2,25,P3_H2,H2_25_Tub3,H2_25
2026-03-30,Mon,Grady,PX_H2_25_Tub3_Lacerate 69,0,11,alive,,W7-8,#N/A,1.5,7.333333333,H2,25,PX_H2,H2_25_Tub3,H2_25
2026-03-30,Mon,Grady,PX_H2_25_Tub3_Lacerate 70,0,6,alive,,W7-8,#N/A,1.5,4,H2,25,PX_H2,H2_25_Tub3,H2_25
2026-03-30,Mon,Grady,PX_H2_25_Tub3_Lacerate 71,0,9,alive,,W7-8,#N/A,1.5,6,H2,25,PX_H2,H2_25_Tub3,H2_25
2026-03-30,Mon,Grady,PX_H2_25_Tub3_Lacerate 72,0,6,alive,,W7-8,#N/A,1.5,4,H2,25,PX_H2,H2_25_Tub3,H2_25
2026-03-30,Mon,Grady,PX_H2_25_Tub3_Lacerate 73,0,8,alive,,W7-8,#N/A,1.5,5.333333333,H2,25,PX_H2,H2_25_Tub3,H2_25
2026-03-30,Mon,Grady,PX_H2_25_Tub3_Lacerate 74,0,11,alive,,W7-8,#N/A,1.5,7.333333333,H2,25,PX_H2,H2_25_Tub3,H2_25
2026-03-30,Mon,Grady,PX_H2_25_Tub3_Lacerate 75,0,5,alive,,W7-8,#N/A,1.5,3.333333333,H2,25,PX_H2,H2_25_Tub3,H2_25
2026-03-30,Mon,Grady,PX_H2_25_Tub3_Lacerate 76,0,6,alive,,W7-8,#N/A,1.5,4,H2,25,PX_H2,H2_25_Tub3,H2_25
2026-03-30,Mon,Grady,PX_H2_25_Tub3_Lacerate 77,0,10,alive,,W7-8,#N/A,1.5,6.666666667,H2,25,PX_H2,H2_25_Tub3,H2_25
2026-03-30,Mon,Grady,PX_H2_25_Tub3_Lacerate 78,0,8,alive,,W7-8,#N/A,1.5,5.333333333,H2,25,PX_H2,H2_25_Tub3,H2_25
2026-03-30,Mon,Grady,PX_H2_25_Tub3_Lacerate 79,0,8,alive,,W7-8,#N/A,1.5,5.333333333,H2,25,PX_H2,H2_25_Tub3,H2_25
2026-03-30,Mon,Grady,PX_H2_25_Tub3_Lacerate 80,0,5,alive,,W7-8,#N/A,1.5,3.333333333,H2,25,PX_H2,H2_25_Tub3,H2_25
2026-03-30,Mon,Grady,PX_H2_25_Tub3_Lacerate 81,0,10,alive,,W7-8,#N/A,1.5,6.666666667,H2,25,PX_H2,H2_25_Tub3,H2_25
2026-03-30,Mon,Grady,P2_H2_25_Tub3_Lacerate 82,0,10,alive,,W7-8,#N/A,1.5,6.666666667,H2,25,P2_H2,H2_25_Tub3,H2_25
2026-03-30,Mon,Grady,P2_H2_25_Tub3_Lacerate 83,0,5,alive,,W7-8,#N/A,1.5,3.333333333,H2,25,P2_H2,H2_25_Tub3,H2_25
2026-03-30,Mon,Grady,P1_H2_25_Tub3_Lacerate 84,0,0,alive,,W7-8,#N/A,1.5,0,H2,25,P1_H2,H2_25_Tub3,H2_25
2026-03-30,Mon,Grady,P1_VWA_25_Tub1_Lacerate 92,5,11,alive,,W7-8,2.2,5,2.2,VWA,25,P1_VWA,VWA_25_Tub1,VWA_25
2026-03-30,Mon,Grady,PX_VWA_25_Tub1_Lacerate 93,3,7,alive,,W7-8,2.333333333,3,2.333333333,VWA,25,PX_VWA,VWA_25_Tub1,VWA_25
2026-03-30,Mon,Grady,P3_VWA_25_Tub1_Lacerate 94,3,11,alive,,W7-8,3.666666667,3,3.666666667,VWA,25,P3_VWA,VWA_25_Tub1,VWA_25
2026-03-30,Mon,Grady,P1_VWA_25_Tub1_Lacerate 95,3,9,alive,,W7-8,3,3,3,VWA,25,P1_VWA,VWA_25_Tub1,VWA_25
2026-03-30,Mon,Grady,PX_VWA_25_Tub1_Lacerate 96,3,7,alive,,W7-8,2.333333333,3,2.333333333,VWA,25,PX_VWA,VWA_25_Tub1,VWA_25
2026-03-30,Mon,Grady,P2_VWA_25_Tub1_Lacerate 97,3,9,alive,,W7-8,3,3,3,VWA,25,P2_VWA,VWA_25_Tub1,VWA_25
2026-03-30,Mon,Grady,P2_VWA_25_Tub1_Lacerate 98,3,11,alive,,W7-8,3.666666667,3,3.666666667,VWA,25,P2_VWA,VWA_25_Tub1,VWA_25
2026-03-30,Mon,Grady,PX_VWA_25_Tub1_Lacerate 99,0,11,alive,,W7-8,#N/A,1.5,7.333333333,VWA,25,PX_VWA,VWA_25_Tub1,VWA_25
2026-03-30,Mon,Grady,PX_VWA_25_Tub1_Lacerate 100,0,0,alive,,W7-8,#N/A,1.5,0,VWA,25,PX_VWA,VWA_25_Tub1,VWA_25
2026-03-30,Mon,Grady,PX_VWA_25_Tub1_Lacerate 101,0,7,alive,,W7-8,#N/A,1.5,4.666666667,VWA,25,PX_VWA,VWA_25_Tub1,VWA_25
2026-03-30,Mon,Grady,PX_VWA_25_Tub1_Lacerate 102,0,1,alive,,W7-8,#N/A,1.5,0.6666666667,VWA,25,PX_VWA,VWA_25_Tub1,VWA_25
2026-03-30,Mon,Grady,PX_VWA_25_Tub1_Lacerate 103,0,0,alive,,W7-8,#N/A,1.5,0,VWA,25,PX_VWA,VWA_25_Tub1,VWA_25
2026-03-30,Mon,Grady,PX_VWA_25_Tub1_Lacerate 104,0,8,alive,,W7-8,#N/A,1.5,5.333333333,VWA,25,PX_VWA,VWA_25_Tub1,VWA_25
2026-03-30,Mon,Grady,PX_VWA_25_Tub1_Lacerate 105,0,7,alive,,W7-8,#N/A,1.5,4.666666667,VWA,25,PX_VWA,VWA_25_Tub1,VWA_25
2026-03-30,Mon,Grady,PX_VWA_25_Tub1_Lacerate 106,0,0,alive,,W7-8,#N/A,1.5,0,VWA,25,PX_VWA,VWA_25_Tub1,VWA_25
2026-03-30,Mon,Grady,PX_VWA_25_Tub1_Lacerate 107,0,0,alive,,W7-8,#N/A,1.5,0,VWA,25,PX_VWA,VWA_25_Tub1,VWA_25
2026-03-30,Mon,Grady,PX_VWA_25_Tub1_Lacerate 108,0,8,alive,,W7-8,#N/A,1.5,5.333333333,VWA,25,PX_VWA,VWA_25_Tub1,VWA_25
2026-03-30,Mon,Grady,P2_VWA_25_Tub1_Lacerate 109,0,5,alive,,W7-8,#N/A,1.5,3.333333333,VWA,25,P2_VWA,VWA_25_Tub1,VWA_25
2026-03-30,Mon,Grady,P2_VWA_25_Tub1_Lacerate 110,0,6,alive,,W7-8,#N/A,1.5,4,VWA,25,P2_VWA,VWA_25_Tub1,VWA_25
2026-03-30,Mon,Grady,P2_VWA_25_Tub1_Lacerate 111,0,0,alive,,W7-8,#N/A,1.5,0,VWA,25,P2_VWA,VWA_25_Tub1,VWA_25
2026-03-30,Mon,Grady,P2_VWA_25_Tub1_Lacerate 112,0,0,alive,,W7-8,#N/A,1.5,0,VWA,25,P2_VWA,VWA_25_Tub1,VWA_25
2026-03-30,Mon,Grady,P3_VWA_25_Tub2_Lacerate 52,5,7,alive,,W7-8,1.4,5,1.4,VWA,25,P3_VWA,VWA_25_Tub2,VWA_25
2026-03-30,Mon,Grady,P2_VWA_25_Tub2_Lacerate 53,5,6,alive,,W7-8,1.2,5,1.2,VWA,25,P2_VWA,VWA_25_Tub2,VWA_25
2026-03-30,Mon,Grady,P1_VWA_25_Tub2_Lacerate 54,3,0,alive,,W7-8,0,3,0,VWA,25,P1_VWA,VWA_25_Tub2,VWA_25
2026-03-30,Mon,Grady,PX_VWA_25_Tub2_Lacerate 55,3,5,alive,,W7-8,1.666666667,3,1.666666667,VWA,25,PX_VWA,VWA_25_Tub2,VWA_25
2026-03-30,Mon,Grady,P2_VWA_25_Tub2_Lacerate 56,0,5,alive,,W7-8,#N/A,1.5,3.333333333,VWA,25,P2_VWA,VWA_25_Tub2,VWA_25
2026-03-30,Mon,Grady,P2_VWA_25_Tub2_Lacerate 57,0,10,alive,,W7-8,#N/A,1.5,6.666666667,VWA,25,P2_VWA,VWA_25_Tub2,VWA_25
2026-03-30,Mon,Grady,P2_VWA_25_Tub2_Lacerate 58,0,7,alive,,W7-8,#N/A,1.5,4.666666667,VWA,25,P2_VWA,VWA_25_Tub2,VWA_25
2026-03-30,Mon,Grady,P2_VWA_25_Tub2_Lacerate 59,0,10,alive,,W7-8,#N/A,1.5,6.666666667,VWA,25,P2_VWA,VWA_25_Tub2,VWA_25
2026-03-30,Mon,Grady,P1_VWA_25_Tub2_Lacerate 60,0,0,alive,,W7-8,#N/A,1.5,0,VWA,25,P1_VWA,VWA_25_Tub2,VWA_25
2026-03-30,Mon,Grady,PX_VWA_25_Tub2_Lacerate 61,0,10,alive,,W7-8,#N/A,1.5,6.666666667,VWA,25,PX_VWA,VWA_25_Tub2,VWA_25
2026-03-30,Mon,Grady,PX_VWA_25_Tub3_Lacerate 68,5,,missing,,W7-8,0,5,0,VWA,25,PX_VWA,VWA_25_Tub3,VWA_25
2026-03-30,Mon,Grady,P1_VWA_25_Tub3_Lacerate 69,0,0,alive,,W7-8,#N/A,1.5,0,VWA,25,P1_VWA,VWA_25_Tub3,VWA_25
2026-03-30,Mon,Grady,PX_VWA_25_Tub3_Lacerate 70,0,7,alive,,W7-8,#N/A,1.5,4.666666667,VWA,25,PX_VWA,VWA_25_Tub3,VWA_25
2026-03-30,Mon,Grady,P2_VWA_25_Tub3_Lacerate 71,0,7,alive,,W7-8,#N/A,1.5,4.666666667,VWA,25,P2_VWA,VWA_25_Tub3,VWA_25
2026-03-30,Mon,Grady,P2_VWA_25_Tub3_Lacerate 72,0,8,alive,,W7-8,#N/A,1.5,5.333333333,VWA,25,P2_VWA,VWA_25_Tub3,VWA_25
2026-03-30,Mon,Grady,PX_VWA_25_Tub3_Lacerate 73,0,10,alive,,W7-8,#N/A,1.5,6.666666667,VWA,25,PX_VWA,VWA_25_Tub3,VWA_25
2026-03-30,Mon,Grady,PX_H2_32_Tub1_Lacerate 89,3,0,alive,appears to be dying - first time observed,W7-8,0,3,0,H2,32,PX_H2,H2_32_Tub1,H2_32
2026-03-30,Mon,Grady,P1_H2_32_Tub1_Lacerate 90,0,3,alive,,W7-8,#N/A,1.5,2,H2,32,P1_H2,H2_32_Tub1,H2_32
2026-03-30,Mon,Grady,P1_H2_32_Tub1_Lacerate 91,0,6,alive,,W7-8,#N/A,1.5,4,H2,32,P1_H2,H2_32_Tub1,H2_32
2026-03-30,Mon,Grady,P1_H2_32_Tub1_Lacerate 92,0,4,alive,,W7-8,#N/A,1.5,2.666666667,H2,32,P1_H2,H2_32_Tub1,H2_32
2026-03-30,Mon,Grady,P2_H2_32_Tub2_Lacerate 88,5,12,alive,,W7-8,2.4,5,2.4,H2,32,P2_H2,H2_32_Tub2,H2_32
2026-03-30,Mon,Grady,P2_H2_32_Tub2_Lacerate 89,5,8,alive,,W7-8,1.6,5,1.6,H2,32,P2_H2,H2_32_Tub2,H2_32
2026-03-30,Mon,Grady,P2_H2_32_Tub2_Lacerate 90,5,5,alive,,W7-8,1,5,1,H2,32,P2_H2,H2_32_Tub2,H2_32
2026-03-30,Mon,Grady,P2_H2_32_Tub2_Lacerate 91,5,7,alive,,W7-8,1.4,5,1.4,H2,32,P2_H2,H2_32_Tub2,H2_32
2026-03-30,Mon,Grady,P2_H2_32_Tub2_Lacerate 92,5,11,alive,,W7-8,2.2,5,2.2,H2,32,P2_H2,H2_32_Tub2,H2_32
2026-03-30,Mon,Grady,P3_H2_32_Tub2_Lacerate 93,3,5,alive,,W7-8,1.666666667,3,1.666666667,H2,32,P3_H2,H2_32_Tub2,H2_32
2026-03-30,Mon,Grady,P3_H2_32_Tub2_Lacerate 94,3,12,alive,,W7-8,4,3,4,H2,32,P3_H2,H2_32_Tub2,H2_32
2026-03-30,Mon,Grady,P3_H2_32_Tub2_Lacerate 95,3,10,alive,,W7-8,3.333333333,3,3.333333333,H2,32,P3_H2,H2_32_Tub2,H2_32
2026-03-30,Mon,Grady,P3_H2_32_Tub2_Lacerate 96,3,8,alive,,W7-8,2.666666667,3,2.666666667,H2,32,P3_H2,H2_32_Tub2,H2_32
2026-03-30,Mon,Grady,PX_H2_32_Tub2_Lacerate 97,0,4,alive,,W7-8,#N/A,1.5,2.666666667,H2,32,PX_H2,H2_32_Tub2,H2_32
2026-03-30,Mon,Grady,P1_H2_32_Tub2_Lacerate 98,0,0,alive,,W7-8,#N/A,1.5,0,H2,32,P1_H2,H2_32_Tub2,H2_32
2026-03-30,Mon,Grady,P1_H2_32_Tub2_Lacerate 99,0,0,alive,,W7-8,#N/A,1.5,0,H2,32,P1_H2,H2_32_Tub2,H2_32
2026-03-30,Mon,Grady,P1_H2_32_Tub3_Lacerate 81,5,4,alive,,W7-8,0.8,5,0.8,H2,32,P1_H2,H2_32_Tub3,H2_32
2026-03-30,Mon,Grady,P1_H2_32_Tub3_Lacerate 82,5,5,alive,,W7-8,1,5,1,H2,32,P1_H2,H2_32_Tub3,H2_32
2026-03-30,Mon,Grady,P3_H2_32_Tub3_Lacerate 83,5,7,alive,,W7-8,1.4,5,1.4,H2,32,P3_H2,H2_32_Tub3,H2_32
2026-03-30,Mon,Grady,P3_H2_32_Tub3_Lacerate 84,5,8,alive,,W7-8,1.6,5,1.6,H2,32,P3_H2,H2_32_Tub3,H2_32
2026-03-30,Mon,Grady,P3_H2_32_Tub3_Lacerate 85,5,6,alive,,W7-8,1.2,5,1.2,H2,32,P3_H2,H2_32_Tub3,H2_32
2026-03-30,Mon,Grady,P3_H2_32_Tub3_Lacerate 86,5,5,alive,,W7-8,1,5,1,H2,32,P3_H2,H2_32_Tub3,H2_32
2026-03-30,Mon,Grady,P1_H2_32_Tub3_Lacerate 87,3,4,alive,,W7-8,1.333333333,3,1.333333333,H2,32,P1_H2,H2_32_Tub3,H2_32
2026-03-30,Mon,Grady,P2_H2_32_Tub3_Lacerate 88,3,8,alive,,W7-8,2.666666667,3,2.666666667,H2,32,P2_H2,H2_32_Tub3,H2_32
2026-03-30,Mon,Grady,P3_H2_32_Tub3_Lacerate 89,3,8,alive,,W7-8,2.666666667,3,2.666666667,H2,32,P3_H2,H2_32_Tub3,H2_32
2026-03-30,Mon,Grady,P3_H2_32_Tub3_Lacerate 90,3,0,alive,,W7-8,0,3,0,H2,32,P3_H2,H2_32_Tub3,H2_32
2026-03-30,Mon,Grady,P3_H2_32_Tub3_Lacerate 91,3,10,alive,,W7-8,3.333333333,3,3.333333333,H2,32,P3_H2,H2_32_Tub3,H2_32
2026-03-30,Mon,Grady,P1_H2_32_Tub3_Lacerate 92,0,0,alive,,W7-8,#N/A,1.5,0,H2,32,P1_H2,H2_32_Tub3,H2_32
2026-03-30,Mon,Grady,P1_H2_32_Tub3_Lacerate 93,0,0,alive,,W7-8,#N/A,1.5,0,H2,32,P1_H2,H2_32_Tub3,H2_32
2026-03-30,Mon,Grady,P1_H2_32_Tub3_Lacerate 94,0,0,alive,,W7-8,#N/A,1.5,0,H2,32,P1_H2,H2_32_Tub3,H2_32
2026-03-30,Mon,Grady,P3_H2_32_Tub3_Lacerate 95,0,3,alive,,W7-8,#N/A,1.5,2,H2,32,P3_H2,H2_32_Tub3,H2_32
2026-03-30,Mon,Grady,P3_H2_32_Tub3_Lacerate 96,0,3,alive,,W7-8,#N/A,1.5,2,H2,32,P3_H2,H2_32_Tub3,H2_32
2026-03-30,Mon,Grady,P1_H2_32_Tub3_Lacerate 97,0,7,alive,,W7-8,#N/A,1.5,4.666666667,H2,32,P1_H2,H2_32_Tub3,H2_32
2026-03-30,Mon,Grady,P3_VWA_32_Tub1_Lacerate 75,5,0,alive,,W7-8,0,5,0,VWA,32,P3_VWA,VWA_32_Tub1,VWA_32
2026-03-30,Mon,Grady,P3_VWA_32_Tub1_Lacerate 76,5,0,alive,,W7-8,0,5,0,VWA,32,P3_VWA,VWA_32_Tub1,VWA_32
2026-03-30,Mon,Grady,P3_VWA_32_Tub1_Lacerate 77,5,0,alive,,W7-8,0,5,0,VWA,32,P3_VWA,VWA_32_Tub1,VWA_32
2026-03-30,Mon,Grady,P1_VWA_32_Tub1_Lacerate 78,5,0,alive,,W7-8,0,5,0,VWA,32,P1_VWA,VWA_32_Tub1,VWA_32
2026-03-30,Mon,Grady,P3_VWA_32_Tub1_Lacerate 79,5,0,alive,,W7-8,0,5,0,VWA,32,P3_VWA,VWA_32_Tub1,VWA_32
2026-03-30,Mon,Grady,P2_VWA_32_Tub1_Lacerate 80,5,0,alive,,W7-8,0,5,0,VWA,32,P2_VWA,VWA_32_Tub1,VWA_32
2026-03-30,Mon,Grady,P2_VWA_32_Tub1_Lacerate 81,5,0,alive,,W7-8,0,5,0,VWA,32,P2_VWA,VWA_32_Tub1,VWA_32
2026-03-30,Mon,Grady,P2_VWA_32_Tub1_Lacerate 82,3,0,alive,,W7-8,0,3,0,VWA,32,P2_VWA,VWA_32_Tub1,VWA_32
2026-03-30,Mon,Grady,P2_VWA_32_Tub1_Lacerate 83,3,0,alive,,W7-8,0,3,0,VWA,32,P2_VWA,VWA_32_Tub1,VWA_32
2026-03-30,Mon,Grady,P2_VWA_32_Tub1_Lacerate 84,3,9,alive,,W7-8,3,3,3,VWA,32,P2_VWA,VWA_32_Tub1,VWA_32
2026-03-30,Mon,Grady,P2_VWA_32_Tub1_Lacerate 85,3,0,alive,,W7-8,0,3,0,VWA,32,P2_VWA,VWA_32_Tub1,VWA_32
2026-03-30,Mon,Grady,P2_VWA_32_Tub1_Lacerate 86,3,9,alive,,W7-8,3,3,3,VWA,32,P2_VWA,VWA_32_Tub1,VWA_32
2026-03-30,Mon,Grady,PX_VWA_32_Tub1_Lacerate 87,0,7,alive,,W7-8,#N/A,1.5,4.666666667,VWA,32,PX_VWA,VWA_32_Tub1,VWA_32
2026-03-30,Mon,Grady,PX_VWA_32_Tub1_Lacerate 88,0,4,alive,,W7-8,#N/A,1.5,2.666666667,VWA,32,PX_VWA,VWA_32_Tub1,VWA_32
2026-03-30,Mon,Grady,PX_VWA_32_Tub1_Lacerate 89,0,4,alive,,W7-8,#N/A,1.5,2.666666667,VWA,32,PX_VWA,VWA_32_Tub1,VWA_32
2026-03-30,Mon,Grady,P2_VWA_32_Tub2_Lacerate 41,5,0,alive,,W7-8,0,5,0,VWA,32,P2_VWA,VWA_32_Tub2,VWA_32
2026-03-30,Mon,Grady,P2_VWA_32_Tub2_Lacerate 42,5,0,alive,,W7-8,0,5,0,VWA,32,P2_VWA,VWA_32_Tub2,VWA_32
2026-03-30,Mon,Grady,P2_VWA_32_Tub2_Lacerate 43,5,0,alive,,W7-8,0,5,0,VWA,32,P2_VWA,VWA_32_Tub2,VWA_32
2026-03-30,Mon,Grady,P1_VWA_32_Tub2_Lacerate 44,5,0,alive,,W7-8,0,5,0,VWA,32,P1_VWA,VWA_32_Tub2,VWA_32
2026-03-30,Mon,Grady,P1_VWA_32_Tub2_Lacerate 45,5,1,alive,,W7-8,0.2,5,0.2,VWA,32,P1_VWA,VWA_32_Tub2,VWA_32
2026-03-30,Mon,Grady,P1_VWA_32_Tub2_Lacerate 46,3,0,alive,,W7-8,0,3,0,VWA,32,P1_VWA,VWA_32_Tub2,VWA_32
2026-03-30,Mon,Grady,P1_VWA_32_Tub2_Lacerate 47,3,0,alive,,W7-8,0,3,0,VWA,32,P1_VWA,VWA_32_Tub2,VWA_32
2026-03-30,Mon,Grady,P3_VWA_32_Tub2_Lacerate 48,3,7,alive,,W7-8,2.333333333,3,2.333333333,VWA,32,P3_VWA,VWA_32_Tub2,VWA_32
2026-03-30,Mon,Grady,P1_VWA_32_Tub2_Lacerate 49,0,0,alive,,W7-8,#N/A,1.5,0,VWA,32,P1_VWA,VWA_32_Tub2,VWA_32
2026-03-30,Mon,Grady,P1_VWA_32_Tub2_Lacerate 50,0,0,alive,,W7-8,#N/A,1.5,0,VWA,32,P1_VWA,VWA_32_Tub2,VWA_32
2026-03-30,Mon,Grady,P2_VWA_32_Tub2_Lacerate 51,0,6,alive,,W7-8,#N/A,1.5,4,VWA,32,P2_VWA,VWA_32_Tub2,VWA_32
2026-03-30,Mon,Grady,P2_VWA_32_Tub2_Lacerate 52,0,12,alive,,W7-8,#N/A,1.5,8,VWA,32,P2_VWA,VWA_32_Tub2,VWA_32
2026-03-30,Mon,Grady,P2_VWA_32_Tub2_Lacerate 53,0,9,alive,,W7-8,#N/A,1.5,6,VWA,32,P2_VWA,VWA_32_Tub2,VWA_32
2026-03-30,Mon,Grady,PX_VWA_32_Tub2_Lacerate 54,0,10,alive,,W7-8,#N/A,1.5,6.666666667,VWA,32,PX_VWA,VWA_32_Tub2,VWA_32
2026-03-30,Mon,Grady,PX_VWA_32_Tub2_Lacerate 55,0,6,alive,,W7-8,#N/A,1.5,4,VWA,32,PX_VWA,VWA_32_Tub2,VWA_32
2026-03-30,Mon,Grady,P1_VWA_32_Tub3_Lacerate 45,5,7,alive,,W7-8,1.4,5,1.4,VWA,32,P1_VWA,VWA_32_Tub3,VWA_32
2026-03-30,Mon,Grady,P2_VWA_32_Tub3_Lacerate 46,0,12,alive,,W7-8,#N/A,1.5,8,VWA,32,P2_VWA,VWA_32_Tub3,VWA_32
2026-03-30,Mon,Grady,P3_VWA_32_Tub3_Lacerate 47,0,0,alive,,W7-8,#N/A,1.5,0,VWA,32,P3_VWA,VWA_32_Tub3,VWA_32
2026-03-30,Mon,Grady,P3_VWA_32_Tub3_Lacerate 48,0,0,alive,,W7-8,#N/A,1.5,0,VWA,32,P3_VWA,VWA_32_Tub3,VWA_32
2026-04-01,Wed,Grady,P1_H2_25_Tub1_Lacerate 109,5,11,alive,,W7-8,2.2,5,2.2,H2,25,P1_H2,H2_25_Tub1,H2_25
2026-04-01,Wed,Grady,P1_H2_25_Tub1_Lacerate 110,5,10,alive,,W7-8,2,5,2,H2,25,P1_H2,H2_25_Tub1,H2_25
2026-04-01,Wed,Grady,P1_H2_25_Tub1_Lacerate 111,5,8,alive,,W7-8,1.6,5,1.6,H2,25,P1_H2,H2_25_Tub1,H2_25
2026-04-01,Wed,Grady,P1_H2_25_Tub1_Lacerate 112,5,4,alive,,W7-8,0.8,5,0.8,H2,25,P1_H2,H2_25_Tub1,H2_25
2026-04-01,Wed,Grady,P3_H2_25_Tub1_Lacerate 113,5,9,alive,,W7-8,1.8,5,1.8,H2,25,P3_H2,H2_25_Tub1,H2_25
2026-04-01,Wed,Grady,P3_H2_25_Tub1_Lacerate 114,5,13,alive,,W7-8,2.6,5,2.6,H2,25,P3_H2,H2_25_Tub1,H2_25
2026-04-01,Wed,Grady,P2_H2_25_Tub1_Lacerate 115,5,14,alive,,W7-8,2.8,5,2.8,H2,25,P2_H2,H2_25_Tub1,H2_25
2026-04-01,Wed,Grady,P2_H2_25_Tub1_Lacerate 116,5,10,alive,,W7-8,2,5,2,H2,25,P2_H2,H2_25_Tub1,H2_25
2026-04-01,Wed,Grady,P2_H2_25_Tub1_Lacerate 117,5,10,alive,,W7-8,2,5,2,H2,25,P2_H2,H2_25_Tub1,H2_25
2026-04-01,Wed,Grady,P2_H2_25_Tub1_Lacerate 118,5,1,alive,,W7-8,0.2,5,0.2,H2,25,P2_H2,H2_25_Tub1,H2_25
2026-04-01,Wed,Grady,PX_H2_25_Tub1_Lacerate 119,2,9,alive,,W7-8,4.5,2,4.5,H2,25,PX_H2,H2_25_Tub1,H2_25
2026-04-01,Wed,Grady,PX_H2_25_Tub1_Lacerate 120,2,13,alive,,W7-8,6.5,2,6.5,H2,25,PX_H2,H2_25_Tub1,H2_25
2026-04-01,Wed,Grady,PX_H2_25_Tub1_Lacerate 121,2,13,alive,,W7-8,6.5,2,6.5,H2,25,PX_H2,H2_25_Tub1,H2_25
2026-04-01,Wed,Grady,PX_H2_25_Tub1_Lacerate 122,2,9,alive,,W7-8,4.5,2,4.5,H2,25,PX_H2,H2_25_Tub1,H2_25
2026-04-01,Wed,Grady,PX_H2_25_Tub1_Lacerate 123,2,7,alive,,W7-8,3.5,2,3.5,H2,25,PX_H2,H2_25_Tub1,H2_25
2026-04-01,Wed,Grady,PX_H2_25_Tub1_Lacerate 124,2,0,alive,,W7-8,0,2,0,H2,25,PX_H2,H2_25_Tub1,H2_25
2026-04-01,Wed,Grady,PX_H2_25_Tub1_Lacerate 125,2,7,alive,,W7-8,3.5,2,3.5,H2,25,PX_H2,H2_25_Tub1,H2_25
2026-04-01,Wed,Grady,P3_H2_25_Tub1_Lacerate 126,2,13,alive,,W7-8,6.5,2,6.5,H2,25,P3_H2,H2_25_Tub1,H2_25
2026-04-01,Wed,Grady,P3_H2_25_Tub1_Lacerate 127,2,8,alive,,W7-8,4,2,4,H2,25,P3_H2,H2_25_Tub1,H2_25
2026-04-01,Wed,Grady,P3_H2_25_Tub1_Lacerate 128,2,11,alive,,W7-8,5.5,2,5.5,H2,25,P3_H2,H2_25_Tub1,H2_25
2026-04-01,Wed,Grady,P3_H2_25_Tub1_Lacerate 129,2,12,alive,,W7-8,6,2,6,H2,25,P3_H2,H2_25_Tub1,H2_25
2026-04-01,Wed,Grady,PX_H2_25_Tub1_Lacerate 130,2,6,alive,,W7-8,3,2,3,H2,25,PX_H2,H2_25_Tub1,H2_25
2026-04-01,Wed,Grady,PX_H2_25_Tub1_Lacerate 131,2,6,alive,,W7-8,3,2,3,H2,25,PX_H2,H2_25_Tub1,H2_25
2026-04-01,Wed,Grady,PX_H2_25_Tub1_Lacerate 132,2,10,alive,,W7-8,5,2,5,H2,25,PX_H2,H2_25_Tub1,H2_25
2026-04-01,Wed,Grady,PX_H2_25_Tub1_Lacerate 133,2,10,alive,,W7-8,5,2,5,H2,25,PX_H2,H2_25_Tub1,H2_25
2026-04-01,Wed,Grady,P2_H2_25_Tub1_Lacerate 134,0,9,alive,,W7-8,#N/A,1,9,H2,25,P2_H2,H2_25_Tub1,H2_25
2026-04-01,Wed,Grady,P2_H2_25_Tub1_Lacerate 135,0,6,alive,,W7-8,#N/A,1,6,H2,25,P2_H2,H2_25_Tub1,H2_25
2026-04-01,Wed,Grady,PX_H2_25_Tub1_Lacerate 136,0,0,alive,,W7-8,#N/A,1,0,H2,25,PX_H2,H2_25_Tub1,H2_25
2026-04-01,Wed,Grady,PX_H2_25_Tub1_Lacerate 137,0,8,alive,,W7-8,#N/A,1,8,H2,25,PX_H2,H2_25_Tub1,H2_25
2026-04-01,Wed,Grady,PX_H2_25_Tub1_Lacerate 138,0,10,alive,,W7-8,#N/A,1,10,H2,25,PX_H2,H2_25_Tub1,H2_25
2026-04-01,Wed,Grady,PX_H2_25_Tub1_Lacerate 139,0,7,alive,,W7-8,#N/A,1,7,H2,25,PX_H2,H2_25_Tub1,H2_25
2026-04-01,Wed,Grady,PX_H2_25_Tub1_Lacerate 140,0,8,alive,,W7-8,#N/A,1,8,H2,25,PX_H2,H2_25_Tub1,H2_25
2026-04-01,Wed,Grady,PX_H2_25_Tub1_Lacerate 141,0,10,alive,,W7-8,#N/A,1,10,H2,25,PX_H2,H2_25_Tub1,H2_25
2026-04-01,Wed,Grady,P2_H2_25_Tub2_Lacerate 70,7,8,alive,,W7-8,1.142857143,7,1.142857143,H2,25,P2_H2,H2_25_Tub2,H2_25
2026-04-01,Wed,Grady,P1_H2_25_Tub2_Lacerate 71,7,9,alive,,W7-8,1.285714286,7,1.285714286,H2,25,P1_H2,H2_25_Tub2,H2_25
2026-04-01,Wed,Grady,P1_H2_25_Tub2_Lacerate 72,5,6,alive,,W7-8,1.2,5,1.2,H2,25,P1_H2,H2_25_Tub2,H2_25
2026-04-01,Wed,Grady,P3_H2_25_Tub2_Lacerate 73,5,8,alive,,W7-8,1.6,5,1.6,H2,25,P3_H2,H2_25_Tub2,H2_25
2026-04-01,Wed,Grady,P3_H2_25_Tub2_Lacerate 74,5,10,alive,,W7-8,2,5,2,H2,25,P3_H2,H2_25_Tub2,H2_25
2026-04-01,Wed,Grady,P3_H2_25_Tub2_Lacerate 75,5,13,alive,,W7-8,2.6,5,2.6,H2,25,P3_H2,H2_25_Tub2,H2_25
2026-04-01,Wed,Grady,PX_H2_25_Tub2_Lacerate 76,2,4,alive,,W7-8,2,2,2,H2,25,PX_H2,H2_25_Tub2,H2_25
2026-04-01,Wed,Grady,PX_H2_25_Tub2_Lacerate 77,2,4,alive,,W7-8,2,2,2,H2,25,PX_H2,H2_25_Tub2,H2_25
2026-04-01,Wed,Grady,PX_H2_25_Tub2_Lacerate 78,2,12,alive,,W7-8,6,2,6,H2,25,PX_H2,H2_25_Tub2,H2_25
2026-04-01,Wed,Grady,PX_H2_25_Tub2_Lacerate 79,2,11,alive,,W7-8,5.5,2,5.5,H2,25,PX_H2,H2_25_Tub2,H2_25
2026-04-01,Wed,Grady,PX_H2_25_Tub2_Lacerate 80,2,8,alive,,W7-8,4,2,4,H2,25,PX_H2,H2_25_Tub2,H2_25
2026-04-01,Wed,Grady,PX_H2_25_Tub2_Lacerate 81,2,10,alive,,W7-8,5,2,5,H2,25,PX_H2,H2_25_Tub2,H2_25
2026-04-01,Wed,Grady,P3_H2_25_Tub2_Lacerate 82,2,9,alive,,W7-8,4.5,2,4.5,H2,25,P3_H2,H2_25_Tub2,H2_25
2026-04-01,Wed,Grady,P1_H2_25_Tub2_Lacerate 83,0,5,alive,,W7-8,#N/A,1,5,H2,25,P1_H2,H2_25_Tub2,H2_25
2026-04-01,Wed,Grady,P1_H2_25_Tub2_Lacerate 84,0,7,alive,,W7-8,#N/A,1,7,H2,25,P1_H2,H2_25_Tub2,H2_25
2026-04-01,Wed,Grady,P1_H2_25_Tub2_Lacerate 85,0,6,alive,,W7-8,#N/A,1,6,H2,25,P1_H2,H2_25_Tub2,H2_25
2026-04-01,Wed,Grady,P1_H2_25_Tub2_Lacerate 86,0,8,alive,,W7-8,#N/A,1,8,H2,25,P1_H2,H2_25_Tub2,H2_25
2026-04-01,Wed,Grady,P2_H2_25_Tub2_Lacerate 87,0,6,alive,,W7-8,#N/A,1,6,H2,25,P2_H2,H2_25_Tub2,H2_25
2026-04-01,Wed,Grady,P2_H2_25_Tub2_Lacerate 88,0,7,alive,,W7-8,#N/A,1,7,H2,25,P2_H2,H2_25_Tub2,H2_25
2026-04-01,Wed,Grady,P1_H2_25_Tub3_Lacerate 60,7,11,alive,,W7-8,1.571428571,7,1.571428571,H2,25,P1_H2,H2_25_Tub3,H2_25
2026-04-01,Wed,Grady,P1_H2_25_Tub3_Lacerate 61,7,13,alive,,W7-8,1.857142857,7,1.857142857,H2,25,P1_H2,H2_25_Tub3,H2_25
2026-04-01,Wed,Grady,P2_H2_25_Tub3_Lacerate 62,7,0,alive,,W7-8,0,7,0,H2,25,P2_H2,H2_25_Tub3,H2_25
2026-04-01,Wed,Grady,P2_H2_25_Tub3_Lacerate 63,5,10,alive,,W7-8,2,5,2,H2,25,P2_H2,H2_25_Tub3,H2_25
2026-04-01,Wed,Grady,P2_H2_25_Tub3_Lacerate 64,5,7,alive,,W7-8,1.4,5,1.4,H2,25,P2_H2,H2_25_Tub3,H2_25
2026-04-01,Wed,Grady,P3_H2_25_Tub3_Lacerate 65,5,12,alive,,W7-8,2.4,5,2.4,H2,25,P3_H2,H2_25_Tub3,H2_25
2026-04-01,Wed,Grady,P3_H2_25_Tub3_Lacerate 66,2,9,alive,,W7-8,4.5,2,4.5,H2,25,P3_H2,H2_25_Tub3,H2_25
2026-04-01,Wed,Grady,P3_H2_25_Tub3_Lacerate 67,2,7,alive,,W7-8,3.5,2,3.5,H2,25,P3_H2,H2_25_Tub3,H2_25
2026-04-01,Wed,Grady,P3_H2_25_Tub3_Lacerate 68,2,12,alive,,W7-8,6,2,6,H2,25,P3_H2,H2_25_Tub3,H2_25
2026-04-01,Wed,Grady,PX_H2_25_Tub3_Lacerate 69,2,9,alive,,W7-8,4.5,2,4.5,H2,25,PX_H2,H2_25_Tub3,H2_25
2026-04-01,Wed,Grady,PX_H2_25_Tub3_Lacerate 70,2,8,alive,,W7-8,4,2,4,H2,25,PX_H2,H2_25_Tub3,H2_25
2026-04-01,Wed,Grady,PX_H2_25_Tub3_Lacerate 71,2,11,alive,,W7-8,5.5,2,5.5,H2,25,PX_H2,H2_25_Tub3,H2_25
2026-04-01,Wed,Grady,PX_H2_25_Tub3_Lacerate 72,2,10,alive,,W7-8,5,2,5,H2,25,PX_H2,H2_25_Tub3,H2_25
2026-04-01,Wed,Grady,PX_H2_25_Tub3_Lacerate 73,2,7,alive,,W7-8,3.5,2,3.5,H2,25,PX_H2,H2_25_Tub3,H2_25
2026-04-01,Wed,Grady,PX_H2_25_Tub3_Lacerate 74,2,12,alive,,W7-8,6,2,6,H2,25,PX_H2,H2_25_Tub3,H2_25
2026-04-01,Wed,Grady,PX_H2_25_Tub3_Lacerate 75,2,9,alive,,W7-8,4.5,2,4.5,H2,25,PX_H2,H2_25_Tub3,H2_25
2026-04-01,Wed,Grady,PX_H2_25_Tub3_Lacerate 76,2,7,alive,,W7-8,3.5,2,3.5,H2,25,PX_H2,H2_25_Tub3,H2_25
2026-04-01,Wed,Grady,PX_H2_25_Tub3_Lacerate 77,2,11,alive,,W7-8,5.5,2,5.5,H2,25,PX_H2,H2_25_Tub3,H2_25
2026-04-01,Wed,Grady,PX_H2_25_Tub3_Lacerate 78,2,11,alive,,W7-8,5.5,2,5.5,H2,25,PX_H2,H2_25_Tub3,H2_25
2026-04-01,Wed,Grady,PX_H2_25_Tub3_Lacerate 79,2,8,alive,,W7-8,4,2,4,H2,25,PX_H2,H2_25_Tub3,H2_25
2026-04-01,Wed,Grady,PX_H2_25_Tub3_Lacerate 80,2,5,alive,,W7-8,2.5,2,2.5,H2,25,PX_H2,H2_25_Tub3,H2_25
2026-04-01,Wed,Grady,PX_H2_25_Tub3_Lacerate 81,2,12,alive,,W7-8,6,2,6,H2,25,PX_H2,H2_25_Tub3,H2_25
2026-04-01,Wed,Grady,P2_H2_25_Tub3_Lacerate 82,2,14,alive,,W7-8,7,2,7,H2,25,P2_H2,H2_25_Tub3,H2_25
2026-04-01,Wed,Grady,P2_H2_25_Tub3_Lacerate 83,2,7,alive,,W7-8,3.5,2,3.5,H2,25,P2_H2,H2_25_Tub3,H2_25
2026-04-01,Wed,Grady,P1_H2_25_Tub3_Lacerate 84,2,11,alive,not attached,W7-8,5.5,2,5.5,H2,25,P1_H2,H2_25_Tub3,H2_25
2026-04-01,Wed,Grady,P1_H2_25_Tub3_Lacerate 85,0,3,alive,,W7-8,#N/A,1,3,H2,25,P1_H2,H2_25_Tub3,H2_25
2026-04-01,Wed,Grady,PX_H2_25_Tub3_Lacerate 86,0,9,alive,,W7-8,#N/A,1,9,H2,25,PX_H2,H2_25_Tub3,H2_25
2026-04-01,Wed,Grady,PX_H2_25_Tub3_Lacerate 87,0,12,alive,,W7-8,#N/A,1,12,H2,25,PX_H2,H2_25_Tub3,H2_25
2026-04-01,Wed,Grady,PX_H2_25_Tub3_Lacerate 88,0,9,alive,,W7-8,#N/A,1,9,H2,25,PX_H2,H2_25_Tub3,H2_25
2026-04-01,Wed,Grady,P3_H2_25_Tub3_Lacerate 89,0,9,alive,,W7-8,#N/A,1,9,H2,25,P3_H2,H2_25_Tub3,H2_25
2026-04-01,Wed,Grady,P1_VWA_25_Tub1_Lacerate 92,7,12,alive,,W7-8,1.714285714,7,1.714285714,VWA,25,P1_VWA,VWA_25_Tub1,VWA_25
2026-04-01,Wed,Grady,PX_VWA_25_Tub1_Lacerate 93,5,9,alive,,W7-8,1.8,5,1.8,VWA,25,PX_VWA,VWA_25_Tub1,VWA_25
2026-04-01,Wed,Grady,P3_VWA_25_Tub1_Lacerate 94,5,13,alive,,W7-8,2.6,5,2.6,VWA,25,P3_VWA,VWA_25_Tub1,VWA_25
2026-04-01,Wed,Grady,P1_VWA_25_Tub1_Lacerate 95,5,12,alive,,W7-8,2.4,5,2.4,VWA,25,P1_VWA,VWA_25_Tub1,VWA_25
2026-04-01,Wed,Grady,PX_VWA_25_Tub1_Lacerate 96,5,10,alive,,W7-8,2,5,2,VWA,25,PX_VWA,VWA_25_Tub1,VWA_25
2026-04-01,Wed,Grady,P2_VWA_25_Tub1_Lacerate 97,5,11,alive,,W7-8,2.2,5,2.2,VWA,25,P2_VWA,VWA_25_Tub1,VWA_25
2026-04-01,Wed,Grady,P2_VWA_25_Tub1_Lacerate 98,5,12,alive,,W7-8,2.4,5,2.4,VWA,25,P2_VWA,VWA_25_Tub1,VWA_25
2026-04-01,Wed,Grady,PX_VWA_25_Tub1_Lacerate 99,2,11,alive,,W7-8,5.5,2,5.5,VWA,25,PX_VWA,VWA_25_Tub1,VWA_25
2026-04-01,Wed,Grady,PX_VWA_25_Tub1_Lacerate 100,2,8,alive,,W7-8,4,2,4,VWA,25,PX_VWA,VWA_25_Tub1,VWA_25
2026-04-01,Wed,Grady,PX_VWA_25_Tub1_Lacerate 101,2,12,alive,,W7-8,6,2,6,VWA,25,PX_VWA,VWA_25_Tub1,VWA_25
2026-04-01,Wed,Grady,PX_VWA_25_Tub1_Lacerate 102,2,12,alive,,W7-8,6,2,6,VWA,25,PX_VWA,VWA_25_Tub1,VWA_25
2026-04-01,Wed,Grady,PX_VWA_25_Tub1_Lacerate 103,2,8,alive,,W7-8,4,2,4,VWA,25,PX_VWA,VWA_25_Tub1,VWA_25
2026-04-01,Wed,Grady,PX_VWA_25_Tub1_Lacerate 104,2,13,alive,,W7-8,6.5,2,6.5,VWA,25,PX_VWA,VWA_25_Tub1,VWA_25
2026-04-01,Wed,Grady,PX_VWA_25_Tub1_Lacerate 105,2,7,alive,,W7-8,3.5,2,3.5,VWA,25,PX_VWA,VWA_25_Tub1,VWA_25
2026-04-01,Wed,Grady,PX_VWA_25_Tub1_Lacerate 106,2,0,alive,,W7-8,0,2,0,VWA,25,PX_VWA,VWA_25_Tub1,VWA_25
2026-04-01,Wed,Grady,PX_VWA_25_Tub1_Lacerate 107,2,0,alive,,W7-8,0,2,0,VWA,25,PX_VWA,VWA_25_Tub1,VWA_25
2026-04-01,Wed,Grady,PX_VWA_25_Tub1_Lacerate 108,2,9,alive,,W7-8,4.5,2,4.5,VWA,25,PX_VWA,VWA_25_Tub1,VWA_25
2026-04-01,Wed,Grady,P2_VWA_25_Tub1_Lacerate 109,2,0,alive,,W7-8,0,2,0,VWA,25,P2_VWA,VWA_25_Tub1,VWA_25
2026-04-01,Wed,Grady,P2_VWA_25_Tub1_Lacerate 110,2,0,alive,,W7-8,0,2,0,VWA,25,P2_VWA,VWA_25_Tub1,VWA_25
2026-04-01,Wed,Grady,P2_VWA_25_Tub1_Lacerate 111,2,0,alive,,W7-8,0,2,0,VWA,25,P2_VWA,VWA_25_Tub1,VWA_25
2026-04-01,Wed,Grady,P2_VWA_25_Tub1_Lacerate 112,2,5,alive,,W7-8,2.5,2,2.5,VWA,25,P2_VWA,VWA_25_Tub1,VWA_25
2026-04-01,Wed,Grady,P1_VWA_25_Tub1_Lacerate 113,0,7,alive,,W7-8,#N/A,1,7,VWA,25,P1_VWA,VWA_25_Tub1,VWA_25
2026-04-01,Wed,Grady,P1_VWA_25_Tub1_Lacerate 114,0,0,alive,,W7-8,#N/A,1,0,VWA,25,P1_VWA,VWA_25_Tub1,VWA_25
2026-04-01,Wed,Grady,P1_VWA_25_Tub1_Lacerate 115,0,0,alive,,W7-8,#N/A,1,0,VWA,25,P1_VWA,VWA_25_Tub1,VWA_25
2026-04-01,Wed,Grady,P1_VWA_25_Tub1_Lacerate 116,0,0,alive,,W7-8,#N/A,1,0,VWA,25,P1_VWA,VWA_25_Tub1,VWA_25
2026-04-01,Wed,Grady,P1_VWA_25_Tub1_Lacerate 117,0,0,alive,,W7-8,#N/A,1,0,VWA,25,P1_VWA,VWA_25_Tub1,VWA_25
2026-04-01,Wed,Grady,P1_VWA_25_Tub1_Lacerate 118,0,0,alive,,W7-8,#N/A,1,0,VWA,25,P1_VWA,VWA_25_Tub1,VWA_25
2026-04-01,Wed,Grady,P1_VWA_25_Tub1_Lacerate 119,0,0,alive,,W7-8,#N/A,1,0,VWA,25,P1_VWA,VWA_25_Tub1,VWA_25
2026-04-01,Wed,Grady,P1_VWA_25_Tub1_Lacerate 120,0,0,alive,,W7-8,#N/A,1,0,VWA,25,P1_VWA,VWA_25_Tub1,VWA_25
2026-04-01,Wed,Grady,P1_VWA_25_Tub1_Lacerate 121,0,0,alive,,W7-8,#N/A,1,0,VWA,25,P1_VWA,VWA_25_Tub1,VWA_25
2026-04-01,Wed,Grady,P1_VWA_25_Tub1_Lacerate 122,0,8,alive,,W7-8,#N/A,1,8,VWA,25,P1_VWA,VWA_25_Tub1,VWA_25
2026-04-01,Wed,Grady,PX_VWA_25_Tub1_Lacerate 123,0,7,alive,,W7-8,#N/A,1,7,VWA,25,PX_VWA,VWA_25_Tub1,VWA_25
2026-04-01,Wed,Grady,P3_VWA_25_Tub2_Lacerate 52,7,7,alive,,W7-8,1,7,1,VWA,25,P3_VWA,VWA_25_Tub2,VWA_25
2026-04-01,Wed,Grady,P2_VWA_25_Tub2_Lacerate 53,7,10,alive,,W7-8,1.428571429,7,1.428571429,VWA,25,P2_VWA,VWA_25_Tub2,VWA_25
2026-04-01,Wed,Grady,P1_VWA_25_Tub2_Lacerate 54,5,0,alive,,W7-8,0,5,0,VWA,25,P1_VWA,VWA_25_Tub2,VWA_25
2026-04-01,Wed,Grady,PX_VWA_25_Tub2_Lacerate 55,5,10,alive,,W7-8,2,5,2,VWA,25,PX_VWA,VWA_25_Tub2,VWA_25
2026-04-01,Wed,Grady,P2_VWA_25_Tub2_Lacerate 56,2,9,alive,,W7-8,4.5,2,4.5,VWA,25,P2_VWA,VWA_25_Tub2,VWA_25
2026-04-01,Wed,Grady,P2_VWA_25_Tub2_Lacerate 57,2,7,alive,,W7-8,3.5,2,3.5,VWA,25,P2_VWA,VWA_25_Tub2,VWA_25
2026-04-01,Wed,Grady,P2_VWA_25_Tub2_Lacerate 58,2,8,alive,,W7-8,4,2,4,VWA,25,P2_VWA,VWA_25_Tub2,VWA_25
2026-04-01,Wed,Grady,P2_VWA_25_Tub2_Lacerate 59,2,0,alive,,W7-8,0,2,0,VWA,25,P2_VWA,VWA_25_Tub2,VWA_25
2026-04-01,Wed,Grady,P1_VWA_25_Tub2_Lacerate 60,2,12,alive,,W7-8,6,2,6,VWA,25,P1_VWA,VWA_25_Tub2,VWA_25
2026-04-01,Wed,Grady,PX_VWA_25_Tub2_Lacerate 61,2,11,alive,,W7-8,5.5,2,5.5,VWA,25,PX_VWA,VWA_25_Tub2,VWA_25
2026-04-01,Wed,Grady,PX_VWA_25_Tub2_Lacerate 62,0,11,alive,,W7-8,#N/A,1,11,VWA,25,PX_VWA,VWA_25_Tub2,VWA_25
2026-04-01,Wed,Grady,PX_VWA_25_Tub2_Lacerate 63,0,9,alive,,W7-8,#N/A,1,9,VWA,25,PX_VWA,VWA_25_Tub2,VWA_25
2026-04-01,Wed,Grady,PX_VWA_25_Tub2_Lacerate 64,0,8,alive,,W7-8,#N/A,1,8,VWA,25,PX_VWA,VWA_25_Tub2,VWA_25
2026-04-01,Wed,Grady,P3_VWA_25_Tub2_Lacerate 65,0,9,alive,,W7-8,#N/A,1,9,VWA,25,P3_VWA,VWA_25_Tub2,VWA_25
2026-04-01,Wed,Grady,P3_VWA_25_Tub2_Lacerate 66,0,7,alive,,W7-8,#N/A,1,7,VWA,25,P3_VWA,VWA_25_Tub2,VWA_25
2026-04-01,Wed,Grady,P3_VWA_25_Tub2_Lacerate 67,0,8,alive,,W7-8,#N/A,1,8,VWA,25,P3_VWA,VWA_25_Tub2,VWA_25
2026-04-01,Wed,Grady,P3_VWA_25_Tub2_Lacerate 68,0,0,alive,,W7-8,#N/A,1,0,VWA,25,P3_VWA,VWA_25_Tub2,VWA_25
2026-04-01,Wed,Grady,P2_VWA_25_Tub2_Lacerate 69,0,10,alive,,W7-8,#N/A,1,10,VWA,25,P2_VWA,VWA_25_Tub2,VWA_25
2026-04-01,Wed,Grady,PX_VWA_25_Tub3_Lacerate 68,7,,missing,,W7-8,0,7,0,VWA,25,PX_VWA,VWA_25_Tub3,VWA_25
2026-04-01,Wed,Grady,P1_VWA_25_Tub3_Lacerate 69,2,5,alive,,W7-8,2.5,2,2.5,VWA,25,P1_VWA,VWA_25_Tub3,VWA_25
2026-04-01,Wed,Grady,PX_VWA_25_Tub3_Lacerate 70,2,11,alive,,W7-8,5.5,2,5.5,VWA,25,PX_VWA,VWA_25_Tub3,VWA_25
2026-04-01,Wed,Grady,P2_VWA_25_Tub3_Lacerate 71,2,10,alive,,W7-8,5,2,5,VWA,25,P2_VWA,VWA_25_Tub3,VWA_25
2026-04-01,Wed,Grady,P2_VWA_25_Tub3_Lacerate 72,2,10,alive,,W7-8,5,2,5,VWA,25,P2_VWA,VWA_25_Tub3,VWA_25
2026-04-01,Wed,Grady,PX_VWA_25_Tub3_Lacerate 73,2,7,alive,,W7-8,3.5,2,3.5,VWA,25,PX_VWA,VWA_25_Tub3,VWA_25
2026-04-01,Wed,Grady,PX_VWA_25_Tub3_Lacerate 74,0,7,alive,,W7-8,#N/A,1,7,VWA,25,PX_VWA,VWA_25_Tub3,VWA_25
2026-04-01,Wed,Grady,PX_VWA_25_Tub3_Lacerate 75,0,10,alive,,W7-8,#N/A,1,10,VWA,25,PX_VWA,VWA_25_Tub3,VWA_25
2026-04-01,Wed,Grady,PX_VWA_25_Tub3_Lacerate 76,0,5,alive,,W7-8,#N/A,1,5,VWA,25,PX_VWA,VWA_25_Tub3,VWA_25
2026-04-01,Wed,Grady,PX_VWA_25_Tub3_Lacerate 77,0,3,alive,,W7-8,#N/A,1,3,VWA,25,PX_VWA,VWA_25_Tub3,VWA_25
2026-04-01,Wed,Grady,PX_VWA_25_Tub3_Lacerate 78,0,8,alive,,W7-8,#N/A,1,8,VWA,25,PX_VWA,VWA_25_Tub3,VWA_25
2026-04-01,Wed,Grady,P1_VWA_25_Tub3_Lacerate 79,0,12,alive,,W7-8,#N/A,1,12,VWA,25,P1_VWA,VWA_25_Tub3,VWA_25
2026-04-01,Wed,Grady,P1_VWA_25_Tub3_Lacerate 80,0,4,alive,,W7-8,#N/A,1,4,VWA,25,P1_VWA,VWA_25_Tub3,VWA_25
2026-04-01,Wed,Grady,PX_H2_32_Tub1_Lacerate 89,5,8,alive,appears normal now (previously dying?),W7-8,1.6,5,1.6,H2,32,PX_H2,H2_32_Tub1,H2_32
2026-04-01,Wed,Grady,P1_H2_32_Tub1_Lacerate 90,2,11,alive,,W7-8,5.5,2,5.5,H2,32,P1_H2,H2_32_Tub1,H2_32
2026-04-01,Wed,Grady,P1_H2_32_Tub1_Lacerate 91,2,9,alive,,W7-8,4.5,2,4.5,H2,32,P1_H2,H2_32_Tub1,H2_32
2026-04-01,Wed,Grady,P1_H2_32_Tub1_Lacerate 92,2,8,alive,,W7-8,4,2,4,H2,32,P1_H2,H2_32_Tub1,H2_32
2026-04-01,Wed,Grady,P1_H2_32_Tub1_Lacerate 93,0,6,alive,,W7-8,#N/A,1,6,H2,32,P1_H2,H2_32_Tub1,H2_32
2026-04-01,Wed,Grady,P1_H2_32_Tub1_Lacerate 94,0,4,alive,,W7-8,#N/A,1,4,H2,32,P1_H2,H2_32_Tub1,H2_32
2026-04-01,Wed,Grady,P3_H2_32_Tub1_Lacerate 95,0,5,alive,,W7-8,#N/A,1,5,H2,32,P3_H2,H2_32_Tub1,H2_32
2026-04-01,Wed,Grady,P2_H2_32_Tub2_Lacerate 88,7,11,alive,,W7-8,1.571428571,7,1.571428571,H2,32,P2_H2,H2_32_Tub2,H2_32
2026-04-01,Wed,Grady,P2_H2_32_Tub2_Lacerate 89,7,10,alive,,W7-8,1.428571429,7,1.428571429,H2,32,P2_H2,H2_32_Tub2,H2_32
2026-04-01,Wed,Grady,P2_H2_32_Tub2_Lacerate 90,7,12,alive,,W7-8,1.714285714,7,1.714285714,H2,32,P2_H2,H2_32_Tub2,H2_32
2026-04-01,Wed,Grady,P2_H2_32_Tub2_Lacerate 91,7,12,alive,,W7-8,1.714285714,7,1.714285714,H2,32,P2_H2,H2_32_Tub2,H2_32
2026-04-01,Wed,Grady,P2_H2_32_Tub2_Lacerate 92,7,8,alive,,W7-8,1.142857143,7,1.142857143,H2,32,P2_H2,H2_32_Tub2,H2_32
2026-04-01,Wed,Grady,P3_H2_32_Tub2_Lacerate 93,5,11,alive,,W7-8,2.2,5,2.2,H2,32,P3_H2,H2_32_Tub2,H2_32
2026-04-01,Wed,Grady,P3_H2_32_Tub2_Lacerate 94,5,7,alive,,W7-8,1.4,5,1.4,H2,32,P3_H2,H2_32_Tub2,H2_32
2026-04-01,Wed,Grady,P3_H2_32_Tub2_Lacerate 95,5,9,alive,,W7-8,1.8,5,1.8,H2,32,P3_H2,H2_32_Tub2,H2_32
2026-04-01,Wed,Grady,P3_H2_32_Tub2_Lacerate 96,5,7,alive,,W7-8,1.4,5,1.4,H2,32,P3_H2,H2_32_Tub2,H2_32
2026-04-01,Wed,Grady,PX_H2_32_Tub2_Lacerate 97,2,10,alive,,W7-8,5,2,5,H2,32,PX_H2,H2_32_Tub2,H2_32
2026-04-01,Wed,Grady,P1_H2_32_Tub2_Lacerate 98,2,2,alive,,W7-8,1,2,1,H2,32,P1_H2,H2_32_Tub2,H2_32
2026-04-01,Wed,Grady,P1_H2_32_Tub2_Lacerate 99,2,5,alive,,W7-8,2.5,2,2.5,H2,32,P1_H2,H2_32_Tub2,H2_32
2026-04-01,Wed,Grady,PX_H2_32_Tub2_Lacerate 100,0,9,alive,,W7-8,#N/A,1,9,H2,32,PX_H2,H2_32_Tub2,H2_32
2026-04-01,Wed,Grady,PX_H2_32_Tub2_Lacerate 101,0,11,alive,,W7-8,#N/A,1,11,H2,32,PX_H2,H2_32_Tub2,H2_32
2026-04-01,Wed,Grady,PX_H2_32_Tub2_Lacerate 102,0,8,alive,,W7-8,#N/A,1,8,H2,32,PX_H2,H2_32_Tub2,H2_32
2026-04-01,Wed,Grady,P1_H2_32_Tub3_Lacerate 81,7,0,alive,,W7-8,0,7,0,H2,32,P1_H2,H2_32_Tub3,H2_32
2026-04-01,Wed,Grady,P1_H2_32_Tub3_Lacerate 82,7,0,alive,,W7-8,0,7,0,H2,32,P1_H2,H2_32_Tub3,H2_32
2026-04-01,Wed,Grady,P3_H2_32_Tub3_Lacerate 83,7,9,alive,,W7-8,1.285714286,7,1.285714286,H2,32,P3_H2,H2_32_Tub3,H2_32
2026-04-01,Wed,Grady,P3_H2_32_Tub3_Lacerate 84,7,0,alive,,W7-8,0,7,0,H2,32,P3_H2,H2_32_Tub3,H2_32
2026-04-01,Wed,Grady,P3_H2_32_Tub3_Lacerate 85,7,6,alive,,W7-8,0.8571428571,7,0.8571428571,H2,32,P3_H2,H2_32_Tub3,H2_32
2026-04-01,Wed,Grady,P3_H2_32_Tub3_Lacerate 86,7,10,alive,,W7-8,1.428571429,7,1.428571429,H2,32,P3_H2,H2_32_Tub3,H2_32
2026-04-01,Wed,Grady,P1_H2_32_Tub3_Lacerate 87,5,0,alive,,W7-8,0,5,0,H2,32,P1_H2,H2_32_Tub3,H2_32
2026-04-01,Wed,Grady,P2_H2_32_Tub3_Lacerate 88,5,14,alive,,W7-8,2.8,5,2.8,H2,32,P2_H2,H2_32_Tub3,H2_32
2026-04-01,Wed,Grady,P3_H2_32_Tub3_Lacerate 89,5,6,alive,,W7-8,1.2,5,1.2,H2,32,P3_H2,H2_32_Tub3,H2_32
2026-04-01,Wed,Grady,P3_H2_32_Tub3_Lacerate 90,5,9,alive,,W7-8,1.8,5,1.8,H2,32,P3_H2,H2_32_Tub3,H2_32
2026-04-01,Wed,Grady,P3_H2_32_Tub3_Lacerate 91,5,12,alive,,W7-8,2.4,5,2.4,H2,32,P3_H2,H2_32_Tub3,H2_32
2026-04-01,Wed,Grady,P1_H2_32_Tub3_Lacerate 92,2,0,alive,,W7-8,0,2,0,H2,32,P1_H2,H2_32_Tub3,H2_32
2026-04-01,Wed,Grady,P1_H2_32_Tub3_Lacerate 93,2,5,alive,,W7-8,2.5,2,2.5,H2,32,P1_H2,H2_32_Tub3,H2_32
2026-04-01,Wed,Grady,P1_H2_32_Tub3_Lacerate 94,2,11,alive,,W7-8,5.5,2,5.5,H2,32,P1_H2,H2_32_Tub3,H2_32
2026-04-01,Wed,Grady,P3_H2_32_Tub3_Lacerate 95,2,12,alive,,W7-8,6,2,6,H2,32,P3_H2,H2_32_Tub3,H2_32
2026-04-01,Wed,Grady,P3_H2_32_Tub3_Lacerate 96,2,8,alive,,W7-8,4,2,4,H2,32,P3_H2,H2_32_Tub3,H2_32
2026-04-01,Wed,Grady,P1_H2_32_Tub3_Lacerate 97,2,11,alive,,W7-8,5.5,2,5.5,H2,32,P1_H2,H2_32_Tub3,H2_32
2026-04-01,Wed,Grady,P2_H2_32_Tub3_Lacerate 98,0,10,alive,,W7-8,#N/A,1,10,H2,32,P2_H2,H2_32_Tub3,H2_32
2026-04-01,Wed,Grady,P2_H2_32_Tub3_Lacerate 99,0,12,alive,,W7-8,#N/A,1,12,H2,32,P2_H2,H2_32_Tub3,H2_32
2026-04-01,Wed,Grady,P3_VWA_32_Tub1_Lacerate 75,7,0,alive,,W7-8,0,7,0,VWA,32,P3_VWA,VWA_32_Tub1,VWA_32
2026-04-01,Wed,Grady,P3_VWA_32_Tub1_Lacerate 76,7,6,alive,,W7-8,0.8571428571,7,0.8571428571,VWA,32,P3_VWA,VWA_32_Tub1,VWA_32
2026-04-01,Wed,Grady,P3_VWA_32_Tub1_Lacerate 77,7,10,alive,,W7-8,1.428571429,7,1.428571429,VWA,32,P3_VWA,VWA_32_Tub1,VWA_32
2026-04-01,Wed,Grady,P1_VWA_32_Tub1_Lacerate 78,7,7,alive,,W7-8,1,7,1,VWA,32,P1_VWA,VWA_32_Tub1,VWA_32
2026-04-01,Wed,Grady,P3_VWA_32_Tub1_Lacerate 79,7,0,alive,,W7-8,0,7,0,VWA,32,P3_VWA,VWA_32_Tub1,VWA_32
2026-04-01,Wed,Grady,P2_VWA_32_Tub1_Lacerate 80,7,0,alive,,W7-8,0,7,0,VWA,32,P2_VWA,VWA_32_Tub1,VWA_32
2026-04-01,Wed,Grady,P2_VWA_32_Tub1_Lacerate 81,7,0,alive,,W7-8,0,7,0,VWA,32,P2_VWA,VWA_32_Tub1,VWA_32
2026-04-01,Wed,Grady,P2_VWA_32_Tub1_Lacerate 82,5,11,alive,,W7-8,2.2,5,2.2,VWA,32,P2_VWA,VWA_32_Tub1,VWA_32
2026-04-01,Wed,Grady,P2_VWA_32_Tub1_Lacerate 83,5,6,alive,,W7-8,1.2,5,1.2,VWA,32,P2_VWA,VWA_32_Tub1,VWA_32
2026-04-01,Wed,Grady,P2_VWA_32_Tub1_Lacerate 84,5,12,alive,,W7-8,2.4,5,2.4,VWA,32,P2_VWA,VWA_32_Tub1,VWA_32
2026-04-01,Wed,Grady,P2_VWA_32_Tub1_Lacerate 85,5,0,alive,,W7-8,0,5,0,VWA,32,P2_VWA,VWA_32_Tub1,VWA_32
2026-04-01,Wed,Grady,P2_VWA_32_Tub1_Lacerate 86,5,7,alive,,W7-8,1.4,5,1.4,VWA,32,P2_VWA,VWA_32_Tub1,VWA_32
2026-04-01,Wed,Grady,PX_VWA_32_Tub1_Lacerate 87,2,11,alive,,W7-8,5.5,2,5.5,VWA,32,PX_VWA,VWA_32_Tub1,VWA_32
2026-04-01,Wed,Grady,PX_VWA_32_Tub1_Lacerate 88,2,10,alive,,W7-8,5,2,5,VWA,32,PX_VWA,VWA_32_Tub1,VWA_32
2026-04-01,Wed,Grady,PX_VWA_32_Tub1_Lacerate 89,2,4,alive,,W7-8,2,2,2,VWA,32,PX_VWA,VWA_32_Tub1,VWA_32
2026-04-01,Wed,Grady,PX_VWA_32_Tub1_Lacerate 90,0,12,alive,,W7-8,#N/A,1,12,VWA,32,PX_VWA,VWA_32_Tub1,VWA_32
2026-04-01,Wed,Grady,P2_VWA_32_Tub1_Lacerate 91,0,0,alive,,W7-8,#N/A,1,0,VWA,32,P2_VWA,VWA_32_Tub1,VWA_32
2026-04-01,Wed,Grady,PX_VWA_32_Tub1_Lacerate 92,0,7,alive,,W7-8,#N/A,1,7,VWA,32,PX_VWA,VWA_32_Tub1,VWA_32
2026-04-01,Wed,Grady,P1_VWA_32_Tub1_Lacerate 93,0,0,alive,,W7-8,#N/A,1,0,VWA,32,P1_VWA,VWA_32_Tub1,VWA_32
2026-04-01,Wed,Grady,P1_VWA_32_Tub1_Lacerate 94,0,0,alive,,W7-8,#N/A,1,0,VWA,32,P1_VWA,VWA_32_Tub1,VWA_32
2026-04-01,Wed,Grady,P1_VWA_32_Tub1_Lacerate 95,0,0,alive,,W7-8,#N/A,1,0,VWA,32,P1_VWA,VWA_32_Tub1,VWA_32
2026-04-01,Wed,Grady,P2_VWA_32_Tub2_Lacerate 41,7,5,alive,,W7-8,0.7142857143,7,0.7142857143,VWA,32,P2_VWA,VWA_32_Tub2,VWA_32
2026-04-01,Wed,Grady,P2_VWA_32_Tub2_Lacerate 42,7,3,alive,,W7-8,0.4285714286,7,0.4285714286,VWA,32,P2_VWA,VWA_32_Tub2,VWA_32
2026-04-01,Wed,Grady,P2_VWA_32_Tub2_Lacerate 43,7,9,alive,,W7-8,1.285714286,7,1.285714286,VWA,32,P2_VWA,VWA_32_Tub2,VWA_32
2026-04-01,Wed,Grady,P1_VWA_32_Tub2_Lacerate 44,7,0,alive,,W7-8,0,7,0,VWA,32,P1_VWA,VWA_32_Tub2,VWA_32
2026-04-01,Wed,Grady,P1_VWA_32_Tub2_Lacerate 45,7,8,alive,,W7-8,1.142857143,7,1.142857143,VWA,32,P1_VWA,VWA_32_Tub2,VWA_32
2026-04-01,Wed,Grady,P1_VWA_32_Tub2_Lacerate 46,5,0,alive,,W7-8,0,5,0,VWA,32,P1_VWA,VWA_32_Tub2,VWA_32
2026-04-01,Wed,Grady,P1_VWA_32_Tub2_Lacerate 47,5,5,alive,,W7-8,1,5,1,VWA,32,P1_VWA,VWA_32_Tub2,VWA_32
2026-04-01,Wed,Grady,P3_VWA_32_Tub2_Lacerate 48,5,8,alive,,W7-8,1.6,5,1.6,VWA,32,P3_VWA,VWA_32_Tub2,VWA_32
2026-04-01,Wed,Grady,P1_VWA_32_Tub2_Lacerate 49,2,0,alive,,W7-8,0,2,0,VWA,32,P1_VWA,VWA_32_Tub2,VWA_32
2026-04-01,Wed,Grady,P1_VWA_32_Tub2_Lacerate 50,2,0,alive,,W7-8,0,2,0,VWA,32,P1_VWA,VWA_32_Tub2,VWA_32
2026-04-01,Wed,Grady,P2_VWA_32_Tub2_Lacerate 51,2,3,alive,,W7-8,1.5,2,1.5,VWA,32,P2_VWA,VWA_32_Tub2,VWA_32
2026-04-01,Wed,Grady,P2_VWA_32_Tub2_Lacerate 52,2,12,alive,,W7-8,6,2,6,VWA,32,P2_VWA,VWA_32_Tub2,VWA_32
2026-04-01,Wed,Grady,P2_VWA_32_Tub2_Lacerate 53,2,9,alive,,W7-8,4.5,2,4.5,VWA,32,P2_VWA,VWA_32_Tub2,VWA_32
2026-04-01,Wed,Grady,PX_VWA_32_Tub2_Lacerate 54,2,9,alive,,W7-8,4.5,2,4.5,VWA,32,PX_VWA,VWA_32_Tub2,VWA_32
2026-04-01,Wed,Grady,PX_VWA_32_Tub2_Lacerate 55,2,9,alive,,W7-8,4.5,2,4.5,VWA,32,PX_VWA,VWA_32_Tub2,VWA_32
2026-04-01,Wed,Grady,P1_VWA_32_Tub2_Lacerate 56,0,0,alive,,W7-8,#N/A,1,0,VWA,32,P1_VWA,VWA_32_Tub2,VWA_32
2026-04-01,Wed,Grady,P1_VWA_32_Tub2_Lacerate 57,0,0,alive,,W7-8,#N/A,1,0,VWA,32,P1_VWA,VWA_32_Tub2,VWA_32
2026-04-01,Wed,Grady,P1_VWA_32_Tub2_Lacerate 58,0,0,alive,,W7-8,#N/A,1,0,VWA,32,P1_VWA,VWA_32_Tub2,VWA_32
2026-04-01,Wed,Grady,P1_VWA_32_Tub2_Lacerate 59,0,0,alive,,W7-8,#N/A,1,0,VWA,32,P1_VWA,VWA_32_Tub2,VWA_32
2026-04-01,Wed,Grady,P1_VWA_32_Tub2_Lacerate 60,0,0,alive,,W7-8,#N/A,1,0,VWA,32,P1_VWA,VWA_32_Tub2,VWA_32
2026-04-01,Wed,Grady,P1_VWA_32_Tub2_Lacerate 61,0,0,alive,,W7-8,#N/A,1,0,VWA,32,P1_VWA,VWA_32_Tub2,VWA_32
2026-04-01,Wed,Grady,P1_VWA_32_Tub2_Lacerate 62,0,0,alive,,W7-8,#N/A,1,0,VWA,32,P1_VWA,VWA_32_Tub2,VWA_32
2026-04-01,Wed,Grady,PX_VWA_32_Tub2_Lacerate 63,0,11,alive,,W7-8,#N/A,1,11,VWA,32,PX_VWA,VWA_32_Tub2,VWA_32
2026-04-01,Wed,Grady,PX_VWA_32_Tub2_Lacerate 64,0,7,alive,,W7-8,#N/A,1,7,VWA,32,PX_VWA,VWA_32_Tub2,VWA_32
2026-04-01,Wed,Grady,P1_VWA_32_Tub3_Lacerate 45,7,8,alive,,W7-8,1.142857143,7,1.142857143,VWA,32,P1_VWA,VWA_32_Tub3,VWA_32
2026-04-01,Wed,Grady,P2_VWA_32_Tub3_Lacerate 46,2,17,alive,,W7-8,8.5,2,8.5,VWA,32,P2_VWA,VWA_32_Tub3,VWA_32
2026-04-01,Wed,Grady,P3_VWA_32_Tub3_Lacerate 47,2,0,alive,,W7-8,0,2,0,VWA,32,P3_VWA,VWA_32_Tub3,VWA_32
2026-04-01,Wed,Grady,P3_VWA_32_Tub3_Lacerate 48,2,7,alive,,W7-8,3.5,2,3.5,VWA,32,P3_VWA,VWA_32_Tub3,VWA_32
2026-04-01,Wed,Grady,P2_VWA_32_Tub3_Lacerate 49,0,6,alive,,W7-8,#N/A,1,6,VWA,32,P2_VWA,VWA_32_Tub3,VWA_32
2026-04-01,Wed,Grady,P1_VWA_32_Tub3_Lacerate 50,0,3,alive,,W7-8,#N/A,1,3,VWA,32,P1_VWA,VWA_32_Tub3,VWA_32
2026-04-03,Fri,Aiden,P1_H2_25_Tub1_Lacerate 109,7,12,alive,,W7-8,1.714285714,7,1.714285714,H2,25,P1_H2,H2_25_Tub1,H2_25
2026-04-03,Fri,Aiden,P1_H2_25_Tub1_Lacerate 110,7,11,alive,,W7-8,1.571428571,7,1.571428571,H2,25,P1_H2,H2_25_Tub1,H2_25
2026-04-03,Fri,Aiden,P1_H2_25_Tub1_Lacerate 111,7,9,alive,,W7-8,1.285714286,7,1.285714286,H2,25,P1_H2,H2_25_Tub1,H2_25
2026-04-03,Fri,Aiden,P1_H2_25_Tub1_Lacerate 112,7,5,alive,,W7-8,0.7142857143,7,0.7142857143,H2,25,P1_H2,H2_25_Tub1,H2_25
2026-04-03,Fri,Aiden,P3_H2_25_Tub1_Lacerate 113,7,11,alive,,W7-8,1.571428571,7,1.571428571,H2,25,P3_H2,H2_25_Tub1,H2_25
2026-04-03,Fri,Aiden,P3_H2_25_Tub1_Lacerate 114,7,13,alive,,W7-8,1.857142857,7,1.857142857,H2,25,P3_H2,H2_25_Tub1,H2_25
2026-04-03,Fri,Aiden,P2_H2_25_Tub1_Lacerate 115,7,15,alive,,W7-8,2.142857143,7,2.142857143,H2,25,P2_H2,H2_25_Tub1,H2_25
2026-04-03,Fri,Aiden,P2_H2_25_Tub1_Lacerate 116,7,11,alive,,W7-8,1.571428571,7,1.571428571,H2,25,P2_H2,H2_25_Tub1,H2_25
2026-04-03,Fri,Aiden,P2_H2_25_Tub1_Lacerate 117,7,12,alive,,W7-8,1.714285714,7,1.714285714,H2,25,P2_H2,H2_25_Tub1,H2_25
2026-04-03,Fri,Aiden,P2_H2_25_Tub1_Lacerate 118,7,5,alive,,W7-8,0.7142857143,7,0.7142857143,H2,25,P2_H2,H2_25_Tub1,H2_25
2026-04-03,Fri,Aiden,PX_H2_25_Tub1_Lacerate 119,4,11,alive,,W7-8,2.75,4,2.75,H2,25,PX_H2,H2_25_Tub1,H2_25
2026-04-03,Fri,Aiden,PX_H2_25_Tub1_Lacerate 120,4,13,alive,,W7-8,3.25,4,3.25,H2,25,PX_H2,H2_25_Tub1,H2_25
2026-04-03,Fri,Aiden,PX_H2_25_Tub1_Lacerate 121,4,13,alive,,W7-8,3.25,4,3.25,H2,25,PX_H2,H2_25_Tub1,H2_25
2026-04-03,Fri,Aiden,PX_H2_25_Tub1_Lacerate 122,4,10,alive,,W7-8,2.5,4,2.5,H2,25,PX_H2,H2_25_Tub1,H2_25
2026-04-03,Fri,Aiden,PX_H2_25_Tub1_Lacerate 123,4,8,alive,,W7-8,2,4,2,H2,25,PX_H2,H2_25_Tub1,H2_25
2026-04-03,Fri,Aiden,PX_H2_25_Tub1_Lacerate 124,4,1,alive,,W7-8,0.25,4,0.25,H2,25,PX_H2,H2_25_Tub1,H2_25
2026-04-03,Fri,Aiden,PX_H2_25_Tub1_Lacerate 125,4,9,alive,,W7-8,2.25,4,2.25,H2,25,PX_H2,H2_25_Tub1,H2_25
2026-04-03,Fri,Aiden,P3_H2_25_Tub1_Lacerate 126,4,13,alive,,W7-8,3.25,4,3.25,H2,25,P3_H2,H2_25_Tub1,H2_25
2026-04-03,Fri,Aiden,P3_H2_25_Tub1_Lacerate 127,4,12,alive,,W7-8,3,4,3,H2,25,P3_H2,H2_25_Tub1,H2_25
2026-04-03,Fri,Aiden,P3_H2_25_Tub1_Lacerate 128,4,13,alive,,W7-8,3.25,4,3.25,H2,25,P3_H2,H2_25_Tub1,H2_25
2026-04-03,Fri,Aiden,P3_H2_25_Tub1_Lacerate 129,4,12,alive,,W7-8,3,4,3,H2,25,P3_H2,H2_25_Tub1,H2_25
2026-04-03,Fri,Aiden,PX_H2_25_Tub1_Lacerate 130,4,7,alive,,W7-8,1.75,4,1.75,H2,25,PX_H2,H2_25_Tub1,H2_25
2026-04-03,Fri,Aiden,PX_H2_25_Tub1_Lacerate 131,4,9,alive,,W7-8,2.25,4,2.25,H2,25,PX_H2,H2_25_Tub1,H2_25
2026-04-03,Fri,Aiden,PX_H2_25_Tub1_Lacerate 132,4,10,alive,,W7-8,2.5,4,2.5,H2,25,PX_H2,H2_25_Tub1,H2_25
2026-04-03,Fri,Aiden,PX_H2_25_Tub1_Lacerate 133,4,11,alive,,W7-8,2.75,4,2.75,H2,25,PX_H2,H2_25_Tub1,H2_25
2026-04-03,Fri,Aiden,P2_H2_25_Tub1_Lacerate 134,2,10,alive,,W7-8,5,2,5,H2,25,P2_H2,H2_25_Tub1,H2_25
2026-04-03,Fri,Aiden,P2_H2_25_Tub1_Lacerate 135,2,7,alive,,W7-8,3.5,2,3.5,H2,25,P2_H2,H2_25_Tub1,H2_25
2026-04-03,Fri,Aiden,PX_H2_25_Tub1_Lacerate 136,2,2,alive,,W7-8,1,2,1,H2,25,PX_H2,H2_25_Tub1,H2_25
2026-04-03,Fri,Aiden,PX_H2_25_Tub1_Lacerate 137,2,9,alive,,W7-8,4.5,2,4.5,H2,25,PX_H2,H2_25_Tub1,H2_25
2026-04-03,Fri,Aiden,PX_H2_25_Tub1_Lacerate 138,2,10,alive,,W7-8,5,2,5,H2,25,PX_H2,H2_25_Tub1,H2_25
2026-04-03,Fri,Aiden,PX_H2_25_Tub1_Lacerate 139,2,11,alive,,W7-8,5.5,2,5.5,H2,25,PX_H2,H2_25_Tub1,H2_25
2026-04-03,Fri,Aiden,PX_H2_25_Tub1_Lacerate 140,2,11,alive,,W7-8,5.5,2,5.5,H2,25,PX_H2,H2_25_Tub1,H2_25
2026-04-03,Fri,Aiden,PX_H2_25_Tub1_Lacerate 141,2,13,alive,,W7-8,6.5,2,6.5,H2,25,PX_H2,H2_25_Tub1,H2_25
2026-04-03,Fri,Aiden,PX_H2_25_Tub1_Lacerate 142,0,4,alive,,W7-8,#N/A,1,4,H2,25,PX_H2,H2_25_Tub1,H2_25
2026-04-03,Fri,Aiden,PX_H2_25_Tub1_Lacerate 143,0,6,alive,,W7-8,#N/A,1,6,H2,25,PX_H2,H2_25_Tub1,H2_25
2026-04-03,Fri,Aiden,PX_H2_25_Tub1_Lacerate 144,0,7,alive,,W7-8,#N/A,1,7,H2,25,PX_H2,H2_25_Tub1,H2_25
2026-04-03,Fri,Aiden,P2_H2_25_Tub2_Lacerate 70,9,,missing,,W7-8,0,9,0,H2,25,P2_H2,H2_25_Tub2,H2_25
2026-04-03,Fri,Aiden,P1_H2_25_Tub2_Lacerate 71,9,10,alive,,W7-8,1.111111111,9,1.111111111,H2,25,P1_H2,H2_25_Tub2,H2_25
2026-04-03,Fri,Aiden,P1_H2_25_Tub2_Lacerate 72,7,7,alive,,W7-8,1,7,1,H2,25,P1_H2,H2_25_Tub2,H2_25
2026-04-03,Fri,Aiden,P3_H2_25_Tub2_Lacerate 73,7,9,alive,,W7-8,1.285714286,7,1.285714286,H2,25,P3_H2,H2_25_Tub2,H2_25
2026-04-03,Fri,Aiden,P3_H2_25_Tub2_Lacerate 74,7,12,alive,,W7-8,1.714285714,7,1.714285714,H2,25,P3_H2,H2_25_Tub2,H2_25
2026-04-03,Fri,Aiden,P3_H2_25_Tub2_Lacerate 75,7,13,alive,,W7-8,1.857142857,7,1.857142857,H2,25,P3_H2,H2_25_Tub2,H2_25
2026-04-03,Fri,Aiden,PX_H2_25_Tub2_Lacerate 76,4,8,alive,,W7-8,2,4,2,H2,25,PX_H2,H2_25_Tub2,H2_25
2026-04-03,Fri,Aiden,PX_H2_25_Tub2_Lacerate 77,4,7,alive,,W7-8,1.75,4,1.75,H2,25,PX_H2,H2_25_Tub2,H2_25
2026-04-03,Fri,Aiden,PX_H2_25_Tub2_Lacerate 78,4,12,alive,,W7-8,3,4,3,H2,25,PX_H2,H2_25_Tub2,H2_25
2026-04-03,Fri,Aiden,PX_H2_25_Tub2_Lacerate 79,4,12,alive,,W7-8,3,4,3,H2,25,PX_H2,H2_25_Tub2,H2_25
2026-04-03,Fri,Aiden,PX_H2_25_Tub2_Lacerate 80,4,,missing,,W7-8,0,4,0,H2,25,PX_H2,H2_25_Tub2,H2_25
2026-04-03,Fri,Aiden,PX_H2_25_Tub2_Lacerate 81,4,11,alive,,W7-8,2.75,4,2.75,H2,25,PX_H2,H2_25_Tub2,H2_25
2026-04-03,Fri,Aiden,P3_H2_25_Tub2_Lacerate 82,4,10,alive,,W7-8,2.5,4,2.5,H2,25,P3_H2,H2_25_Tub2,H2_25
2026-04-03,Fri,Aiden,P1_H2_25_Tub2_Lacerate 83,2,9,alive,,W7-8,4.5,2,4.5,H2,25,P1_H2,H2_25_Tub2,H2_25
2026-04-03,Fri,Aiden,P1_H2_25_Tub2_Lacerate 84,2,9,alive,,W7-8,4.5,2,4.5,H2,25,P1_H2,H2_25_Tub2,H2_25
2026-04-03,Fri,Aiden,P1_H2_25_Tub2_Lacerate 85,2,7,alive,,W7-8,3.5,2,3.5,H2,25,P1_H2,H2_25_Tub2,H2_25
2026-04-03,Fri,Aiden,P1_H2_25_Tub2_Lacerate 86,2,11,alive,,W7-8,5.5,2,5.5,H2,25,P1_H2,H2_25_Tub2,H2_25
2026-04-03,Fri,Aiden,P2_H2_25_Tub2_Lacerate 87,2,,missing,,W7-8,0,2,0,H2,25,P2_H2,H2_25_Tub2,H2_25
2026-04-03,Fri,Aiden,P2_H2_25_Tub2_Lacerate 88,2,,missing,,W7-8,0,2,0,H2,25,P2_H2,H2_25_Tub2,H2_25
2026-04-03,Fri,Aiden,P2_H2_25_Tub2_Lacerate 89,0,6,alive,,W7-8,#N/A,1,6,H2,25,P2_H2,H2_25_Tub2,H2_25
2026-04-03,Fri,Aiden,P3_H2_25_Tub2_Lacerate 90,0,5,alive,,W7-8,#N/A,1,5,H2,25,P3_H2,H2_25_Tub2,H2_25
2026-04-03,Fri,Aiden,P3_H2_25_Tub2_Lacerate 91,0,7,alive,,W7-8,#N/A,1,7,H2,25,P3_H2,H2_25_Tub2,H2_25
2026-04-03,Fri,Aiden,P3_H2_25_Tub2_Lacerate 92,0,4,alive,,W7-8,#N/A,1,4,H2,25,P3_H2,H2_25_Tub2,H2_25
2026-04-03,Fri,Aiden,P3_H2_25_Tub2_Lacerate 93,0,6,alive,,W7-8,#N/A,1,6,H2,25,P3_H2,H2_25_Tub2,H2_25
2026-04-03,Fri,Aiden,P3_H2_25_Tub2_Lacerate 94,0,8,alive,,W7-8,#N/A,1,8,H2,25,P3_H2,H2_25_Tub2,H2_25
2026-04-03,Fri,Aiden,P1_H2_25_Tub3_Lacerate 60,9,9,alive,,W7-8,1,9,1,H2,25,P1_H2,H2_25_Tub3,H2_25
2026-04-03,Fri,Aiden,P1_H2_25_Tub3_Lacerate 61,9,13,alive,,W7-8,1.444444444,9,1.444444444,H2,25,P1_H2,H2_25_Tub3,H2_25
2026-04-03,Fri,Aiden,P2_H2_25_Tub3_Lacerate 62,9,3,alive,,W7-8,0.3333333333,9,0.3333333333,H2,25,P2_H2,H2_25_Tub3,H2_25
2026-04-03,Fri,Aiden,P2_H2_25_Tub3_Lacerate 63,7,11,alive,,W7-8,1.571428571,7,1.571428571,H2,25,P2_H2,H2_25_Tub3,H2_25
2026-04-03,Fri,Aiden,P2_H2_25_Tub3_Lacerate 64,7,9,alive,,W7-8,1.285714286,7,1.285714286,H2,25,P2_H2,H2_25_Tub3,H2_25
2026-04-03,Fri,Aiden,P3_H2_25_Tub3_Lacerate 65,7,13,alive,,W7-8,1.857142857,7,1.857142857,H2,25,P3_H2,H2_25_Tub3,H2_25
2026-04-03,Fri,Aiden,P3_H2_25_Tub3_Lacerate 66,4,11,alive,,W7-8,2.75,4,2.75,H2,25,P3_H2,H2_25_Tub3,H2_25
2026-04-03,Fri,Aiden,P3_H2_25_Tub3_Lacerate 67,4,9,alive,,W7-8,2.25,4,2.25,H2,25,P3_H2,H2_25_Tub3,H2_25
2026-04-03,Fri,Aiden,P3_H2_25_Tub3_Lacerate 68,4,14,alive,,W7-8,3.5,4,3.5,H2,25,P3_H2,H2_25_Tub3,H2_25
2026-04-03,Fri,Aiden,PX_H2_25_Tub3_Lacerate 69,4,10,alive,,W7-8,2.5,4,2.5,H2,25,PX_H2,H2_25_Tub3,H2_25
2026-04-03,Fri,Aiden,PX_H2_25_Tub3_Lacerate 70,4,8,alive,,W7-8,2,4,2,H2,25,PX_H2,H2_25_Tub3,H2_25
2026-04-03,Fri,Aiden,PX_H2_25_Tub3_Lacerate 71,4,11,alive,,W7-8,2.75,4,2.75,H2,25,PX_H2,H2_25_Tub3,H2_25
2026-04-03,Fri,Aiden,PX_H2_25_Tub3_Lacerate 72,4,11,alive,,W7-8,2.75,4,2.75,H2,25,PX_H2,H2_25_Tub3,H2_25
2026-04-03,Fri,Aiden,PX_H2_25_Tub3_Lacerate 73,4,9,alive,,W7-8,2.25,4,2.25,H2,25,PX_H2,H2_25_Tub3,H2_25
2026-04-03,Fri,Aiden,PX_H2_25_Tub3_Lacerate 74,4,12,alive,,W7-8,3,4,3,H2,25,PX_H2,H2_25_Tub3,H2_25
2026-04-03,Fri,Aiden,PX_H2_25_Tub3_Lacerate 75,4,10,alive,,W7-8,2.5,4,2.5,H2,25,PX_H2,H2_25_Tub3,H2_25
2026-04-03,Fri,Aiden,PX_H2_25_Tub3_Lacerate 76,4,8,alive,,W7-8,2,4,2,H2,25,PX_H2,H2_25_Tub3,H2_25
2026-04-03,Fri,Aiden,PX_H2_25_Tub3_Lacerate 77,4,11,alive,,W7-8,2.75,4,2.75,H2,25,PX_H2,H2_25_Tub3,H2_25
2026-04-03,Fri,Aiden,PX_H2_25_Tub3_Lacerate 78,4,11,alive,,W7-8,2.75,4,2.75,H2,25,PX_H2,H2_25_Tub3,H2_25
2026-04-03,Fri,Aiden,PX_H2_25_Tub3_Lacerate 79,4,9,alive,,W7-8,2.25,4,2.25,H2,25,PX_H2,H2_25_Tub3,H2_25
2026-04-03,Fri,Aiden,PX_H2_25_Tub3_Lacerate 80,4,9,alive,,W7-8,2.25,4,2.25,H2,25,PX_H2,H2_25_Tub3,H2_25
2026-04-03,Fri,Aiden,PX_H2_25_Tub3_Lacerate 81,4,12,alive,,W7-8,3,4,3,H2,25,PX_H2,H2_25_Tub3,H2_25
2026-04-03,Fri,Aiden,P2_H2_25_Tub3_Lacerate 82,4,14,alive,,W7-8,3.5,4,3.5,H2,25,P2_H2,H2_25_Tub3,H2_25
2026-04-03,Fri,Aiden,P2_H2_25_Tub3_Lacerate 83,4,8,alive,,W7-8,2,4,2,H2,25,P2_H2,H2_25_Tub3,H2_25
2026-04-03,Fri,Aiden,P1_H2_25_Tub3_Lacerate 84,4,12,alive,,W7-8,3,4,3,H2,25,P1_H2,H2_25_Tub3,H2_25
2026-04-03,Fri,Aiden,P1_H2_25_Tub3_Lacerate 85,2,5,alive,,W7-8,2.5,2,2.5,H2,25,P1_H2,H2_25_Tub3,H2_25
2026-04-03,Fri,Aiden,PX_H2_25_Tub3_Lacerate 86,2,11,alive,,W7-8,5.5,2,5.5,H2,25,PX_H2,H2_25_Tub3,H2_25
2026-04-03,Fri,Aiden,PX_H2_25_Tub3_Lacerate 87,2,12,alive,,W7-8,6,2,6,H2,25,PX_H2,H2_25_Tub3,H2_25
2026-04-03,Fri,Aiden,PX_H2_25_Tub3_Lacerate 88,2,11,alive,,W7-8,5.5,2,5.5,H2,25,PX_H2,H2_25_Tub3,H2_25
2026-04-03,Fri,Aiden,P3_H2_25_Tub3_Lacerate 89,2,10,alive,,W7-8,5,2,5,H2,25,P3_H2,H2_25_Tub3,H2_25
2026-04-03,Fri,Aiden,PX_H2_25_Tub3_Lacerate 90,0,4,alive,,W7-8,#N/A,1,4,H2,25,PX_H2,H2_25_Tub3,H2_25
2026-04-03,Fri,Aiden,PX_H2_25_Tub3_Lacerate 91,0,7,alive,,W7-8,#N/A,1,7,H2,25,PX_H2,H2_25_Tub3,H2_25
2026-04-03,Fri,Aiden,PX_H2_25_Tub3_Lacerate 92,0,6,alive,,W7-8,#N/A,1,6,H2,25,PX_H2,H2_25_Tub3,H2_25
2026-04-03,Fri,Aiden,PX_H2_25_Tub3_Lacerate 93,0,3,alive,,W7-8,#N/A,1,3,H2,25,PX_H2,H2_25_Tub3,H2_25
2026-04-03,Fri,Aiden,PX_H2_25_Tub3_Lacerate 94,0,7,alive,,W7-8,#N/A,1,7,H2,25,PX_H2,H2_25_Tub3,H2_25
2026-04-03,Fri,Aiden,PX_H2_25_Tub3_Lacerate 95,0,5,alive,,W7-8,#N/A,1,5,H2,25,PX_H2,H2_25_Tub3,H2_25
2026-04-03,Fri,Aiden,PX_H2_25_Tub3_Lacerate 96,0,8,alive,,W7-8,#N/A,1,8,H2,25,PX_H2,H2_25_Tub3,H2_25
2026-04-03,Fri,Aiden,P1_VWA_25_Tub1_Lacerate 92,9,13,alive,,W7-8,1.444444444,9,1.444444444,VWA,25,P1_VWA,VWA_25_Tub1,VWA_25
2026-04-03,Fri,Aiden,PX_VWA_25_Tub1_Lacerate 93,7,10,alive,,W7-8,1.428571429,7,1.428571429,VWA,25,PX_VWA,VWA_25_Tub1,VWA_25
2026-04-03,Fri,Aiden,P3_VWA_25_Tub1_Lacerate 94,7,13,alive,,W7-8,1.857142857,7,1.857142857,VWA,25,P3_VWA,VWA_25_Tub1,VWA_25
2026-04-03,Fri,Aiden,P1_VWA_25_Tub1_Lacerate 95,7,13,alive,,W7-8,1.857142857,7,1.857142857,VWA,25,P1_VWA,VWA_25_Tub1,VWA_25
2026-04-03,Fri,Aiden,PX_VWA_25_Tub1_Lacerate 96,7,11,alive,,W7-8,1.571428571,7,1.571428571,VWA,25,PX_VWA,VWA_25_Tub1,VWA_25
2026-04-03,Fri,Aiden,P2_VWA_25_Tub1_Lacerate 97,7,12,alive,,W7-8,1.714285714,7,1.714285714,VWA,25,P2_VWA,VWA_25_Tub1,VWA_25
2026-04-03,Fri,Aiden,P2_VWA_25_Tub1_Lacerate 98,7,12,alive,,W7-8,1.714285714,7,1.714285714,VWA,25,P2_VWA,VWA_25_Tub1,VWA_25
2026-04-03,Fri,Aiden,PX_VWA_25_Tub1_Lacerate 99,4,12,alive,,W7-8,3,4,3,VWA,25,PX_VWA,VWA_25_Tub1,VWA_25
2026-04-03,Fri,Aiden,PX_VWA_25_Tub1_Lacerate 100,4,9,alive,,W7-8,2.25,4,2.25,VWA,25,PX_VWA,VWA_25_Tub1,VWA_25
2026-04-03,Fri,Aiden,PX_VWA_25_Tub1_Lacerate 101,4,13,alive,,W7-8,3.25,4,3.25,VWA,25,PX_VWA,VWA_25_Tub1,VWA_25
2026-04-03,Fri,Aiden,PX_VWA_25_Tub1_Lacerate 102,4,12,alive,,W7-8,3,4,3,VWA,25,PX_VWA,VWA_25_Tub1,VWA_25
2026-04-03,Fri,Aiden,PX_VWA_25_Tub1_Lacerate 103,4,9,alive,,W7-8,2.25,4,2.25,VWA,25,PX_VWA,VWA_25_Tub1,VWA_25
2026-04-03,Fri,Aiden,PX_VWA_25_Tub1_Lacerate 104,4,13,alive,,W7-8,3.25,4,3.25,VWA,25,PX_VWA,VWA_25_Tub1,VWA_25
2026-04-03,Fri,Aiden,PX_VWA_25_Tub1_Lacerate 105,4,8,alive,,W7-8,2,4,2,VWA,25,PX_VWA,VWA_25_Tub1,VWA_25
2026-04-03,Fri,Aiden,PX_VWA_25_Tub1_Lacerate 106,4,0,alive,,W7-8,0,4,0,VWA,25,PX_VWA,VWA_25_Tub1,VWA_25
2026-04-03,Fri,Aiden,PX_VWA_25_Tub1_Lacerate 107,4,0,alive,,W7-8,0,4,0,VWA,25,PX_VWA,VWA_25_Tub1,VWA_25
2026-04-03,Fri,Aiden,PX_VWA_25_Tub1_Lacerate 108,4,13,alive,,W7-8,3.25,4,3.25,VWA,25,PX_VWA,VWA_25_Tub1,VWA_25
2026-04-03,Fri,Aiden,P2_VWA_25_Tub1_Lacerate 109,4,0,alive,,W7-8,0,4,0,VWA,25,P2_VWA,VWA_25_Tub1,VWA_25
2026-04-03,Fri,Aiden,P2_VWA_25_Tub1_Lacerate 110,4,0,alive,,W7-8,0,4,0,VWA,25,P2_VWA,VWA_25_Tub1,VWA_25
2026-04-03,Fri,Aiden,P2_VWA_25_Tub1_Lacerate 111,4,0,alive,,W7-8,0,4,0,VWA,25,P2_VWA,VWA_25_Tub1,VWA_25
2026-04-03,Fri,Aiden,P2_VWA_25_Tub1_Lacerate 112,4,7,alive,,W7-8,1.75,4,1.75,VWA,25,P2_VWA,VWA_25_Tub1,VWA_25
2026-04-03,Fri,Aiden,P1_VWA_25_Tub1_Lacerate 113,2,8,alive,,W7-8,4,2,4,VWA,25,P1_VWA,VWA_25_Tub1,VWA_25
2026-04-03,Fri,Aiden,P1_VWA_25_Tub1_Lacerate 114,2,0,alive,,W7-8,0,2,0,VWA,25,P1_VWA,VWA_25_Tub1,VWA_25
2026-04-03,Fri,Aiden,P1_VWA_25_Tub1_Lacerate 115,2,0,alive,,W7-8,0,2,0,VWA,25,P1_VWA,VWA_25_Tub1,VWA_25
2026-04-03,Fri,Aiden,P1_VWA_25_Tub1_Lacerate 116,2,0,alive,,W7-8,0,2,0,VWA,25,P1_VWA,VWA_25_Tub1,VWA_25
2026-04-03,Fri,Aiden,P1_VWA_25_Tub1_Lacerate 117,2,0,alive,,W7-8,0,2,0,VWA,25,P1_VWA,VWA_25_Tub1,VWA_25
2026-04-03,Fri,Aiden,P1_VWA_25_Tub1_Lacerate 118,2,0,alive,,W7-8,0,2,0,VWA,25,P1_VWA,VWA_25_Tub1,VWA_25
2026-04-03,Fri,Aiden,P1_VWA_25_Tub1_Lacerate 119,2,0,alive,,W7-8,0,2,0,VWA,25,P1_VWA,VWA_25_Tub1,VWA_25
2026-04-03,Fri,Aiden,P1_VWA_25_Tub1_Lacerate 120,2,0,alive,,W7-8,0,2,0,VWA,25,P1_VWA,VWA_25_Tub1,VWA_25
2026-04-03,Fri,Aiden,P1_VWA_25_Tub1_Lacerate 121,2,0,alive,,W7-8,0,2,0,VWA,25,P1_VWA,VWA_25_Tub1,VWA_25
2026-04-03,Fri,Aiden,P1_VWA_25_Tub1_Lacerate 122,2,10,alive,,W7-8,5,2,5,VWA,25,P1_VWA,VWA_25_Tub1,VWA_25
2026-04-03,Fri,Aiden,PX_VWA_25_Tub1_Lacerate 123,2,9,alive,,W7-8,4.5,2,4.5,VWA,25,PX_VWA,VWA_25_Tub1,VWA_25
2026-04-03,Fri,Aiden,P2_VWA_25_Tub1_Lacerate 124,0,6,alive,,W7-8,#N/A,1,6,VWA,25,P2_VWA,VWA_25_Tub1,VWA_25
2026-04-03,Fri,Aiden,P3_VWA_25_Tub2_Lacerate 52,9,9,alive,,W7-8,1,9,1,VWA,25,P3_VWA,VWA_25_Tub2,VWA_25
2026-04-03,Fri,Aiden,P2_VWA_25_Tub2_Lacerate 53,9,11,alive,,W7-8,1.222222222,9,1.222222222,VWA,25,P2_VWA,VWA_25_Tub2,VWA_25
2026-04-03,Fri,Aiden,P1_VWA_25_Tub2_Lacerate 54,7,0,alive,,W7-8,0,7,0,VWA,25,P1_VWA,VWA_25_Tub2,VWA_25
2026-04-03,Fri,Aiden,PX_VWA_25_Tub2_Lacerate 55,7,13,alive,,W7-8,1.857142857,7,1.857142857,VWA,25,PX_VWA,VWA_25_Tub2,VWA_25
2026-04-03,Fri,Aiden,P2_VWA_25_Tub2_Lacerate 56,4,11,alive,,W7-8,2.75,4,2.75,VWA,25,P2_VWA,VWA_25_Tub2,VWA_25
2026-04-03,Fri,Aiden,P2_VWA_25_Tub2_Lacerate 57,4,8,alive,,W7-8,2,4,2,VWA,25,P2_VWA,VWA_25_Tub2,VWA_25
2026-04-03,Fri,Aiden,P2_VWA_25_Tub2_Lacerate 58,4,12,alive,,W7-8,3,4,3,VWA,25,P2_VWA,VWA_25_Tub2,VWA_25
2026-04-03,Fri,Aiden,P2_VWA_25_Tub2_Lacerate 59,4,0,alive,,W7-8,0,4,0,VWA,25,P2_VWA,VWA_25_Tub2,VWA_25
2026-04-03,Fri,Aiden,P1_VWA_25_Tub2_Lacerate 60,4,13,alive,,W7-8,3.25,4,3.25,VWA,25,P1_VWA,VWA_25_Tub2,VWA_25
2026-04-03,Fri,Aiden,PX_VWA_25_Tub2_Lacerate 61,4,12,alive,,W7-8,3,4,3,VWA,25,PX_VWA,VWA_25_Tub2,VWA_25
2026-04-03,Fri,Aiden,PX_VWA_25_Tub2_Lacerate 62,2,13,alive,,W7-8,6.5,2,6.5,VWA,25,PX_VWA,VWA_25_Tub2,VWA_25
2026-04-03,Fri,Aiden,PX_VWA_25_Tub2_Lacerate 63,2,10,alive,,W7-8,5,2,5,VWA,25,PX_VWA,VWA_25_Tub2,VWA_25
2026-04-03,Fri,Aiden,PX_VWA_25_Tub2_Lacerate 64,2,9,alive,,W7-8,4.5,2,4.5,VWA,25,PX_VWA,VWA_25_Tub2,VWA_25
2026-04-03,Fri,Aiden,P3_VWA_25_Tub2_Lacerate 65,2,9,alive,,W7-8,4.5,2,4.5,VWA,25,P3_VWA,VWA_25_Tub2,VWA_25
2026-04-03,Fri,Aiden,P3_VWA_25_Tub2_Lacerate 66,2,11,alive,,W7-8,5.5,2,5.5,VWA,25,P3_VWA,VWA_25_Tub2,VWA_25
2026-04-03,Fri,Aiden,P3_VWA_25_Tub2_Lacerate 67,2,14,alive,,W7-8,7,2,7,VWA,25,P3_VWA,VWA_25_Tub2,VWA_25
2026-04-03,Fri,Aiden,P3_VWA_25_Tub2_Lacerate 68,2,0,alive,,W7-8,0,2,0,VWA,25,P3_VWA,VWA_25_Tub2,VWA_25
2026-04-03,Fri,Aiden,P2_VWA_25_Tub2_Lacerate 69,2,10,alive,,W7-8,5,2,5,VWA,25,P2_VWA,VWA_25_Tub2,VWA_25
2026-04-03,Fri,Aiden,P2_VWA_25_Tub2_Lacerate 70,0,12,alive,,W7-8,#N/A,1,12,VWA,25,P2_VWA,VWA_25_Tub2,VWA_25
2026-04-03,Fri,Aiden,PX_VWA_25_Tub3_Lacerate 68,9,,missing,,W7-8,0,9,0,VWA,25,PX_VWA,VWA_25_Tub3,VWA_25
2026-04-03,Fri,Aiden,P1_VWA_25_Tub3_Lacerate 69,4,5,alive,,W7-8,1.25,4,1.25,VWA,25,P1_VWA,VWA_25_Tub3,VWA_25
2026-04-03,Fri,Aiden,PX_VWA_25_Tub3_Lacerate 70,4,11,alive,,W7-8,2.75,4,2.75,VWA,25,PX_VWA,VWA_25_Tub3,VWA_25
2026-04-03,Fri,Aiden,P2_VWA_25_Tub3_Lacerate 71,4,10,alive,,W7-8,2.5,4,2.5,VWA,25,P2_VWA,VWA_25_Tub3,VWA_25
2026-04-03,Fri,Aiden,P2_VWA_25_Tub3_Lacerate 72,4,10,alive,,W7-8,2.5,4,2.5,VWA,25,P2_VWA,VWA_25_Tub3,VWA_25
2026-04-03,Fri,Aiden,PX_VWA_25_Tub3_Lacerate 73,4,7,alive,,W7-8,1.75,4,1.75,VWA,25,PX_VWA,VWA_25_Tub3,VWA_25
2026-04-03,Fri,Aiden,PX_VWA_25_Tub3_Lacerate 74,2,7,alive,,W7-8,3.5,2,3.5,VWA,25,PX_VWA,VWA_25_Tub3,VWA_25
2026-04-03,Fri,Aiden,PX_VWA_25_Tub3_Lacerate 75,2,10,alive,,W7-8,5,2,5,VWA,25,PX_VWA,VWA_25_Tub3,VWA_25
2026-04-03,Fri,Aiden,PX_VWA_25_Tub3_Lacerate 76,2,5,alive,,W7-8,2.5,2,2.5,VWA,25,PX_VWA,VWA_25_Tub3,VWA_25
2026-04-03,Fri,Aiden,PX_VWA_25_Tub3_Lacerate 77,2,3,alive,,W7-8,1.5,2,1.5,VWA,25,PX_VWA,VWA_25_Tub3,VWA_25
2026-04-03,Fri,Aiden,PX_VWA_25_Tub3_Lacerate 78,2,8,alive,,W7-8,4,2,4,VWA,25,PX_VWA,VWA_25_Tub3,VWA_25
2026-04-03,Fri,Aiden,P1_VWA_25_Tub3_Lacerate 79,2,12,alive,,W7-8,6,2,6,VWA,25,P1_VWA,VWA_25_Tub3,VWA_25
2026-04-03,Fri,Aiden,P1_VWA_25_Tub3_Lacerate 80,2,4,alive,,W7-8,2,2,2,VWA,25,P1_VWA,VWA_25_Tub3,VWA_25
2026-04-03,Fri,Aiden,P1_VWA_25_Tub3_Lacerate 81,0,5,alive,,W7-8,#N/A,1,5,VWA,25,P1_VWA,VWA_25_Tub3,VWA_25
2026-04-03,Fri,Aiden,P1_VWA_25_Tub3_Lacerate 82,0,6,alive,,W7-8,#N/A,1,6,VWA,25,P1_VWA,VWA_25_Tub3,VWA_25
2026-04-03,Fri,Aiden,P1_VWA_25_Tub3_Lacerate 83,0,5,alive,,W7-8,#N/A,1,5,VWA,25,P1_VWA,VWA_25_Tub3,VWA_25
2026-04-03,Fri,Aiden,PX_H2_32_Tub1_Lacerate 89,7,9,alive,,W7-8,1.285714286,7,1.285714286,H2,32,PX_H2,H2_32_Tub1,H2_32
2026-04-03,Fri,Aiden,P1_H2_32_Tub1_Lacerate 90,4,11,alive,,W7-8,2.75,4,2.75,H2,32,P1_H2,H2_32_Tub1,H2_32
2026-04-03,Fri,Aiden,P1_H2_32_Tub1_Lacerate 91,4,10,alive,,W7-8,2.5,4,2.5,H2,32,P1_H2,H2_32_Tub1,H2_32
2026-04-03,Fri,Aiden,P1_H2_32_Tub1_Lacerate 92,4,10,alive,,W7-8,2.5,4,2.5,H2,32,P1_H2,H2_32_Tub1,H2_32
2026-04-03,Fri,Aiden,P1_H2_32_Tub1_Lacerate 93,2,7,alive,,W7-8,3.5,2,3.5,H2,32,P1_H2,H2_32_Tub1,H2_32
2026-04-03,Fri,Aiden,P1_H2_32_Tub1_Lacerate 94,2,5,alive,,W7-8,2.5,2,2.5,H2,32,P1_H2,H2_32_Tub1,H2_32
2026-04-03,Fri,Aiden,P3_H2_32_Tub1_Lacerate 95,2,8,alive,,W7-8,4,2,4,H2,32,P3_H2,H2_32_Tub1,H2_32
2026-04-03,Fri,Aiden,P2_H2_32_Tub2_Lacerate 88,9,12,alive,,W7-8,1.333333333,9,1.333333333,H2,32,P2_H2,H2_32_Tub2,H2_32
2026-04-03,Fri,Aiden,P2_H2_32_Tub2_Lacerate 89,9,12,alive,,W7-8,1.333333333,9,1.333333333,H2,32,P2_H2,H2_32_Tub2,H2_32
2026-04-03,Fri,Aiden,P2_H2_32_Tub2_Lacerate 90,9,12,alive,,W7-8,1.333333333,9,1.333333333,H2,32,P2_H2,H2_32_Tub2,H2_32
2026-04-03,Fri,Aiden,P2_H2_32_Tub2_Lacerate 91,9,12,alive,,W7-8,1.333333333,9,1.333333333,H2,32,P2_H2,H2_32_Tub2,H2_32
2026-04-03,Fri,Aiden,P2_H2_32_Tub2_Lacerate 92,9,10,alive,,W7-8,1.111111111,9,1.111111111,H2,32,P2_H2,H2_32_Tub2,H2_32
2026-04-03,Fri,Aiden,P3_H2_32_Tub2_Lacerate 93,7,11,alive,,W7-8,1.571428571,7,1.571428571,H2,32,P3_H2,H2_32_Tub2,H2_32
2026-04-03,Fri,Aiden,P3_H2_32_Tub2_Lacerate 94,7,9,alive,,W7-8,1.285714286,7,1.285714286,H2,32,P3_H2,H2_32_Tub2,H2_32
2026-04-03,Fri,Aiden,P3_H2_32_Tub2_Lacerate 95,7,10,alive,,W7-8,1.428571429,7,1.428571429,H2,32,P3_H2,H2_32_Tub2,H2_32
2026-04-03,Fri,Aiden,P3_H2_32_Tub2_Lacerate 96,7,9,alive,,W7-8,1.285714286,7,1.285714286,H2,32,P3_H2,H2_32_Tub2,H2_32
2026-04-03,Fri,Aiden,PX_H2_32_Tub2_Lacerate 97,4,10,alive,,W7-8,2.5,4,2.5,H2,32,PX_H2,H2_32_Tub2,H2_32
2026-04-03,Fri,Aiden,P1_H2_32_Tub2_Lacerate 98,4,5,alive,,W7-8,1.25,4,1.25,H2,32,P1_H2,H2_32_Tub2,H2_32
2026-04-03,Fri,Aiden,P1_H2_32_Tub2_Lacerate 99,4,7,alive,,W7-8,1.75,4,1.75,H2,32,P1_H2,H2_32_Tub2,H2_32
2026-04-03,Fri,Aiden,PX_H2_32_Tub2_Lacerate 100,2,9,alive,,W7-8,4.5,2,4.5,H2,32,PX_H2,H2_32_Tub2,H2_32
2026-04-03,Fri,Aiden,PX_H2_32_Tub2_Lacerate 101,2,11,alive,,W7-8,5.5,2,5.5,H2,32,PX_H2,H2_32_Tub2,H2_32
2026-04-03,Fri,Aiden,PX_H2_32_Tub2_Lacerate 102,2,9,alive,,W7-8,4.5,2,4.5,H2,32,PX_H2,H2_32_Tub2,H2_32
2026-04-03,Fri,Aiden,PX_H2_32_Tub2_Lacerate 103,0,4,alive,,W7-8,#N/A,1,4,H2,32,PX_H2,H2_32_Tub2,H2_32
2026-04-03,Fri,Aiden,PX_H2_32_Tub2_Lacerate 104,0,6,alive,,W7-8,#N/A,1,6,H2,32,PX_H2,H2_32_Tub2,H2_32
2026-04-03,Fri,Aiden,P1_H2_32_Tub3_Lacerate 81,9,,missing,,W7-8,0,9,0,H2,32,P1_H2,H2_32_Tub3,H2_32
2026-04-03,Fri,Aiden,P1_H2_32_Tub3_Lacerate 82,9,,missing,,W7-8,0,9,0,H2,32,P1_H2,H2_32_Tub3,H2_32
2026-04-03,Fri,Aiden,P3_H2_32_Tub3_Lacerate 83,9,10,alive,,W7-8,1.111111111,9,1.111111111,H2,32,P3_H2,H2_32_Tub3,H2_32
2026-04-03,Fri,Aiden,P3_H2_32_Tub3_Lacerate 84,9,0,alive,,W7-8,0,9,0,H2,32,P3_H2,H2_32_Tub3,H2_32
2026-04-03,Fri,Aiden,P3_H2_32_Tub3_Lacerate 85,9,6,alive,,W7-8,0.6666666667,9,0.6666666667,H2,32,P3_H2,H2_32_Tub3,H2_32
2026-04-03,Fri,Aiden,P3_H2_32_Tub3_Lacerate 86,9,10,alive,,W7-8,1.111111111,9,1.111111111,H2,32,P3_H2,H2_32_Tub3,H2_32
2026-04-03,Fri,Aiden,P1_H2_32_Tub3_Lacerate 87,7,0,alive,,W7-8,0,7,0,H2,32,P1_H2,H2_32_Tub3,H2_32
2026-04-03,Fri,Aiden,P2_H2_32_Tub3_Lacerate 88,7,14,alive,,W7-8,2,7,2,H2,32,P2_H2,H2_32_Tub3,H2_32
2026-04-03,Fri,Aiden,P3_H2_32_Tub3_Lacerate 89,7,7,alive,,W7-8,1,7,1,H2,32,P3_H2,H2_32_Tub3,H2_32
2026-04-03,Fri,Aiden,P3_H2_32_Tub3_Lacerate 90,7,9,alive,,W7-8,1.285714286,7,1.285714286,H2,32,P3_H2,H2_32_Tub3,H2_32
2026-04-03,Fri,Aiden,P3_H2_32_Tub3_Lacerate 91,7,12,alive,,W7-8,1.714285714,7,1.714285714,H2,32,P3_H2,H2_32_Tub3,H2_32
2026-04-03,Fri,Aiden,P1_H2_32_Tub3_Lacerate 92,4,,missing,,W7-8,0,4,0,H2,32,P1_H2,H2_32_Tub3,H2_32
2026-04-03,Fri,Aiden,P1_H2_32_Tub3_Lacerate 93,4,,missing,,W7-8,0,4,0,H2,32,P1_H2,H2_32_Tub3,H2_32
2026-04-03,Fri,Aiden,P1_H2_32_Tub3_Lacerate 94,4,,missing,,W7-8,0,4,0,H2,32,P1_H2,H2_32_Tub3,H2_32
2026-04-03,Fri,Aiden,P3_H2_32_Tub3_Lacerate 95,4,13,alive,,W7-8,3.25,4,3.25,H2,32,P3_H2,H2_32_Tub3,H2_32
2026-04-03,Fri,Aiden,P3_H2_32_Tub3_Lacerate 96,4,8,alive,,W7-8,2,4,2,H2,32,P3_H2,H2_32_Tub3,H2_32
2026-04-03,Fri,Aiden,P1_H2_32_Tub3_Lacerate 97,4,13,alive,,W7-8,3.25,4,3.25,H2,32,P1_H2,H2_32_Tub3,H2_32
2026-04-03,Fri,Aiden,P2_H2_32_Tub3_Lacerate 98,2,12,alive,,W7-8,6,2,6,H2,32,P2_H2,H2_32_Tub3,H2_32
2026-04-03,Fri,Aiden,P2_H2_32_Tub3_Lacerate 99,2,12,alive,,W7-8,6,2,6,H2,32,P2_H2,H2_32_Tub3,H2_32
2026-04-03,Fri,Aiden,P3_VWA_32_Tub1_Lacerate 75,9,0,alive,,W7-8,0,9,0,VWA,32,P3_VWA,VWA_32_Tub1,VWA_32
2026-04-03,Fri,Aiden,P3_VWA_32_Tub1_Lacerate 76,9,7,alive,,W7-8,0.7777777778,9,0.7777777778,VWA,32,P3_VWA,VWA_32_Tub1,VWA_32
2026-04-03,Fri,Aiden,P3_VWA_32_Tub1_Lacerate 77,9,10,alive,,W7-8,1.111111111,9,1.111111111,VWA,32,P3_VWA,VWA_32_Tub1,VWA_32
2026-04-03,Fri,Aiden,P1_VWA_32_Tub1_Lacerate 78,9,8,alive,,W7-8,0.8888888889,9,0.8888888889,VWA,32,P1_VWA,VWA_32_Tub1,VWA_32
2026-04-03,Fri,Aiden,P3_VWA_32_Tub1_Lacerate 79,9,0,alive,,W7-8,0,9,0,VWA,32,P3_VWA,VWA_32_Tub1,VWA_32
2026-04-03,Fri,Aiden,P2_VWA_32_Tub1_Lacerate 80,9,0,alive,,W7-8,0,9,0,VWA,32,P2_VWA,VWA_32_Tub1,VWA_32
2026-04-03,Fri,Aiden,P2_VWA_32_Tub1_Lacerate 81,9,0,alive,,W7-8,0,9,0,VWA,32,P2_VWA,VWA_32_Tub1,VWA_32
2026-04-03,Fri,Aiden,P2_VWA_32_Tub1_Lacerate 82,7,13,alive,,W7-8,1.857142857,7,1.857142857,VWA,32,P2_VWA,VWA_32_Tub1,VWA_32
2026-04-03,Fri,Aiden,P2_VWA_32_Tub1_Lacerate 83,7,8,alive,,W7-8,1.142857143,7,1.142857143,VWA,32,P2_VWA,VWA_32_Tub1,VWA_32
2026-04-03,Fri,Aiden,P2_VWA_32_Tub1_Lacerate 84,7,12,alive,,W7-8,1.714285714,7,1.714285714,VWA,32,P2_VWA,VWA_32_Tub1,VWA_32
2026-04-03,Fri,Aiden,P2_VWA_32_Tub1_Lacerate 85,7,0,alive,,W7-8,0,7,0,VWA,32,P2_VWA,VWA_32_Tub1,VWA_32
2026-04-03,Fri,Aiden,P2_VWA_32_Tub1_Lacerate 86,7,9,alive,,W7-8,1.285714286,7,1.285714286,VWA,32,P2_VWA,VWA_32_Tub1,VWA_32
2026-04-03,Fri,Aiden,PX_VWA_32_Tub1_Lacerate 87,4,11,alive,,W7-8,2.75,4,2.75,VWA,32,PX_VWA,VWA_32_Tub1,VWA_32
2026-04-03,Fri,Aiden,PX_VWA_32_Tub1_Lacerate 88,4,11,alive,,W7-8,2.75,4,2.75,VWA,32,PX_VWA,VWA_32_Tub1,VWA_32
2026-04-03,Fri,Aiden,PX_VWA_32_Tub1_Lacerate 89,4,6,alive,,W7-8,1.5,4,1.5,VWA,32,PX_VWA,VWA_32_Tub1,VWA_32
2026-04-03,Fri,Aiden,PX_VWA_32_Tub1_Lacerate 90,2,13,alive,,W7-8,6.5,2,6.5,VWA,32,PX_VWA,VWA_32_Tub1,VWA_32
2026-04-03,Fri,Aiden,P2_VWA_32_Tub1_Lacerate 91,2,0,alive,,W7-8,0,2,0,VWA,32,P2_VWA,VWA_32_Tub1,VWA_32
2026-04-03,Fri,Aiden,PX_VWA_32_Tub1_Lacerate 92,2,8,alive,,W7-8,4,2,4,VWA,32,PX_VWA,VWA_32_Tub1,VWA_32
2026-04-03,Fri,Aiden,P1_VWA_32_Tub1_Lacerate 93,2,0,alive,,W7-8,0,2,0,VWA,32,P1_VWA,VWA_32_Tub1,VWA_32
2026-04-03,Fri,Aiden,P1_VWA_32_Tub1_Lacerate 94,2,0,alive,,W7-8,0,2,0,VWA,32,P1_VWA,VWA_32_Tub1,VWA_32
2026-04-03,Fri,Aiden,P1_VWA_32_Tub1_Lacerate 95,2,0,alive,,W7-8,0,2,0,VWA,32,P1_VWA,VWA_32_Tub1,VWA_32
2026-04-03,Fri,Aiden,P2_VWA_32_Tub2_Lacerate 41,9,7,alive,,W7-8,0.7777777778,9,0.7777777778,VWA,32,P2_VWA,VWA_32_Tub2,VWA_32
2026-04-03,Fri,Aiden,P2_VWA_32_Tub2_Lacerate 42,9,5,alive,,W7-8,0.5555555556,9,0.5555555556,VWA,32,P2_VWA,VWA_32_Tub2,VWA_32
2026-04-03,Fri,Aiden,P2_VWA_32_Tub2_Lacerate 43,9,9,alive,,W7-8,1,9,1,VWA,32,P2_VWA,VWA_32_Tub2,VWA_32
2026-04-03,Fri,Aiden,P1_VWA_32_Tub2_Lacerate 44,9,0,alive,,W7-8,0,9,0,VWA,32,P1_VWA,VWA_32_Tub2,VWA_32
2026-04-03,Fri,Aiden,P1_VWA_32_Tub2_Lacerate 45,9,9,alive,,W7-8,1,9,1,VWA,32,P1_VWA,VWA_32_Tub2,VWA_32
2026-04-03,Fri,Aiden,P1_VWA_32_Tub2_Lacerate 46,7,0,alive,,W7-8,0,7,0,VWA,32,P1_VWA,VWA_32_Tub2,VWA_32
2026-04-03,Fri,Aiden,P1_VWA_32_Tub2_Lacerate 47,7,6,alive,,W7-8,0.8571428571,7,0.8571428571,VWA,32,P1_VWA,VWA_32_Tub2,VWA_32
2026-04-03,Fri,Aiden,P3_VWA_32_Tub2_Lacerate 48,7,9,alive,,W7-8,1.285714286,7,1.285714286,VWA,32,P3_VWA,VWA_32_Tub2,VWA_32
2026-04-03,Fri,Aiden,P1_VWA_32_Tub2_Lacerate 49,4,0,alive,,W7-8,0,4,0,VWA,32,P1_VWA,VWA_32_Tub2,VWA_32
2026-04-03,Fri,Aiden,P1_VWA_32_Tub2_Lacerate 50,4,0,alive,,W7-8,0,4,0,VWA,32,P1_VWA,VWA_32_Tub2,VWA_32
2026-04-03,Fri,Aiden,P2_VWA_32_Tub2_Lacerate 51,4,5,alive,,W7-8,1.25,4,1.25,VWA,32,P2_VWA,VWA_32_Tub2,VWA_32
2026-04-03,Fri,Aiden,P2_VWA_32_Tub2_Lacerate 52,4,12,alive,,W7-8,3,4,3,VWA,32,P2_VWA,VWA_32_Tub2,VWA_32
2026-04-03,Fri,Aiden,P2_VWA_32_Tub2_Lacerate 53,4,10,alive,,W7-8,2.5,4,2.5,VWA,32,P2_VWA,VWA_32_Tub2,VWA_32
2026-04-03,Fri,Aiden,PX_VWA_32_Tub2_Lacerate 54,4,12,alive,,W7-8,3,4,3,VWA,32,PX_VWA,VWA_32_Tub2,VWA_32
2026-04-03,Fri,Aiden,PX_VWA_32_Tub2_Lacerate 55,4,11,alive,,W7-8,2.75,4,2.75,VWA,32,PX_VWA,VWA_32_Tub2,VWA_32
2026-04-03,Fri,Aiden,P1_VWA_32_Tub2_Lacerate 56,2,0,alive,,W7-8,0,2,0,VWA,32,P1_VWA,VWA_32_Tub2,VWA_32
2026-04-03,Fri,Aiden,P1_VWA_32_Tub2_Lacerate 57,2,0,alive,,W7-8,0,2,0,VWA,32,P1_VWA,VWA_32_Tub2,VWA_32
2026-04-03,Fri,Aiden,P1_VWA_32_Tub2_Lacerate 58,2,0,alive,,W7-8,0,2,0,VWA,32,P1_VWA,VWA_32_Tub2,VWA_32
2026-04-03,Fri,Aiden,P1_VWA_32_Tub2_Lacerate 59,2,0,alive,,W7-8,0,2,0,VWA,32,P1_VWA,VWA_32_Tub2,VWA_32
2026-04-03,Fri,Aiden,P1_VWA_32_Tub2_Lacerate 60,2,0,alive,,W7-8,0,2,0,VWA,32,P1_VWA,VWA_32_Tub2,VWA_32
2026-04-03,Fri,Aiden,P1_VWA_32_Tub2_Lacerate 61,2,0,alive,,W7-8,0,2,0,VWA,32,P1_VWA,VWA_32_Tub2,VWA_32
2026-04-03,Fri,Aiden,P1_VWA_32_Tub2_Lacerate 62,2,0,alive,,W7-8,0,2,0,VWA,32,P1_VWA,VWA_32_Tub2,VWA_32
2026-04-03,Fri,Aiden,PX_VWA_32_Tub2_Lacerate 63,2,12,alive,,W7-8,6,2,6,VWA,32,PX_VWA,VWA_32_Tub2,VWA_32
2026-04-03,Fri,Aiden,PX_VWA_32_Tub2_Lacerate 64,2,9,alive,,W7-8,4.5,2,4.5,VWA,32,PX_VWA,VWA_32_Tub2,VWA_32
2026-04-03,Fri,Aiden,P3_VWA_32_Tub2_Lacerate 65,0,0,alive,,W7-8,#N/A,1,0,VWA,32,P3_VWA,VWA_32_Tub2,VWA_32
2026-04-03,Fri,Aiden,P1_VWA_32_Tub3_Lacerate 45,9,10,alive,,W7-8,1.111111111,9,1.111111111,VWA,32,P1_VWA,VWA_32_Tub3,VWA_32
2026-04-03,Fri,Aiden,P2_VWA_32_Tub3_Lacerate 46,4,17,alive,,W7-8,4.25,4,4.25,VWA,32,P2_VWA,VWA_32_Tub3,VWA_32
2026-04-03,Fri,Aiden,P3_VWA_32_Tub3_Lacerate 47,4,0,alive,,W7-8,0,4,0,VWA,32,P3_VWA,VWA_32_Tub3,VWA_32
2026-04-03,Fri,Aiden,P3_VWA_32_Tub3_Lacerate 48,4,9,alive,,W7-8,2.25,4,2.25,VWA,32,P3_VWA,VWA_32_Tub3,VWA_32
2026-04-03,Fri,Aiden,P2_VWA_32_Tub3_Lacerate 49,2,7,alive,,W7-8,3.5,2,3.5,VWA,32,P2_VWA,VWA_32_Tub3,VWA_32
2026-04-03,Fri,Aiden,P1_VWA_32_Tub3_Lacerate 50,2,5,alive,,W7-8,2.5,2,2.5,VWA,32,P1_VWA,VWA_32_Tub3,VWA_32
2026-04-03,Fri,Aiden,P2_VWA_32_Tub3_Lacerate 51,0,6,alive,,W7-8,#N/A,1,6,VWA,32,P2_VWA,VWA_32_Tub3,VWA_32
2026-04-06,Mon,Grady,P1_H2_25_Tub1_Lacerate 109,10,18,alive,,W7-8,1.8,10,1.8,H2,25,P1_H2,H2_25_Tub1,H2_25
2026-04-06,Mon,Grady,P1_H2_25_Tub1_Lacerate 110,10,15,alive,,W7-8,1.5,10,1.5,H2,25,P1_H2,H2_25_Tub1,H2_25
2026-04-06,Mon,Grady,P1_H2_25_Tub1_Lacerate 111,10,7,alive,,W7-8,0.7,10,0.7,H2,25,P1_H2,H2_25_Tub1,H2_25
2026-04-06,Mon,Grady,P1_H2_25_Tub1_Lacerate 112,10,10,alive,,W7-8,1,10,1,H2,25,P1_H2,H2_25_Tub1,H2_25
2026-04-06,Mon,Grady,P3_H2_25_Tub1_Lacerate 113,10,13,alive,,W7-8,1.3,10,1.3,H2,25,P3_H2,H2_25_Tub1,H2_25
2026-04-06,Mon,Grady,P3_H2_25_Tub1_Lacerate 114,10,10,alive,,W7-8,1,10,1,H2,25,P3_H2,H2_25_Tub1,H2_25
2026-04-06,Mon,Grady,P2_H2_25_Tub1_Lacerate 115,10,15,alive,,W7-8,1.5,10,1.5,H2,25,P2_H2,H2_25_Tub1,H2_25
2026-04-06,Mon,Grady,P2_H2_25_Tub1_Lacerate 116,10,11,alive,,W7-8,1.1,10,1.1,H2,25,P2_H2,H2_25_Tub1,H2_25
2026-04-06,Mon,Grady,P2_H2_25_Tub1_Lacerate 117,10,7,alive,,W7-8,0.7,10,0.7,H2,25,P2_H2,H2_25_Tub1,H2_25
2026-04-06,Mon,Grady,P2_H2_25_Tub1_Lacerate 118,10,7,alive,,W7-8,0.7,10,0.7,H2,25,P2_H2,H2_25_Tub1,H2_25
2026-04-06,Mon,Grady,PX_H2_25_Tub1_Lacerate 119,7,14,alive,,W7-8,2,7,2,H2,25,PX_H2,H2_25_Tub1,H2_25
2026-04-06,Mon,Grady,PX_H2_25_Tub1_Lacerate 120,7,16,alive,,W7-8,2.285714286,7,2.285714286,H2,25,PX_H2,H2_25_Tub1,H2_25
2026-04-06,Mon,Grady,PX_H2_25_Tub1_Lacerate 121,7,16,alive,,W7-8,2.285714286,7,2.285714286,H2,25,PX_H2,H2_25_Tub1,H2_25
2026-04-06,Mon,Grady,PX_H2_25_Tub1_Lacerate 122,7,13,alive,,W7-8,1.857142857,7,1.857142857,H2,25,PX_H2,H2_25_Tub1,H2_25
2026-04-06,Mon,Grady,PX_H2_25_Tub1_Lacerate 123,7,13,alive,,W7-8,1.857142857,7,1.857142857,H2,25,PX_H2,H2_25_Tub1,H2_25
2026-04-06,Mon,Grady,PX_H2_25_Tub1_Lacerate 124,7,0,alive,,W7-8,0,7,0,H2,25,PX_H2,H2_25_Tub1,H2_25
2026-04-06,Mon,Grady,PX_H2_25_Tub1_Lacerate 125,7,13,alive,,W7-8,1.857142857,7,1.857142857,H2,25,PX_H2,H2_25_Tub1,H2_25
2026-04-06,Mon,Grady,P3_H2_25_Tub1_Lacerate 126,7,6,alive,,W7-8,0.8571428571,7,0.8571428571,H2,25,P3_H2,H2_25_Tub1,H2_25
2026-04-06,Mon,Grady,P3_H2_25_Tub1_Lacerate 127,7,11,alive,,W7-8,1.571428571,7,1.571428571,H2,25,P3_H2,H2_25_Tub1,H2_25
2026-04-06,Mon,Grady,P3_H2_25_Tub1_Lacerate 128,7,15,alive,,W7-8,2.142857143,7,2.142857143,H2,25,P3_H2,H2_25_Tub1,H2_25
2026-04-06,Mon,Grady,P3_H2_25_Tub1_Lacerate 129,7,16,alive,,W7-8,2.285714286,7,2.285714286,H2,25,P3_H2,H2_25_Tub1,H2_25
2026-04-06,Mon,Grady,PX_H2_25_Tub1_Lacerate 130,7,8,alive,,W7-8,1.142857143,7,1.142857143,H2,25,PX_H2,H2_25_Tub1,H2_25
2026-04-06,Mon,Grady,PX_H2_25_Tub1_Lacerate 131,7,11,alive,,W7-8,1.571428571,7,1.571428571,H2,25,PX_H2,H2_25_Tub1,H2_25
2026-04-06,Mon,Grady,PX_H2_25_Tub1_Lacerate 132,7,10,alive,,W7-8,1.428571429,7,1.428571429,H2,25,PX_H2,H2_25_Tub1,H2_25
2026-04-06,Mon,Grady,PX_H2_25_Tub1_Lacerate 133,7,14,alive,,W7-8,2,7,2,H2,25,PX_H2,H2_25_Tub1,H2_25
2026-04-06,Mon,Grady,P2_H2_25_Tub1_Lacerate 134,5,10,alive,,W7-8,2,5,2,H2,25,P2_H2,H2_25_Tub1,H2_25
2026-04-06,Mon,Grady,P2_H2_25_Tub1_Lacerate 135,5,12,alive,,W7-8,2.4,5,2.4,H2,25,P2_H2,H2_25_Tub1,H2_25
2026-04-06,Mon,Grady,PX_H2_25_Tub1_Lacerate 136,5,4,alive,,W7-8,0.8,5,0.8,H2,25,PX_H2,H2_25_Tub1,H2_25
2026-04-06,Mon,Grady,PX_H2_25_Tub1_Lacerate 137,5,13,alive,,W7-8,2.6,5,2.6,H2,25,PX_H2,H2_25_Tub1,H2_25
2026-04-06,Mon,Grady,PX_H2_25_Tub1_Lacerate 138,5,16,alive,,W7-8,3.2,5,3.2,H2,25,PX_H2,H2_25_Tub1,H2_25
2026-04-06,Mon,Grady,PX_H2_25_Tub1_Lacerate 139,5,10,alive,,W7-8,2,5,2,H2,25,PX_H2,H2_25_Tub1,H2_25
2026-04-06,Mon,Grady,PX_H2_25_Tub1_Lacerate 140,5,11,alive,,W7-8,2.2,5,2.2,H2,25,PX_H2,H2_25_Tub1,H2_25
2026-04-06,Mon,Grady,PX_H2_25_Tub1_Lacerate 141,5,12,alive,,W7-8,2.4,5,2.4,H2,25,PX_H2,H2_25_Tub1,H2_25
2026-04-06,Mon,Grady,PX_H2_25_Tub1_Lacerate 142,3,11,alive,,W7-8,3.666666667,3,3.666666667,H2,25,PX_H2,H2_25_Tub1,H2_25
2026-04-06,Mon,Grady,PX_H2_25_Tub1_Lacerate 143,3,8,alive,,W7-8,2.666666667,3,2.666666667,H2,25,PX_H2,H2_25_Tub1,H2_25
2026-04-06,Mon,Grady,PX_H2_25_Tub1_Lacerate 144,3,7,alive,,W7-8,2.333333333,3,2.333333333,H2,25,PX_H2,H2_25_Tub1,H2_25
2026-04-06,Mon,Grady,P1_H2_25_Tub1_Lacerate 145,0,10,alive,,W7-8,#N/A,1.5,6.666666667,H2,25,P1_H2,H2_25_Tub1,H2_25
2026-04-06,Mon,Grady,P1_H2_25_Tub1_Lacerate 146,0,7,alive,,W7-8,#N/A,1.5,4.666666667,H2,25,P1_H2,H2_25_Tub1,H2_25
2026-04-06,Mon,Grady,P1_H2_25_Tub1_Lacerate 147,0,4,alive,,W7-8,#N/A,1.5,2.666666667,H2,25,P1_H2,H2_25_Tub1,H2_25
2026-04-06,Mon,Grady,P1_H2_25_Tub1_Lacerate 148,0,0,alive,,W7-8,#N/A,1.5,0,H2,25,P1_H2,H2_25_Tub1,H2_25
2026-04-06,Mon,Grady,PX_H2_25_Tub1_Lacerate 149,0,13,alive,,W7-8,#N/A,1.5,8.666666667,H2,25,PX_H2,H2_25_Tub1,H2_25
2026-04-06,Mon,Grady,PX_H2_25_Tub1_Lacerate 150,0,11,alive,,W7-8,#N/A,1.5,7.333333333,H2,25,PX_H2,H2_25_Tub1,H2_25
2026-04-06,Mon,Grady,PX_H2_25_Tub1_Lacerate 151,0,11,alive,,W7-8,#N/A,1.5,7.333333333,H2,25,PX_H2,H2_25_Tub1,H2_25
2026-04-06,Mon,Grady,P2_H2_25_Tub1_Lacerate 152,0,11,alive,,W7-8,#N/A,1.5,7.333333333,H2,25,P2_H2,H2_25_Tub1,H2_25
2026-04-06,Mon,Grady,P2_H2_25_Tub1_Lacerate 153,0,11,alive,,W7-8,#N/A,1.5,7.333333333,H2,25,P2_H2,H2_25_Tub1,H2_25
2026-04-06,Mon,Grady,P2_H2_25_Tub1_Lacerate 154,0,10,alive,,W7-8,#N/A,1.5,6.666666667,H2,25,P2_H2,H2_25_Tub1,H2_25
2026-04-06,Mon,Grady,P2_H2_25_Tub1_Lacerate 155,0,3,alive,,W7-8,#N/A,1.5,2,H2,25,P2_H2,H2_25_Tub1,H2_25
2026-04-06,Mon,Grady,P2_H2_25_Tub1_Lacerate 156,0,6,alive,,W7-8,#N/A,1.5,4,H2,25,P2_H2,H2_25_Tub1,H2_25
2026-04-06,Mon,Grady,P2_H2_25_Tub2_Lacerate 70,12,,missing,,W7-8,0,12,0,H2,25,P2_H2,H2_25_Tub2,H2_25
2026-04-06,Mon,Grady,P1_H2_25_Tub2_Lacerate 71,12,9,alive,,W7-8,0.75,12,0.75,H2,25,P1_H2,H2_25_Tub2,H2_25
2026-04-06,Mon,Grady,P1_H2_25_Tub2_Lacerate 72,10,14,alive,,W7-8,1.4,10,1.4,H2,25,P1_H2,H2_25_Tub2,H2_25
2026-04-06,Mon,Grady,P3_H2_25_Tub2_Lacerate 73,10,12,alive,,W7-8,1.2,10,1.2,H2,25,P3_H2,H2_25_Tub2,H2_25
2026-04-06,Mon,Grady,P3_H2_25_Tub2_Lacerate 74,10,14,alive,,W7-8,1.4,10,1.4,H2,25,P3_H2,H2_25_Tub2,H2_25
2026-04-06,Mon,Grady,P3_H2_25_Tub2_Lacerate 75,10,14,alive,,W7-8,1.4,10,1.4,H2,25,P3_H2,H2_25_Tub2,H2_25
2026-04-06,Mon,Grady,PX_H2_25_Tub2_Lacerate 76,7,11,alive,,W7-8,1.571428571,7,1.571428571,H2,25,PX_H2,H2_25_Tub2,H2_25
2026-04-06,Mon,Grady,PX_H2_25_Tub2_Lacerate 77,7,6,alive,,W7-8,0.8571428571,7,0.8571428571,H2,25,PX_H2,H2_25_Tub2,H2_25
2026-04-06,Mon,Grady,PX_H2_25_Tub2_Lacerate 78,7,15,alive,,W7-8,2.142857143,7,2.142857143,H2,25,PX_H2,H2_25_Tub2,H2_25
2026-04-06,Mon,Grady,PX_H2_25_Tub2_Lacerate 79,7,,missing,previous map has 80 marked and 79 is missing,W7-8,0,7,0,H2,25,PX_H2,H2_25_Tub2,H2_25
2026-04-06,Mon,Grady,PX_H2_25_Tub2_Lacerate 80,7,11,alive,,W7-8,1.571428571,7,1.571428571,H2,25,PX_H2,H2_25_Tub2,H2_25
2026-04-06,Mon,Grady,PX_H2_25_Tub2_Lacerate 81,7,,missing,,W7-8,0,7,0,H2,25,PX_H2,H2_25_Tub2,H2_25
2026-04-06,Mon,Grady,P3_H2_25_Tub2_Lacerate 82,7,13,alive,,W7-8,1.857142857,7,1.857142857,H2,25,P3_H2,H2_25_Tub2,H2_25
2026-04-06,Mon,Grady,P1_H2_25_Tub2_Lacerate 83,5,11,alive,,W7-8,2.2,5,2.2,H2,25,P1_H2,H2_25_Tub2,H2_25
2026-04-06,Mon,Grady,P1_H2_25_Tub2_Lacerate 84,5,13,alive,,W7-8,2.6,5,2.6,H2,25,P1_H2,H2_25_Tub2,H2_25
2026-04-06,Mon,Grady,P1_H2_25_Tub2_Lacerate 85,5,11,alive,,W7-8,2.2,5,2.2,H2,25,P1_H2,H2_25_Tub2,H2_25
2026-04-06,Mon,Grady,P1_H2_25_Tub2_Lacerate 86,5,8,alive,,W7-8,1.6,5,1.6,H2,25,P1_H2,H2_25_Tub2,H2_25
2026-04-06,Mon,Grady,P2_H2_25_Tub2_Lacerate 87,5,,missing,,W7-8,0,5,0,H2,25,P2_H2,H2_25_Tub2,H2_25
2026-04-06,Mon,Grady,P2_H2_25_Tub2_Lacerate 88,5,,missing,,W7-8,0,5,0,H2,25,P2_H2,H2_25_Tub2,H2_25
2026-04-06,Mon,Grady,P2_H2_25_Tub2_Lacerate 89,3,6,alive,,W7-8,2,3,2,H2,25,P2_H2,H2_25_Tub2,H2_25
2026-04-06,Mon,Grady,P3_H2_25_Tub2_Lacerate 90,3,10,alive,,W7-8,3.333333333,3,3.333333333,H2,25,P3_H2,H2_25_Tub2,H2_25
2026-04-06,Mon,Grady,P3_H2_25_Tub2_Lacerate 91,3,12,alive,,W7-8,4,3,4,H2,25,P3_H2,H2_25_Tub2,H2_25
2026-04-06,Mon,Grady,P3_H2_25_Tub2_Lacerate 92,3,12,alive,,W7-8,4,3,4,H2,25,P3_H2,H2_25_Tub2,H2_25
2026-04-06,Mon,Grady,P3_H2_25_Tub2_Lacerate 93,3,10,alive,,W7-8,3.333333333,3,3.333333333,H2,25,P3_H2,H2_25_Tub2,H2_25
2026-04-06,Mon,Grady,P3_H2_25_Tub2_Lacerate 94,3,9,alive,,W7-8,3,3,3,H2,25,P3_H2,H2_25_Tub2,H2_25
2026-04-06,Mon,Grady,PX_H2_25_Tub2_Lacerate 95,0,12,alive,,W7-8,#N/A,1.5,8,H2,25,PX_H2,H2_25_Tub2,H2_25
2026-04-06,Mon,Grady,PX_H2_25_Tub2_Lacerate 96,0,13,alive,,W7-8,#N/A,1.5,8.666666667,H2,25,PX_H2,H2_25_Tub2,H2_25
2026-04-06,Mon,Grady,PX_H2_25_Tub2_Lacerate 97,0,8,alive,,W7-8,#N/A,1.5,5.333333333,H2,25,PX_H2,H2_25_Tub2,H2_25
2026-04-06,Mon,Grady,P3_H2_25_Tub2_Lacerate 98,0,9,alive,,W7-8,#N/A,1.5,6,H2,25,P3_H2,H2_25_Tub2,H2_25
2026-04-06,Mon,Grady,PX_H2_25_Tub2_Lacerate 99,0,9,alive,,W7-8,#N/A,1.5,6,H2,25,PX_H2,H2_25_Tub2,H2_25
2026-04-06,Mon,Grady,P1_H2_25_Tub2_Lacerate 100,0,10,alive,,W7-8,#N/A,1.5,6.666666667,H2,25,P1_H2,H2_25_Tub2,H2_25
2026-04-06,Mon,Grady,P1_H2_25_Tub2_Lacerate 101,0,9,alive,,W7-8,#N/A,1.5,6,H2,25,P1_H2,H2_25_Tub2,H2_25
2026-04-06,Mon,Grady,P1_H2_25_Tub2_Lacerate 102,0,10,alive,,W7-8,#N/A,1.5,6.666666667,H2,25,P1_H2,H2_25_Tub2,H2_25
2026-04-06,Mon,Grady,PX_H2_25_Tub2_Lacerate 103,0,7,alive,,W7-8,#N/A,1.5,4.666666667,H2,25,PX_H2,H2_25_Tub2,H2_25
2026-04-06,Mon,Grady,P2_H2_25_Tub2_Lacerate 104,0,8,alive,,W7-8,#N/A,1.5,5.333333333,H2,25,P2_H2,H2_25_Tub2,H2_25
2026-04-06,Mon,Grady,P2_H2_25_Tub2_Lacerate 105,0,9,alive,,W7-8,#N/A,1.5,6,H2,25,P2_H2,H2_25_Tub2,H2_25
2026-04-06,Mon,Grady,P1_H2_25_Tub3_Lacerate 60,12,7,alive,,W7-8,0.5833333333,12,0.5833333333,H2,25,P1_H2,H2_25_Tub3,H2_25
2026-04-06,Mon,Grady,P1_H2_25_Tub3_Lacerate 61,12,14,alive,,W7-8,1.166666667,12,1.166666667,H2,25,P1_H2,H2_25_Tub3,H2_25
2026-04-06,Mon,Grady,P2_H2_25_Tub3_Lacerate 62,12,8,alive,,W7-8,0.6666666667,12,0.6666666667,H2,25,P2_H2,H2_25_Tub3,H2_25
2026-04-06,Mon,Grady,P2_H2_25_Tub3_Lacerate 63,10,12,alive,,W7-8,1.2,10,1.2,H2,25,P2_H2,H2_25_Tub3,H2_25
2026-04-06,Mon,Grady,P2_H2_25_Tub3_Lacerate 64,10,11,alive,,W7-8,1.1,10,1.1,H2,25,P2_H2,H2_25_Tub3,H2_25
2026-04-06,Mon,Grady,P3_H2_25_Tub3_Lacerate 65,10,11,alive,,W7-8,1.1,10,1.1,H2,25,P3_H2,H2_25_Tub3,H2_25
2026-04-06,Mon,Grady,P3_H2_25_Tub3_Lacerate 66,7,11,alive,,W7-8,1.571428571,7,1.571428571,H2,25,P3_H2,H2_25_Tub3,H2_25
2026-04-06,Mon,Grady,P3_H2_25_Tub3_Lacerate 67,7,8,alive,,W7-8,1.142857143,7,1.142857143,H2,25,P3_H2,H2_25_Tub3,H2_25
2026-04-06,Mon,Grady,P3_H2_25_Tub3_Lacerate 68,7,15,alive,,W7-8,2.142857143,7,2.142857143,H2,25,P3_H2,H2_25_Tub3,H2_25
2026-04-06,Mon,Grady,PX_H2_25_Tub3_Lacerate 69,7,13,alive,,W7-8,1.857142857,7,1.857142857,H2,25,PX_H2,H2_25_Tub3,H2_25
2026-04-06,Mon,Grady,PX_H2_25_Tub3_Lacerate 70,7,12,alive,,W7-8,1.714285714,7,1.714285714,H2,25,PX_H2,H2_25_Tub3,H2_25
2026-04-06,Mon,Grady,PX_H2_25_Tub3_Lacerate 71,7,12,alive,,W7-8,1.714285714,7,1.714285714,H2,25,PX_H2,H2_25_Tub3,H2_25
2026-04-06,Mon,Grady,PX_H2_25_Tub3_Lacerate 72,7,12,alive,,W7-8,1.714285714,7,1.714285714,H2,25,PX_H2,H2_25_Tub3,H2_25
2026-04-06,Mon,Grady,PX_H2_25_Tub3_Lacerate 73,7,11,alive,,W7-8,1.571428571,7,1.571428571,H2,25,PX_H2,H2_25_Tub3,H2_25
2026-04-06,Mon,Grady,PX_H2_25_Tub3_Lacerate 74,7,14,alive,,W7-8,2,7,2,H2,25,PX_H2,H2_25_Tub3,H2_25
2026-04-06,Mon,Grady,PX_H2_25_Tub3_Lacerate 75,7,9,alive,,W7-8,1.285714286,7,1.285714286,H2,25,PX_H2,H2_25_Tub3,H2_25
2026-04-06,Mon,Grady,PX_H2_25_Tub3_Lacerate 76,7,7,alive,,W7-8,1,7,1,H2,25,PX_H2,H2_25_Tub3,H2_25
2026-04-06,Mon,Grady,PX_H2_25_Tub3_Lacerate 77,7,8,alive,,W7-8,1.142857143,7,1.142857143,H2,25,PX_H2,H2_25_Tub3,H2_25
2026-04-06,Mon,Grady,PX_H2_25_Tub3_Lacerate 78,7,10,alive,,W7-8,1.428571429,7,1.428571429,H2,25,PX_H2,H2_25_Tub3,H2_25
2026-04-06,Mon,Grady,PX_H2_25_Tub3_Lacerate 79,7,9,alive,,W7-8,1.285714286,7,1.285714286,H2,25,PX_H2,H2_25_Tub3,H2_25
2026-04-06,Mon,Grady,PX_H2_25_Tub3_Lacerate 80,7,12,alive,,W7-8,1.714285714,7,1.714285714,H2,25,PX_H2,H2_25_Tub3,H2_25
2026-04-06,Mon,Grady,PX_H2_25_Tub3_Lacerate 81,7,10,alive,,W7-8,1.428571429,7,1.428571429,H2,25,PX_H2,H2_25_Tub3,H2_25
2026-04-06,Mon,Grady,P2_H2_25_Tub3_Lacerate 82,7,17,alive,,W7-8,2.428571429,7,2.428571429,H2,25,P2_H2,H2_25_Tub3,H2_25
2026-04-06,Mon,Grady,P2_H2_25_Tub3_Lacerate 83,7,9,alive,,W7-8,1.285714286,7,1.285714286,H2,25,P2_H2,H2_25_Tub3,H2_25
2026-04-06,Mon,Grady,P1_H2_25_Tub3_Lacerate 84,7,16,alive,,W7-8,2.285714286,7,2.285714286,H2,25,P1_H2,H2_25_Tub3,H2_25
2026-04-06,Mon,Grady,P1_H2_25_Tub3_Lacerate 85,5,8,alive,,W7-8,1.6,5,1.6,H2,25,P1_H2,H2_25_Tub3,H2_25
2026-04-06,Mon,Grady,PX_H2_25_Tub3_Lacerate 86,5,8,alive,,W7-8,1.6,5,1.6,H2,25,PX_H2,H2_25_Tub3,H2_25
2026-04-06,Mon,Grady,PX_H2_25_Tub3_Lacerate 87,5,8,alive,,W7-8,1.6,5,1.6,H2,25,PX_H2,H2_25_Tub3,H2_25
2026-04-06,Mon,Grady,PX_H2_25_Tub3_Lacerate 88,5,8,alive,,W7-8,1.6,5,1.6,H2,25,PX_H2,H2_25_Tub3,H2_25
2026-04-06,Mon,Grady,P3_H2_25_Tub3_Lacerate 89,5,10,alive,,W7-8,2,5,2,H2,25,P3_H2,H2_25_Tub3,H2_25
2026-04-06,Mon,Grady,PX_H2_25_Tub3_Lacerate 90,3,11,alive,,W7-8,3.666666667,3,3.666666667,H2,25,PX_H2,H2_25_Tub3,H2_25
2026-04-06,Mon,Grady,PX_H2_25_Tub3_Lacerate 91,3,7,alive,,W7-8,2.333333333,3,2.333333333,H2,25,PX_H2,H2_25_Tub3,H2_25
2026-04-06,Mon,Grady,PX_H2_25_Tub3_Lacerate 92,3,7,alive,,W7-8,2.333333333,3,2.333333333,H2,25,PX_H2,H2_25_Tub3,H2_25
2026-04-06,Mon,Grady,PX_H2_25_Tub3_Lacerate 93,3,17,alive,,W7-8,5.666666667,3,5.666666667,H2,25,PX_H2,H2_25_Tub3,H2_25
2026-04-06,Mon,Grady,PX_H2_25_Tub3_Lacerate 94,3,10,alive,,W7-8,3.333333333,3,3.333333333,H2,25,PX_H2,H2_25_Tub3,H2_25
2026-04-06,Mon,Grady,PX_H2_25_Tub3_Lacerate 95,3,12,alive,,W7-8,4,3,4,H2,25,PX_H2,H2_25_Tub3,H2_25
2026-04-06,Mon,Grady,PX_H2_25_Tub3_Lacerate 96,3,16,alive,,W7-8,5.333333333,3,5.333333333,H2,25,PX_H2,H2_25_Tub3,H2_25
2026-04-06,Mon,Grady,PX_H2_25_Tub3_Lacerate 97,0,10,alive,,W7-8,#N/A,1.5,6.666666667,H2,25,PX_H2,H2_25_Tub3,H2_25
2026-04-06,Mon,Grady,PX_H2_25_Tub3_Lacerate 98,0,9,alive,,W7-8,#N/A,1.5,6,H2,25,PX_H2,H2_25_Tub3,H2_25
2026-04-06,Mon,Grady,PX_H2_25_Tub3_Lacerate 99,0,14,alive,,W7-8,#N/A,1.5,9.333333333,H2,25,PX_H2,H2_25_Tub3,H2_25
2026-04-06,Mon,Grady,PX_H2_25_Tub3_Lacerate 100,0,12,alive,,W7-8,#N/A,1.5,8,H2,25,PX_H2,H2_25_Tub3,H2_25
2026-04-06,Mon,Grady,PX_H2_25_Tub3_Lacerate 101,0,7,alive,,W7-8,#N/A,1.5,4.666666667,H2,25,PX_H2,H2_25_Tub3,H2_25
2026-04-06,Mon,Grady,PX_H2_25_Tub3_Lacerate 102,0,13,alive,,W7-8,#N/A,1.5,8.666666667,H2,25,PX_H2,H2_25_Tub3,H2_25
2026-04-06,Mon,Grady,PX_H2_25_Tub3_Lacerate 103,0,5,alive,,W7-8,#N/A,1.5,3.333333333,H2,25,PX_H2,H2_25_Tub3,H2_25
2026-04-06,Mon,Grady,PX_H2_25_Tub3_Lacerate 104,0,7,alive,,W7-8,#N/A,1.5,4.666666667,H2,25,PX_H2,H2_25_Tub3,H2_25
2026-04-06,Mon,Grady,PX_H2_25_Tub3_Lacerate 105,0,8,alive,,W7-8,#N/A,1.5,5.333333333,H2,25,PX_H2,H2_25_Tub3,H2_25
2026-04-06,Mon,Grady,PX_H2_25_Tub3_Lacerate 106,0,5,alive,,W7-8,#N/A,1.5,3.333333333,H2,25,PX_H2,H2_25_Tub3,H2_25
2026-04-06,Mon,Grady,PX_H2_25_Tub3_Lacerate 107,0,12,alive,,W7-8,#N/A,1.5,8,H2,25,PX_H2,H2_25_Tub3,H2_25
2026-04-06,Mon,Grady,PX_H2_25_Tub3_Lacerate 108,0,10,alive,,W7-8,#N/A,1.5,6.666666667,H2,25,PX_H2,H2_25_Tub3,H2_25
2026-04-06,Mon,Grady,PX_H2_25_Tub3_Lacerate 109,0,0,alive,,W7-8,#N/A,1.5,0,H2,25,PX_H2,H2_25_Tub3,H2_25
2026-04-06,Mon,Grady,PX_H2_25_Tub3_Lacerate 110,0,12,alive,,W7-8,#N/A,1.5,8,H2,25,PX_H2,H2_25_Tub3,H2_25
2026-04-06,Mon,Grady,P1_VWA_25_Tub1_Lacerate 92,12,15,alive,,W7-8,1.25,12,1.25,VWA,25,P1_VWA,VWA_25_Tub1,VWA_25
2026-04-06,Mon,Grady,PX_VWA_25_Tub1_Lacerate 93,10,17,alive,,W7-8,1.7,10,1.7,VWA,25,PX_VWA,VWA_25_Tub1,VWA_25
2026-04-06,Mon,Grady,P3_VWA_25_Tub1_Lacerate 94,10,9,alive,,W7-8,0.9,10,0.9,VWA,25,P3_VWA,VWA_25_Tub1,VWA_25
2026-04-06,Mon,Grady,P1_VWA_25_Tub1_Lacerate 95,10,11,alive,,W7-8,1.1,10,1.1,VWA,25,P1_VWA,VWA_25_Tub1,VWA_25
2026-04-06,Mon,Grady,PX_VWA_25_Tub1_Lacerate 96,10,8,alive,,W7-8,0.8,10,0.8,VWA,25,PX_VWA,VWA_25_Tub1,VWA_25
2026-04-06,Mon,Grady,P2_VWA_25_Tub1_Lacerate 97,10,11,alive,,W7-8,1.1,10,1.1,VWA,25,P2_VWA,VWA_25_Tub1,VWA_25
2026-04-06,Mon,Grady,P2_VWA_25_Tub1_Lacerate 98,10,11,alive,,W7-8,1.1,10,1.1,VWA,25,P2_VWA,VWA_25_Tub1,VWA_25
2026-04-06,Mon,Grady,PX_VWA_25_Tub1_Lacerate 99,7,15,alive,,W7-8,2.142857143,7,2.142857143,VWA,25,PX_VWA,VWA_25_Tub1,VWA_25
2026-04-06,Mon,Grady,PX_VWA_25_Tub1_Lacerate 100,7,12,alive,,W7-8,1.714285714,7,1.714285714,VWA,25,PX_VWA,VWA_25_Tub1,VWA_25
2026-04-06,Mon,Grady,PX_VWA_25_Tub1_Lacerate 101,7,12,alive,,W7-8,1.714285714,7,1.714285714,VWA,25,PX_VWA,VWA_25_Tub1,VWA_25
2026-04-06,Mon,Grady,PX_VWA_25_Tub1_Lacerate 102,7,13,alive,,W7-8,1.857142857,7,1.857142857,VWA,25,PX_VWA,VWA_25_Tub1,VWA_25
2026-04-06,Mon,Grady,PX_VWA_25_Tub1_Lacerate 103,7,,missing,,W7-8,0,7,0,VWA,25,PX_VWA,VWA_25_Tub1,VWA_25
2026-04-06,Mon,Grady,PX_VWA_25_Tub1_Lacerate 104,7,13,alive,,W7-8,1.857142857,7,1.857142857,VWA,25,PX_VWA,VWA_25_Tub1,VWA_25
2026-04-06,Mon,Grady,PX_VWA_25_Tub1_Lacerate 105,7,11,alive,,W7-8,1.571428571,7,1.571428571,VWA,25,PX_VWA,VWA_25_Tub1,VWA_25
2026-04-06,Mon,Grady,PX_VWA_25_Tub1_Lacerate 106,7,12,alive,,W7-8,1.714285714,7,1.714285714,VWA,25,PX_VWA,VWA_25_Tub1,VWA_25
2026-04-06,Mon,Grady,PX_VWA_25_Tub1_Lacerate 107,7,0,alive,,W7-8,0,7,0,VWA,25,PX_VWA,VWA_25_Tub1,VWA_25
2026-04-06,Mon,Grady,PX_VWA_25_Tub1_Lacerate 108,7,16,alive,,W7-8,2.285714286,7,2.285714286,VWA,25,PX_VWA,VWA_25_Tub1,VWA_25
2026-04-06,Mon,Grady,P2_VWA_25_Tub1_Lacerate 109,7,0,alive,,W7-8,0,7,0,VWA,25,P2_VWA,VWA_25_Tub1,VWA_25
2026-04-06,Mon,Grady,P2_VWA_25_Tub1_Lacerate 110,7,0,alive,,W7-8,0,7,0,VWA,25,P2_VWA,VWA_25_Tub1,VWA_25
2026-04-06,Mon,Grady,P2_VWA_25_Tub1_Lacerate 111,7,0,alive,,W7-8,0,7,0,VWA,25,P2_VWA,VWA_25_Tub1,VWA_25
2026-04-06,Mon,Grady,P2_VWA_25_Tub1_Lacerate 112,7,10,alive,,W7-8,1.428571429,7,1.428571429,VWA,25,P2_VWA,VWA_25_Tub1,VWA_25
2026-04-06,Mon,Grady,P1_VWA_25_Tub1_Lacerate 113,5,12,alive,,W7-8,2.4,5,2.4,VWA,25,P1_VWA,VWA_25_Tub1,VWA_25
2026-04-06,Mon,Grady,P1_VWA_25_Tub1_Lacerate 114,5,0,alive,,W7-8,0,5,0,VWA,25,P1_VWA,VWA_25_Tub1,VWA_25
2026-04-06,Mon,Grady,P1_VWA_25_Tub1_Lacerate 115,5,0,alive,,W7-8,0,5,0,VWA,25,P1_VWA,VWA_25_Tub1,VWA_25
2026-04-06,Mon,Grady,P1_VWA_25_Tub1_Lacerate 116,5,0,alive,,W7-8,0,5,0,VWA,25,P1_VWA,VWA_25_Tub1,VWA_25
2026-04-06,Mon,Grady,P1_VWA_25_Tub1_Lacerate 117,5,0,alive,,W7-8,0,5,0,VWA,25,P1_VWA,VWA_25_Tub1,VWA_25
2026-04-06,Mon,Grady,P1_VWA_25_Tub1_Lacerate 118,5,0,alive,,W7-8,0,5,0,VWA,25,P1_VWA,VWA_25_Tub1,VWA_25
2026-04-06,Mon,Grady,P1_VWA_25_Tub1_Lacerate 119,5,0,alive,,W7-8,0,5,0,VWA,25,P1_VWA,VWA_25_Tub1,VWA_25
2026-04-06,Mon,Grady,P1_VWA_25_Tub1_Lacerate 120,5,7,alive,,W7-8,1.4,5,1.4,VWA,25,P1_VWA,VWA_25_Tub1,VWA_25
2026-04-06,Mon,Grady,P1_VWA_25_Tub1_Lacerate 121,5,10,alive,,W7-8,2,5,2,VWA,25,P1_VWA,VWA_25_Tub1,VWA_25
2026-04-06,Mon,Grady,P1_VWA_25_Tub1_Lacerate 122,5,,missing,,W7-8,0,5,0,VWA,25,P1_VWA,VWA_25_Tub1,VWA_25
2026-04-06,Mon,Grady,PX_VWA_25_Tub1_Lacerate 123,5,12,alive,,W7-8,2.4,5,2.4,VWA,25,PX_VWA,VWA_25_Tub1,VWA_25
2026-04-06,Mon,Grady,P2_VWA_25_Tub1_Lacerate 124,3,15,alive,,W7-8,5,3,5,VWA,25,P2_VWA,VWA_25_Tub1,VWA_25
2026-04-06,Mon,Grady,P1_VWA_25_Tub1_Lacerate 125,0,0,alive,,W7-8,#N/A,1.5,0,VWA,25,P1_VWA,VWA_25_Tub1,VWA_25
2026-04-06,Mon,Grady,P1_VWA_25_Tub1_Lacerate 126,0,0,alive,,W7-8,#N/A,1.5,0,VWA,25,P1_VWA,VWA_25_Tub1,VWA_25
2026-04-06,Mon,Grady,P1_VWA_25_Tub1_Lacerate 127,0,0,alive,,W7-8,#N/A,1.5,0,VWA,25,P1_VWA,VWA_25_Tub1,VWA_25
2026-04-06,Mon,Grady,P1_VWA_25_Tub1_Lacerate 128,0,0,alive,,W7-8,#N/A,1.5,0,VWA,25,P1_VWA,VWA_25_Tub1,VWA_25
2026-04-06,Mon,Grady,P1_VWA_25_Tub1_Lacerate 129,0,0,alive,,W7-8,#N/A,1.5,0,VWA,25,P1_VWA,VWA_25_Tub1,VWA_25
2026-04-06,Mon,Grady,P1_VWA_25_Tub1_Lacerate 130,0,0,alive,,W7-8,#N/A,1.5,0,VWA,25,P1_VWA,VWA_25_Tub1,VWA_25
2026-04-06,Mon,Grady,P1_VWA_25_Tub1_Lacerate 131,0,0,alive,,W7-8,#N/A,1.5,0,VWA,25,P1_VWA,VWA_25_Tub1,VWA_25
2026-04-06,Mon,Grady,P1_VWA_25_Tub1_Lacerate 132,0,0,alive,,W7-8,#N/A,1.5,0,VWA,25,P1_VWA,VWA_25_Tub1,VWA_25
2026-04-06,Mon,Grady,P1_VWA_25_Tub1_Lacerate 133,0,0,alive,,W7-8,#N/A,1.5,0,VWA,25,P1_VWA,VWA_25_Tub1,VWA_25
2026-04-06,Mon,Grady,P1_VWA_25_Tub1_Lacerate 134,0,0,alive,,W7-8,#N/A,1.5,0,VWA,25,P1_VWA,VWA_25_Tub1,VWA_25
2026-04-06,Mon,Grady,P1_VWA_25_Tub1_Lacerate 135,0,0,alive,,W7-8,#N/A,1.5,0,VWA,25,P1_VWA,VWA_25_Tub1,VWA_25
2026-04-06,Mon,Grady,P1_VWA_25_Tub1_Lacerate 136,0,0,alive,,W7-8,#N/A,1.5,0,VWA,25,P1_VWA,VWA_25_Tub1,VWA_25
2026-04-06,Mon,Grady,P3_VWA_25_Tub2_Lacerate 52,12,14,alive,,W7-8,1.166666667,12,1.166666667,VWA,25,P3_VWA,VWA_25_Tub2,VWA_25
2026-04-06,Mon,Grady,P2_VWA_25_Tub2_Lacerate 53,12,9,alive,,W7-8,0.75,12,0.75,VWA,25,P2_VWA,VWA_25_Tub2,VWA_25
2026-04-06,Mon,Grady,P1_VWA_25_Tub2_Lacerate 54,10,7,alive,,W7-8,0.7,10,0.7,VWA,25,P1_VWA,VWA_25_Tub2,VWA_25
2026-04-06,Mon,Grady,PX_VWA_25_Tub2_Lacerate 55,10,10,alive,,W7-8,1,10,1,VWA,25,PX_VWA,VWA_25_Tub2,VWA_25
2026-04-06,Mon,Grady,P2_VWA_25_Tub2_Lacerate 56,7,7,alive,,W7-8,1,7,1,VWA,25,P2_VWA,VWA_25_Tub2,VWA_25
2026-04-06,Mon,Grady,P2_VWA_25_Tub2_Lacerate 57,7,16,alive,,W7-8,2.285714286,7,2.285714286,VWA,25,P2_VWA,VWA_25_Tub2,VWA_25
2026-04-06,Mon,Grady,P2_VWA_25_Tub2_Lacerate 58,7,8,alive,,W7-8,1.142857143,7,1.142857143,VWA,25,P2_VWA,VWA_25_Tub2,VWA_25
2026-04-06,Mon,Grady,P2_VWA_25_Tub2_Lacerate 59,7,12,alive,,W7-8,1.714285714,7,1.714285714,VWA,25,P2_VWA,VWA_25_Tub2,VWA_25
2026-04-06,Mon,Grady,P1_VWA_25_Tub2_Lacerate 60,7,17,alive,,W7-8,2.428571429,7,2.428571429,VWA,25,P1_VWA,VWA_25_Tub2,VWA_25
2026-04-06,Mon,Grady,PX_VWA_25_Tub2_Lacerate 61,7,16,alive,,W7-8,2.285714286,7,2.285714286,VWA,25,PX_VWA,VWA_25_Tub2,VWA_25
2026-04-06,Mon,Grady,PX_VWA_25_Tub2_Lacerate 62,5,9,alive,,W7-8,1.8,5,1.8,VWA,25,PX_VWA,VWA_25_Tub2,VWA_25
2026-04-06,Mon,Grady,PX_VWA_25_Tub2_Lacerate 63,5,10,alive,,W7-8,2,5,2,VWA,25,PX_VWA,VWA_25_Tub2,VWA_25
2026-04-06,Mon,Grady,PX_VWA_25_Tub2_Lacerate 64,5,10,alive,,W7-8,2,5,2,VWA,25,PX_VWA,VWA_25_Tub2,VWA_25
2026-04-06,Mon,Grady,P3_VWA_25_Tub2_Lacerate 65,5,16,alive,,W7-8,3.2,5,3.2,VWA,25,P3_VWA,VWA_25_Tub2,VWA_25
2026-04-06,Mon,Grady,P3_VWA_25_Tub2_Lacerate 66,5,10,alive,,W7-8,2,5,2,VWA,25,P3_VWA,VWA_25_Tub2,VWA_25
2026-04-06,Mon,Grady,P3_VWA_25_Tub2_Lacerate 67,5,9,alive,,W7-8,1.8,5,1.8,VWA,25,P3_VWA,VWA_25_Tub2,VWA_25
2026-04-06,Mon,Grady,P3_VWA_25_Tub2_Lacerate 68,5,9,alive,,W7-8,1.8,5,1.8,VWA,25,P3_VWA,VWA_25_Tub2,VWA_25
2026-04-06,Mon,Grady,P2_VWA_25_Tub2_Lacerate 69,5,8,alive,,W7-8,1.6,5,1.6,VWA,25,P2_VWA,VWA_25_Tub2,VWA_25
2026-04-06,Mon,Grady,P2_VWA_25_Tub2_Lacerate 70,3,15,alive,,W7-8,5,3,5,VWA,25,P2_VWA,VWA_25_Tub2,VWA_25
2026-04-06,Mon,Grady,P1_VWA_25_Tub2_Lacerate 71,0,16,alive,,W7-8,#N/A,1.5,10.66666667,VWA,25,P1_VWA,VWA_25_Tub2,VWA_25
2026-04-06,Mon,Grady,P1_VWA_25_Tub2_Lacerate 72,0,8,alive,,W7-8,#N/A,1.5,5.333333333,VWA,25,P1_VWA,VWA_25_Tub2,VWA_25
2026-04-06,Mon,Grady,P2_VWA_25_Tub2_Lacerate 73,0,11,alive,,W7-8,#N/A,1.5,7.333333333,VWA,25,P2_VWA,VWA_25_Tub2,VWA_25
2026-04-06,Mon,Grady,PX_VWA_25_Tub3_Lacerate 68,12, ,missing,,W7-8,#VALUE!,12,#VALUE!,VWA,25,PX_VWA,VWA_25_Tub3,VWA_25
2026-04-06,Mon,Grady,P1_VWA_25_Tub3_Lacerate 69,7,10,alive,,W7-8,1.428571429,7,1.428571429,VWA,25,P1_VWA,VWA_25_Tub3,VWA_25
2026-04-06,Mon,Grady,PX_VWA_25_Tub3_Lacerate 70,7,12,alive,,W7-8,1.714285714,7,1.714285714,VWA,25,PX_VWA,VWA_25_Tub3,VWA_25
2026-04-06,Mon,Grady,P2_VWA_25_Tub3_Lacerate 71,7,12,alive,,W7-8,1.714285714,7,1.714285714,VWA,25,P2_VWA,VWA_25_Tub3,VWA_25
2026-04-06,Mon,Grady,P2_VWA_25_Tub3_Lacerate 72,7,11,alive,,W7-8,1.571428571,7,1.571428571,VWA,25,P2_VWA,VWA_25_Tub3,VWA_25
2026-04-06,Mon,Grady,PX_VWA_25_Tub3_Lacerate 73,7,10,alive,,W7-8,1.428571429,7,1.428571429,VWA,25,PX_VWA,VWA_25_Tub3,VWA_25
2026-04-06,Mon,Grady,PX_VWA_25_Tub3_Lacerate 74,5,11,alive,,W7-8,2.2,5,2.2,VWA,25,PX_VWA,VWA_25_Tub3,VWA_25
2026-04-06,Mon,Grady,PX_VWA_25_Tub3_Lacerate 75,5,12,alive,,W7-8,2.4,5,2.4,VWA,25,PX_VWA,VWA_25_Tub3,VWA_25
2026-04-06,Mon,Grady,PX_VWA_25_Tub3_Lacerate 76,5,10,alive,,W7-8,2,5,2,VWA,25,PX_VWA,VWA_25_Tub3,VWA_25
2026-04-06,Mon,Grady,PX_VWA_25_Tub3_Lacerate 77,5,9,alive,,W7-8,1.8,5,1.8,VWA,25,PX_VWA,VWA_25_Tub3,VWA_25
2026-04-06,Mon,Grady,PX_VWA_25_Tub3_Lacerate 78,5,11,alive,,W7-8,2.2,5,2.2,VWA,25,PX_VWA,VWA_25_Tub3,VWA_25
2026-04-06,Mon,Grady,P1_VWA_25_Tub3_Lacerate 79,5,11,alive,,W7-8,2.2,5,2.2,VWA,25,P1_VWA,VWA_25_Tub3,VWA_25
2026-04-06,Mon,Grady,P1_VWA_25_Tub3_Lacerate 80,5,11,alive,,W7-8,2.2,5,2.2,VWA,25,P1_VWA,VWA_25_Tub3,VWA_25
2026-04-06,Mon,Grady,P1_VWA_25_Tub3_Lacerate 81,3,10,alive,,W7-8,3.333333333,3,3.333333333,VWA,25,P1_VWA,VWA_25_Tub3,VWA_25
2026-04-06,Mon,Grady,P1_VWA_25_Tub3_Lacerate 82,3,9,alive,,W7-8,3,3,3,VWA,25,P1_VWA,VWA_25_Tub3,VWA_25
2026-04-06,Mon,Grady,P1_VWA_25_Tub3_Lacerate 83,3,14,alive,,W7-8,4.666666667,3,4.666666667,VWA,25,P1_VWA,VWA_25_Tub3,VWA_25
2026-04-06,Mon,Grady,P1_VWA_25_Tub3_Lacerate 84,0,7,alive,,W7-8,#N/A,1.5,4.666666667,VWA,25,P1_VWA,VWA_25_Tub3,VWA_25
2026-04-06,Mon,Grady,PX_VWA_25_Tub3_Lacerate 85,0,9,alive,,W7-8,#N/A,1.5,6,VWA,25,PX_VWA,VWA_25_Tub3,VWA_25
2026-04-06,Mon,Grady,P1_VWA_25_Tub3_Lacerate 86,0,0,alive,,W7-8,#N/A,1.5,0,VWA,25,P1_VWA,VWA_25_Tub3,VWA_25
2026-04-06,Mon,Grady,P1_VWA_25_Tub3_Lacerate 87,0,3,alive,,W7-8,#N/A,1.5,2,VWA,25,P1_VWA,VWA_25_Tub3,VWA_25
2026-04-06,Mon,Grady,P1_VWA_25_Tub3_Lacerate 88,0,10,alive,,W7-8,#N/A,1.5,6.666666667,VWA,25,P1_VWA,VWA_25_Tub3,VWA_25
2026-04-06,Mon,Grady,P1_VWA_25_Tub3_Lacerate 89,0,12,alive,,W7-8,#N/A,1.5,8,VWA,25,P1_VWA,VWA_25_Tub3,VWA_25
2026-04-06,Mon,Grady,PX_VWA_25_Tub3_Lacerate 90,0,13,alive,,W7-8,#N/A,1.5,8.666666667,VWA,25,PX_VWA,VWA_25_Tub3,VWA_25
2026-04-06,Mon,Grady,PX_VWA_25_Tub3_Lacerate 91,0,7,alive,,W7-8,#N/A,1.5,4.666666667,VWA,25,PX_VWA,VWA_25_Tub3,VWA_25
2026-04-06,Mon,Grady,P2_VWA_25_Tub3_Lacerate 92,0,8,alive,,W7-8,#N/A,1.5,5.333333333,VWA,25,P2_VWA,VWA_25_Tub3,VWA_25
2026-04-06,Mon,Grady,P3_VWA_25_Tub3_Lacerate 93,0,0,alive,,W7-8,#N/A,1.5,0,VWA,25,P3_VWA,VWA_25_Tub3,VWA_25
2026-04-06,Mon,Grady,P3_VWA_25_Tub3_Lacerate 94,0,0,alive,,W7-8,#N/A,1.5,0,VWA,25,P3_VWA,VWA_25_Tub3,VWA_25
2026-04-06,Mon,Grady,P3_VWA_25_Tub3_Lacerate 95,0,0,alive,,W7-8,#N/A,1.5,0,VWA,25,P3_VWA,VWA_25_Tub3,VWA_25
2026-04-06,Mon,Grady,P3_VWA_25_Tub3_Lacerate 96,0,0,alive,,W7-8,#N/A,1.5,0,VWA,25,P3_VWA,VWA_25_Tub3,VWA_25
2026-04-06,Mon,Grady,PX_H2_32_Tub1_Lacerate 89,10,7,alive,,W7-8,0.7,10,0.7,H2,32,PX_H2,H2_32_Tub1,H2_32
2026-04-06,Mon,Grady,P1_H2_32_Tub1_Lacerate 90,7,12,alive,,W7-8,1.714285714,7,1.714285714,H2,32,P1_H2,H2_32_Tub1,H2_32
2026-04-06,Mon,Grady,P1_H2_32_Tub1_Lacerate 91,7,10,alive,,W7-8,1.428571429,7,1.428571429,H2,32,P1_H2,H2_32_Tub1,H2_32
2026-04-06,Mon,Grady,P1_H2_32_Tub1_Lacerate 92,7,12,alive,,W7-8,1.714285714,7,1.714285714,H2,32,P1_H2,H2_32_Tub1,H2_32
2026-04-06,Mon,Grady,P1_H2_32_Tub1_Lacerate 93,5,7,alive,,W7-8,1.4,5,1.4,H2,32,P1_H2,H2_32_Tub1,H2_32
2026-04-06,Mon,Grady,P1_H2_32_Tub1_Lacerate 94,5,7,alive,,W7-8,1.4,5,1.4,H2,32,P1_H2,H2_32_Tub1,H2_32
2026-04-06,Mon,Grady,P3_H2_32_Tub1_Lacerate 95,5,9,alive,,W7-8,1.8,5,1.8,H2,32,P3_H2,H2_32_Tub1,H2_32
2026-04-06,Mon,Grady,P1_H2_32_Tub1_Lacerate 96,0,0,alive,,W7-8,#N/A,1.5,0,H2,32,P1_H2,H2_32_Tub1,H2_32
2026-04-06,Mon,Grady,P3_H2_32_Tub1_Lacerate 97,0,3,alive,,W7-8,#N/A,1.5,2,H2,32,P3_H2,H2_32_Tub1,H2_32
2026-04-06,Mon,Grady,P3_H2_32_Tub1_Lacerate 98,0,2,alive,,W7-8,#N/A,1.5,1.333333333,H2,32,P3_H2,H2_32_Tub1,H2_32
2026-04-06,Mon,Grady,P3_H2_32_Tub1_Lacerate 99,0,3,alive,,W7-8,#N/A,1.5,2,H2,32,P3_H2,H2_32_Tub1,H2_32
2026-04-06,Mon,Grady,P3_H2_32_Tub1_Lacerate 100,0,0,alive,,W7-8,#N/A,1.5,0,H2,32,P3_H2,H2_32_Tub1,H2_32
2026-04-06,Mon,Grady,P2_H2_32_Tub1_Lacerate 101,0,7,alive,,W7-8,#N/A,1.5,4.666666667,H2,32,P2_H2,H2_32_Tub1,H2_32
2026-04-06,Mon,Grady,P2_H2_32_Tub2_Lacerate 88,12,13,alive,,W7-8,1.083333333,12,1.083333333,H2,32,P2_H2,H2_32_Tub2,H2_32
2026-04-06,Mon,Grady,P2_H2_32_Tub2_Lacerate 89,12,10,alive,,W7-8,0.8333333333,12,0.8333333333,H2,32,P2_H2,H2_32_Tub2,H2_32
2026-04-06,Mon,Grady,P2_H2_32_Tub2_Lacerate 90,12,6,alive,,W7-8,0.5,12,0.5,H2,32,P2_H2,H2_32_Tub2,H2_32
2026-04-06,Mon,Grady,P2_H2_32_Tub2_Lacerate 91,12,10,alive,,W7-8,0.8333333333,12,0.8333333333,H2,32,P2_H2,H2_32_Tub2,H2_32
2026-04-06,Mon,Grady,P2_H2_32_Tub2_Lacerate 92,12,10,alive,,W7-8,0.8333333333,12,0.8333333333,H2,32,P2_H2,H2_32_Tub2,H2_32
2026-04-06,Mon,Grady,P3_H2_32_Tub2_Lacerate 93,10,6,alive,,W7-8,0.6,10,0.6,H2,32,P3_H2,H2_32_Tub2,H2_32
2026-04-06,Mon,Grady,P3_H2_32_Tub2_Lacerate 94,10,7,alive,,W7-8,0.7,10,0.7,H2,32,P3_H2,H2_32_Tub2,H2_32
2026-04-06,Mon,Grady,P3_H2_32_Tub2_Lacerate 95,10,8,alive,,W7-8,0.8,10,0.8,H2,32,P3_H2,H2_32_Tub2,H2_32
2026-04-06,Mon,Grady,P3_H2_32_Tub2_Lacerate 96,10,11,alive,,W7-8,1.1,10,1.1,H2,32,P3_H2,H2_32_Tub2,H2_32
2026-04-06,Mon,Grady,PX_H2_32_Tub2_Lacerate 97,7,10,alive,,W7-8,1.428571429,7,1.428571429,H2,32,PX_H2,H2_32_Tub2,H2_32
2026-04-06,Mon,Grady,P1_H2_32_Tub2_Lacerate 98,7,10,alive,,W7-8,1.428571429,7,1.428571429,H2,32,P1_H2,H2_32_Tub2,H2_32
2026-04-06,Mon,Grady,P1_H2_32_Tub2_Lacerate 99,7,9,alive,,W7-8,1.285714286,7,1.285714286,H2,32,P1_H2,H2_32_Tub2,H2_32
2026-04-06,Mon,Grady,PX_H2_32_Tub2_Lacerate 100,5,8,alive,,W7-8,1.6,5,1.6,H2,32,PX_H2,H2_32_Tub2,H2_32
2026-04-06,Mon,Grady,PX_H2_32_Tub2_Lacerate 101,5,10,alive,,W7-8,2,5,2,H2,32,PX_H2,H2_32_Tub2,H2_32
2026-04-06,Mon,Grady,PX_H2_32_Tub2_Lacerate 102,5,15,alive,,W7-8,3,5,3,H2,32,PX_H2,H2_32_Tub2,H2_32
2026-04-06,Mon,Grady,PX_H2_32_Tub2_Lacerate 103,3,8,alive,,W7-8,2.666666667,3,2.666666667,H2,32,PX_H2,H2_32_Tub2,H2_32
2026-04-06,Mon,Grady,PX_H2_32_Tub2_Lacerate 104,3,4,alive,,W7-8,1.333333333,3,1.333333333,H2,32,PX_H2,H2_32_Tub2,H2_32
2026-04-06,Mon,Grady,P3_H2_32_Tub2_Lacerate 105,0,0,alive,,W7-8,#N/A,1.5,0,H2,32,P3_H2,H2_32_Tub2,H2_32
2026-04-06,Mon,Grady,P3_H2_32_Tub2_Lacerate 106,0,0,alive,,W7-8,#N/A,1.5,0,H2,32,P3_H2,H2_32_Tub2,H2_32
2026-04-06,Mon,Grady,P3_H2_32_Tub2_Lacerate 107,0,0,alive,,W7-8,#N/A,1.5,0,H2,32,P3_H2,H2_32_Tub2,H2_32
2026-04-06,Mon,Grady,P3_H2_32_Tub2_Lacerate 108,0,0,alive,,W7-8,#N/A,1.5,0,H2,32,P3_H2,H2_32_Tub2,H2_32
2026-04-06,Mon,Grady,P3_H2_32_Tub2_Lacerate 109,0,0,alive,,W7-8,#N/A,1.5,0,H2,32,P3_H2,H2_32_Tub2,H2_32
2026-04-06,Mon,Grady,P3_H2_32_Tub2_Lacerate 110,0,0,alive,,W7-8,#N/A,1.5,0,H2,32,P3_H2,H2_32_Tub2,H2_32
2026-04-06,Mon,Grady,P1_H2_32_Tub2_Lacerate 111,0,6,alive,,W7-8,#N/A,1.5,4,H2,32,P1_H2,H2_32_Tub2,H2_32
2026-04-06,Mon,Grady,P1_H2_32_Tub2_Lacerate 112,0,3,alive,,W7-8,#N/A,1.5,2,H2,32,P1_H2,H2_32_Tub2,H2_32
2026-04-06,Mon,Grady,P1_H2_32_Tub2_Lacerate 113,0,5,alive,,W7-8,#N/A,1.5,3.333333333,H2,32,P1_H2,H2_32_Tub2,H2_32
2026-04-06,Mon,Grady,P1_H2_32_Tub2_Lacerate 114,0,0,alive,,W7-8,#N/A,1.5,0,H2,32,P1_H2,H2_32_Tub2,H2_32
2026-04-06,Mon,Grady,P1_H2_32_Tub2_Lacerate 115,0,13,alive,,W7-8,#N/A,1.5,8.666666667,H2,32,P1_H2,H2_32_Tub2,H2_32
2026-04-06,Mon,Grady,PX_H2_32_Tub2_Lacerate 116,0,10,alive,,W7-8,#N/A,1.5,6.666666667,H2,32,PX_H2,H2_32_Tub2,H2_32
2026-04-06,Mon,Grady,PX_H2_32_Tub2_Lacerate 117,0,14,alive,,W7-8,#N/A,1.5,9.333333333,H2,32,PX_H2,H2_32_Tub2,H2_32
2026-04-06,Mon,Grady,PX_H2_32_Tub2_Lacerate 118,0,6,alive,,W7-8,#N/A,1.5,4,H2,32,PX_H2,H2_32_Tub2,H2_32
2026-04-06,Mon,Grady,PX_H2_32_Tub2_Lacerate 119,0,5,alive,,W7-8,#N/A,1.5,3.333333333,H2,32,PX_H2,H2_32_Tub2,H2_32
2026-04-06,Mon,Grady,PX_H2_32_Tub2_Lacerate 120,0,14,alive,,W7-8,#N/A,1.5,9.333333333,H2,32,PX_H2,H2_32_Tub2,H2_32
2026-04-06,Mon,Grady,PX_H2_32_Tub2_Lacerate 121,0,20,alive,,W7-8,#N/A,1.5,13.33333333,H2,32,PX_H2,H2_32_Tub2,H2_32
2026-04-06,Mon,Grady,PX_H2_32_Tub2_Lacerate 122,0,10,alive,,W7-8,#N/A,1.5,6.666666667,H2,32,PX_H2,H2_32_Tub2,H2_32
2026-04-06,Mon,Grady,PX_H2_32_Tub2_Lacerate 123,0,7,alive,,W7-8,#N/A,1.5,4.666666667,H2,32,PX_H2,H2_32_Tub2,H2_32
2026-04-06,Mon,Grady,PX_H2_32_Tub2_Lacerate 124,0,13,alive,,W7-8,#N/A,1.5,8.666666667,H2,32,PX_H2,H2_32_Tub2,H2_32
2026-04-06,Mon,Grady,P1_H2_32_Tub3_Lacerate 81,12,,missing,,W7-8,0,12,0,H2,32,P1_H2,H2_32_Tub3,H2_32
2026-04-06,Mon,Grady,P1_H2_32_Tub3_Lacerate 82,12,,missing,,W7-8,0,12,0,H2,32,P1_H2,H2_32_Tub3,H2_32
2026-04-06,Mon,Grady,P3_H2_32_Tub3_Lacerate 83,12,12,,,W7-8,1,12,1,H2,32,P3_H2,H2_32_Tub3,H2_32
2026-04-06,Mon,Grady,P3_H2_32_Tub3_Lacerate 84,12,15,,,W7-8,1.25,12,1.25,H2,32,P3_H2,H2_32_Tub3,H2_32
2026-04-06,Mon,Grady,P3_H2_32_Tub3_Lacerate 85,12,6,,,W7-8,0.5,12,0.5,H2,32,P3_H2,H2_32_Tub3,H2_32
2026-04-06,Mon,Grady,P3_H2_32_Tub3_Lacerate 86,12,12,,,W7-8,1,12,1,H2,32,P3_H2,H2_32_Tub3,H2_32
2026-04-06,Mon,Grady,P1_H2_32_Tub3_Lacerate 87,10,8,,,W7-8,0.8,10,0.8,H2,32,P1_H2,H2_32_Tub3,H2_32
2026-04-06,Mon,Grady,P2_H2_32_Tub3_Lacerate 88,10,9,,,W7-8,0.9,10,0.9,H2,32,P2_H2,H2_32_Tub3,H2_32
2026-04-06,Mon,Grady,P3_H2_32_Tub3_Lacerate 89,10,8,,,W7-8,0.8,10,0.8,H2,32,P3_H2,H2_32_Tub3,H2_32
2026-04-06,Mon,Grady,P3_H2_32_Tub3_Lacerate 90,10,8,,,W7-8,0.8,10,0.8,H2,32,P3_H2,H2_32_Tub3,H2_32
2026-04-06,Mon,Grady,P3_H2_32_Tub3_Lacerate 91,10,8,,,W7-8,0.8,10,0.8,H2,32,P3_H2,H2_32_Tub3,H2_32
2026-04-06,Mon,Grady,P1_H2_32_Tub3_Lacerate 92,7,,missing,,W7-8,0,7,0,H2,32,P1_H2,H2_32_Tub3,H2_32
2026-04-06,Mon,Grady,P1_H2_32_Tub3_Lacerate 93,7,,missing,,W7-8,0,7,0,H2,32,P1_H2,H2_32_Tub3,H2_32
2026-04-06,Mon,Grady,P1_H2_32_Tub3_Lacerate 94,7,,missing,,W7-8,0,7,0,H2,32,P1_H2,H2_32_Tub3,H2_32
2026-04-06,Mon,Grady,P3_H2_32_Tub3_Lacerate 95,7,9,,,W7-8,1.285714286,7,1.285714286,H2,32,P3_H2,H2_32_Tub3,H2_32
2026-04-06,Mon,Grady,P3_H2_32_Tub3_Lacerate 96,7,13,,,W7-8,1.857142857,7,1.857142857,H2,32,P3_H2,H2_32_Tub3,H2_32
2026-04-06,Mon,Grady,P1_H2_32_Tub3_Lacerate 97,7,13,,,W7-8,1.857142857,7,1.857142857,H2,32,P1_H2,H2_32_Tub3,H2_32
2026-04-06,Mon,Grady,P2_H2_32_Tub3_Lacerate 98,5,12,,,W7-8,2.4,5,2.4,H2,32,P2_H2,H2_32_Tub3,H2_32
2026-04-06,Mon,Grady,P2_H2_32_Tub3_Lacerate 99,5,6,,,W7-8,1.2,5,1.2,H2,32,P2_H2,H2_32_Tub3,H2_32
2026-04-06,Mon,Grady,P3_H2_32_Tub3_Lacerate 100,0,8,,,W7-8,#N/A,1.5,5.333333333,H2,32,P3_H2,H2_32_Tub3,H2_32
2026-04-06,Mon,Grady,P1_H2_32_Tub3_Lacerate 101,0,7,,,W7-8,#N/A,1.5,4.666666667,H2,32,P1_H2,H2_32_Tub3,H2_32
2026-04-06,Mon,Grady,P1_H2_32_Tub3_Lacerate 102,0,11,,,W7-8,#N/A,1.5,7.333333333,H2,32,P1_H2,H2_32_Tub3,H2_32
2026-04-06,Mon,Grady,P1_H2_32_Tub3_Lacerate 103,0,12,,,W7-8,#N/A,1.5,8,H2,32,P1_H2,H2_32_Tub3,H2_32
2026-04-06,Mon,Grady,P2_H2_32_Tub3_Lacerate 104,0,0,,,W7-8,#N/A,1.5,0,H2,32,P2_H2,H2_32_Tub3,H2_32
2026-04-06,Mon,Grady,P2_H2_32_Tub3_Lacerate 105,0,0,,,W7-8,#N/A,1.5,0,H2,32,P2_H2,H2_32_Tub3,H2_32
2026-04-06,Mon,Grady,P2_H2_32_Tub3_Lacerate 106,0,0,,,W7-8,#N/A,1.5,0,H2,32,P2_H2,H2_32_Tub3,H2_32
2026-04-06,Mon,Grady,P2_H2_32_Tub3_Lacerate 107,0,0,,,W7-8,#N/A,1.5,0,H2,32,P2_H2,H2_32_Tub3,H2_32
2026-04-06,Mon,Grady,P2_H2_32_Tub3_Lacerate 108,0,0,,,W7-8,#N/A,1.5,0,H2,32,P2_H2,H2_32_Tub3,H2_32
2026-04-06,Mon,Grady,PX_H2_32_Tub3_Lacerate 109,0,11,,,W7-8,#N/A,1.5,7.333333333,H2,32,PX_H2,H2_32_Tub3,H2_32
2026-04-06,Mon,Grady,PX_H2_32_Tub3_Lacerate 110,0,6,,,W7-8,#N/A,1.5,4,H2,32,PX_H2,H2_32_Tub3,H2_32
2026-04-06,Mon,Grady,PX_H2_32_Tub3_Lacerate 111,0,13,,,W7-8,#N/A,1.5,8.666666667,H2,32,PX_H2,H2_32_Tub3,H2_32
2026-04-06,Mon,Grady,PX_H2_32_Tub3_Lacerate 112,0,12,,,W7-8,#N/A,1.5,8,H2,32,PX_H2,H2_32_Tub3,H2_32
2026-04-06,Mon,Grady,PX_H2_32_Tub3_Lacerate 113,0,11,,,W7-8,#N/A,1.5,7.333333333,H2,32,PX_H2,H2_32_Tub3,H2_32
2026-04-06,Mon,Grady,PX_H2_32_Tub3_Lacerate 114,0,15,,,W7-8,#N/A,1.5,10,H2,32,PX_H2,H2_32_Tub3,H2_32
2026-04-06,Mon,Grady,P3_VWA_32_Tub1_Lacerate 75,12,0,,,W7-8,0,12,0,VWA,32,P3_VWA,VWA_32_Tub1,VWA_32
2026-04-06,Mon,Grady,P3_VWA_32_Tub1_Lacerate 76,12,0,,,W7-8,0,12,0,VWA,32,P3_VWA,VWA_32_Tub1,VWA_32
2026-04-06,Mon,Grady,P3_VWA_32_Tub1_Lacerate 77,12,0,,,W7-8,0,12,0,VWA,32,P3_VWA,VWA_32_Tub1,VWA_32
2026-04-06,Mon,Grady,P1_VWA_32_Tub1_Lacerate 78,12,10,,,W7-8,0.8333333333,12,0.8333333333,VWA,32,P1_VWA,VWA_32_Tub1,VWA_32
2026-04-06,Mon,Grady,P3_VWA_32_Tub1_Lacerate 79,12,0,,,W7-8,0,12,0,VWA,32,P3_VWA,VWA_32_Tub1,VWA_32
2026-04-06,Mon,Grady,P2_VWA_32_Tub1_Lacerate 80,12,0,,,W7-8,0,12,0,VWA,32,P2_VWA,VWA_32_Tub1,VWA_32
2026-04-06,Mon,Grady,P2_VWA_32_Tub1_Lacerate 81,12,0,,,W7-8,0,12,0,VWA,32,P2_VWA,VWA_32_Tub1,VWA_32
2026-04-06,Mon,Grady,P2_VWA_32_Tub1_Lacerate 82,10,12,,,W7-8,1.2,10,1.2,VWA,32,P2_VWA,VWA_32_Tub1,VWA_32
2026-04-06,Mon,Grady,P2_VWA_32_Tub1_Lacerate 83,10,0,,,W7-8,0,10,0,VWA,32,P2_VWA,VWA_32_Tub1,VWA_32
2026-04-06,Mon,Grady,P2_VWA_32_Tub1_Lacerate 84,10,13,,,W7-8,1.3,10,1.3,VWA,32,P2_VWA,VWA_32_Tub1,VWA_32
2026-04-06,Mon,Grady,P2_VWA_32_Tub1_Lacerate 85,10,,missing,,W7-8,0,10,0,VWA,32,P2_VWA,VWA_32_Tub1,VWA_32
2026-04-06,Mon,Grady,P2_VWA_32_Tub1_Lacerate 86,10,10,,,W7-8,1,10,1,VWA,32,P2_VWA,VWA_32_Tub1,VWA_32
2026-04-06,Mon,Grady,PX_VWA_32_Tub1_Lacerate 87,7,10,,,W7-8,1.428571429,7,1.428571429,VWA,32,PX_VWA,VWA_32_Tub1,VWA_32
2026-04-06,Mon,Grady,PX_VWA_32_Tub1_Lacerate 88,7,11,,,W7-8,1.571428571,7,1.571428571,VWA,32,PX_VWA,VWA_32_Tub1,VWA_32
2026-04-06,Mon,Grady,PX_VWA_32_Tub1_Lacerate 89,7,12,,,W7-8,1.714285714,7,1.714285714,VWA,32,PX_VWA,VWA_32_Tub1,VWA_32
2026-04-06,Mon,Grady,PX_VWA_32_Tub1_Lacerate 90,5,12,,,W7-8,2.4,5,2.4,VWA,32,PX_VWA,VWA_32_Tub1,VWA_32
2026-04-06,Mon,Grady,P2_VWA_32_Tub1_Lacerate 91,5,11,,,W7-8,2.2,5,2.2,VWA,32,P2_VWA,VWA_32_Tub1,VWA_32
2026-04-06,Mon,Grady,PX_VWA_32_Tub1_Lacerate 92,5,10,,,W7-8,2,5,2,VWA,32,PX_VWA,VWA_32_Tub1,VWA_32
2026-04-06,Mon,Grady,P1_VWA_32_Tub1_Lacerate 93,5,0,,,W7-8,0,5,0,VWA,32,P1_VWA,VWA_32_Tub1,VWA_32
2026-04-06,Mon,Grady,P1_VWA_32_Tub1_Lacerate 94,5,0,,,W7-8,0,5,0,VWA,32,P1_VWA,VWA_32_Tub1,VWA_32
2026-04-06,Mon,Grady,P1_VWA_32_Tub1_Lacerate 95,5,0,,,W7-8,0,5,0,VWA,32,P1_VWA,VWA_32_Tub1,VWA_32
2026-04-06,Mon,Grady,PX_VWA_32_Tub1_Lacerate 96,0,3,,,W7-8,#N/A,1.5,2,VWA,32,PX_VWA,VWA_32_Tub1,VWA_32
2026-04-06,Mon,Grady,PX_VWA_32_Tub1_Lacerate 97,0,9,,,W7-8,#N/A,1.5,6,VWA,32,PX_VWA,VWA_32_Tub1,VWA_32
2026-04-06,Mon,Grady,PX_VWA_32_Tub1_Lacerate 98,0,8,,,W7-8,#N/A,1.5,5.333333333,VWA,32,PX_VWA,VWA_32_Tub1,VWA_32
2026-04-06,Mon,Grady,PX_VWA_32_Tub1_Lacerate 99,0,10,,,W7-8,#N/A,1.5,6.666666667,VWA,32,PX_VWA,VWA_32_Tub1,VWA_32
2026-04-06,Mon,Grady,PX_VWA_32_Tub1_Lacerate 100,0,12,,,W7-8,#N/A,1.5,8,VWA,32,PX_VWA,VWA_32_Tub1,VWA_32
2026-04-06,Mon,Grady,PX_VWA_32_Tub1_Lacerate 101,0,12,,,W7-8,#N/A,1.5,8,VWA,32,PX_VWA,VWA_32_Tub1,VWA_32
2026-04-06,Mon,Grady,PX_VWA_32_Tub1_Lacerate 102,0,5,,,W7-8,#N/A,1.5,3.333333333,VWA,32,PX_VWA,VWA_32_Tub1,VWA_32
2026-04-06,Mon,Grady,P2_VWA_32_Tub2_Lacerate 41,12,8,,,W7-8,0.6666666667,12,0.6666666667,VWA,32,P2_VWA,VWA_32_Tub2,VWA_32
2026-04-06,Mon,Grady,P2_VWA_32_Tub2_Lacerate 42,12,10,,,W7-8,0.8333333333,12,0.8333333333,VWA,32,P2_VWA,VWA_32_Tub2,VWA_32
2026-04-06,Mon,Grady,P2_VWA_32_Tub2_Lacerate 43,12,10,,,W7-8,0.8333333333,12,0.8333333333,VWA,32,P2_VWA,VWA_32_Tub2,VWA_32
2026-04-06,Mon,Grady,P1_VWA_32_Tub2_Lacerate 44,12,6,,,W7-8,0.5,12,0.5,VWA,32,P1_VWA,VWA_32_Tub2,VWA_32
2026-04-06,Mon,Grady,P1_VWA_32_Tub2_Lacerate 45,12,9,,,W7-8,0.75,12,0.75,VWA,32,P1_VWA,VWA_32_Tub2,VWA_32
2026-04-06,Mon,Grady,P1_VWA_32_Tub2_Lacerate 46,10,14,,,W7-8,1.4,10,1.4,VWA,32,P1_VWA,VWA_32_Tub2,VWA_32
2026-04-06,Mon,Grady,P1_VWA_32_Tub2_Lacerate 47,10,8,,,W7-8,0.8,10,0.8,VWA,32,P1_VWA,VWA_32_Tub2,VWA_32
2026-04-06,Mon,Grady,P3_VWA_32_Tub2_Lacerate 48,10,11,,,W7-8,1.1,10,1.1,VWA,32,P3_VWA,VWA_32_Tub2,VWA_32
2026-04-06,Mon,Grady,P1_VWA_32_Tub2_Lacerate 49,7,6,,,W7-8,0.8571428571,7,0.8571428571,VWA,32,P1_VWA,VWA_32_Tub2,VWA_32
2026-04-06,Mon,Grady,P1_VWA_32_Tub2_Lacerate 50,7,0,,,W7-8,0,7,0,VWA,32,P1_VWA,VWA_32_Tub2,VWA_32
2026-04-06,Mon,Grady,P2_VWA_32_Tub2_Lacerate 51,7,12,,,W7-8,1.714285714,7,1.714285714,VWA,32,P2_VWA,VWA_32_Tub2,VWA_32
2026-04-06,Mon,Grady,P2_VWA_32_Tub2_Lacerate 52,7,10,,,W7-8,1.428571429,7,1.428571429,VWA,32,P2_VWA,VWA_32_Tub2,VWA_32
2026-04-06,Mon,Grady,P2_VWA_32_Tub2_Lacerate 53,7,8,,,W7-8,1.142857143,7,1.142857143,VWA,32,P2_VWA,VWA_32_Tub2,VWA_32
2026-04-06,Mon,Grady,PX_VWA_32_Tub2_Lacerate 54,7,13,,,W7-8,1.857142857,7,1.857142857,VWA,32,PX_VWA,VWA_32_Tub2,VWA_32
2026-04-06,Mon,Grady,PX_VWA_32_Tub2_Lacerate 55,7,10,,,W7-8,1.428571429,7,1.428571429,VWA,32,PX_VWA,VWA_32_Tub2,VWA_32
2026-04-06,Mon,Grady,P1_VWA_32_Tub2_Lacerate 56,5,0,,,W7-8,0,5,0,VWA,32,P1_VWA,VWA_32_Tub2,VWA_32
2026-04-06,Mon,Grady,P1_VWA_32_Tub2_Lacerate 57,5,0,,,W7-8,0,5,0,VWA,32,P1_VWA,VWA_32_Tub2,VWA_32
2026-04-06,Mon,Grady,P1_VWA_32_Tub2_Lacerate 58,5,,missing,,W7-8,0,5,0,VWA,32,P1_VWA,VWA_32_Tub2,VWA_32
2026-04-06,Mon,Grady,P1_VWA_32_Tub2_Lacerate 59,5,,missing,,W7-8,0,5,0,VWA,32,P1_VWA,VWA_32_Tub2,VWA_32
2026-04-06,Mon,Grady,P1_VWA_32_Tub2_Lacerate 60,5,,missing,,W7-8,0,5,0,VWA,32,P1_VWA,VWA_32_Tub2,VWA_32
2026-04-06,Mon,Grady,P1_VWA_32_Tub2_Lacerate 61,5,,missing,,W7-8,0,5,0,VWA,32,P1_VWA,VWA_32_Tub2,VWA_32
2026-04-06,Mon,Grady,P1_VWA_32_Tub2_Lacerate 62,5,,missing,,W7-8,0,5,0,VWA,32,P1_VWA,VWA_32_Tub2,VWA_32
2026-04-06,Mon,Grady,PX_VWA_32_Tub2_Lacerate 63,5,11,,,W7-8,2.2,5,2.2,VWA,32,PX_VWA,VWA_32_Tub2,VWA_32
2026-04-06,Mon,Grady,PX_VWA_32_Tub2_Lacerate 64,5,14,,,W7-8,2.8,5,2.8,VWA,32,PX_VWA,VWA_32_Tub2,VWA_32
2026-04-06,Mon,Grady,P3_VWA_32_Tub2_Lacerate 65,3,12,,,W7-8,4,3,4,VWA,32,P3_VWA,VWA_32_Tub2,VWA_32
2026-04-06,Mon,Grady,PX_VWA_32_Tub2_Lacerate 66,0,8,,,W7-8,#N/A,1.5,5.333333333,VWA,32,PX_VWA,VWA_32_Tub2,VWA_32
2026-04-06,Mon,Grady,PX_VWA_32_Tub2_Lacerate 67,0,11,,,W7-8,#N/A,1.5,7.333333333,VWA,32,PX_VWA,VWA_32_Tub2,VWA_32
2026-04-06,Mon,Grady,PX_VWA_32_Tub2_Lacerate 68,0,11,,,W7-8,#N/A,1.5,7.333333333,VWA,32,PX_VWA,VWA_32_Tub2,VWA_32
2026-04-06,Mon,Grady,PX_VWA_32_Tub2_Lacerate 69,0,8,,,W7-8,#N/A,1.5,5.333333333,VWA,32,PX_VWA,VWA_32_Tub2,VWA_32
2026-04-06,Mon,Grady,P1_VWA_32_Tub3_Lacerate 45,12,12,,,W7-8,1,12,1,VWA,32,P1_VWA,VWA_32_Tub3,VWA_32
2026-04-06,Mon,Grady,P2_VWA_32_Tub3_Lacerate 46,7,10,,,W7-8,1.428571429,7,1.428571429,VWA,32,P2_VWA,VWA_32_Tub3,VWA_32
2026-04-06,Mon,Grady,P3_VWA_32_Tub3_Lacerate 47,7,8,,,W7-8,1.142857143,7,1.142857143,VWA,32,P3_VWA,VWA_32_Tub3,VWA_32
2026-04-06,Mon,Grady,P3_VWA_32_Tub3_Lacerate 48,7,0,,,W7-8,0,7,0,VWA,32,P3_VWA,VWA_32_Tub3,VWA_32
2026-04-06,Mon,Grady,P2_VWA_32_Tub3_Lacerate 49,5,0,,,W7-8,0,5,0,VWA,32,P2_VWA,VWA_32_Tub3,VWA_32
2026-04-06,Mon,Grady,P1_VWA_32_Tub3_Lacerate 50,5,11,,,W7-8,2.2,5,2.2,VWA,32,P1_VWA,VWA_32_Tub3,VWA_32
2026-04-06,Mon,Grady,P2_VWA_32_Tub3_Lacerate 51,3,12,,,W7-8,4,3,4,VWA,32,P2_VWA,VWA_32_Tub3,VWA_32
2026-04-06,Mon,Grady,PX_VWA_32_Tub3_Lacerate 52,0,14,,,W7-8,#N/A,1.5,9.333333333,VWA,32,PX_VWA,VWA_32_Tub3,VWA_32
2026-04-06,Mon,Grady,PX_VWA_32_Tub3_Lacerate 53,0,9,,,W7-8,#N/A,1.5,6,VWA,32,PX_VWA,VWA_32_Tub3,VWA_32
2026-04-06,Mon,Grady,PX_VWA_32_Tub3_Lacerate 54,0,15,,,W7-8,#N/A,1.5,10,VWA,32,PX_VWA,VWA_32_Tub3,VWA_32
2026-04-06,Mon,Grady,P1_VWA_32_Tub3_Lacerate 55,0,4,,,W7-8,#N/A,1.5,2.666666667,VWA,32,P1_VWA,VWA_32_Tub3,VWA_32
2026-04-06,Mon,Grady,PX_VWA_32_Tub3_Lacerate 56,0,8,,,W7-8,#N/A,1.5,5.333333333,VWA,32,PX_VWA,VWA_32_Tub3,VWA_32
2026-04-06,Mon,Grady,PX_VWA_32_Tub3_Lacerate 57,0,6,,,W7-8,#N/A,1.5,4,VWA,32,PX_VWA,VWA_32_Tub3,VWA_32
2026-04-06,Mon,Grady,PX_VWA_32_Tub3_Lacerate 58,0,12,,,W7-8,#N/A,1.5,8,VWA,32,PX_VWA,VWA_32_Tub3,VWA_32
2026-04-06,Mon,Grady,PX_VWA_32_Tub3_Lacerate 59,0,20,,,W7-8,#N/A,1.5,13.33333333,VWA,32,PX_VWA,VWA_32_Tub3,VWA_32
2026-04-06,Mon,Grady,PX_VWA_32_Tub3_Lacerate 60,0,12,,,W7-8,#N/A,1.5,8,VWA,32,PX_VWA,VWA_32_Tub3,VWA_32
2026-04-06,Mon,Grady,PX_VWA_32_Tub3_Lacerate 61,0,15,,,W7-8,#N/A,1.5,10,VWA,32,PX_VWA,VWA_32_Tub3,VWA_32
2026-04-06,Mon,Grady,P3_VWA_32_Tub3_Lacerate 62,0,7,,,W7-8,#N/A,1.5,4.666666667,VWA,32,P3_VWA,VWA_32_Tub3,VWA_32
2026-04-06,Mon,Grady,P3_VWA_32_Tub3_Lacerate 63,0,6,,,W7-8,#N/A,1.5,4,VWA,32,P3_VWA,VWA_32_Tub3,VWA_32
2026-04-06,Mon,Grady,P3_VWA_32_Tub3_Lacerate 64,0,6,,,W7-8,#N/A,1.5,4,VWA,32,P3_VWA,VWA_32_Tub3,VWA_32
2026-04-07,Tue,Maddox,P2_H2_25_Tub1_Lacerate 157,0,2,alive,,W9-10,#N/A,,,H2,25,P2_H2,H2_25_Tub1,H2_25
2026-04-07,Tue,Maddox,P2_H2_25_Tub1_Lacerate 158,0,5,alive,,W9-10,#N/A,,,H2,25,P2_H2,H2_25_Tub1,H2_25
2026-04-07,Tue,Maddox,P3_H2_25_Tub1_Lacerate 159,0,0,alive,,W9-10,#N/A,,,H2,25,P3_H2,H2_25_Tub1,H2_25
2026-04-07,Tue,Maddox,P1_H2_25_Tub1_Lacerate 160,0,2,alive,,W9-10,#N/A,,,H2,25,P1_H2,H2_25_Tub1,H2_25
2026-04-07,Tue,Maddox,P1_H2_25_Tub1_Lacerate 161,0,0,alive,,W9-10,#N/A,,,H2,25,P1_H2,H2_25_Tub1,H2_25
2026-04-07,Tue,Maddox,P3_H2_25_Tub2_Lacerate 106,0,0,alive,,W9-10,#N/A,,,H2,25,P3_H2,H2_25_Tub2,H2_25
2026-04-07,Tue,Maddox,P3_H2_25_Tub2_Lacerate 107,0,0,alive,,W9-10,#N/A,,,H2,25,P3_H2,H2_25_Tub2,H2_25
2026-04-07,Tue,Maddox,P3_H2_25_Tub2_Lacerate 108,0,0,alive,,W9-10,#N/A,,,H2,25,P3_H2,H2_25_Tub2,H2_25
2026-04-07,Tue,Maddox,P3_H2_25_Tub2_Lacerate 109,0,0,alive,,W9-10,#N/A,,,H2,25,P3_H2,H2_25_Tub2,H2_25
2026-04-07,Tue,Maddox,P3_H2_25_Tub2_Lacerate 110,0,0,alive,,W9-10,#N/A,,,H2,25,P3_H2,H2_25_Tub2,H2_25
2026-04-07,Tue,Maddox,P3_H2_25_Tub2_Lacerate 111,0,0,alive,,W9-10,#N/A,,,H2,25,P3_H2,H2_25_Tub2,H2_25
2026-04-07,Tue,Maddox,P3_H2_25_Tub2_Lacerate 112,0,0,alive,,W9-10,#N/A,,,H2,25,P3_H2,H2_25_Tub2,H2_25
2026-04-07,Tue,Maddox,P3_H2_25_Tub3_Lacerate 111,0,3,alive,,W9-10,#N/A,,,H2,25,P3_H2,H2_25_Tub3,H2_25
2026-04-07,Tue,Maddox,P3_H2_25_Tub3_Lacerate 112,0,0,alive,,W9-10,#N/A,,,H2,25,P3_H2,H2_25_Tub3,H2_25
2026-04-07,Tue,Maddox,P2_VWA_25_Tub1_Lacerate 137,0,1,alive,,W9-10,#N/A,,,VWA,25,P2_VWA,VWA_25_Tub1,VWA_25
2026-04-07,Tue,Maddox,P3_VWA_25_Tub1_Lacerate 138,0,4,alive,,W9-10,#N/A,,,VWA,25,P3_VWA,VWA_25_Tub1,VWA_25
2026-04-07,Tue,Maddox,P3_VWA_25_Tub1_Lacerate 139,0,3,alive,,W9-10,#N/A,,,VWA,25,P3_VWA,VWA_25_Tub1,VWA_25
2026-04-07,Tue,Maddox,P1_VWA_25_Tub2_Lacerate 74,0,0,alive,,W9-10,#N/A,,,VWA,25,P1_VWA,VWA_25_Tub2,VWA_25
2026-04-07,Tue,Maddox,P1_VWA_25_Tub2_Lacerate 75,0,0,alive,,W9-10,#N/A,,,VWA,25,P1_VWA,VWA_25_Tub2,VWA_25
2026-04-07,Tue,Maddox,P1_VWA_25_Tub2_Lacerate 76,0,0,alive,,W9-10,#N/A,,,VWA,25,P1_VWA,VWA_25_Tub2,VWA_25
2026-04-07,Tue,Maddox,P1_VWA_25_Tub2_Lacerate 77,0,0,alive,,W9-10,#N/A,,,VWA,25,P1_VWA,VWA_25_Tub2,VWA_25
2026-04-07,Tue,Maddox,P1_VWA_25_Tub2_Lacerate 78,0,0,alive,,W9-10,#N/A,,,VWA,25,P1_VWA,VWA_25_Tub2,VWA_25
2026-04-07,Tue,Maddox,P1_VWA_25_Tub2_Lacerate 79,0,0,alive,,W9-10,#N/A,,,VWA,25,P1_VWA,VWA_25_Tub2,VWA_25
2026-04-07,Tue,Maddox,P1_VWA_25_Tub2_Lacerate 80,0,0,alive,,W9-10,#N/A,,,VWA,25,P1_VWA,VWA_25_Tub2,VWA_25
2026-04-07,Tue,Maddox,P1_VWA_25_Tub2_Lacerate 81,0,0,alive,,W9-10,#N/A,,,VWA,25,P1_VWA,VWA_25_Tub2,VWA_25
2026-04-07,Tue,Maddox,P1_VWA_25_Tub2_Lacerate 82,0,0,alive,,W9-10,#N/A,,,VWA,25,P1_VWA,VWA_25_Tub2,VWA_25
2026-04-07,Tue,Maddox,P1_VWA_25_Tub2_Lacerate 83,0,0,alive,,W9-10,#N/A,,,VWA,25,P1_VWA,VWA_25_Tub2,VWA_25
2026-04-07,Tue,Maddox,P1_VWA_25_Tub2_Lacerate 84,0,0,alive,,W9-10,#N/A,,,VWA,25,P1_VWA,VWA_25_Tub2,VWA_25
2026-04-07,Tue,Maddox,P3_VWA_25_Tub3_Lacerate 97,0,1,alive,,W9-10,#N/A,,,VWA,25,P3_VWA,VWA_25_Tub3,VWA_25
2026-04-07,Tue,Maddox,P3_VWA_25_Tub3_Lacerate 98,0,0,alive,,W9-10,#N/A,,,VWA,25,P3_VWA,VWA_25_Tub3,VWA_25
2026-04-07,Tue,Maddox,P3_VWA_25_Tub3_Lacerate 99,0,0,alive,,W9-10,#N/A,,,VWA,25,P3_VWA,VWA_25_Tub3,VWA_25
2026-04-07,Tue,Maddox,P3_VWA_25_Tub3_Lacerate 100,0,0,alive,,W9-10,#N/A,,,VWA,25,P3_VWA,VWA_25_Tub3,VWA_25
2026-04-07,Tue,Maddox,P3_VWA_25_Tub3_Lacerate 101,0,0,alive,,W9-10,#N/A,,,VWA,25,P3_VWA,VWA_25_Tub3,VWA_25
2026-04-07,Tue,Maddox,P3_VWA_25_Tub3_Lacerate 102,0,4,alive,,W9-10,#N/A,,,VWA,25,P3_VWA,VWA_25_Tub3,VWA_25
2026-04-07,Tue,Maddox,P3_VWA_25_Tub3_Lacerate 103,0,0,alive,,W9-10,#N/A,,,VWA,25,P3_VWA,VWA_25_Tub3,VWA_25
2026-04-07,Tue,Maddox,P3_VWA_25_Tub3_Lacerate 104,0,0,alive,,W9-10,#N/A,,,VWA,25,P3_VWA,VWA_25_Tub3,VWA_25
2026-04-07,Tue,Maddox,P1_H2_32_Tub3_Lacerate 115,0,0,alive,,W9-10,#N/A,,,H2,32,P1_H2,H2_32_Tub3,H2_32
2026-04-07,Tue,Maddox,P2_H2_32_Tub3_Lacerate 116,0,0,alive,,W9-10,#N/A,,,H2,32,P2_H2,H2_32_Tub3,H2_32
2026-04-07,Tue,Maddox,P2_H2_32_Tub3_Lacerate 117,0,4,alive,,W9-10,#N/A,,,H2,32,P2_H2,H2_32_Tub3,H2_32
2026-04-07,Tue,Maddox,P2_H2_32_Tub3_Lacerate 118,0,0,alive,,W9-10,#N/A,,,H2,32,P2_H2,H2_32_Tub3,H2_32
2026-04-07,Tue,Maddox,P2_H2_32_Tub3_Lacerate 119,0,0,alive,,W9-10,#N/A,,,H2,32,P2_H2,H2_32_Tub3,H2_32
2026-04-07,Tue,Maddox,P2_VWA_32_Tub1_Lacerate 103,0,0,alive,,W9-10,#N/A,,,VWA,32,P2_VWA,VWA_32_Tub1,VWA_32
2026-04-07,Tue,Maddox,PX_VWA_32_Tub2_Lacerate 70,0,3,alive,,W9-10,#N/A,,,VWA,32,PX_VWA,VWA_32_Tub2,VWA_32
2026-04-07,Tue,Maddox,PX_VWA_32_Tub2_Lacerate 71,0,0,alive,,W9-10,#N/A,,,VWA,32,PX_VWA,VWA_32_Tub2,VWA_32
2026-04-07,Tue,Maddox,PX_VWA_32_Tub2_Lacerate 72,0,3,alive,,W9-10,#N/A,,,VWA,32,PX_VWA,VWA_32_Tub2,VWA_32
2026-04-07,Tue,Maddox,PX_VWA_32_Tub2_Lacerate 73,0,0,alive,,W9-10,#N/A,,,VWA,32,PX_VWA,VWA_32_Tub2,VWA_32
2026-04-07,Tue,Maddox,P3_VWA_32_Tub3_Lacerate 65,0,0,alive,,W9-10,#N/A,,,VWA,32,P3_VWA,VWA_32_Tub3,VWA_32
2026-04-07,Tue,Maddox,P3_VWA_32_Tub3_Lacerate 66,0,4,alive,,W9-10,#N/A,,,VWA,32,P3_VWA,VWA_32_Tub3,VWA_32
2026-04-07,Tue,Maddox,P3_VWA_32_Tub3_Lacerate 67,0,0,alive,,W9-10,#N/A,,,VWA,32,P3_VWA,VWA_32_Tub3,VWA_32
2026-04-08,Wed,Grady,P2_H2_25_Tub1_Lacerate 157,1,0,alive,,W9-10,0,,,H2,25,P2_H2,H2_25_Tub1,H2_25
2026-04-08,Wed,Grady,P2_H2_25_Tub1_Lacerate 158,1,5,alive,,W9-10,5,,,H2,25,P2_H2,H2_25_Tub1,H2_25
2026-04-08,Wed,Grady,P3_H2_25_Tub1_Lacerate 159,1,3,alive,,W9-10,3,,,H2,25,P3_H2,H2_25_Tub1,H2_25
2026-04-08,Wed,Grady,P1_H2_25_Tub1_Lacerate 160,1,0,alive,,W9-10,0,,,H2,25,P1_H2,H2_25_Tub1,H2_25
2026-04-08,Wed,Grady,P1_H2_25_Tub1_Lacerate 161,1,4,alive,,W9-10,4,,,H2,25,P1_H2,H2_25_Tub1,H2_25
2026-04-08,Wed,Grady,P2_H2_25_Tub1_Lacerate 162,1,1,alive,,W9-10,1,,,H2,25,P2_H2,H2_25_Tub1,H2_25
2026-04-08,Wed,Grady,P3_H2_25_Tub2_Lacerate 106,1,0,alive,,W9-10,0,,,H2,25,P3_H2,H2_25_Tub2,H2_25
2026-04-08,Wed,Grady,P3_H2_25_Tub2_Lacerate 107,1,0,alive,,W9-10,0,,,H2,25,P3_H2,H2_25_Tub2,H2_25
2026-04-08,Wed,Grady,P3_H2_25_Tub2_Lacerate 108,1,0,alive,,W9-10,0,,,H2,25,P3_H2,H2_25_Tub2,H2_25
2026-04-08,Wed,Grady,P3_H2_25_Tub2_Lacerate 109,1,8,alive,,W9-10,8,,,H2,25,P3_H2,H2_25_Tub2,H2_25
2026-04-08,Wed,Grady,P3_H2_25_Tub2_Lacerate 110,1,0,alive,,W9-10,0,,,H2,25,P3_H2,H2_25_Tub2,H2_25
2026-04-08,Wed,Grady,P3_H2_25_Tub2_Lacerate 111,1,3,alive,,W9-10,3,,,H2,25,P3_H2,H2_25_Tub2,H2_25
2026-04-08,Wed,Grady,P3_H2_25_Tub2_Lacerate 112,1,6,alive,,W9-10,6,,,H2,25,P3_H2,H2_25_Tub2,H2_25
2026-04-08,Wed,Grady,P3_H2_25_Tub2_Lacerate 113,1,5,alive,,W9-10,5,,,H2,25,P3_H2,H2_25_Tub2,H2_25
2026-04-08,Wed,Grady,P2_H2_25_Tub2_Lacerate 114,1,5,alive,,W9-10,5,,,H2,25,P2_H2,H2_25_Tub2,H2_25
2026-04-08,Wed,Grady,P2_H2_25_Tub2_Lacerate 115,1,6,alive,,W9-10,6,,,H2,25,P2_H2,H2_25_Tub2,H2_25
2026-04-08,Wed,Grady,P2_H2_25_Tub2_Lacerate 116,1,7,alive,,W9-10,7,,,H2,25,P2_H2,H2_25_Tub2,H2_25
2026-04-08,Wed,Grady,P3_H2_25_Tub3_Lacerate 111,1,10,alive,,W9-10,10,,,H2,25,P3_H2,H2_25_Tub3,H2_25
2026-04-08,Wed,Grady,P3_H2_25_Tub3_Lacerate 112,1,0,alive,,W9-10,0,,,H2,25,P3_H2,H2_25_Tub3,H2_25
2026-04-08,Wed,Grady,PX_H2_25_Tub3_Lacerate 113,1,10,alive,,W9-10,10,,,H2,25,PX_H2,H2_25_Tub3,H2_25
2026-04-08,Wed,Grady,P2_H2_25_Tub3_Lacerate 114,1,0,alive,,W9-10,0,,,H2,25,P2_H2,H2_25_Tub3,H2_25
2026-04-08,Wed,Grady,P1_H2_25_Tub3_Lacerate 115,1,7,alive,,W9-10,7,,,H2,25,P1_H2,H2_25_Tub3,H2_25
2026-04-08,Wed,Grady,P2_VWA_25_Tub1_Lacerate 137,1,9,alive,,W9-10,9,,,VWA,25,P2_VWA,VWA_25_Tub1,VWA_25
2026-04-08,Wed,Grady,P3_VWA_25_Tub1_Lacerate 138,1,5,alive,,W9-10,5,,,VWA,25,P3_VWA,VWA_25_Tub1,VWA_25
2026-04-08,Wed,Grady,P3_VWA_25_Tub1_Lacerate 139,1,9,alive,,W9-10,9,,,VWA,25,P3_VWA,VWA_25_Tub1,VWA_25
2026-04-08,Wed,Grady,P1_VWA_25_Tub1_Lacerate 140,1,6,alive,attached to detached parent,W9-10,6,,,VWA,25,P1_VWA,VWA_25_Tub1,VWA_25
2026-04-08,Wed,Grady,PX_VWA_25_Tub1_Lacerate 141,1,10,alive,,W9-10,10,,,VWA,25,PX_VWA,VWA_25_Tub1,VWA_25
2026-04-08,Wed,Grady,P3_VWA_25_Tub1_Lacerate 142,1,7,alive,,W9-10,7,,,VWA,25,P3_VWA,VWA_25_Tub1,VWA_25
2026-04-08,Wed,Grady,PX_VWA_25_Tub1_Lacerate 143,1,6,alive,,W9-10,6,,,VWA,25,PX_VWA,VWA_25_Tub1,VWA_25
2026-04-08,Wed,Grady,P2_VWA_25_Tub1_Lacerate 144,1,6,alive,,W9-10,6,,,VWA,25,P2_VWA,VWA_25_Tub1,VWA_25
2026-04-08,Wed,Grady,P2_VWA_25_Tub1_Lacerate 145,1,6,alive,,W9-10,6,,,VWA,25,P2_VWA,VWA_25_Tub1,VWA_25
2026-04-08,Wed,Grady,P2_VWA_25_Tub1_Lacerate 146,1,8,alive,,W9-10,8,,,VWA,25,P2_VWA,VWA_25_Tub1,VWA_25
2026-04-08,Wed,Grady,P1_VWA_25_Tub2_Lacerate 74,1,0,,,W9-10,0,,,VWA,25,P1_VWA,VWA_25_Tub2,VWA_25
2026-04-08,Wed,Grady,P1_VWA_25_Tub2_Lacerate 75,1,0,,,W9-10,0,,,VWA,25,P1_VWA,VWA_25_Tub2,VWA_25
2026-04-08,Wed,Grady,P1_VWA_25_Tub2_Lacerate 76,1,0,,,W9-10,0,,,VWA,25,P1_VWA,VWA_25_Tub2,VWA_25
2026-04-08,Wed,Grady,P1_VWA_25_Tub2_Lacerate 77,1,0,,,W9-10,0,,,VWA,25,P1_VWA,VWA_25_Tub2,VWA_25
2026-04-08,Wed,Grady,P1_VWA_25_Tub2_Lacerate 78,1,0,,,W9-10,0,,,VWA,25,P1_VWA,VWA_25_Tub2,VWA_25
2026-04-08,Wed,Grady,P1_VWA_25_Tub2_Lacerate 79,1,0,,,W9-10,0,,,VWA,25,P1_VWA,VWA_25_Tub2,VWA_25
2026-04-08,Wed,Grady,P1_VWA_25_Tub2_Lacerate 80,1,0,,,W9-10,0,,,VWA,25,P1_VWA,VWA_25_Tub2,VWA_25
2026-04-08,Wed,Grady,P1_VWA_25_Tub2_Lacerate 81,1,0,,,W9-10,0,,,VWA,25,P1_VWA,VWA_25_Tub2,VWA_25
2026-04-08,Wed,Grady,P1_VWA_25_Tub2_Lacerate 82,1,0,,,W9-10,0,,,VWA,25,P1_VWA,VWA_25_Tub2,VWA_25
2026-04-08,Wed,Grady,P1_VWA_25_Tub2_Lacerate 83,1,0,,,W9-10,0,,,VWA,25,P1_VWA,VWA_25_Tub2,VWA_25
2026-04-08,Wed,Grady,P1_VWA_25_Tub2_Lacerate 84,1,0,,,W9-10,0,,,VWA,25,P1_VWA,VWA_25_Tub2,VWA_25
2026-04-08,Wed,Grady,P3_VWA_25_Tub3_Lacerate 97,1,10,,,W9-10,10,,,VWA,25,P3_VWA,VWA_25_Tub3,VWA_25
2026-04-08,Wed,Grady,P3_VWA_25_Tub3_Lacerate 98,1,0,,,W9-10,0,,,VWA,25,P3_VWA,VWA_25_Tub3,VWA_25
2026-04-08,Wed,Grady,P3_VWA_25_Tub3_Lacerate 99,1,0,,,W9-10,0,,,VWA,25,P3_VWA,VWA_25_Tub3,VWA_25
2026-04-08,Wed,Grady,P3_VWA_25_Tub3_Lacerate 100,1,0,,,W9-10,0,,,VWA,25,P3_VWA,VWA_25_Tub3,VWA_25
2026-04-08,Wed,Grady,P3_VWA_25_Tub3_Lacerate 101,1,0,,,W9-10,0,,,VWA,25,P3_VWA,VWA_25_Tub3,VWA_25
2026-04-08,Wed,Grady,P3_VWA_25_Tub3_Lacerate 102,1,12,,,W9-10,12,,,VWA,25,P3_VWA,VWA_25_Tub3,VWA_25
2026-04-08,Wed,Grady,P3_VWA_25_Tub3_Lacerate 103,1,0,,,W9-10,0,,,VWA,25,P3_VWA,VWA_25_Tub3,VWA_25
2026-04-08,Wed,Grady,P3_VWA_25_Tub3_Lacerate 104,1,0,,,W9-10,0,,,VWA,25,P3_VWA,VWA_25_Tub3,VWA_25
2026-04-08,Wed,Grady,PX_VWA_25_Tub3_Lacerate 105,1,11,,,W9-10,11,,,VWA,25,PX_VWA,VWA_25_Tub3,VWA_25
2026-04-08,Wed,Grady,P3_VWA_25_Tub3_Lacerate 106,1,0,,,W9-10,0,,,VWA,25,P3_VWA,VWA_25_Tub3,VWA_25
2026-04-08,Wed,Grady,P3_VWA_25_Tub3_Lacerate 107,1,0,,,W9-10,0,,,VWA,25,P3_VWA,VWA_25_Tub3,VWA_25
2026-04-08,Wed,Grady,P3_VWA_25_Tub3_Lacerate 108,1,0,,,W9-10,0,,,VWA,25,P3_VWA,VWA_25_Tub3,VWA_25
2026-04-08,Wed,Grady,P3_VWA_25_Tub3_Lacerate 109,1,0,,,W9-10,0,,,VWA,25,P3_VWA,VWA_25_Tub3,VWA_25
2026-04-08,Wed,Grady,PX_VWA_25_Tub3_Lacerate 110,1,4,,,W9-10,4,,,VWA,25,PX_VWA,VWA_25_Tub3,VWA_25
2026-04-08,Wed,Grady,P2_VWA_25_Tub3_Lacerate 111,1,0,,,W9-10,0,,,VWA,25,P2_VWA,VWA_25_Tub3,VWA_25
2026-04-08,Wed,Grady,P3_H2_32_Tub1_Lacerate 102,1,0,,,W9-10,0,,,H2,32,P3_H2,H2_32_Tub1,H2_32
2026-04-08,Wed,Grady,P2_H2_32_Tub1_Lacerate 103,1,0,,,W9-10,0,,,H2,32,P2_H2,H2_32_Tub1,H2_32
2026-04-08,Wed,Grady,P1_H2_32_Tub2_Lacerate 125,1,10,,,W9-10,10,,,H2,32,P1_H2,H2_32_Tub2,H2_32
2026-04-08,Wed,Grady,P1_H2_32_Tub2_Lacerate 126,1,0,,,W9-10,0,,,H2,32,P1_H2,H2_32_Tub2,H2_32
2026-04-08,Wed,Grady,P1_H2_32_Tub2_Lacerate 127,1,0,,,W9-10,0,,,H2,32,P1_H2,H2_32_Tub2,H2_32
2026-04-08,Wed,Grady,P1_H2_32_Tub2_Lacerate 128,1,0,,,W9-10,0,,,H2,32,P1_H2,H2_32_Tub2,H2_32
2026-04-08,Wed,Grady,P1_H2_32_Tub2_Lacerate 129,1,0,,,W9-10,0,,,H2,32,P1_H2,H2_32_Tub2,H2_32
2026-04-08,Wed,Grady,P1_H2_32_Tub2_Lacerate 130,1,0,,,W9-10,0,,,H2,32,P1_H2,H2_32_Tub2,H2_32
2026-04-08,Wed,Grady,P1_H2_32_Tub2_Lacerate 131,1,7,,,W9-10,7,,,H2,32,P1_H2,H2_32_Tub2,H2_32
2026-04-08,Wed,Grady,P3_H2_32_Tub2_Lacerate 132,1,0,,,W9-10,0,,,H2,32,P3_H2,H2_32_Tub2,H2_32
2026-04-08,Wed,Grady,P2_H2_32_Tub2_Lacerate 133,1,5,,,W9-10,5,,,H2,32,P2_H2,H2_32_Tub2,H2_32
2026-04-08,Wed,Grady,P1_H2_32_Tub3_Lacerate 115,1,0,,,W9-10,0,,,H2,32,P1_H2,H2_32_Tub3,H2_32
2026-04-08,Wed,Grady,P2_H2_32_Tub3_Lacerate 116,1,0,,,W9-10,0,,,H2,32,P2_H2,H2_32_Tub3,H2_32
2026-04-08,Wed,Grady,P2_H2_32_Tub3_Lacerate 117,1,0,,,W9-10,0,,,H2,32,P2_H2,H2_32_Tub3,H2_32
2026-04-08,Wed,Grady,P2_H2_32_Tub3_Lacerate 118,1,9,,,W9-10,9,,,H2,32,P2_H2,H2_32_Tub3,H2_32
2026-04-08,Wed,Grady,P2_H2_32_Tub3_Lacerate 119,1,0,,,W9-10,0,,,H2,32,P2_H2,H2_32_Tub3,H2_32
2026-04-08,Wed,Grady,P3_H2_32_Tub3_Lacerate 120,1,0,,,W9-10,0,,,H2,32,P3_H2,H2_32_Tub3,H2_32
2026-04-08,Wed,Grady,P3_H2_32_Tub3_Lacerate 121,1,4,,,W9-10,4,,,H2,32,P3_H2,H2_32_Tub3,H2_32
2026-04-08,Wed,Grady,P3_H2_32_Tub3_Lacerate 122,1,0,,,W9-10,0,,,H2,32,P3_H2,H2_32_Tub3,H2_32
2026-04-08,Wed,Grady,P3_H2_32_Tub3_Lacerate 123,1,0,,,W9-10,0,,,H2,32,P3_H2,H2_32_Tub3,H2_32
2026-04-08,Wed,Grady,P3_H2_32_Tub3_Lacerate 124,1,0,,,W9-10,0,,,H2,32,P3_H2,H2_32_Tub3,H2_32
2026-04-08,Wed,Grady,P2_VWA_32_Tub1_Lacerate 103,1,0,,,W9-10,0,,,VWA,32,P2_VWA,VWA_32_Tub1,VWA_32
2026-04-08,Wed,Grady,PX_VWA_32_Tub1_Lacerate 104,1,10,,,W9-10,10,,,VWA,32,PX_VWA,VWA_32_Tub1,VWA_32
2026-04-08,Wed,Grady,PX_VWA_32_Tub1_Lacerate 105,1,8,,,W9-10,8,,,VWA,32,PX_VWA,VWA_32_Tub1,VWA_32
2026-04-08,Wed,Grady,P1_VWA_32_Tub1_Lacerate 106,1,0,,,W9-10,0,,,VWA,32,P1_VWA,VWA_32_Tub1,VWA_32
2026-04-08,Wed,Grady,P1_VWA_32_Tub1_Lacerate 107,1,0,,,W9-10,0,,,VWA,32,P1_VWA,VWA_32_Tub1,VWA_32
2026-04-08,Wed,Grady,P1_VWA_32_Tub1_Lacerate 108,1,0,,,W9-10,0,,,VWA,32,P1_VWA,VWA_32_Tub1,VWA_32
2026-04-08,Wed,Grady,P1_VWA_32_Tub1_Lacerate 109,1,0,,,W9-10,0,,,VWA,32,P1_VWA,VWA_32_Tub1,VWA_32
2026-04-08,Wed,Grady,PX_VWA_32_Tub1_Lacerate 110,1,0,,,W9-10,0,,,VWA,32,PX_VWA,VWA_32_Tub1,VWA_32
2026-04-08,Wed,Grady,PX_VWA_32_Tub1_Lacerate 111,1,6,,,W9-10,6,,,VWA,32,PX_VWA,VWA_32_Tub1,VWA_32
2026-04-08,Wed,Grady,P2_VWA_32_Tub1_Lacerate 112,1,0,,,W9-10,0,,,VWA,32,P2_VWA,VWA_32_Tub1,VWA_32
2026-04-08,Wed,Grady,P2_VWA_32_Tub1_Lacerate 113,1,0,,,W9-10,0,,,VWA,32,P2_VWA,VWA_32_Tub1,VWA_32
2026-04-08,Wed,Grady,PX_VWA_32_Tub2_Lacerate 70,1,7,,,W9-10,7,,,VWA,32,PX_VWA,VWA_32_Tub2,VWA_32
2026-04-08,Wed,Grady,PX_VWA_32_Tub2_Lacerate 71,1,6,,,W9-10,6,,,VWA,32,PX_VWA,VWA_32_Tub2,VWA_32
2026-04-08,Wed,Grady,PX_VWA_32_Tub2_Lacerate 72,1,11,,,W9-10,11,,,VWA,32,PX_VWA,VWA_32_Tub2,VWA_32
2026-04-08,Wed,Grady,PX_VWA_32_Tub2_Lacerate 73,1,9,,,W9-10,9,,,VWA,32,PX_VWA,VWA_32_Tub2,VWA_32
2026-04-08,Wed,Grady,P1_VWA_32_Tub2_Lacerate 74,1,0,,,W9-10,0,,,VWA,32,P1_VWA,VWA_32_Tub2,VWA_32
2026-04-08,Wed,Grady,P1_VWA_32_Tub2_Lacerate 75,1,8,,,W9-10,8,,,VWA,32,P1_VWA,VWA_32_Tub2,VWA_32
2026-04-08,Wed,Grady,P1_VWA_32_Tub2_Lacerate 76,1,0,,,W9-10,0,,,VWA,32,P1_VWA,VWA_32_Tub2,VWA_32
2026-04-08,Wed,Grady,P1_VWA_32_Tub2_Lacerate 77,1,0,,,W9-10,0,,,VWA,32,P1_VWA,VWA_32_Tub2,VWA_32
2026-04-08,Wed,Grady,P1_VWA_32_Tub2_Lacerate 78,1,0,,,W9-10,0,,,VWA,32,P1_VWA,VWA_32_Tub2,VWA_32
2026-04-08,Wed,Grady,P3_VWA_32_Tub3_Lacerate 65,1,12,,,W9-10,12,,,VWA,32,P3_VWA,VWA_32_Tub3,VWA_32
2026-04-08,Wed,Grady,P3_VWA_32_Tub3_Lacerate 66,1,9,,,W9-10,9,,,VWA,32,P3_VWA,VWA_32_Tub3,VWA_32
2026-04-08,Wed,Grady,P3_VWA_32_Tub3_Lacerate 67,1,0,,,W9-10,0,,,VWA,32,P3_VWA,VWA_32_Tub3,VWA_32
2026-04-08,Wed,Grady,P1_VWA_32_Tub3_Lacerate 68,1,9,,,W9-10,9,,,VWA,32,P1_VWA,VWA_32_Tub3,VWA_32
2026-04-08,Wed,Grady,P1_VWA_32_Tub3_Lacerate 69,1,12,,,W9-10,12,,,VWA,32,P1_VWA,VWA_32_Tub3,VWA_32
2026-04-08,Wed,Grady,P3_VWA_32_Tub3_Lacerate 70,1,0,,,W9-10,0,,,VWA,32,P3_VWA,VWA_32_Tub3,VWA_32
2026-04-08,Wed,Grady,P3_VWA_32_Tub3_Lacerate 71,1,6,,,W9-10,6,,,VWA,32,P3_VWA,VWA_32_Tub3,VWA_32
2026-04-09,Thu,Maddox,P2_H2_25_Tub1_Lacerate 157,2,,alive,,W9-10,0,,,H2,25,P2_H2,H2_25_Tub1,H2_25
2026-04-09,Thu,Maddox,P2_H2_25_Tub1_Lacerate 158,2,6,alive,,W9-10,3,2,,H2,25,P2_H2,H2_25_Tub1,H2_25
2026-04-09,Thu,Maddox,P3_H2_25_Tub1_Lacerate 159,2,5,alive,,W9-10,2.5,2,,H2,25,P3_H2,H2_25_Tub1,H2_25
2026-04-09,Thu,Maddox,P1_H2_25_Tub1_Lacerate 160,2,2,alive,,W9-10,1,2,,H2,25,P1_H2,H2_25_Tub1,H2_25
2026-04-09,Thu,Maddox,P1_H2_25_Tub1_Lacerate 161,2,5,alive,,W9-10,2.5,2,,H2,25,P1_H2,H2_25_Tub1,H2_25
2026-04-09,Thu,Maddox,P2_H2_25_Tub1_Lacerate 162,2,0,alive,,W9-10,0,2,,H2,25,P2_H2,H2_25_Tub1,H2_25
2026-04-09,Thu,Maddox,P2_H2_25_Tub1_Lacerate 163,0,5,alive,,W9-10,#N/A,0,,H2,25,P2_H2,H2_25_Tub1,H2_25
2026-04-09,Thu,Maddox,P3_H2_25_Tub1_Lacerate 164,0,3,alive,,W9-10,#N/A,0,,H2,25,P3_H2,H2_25_Tub1,H2_25
2026-04-09,Thu,Maddox,P3_H2_25_Tub2_Lacerate 106,2,5,alive,,W9-10,2.5,2,,H2,25,P3_H2,H2_25_Tub2,H2_25
2026-04-09,Thu,Maddox,P3_H2_25_Tub2_Lacerate 107,2,7,alive,,W9-10,3.5,2,,H2,25,P3_H2,H2_25_Tub2,H2_25
2026-04-09,Thu,Maddox,P3_H2_25_Tub2_Lacerate 108,2,0,alive,,W9-10,0,2,,H2,25,P3_H2,H2_25_Tub2,H2_25
2026-04-09,Thu,Maddox,P3_H2_25_Tub2_Lacerate 109,2,0,alive,,W9-10,0,2,,H2,25,P3_H2,H2_25_Tub2,H2_25
2026-04-09,Thu,Maddox,P3_H2_25_Tub2_Lacerate 110,2,0,alive,,W9-10,0,2,,H2,25,P3_H2,H2_25_Tub2,H2_25
2026-04-09,Thu,Maddox,P3_H2_25_Tub2_Lacerate 111,2,0,alive,,W9-10,0,2,,H2,25,P3_H2,H2_25_Tub2,H2_25
2026-04-09,Thu,Maddox,P3_H2_25_Tub2_Lacerate 112,2,0,alive,,W9-10,0,2,,H2,25,P3_H2,H2_25_Tub2,H2_25
2026-04-09,Thu,Maddox,P3_H2_25_Tub2_Lacerate 113,2,6,alive,,W9-10,3,2,,H2,25,P3_H2,H2_25_Tub2,H2_25
2026-04-09,Thu,Maddox,P2_H2_25_Tub2_Lacerate 114,2,7,alive,,W9-10,3.5,2,,H2,25,P2_H2,H2_25_Tub2,H2_25
2026-04-09,Thu,Maddox,P2_H2_25_Tub2_Lacerate 115,2,4,alive,,W9-10,2,2,,H2,25,P2_H2,H2_25_Tub2,H2_25
2026-04-09,Thu,Maddox,P2_H2_25_Tub2_Lacerate 116,2,7,alive,,W9-10,3.5,2,,H2,25,P2_H2,H2_25_Tub2,H2_25
2026-04-09,Thu,Maddox,P3_H2_25_Tub2_Lacerate 117,0,8,alive,,W9-10,#N/A,0,,H2,25,P3_H2,H2_25_Tub2,H2_25
2026-04-09,Thu,Maddox,P1_H2_25_Tub2_Lacerate 118,0,10,alive,,W9-10,#N/A,0,,H2,25,P1_H2,H2_25_Tub2,H2_25
2026-04-09,Thu,Maddox,P3_H2_25_Tub3_Lacerate 111,2,5,alive,,W9-10,2.5,2,,H2,25,P3_H2,H2_25_Tub3,H2_25
2026-04-09,Thu,Maddox,P3_H2_25_Tub3_Lacerate 112,2,3,alive,,W9-10,1.5,2,,H2,25,P3_H2,H2_25_Tub3,H2_25
2026-04-09,Thu,Maddox,PX_H2_25_Tub3_Lacerate 113,2,6,alive,,W9-10,3,2,,H2,25,PX_H2,H2_25_Tub3,H2_25
2026-04-09,Thu,Maddox,P2_H2_25_Tub3_Lacerate 114,2,0,alive,,W9-10,0,2,,H2,25,P2_H2,H2_25_Tub3,H2_25
2026-04-09,Thu,Maddox,P1_H2_25_Tub3_Lacerate 115,2,0,missing,,W9-10,0,2,,H2,25,P1_H2,H2_25_Tub3,H2_25
2026-04-09,Thu,Maddox,P1_H2_25_Tub3_Lacerate 116,0,0,alive,,W9-10,#N/A,0,,H2,25,P1_H2,H2_25_Tub3,H2_25
2026-04-09,Thu,Maddox,PX_H2_25_Tub3_Lacerate 117,0,4,alive,,W9-10,#N/A,0,,H2,25,PX_H2,H2_25_Tub3,H2_25
2026-04-09,Thu,Maddox,P2_VWA_25_Tub1_Lacerate 137,7,2,alive,,W9-10,0.2857142857,7,,VWA,25,P2_VWA,VWA_25_Tub1,VWA_25
2026-04-09,Thu,Maddox,P3_VWA_25_Tub1_Lacerate 138,2,3,alive,,W9-10,1.5,2,,VWA,25,P3_VWA,VWA_25_Tub1,VWA_25
2026-04-09,Thu,Maddox,P3_VWA_25_Tub1_Lacerate 139,2,6,alive,,W9-10,3,2,,VWA,25,P3_VWA,VWA_25_Tub1,VWA_25
2026-04-09,Thu,Maddox,P1_VWA_25_Tub1_Lacerate 140,2,7,alive,,W9-10,3.5,2,,VWA,25,P1_VWA,VWA_25_Tub1,VWA_25
2026-04-09,Thu,Maddox,PX_VWA_25_Tub1_Lacerate 141,2,7,alive,,W9-10,3.5,2,,VWA,25,PX_VWA,VWA_25_Tub1,VWA_25
2026-04-09,Thu,Maddox,P3_VWA_25_Tub1_Lacerate 142,2,4,alive,,W9-10,2,2,,VWA,25,P3_VWA,VWA_25_Tub1,VWA_25
2026-04-09,Thu,Maddox,PX_VWA_25_Tub1_Lacerate 143,2,4,alive,,W9-10,2,2,,VWA,25,PX_VWA,VWA_25_Tub1,VWA_25
2026-04-09,Thu,Maddox,P2_VWA_25_Tub1_Lacerate 144,2,4,alive,,W9-10,2,2,,VWA,25,P2_VWA,VWA_25_Tub1,VWA_25
2026-04-09,Thu,Maddox,P2_VWA_25_Tub1_Lacerate 145,2,5,alive,,W9-10,2.5,2,,VWA,25,P2_VWA,VWA_25_Tub1,VWA_25
2026-04-09,Thu,Maddox,P2_VWA_25_Tub1_Lacerate 146,2,6,alive,,W9-10,3,2,,VWA,25,P2_VWA,VWA_25_Tub1,VWA_25
2026-04-09,Thu,Maddox,P2_VWA_25_Tub1_Lacerate 147,0,6,alive,,W9-10,#N/A,0,,VWA,25,P2_VWA,VWA_25_Tub1,VWA_25
2026-04-09,Thu,Maddox,P1_VWA_25_Tub2_Lacerate 74,2,0,alive,,W9-10,0,2,,VWA,25,P1_VWA,VWA_25_Tub2,VWA_25
2026-04-09,Thu,Maddox,P1_VWA_25_Tub2_Lacerate 75,2,0,alive,,W9-10,0,2,,VWA,25,P1_VWA,VWA_25_Tub2,VWA_25
2026-04-09,Thu,Maddox,P1_VWA_25_Tub2_Lacerate 76,2,0,alive,,W9-10,0,2,,VWA,25,P1_VWA,VWA_25_Tub2,VWA_25
2026-04-09,Thu,Maddox,P1_VWA_25_Tub2_Lacerate 77,2,0,alive,,W9-10,0,2,,VWA,25,P1_VWA,VWA_25_Tub2,VWA_25
2026-04-09,Thu,Maddox,P1_VWA_25_Tub2_Lacerate 78,2,0,alive,,W9-10,0,2,,VWA,25,P1_VWA,VWA_25_Tub2,VWA_25
2026-04-09,Thu,Maddox,P1_VWA_25_Tub2_Lacerate 79,2,0,alive,,W9-10,0,2,,VWA,25,P1_VWA,VWA_25_Tub2,VWA_25
2026-04-09,Thu,Maddox,P1_VWA_25_Tub2_Lacerate 80,2,0,alive,,W9-10,0,2,,VWA,25,P1_VWA,VWA_25_Tub2,VWA_25
2026-04-09,Thu,Maddox,P1_VWA_25_Tub2_Lacerate 81,2,0,alive,,W9-10,0,2,,VWA,25,P1_VWA,VWA_25_Tub2,VWA_25
2026-04-09,Thu,Maddox,P1_VWA_25_Tub2_Lacerate 82,2,0,alive,,W9-10,0,2,,VWA,25,P1_VWA,VWA_25_Tub2,VWA_25
2026-04-09,Thu,Maddox,P1_VWA_25_Tub2_Lacerate 83,2,0,alive,,W9-10,0,2,,VWA,25,P1_VWA,VWA_25_Tub2,VWA_25
2026-04-09,Thu,Maddox,P1_VWA_25_Tub2_Lacerate 84,2,0,alive,,W9-10,0,2,,VWA,25,P1_VWA,VWA_25_Tub2,VWA_25
2026-04-09,Thu,Maddox,P1_VWA_25_Tub2_Lacerate 85,0,4,alive,,W9-10,#N/A,0,,VWA,25,P1_VWA,VWA_25_Tub2,VWA_25
2026-04-09,Thu,Maddox,P3_VWA_25_Tub3_Lacerate 97,2,5,alive,,W9-10,2.5,2,,VWA,25,P3_VWA,VWA_25_Tub3,VWA_25
2026-04-09,Thu,Maddox,P3_VWA_25_Tub3_Lacerate 98,2,0,alive,,W9-10,0,2,,VWA,25,P3_VWA,VWA_25_Tub3,VWA_25
2026-04-09,Thu,Maddox,P3_VWA_25_Tub3_Lacerate 99,2,0,alive,,W9-10,0,2,,VWA,25,P3_VWA,VWA_25_Tub3,VWA_25
2026-04-09,Thu,Maddox,P3_VWA_25_Tub3_Lacerate 100,2,0,alive,,W9-10,0,2,,VWA,25,P3_VWA,VWA_25_Tub3,VWA_25
2026-04-09,Thu,Maddox,P3_VWA_25_Tub3_Lacerate 101,2,8,alive,,W9-10,4,2,,VWA,25,P3_VWA,VWA_25_Tub3,VWA_25
2026-04-09,Thu,Maddox,P3_VWA_25_Tub3_Lacerate 102,2,0,alive,,W9-10,0,2,,VWA,25,P3_VWA,VWA_25_Tub3,VWA_25
2026-04-09,Thu,Maddox,P3_VWA_25_Tub3_Lacerate 103,2,0,alive,,W9-10,0,2,,VWA,25,P3_VWA,VWA_25_Tub3,VWA_25
2026-04-09,Thu,Maddox,P3_VWA_25_Tub3_Lacerate 104,2,0,alive,,W9-10,0,2,,VWA,25,P3_VWA,VWA_25_Tub3,VWA_25
2026-04-09,Thu,Maddox,PX_VWA_25_Tub3_Lacerate 105,2,10,alive,,W9-10,5,2,,VWA,25,PX_VWA,VWA_25_Tub3,VWA_25
2026-04-09,Thu,Maddox,P3_VWA_25_Tub3_Lacerate 106,2,0,alive,,W9-10,0,2,,VWA,25,P3_VWA,VWA_25_Tub3,VWA_25
2026-04-09,Thu,Maddox,P3_VWA_25_Tub3_Lacerate 107,2,0,alive,,W9-10,0,2,,VWA,25,P3_VWA,VWA_25_Tub3,VWA_25
2026-04-09,Thu,Maddox,P3_VWA_25_Tub3_Lacerate 108,2,0,alive,,W9-10,0,2,,VWA,25,P3_VWA,VWA_25_Tub3,VWA_25
2026-04-09,Thu,Maddox,P3_VWA_25_Tub3_Lacerate 109,2,0,alive,,W9-10,0,2,,VWA,25,P3_VWA,VWA_25_Tub3,VWA_25
2026-04-09,Thu,Maddox,PX_VWA_25_Tub3_Lacerate 110,2,4,alive,,W9-10,2,2,,VWA,25,PX_VWA,VWA_25_Tub3,VWA_25
2026-04-09,Thu,Maddox,P2_VWA_25_Tub3_Lacerate 111,2,0,alive,,W9-10,0,2,,VWA,25,P2_VWA,VWA_25_Tub3,VWA_25
2026-04-09,Thu,Maddox,P2_VWA_25_Tub3_Lacerate 112,0,4,alive,,W9-10,#N/A,0,,VWA,25,P2_VWA,VWA_25_Tub3,VWA_25
2026-04-09,Thu,Maddox,P3_H2_32_Tub1_Lacerate 102,2,0,alive,,W9-10,0,2,,H2,32,P3_H2,H2_32_Tub1,H2_32
2026-04-09,Thu,Maddox,P2_H2_32_Tub1_Lacerate 103,2,0,alive,,W9-10,0,2,,H2,32,P2_H2,H2_32_Tub1,H2_32
2026-04-09,Thu,Maddox,P1_H2_32_Tub2_Lacerate 125,2,11,alive,,W9-10,5.5,2,,H2,32,P1_H2,H2_32_Tub2,H2_32
2026-04-09,Thu,Maddox,P1_H2_32_Tub2_Lacerate 126,2,0,alive,,W9-10,0,2,,H2,32,P1_H2,H2_32_Tub2,H2_32
2026-04-09,Thu,Maddox,P1_H2_32_Tub2_Lacerate 127,2,0,alive,,W9-10,0,2,,H2,32,P1_H2,H2_32_Tub2,H2_32
2026-04-09,Thu,Maddox,P1_H2_32_Tub2_Lacerate 128,2,0,alive,,W9-10,0,2,,H2,32,P1_H2,H2_32_Tub2,H2_32
2026-04-09,Thu,Maddox,P1_H2_32_Tub2_Lacerate 129,2,0,alive,,W9-10,0,2,,H2,32,P1_H2,H2_32_Tub2,H2_32
2026-04-09,Thu,Maddox,P1_H2_32_Tub2_Lacerate 130,2,6,alive,,W9-10,3,2,,H2,32,P1_H2,H2_32_Tub2,H2_32
2026-04-09,Thu,Maddox,P1_H2_32_Tub2_Lacerate 131,2,4,alive,,W9-10,2,2,,H2,32,P1_H2,H2_32_Tub2,H2_32
2026-04-09,Thu,Maddox,P3_H2_32_Tub2_Lacerate 132,2,0,alive,,W9-10,0,2,,H2,32,P3_H2,H2_32_Tub2,H2_32
2026-04-09,Thu,Maddox,P2_H2_32_Tub2_Lacerate 133,2,4,alive,,W9-10,2,2,,H2,32,P2_H2,H2_32_Tub2,H2_32
2026-04-09,Thu,Maddox,P1_H2_32_Tub3_Lacerate 115,2,0,alive,,W9-10,0,2,,H2,32,P1_H2,H2_32_Tub3,H2_32
2026-04-09,Thu,Maddox,P2_H2_32_Tub3_Lacerate 116,2,0,alive,,W9-10,0,2,,H2,32,P2_H2,H2_32_Tub3,H2_32
2026-04-09,Thu,Maddox,P2_H2_32_Tub3_Lacerate 117,2,0,alive,,W9-10,0,2,,H2,32,P2_H2,H2_32_Tub3,H2_32
2026-04-09,Thu,Maddox,P2_H2_32_Tub3_Lacerate 118,2,0,alive,,W9-10,0,2,,H2,32,P2_H2,H2_32_Tub3,H2_32
2026-04-09,Thu,Maddox,P2_H2_32_Tub3_Lacerate 119,2,9,alive,,W9-10,4.5,2,,H2,32,P2_H2,H2_32_Tub3,H2_32
2026-04-09,Thu,Maddox,P3_H2_32_Tub3_Lacerate 120,2,0,alive,,W9-10,0,2,,H2,32,P3_H2,H2_32_Tub3,H2_32
2026-04-09,Thu,Maddox,P3_H2_32_Tub3_Lacerate 121,2,9,alive,,W9-10,4.5,2,,H2,32,P3_H2,H2_32_Tub3,H2_32
2026-04-09,Thu,Maddox,P3_H2_32_Tub3_Lacerate 122,2,0,alive,,W9-10,0,2,,H2,32,P3_H2,H2_32_Tub3,H2_32
2026-04-09,Thu,Maddox,P3_H2_32_Tub3_Lacerate 123,2,0,alive,,W9-10,0,2,,H2,32,P3_H2,H2_32_Tub3,H2_32
2026-04-09,Thu,Maddox,P3_H2_32_Tub3_Lacerate 124,2,0,alive,,W9-10,0,2,,H2,32,P3_H2,H2_32_Tub3,H2_32
2026-04-09,Thu,Maddox,P2_H2_32_Tub3_Lacerate 125,0,0,alive,,W9-10,#N/A,0,,H2,32,P2_H2,H2_32_Tub3,H2_32
2026-04-09,Thu,Maddox,P3_H2_32_Tub3_Lacerate 126,0,0,alive,,W9-10,#N/A,0,,H2,32,P3_H2,H2_32_Tub3,H2_32
2026-04-09,Thu,Maddox,P1_H2_32_Tub3_Lacerate 127,0,0,alive,,W9-10,#N/A,0,,H2,32,P1_H2,H2_32_Tub3,H2_32
2026-04-09,Thu,Maddox,P2_VWA_32_Tub1_Lacerate 103,2,0,alive,,W9-10,0,2,,VWA,32,P2_VWA,VWA_32_Tub1,VWA_32
2026-04-09,Thu,Maddox,PX_VWA_32_Tub1_Lacerate 104,2,7,alive,,W9-10,3.5,2,,VWA,32,PX_VWA,VWA_32_Tub1,VWA_32
2026-04-09,Thu,Maddox,PX_VWA_32_Tub1_Lacerate 105,2,4,alive,,W9-10,2,2,,VWA,32,PX_VWA,VWA_32_Tub1,VWA_32
2026-04-09,Thu,Maddox,P1_VWA_32_Tub1_Lacerate 106,2,,alive,,W9-10,0,2,,VWA,32,P1_VWA,VWA_32_Tub1,VWA_32
2026-04-09,Thu,Maddox,P1_VWA_32_Tub1_Lacerate 107,2,6,alive,,W9-10,3,2,,VWA,32,P1_VWA,VWA_32_Tub1,VWA_32
2026-04-09,Thu,Maddox,P1_VWA_32_Tub1_Lacerate 108,2,3,alive,,W9-10,1.5,2,,VWA,32,P1_VWA,VWA_32_Tub1,VWA_32
2026-04-09,Thu,Maddox,P1_VWA_32_Tub1_Lacerate 109,2,,alive,,W9-10,0,2,,VWA,32,P1_VWA,VWA_32_Tub1,VWA_32
2026-04-09,Thu,Maddox,PX_VWA_32_Tub1_Lacerate 110,2,5,alive,,W9-10,2.5,2,,VWA,32,PX_VWA,VWA_32_Tub1,VWA_32
2026-04-09,Thu,Maddox,PX_VWA_32_Tub1_Lacerate 111,2,8,alive,,W9-10,4,2,,VWA,32,PX_VWA,VWA_32_Tub1,VWA_32
2026-04-09,Thu,Maddox,P2_VWA_32_Tub1_Lacerate 112,2,0,alive,,W9-10,0,2,,VWA,32,P2_VWA,VWA_32_Tub1,VWA_32
2026-04-09,Thu,Maddox,P2_VWA_32_Tub1_Lacerate 113,2,3,alive,,W9-10,1.5,2,,VWA,32,P2_VWA,VWA_32_Tub1,VWA_32
2026-04-09,Thu,Maddox,P3_VWA_32_Tub1_Lacerate 114,0,0,alive,,W9-10,#N/A,0,,VWA,32,P3_VWA,VWA_32_Tub1,VWA_32
2026-04-09,Thu,Maddox,P3_VWA_32_Tub1_Lacerate 115,0,0,alive,,W9-10,#N/A,0,,VWA,32,P3_VWA,VWA_32_Tub1,VWA_32
2026-04-09,Thu,Maddox,P3_VWA_32_Tub1_Lacerate 116,0,0,alive,,W9-10,#N/A,0,,VWA,32,P3_VWA,VWA_32_Tub1,VWA_32
2026-04-09,Thu,Maddox,P3_VWA_32_Tub1_Lacerate 117,0,0,alive,,W9-10,#N/A,0,,VWA,32,P3_VWA,VWA_32_Tub1,VWA_32
2026-04-09,Thu,Maddox,P3_VWA_32_Tub1_Lacerate 118,0,0,alive,,W9-10,#N/A,0,,VWA,32,P3_VWA,VWA_32_Tub1,VWA_32
2026-04-09,Thu,Maddox,P3_VWA_32_Tub1_Lacerate 119,0,0,alive,,W9-10,#N/A,0,,VWA,32,P3_VWA,VWA_32_Tub1,VWA_32
2026-04-09,Thu,Maddox,PX_VWA_32_Tub2_Lacerate 70,2,4,alive,,W9-10,2,2,,VWA,32,PX_VWA,VWA_32_Tub2,VWA_32
2026-04-09,Thu,Maddox,PX_VWA_32_Tub2_Lacerate 71,2,5,alive,,W9-10,2.5,2,,VWA,32,PX_VWA,VWA_32_Tub2,VWA_32
2026-04-09,Thu,Maddox,PX_VWA_32_Tub2_Lacerate 72,2,5,alive,,W9-10,2.5,2,,VWA,32,PX_VWA,VWA_32_Tub2,VWA_32
2026-04-09,Thu,Maddox,PX_VWA_32_Tub2_Lacerate 73,2,3,alive,,W9-10,1.5,2,,VWA,32,PX_VWA,VWA_32_Tub2,VWA_32
2026-04-09,Thu,Maddox,P1_VWA_32_Tub2_Lacerate 74,2,0,alive,,W9-10,0,2,,VWA,32,P1_VWA,VWA_32_Tub2,VWA_32
2026-04-09,Thu,Maddox,P1_VWA_32_Tub2_Lacerate 75,2,0,alive,,W9-10,0,2,,VWA,32,P1_VWA,VWA_32_Tub2,VWA_32
2026-04-09,Thu,Maddox,P1_VWA_32_Tub2_Lacerate 76,2,5,alive,,W9-10,2.5,2,,VWA,32,P1_VWA,VWA_32_Tub2,VWA_32
2026-04-09,Thu,Maddox,P1_VWA_32_Tub2_Lacerate 77,2,0,alive,,W9-10,0,2,,VWA,32,P1_VWA,VWA_32_Tub2,VWA_32
2026-04-09,Thu,Maddox,P1_VWA_32_Tub2_Lacerate 78,2,0,alive,,W9-10,0,2,,VWA,32,P1_VWA,VWA_32_Tub2,VWA_32
2026-04-09,Thu,Maddox,P1_VWA_32_Tub2_Lacerate 79,0,0,alive,,W9-10,#N/A,0,,VWA,32,P1_VWA,VWA_32_Tub2,VWA_32
2026-04-09,Thu,Maddox,P3_VWA_32_Tub3_Lacerate 65,2,5,alive,,W9-10,2.5,2,,VWA,32,P3_VWA,VWA_32_Tub3,VWA_32
2026-04-09,Thu,Maddox,P3_VWA_32_Tub3_Lacerate 66,2,0,alive,,W9-10,0,2,,VWA,32,P3_VWA,VWA_32_Tub3,VWA_32
2026-04-09,Thu,Maddox,P3_VWA_32_Tub3_Lacerate 67,2,0,alive,,W9-10,0,2,,VWA,32,P3_VWA,VWA_32_Tub3,VWA_32
2026-04-09,Thu,Maddox,P1_VWA_32_Tub3_Lacerate 68,2,6,alive,,W9-10,3,2,,VWA,32,P1_VWA,VWA_32_Tub3,VWA_32
2026-04-09,Thu,Maddox,P1_VWA_32_Tub3_Lacerate 69,2,11,alive,,W9-10,5.5,2,,VWA,32,P1_VWA,VWA_32_Tub3,VWA_32
2026-04-09,Thu,Maddox,P3_VWA_32_Tub3_Lacerate 70,2,0,alive,,W9-10,0,2,,VWA,32,P3_VWA,VWA_32_Tub3,VWA_32
2026-04-09,Thu,Maddox,P3_VWA_32_Tub3_Lacerate 71,2,5,alive,,W9-10,2.5,2,,VWA,32,P3_VWA,VWA_32_Tub3,VWA_32
2026-04-09,Thu,Maddox,P3_VWA_32_Tub3_Lacerate 72,0,3,alive,,W9-10,#N/A,0,,VWA,32,P3_VWA,VWA_32_Tub3,VWA_32
2026-04-10,Fri,Aiden,P2_H2_25_Tub1_Lacerate 157,3,9,alive,,W9-10,3,3,,H2,25,P2_H2,H2_25_Tub1,H2_25
2026-04-10,Fri,Aiden,P2_H2_25_Tub1_Lacerate 158,3,6,alive,,W9-10,2,3,,H2,25,P2_H2,H2_25_Tub1,H2_25
2026-04-10,Fri,Aiden,P3_H2_25_Tub1_Lacerate 159,3,6,alive,,W9-10,2,3,,H2,25,P3_H2,H2_25_Tub1,H2_25
2026-04-10,Fri,Aiden,P1_H2_25_Tub1_Lacerate 160,3,2,alive,,W9-10,0.6666666667,3,,H2,25,P1_H2,H2_25_Tub1,H2_25
2026-04-10,Fri,Aiden,P1_H2_25_Tub1_Lacerate 161,3,5,alive,,W9-10,1.666666667,3,,H2,25,P1_H2,H2_25_Tub1,H2_25
2026-04-10,Fri,Aiden,P2_H2_25_Tub1_Lacerate 162,3,0,alive,,W9-10,0,3,,H2,25,P2_H2,H2_25_Tub1,H2_25
2026-04-10,Fri,Aiden,P2_H2_25_Tub1_Lacerate 163,1,5,alive,,W9-10,5,1,,H2,25,P2_H2,H2_25_Tub1,H2_25
2026-04-10,Fri,Aiden,P3_H2_25_Tub1_Lacerate 164,1,4,alive,,W9-10,4,1,,H2,25,P3_H2,H2_25_Tub1,H2_25
2026-04-10,Fri,Aiden,P2_H2_25_Tub1_Lacerate 165,0,4,alive,,W9-10,#N/A,0,,H2,25,P2_H2,H2_25_Tub1,H2_25
2026-04-10,Fri,Aiden,P3_H2_25_Tub2_Lacerate 106,3,6,alive,,W9-10,2,3,,H2,25,P3_H2,H2_25_Tub2,H2_25
2026-04-10,Fri,Aiden,P3_H2_25_Tub2_Lacerate 107,3,7,alive,,W9-10,2.333333333,3,,H2,25,P3_H2,H2_25_Tub2,H2_25
2026-04-10,Fri,Aiden,P3_H2_25_Tub2_Lacerate 108,3,2,alive,,W9-10,0.6666666667,3,,H2,25,P3_H2,H2_25_Tub2,H2_25
2026-04-10,Fri,Aiden,P3_H2_25_Tub2_Lacerate 109,3,4,alive,,W9-10,1.333333333,3,,H2,25,P3_H2,H2_25_Tub2,H2_25
2026-04-10,Fri,Aiden,P3_H2_25_Tub2_Lacerate 110,3,0,alive,,W9-10,0,3,,H2,25,P3_H2,H2_25_Tub2,H2_25
2026-04-10,Fri,Aiden,P3_H2_25_Tub2_Lacerate 111,3,0,alive,,W9-10,0,3,,H2,25,P3_H2,H2_25_Tub2,H2_25
2026-04-10,Fri,Aiden,P3_H2_25_Tub2_Lacerate 112,3,3,alive,,W9-10,1,3,,H2,25,P3_H2,H2_25_Tub2,H2_25
2026-04-10,Fri,Aiden,P3_H2_25_Tub2_Lacerate 113,3,7,alive,,W9-10,2.333333333,3,,H2,25,P3_H2,H2_25_Tub2,H2_25
2026-04-10,Fri,Aiden,P2_H2_25_Tub2_Lacerate 114,3,7,alive,,W9-10,2.333333333,3,,H2,25,P2_H2,H2_25_Tub2,H2_25
2026-04-10,Fri,Aiden,P2_H2_25_Tub2_Lacerate 115,3,6,alive,,W9-10,2,3,,H2,25,P2_H2,H2_25_Tub2,H2_25
2026-04-10,Fri,Aiden,P2_H2_25_Tub2_Lacerate 116,3,7,alive,,W9-10,2.333333333,3,,H2,25,P2_H2,H2_25_Tub2,H2_25
2026-04-10,Fri,Aiden,P3_H2_25_Tub2_Lacerate 117,1,8,alive,,W9-10,8,1,,H2,25,P3_H2,H2_25_Tub2,H2_25
2026-04-10,Fri,Aiden,P1_H2_25_Tub2_Lacerate 118,1,10,alive,,W9-10,10,1,,H2,25,P1_H2,H2_25_Tub2,H2_25
2026-04-10,Fri,Aiden,P2_H2_25_Tub2_Lacerate 119,0,6,alive,,W9-10,#N/A,0,,H2,25,P2_H2,H2_25_Tub2,H2_25
2026-04-10,Fri,Aiden,P3_H2_25_Tub3_Lacerate 111,3,6,alive,,W9-10,2,3,,H2,25,P3_H2,H2_25_Tub3,H2_25
2026-04-10,Fri,Aiden,P3_H2_25_Tub3_Lacerate 112,3,4,alive,,W9-10,1.333333333,3,,H2,25,P3_H2,H2_25_Tub3,H2_25
2026-04-10,Fri,Aiden,PX_H2_25_Tub3_Lacerate 113,3,6,alive,,W9-10,2,3,,H2,25,PX_H2,H2_25_Tub3,H2_25
2026-04-10,Fri,Aiden,P2_H2_25_Tub3_Lacerate 114,3,0,alive,,W9-10,0,3,,H2,25,P2_H2,H2_25_Tub3,H2_25
2026-04-10,Fri,Aiden,P1_H2_25_Tub3_Lacerate 115,3,,missing,,W9-10,0,3,,H2,25,P1_H2,H2_25_Tub3,H2_25
2026-04-10,Fri,Aiden,P1_H2_25_Tub3_Lacerate 116,1,0,alive,,W9-10,0,1,,H2,25,P1_H2,H2_25_Tub3,H2_25
2026-04-10,Fri,Aiden,PX_H2_25_Tub3_Lacerate 117,1,5,alive,,W9-10,5,1,,H2,25,PX_H2,H2_25_Tub3,H2_25
2026-04-10,Fri,Aiden,P2_H2_25_Tub2_Lacerate 119,0,0,alive,,W9-10,#N/A,0,,H2,25,P2_H2,H2_25_Tub2,H2_25
2026-04-10,Fri,Aiden,PX_H2_25_Tub3_Lacerate 118,0,0,alive,,W9-10,#N/A,0,,H2,25,PX_H2,H2_25_Tub3,H2_25
2026-04-10,Fri,Aiden,P3_H2_25_Tub3_Lacerate 119,0,0,alive,,W9-10,#N/A,0,,H2,25,P3_H2,H2_25_Tub3,H2_25
2026-04-10,Fri,Aiden,P3_H2_25_Tub3_Lacerate 120,0,0,alive,,W9-10,#N/A,0,,H2,25,P3_H2,H2_25_Tub3,H2_25
2026-04-10,Fri,Aiden,P3_H2_25_Tub3_Lacerate 121,0,0,alive,,W9-10,#N/A,0,,H2,25,P3_H2,H2_25_Tub3,H2_25
2026-04-10,Fri,Aiden,P3_H2_25_Tub3_Lacerate 122,0,0,alive,,W9-10,#N/A,0,,H2,25,P3_H2,H2_25_Tub3,H2_25
2026-04-10,Fri,Aiden,P3_H2_25_Tub3_Lacerate 123,0,0,alive,,W9-10,#N/A,0,,H2,25,P3_H2,H2_25_Tub3,H2_25
2026-04-10,Fri,Aiden,P3_H2_25_Tub3_Lacerate 124,0,0,alive,,W9-10,#N/A,0,,H2,25,P3_H2,H2_25_Tub3,H2_25
2026-04-10,Fri,Aiden,P3_VWA_25_Tub1_Lacerate 138,3,4,alive,,W9-10,1.333333333,3,,VWA,25,P3_VWA,VWA_25_Tub1,VWA_25
2026-04-10,Fri,Aiden,P3_VWA_25_Tub1_Lacerate 139,3,4,alive,,W9-10,1.333333333,3,,VWA,25,P3_VWA,VWA_25_Tub1,VWA_25
2026-04-10,Fri,Aiden,P1_VWA_25_Tub1_Lacerate 140,3,6,alive,,W9-10,2,3,,VWA,25,P1_VWA,VWA_25_Tub1,VWA_25
2026-04-10,Fri,Aiden,PX_VWA_25_Tub1_Lacerate 141,3,7,alive,,W9-10,2.333333333,3,,VWA,25,PX_VWA,VWA_25_Tub1,VWA_25
2026-04-10,Fri,Aiden,P3_VWA_25_Tub1_Lacerate 142,3,8,alive,,W9-10,2.666666667,3,,VWA,25,P3_VWA,VWA_25_Tub1,VWA_25
2026-04-10,Fri,Aiden,PX_VWA_25_Tub1_Lacerate 143,3,5,alive,,W9-10,1.666666667,3,,VWA,25,PX_VWA,VWA_25_Tub1,VWA_25
2026-04-10,Fri,Aiden,P2_VWA_25_Tub1_Lacerate 144,3,7,alive,,W9-10,2.333333333,3,,VWA,25,P2_VWA,VWA_25_Tub1,VWA_25
2026-04-10,Fri,Aiden,P2_VWA_25_Tub1_Lacerate 145,3,5,alive,,W9-10,1.666666667,3,,VWA,25,P2_VWA,VWA_25_Tub1,VWA_25
2026-04-10,Fri,Aiden,P2_VWA_25_Tub1_Lacerate 146,3,5,alive,,W9-10,1.666666667,3,,VWA,25,P2_VWA,VWA_25_Tub1,VWA_25
2026-04-10,Fri,Aiden,P2_VWA_25_Tub1_Lacerate 147,1,6,alive,,W9-10,6,1,,VWA,25,P2_VWA,VWA_25_Tub1,VWA_25
2026-04-10,Fri,Aiden,P3_VWA_25_Tub1_Lacerate 148,0,0,alive,,W9-10,#N/A,0,,VWA,25,P3_VWA,VWA_25_Tub1,VWA_25
2026-04-10,Fri,Aiden,P3_VWA_25_Tub1_Lacerate 149,0,0,alive,,W9-10,#N/A,0,,VWA,25,P3_VWA,VWA_25_Tub1,VWA_25
2026-04-10,Fri,Aiden,P1_VWA_25_Tub2_Lacerate 74,3,0,alive,,W9-10,0,3,,VWA,25,P1_VWA,VWA_25_Tub2,VWA_25
2026-04-10,Fri,Aiden,P1_VWA_25_Tub2_Lacerate 75,3,0,alive,,W9-10,0,3,,VWA,25,P1_VWA,VWA_25_Tub2,VWA_25
2026-04-10,Fri,Aiden,P1_VWA_25_Tub2_Lacerate 76,3,0,alive,,W9-10,0,3,,VWA,25,P1_VWA,VWA_25_Tub2,VWA_25
2026-04-10,Fri,Aiden,P1_VWA_25_Tub2_Lacerate 77,3,0,alive,,W9-10,0,3,,VWA,25,P1_VWA,VWA_25_Tub2,VWA_25
2026-04-10,Fri,Aiden,P1_VWA_25_Tub2_Lacerate 78,3,0,alive,,W9-10,0,3,,VWA,25,P1_VWA,VWA_25_Tub2,VWA_25
2026-04-10,Fri,Aiden,P1_VWA_25_Tub2_Lacerate 79,3,0,alive,,W9-10,0,3,,VWA,25,P1_VWA,VWA_25_Tub2,VWA_25
2026-04-10,Fri,Aiden,P1_VWA_25_Tub2_Lacerate 80,3,0,alive,,W9-10,0,3,,VWA,25,P1_VWA,VWA_25_Tub2,VWA_25
2026-04-10,Fri,Aiden,P1_VWA_25_Tub2_Lacerate 81,3,0,alive,,W9-10,0,3,,VWA,25,P1_VWA,VWA_25_Tub2,VWA_25
2026-04-10,Fri,Aiden,P1_VWA_25_Tub2_Lacerate 82,3,0,alive,,W9-10,0,3,,VWA,25,P1_VWA,VWA_25_Tub2,VWA_25
2026-04-10,Fri,Aiden,P1_VWA_25_Tub2_Lacerate 83,3,0,alive,,W9-10,0,3,,VWA,25,P1_VWA,VWA_25_Tub2,VWA_25
2026-04-10,Fri,Aiden,P1_VWA_25_Tub2_Lacerate 84,3,0,alive,,W9-10,0,3,,VWA,25,P1_VWA,VWA_25_Tub2,VWA_25
2026-04-10,Fri,Aiden,P1_VWA_25_Tub2_Lacerate 85,1,4,alive,,W9-10,4,1,,VWA,25,P1_VWA,VWA_25_Tub2,VWA_25
2026-04-10,Fri,Aiden,PX_VWA_25_Tub2_Lacerate 86,0,0,alive,,W9-10,#N/A,0,,VWA,25,PX_VWA,VWA_25_Tub2,VWA_25
2026-04-10,Fri,Aiden,PX_VWA_25_Tub2_Lacerate 87,0,0,alive,,W9-10,#N/A,0,,VWA,25,PX_VWA,VWA_25_Tub2,VWA_25
2026-04-10,Fri,Aiden,PX_VWA_25_Tub2_Lacerate 88,0,0,alive,,W9-10,#N/A,0,,VWA,25,PX_VWA,VWA_25_Tub2,VWA_25
2026-04-10,Fri,Aiden,PX_VWA_25_Tub2_Lacerate 89,0,5,alive,,W9-10,#N/A,0,,VWA,25,PX_VWA,VWA_25_Tub2,VWA_25
2026-04-10,Fri,Aiden,P3_VWA_25_Tub3_Lacerate 97,3,6,alive,,W9-10,2,3,,VWA,25,P3_VWA,VWA_25_Tub3,VWA_25
2026-04-10,Fri,Aiden,P3_VWA_25_Tub3_Lacerate 98,3,0,alive,,W9-10,0,3,,VWA,25,P3_VWA,VWA_25_Tub3,VWA_25
2026-04-10,Fri,Aiden,P3_VWA_25_Tub3_Lacerate 99,3,0,alive,,W9-10,0,3,,VWA,25,P3_VWA,VWA_25_Tub3,VWA_25
2026-04-10,Fri,Aiden,P3_VWA_25_Tub3_Lacerate 100,3,0,alive,,W9-10,0,3,,VWA,25,P3_VWA,VWA_25_Tub3,VWA_25
2026-04-10,Fri,Aiden,P3_VWA_25_Tub3_Lacerate 101,3,8,alive,,W9-10,2.666666667,3,,VWA,25,P3_VWA,VWA_25_Tub3,VWA_25
2026-04-10,Fri,Aiden,P3_VWA_25_Tub3_Lacerate 102,3,0,alive,,W9-10,0,3,,VWA,25,P3_VWA,VWA_25_Tub3,VWA_25
2026-04-10,Fri,Aiden,P3_VWA_25_Tub3_Lacerate 103,3,0,alive,,W9-10,0,3,,VWA,25,P3_VWA,VWA_25_Tub3,VWA_25
2026-04-10,Fri,Aiden,P3_VWA_25_Tub3_Lacerate 104,3,0,alive,,W9-10,0,3,,VWA,25,P3_VWA,VWA_25_Tub3,VWA_25
2026-04-10,Fri,Aiden,PX_VWA_25_Tub3_Lacerate 105,3,10,alive,,W9-10,3.333333333,3,,VWA,25,PX_VWA,VWA_25_Tub3,VWA_25
2026-04-10,Fri,Aiden,P3_VWA_25_Tub3_Lacerate 106,3,0,alive,,W9-10,0,3,,VWA,25,P3_VWA,VWA_25_Tub3,VWA_25
2026-04-10,Fri,Aiden,P3_VWA_25_Tub3_Lacerate 107,3,0,alive,,W9-10,0,3,,VWA,25,P3_VWA,VWA_25_Tub3,VWA_25
2026-04-10,Fri,Aiden,P3_VWA_25_Tub3_Lacerate 108,3,0,alive,,W9-10,0,3,,VWA,25,P3_VWA,VWA_25_Tub3,VWA_25
2026-04-10,Fri,Aiden,P3_VWA_25_Tub3_Lacerate 109,3,0,alive,,W9-10,0,3,,VWA,25,P3_VWA,VWA_25_Tub3,VWA_25
2026-04-10,Fri,Aiden,PX_VWA_25_Tub3_Lacerate 110,3,5,alive,,W9-10,1.666666667,3,,VWA,25,PX_VWA,VWA_25_Tub3,VWA_25
2026-04-10,Fri,Aiden,P2_VWA_25_Tub3_Lacerate 111,3,0,alive,,W9-10,0,3,,VWA,25,P2_VWA,VWA_25_Tub3,VWA_25
2026-04-10,Fri,Aiden,P2_VWA_25_Tub3_Lacerate 112,1,4,alive,,W9-10,4,1,,VWA,25,P2_VWA,VWA_25_Tub3,VWA_25
2026-04-10,Fri,Aiden,P3_H2_32_Tub1_Lacerate 102,3,0,alive,,W9-10,0,3,,H2,32,P3_H2,H2_32_Tub1,H2_32
2026-04-10,Fri,Aiden,P2_H2_32_Tub1_Lacerate 103,3,0,alive,,W9-10,0,3,,H2,32,P2_H2,H2_32_Tub1,H2_32
2026-04-10,Fri,Aiden,P2_H2_32_Tub1_Lacerate 104,0,2,alive,,W9-10,#N/A,0,,H2,32,P2_H2,H2_32_Tub1,H2_32
2026-04-10,Fri,Aiden,P1_H2_32_Tub2_Lacerate 125,3,11,alive,,W9-10,3.666666667,3,,H2,32,P1_H2,H2_32_Tub2,H2_32
2026-04-10,Fri,Aiden,P1_H2_32_Tub2_Lacerate 126,3,0,alive,,W9-10,0,3,,H2,32,P1_H2,H2_32_Tub2,H2_32
2026-04-10,Fri,Aiden,P1_H2_32_Tub2_Lacerate 127,3,0,alive,,W9-10,0,3,,H2,32,P1_H2,H2_32_Tub2,H2_32
2026-04-10,Fri,Aiden,P1_H2_32_Tub2_Lacerate 128,3,0,alive,,W9-10,0,3,,H2,32,P1_H2,H2_32_Tub2,H2_32
2026-04-10,Fri,Aiden,P1_H2_32_Tub2_Lacerate 129,3,0,alive,,W9-10,0,3,,H2,32,P1_H2,H2_32_Tub2,H2_32
2026-04-10,Fri,Aiden,P1_H2_32_Tub2_Lacerate 130,3,7,alive,,W9-10,2.333333333,3,,H2,32,P1_H2,H2_32_Tub2,H2_32
2026-04-10,Fri,Aiden,P1_H2_32_Tub2_Lacerate 131,3,5,alive,,W9-10,1.666666667,3,,H2,32,P1_H2,H2_32_Tub2,H2_32
2026-04-10,Fri,Aiden,P3_H2_32_Tub2_Lacerate 132,3,0,alive,,W9-10,0,3,,H2,32,P3_H2,H2_32_Tub2,H2_32
2026-04-10,Fri,Aiden,P2_H2_32_Tub2_Lacerate 133,3,6,alive,,W9-10,2,3,,H2,32,P2_H2,H2_32_Tub2,H2_32
2026-04-10,Fri,Aiden,P1_H2_32_Tub2_Lacerate 134,0,0,alive,,W9-10,#N/A,0,,H2,32,P1_H2,H2_32_Tub2,H2_32
2026-04-10,Fri,Aiden,P1_H2_32_Tub2_Lacerate 135,0,0,alive,,W9-10,#N/A,0,,H2,32,P1_H2,H2_32_Tub2,H2_32
2026-04-10,Fri,Aiden,P1_H2_32_Tub3_Lacerate 115,3,0,alive,,W9-10,0,3,,H2,32,P1_H2,H2_32_Tub3,H2_32
2026-04-10,Fri,Aiden,P2_H2_32_Tub3_Lacerate 116,3,0,alive,,W9-10,0,3,,H2,32,P2_H2,H2_32_Tub3,H2_32
2026-04-10,Fri,Aiden,P2_H2_32_Tub3_Lacerate 117,3,0,alive,,W9-10,0,3,,H2,32,P2_H2,H2_32_Tub3,H2_32
2026-04-10,Fri,Aiden,P2_H2_32_Tub3_Lacerate 118,3,0,alive,,W9-10,0,3,,H2,32,P2_H2,H2_32_Tub3,H2_32
2026-04-10,Fri,Aiden,P2_H2_32_Tub3_Lacerate 119,3,9,alive,,W9-10,3,3,,H2,32,P2_H2,H2_32_Tub3,H2_32
2026-04-10,Fri,Aiden,P3_H2_32_Tub3_Lacerate 120,3,0,alive,,W9-10,0,3,,H2,32,P3_H2,H2_32_Tub3,H2_32
2026-04-10,Fri,Aiden,P3_H2_32_Tub3_Lacerate 121,3,10,alive,,W9-10,3.333333333,3,,H2,32,P3_H2,H2_32_Tub3,H2_32
2026-04-10,Fri,Aiden,P3_H2_32_Tub3_Lacerate 122,3,0,alive,,W9-10,0,3,,H2,32,P3_H2,H2_32_Tub3,H2_32
2026-04-10,Fri,Aiden,P3_H2_32_Tub3_Lacerate 123,3,0,alive,,W9-10,0,3,,H2,32,P3_H2,H2_32_Tub3,H2_32
2026-04-10,Fri,Aiden,P3_H2_32_Tub3_Lacerate 124,3,0,alive,,W9-10,0,3,,H2,32,P3_H2,H2_32_Tub3,H2_32
2026-04-10,Fri,Aiden,P2_H2_32_Tub3_Lacerate 125,1,0,alive,,W9-10,0,1,,H2,32,P2_H2,H2_32_Tub3,H2_32
2026-04-10,Fri,Aiden,P3_H2_32_Tub3_Lacerate 126,1,0,alive,,W9-10,0,1,,H2,32,P3_H2,H2_32_Tub3,H2_32
2026-04-10,Fri,Aiden,P1_H2_32_Tub3_Lacerate 127,1,0,alive,,W9-10,0,1,,H2,32,P1_H2,H2_32_Tub3,H2_32
2026-04-10,Fri,Aiden,P2_VWA_32_Tub1_Lacerate 103,3,,alive,,W9-10,0,3,,VWA,32,P2_VWA,VWA_32_Tub1,VWA_32
2026-04-10,Fri,Aiden,PX_VWA_32_Tub1_Lacerate 104,3,0,alive,,W9-10,2.333333333,3,,VWA,32,PX_VWA,VWA_32_Tub1,VWA_32
2026-04-10,Fri,Aiden,PX_VWA_32_Tub1_Lacerate 105,3,7,alive,,W9-10,2,3,,VWA,32,PX_VWA,VWA_32_Tub1,VWA_32
2026-04-10,Fri,Aiden,P1_VWA_32_Tub1_Lacerate 106,3,6,missing,,W9-10,0,3,,VWA,32,P1_VWA,VWA_32_Tub1,VWA_32
2026-04-10,Fri,Aiden,P1_VWA_32_Tub1_Lacerate 107,3,,alive,,W9-10,2.666666667,3,,VWA,32,P1_VWA,VWA_32_Tub1,VWA_32
2026-04-10,Fri,Aiden,P1_VWA_32_Tub1_Lacerate 108,3,8,alive,,W9-10,1.333333333,3,,VWA,32,P1_VWA,VWA_32_Tub1,VWA_32
2026-04-10,Fri,Aiden,P1_VWA_32_Tub1_Lacerate 109,3,4,missing,,W9-10,0,3,,VWA,32,P1_VWA,VWA_32_Tub1,VWA_32
2026-04-10,Fri,Aiden,PX_VWA_32_Tub1_Lacerate 110,3,,alive,,W9-10,2.666666667,3,,VWA,32,PX_VWA,VWA_32_Tub1,VWA_32
2026-04-10,Fri,Aiden,PX_VWA_32_Tub1_Lacerate 111,3,8,alive,,W9-10,2.666666667,3,,VWA,32,PX_VWA,VWA_32_Tub1,VWA_32
2026-04-10,Fri,Aiden,P2_VWA_32_Tub1_Lacerate 112,3,8,alive,,W9-10,0,3,,VWA,32,P2_VWA,VWA_32_Tub1,VWA_32
2026-04-10,Fri,Aiden,P2_VWA_32_Tub1_Lacerate 113,3,0,alive,,W9-10,2,3,,VWA,32,P2_VWA,VWA_32_Tub1,VWA_32
2026-04-10,Fri,Aiden,P3_VWA_32_Tub1_Lacerate 114,1,6,alive,,W9-10,0,1,,VWA,32,P3_VWA,VWA_32_Tub1,VWA_32
2026-04-10,Fri,Aiden,P3_VWA_32_Tub1_Lacerate 115,1,0,alive,,W9-10,0,1,,VWA,32,P3_VWA,VWA_32_Tub1,VWA_32
2026-04-10,Fri,Aiden,P3_VWA_32_Tub1_Lacerate 116,1,0,alive,,W9-10,0,1,,VWA,32,P3_VWA,VWA_32_Tub1,VWA_32
2026-04-10,Fri,Aiden,P3_VWA_32_Tub1_Lacerate 117,1,0,alive,,W9-10,0,1,,VWA,32,P3_VWA,VWA_32_Tub1,VWA_32
2026-04-10,Fri,Aiden,P3_VWA_32_Tub1_Lacerate 118,1,0,alive,,W9-10,0,1,,VWA,32,P3_VWA,VWA_32_Tub1,VWA_32
2026-04-10,Fri,Aiden,P3_VWA_32_Tub1_Lacerate 119,1,0,alive,,W9-10,0,1,,VWA,32,P3_VWA,VWA_32_Tub1,VWA_32
2026-04-10,Fri,Aiden,PX_VWA_32_Tub2_Lacerate 70,3,0,alive,,W9-10,1.666666667,3,,VWA,32,PX_VWA,VWA_32_Tub2,VWA_32
2026-04-10,Fri,Aiden,PX_VWA_32_Tub2_Lacerate 71,3,5,alive,,W9-10,2.333333333,3,,VWA,32,PX_VWA,VWA_32_Tub2,VWA_32
2026-04-10,Fri,Aiden,PX_VWA_32_Tub2_Lacerate 72,3,7,alive,,W9-10,2.333333333,3,,VWA,32,PX_VWA,VWA_32_Tub2,VWA_32
2026-04-10,Fri,Aiden,PX_VWA_32_Tub2_Lacerate 73,3,4,alive,,W9-10,1.333333333,3,,VWA,32,PX_VWA,VWA_32_Tub2,VWA_32
2026-04-10,Fri,Aiden,P1_VWA_32_Tub2_Lacerate 74,3,0,alive,,W9-10,0,3,,VWA,32,P1_VWA,VWA_32_Tub2,VWA_32
2026-04-10,Fri,Aiden,P1_VWA_32_Tub2_Lacerate 75,3,0,alive,,W9-10,0,3,,VWA,32,P1_VWA,VWA_32_Tub2,VWA_32
2026-04-10,Fri,Aiden,P1_VWA_32_Tub2_Lacerate 76,3,5,alive,,W9-10,1.666666667,3,,VWA,32,P1_VWA,VWA_32_Tub2,VWA_32
2026-04-10,Fri,Aiden,P1_VWA_32_Tub2_Lacerate 77,3,0,alive,,W9-10,0,3,,VWA,32,P1_VWA,VWA_32_Tub2,VWA_32
2026-04-10,Fri,Aiden,P1_VWA_32_Tub2_Lacerate 78,3,0,alive,,W9-10,0,3,,VWA,32,P1_VWA,VWA_32_Tub2,VWA_32
2026-04-10,Fri,Aiden,P1_VWA_32_Tub2_Lacerate 79,1,0,alive,,W9-10,0,1,,VWA,32,P1_VWA,VWA_32_Tub2,VWA_32
2026-04-10,Fri,Aiden,P3_VWA_32_Tub3_Lacerate 65,3,5,alive,,W9-10,1.666666667,3,,VWA,32,P3_VWA,VWA_32_Tub3,VWA_32
2026-04-10,Fri,Aiden,P3_VWA_32_Tub3_Lacerate 66,3,0,alive,,W9-10,0,3,,VWA,32,P3_VWA,VWA_32_Tub3,VWA_32
2026-04-10,Fri,Aiden,P3_VWA_32_Tub3_Lacerate 67,3,0,alive,,W9-10,0,3,,VWA,32,P3_VWA,VWA_32_Tub3,VWA_32
2026-04-10,Fri,Aiden,P1_VWA_32_Tub3_Lacerate 68,3,8,alive,,W9-10,2.666666667,3,,VWA,32,P1_VWA,VWA_32_Tub3,VWA_32
2026-04-10,Fri,Aiden,P1_VWA_32_Tub3_Lacerate 69,3,11,alive,,W9-10,3.666666667,3,,VWA,32,P1_VWA,VWA_32_Tub3,VWA_32
2026-04-10,Fri,Aiden,P3_VWA_32_Tub3_Lacerate 70,3,0,alive,,W9-10,0,3,,VWA,32,P3_VWA,VWA_32_Tub3,VWA_32
2026-04-10,Fri,Aiden,P3_VWA_32_Tub3_Lacerate 71,3,5,alive,,W9-10,1.666666667,3,,VWA,32,P3_VWA,VWA_32_Tub3,VWA_32
2026-04-10,Fri,Aiden,P3_VWA_32_Tub3_Lacerate 72,1,4,alive,,W9-10,4,1,,VWA,32,P3_VWA,VWA_32_Tub3,VWA_32
2026-04-10,Fri,Aiden,P1_VWA_32_Tub3_Lacerate 73,0,0,alive,,W9-10,#N/A,0,,VWA,32,P1_VWA,VWA_32_Tub3,VWA_32
2026-04-10,Fri,Aiden,P3_VWA_32_Tub3_Lacerate 74,0,0,alive,,W9-10,#N/A,0,,VWA,32,P3_VWA,VWA_32_Tub3,VWA_32
2026-04-11,Sat,Aiden,P2_H2_25_Tub1_Lacerate 157,4,9,alive,,W9-10,2.25,4,,H2,25,P2_H2,H2_25_Tub1,H2_25
2026-04-11,Sat,Aiden,P2_H2_25_Tub1_Lacerate 158,4,7,alive,,W9-10,1.75,4,,H2,25,P2_H2,H2_25_Tub1,H2_25
2026-04-11,Sat,Aiden,P3_H2_25_Tub1_Lacerate 159,4,8,alive,,W9-10,2,4,,H2,25,P3_H2,H2_25_Tub1,H2_25
2026-04-11,Sat,Aiden,P1_H2_25_Tub1_Lacerate 160,4,5,alive,,W9-10,1.25,4,,H2,25,P1_H2,H2_25_Tub1,H2_25
2026-04-11,Sat,Aiden,P1_H2_25_Tub1_Lacerate 161,4,5,alive,,W9-10,1.25,4,,H2,25,P1_H2,H2_25_Tub1,H2_25
2026-04-11,Sat,Aiden,P2_H2_25_Tub1_Lacerate 162,4,0,alive,,W9-10,0,4,,H2,25,P2_H2,H2_25_Tub1,H2_25
2026-04-11,Sat,Aiden,P2_H2_25_Tub1_Lacerate 163,2,6,alive,,W9-10,3,2,,H2,25,P2_H2,H2_25_Tub1,H2_25
2026-04-11,Sat,Aiden,P3_H2_25_Tub1_Lacerate 164,2,5,alive,,W9-10,2.5,2,,H2,25,P3_H2,H2_25_Tub1,H2_25
2026-04-11,Sat,Aiden,P2_H2_25_Tub1_Lacerate 165,1,4,alive,,W9-10,4,1,,H2,25,P2_H2,H2_25_Tub1,H2_25
2026-04-11,Sat,Aiden,P2_H2_25_Tub1_Lacerate 166,0,0,alive,,W9-10,#N/A,0,,H2,25,P2_H2,H2_25_Tub1,H2_25
2026-04-11,Sat,Aiden,P2_H2_25_Tub1_Lacerate 167,0,0,alive,,W9-10,#N/A,0,,H2,25,P2_H2,H2_25_Tub1,H2_25
2026-04-11,Sat,Aiden,P2_H2_25_Tub1_Lacerate 168,0,0,alive,,W9-10,#N/A,0,,H2,25,P2_H2,H2_25_Tub1,H2_25
2026-04-11,Sat,Aiden,P3_H2_25_Tub1_Lacerate 169,0,0,alive,,W9-10,#N/A,0,,H2,25,P3_H2,H2_25_Tub1,H2_25
2026-04-11,Sat,Aiden,P3_H2_25_Tub1_Lacerate 170,0,0,alive,,W9-10,#N/A,0,,H2,25,P3_H2,H2_25_Tub1,H2_25
2026-04-11,Sat,Aiden,P1_H2_25_Tub1_Lacerate 171,0,0,alive,,W9-10,#N/A,0,,H2,25,P1_H2,H2_25_Tub1,H2_25
2026-04-11,Sat,Aiden,P1_H2_25_Tub1_Lacerate 172,0,0,alive,,W9-10,#N/A,0,,H2,25,P1_H2,H2_25_Tub1,H2_25
2026-04-11,Sat,Aiden,P3_H2_25_Tub2_Lacerate 106,4,6,alive,,W9-10,1.5,4,,H2,25,P3_H2,H2_25_Tub2,H2_25
2026-04-11,Sat,Aiden,P3_H2_25_Tub2_Lacerate 107,4,7,alive,,W9-10,1.75,4,,H2,25,P3_H2,H2_25_Tub2,H2_25
2026-04-11,Sat,Aiden,P3_H2_25_Tub2_Lacerate 108,4,4,alive,,W9-10,1,4,,H2,25,P3_H2,H2_25_Tub2,H2_25
2026-04-11,Sat,Aiden,P3_H2_25_Tub2_Lacerate 109,4,5,alive,,W9-10,1.25,4,,H2,25,P3_H2,H2_25_Tub2,H2_25
2026-04-11,Sat,Aiden,P3_H2_25_Tub2_Lacerate 110,4,0,alive,,W9-10,0,4,,H2,25,P3_H2,H2_25_Tub2,H2_25
2026-04-11,Sat,Aiden,P3_H2_25_Tub2_Lacerate 111,4,0,alive,,W9-10,0,4,,H2,25,P3_H2,H2_25_Tub2,H2_25
2026-04-11,Sat,Aiden,P3_H2_25_Tub2_Lacerate 112,4,6,alive,,W9-10,1.5,4,,H2,25,P3_H2,H2_25_Tub2,H2_25
2026-04-11,Sat,Aiden,P3_H2_25_Tub2_Lacerate 113,4,8,alive,,W9-10,2,4,,H2,25,P3_H2,H2_25_Tub2,H2_25
2026-04-11,Sat,Aiden,P2_H2_25_Tub2_Lacerate 114,4,7,alive,,W9-10,1.75,4,,H2,25,P2_H2,H2_25_Tub2,H2_25
2026-04-11,Sat,Aiden,P2_H2_25_Tub2_Lacerate 115,4,8,alive,,W9-10,2,4,,H2,25,P2_H2,H2_25_Tub2,H2_25
2026-04-11,Sat,Aiden,P2_H2_25_Tub2_Lacerate 116,4,7,alive,,W9-10,1.75,4,,H2,25,P2_H2,H2_25_Tub2,H2_25
2026-04-11,Sat,Aiden,P3_H2_25_Tub2_Lacerate 117,2,8,alive,,W9-10,4,2,,H2,25,P3_H2,H2_25_Tub2,H2_25
2026-04-11,Sat,Aiden,P1_H2_25_Tub2_Lacerate 118,2,12,alive,,W9-10,6,2,,H2,25,P1_H2,H2_25_Tub2,H2_25
2026-04-11,Sat,Aiden,P2_H2_25_Tub2_Lacerate 119,1,6,alive,,W9-10,6,1,,H2,25,P2_H2,H2_25_Tub2,H2_25
2026-04-11,Sat,Aiden,P1_H2_25_Tub2_Lacerate 120,0,0,alive,,W9-10,#N/A,0,,H2,25,P1_H2,H2_25_Tub2,H2_25
2026-04-11,Sat,Aiden,P1_H2_25_Tub2_Lacerate 121,0,5,alive,,W9-10,#N/A,0,,H2,25,P1_H2,H2_25_Tub2,H2_25
2026-04-11,Sat,Aiden,P1_H2_25_Tub2_Lacerate 122,0,4,alive,,W9-10,#N/A,0,,H2,25,P1_H2,H2_25_Tub2,H2_25
2026-04-11,Sat,Aiden,P3_H2_25_Tub3_Lacerate 111,4,6,alive,,W9-10,1.5,4,,H2,25,P3_H2,H2_25_Tub3,H2_25
2026-04-11,Sat,Aiden,P3_H2_25_Tub3_Lacerate 112,4,5,alive,,W9-10,1.25,4,,H2,25,P3_H2,H2_25_Tub3,H2_25
2026-04-11,Sat,Aiden,PX_H2_25_Tub3_Lacerate 113,4,6,alive,,W9-10,1.5,4,,H2,25,PX_H2,H2_25_Tub3,H2_25
2026-04-11,Sat,Aiden,P2_H2_25_Tub3_Lacerate 114,4,0,alive,,W9-10,0,4,,H2,25,P2_H2,H2_25_Tub3,H2_25
2026-04-11,Sat,Aiden,P1_H2_25_Tub3_Lacerate 115,4,,missing,,W9-10,0,4,,H2,25,P1_H2,H2_25_Tub3,H2_25
2026-04-11,Sat,Aiden,P1_H2_25_Tub3_Lacerate 116,2,0,alive,,W9-10,0,2,,H2,25,P1_H2,H2_25_Tub3,H2_25
2026-04-11,Sat,Aiden,PX_H2_25_Tub3_Lacerate 117,2,6,alive,,W9-10,3,2,,H2,25,PX_H2,H2_25_Tub3,H2_25
2026-04-11,Sat,Aiden,P2_H2_25_Tub2_Lacerate 119,1,0,alive,,W9-10,0,1,,H2,25,P2_H2,H2_25_Tub2,H2_25
2026-04-11,Sat,Aiden,PX_H2_25_Tub3_Lacerate 118,1,0,alive,,W9-10,0,1,,H2,25,PX_H2,H2_25_Tub3,H2_25
2026-04-11,Sat,Aiden,P3_H2_25_Tub3_Lacerate 119,1,0,alive,,W9-10,0,1,,H2,25,P3_H2,H2_25_Tub3,H2_25
2026-04-11,Sat,Aiden,P3_H2_25_Tub3_Lacerate 120,1,0,alive,,W9-10,0,1,,H2,25,P3_H2,H2_25_Tub3,H2_25
2026-04-11,Sat,Aiden,P3_H2_25_Tub3_Lacerate 121,1,0,alive,,W9-10,0,1,,H2,25,P3_H2,H2_25_Tub3,H2_25
2026-04-11,Sat,Aiden,P3_H2_25_Tub3_Lacerate 122,1,0,alive,,W9-10,0,1,,H2,25,P3_H2,H2_25_Tub3,H2_25
2026-04-11,Sat,Aiden,P3_H2_25_Tub3_Lacerate 123,1,0,alive,,W9-10,0,1,,H2,25,P3_H2,H2_25_Tub3,H2_25
2026-04-11,Sat,Aiden,P3_H2_25_Tub3_Lacerate 124,1,0,alive,,W9-10,0,1,,H2,25,P3_H2,H2_25_Tub3,H2_25
2026-04-11,Sat,Aiden,P2_H2_25_Tub3_Lacerate 125,0,0,alive,,W9-10,#N/A,0,,H2,25,P2_H2,H2_25_Tub3,H2_25
2026-04-11,Sat,Aiden,P1_H2_25_Tub3_Lacerate 126,0,0,alive,,W9-10,#N/A,0,,H2,25,P1_H2,H2_25_Tub3,H2_25
2026-04-11,Sat,Aiden,P1_H2_25_Tub3_Lacerate 127,0,0,alive,,W9-10,#N/A,0,,H2,25,P1_H2,H2_25_Tub3,H2_25
2026-04-11,Sat,Aiden,P1_H2_25_Tub3_Lacerate 128,0,0,alive,,W9-10,#N/A,0,,H2,25,P1_H2,H2_25_Tub3,H2_25
2026-04-11,Sat,Aiden,P1_H2_25_Tub3_Lacerate 129,0,0,alive,,W9-10,#N/A,0,,H2,25,P1_H2,H2_25_Tub3,H2_25
2026-04-11,Sat,Aiden,P3_VWA_25_Tub1_Lacerate 138,4,5,alive,,W9-10,1.25,4,,VWA,25,P3_VWA,VWA_25_Tub1,VWA_25
2026-04-11,Sat,Aiden,P3_VWA_25_Tub1_Lacerate 139,4,4,alive,,W9-10,1,4,,VWA,25,P3_VWA,VWA_25_Tub1,VWA_25
2026-04-11,Sat,Aiden,P1_VWA_25_Tub1_Lacerate 140,4,6,alive,,W9-10,1.5,4,,VWA,25,P1_VWA,VWA_25_Tub1,VWA_25
2026-04-11,Sat,Aiden,PX_VWA_25_Tub1_Lacerate 141,4,7,alive,,W9-10,1.75,4,,VWA,25,PX_VWA,VWA_25_Tub1,VWA_25
2026-04-11,Sat,Aiden,P3_VWA_25_Tub1_Lacerate 142,4,9,alive,,W9-10,2.25,4,,VWA,25,P3_VWA,VWA_25_Tub1,VWA_25
2026-04-11,Sat,Aiden,PX_VWA_25_Tub1_Lacerate 143,4,5,alive,,W9-10,1.25,4,,VWA,25,PX_VWA,VWA_25_Tub1,VWA_25
2026-04-11,Sat,Aiden,P2_VWA_25_Tub1_Lacerate 144,4,7,alive,,W9-10,1.75,4,,VWA,25,P2_VWA,VWA_25_Tub1,VWA_25
2026-04-11,Sat,Aiden,P2_VWA_25_Tub1_Lacerate 145,4,6,alive,,W9-10,1.5,4,,VWA,25,P2_VWA,VWA_25_Tub1,VWA_25
2026-04-11,Sat,Aiden,P2_VWA_25_Tub1_Lacerate 146,4,5,alive,,W9-10,1.25,4,,VWA,25,P2_VWA,VWA_25_Tub1,VWA_25
2026-04-11,Sat,Aiden,P2_VWA_25_Tub1_Lacerate 147,2,6,alive,,W9-10,3,2,,VWA,25,P2_VWA,VWA_25_Tub1,VWA_25
2026-04-11,Sat,Aiden,P3_VWA_25_Tub1_Lacerate 148,1,0,alive,,W9-10,0,1,,VWA,25,P3_VWA,VWA_25_Tub1,VWA_25
2026-04-11,Sat,Aiden,P3_VWA_25_Tub1_Lacerate 149,1,0,alive,,W9-10,0,1,,VWA,25,P3_VWA,VWA_25_Tub1,VWA_25
2026-04-11,Sat,Aiden,P1_VWA_25_Tub2_Lacerate 74,4,0,alive,,W9-10,0,4,,VWA,25,P1_VWA,VWA_25_Tub2,VWA_25
2026-04-11,Sat,Aiden,P1_VWA_25_Tub2_Lacerate 75,4,0,alive,,W9-10,0,4,,VWA,25,P1_VWA,VWA_25_Tub2,VWA_25
2026-04-11,Sat,Aiden,P1_VWA_25_Tub2_Lacerate 76,4,0,alive,,W9-10,0,4,,VWA,25,P1_VWA,VWA_25_Tub2,VWA_25
2026-04-11,Sat,Aiden,P1_VWA_25_Tub2_Lacerate 77,4,0,alive,,W9-10,0,4,,VWA,25,P1_VWA,VWA_25_Tub2,VWA_25
2026-04-11,Sat,Aiden,P1_VWA_25_Tub2_Lacerate 78,4,0,alive,,W9-10,0,4,,VWA,25,P1_VWA,VWA_25_Tub2,VWA_25
2026-04-11,Sat,Aiden,P1_VWA_25_Tub2_Lacerate 79,4,0,alive,,W9-10,0,4,,VWA,25,P1_VWA,VWA_25_Tub2,VWA_25
2026-04-11,Sat,Aiden,P1_VWA_25_Tub2_Lacerate 80,4,0,alive,,W9-10,0,4,,VWA,25,P1_VWA,VWA_25_Tub2,VWA_25
2026-04-11,Sat,Aiden,P1_VWA_25_Tub2_Lacerate 81,4,0,alive,,W9-10,0,4,,VWA,25,P1_VWA,VWA_25_Tub2,VWA_25
2026-04-11,Sat,Aiden,P1_VWA_25_Tub2_Lacerate 82,4,0,alive,,W9-10,0,4,,VWA,25,P1_VWA,VWA_25_Tub2,VWA_25
2026-04-11,Sat,Aiden,P1_VWA_25_Tub2_Lacerate 83,4,0,alive,,W9-10,0,4,,VWA,25,P1_VWA,VWA_25_Tub2,VWA_25
2026-04-11,Sat,Aiden,P1_VWA_25_Tub2_Lacerate 84,4,0,alive,,W9-10,0,4,,VWA,25,P1_VWA,VWA_25_Tub2,VWA_25
2026-04-11,Sat,Aiden,P1_VWA_25_Tub2_Lacerate 85,2,6,alive,,W9-10,3,2,,VWA,25,P1_VWA,VWA_25_Tub2,VWA_25
2026-04-11,Sat,Aiden,PX_VWA_25_Tub2_Lacerate 86,1,0,alive,,W9-10,0,1,,VWA,25,PX_VWA,VWA_25_Tub2,VWA_25
2026-04-11,Sat,Aiden,PX_VWA_25_Tub2_Lacerate 87,1,0,alive,,W9-10,0,1,,VWA,25,PX_VWA,VWA_25_Tub2,VWA_25
2026-04-11,Sat,Aiden,PX_VWA_25_Tub2_Lacerate 88,1,0,alive,,W9-10,0,1,,VWA,25,PX_VWA,VWA_25_Tub2,VWA_25
2026-04-11,Sat,Aiden,PX_VWA_25_Tub2_Lacerate 89,1,5,alive,,W9-10,5,1,,VWA,25,PX_VWA,VWA_25_Tub2,VWA_25
2026-04-11,Sat,Aiden,P2_VWA_25_Tub2_Lacerate 90,0,3,alive,,W9-10,#N/A,0,,VWA,25,P2_VWA,VWA_25_Tub2,VWA_25
2026-04-11,Sat,Aiden,P2_VWA_25_Tub2_Lacerate 91,0,2,alive,,W9-10,#N/A,0,,VWA,25,P2_VWA,VWA_25_Tub2,VWA_25
2026-04-11,Sat,Aiden,P3_VWA_25_Tub3_Lacerate 97,4,7,alive,,W9-10,1.75,4,,VWA,25,P3_VWA,VWA_25_Tub3,VWA_25
2026-04-11,Sat,Aiden,P3_VWA_25_Tub3_Lacerate 98,4,0,alive,,W9-10,0,4,,VWA,25,P3_VWA,VWA_25_Tub3,VWA_25
2026-04-11,Sat,Aiden,P3_VWA_25_Tub3_Lacerate 99,4,0,alive,,W9-10,0,4,,VWA,25,P3_VWA,VWA_25_Tub3,VWA_25
2026-04-11,Sat,Aiden,P3_VWA_25_Tub3_Lacerate 100,4,0,alive,,W9-10,0,4,,VWA,25,P3_VWA,VWA_25_Tub3,VWA_25
2026-04-11,Sat,Aiden,P3_VWA_25_Tub3_Lacerate 101,4,8,alive,,W9-10,2,4,,VWA,25,P3_VWA,VWA_25_Tub3,VWA_25
2026-04-11,Sat,Aiden,P3_VWA_25_Tub3_Lacerate 102,4,0,alive,,W9-10,0,4,,VWA,25,P3_VWA,VWA_25_Tub3,VWA_25
2026-04-11,Sat,Aiden,P3_VWA_25_Tub3_Lacerate 103,4,0,alive,,W9-10,0,4,,VWA,25,P3_VWA,VWA_25_Tub3,VWA_25
2026-04-11,Sat,Aiden,P3_VWA_25_Tub3_Lacerate 104,4,0,alive,,W9-10,0,4,,VWA,25,P3_VWA,VWA_25_Tub3,VWA_25
2026-04-11,Sat,Aiden,PX_VWA_25_Tub3_Lacerate 105,4,10,alive,,W9-10,2.5,4,,VWA,25,PX_VWA,VWA_25_Tub3,VWA_25
2026-04-11,Sat,Aiden,P3_VWA_25_Tub3_Lacerate 106,4,0,alive,,W9-10,0,4,,VWA,25,P3_VWA,VWA_25_Tub3,VWA_25
2026-04-11,Sat,Aiden,P3_VWA_25_Tub3_Lacerate 107,4,0,alive,,W9-10,0,4,,VWA,25,P3_VWA,VWA_25_Tub3,VWA_25
2026-04-11,Sat,Aiden,P3_VWA_25_Tub3_Lacerate 108,4,0,alive,,W9-10,0,4,,VWA,25,P3_VWA,VWA_25_Tub3,VWA_25
2026-04-11,Sat,Aiden,P3_VWA_25_Tub3_Lacerate 109,4,0,alive,,W9-10,0,4,,VWA,25,P3_VWA,VWA_25_Tub3,VWA_25
2026-04-11,Sat,Aiden,PX_VWA_25_Tub3_Lacerate 110,4,6,alive,,W9-10,1.5,4,,VWA,25,PX_VWA,VWA_25_Tub3,VWA_25
2026-04-11,Sat,Aiden,P2_VWA_25_Tub3_Lacerate 111,4,0,alive,,W9-10,0,4,,VWA,25,P2_VWA,VWA_25_Tub3,VWA_25
2026-04-11,Sat,Aiden,P2_VWA_25_Tub3_Lacerate 112,2,5,alive,,W9-10,2.5,2,,VWA,25,P2_VWA,VWA_25_Tub3,VWA_25
2026-04-11,Sat,Aiden,P1_VWA_25_Tub3_Lacerate 113,0,0,alive,,W9-10,#N/A,0,,VWA,25,P1_VWA,VWA_25_Tub3,VWA_25
2026-04-11,Sat,Aiden,P1_VWA_25_Tub3_Lacerate 114,0,0,alive,,W9-10,#N/A,0,,VWA,25,P1_VWA,VWA_25_Tub3,VWA_25
2026-04-11,Sat,Aiden,P1_VWA_25_Tub3_Lacerate 115,0,0,alive,,W9-10,#N/A,0,,VWA,25,P1_VWA,VWA_25_Tub3,VWA_25
2026-04-11,Sat,Aiden,P3_VWA_25_Tub3_Lacerate 116,0,0,alive,,W9-10,#N/A,0,,VWA,25,P3_VWA,VWA_25_Tub3,VWA_25
2026-04-11,Sat,Aiden,P3_VWA_25_Tub3_Lacerate 117,0,0,alive,,W9-10,#N/A,0,,VWA,25,P3_VWA,VWA_25_Tub3,VWA_25
2026-04-11,Sat,Aiden,P3_H2_32_Tub1_Lacerate 102,4,0,alive,,W9-10,0,4,,H2,32,P3_H2,H2_32_Tub1,H2_32
2026-04-11,Sat,Aiden,P2_H2_32_Tub1_Lacerate 103,4,0,alive,,W9-10,0,4,,H2,32,P2_H2,H2_32_Tub1,H2_32
2026-04-11,Sat,Aiden,P2_H2_32_Tub1_Lacerate 104,1,3,alive,,W9-10,3,1,,H2,32,P2_H2,H2_32_Tub1,H2_32
2026-04-11,Sat,Aiden,P3_H2_32_Tub1_Lacerate 105,0,0,alive,,W9-10,#N/A,0,,H2,32,P3_H2,H2_32_Tub1,H2_32
2026-04-11,Sat,Aiden,P1_H2_32_Tub2_Lacerate 125,4,11,alive,,W9-10,2.75,4,,H2,32,P1_H2,H2_32_Tub2,H2_32
2026-04-11,Sat,Aiden,P1_H2_32_Tub2_Lacerate 126,4,0,alive,,W9-10,0,4,,H2,32,P1_H2,H2_32_Tub2,H2_32
2026-04-11,Sat,Aiden,P1_H2_32_Tub2_Lacerate 127,4,0,alive,,W9-10,0,4,,H2,32,P1_H2,H2_32_Tub2,H2_32
2026-04-11,Sat,Aiden,P1_H2_32_Tub2_Lacerate 128,4,0,alive,,W9-10,0,4,,H2,32,P1_H2,H2_32_Tub2,H2_32
2026-04-11,Sat,Aiden,P1_H2_32_Tub2_Lacerate 129,4,0,alive,,W9-10,0,4,,H2,32,P1_H2,H2_32_Tub2,H2_32
2026-04-11,Sat,Aiden,P1_H2_32_Tub2_Lacerate 130,4,7,alive,,W9-10,1.75,4,,H2,32,P1_H2,H2_32_Tub2,H2_32
2026-04-11,Sat,Aiden,P1_H2_32_Tub2_Lacerate 131,4,7,alive,,W9-10,1.75,4,,H2,32,P1_H2,H2_32_Tub2,H2_32
2026-04-11,Sat,Aiden,P3_H2_32_Tub2_Lacerate 132,4,0,alive,,W9-10,0,4,,H2,32,P3_H2,H2_32_Tub2,H2_32
2026-04-11,Sat,Aiden,P2_H2_32_Tub2_Lacerate 133,4,6,alive,,W9-10,1.5,4,,H2,32,P2_H2,H2_32_Tub2,H2_32
2026-04-11,Sat,Aiden,P1_H2_32_Tub2_Lacerate 134,1,0,alive,,W9-10,0,1,,H2,32,P1_H2,H2_32_Tub2,H2_32
2026-04-11,Sat,Aiden,P1_H2_32_Tub2_Lacerate 135,1,0,alive,,W9-10,0,1,,H2,32,P1_H2,H2_32_Tub2,H2_32
2026-04-11,Sat,Aiden,P2_H2_32_Tub2_Lacerate 136,0,5,alive,,W9-10,#N/A,0,,H2,32,P2_H2,H2_32_Tub2,H2_32
2026-04-11,Sat,Aiden,PX_H2_32_Tub2_Lacerate 137,0,2,alive,,W9-10,#N/A,0,,H2,32,PX_H2,H2_32_Tub2,H2_32
2026-04-11,Sat,Aiden,PX_H2_32_Tub2_Lacerate 138,0,4,alive,,W9-10,#N/A,0,,H2,32,PX_H2,H2_32_Tub2,H2_32
2026-04-11,Sat,Aiden,PX_H2_32_Tub2_Lacerate 139,0,3,alive,,W9-10,#N/A,0,,H2,32,PX_H2,H2_32_Tub2,H2_32
2026-04-11,Sat,Aiden,P1_H2_32_Tub2_Lacerate 140,0,0,alive,,W9-10,#N/A,0,,H2,32,P1_H2,H2_32_Tub2,H2_32
2026-04-11,Sat,Aiden,P1_H2_32_Tub3_Lacerate 115,4,0,alive,,W9-10,0,4,,H2,32,P1_H2,H2_32_Tub3,H2_32
2026-04-11,Sat,Aiden,P2_H2_32_Tub3_Lacerate 116,4,0,alive,,W9-10,0,4,,H2,32,P2_H2,H2_32_Tub3,H2_32
2026-04-11,Sat,Aiden,P2_H2_32_Tub3_Lacerate 117,4,0,alive,,W9-10,0,4,,H2,32,P2_H2,H2_32_Tub3,H2_32
2026-04-11,Sat,Aiden,P2_H2_32_Tub3_Lacerate 118,4,0,alive,,W9-10,0,4,,H2,32,P2_H2,H2_32_Tub3,H2_32
2026-04-11,Sat,Aiden,P2_H2_32_Tub3_Lacerate 119,4,9,alive,,W9-10,2.25,4,,H2,32,P2_H2,H2_32_Tub3,H2_32
2026-04-11,Sat,Aiden,P3_H2_32_Tub3_Lacerate 120,4,0,alive,,W9-10,0,4,,H2,32,P3_H2,H2_32_Tub3,H2_32
2026-04-11,Sat,Aiden,P3_H2_32_Tub3_Lacerate 121,4,10,alive,,W9-10,2.5,4,,H2,32,P3_H2,H2_32_Tub3,H2_32
2026-04-11,Sat,Aiden,P3_H2_32_Tub3_Lacerate 122,4,0,alive,,W9-10,0,4,,H2,32,P3_H2,H2_32_Tub3,H2_32
2026-04-11,Sat,Aiden,P3_H2_32_Tub3_Lacerate 123,4,0,alive,,W9-10,0,4,,H2,32,P3_H2,H2_32_Tub3,H2_32
2026-04-11,Sat,Aiden,P3_H2_32_Tub3_Lacerate 124,4,0,alive,,W9-10,0,4,,H2,32,P3_H2,H2_32_Tub3,H2_32
2026-04-11,Sat,Aiden,P2_H2_32_Tub3_Lacerate 125,2,0,alive,,W9-10,0,2,,H2,32,P2_H2,H2_32_Tub3,H2_32
2026-04-11,Sat,Aiden,P3_H2_32_Tub3_Lacerate 126,2,0,alive,,W9-10,0,2,,H2,32,P3_H2,H2_32_Tub3,H2_32
2026-04-11,Sat,Aiden,P1_H2_32_Tub3_Lacerate 127,2,0,alive,,W9-10,0,2,,H2,32,P1_H2,H2_32_Tub3,H2_32
2026-04-11,Sat,Aiden,PX_H2_32_Tub3_Lacerate 128,0,3,alive,,W9-10,#N/A,0,,H2,32,PX_H2,H2_32_Tub3,H2_32
2026-04-11,Sat,Aiden,PX_H2_32_Tub3_Lacerate 129,0,5,alive,,W9-10,#N/A,0,,H2,32,PX_H2,H2_32_Tub3,H2_32
2026-04-11,Sat,Aiden,PX_H2_32_Tub3_Lacerate 130,0,5,alive,,W9-10,#N/A,0,,H2,32,PX_H2,H2_32_Tub3,H2_32
2026-04-11,Sat,Aiden,P2_VWA_32_Tub1_Lacerate 103,4,0,alive,,W9-10,0,4,,VWA,32,P2_VWA,VWA_32_Tub1,VWA_32
2026-04-11,Sat,Aiden,PX_VWA_32_Tub1_Lacerate 104,4,7,alive,,W9-10,1.75,4,,VWA,32,PX_VWA,VWA_32_Tub1,VWA_32
2026-04-11,Sat,Aiden,PX_VWA_32_Tub1_Lacerate 105,4,8,alive,,W9-10,2,4,,VWA,32,PX_VWA,VWA_32_Tub1,VWA_32
2026-04-11,Sat,Aiden,P1_VWA_32_Tub1_Lacerate 106,4,,missing,,W9-10,0,4,,VWA,32,P1_VWA,VWA_32_Tub1,VWA_32
2026-04-11,Sat,Aiden,P1_VWA_32_Tub1_Lacerate 107,4,8,alive,,W9-10,2,4,,VWA,32,P1_VWA,VWA_32_Tub1,VWA_32
2026-04-11,Sat,Aiden,P1_VWA_32_Tub1_Lacerate 108,4,6,alive,,W9-10,1.5,4,,VWA,32,P1_VWA,VWA_32_Tub1,VWA_32
2026-04-11,Sat,Aiden,P1_VWA_32_Tub1_Lacerate 109,4,,missing,,W9-10,0,4,,VWA,32,P1_VWA,VWA_32_Tub1,VWA_32
2026-04-11,Sat,Aiden,PX_VWA_32_Tub1_Lacerate 110,4,8,alive,,W9-10,2,4,,VWA,32,PX_VWA,VWA_32_Tub1,VWA_32
2026-04-11,Sat,Aiden,PX_VWA_32_Tub1_Lacerate 111,4,8,alive,,W9-10,2,4,,VWA,32,PX_VWA,VWA_32_Tub1,VWA_32
2026-04-11,Sat,Aiden,P2_VWA_32_Tub1_Lacerate 112,4,0,alive,,W9-10,0,4,,VWA,32,P2_VWA,VWA_32_Tub1,VWA_32
2026-04-11,Sat,Aiden,P2_VWA_32_Tub1_Lacerate 113,4,9,alive,,W9-10,2.25,4,,VWA,32,P2_VWA,VWA_32_Tub1,VWA_32
2026-04-11,Sat,Aiden,P3_VWA_32_Tub1_Lacerate 114,2,0,alive,,W9-10,0,2,,VWA,32,P3_VWA,VWA_32_Tub1,VWA_32
2026-04-11,Sat,Aiden,P3_VWA_32_Tub1_Lacerate 115,2,0,alive,,W9-10,0,2,,VWA,32,P3_VWA,VWA_32_Tub1,VWA_32
2026-04-11,Sat,Aiden,P3_VWA_32_Tub1_Lacerate 116,2,0,alive,,W9-10,0,2,,VWA,32,P3_VWA,VWA_32_Tub1,VWA_32
2026-04-11,Sat,Aiden,P3_VWA_32_Tub1_Lacerate 117,2,0,alive,,W9-10,0,2,,VWA,32,P3_VWA,VWA_32_Tub1,VWA_32
2026-04-11,Sat,Aiden,P3_VWA_32_Tub1_Lacerate 118,2,0,alive,,W9-10,0,2,,VWA,32,P3_VWA,VWA_32_Tub1,VWA_32
2026-04-11,Sat,Aiden,P3_VWA_32_Tub1_Lacerate 119,2,0,alive,,W9-10,0,2,,VWA,32,P3_VWA,VWA_32_Tub1,VWA_32
2026-04-11,Sat,Aiden,PX_VWA_32_Tub1_Lacerate 120,0,3,alive,,W9-10,#N/A,0,,VWA,32,PX_VWA,VWA_32_Tub1,VWA_32
2026-04-11,Sat,Aiden,PX_VWA_32_Tub2_Lacerate 70,4,0,alive,,W9-10,0,4,,VWA,32,PX_VWA,VWA_32_Tub2,VWA_32
2026-04-11,Sat,Aiden,PX_VWA_32_Tub2_Lacerate 71,4,6,alive,,W9-10,1.5,4,,VWA,32,PX_VWA,VWA_32_Tub2,VWA_32
2026-04-11,Sat,Aiden,PX_VWA_32_Tub2_Lacerate 72,4,7,alive,,W9-10,1.75,4,,VWA,32,PX_VWA,VWA_32_Tub2,VWA_32
2026-04-11,Sat,Aiden,PX_VWA_32_Tub2_Lacerate 73,4,6,alive,,W9-10,1.5,4,,VWA,32,PX_VWA,VWA_32_Tub2,VWA_32
2026-04-11,Sat,Aiden,P1_VWA_32_Tub2_Lacerate 74,4,3,alive,,W9-10,0.75,4,,VWA,32,P1_VWA,VWA_32_Tub2,VWA_32
2026-04-11,Sat,Aiden,P1_VWA_32_Tub2_Lacerate 75,4,0,alive,,W9-10,0,4,,VWA,32,P1_VWA,VWA_32_Tub2,VWA_32
2026-04-11,Sat,Aiden,P1_VWA_32_Tub2_Lacerate 76,4,8,alive,,W9-10,2,4,,VWA,32,P1_VWA,VWA_32_Tub2,VWA_32
2026-04-11,Sat,Aiden,P1_VWA_32_Tub2_Lacerate 77,4,0,alive,,W9-10,0,4,,VWA,32,P1_VWA,VWA_32_Tub2,VWA_32
2026-04-11,Sat,Aiden,P1_VWA_32_Tub2_Lacerate 78,4,0,alive,,W9-10,0,4,,VWA,32,P1_VWA,VWA_32_Tub2,VWA_32
2026-04-11,Sat,Aiden,P1_VWA_32_Tub2_Lacerate 79,2,5,alive,,W9-10,2.5,2,,VWA,32,P1_VWA,VWA_32_Tub2,VWA_32
2026-04-11,Sat,Aiden,P3_VWA_32_Tub3_Lacerate 65,4,7,alive,,W9-10,1.75,4,,VWA,32,P3_VWA,VWA_32_Tub3,VWA_32
2026-04-11,Sat,Aiden,P3_VWA_32_Tub3_Lacerate 66,4,0,alive,,W9-10,0,4,,VWA,32,P3_VWA,VWA_32_Tub3,VWA_32
2026-04-11,Sat,Aiden,P3_VWA_32_Tub3_Lacerate 67,4,0,alive,,W9-10,0,4,,VWA,32,P3_VWA,VWA_32_Tub3,VWA_32
2026-04-11,Sat,Aiden,P1_VWA_32_Tub3_Lacerate 68,4,8,alive,,W9-10,2,4,,VWA,32,P1_VWA,VWA_32_Tub3,VWA_32
2026-04-11,Sat,Aiden,P1_VWA_32_Tub3_Lacerate 69,4,11,alive,,W9-10,2.75,4,,VWA,32,P1_VWA,VWA_32_Tub3,VWA_32
2026-04-11,Sat,Aiden,P3_VWA_32_Tub3_Lacerate 70,4,0,alive,,W9-10,0,4,,VWA,32,P3_VWA,VWA_32_Tub3,VWA_32
2026-04-11,Sat,Aiden,P3_VWA_32_Tub3_Lacerate 71,4,6,alive,,W9-10,1.5,4,,VWA,32,P3_VWA,VWA_32_Tub3,VWA_32
2026-04-11,Sat,Aiden,P3_VWA_32_Tub3_Lacerate 72,2,5,alive,,W9-10,2.5,2,,VWA,32,P3_VWA,VWA_32_Tub3,VWA_32
2026-04-11,Sat,Aiden,P1_VWA_32_Tub3_Lacerate 73,1,0,alive,,W9-10,0,1,,VWA,32,P1_VWA,VWA_32_Tub3,VWA_32
2026-04-11,Sat,Aiden,P3_VWA_32_Tub3_Lacerate 74,1,0,alive,,W9-10,0,1,,VWA,32,P3_VWA,VWA_32_Tub3,VWA_32
2026-04-12,Sun,Aiden,P2_H2_25_Tub1_Lacerate 157,5,9,alive,,W9-10,1.8,5,,H2,25,P2_H2,H2_25_Tub1,H2_25
2026-04-12,Sun,Aiden,P2_H2_25_Tub1_Lacerate 158,5,8,alive,,W9-10,1.6,5,,H2,25,P2_H2,H2_25_Tub1,H2_25
2026-04-12,Sun,Aiden,P3_H2_25_Tub1_Lacerate 159,5,8,alive,,W9-10,1.6,5,,H2,25,P3_H2,H2_25_Tub1,H2_25
2026-04-12,Sun,Aiden,P1_H2_25_Tub1_Lacerate 160,5,6,alive,,W9-10,1.2,5,,H2,25,P1_H2,H2_25_Tub1,H2_25
2026-04-12,Sun,Aiden,P1_H2_25_Tub1_Lacerate 161,5,5,alive,,W9-10,1,5,,H2,25,P1_H2,H2_25_Tub1,H2_25
2026-04-12,Sun,Aiden,P2_H2_25_Tub1_Lacerate 162,5,0,alive,,W9-10,0,5,,H2,25,P2_H2,H2_25_Tub1,H2_25
2026-04-12,Sun,Aiden,P2_H2_25_Tub1_Lacerate 163,3,6,alive,,W9-10,2,3,,H2,25,P2_H2,H2_25_Tub1,H2_25
2026-04-12,Sun,Aiden,P3_H2_25_Tub1_Lacerate 164,3,6,alive,,W9-10,2,3,,H2,25,P3_H2,H2_25_Tub1,H2_25
2026-04-12,Sun,Aiden,P2_H2_25_Tub1_Lacerate 165,2,5,alive,,W9-10,2.5,2,,H2,25,P2_H2,H2_25_Tub1,H2_25
2026-04-12,Sun,Aiden,P2_H2_25_Tub1_Lacerate 166,1,0,alive,,W9-10,0,1,,H2,25,P2_H2,H2_25_Tub1,H2_25
2026-04-12,Sun,Aiden,P2_H2_25_Tub1_Lacerate 167,1,0,alive,,W9-10,0,1,,H2,25,P2_H2,H2_25_Tub1,H2_25
2026-04-12,Sun,Aiden,P2_H2_25_Tub1_Lacerate 168,1,0,alive,,W9-10,0,1,,H2,25,P2_H2,H2_25_Tub1,H2_25
2026-04-12,Sun,Aiden,P3_H2_25_Tub1_Lacerate 169,1,0,alive,,W9-10,0,1,,H2,25,P3_H2,H2_25_Tub1,H2_25
2026-04-12,Sun,Aiden,P3_H2_25_Tub1_Lacerate 170,1,0,alive,,W9-10,0,1,,H2,25,P3_H2,H2_25_Tub1,H2_25
2026-04-12,Sun,Aiden,P1_H2_25_Tub1_Lacerate 171,1,0,alive,,W9-10,0,1,,H2,25,P1_H2,H2_25_Tub1,H2_25
2026-04-12,Sun,Aiden,P1_H2_25_Tub1_Lacerate 172,1,0,alive,,W9-10,0,1,,H2,25,P1_H2,H2_25_Tub1,H2_25
2026-04-12,Sun,Aiden,P3_H2_25_Tub2_Lacerate 106,5,7,alive,,W9-10,1.4,5,,H2,25,P3_H2,H2_25_Tub2,H2_25
2026-04-12,Sun,Aiden,P3_H2_25_Tub2_Lacerate 107,5,7,alive,,W9-10,1.4,5,,H2,25,P3_H2,H2_25_Tub2,H2_25
2026-04-12,Sun,Aiden,P3_H2_25_Tub2_Lacerate 108,5,7,alive,,W9-10,1.4,5,,H2,25,P3_H2,H2_25_Tub2,H2_25
2026-04-12,Sun,Aiden,P3_H2_25_Tub2_Lacerate 109,5,5,alive,,W9-10,1,5,,H2,25,P3_H2,H2_25_Tub2,H2_25
2026-04-12,Sun,Aiden,P3_H2_25_Tub2_Lacerate 110,5,0,alive,,W9-10,0,5,,H2,25,P3_H2,H2_25_Tub2,H2_25
2026-04-12,Sun,Aiden,P3_H2_25_Tub2_Lacerate 111,5,0,alive,,W9-10,0,5,,H2,25,P3_H2,H2_25_Tub2,H2_25
2026-04-12,Sun,Aiden,P3_H2_25_Tub2_Lacerate 112,5,6,alive,,W9-10,1.2,5,,H2,25,P3_H2,H2_25_Tub2,H2_25
2026-04-12,Sun,Aiden,P3_H2_25_Tub2_Lacerate 113,5,8,alive,,W9-10,1.6,5,,H2,25,P3_H2,H2_25_Tub2,H2_25
2026-04-12,Sun,Aiden,P2_H2_25_Tub2_Lacerate 114,5,7,alive,,W9-10,1.4,5,,H2,25,P2_H2,H2_25_Tub2,H2_25
2026-04-12,Sun,Aiden,P2_H2_25_Tub2_Lacerate 115,5,9,alive,,W9-10,1.8,5,,H2,25,P2_H2,H2_25_Tub2,H2_25
2026-04-12,Sun,Aiden,P2_H2_25_Tub2_Lacerate 116,5,7,alive,,W9-10,1.4,5,,H2,25,P2_H2,H2_25_Tub2,H2_25
2026-04-12,Sun,Aiden,P3_H2_25_Tub2_Lacerate 117,3,8,alive,,W9-10,2.666666667,3,,H2,25,P3_H2,H2_25_Tub2,H2_25
2026-04-12,Sun,Aiden,P1_H2_25_Tub2_Lacerate 118,3,12,alive,,W9-10,4,3,,H2,25,P1_H2,H2_25_Tub2,H2_25
2026-04-12,Sun,Aiden,P2_H2_25_Tub2_Lacerate 119,2,6,alive,,W9-10,3,2,,H2,25,P2_H2,H2_25_Tub2,H2_25
2026-04-12,Sun,Aiden,P1_H2_25_Tub2_Lacerate 120,1,0,alive,,W9-10,0,1,,H2,25,P1_H2,H2_25_Tub2,H2_25
2026-04-12,Sun,Aiden,P1_H2_25_Tub2_Lacerate 121,1,5,alive,,W9-10,5,1,,H2,25,P1_H2,H2_25_Tub2,H2_25
2026-04-12,Sun,Aiden,P1_H2_25_Tub2_Lacerate 122,1,6,alive,,W9-10,6,1,,H2,25,P1_H2,H2_25_Tub2,H2_25
2026-04-12,Sun,Aiden,P3_H2_25_Tub3_Lacerate 111,5,6,alive,,W9-10,1.2,5,,H2,25,P3_H2,H2_25_Tub3,H2_25
2026-04-12,Sun,Aiden,P3_H2_25_Tub3_Lacerate 112,5,5,alive,,W9-10,1,5,,H2,25,P3_H2,H2_25_Tub3,H2_25
2026-04-12,Sun,Aiden,PX_H2_25_Tub3_Lacerate 113,5,7,alive,,W9-10,1.4,5,,H2,25,PX_H2,H2_25_Tub3,H2_25
2026-04-12,Sun,Aiden,P2_H2_25_Tub3_Lacerate 114,5,0,alive,,W9-10,0,5,,H2,25,P2_H2,H2_25_Tub3,H2_25
2026-04-12,Sun,Aiden,P1_H2_25_Tub3_Lacerate 115,5,,missing,,W9-10,0,5,,H2,25,P1_H2,H2_25_Tub3,H2_25
2026-04-12,Sun,Aiden,P1_H2_25_Tub3_Lacerate 116,3,0,alive,,W9-10,0,3,,H2,25,P1_H2,H2_25_Tub3,H2_25
2026-04-12,Sun,Aiden,PX_H2_25_Tub3_Lacerate 117,3,7,alive,,W9-10,2.333333333,3,,H2,25,PX_H2,H2_25_Tub3,H2_25
2026-04-12,Sun,Aiden,P2_H2_25_Tub2_Lacerate 119,2,0,alive,,W9-10,0,2,,H2,25,P2_H2,H2_25_Tub2,H2_25
2026-04-12,Sun,Aiden,PX_H2_25_Tub3_Lacerate 118,2,0,alive,,W9-10,0,2,,H2,25,PX_H2,H2_25_Tub3,H2_25
2026-04-12,Sun,Aiden,P3_H2_25_Tub3_Lacerate 119,2,0,alive,,W9-10,0,2,,H2,25,P3_H2,H2_25_Tub3,H2_25
2026-04-12,Sun,Aiden,P3_H2_25_Tub3_Lacerate 120,2,0,alive,,W9-10,0,2,,H2,25,P3_H2,H2_25_Tub3,H2_25
2026-04-12,Sun,Aiden,P3_H2_25_Tub3_Lacerate 121,2,0,alive,,W9-10,0,2,,H2,25,P3_H2,H2_25_Tub3,H2_25
2026-04-12,Sun,Aiden,P3_H2_25_Tub3_Lacerate 122,2,0,alive,,W9-10,0,2,,H2,25,P3_H2,H2_25_Tub3,H2_25
2026-04-12,Sun,Aiden,P3_H2_25_Tub3_Lacerate 123,2,0,alive,,W9-10,0,2,,H2,25,P3_H2,H2_25_Tub3,H2_25
2026-04-12,Sun,Aiden,P3_H2_25_Tub3_Lacerate 124,2,0,alive,,W9-10,0,2,,H2,25,P3_H2,H2_25_Tub3,H2_25
2026-04-12,Sun,Aiden,P2_H2_25_Tub3_Lacerate 125,1,0,alive,,W9-10,0,1,,H2,25,P2_H2,H2_25_Tub3,H2_25
2026-04-12,Sun,Aiden,P1_H2_25_Tub3_Lacerate 126,1,0,alive,,W9-10,0,1,,H2,25,P1_H2,H2_25_Tub3,H2_25
2026-04-12,Sun,Aiden,P1_H2_25_Tub3_Lacerate 127,1,0,alive,,W9-10,0,1,,H2,25,P1_H2,H2_25_Tub3,H2_25
2026-04-12,Sun,Aiden,P1_H2_25_Tub3_Lacerate 128,1,0,alive,,W9-10,0,1,,H2,25,P1_H2,H2_25_Tub3,H2_25
2026-04-12,Sun,Aiden,P1_H2_25_Tub3_Lacerate 129,1,0,alive,,W9-10,0,1,,H2,25,P1_H2,H2_25_Tub3,H2_25
2026-04-12,Sun,Aiden,P1_H2_25_Tub3_Lacerate 130,0,0,alive,,W9-10,#N/A,0,,H2,25,P1_H2,H2_25_Tub3,H2_25
2026-04-12,Sun,Aiden,P3_VWA_25_Tub1_Lacerate 138,5,5,alive,,W9-10,1,5,,VWA,25,P3_VWA,VWA_25_Tub1,VWA_25
2026-04-12,Sun,Aiden,P3_VWA_25_Tub1_Lacerate 139,5,6,alive,,W9-10,1.2,5,,VWA,25,P3_VWA,VWA_25_Tub1,VWA_25
2026-04-12,Sun,Aiden,P1_VWA_25_Tub1_Lacerate 140,5,6,alive,,W9-10,1.2,5,,VWA,25,P1_VWA,VWA_25_Tub1,VWA_25
2026-04-12,Sun,Aiden,PX_VWA_25_Tub1_Lacerate 141,5,7,alive,,W9-10,1.4,5,,VWA,25,PX_VWA,VWA_25_Tub1,VWA_25
2026-04-12,Sun,Aiden,P3_VWA_25_Tub1_Lacerate 142,5,12,alive,,W9-10,2.4,5,,VWA,25,P3_VWA,VWA_25_Tub1,VWA_25
2026-04-12,Sun,Aiden,PX_VWA_25_Tub1_Lacerate 143,5,5,alive,,W9-10,1,5,,VWA,25,PX_VWA,VWA_25_Tub1,VWA_25
2026-04-12,Sun,Aiden,P2_VWA_25_Tub1_Lacerate 144,5,9,alive,,W9-10,1.8,5,,VWA,25,P2_VWA,VWA_25_Tub1,VWA_25
2026-04-12,Sun,Aiden,P2_VWA_25_Tub1_Lacerate 145,5,6,alive,,W9-10,1.2,5,,VWA,25,P2_VWA,VWA_25_Tub1,VWA_25
2026-04-12,Sun,Aiden,P2_VWA_25_Tub1_Lacerate 146,5,5,alive,,W9-10,1,5,,VWA,25,P2_VWA,VWA_25_Tub1,VWA_25
2026-04-12,Sun,Aiden,P2_VWA_25_Tub1_Lacerate 147,3,8,alive,,W9-10,2.666666667,3,,VWA,25,P2_VWA,VWA_25_Tub1,VWA_25
2026-04-12,Sun,Aiden,P3_VWA_25_Tub1_Lacerate 148,2,0,alive,,W9-10,0,2,,VWA,25,P3_VWA,VWA_25_Tub1,VWA_25
2026-04-12,Sun,Aiden,P3_VWA_25_Tub1_Lacerate 149,2,0,alive,,W9-10,0,2,,VWA,25,P3_VWA,VWA_25_Tub1,VWA_25
2026-04-12,Sun,Aiden,P1_VWA_25_Tub2_Lacerate 74,5,0,alive,,W9-10,0,5,,VWA,25,P1_VWA,VWA_25_Tub2,VWA_25
2026-04-12,Sun,Aiden,P1_VWA_25_Tub2_Lacerate 75,5,0,alive,,W9-10,0,5,,VWA,25,P1_VWA,VWA_25_Tub2,VWA_25
2026-04-12,Sun,Aiden,P1_VWA_25_Tub2_Lacerate 76,5,0,alive,,W9-10,0,5,,VWA,25,P1_VWA,VWA_25_Tub2,VWA_25
2026-04-12,Sun,Aiden,P1_VWA_25_Tub2_Lacerate 77,5,0,alive,,W9-10,0,5,,VWA,25,P1_VWA,VWA_25_Tub2,VWA_25
2026-04-12,Sun,Aiden,P1_VWA_25_Tub2_Lacerate 78,5,0,alive,,W9-10,0,5,,VWA,25,P1_VWA,VWA_25_Tub2,VWA_25
2026-04-12,Sun,Aiden,P1_VWA_25_Tub2_Lacerate 79,5,0,alive,,W9-10,0,5,,VWA,25,P1_VWA,VWA_25_Tub2,VWA_25
2026-04-12,Sun,Aiden,P1_VWA_25_Tub2_Lacerate 80,5,0,alive,,W9-10,0,5,,VWA,25,P1_VWA,VWA_25_Tub2,VWA_25
2026-04-12,Sun,Aiden,P1_VWA_25_Tub2_Lacerate 81,5,0,alive,,W9-10,0,5,,VWA,25,P1_VWA,VWA_25_Tub2,VWA_25
2026-04-12,Sun,Aiden,P1_VWA_25_Tub2_Lacerate 82,5,0,alive,,W9-10,0,5,,VWA,25,P1_VWA,VWA_25_Tub2,VWA_25
2026-04-12,Sun,Aiden,P1_VWA_25_Tub2_Lacerate 83,5,0,alive,,W9-10,0,5,,VWA,25,P1_VWA,VWA_25_Tub2,VWA_25
2026-04-12,Sun,Aiden,P1_VWA_25_Tub2_Lacerate 84,5,0,alive,,W9-10,0,5,,VWA,25,P1_VWA,VWA_25_Tub2,VWA_25
2026-04-12,Sun,Aiden,P1_VWA_25_Tub2_Lacerate 85,3,8,alive,,W9-10,2.666666667,3,,VWA,25,P1_VWA,VWA_25_Tub2,VWA_25
2026-04-12,Sun,Aiden,PX_VWA_25_Tub2_Lacerate 86,2,0,alive,,W9-10,0,2,,VWA,25,PX_VWA,VWA_25_Tub2,VWA_25
2026-04-12,Sun,Aiden,PX_VWA_25_Tub2_Lacerate 87,2,0,alive,,W9-10,0,2,,VWA,25,PX_VWA,VWA_25_Tub2,VWA_25
2026-04-12,Sun,Aiden,PX_VWA_25_Tub2_Lacerate 88,2,0,alive,,W9-10,0,2,,VWA,25,PX_VWA,VWA_25_Tub2,VWA_25
2026-04-12,Sun,Aiden,PX_VWA_25_Tub2_Lacerate 89,2,6,alive,,W9-10,3,2,,VWA,25,PX_VWA,VWA_25_Tub2,VWA_25
2026-04-12,Sun,Aiden,P2_VWA_25_Tub2_Lacerate 90,1,3,alive,,W9-10,3,1,,VWA,25,P2_VWA,VWA_25_Tub2,VWA_25
2026-04-12,Sun,Aiden,P2_VWA_25_Tub2_Lacerate 91,1,7,alive,,W9-10,7,1,,VWA,25,P2_VWA,VWA_25_Tub2,VWA_25
2026-04-12,Sun,Aiden,P3_VWA_25_Tub3_Lacerate 97,5,7,alive,,W9-10,1.4,5,,VWA,25,P3_VWA,VWA_25_Tub3,VWA_25
2026-04-12,Sun,Aiden,P3_VWA_25_Tub3_Lacerate 98,5,0,alive,,W9-10,0,5,,VWA,25,P3_VWA,VWA_25_Tub3,VWA_25
2026-04-12,Sun,Aiden,P3_VWA_25_Tub3_Lacerate 99,5,0,alive,,W9-10,0,5,,VWA,25,P3_VWA,VWA_25_Tub3,VWA_25
2026-04-12,Sun,Aiden,P3_VWA_25_Tub3_Lacerate 100,5,0,alive,,W9-10,0,5,,VWA,25,P3_VWA,VWA_25_Tub3,VWA_25
2026-04-12,Sun,Aiden,P3_VWA_25_Tub3_Lacerate 101,5,8,alive,,W9-10,1.6,5,,VWA,25,P3_VWA,VWA_25_Tub3,VWA_25
2026-04-12,Sun,Aiden,P3_VWA_25_Tub3_Lacerate 102,5,0,alive,,W9-10,0,5,,VWA,25,P3_VWA,VWA_25_Tub3,VWA_25
2026-04-12,Sun,Aiden,P3_VWA_25_Tub3_Lacerate 103,5,0,alive,,W9-10,0,5,,VWA,25,P3_VWA,VWA_25_Tub3,VWA_25
2026-04-12,Sun,Aiden,P3_VWA_25_Tub3_Lacerate 104,5,0,alive,,W9-10,0,5,,VWA,25,P3_VWA,VWA_25_Tub3,VWA_25
2026-04-12,Sun,Aiden,PX_VWA_25_Tub3_Lacerate 105,5,10,alive,,W9-10,2,5,,VWA,25,PX_VWA,VWA_25_Tub3,VWA_25
2026-04-12,Sun,Aiden,P3_VWA_25_Tub3_Lacerate 106,5,0,alive,,W9-10,0,5,,VWA,25,P3_VWA,VWA_25_Tub3,VWA_25
2026-04-12,Sun,Aiden,P3_VWA_25_Tub3_Lacerate 107,5,0,alive,,W9-10,0,5,,VWA,25,P3_VWA,VWA_25_Tub3,VWA_25
2026-04-12,Sun,Aiden,P3_VWA_25_Tub3_Lacerate 108,5,0,alive,,W9-10,0,5,,VWA,25,P3_VWA,VWA_25_Tub3,VWA_25
2026-04-12,Sun,Aiden,P3_VWA_25_Tub3_Lacerate 109,5,0,alive,,W9-10,0,5,,VWA,25,P3_VWA,VWA_25_Tub3,VWA_25
2026-04-12,Sun,Aiden,PX_VWA_25_Tub3_Lacerate 110,5,7,alive,,W9-10,1.4,5,,VWA,25,PX_VWA,VWA_25_Tub3,VWA_25
2026-04-12,Sun,Aiden,P2_VWA_25_Tub3_Lacerate 111,5,0,alive,,W9-10,0,5,,VWA,25,P2_VWA,VWA_25_Tub3,VWA_25
2026-04-12,Sun,Aiden,P2_VWA_25_Tub3_Lacerate 112,3,8,alive,,W9-10,2.666666667,3,,VWA,25,P2_VWA,VWA_25_Tub3,VWA_25
2026-04-12,Sun,Aiden,P1_VWA_25_Tub3_Lacerate 113,1,0,alive,,W9-10,0,1,,VWA,25,P1_VWA,VWA_25_Tub3,VWA_25
2026-04-12,Sun,Aiden,P1_VWA_25_Tub3_Lacerate 114,1,0,alive,,W9-10,0,1,,VWA,25,P1_VWA,VWA_25_Tub3,VWA_25
2026-04-12,Sun,Aiden,P1_VWA_25_Tub3_Lacerate 115,1,0,alive,,W9-10,0,1,,VWA,25,P1_VWA,VWA_25_Tub3,VWA_25
2026-04-12,Sun,Aiden,P3_VWA_25_Tub3_Lacerate 116,1,0,alive,,W9-10,0,1,,VWA,25,P3_VWA,VWA_25_Tub3,VWA_25
2026-04-12,Sun,Aiden,P3_VWA_25_Tub3_Lacerate 117,1,0,alive,,W9-10,0,1,,VWA,25,P3_VWA,VWA_25_Tub3,VWA_25
2026-04-12,Sun,Aiden,P3_H2_32_Tub1_Lacerate 102,5,0,alive,,W9-10,0,5,,H2,32,P3_H2,H2_32_Tub1,H2_32
2026-04-12,Sun,Aiden,P2_H2_32_Tub1_Lacerate 103,5,0,alive,,W9-10,0,5,,H2,32,P2_H2,H2_32_Tub1,H2_32
2026-04-12,Sun,Aiden,P2_H2_32_Tub1_Lacerate 104,2,3,alive,,W9-10,1.5,2,,H2,32,P2_H2,H2_32_Tub1,H2_32
2026-04-12,Sun,Aiden,P3_H2_32_Tub1_Lacerate 105,1,0,alive,,W9-10,0,1,,H2,32,P3_H2,H2_32_Tub1,H2_32
2026-04-12,Sun,Aiden,P1_H2_32_Tub2_Lacerate 125,5,12,alive,,W9-10,2.4,5,,H2,32,P1_H2,H2_32_Tub2,H2_32
2026-04-12,Sun,Aiden,P1_H2_32_Tub2_Lacerate 126,5,0,alive,,W9-10,0,5,,H2,32,P1_H2,H2_32_Tub2,H2_32
2026-04-12,Sun,Aiden,P1_H2_32_Tub2_Lacerate 127,5,0,alive,,W9-10,0,5,,H2,32,P1_H2,H2_32_Tub2,H2_32
2026-04-12,Sun,Aiden,P1_H2_32_Tub2_Lacerate 128,5,0,alive,,W9-10,0,5,,H2,32,P1_H2,H2_32_Tub2,H2_32
2026-04-12,Sun,Aiden,P1_H2_32_Tub2_Lacerate 129,5,0,alive,,W9-10,0,5,,H2,32,P1_H2,H2_32_Tub2,H2_32
2026-04-12,Sun,Aiden,P1_H2_32_Tub2_Lacerate 130,5,9,alive,,W9-10,1.8,5,,H2,32,P1_H2,H2_32_Tub2,H2_32
2026-04-12,Sun,Aiden,P1_H2_32_Tub2_Lacerate 131,5,7,alive,,W9-10,1.4,5,,H2,32,P1_H2,H2_32_Tub2,H2_32
2026-04-12,Sun,Aiden,P3_H2_32_Tub2_Lacerate 132,5,0,alive,,W9-10,0,5,,H2,32,P3_H2,H2_32_Tub2,H2_32
2026-04-12,Sun,Aiden,P2_H2_32_Tub2_Lacerate 133,5,6,alive,,W9-10,1.2,5,,H2,32,P2_H2,H2_32_Tub2,H2_32
2026-04-12,Sun,Aiden,P1_H2_32_Tub2_Lacerate 134,2,0,alive,,W9-10,0,2,,H2,32,P1_H2,H2_32_Tub2,H2_32
2026-04-12,Sun,Aiden,P1_H2_32_Tub2_Lacerate 135,2,0,alive,,W9-10,0,2,,H2,32,P1_H2,H2_32_Tub2,H2_32
2026-04-12,Sun,Aiden,P2_H2_32_Tub2_Lacerate 136,1,5,alive,,W9-10,5,1,,H2,32,P2_H2,H2_32_Tub2,H2_32
2026-04-12,Sun,Aiden,PX_H2_32_Tub2_Lacerate 137,1,7,alive,,W9-10,7,1,,H2,32,PX_H2,H2_32_Tub2,H2_32
2026-04-12,Sun,Aiden,PX_H2_32_Tub2_Lacerate 138,1,6,alive,,W9-10,6,1,,H2,32,PX_H2,H2_32_Tub2,H2_32
2026-04-12,Sun,Aiden,PX_H2_32_Tub2_Lacerate 139,1,5,alive,,W9-10,5,1,,H2,32,PX_H2,H2_32_Tub2,H2_32
2026-04-12,Sun,Aiden,P1_H2_32_Tub2_Lacerate 140,1,0,alive,,W9-10,0,1,,H2,32,P1_H2,H2_32_Tub2,H2_32
2026-04-12,Sun,Aiden,P1_H2_32_Tub3_Lacerate 115,5,0,alive,,W9-10,0,5,,H2,32,P1_H2,H2_32_Tub3,H2_32
2026-04-12,Sun,Aiden,P2_H2_32_Tub3_Lacerate 116,5,0,alive,,W9-10,0,5,,H2,32,P2_H2,H2_32_Tub3,H2_32
2026-04-12,Sun,Aiden,P2_H2_32_Tub3_Lacerate 117,5,0,alive,,W9-10,0,5,,H2,32,P2_H2,H2_32_Tub3,H2_32
2026-04-12,Sun,Aiden,P2_H2_32_Tub3_Lacerate 118,5,0,alive,,W9-10,0,5,,H2,32,P2_H2,H2_32_Tub3,H2_32
2026-04-12,Sun,Aiden,P2_H2_32_Tub3_Lacerate 119,5,10,alive,,W9-10,2,5,,H2,32,P2_H2,H2_32_Tub3,H2_32
2026-04-12,Sun,Aiden,P3_H2_32_Tub3_Lacerate 120,5,0,alive,,W9-10,0,5,,H2,32,P3_H2,H2_32_Tub3,H2_32
2026-04-12,Sun,Aiden,P3_H2_32_Tub3_Lacerate 121,5,11,alive,,W9-10,2.2,5,,H2,32,P3_H2,H2_32_Tub3,H2_32
2026-04-12,Sun,Aiden,P3_H2_32_Tub3_Lacerate 122,5,0,alive,,W9-10,0,5,,H2,32,P3_H2,H2_32_Tub3,H2_32
2026-04-12,Sun,Aiden,P3_H2_32_Tub3_Lacerate 123,5,0,alive,,W9-10,0,5,,H2,32,P3_H2,H2_32_Tub3,H2_32
2026-04-12,Sun,Aiden,P3_H2_32_Tub3_Lacerate 124,5,0,alive,,W9-10,0,5,,H2,32,P3_H2,H2_32_Tub3,H2_32
2026-04-12,Sun,Aiden,P2_H2_32_Tub3_Lacerate 125,3,0,alive,,W9-10,0,3,,H2,32,P2_H2,H2_32_Tub3,H2_32
2026-04-12,Sun,Aiden,P3_H2_32_Tub3_Lacerate 126,3,0,alive,,W9-10,0,3,,H2,32,P3_H2,H2_32_Tub3,H2_32
2026-04-12,Sun,Aiden,P1_H2_32_Tub3_Lacerate 127,3,0,alive,,W9-10,0,3,,H2,32,P1_H2,H2_32_Tub3,H2_32
2026-04-12,Sun,Aiden,PX_H2_32_Tub3_Lacerate 128,1,4,alive,,W9-10,4,1,,H2,32,PX_H2,H2_32_Tub3,H2_32
2026-04-12,Sun,Aiden,PX_H2_32_Tub3_Lacerate 129,1,5,alive,,W9-10,5,1,,H2,32,PX_H2,H2_32_Tub3,H2_32
2026-04-12,Sun,Aiden,PX_H2_32_Tub3_Lacerate 130,1,7,alive,,W9-10,7,1,,H2,32,PX_H2,H2_32_Tub3,H2_32
2026-04-12,Sun,Aiden,P2_VWA_32_Tub1_Lacerate 103,5,0,alive,,W9-10,0,5,,VWA,32,P2_VWA,VWA_32_Tub1,VWA_32
2026-04-12,Sun,Aiden,PX_VWA_32_Tub1_Lacerate 104,5,7,alive,,W9-10,1.4,5,,VWA,32,PX_VWA,VWA_32_Tub1,VWA_32
2026-04-12,Sun,Aiden,PX_VWA_32_Tub1_Lacerate 105,5,10,alive,,W9-10,2,5,,VWA,32,PX_VWA,VWA_32_Tub1,VWA_32
2026-04-12,Sun,Aiden,P1_VWA_32_Tub1_Lacerate 106,5,,missing,,W9-10,0,5,,VWA,32,P1_VWA,VWA_32_Tub1,VWA_32
2026-04-12,Sun,Aiden,P1_VWA_32_Tub1_Lacerate 107,5,8,alive,,W9-10,1.6,5,,VWA,32,P1_VWA,VWA_32_Tub1,VWA_32
2026-04-12,Sun,Aiden,P1_VWA_32_Tub1_Lacerate 108,5,6,alive,,W9-10,1.2,5,,VWA,32,P1_VWA,VWA_32_Tub1,VWA_32
2026-04-12,Sun,Aiden,P1_VWA_32_Tub1_Lacerate 109,5,,missing,,W9-10,0,5,,VWA,32,P1_VWA,VWA_32_Tub1,VWA_32
2026-04-12,Sun,Aiden,PX_VWA_32_Tub1_Lacerate 110,5,8,alive,,W9-10,1.6,5,,VWA,32,PX_VWA,VWA_32_Tub1,VWA_32
2026-04-12,Sun,Aiden,PX_VWA_32_Tub1_Lacerate 111,5,8,alive,,W9-10,1.6,5,,VWA,32,PX_VWA,VWA_32_Tub1,VWA_32
2026-04-12,Sun,Aiden,P2_VWA_32_Tub1_Lacerate 112,5,0,alive,,W9-10,0,5,,VWA,32,P2_VWA,VWA_32_Tub1,VWA_32
2026-04-12,Sun,Aiden,P2_VWA_32_Tub1_Lacerate 113,5,9,alive,,W9-10,1.8,5,,VWA,32,P2_VWA,VWA_32_Tub1,VWA_32
2026-04-12,Sun,Aiden,P3_VWA_32_Tub1_Lacerate 114,3,0,alive,,W9-10,0,3,,VWA,32,P3_VWA,VWA_32_Tub1,VWA_32
2026-04-12,Sun,Aiden,P3_VWA_32_Tub1_Lacerate 115,3,0,alive,,W9-10,0,3,,VWA,32,P3_VWA,VWA_32_Tub1,VWA_32
2026-04-12,Sun,Aiden,P3_VWA_32_Tub1_Lacerate 116,3,0,alive,,W9-10,0,3,,VWA,32,P3_VWA,VWA_32_Tub1,VWA_32
2026-04-12,Sun,Aiden,P3_VWA_32_Tub1_Lacerate 117,3,0,alive,,W9-10,0,3,,VWA,32,P3_VWA,VWA_32_Tub1,VWA_32
2026-04-12,Sun,Aiden,P3_VWA_32_Tub1_Lacerate 118,3,0,alive,,W9-10,0,3,,VWA,32,P3_VWA,VWA_32_Tub1,VWA_32
2026-04-12,Sun,Aiden,P3_VWA_32_Tub1_Lacerate 119,3,0,alive,,W9-10,0,3,,VWA,32,P3_VWA,VWA_32_Tub1,VWA_32
2026-04-12,Sun,Aiden,PX_VWA_32_Tub1_Lacerate 120,1,5,alive,,W9-10,5,1,,VWA,32,PX_VWA,VWA_32_Tub1,VWA_32
2026-04-12,Sun,Aiden,PX_VWA_32_Tub2_Lacerate 70,5,0,alive,,W9-10,0,5,,VWA,32,PX_VWA,VWA_32_Tub2,VWA_32
2026-04-12,Sun,Aiden,PX_VWA_32_Tub2_Lacerate 71,5,6,alive,,W9-10,1.2,5,,VWA,32,PX_VWA,VWA_32_Tub2,VWA_32
2026-04-12,Sun,Aiden,PX_VWA_32_Tub2_Lacerate 72,5,8,alive,,W9-10,1.6,5,,VWA,32,PX_VWA,VWA_32_Tub2,VWA_32
2026-04-12,Sun,Aiden,PX_VWA_32_Tub2_Lacerate 73,5,6,alive,,W9-10,1.2,5,,VWA,32,PX_VWA,VWA_32_Tub2,VWA_32
2026-04-12,Sun,Aiden,P1_VWA_32_Tub2_Lacerate 74,5,5,alive,,W9-10,1,5,,VWA,32,P1_VWA,VWA_32_Tub2,VWA_32
2026-04-12,Sun,Aiden,P1_VWA_32_Tub2_Lacerate 75,5,0,alive,,W9-10,0,5,,VWA,32,P1_VWA,VWA_32_Tub2,VWA_32
2026-04-12,Sun,Aiden,P1_VWA_32_Tub2_Lacerate 76,5,8,alive,,W9-10,1.6,5,,VWA,32,P1_VWA,VWA_32_Tub2,VWA_32
2026-04-12,Sun,Aiden,P1_VWA_32_Tub2_Lacerate 77,5,0,alive,,W9-10,0,5,,VWA,32,P1_VWA,VWA_32_Tub2,VWA_32
2026-04-12,Sun,Aiden,P1_VWA_32_Tub2_Lacerate 78,5,0,alive,,W9-10,0,5,,VWA,32,P1_VWA,VWA_32_Tub2,VWA_32
2026-04-12,Sun,Aiden,P1_VWA_32_Tub2_Lacerate 79,3,9,alive,,W9-10,3,3,,VWA,32,P1_VWA,VWA_32_Tub2,VWA_32
2026-04-12,Sun,Aiden,P3_VWA_32_Tub3_Lacerate 65,5,7,alive,,W9-10,1.4,5,,VWA,32,P3_VWA,VWA_32_Tub3,VWA_32
2026-04-12,Sun,Aiden,P3_VWA_32_Tub3_Lacerate 66,5,0,alive,,W9-10,0,5,,VWA,32,P3_VWA,VWA_32_Tub3,VWA_32
2026-04-12,Sun,Aiden,P3_VWA_32_Tub3_Lacerate 67,5,0,alive,,W9-10,0,5,,VWA,32,P3_VWA,VWA_32_Tub3,VWA_32
2026-04-12,Sun,Aiden,P1_VWA_32_Tub3_Lacerate 68,5,8,alive,,W9-10,1.6,5,,VWA,32,P1_VWA,VWA_32_Tub3,VWA_32
2026-04-12,Sun,Aiden,P1_VWA_32_Tub3_Lacerate 69,5,13,alive,,W9-10,2.6,5,,VWA,32,P1_VWA,VWA_32_Tub3,VWA_32
2026-04-12,Sun,Aiden,P3_VWA_32_Tub3_Lacerate 70,5,0,alive,,W9-10,0,5,,VWA,32,P3_VWA,VWA_32_Tub3,VWA_32
2026-04-12,Sun,Aiden,P3_VWA_32_Tub3_Lacerate 71,5,6,alive,,W9-10,1.2,5,,VWA,32,P3_VWA,VWA_32_Tub3,VWA_32
2026-04-12,Sun,Aiden,P3_VWA_32_Tub3_Lacerate 72,3,9,alive,,W9-10,3,3,,VWA,32,P3_VWA,VWA_32_Tub3,VWA_32
2026-04-12,Sun,Aiden,P1_VWA_32_Tub3_Lacerate 73,2,0,alive,,W9-10,0,2,,VWA,32,P1_VWA,VWA_32_Tub3,VWA_32
2026-04-12,Sun,Aiden,P3_VWA_32_Tub3_Lacerate 74,2,0,alive,,W9-10,0,2,,VWA,32,P3_VWA,VWA_32_Tub3,VWA_32
2026-04-13,Mon,Grady,P2_H2_25_Tub1_Lacerate 157,6,14,alive,,W9-10,2.333333333,6,,H2,25,P2_H2,H2_25_Tub1,H2_25
2026-04-13,Mon,Grady,P2_H2_25_Tub1_Lacerate 158,6,8,alive,,W9-10,1.333333333,6,,H2,25,P2_H2,H2_25_Tub1,H2_25
2026-04-13,Mon,Grady,P3_H2_25_Tub1_Lacerate 159,6,10,alive,,W9-10,1.666666667,6,,H2,25,P3_H2,H2_25_Tub1,H2_25
2026-04-13,Mon,Grady,P1_H2_25_Tub1_Lacerate 160,6,5,alive,,W9-10,0.8333333333,6,,H2,25,P1_H2,H2_25_Tub1,H2_25
2026-04-13,Mon,Grady,P1_H2_25_Tub1_Lacerate 161,6,8,alive,,W9-10,1.333333333,6,,H2,25,P1_H2,H2_25_Tub1,H2_25
2026-04-13,Mon,Grady,P2_H2_25_Tub1_Lacerate 162,6,0,alive,,W9-10,0,6,,H2,25,P2_H2,H2_25_Tub1,H2_25
2026-04-13,Mon,Grady,P2_H2_25_Tub1_Lacerate 163,4,16,alive,,W9-10,4,4,,H2,25,P2_H2,H2_25_Tub1,H2_25
2026-04-13,Mon,Grady,P3_H2_25_Tub1_Lacerate 164,4,9,alive,,W9-10,2.25,4,,H2,25,P3_H2,H2_25_Tub1,H2_25
2026-04-13,Mon,Grady,P2_H2_25_Tub1_Lacerate 165,3,6,alive,,W9-10,2,3,,H2,25,P2_H2,H2_25_Tub1,H2_25
2026-04-13,Mon,Grady,P2_H2_25_Tub1_Lacerate 166,2,11,alive,,W9-10,5.5,2,,H2,25,P2_H2,H2_25_Tub1,H2_25
2026-04-13,Mon,Grady,P2_H2_25_Tub1_Lacerate 167,2,8,alive,,W9-10,4,2,,H2,25,P2_H2,H2_25_Tub1,H2_25
2026-04-13,Mon,Grady,P2_H2_25_Tub1_Lacerate 168,2,9,alive,,W9-10,4.5,2,,H2,25,P2_H2,H2_25_Tub1,H2_25
2026-04-13,Mon,Grady,P3_H2_25_Tub1_Lacerate 169,2,7,alive,,W9-10,3.5,2,,H2,25,P3_H2,H2_25_Tub1,H2_25
2026-04-13,Mon,Grady,P3_H2_25_Tub1_Lacerate 170,2,13,alive,,W9-10,6.5,2,,H2,25,P3_H2,H2_25_Tub1,H2_25
2026-04-13,Mon,Grady,P1_H2_25_Tub1_Lacerate 171,2,8,alive,,W9-10,4,2,,H2,25,P1_H2,H2_25_Tub1,H2_25
2026-04-13,Mon,Grady,P1_H2_25_Tub1_Lacerate 172,2,6,alive,,W9-10,3,2,,H2,25,P1_H2,H2_25_Tub1,H2_25
2026-04-13,Mon,Grady,PX_H2_25_Tub1_Lacerate 173,0,9,alive,,W9-10,#N/A,0,,H2,25,PX_H2,H2_25_Tub1,H2_25
2026-04-13,Mon,Grady,P2_H2_25_Tub1_Lacerate 174,0,0,alive,,W9-10,#N/A,0,,H2,25,P2_H2,H2_25_Tub1,H2_25
2026-04-13,Mon,Grady,P2_H2_25_Tub1_Lacerate 175,0,12,alive,,W9-10,#N/A,0,,H2,25,P2_H2,H2_25_Tub1,H2_25
2026-04-13,Mon,Grady,P2_H2_25_Tub1_Lacerate 176,0,8,alive,,W9-10,#N/A,0,,H2,25,P2_H2,H2_25_Tub1,H2_25
2026-04-13,Mon,Grady,P2_H2_25_Tub1_Lacerate 177,0,5,alive,,W9-10,#N/A,0,,H2,25,P2_H2,H2_25_Tub1,H2_25
2026-04-13,Mon,Grady,PX_H2_25_Tub1_Lacerate 178,0,10,alive,,W9-10,#N/A,0,,H2,25,PX_H2,H2_25_Tub1,H2_25
2026-04-13,Mon,Grady,PX_H2_25_Tub1_Lacerate 179,0,10,alive,,W9-10,#N/A,0,,H2,25,PX_H2,H2_25_Tub1,H2_25
2026-04-13,Mon,Grady,P3_H2_25_Tub2_Lacerate 106,6,5,alive,,W9-10,0.8333333333,6,,H2,25,P3_H2,H2_25_Tub2,H2_25
2026-04-13,Mon,Grady,P3_H2_25_Tub2_Lacerate 107,6,11,alive,,W9-10,1.833333333,6,,H2,25,P3_H2,H2_25_Tub2,H2_25
2026-04-13,Mon,Grady,P3_H2_25_Tub2_Lacerate 108,6,8,alive,,W9-10,1.333333333,6,,H2,25,P3_H2,H2_25_Tub2,H2_25
2026-04-13,Mon,Grady,P3_H2_25_Tub2_Lacerate 109,6,8,alive,,W9-10,1.333333333,6,,H2,25,P3_H2,H2_25_Tub2,H2_25
2026-04-13,Mon,Grady,P3_H2_25_Tub2_Lacerate 110,6,9,alive,,W9-10,1.5,6,,H2,25,P3_H2,H2_25_Tub2,H2_25
2026-04-13,Mon,Grady,P3_H2_25_Tub2_Lacerate 111,6,10,alive,,W9-10,1.666666667,6,,H2,25,P3_H2,H2_25_Tub2,H2_25
2026-04-13,Mon,Grady,P3_H2_25_Tub2_Lacerate 112,6,6,alive,,W9-10,1,6,,H2,25,P3_H2,H2_25_Tub2,H2_25
2026-04-13,Mon,Grady,P3_H2_25_Tub2_Lacerate 113,6,,missing,not labeled on previous tub map,W9-10,0,6,,H2,25,P3_H2,H2_25_Tub2,H2_25
2026-04-13,Mon,Grady,P2_H2_25_Tub2_Lacerate 114,6,7,alive,,W9-10,1.166666667,6,,H2,25,P2_H2,H2_25_Tub2,H2_25
2026-04-13,Mon,Grady,P2_H2_25_Tub2_Lacerate 115,6,7,alive,,W9-10,1.166666667,6,,H2,25,P2_H2,H2_25_Tub2,H2_25
2026-04-13,Mon,Grady,P2_H2_25_Tub2_Lacerate 116,6,9,alive,,W9-10,1.5,6,,H2,25,P2_H2,H2_25_Tub2,H2_25
2026-04-13,Mon,Grady,P3_H2_25_Tub2_Lacerate 117,4,11,alive,,W9-10,2.75,4,,H2,25,P3_H2,H2_25_Tub2,H2_25
2026-04-13,Mon,Grady,P1_H2_25_Tub2_Lacerate 118,4,10,alive,,W9-10,2.5,4,,H2,25,P1_H2,H2_25_Tub2,H2_25
2026-04-13,Mon,Grady,P2_H2_25_Tub2_Lacerate 119,3,6,alive,,W9-10,2,3,,H2,25,P2_H2,H2_25_Tub2,H2_25
2026-04-13,Mon,Grady,P1_H2_25_Tub2_Lacerate 120,2,,missing,,W9-10,0,2,,H2,25,P1_H2,H2_25_Tub2,H2_25
2026-04-13,Mon,Grady,P1_H2_25_Tub2_Lacerate 121,2,,missing,,W9-10,0,2,,H2,25,P1_H2,H2_25_Tub2,H2_25
2026-04-13,Mon,Grady,P1_H2_25_Tub2_Lacerate 122,2,,missing,,W9-10,0,2,,H2,25,P1_H2,H2_25_Tub2,H2_25
2026-04-13,Mon,Grady,PX_H2_25_Tub2_Lacerate 123,0,11,alive,"possibly not tracked, a missing one?",W9-10,#N/A,0,,H2,25,PX_H2,H2_25_Tub2,H2_25
2026-04-13,Mon,Grady,PX_H2_25_Tub2_Lacerate 124,0,9,alive,"possibly not tracked, a missing one?",W9-10,#N/A,0,,H2,25,PX_H2,H2_25_Tub2,H2_25
2026-04-13,Mon,Grady,PX_H2_25_Tub2_Lacerate 125,0,10,alive,"possibly not tracked, a missing one?",W9-10,#N/A,0,,H2,25,PX_H2,H2_25_Tub2,H2_25
2026-04-13,Mon,Grady,PX_H2_25_Tub2_Lacerate 126,0,15,alive,"possibly not tracked, a missing one?",W9-10,#N/A,0,,H2,25,PX_H2,H2_25_Tub2,H2_25
2026-04-13,Mon,Grady,P1_H2_25_Tub2_Lacerate 127,0,14,alive,"possibly not tracked, a missing one?",W9-10,#N/A,0,,H2,25,P1_H2,H2_25_Tub2,H2_25
2026-04-13,Mon,Grady,P3_H2_25_Tub3_Lacerate 111,6,,missing,parent moved on top? ,W9-10,0,6,,H2,25,P3_H2,H2_25_Tub3,H2_25
2026-04-13,Mon,Grady,P3_H2_25_Tub3_Lacerate 112,6,,missing,,W9-10,0,6,,H2,25,P3_H2,H2_25_Tub3,H2_25
2026-04-13,Mon,Grady,PX_H2_25_Tub3_Lacerate 113,6,,missing,,W9-10,0,6,,H2,25,PX_H2,H2_25_Tub3,H2_25
2026-04-13,Mon,Grady,P2_H2_25_Tub3_Lacerate 114,6,,missing,,W9-10,0,6,,H2,25,P2_H2,H2_25_Tub3,H2_25
2026-04-13,Mon,Grady,P1_H2_25_Tub3_Lacerate 115,6,,missing,not labeled on previous tub map,W9-10,0,6,,H2,25,P1_H2,H2_25_Tub3,H2_25
2026-04-13,Mon,Grady,P1_H2_25_Tub3_Lacerate 116,4,0,alive,,W9-10,0,4,,H2,25,P1_H2,H2_25_Tub3,H2_25
2026-04-13,Mon,Grady,PX_H2_25_Tub3_Lacerate 117,4,11,alive,,W9-10,2.75,4,,H2,25,PX_H2,H2_25_Tub3,H2_25
2026-04-13,Mon,Grady,P2_H2_25_Tub2_Lacerate 119,3,,alive,,W9-10,0,3,,H2,25,P2_H2,H2_25_Tub2,H2_25
2026-04-13,Mon,Grady,PX_H2_25_Tub3_Lacerate 118,3,7,alive,,W9-10,2.333333333,3,,H2,25,PX_H2,H2_25_Tub3,H2_25
2026-04-13,Mon,Grady,P3_H2_25_Tub3_Lacerate 119,3,,missing,,W9-10,0,3,,H2,25,P3_H2,H2_25_Tub3,H2_25
2026-04-13,Mon,Grady,P3_H2_25_Tub3_Lacerate 120,3,3,alive,,W9-10,1,3,,H2,25,P3_H2,H2_25_Tub3,H2_25
2026-04-13,Mon,Grady,P3_H2_25_Tub3_Lacerate 121,3,,missing,parent moved on top? ,W9-10,0,3,,H2,25,P3_H2,H2_25_Tub3,H2_25
2026-04-13,Mon,Grady,P3_H2_25_Tub3_Lacerate 122,3,,missing,,W9-10,0,3,,H2,25,P3_H2,H2_25_Tub3,H2_25
2026-04-13,Mon,Grady,P3_H2_25_Tub3_Lacerate 123,3,,missing,,W9-10,0,3,,H2,25,P3_H2,H2_25_Tub3,H2_25
2026-04-13,Mon,Grady,P3_H2_25_Tub3_Lacerate 124,3,,missing,,W9-10,0,3,,H2,25,P3_H2,H2_25_Tub3,H2_25
2026-04-13,Mon,Grady,P2_H2_25_Tub3_Lacerate 125,2,14,alive,,W9-10,7,2,,H2,25,P2_H2,H2_25_Tub3,H2_25
2026-04-13,Mon,Grady,P1_H2_25_Tub3_Lacerate 126,2,3,alive,,W9-10,1.5,2,,H2,25,P1_H2,H2_25_Tub3,H2_25
2026-04-13,Mon,Grady,P1_H2_25_Tub3_Lacerate 127,2,0,alive,,W9-10,0,2,,H2,25,P1_H2,H2_25_Tub3,H2_25
2026-04-13,Mon,Grady,P1_H2_25_Tub3_Lacerate 128,2,0,alive,,W9-10,0,2,,H2,25,P1_H2,H2_25_Tub3,H2_25
2026-04-13,Mon,Grady,P1_H2_25_Tub3_Lacerate 129,2,0,alive,,W9-10,0,2,,H2,25,P1_H2,H2_25_Tub3,H2_25
2026-04-13,Mon,Grady,P1_H2_25_Tub3_Lacerate 130,1,10,alive,,W9-10,10,1,,H2,25,P1_H2,H2_25_Tub3,H2_25
2026-04-13,Mon,Grady,P2_H2_25_Tub3_Lacerate 131,0,7,alive,"possibly not tracked, a missing one?",W9-10,#N/A,0,,H2,25,P2_H2,H2_25_Tub3,H2_25
2026-04-13,Mon,Grady,P2_H2_25_Tub3_Lacerate 132,0,7,alive,"possibly not tracked, a missing one?",W9-10,#N/A,0,,H2,25,P2_H2,H2_25_Tub3,H2_25
2026-04-13,Mon,Grady,P2_H2_25_Tub3_Lacerate 133,0,6,alive,"possibly not tracked, a missing one?",W9-10,#N/A,0,,H2,25,P2_H2,H2_25_Tub3,H2_25
2026-04-13,Mon,Grady,P1_H2_25_Tub3_Lacerate 134,0,9,alive,"possibly not tracked, a missing one?",W9-10,#N/A,0,,H2,25,P1_H2,H2_25_Tub3,H2_25
2026-04-13,Mon,Grady,P1_H2_25_Tub3_Lacerate 135,0,0,alive,,W9-10,#N/A,0,,H2,25,P1_H2,H2_25_Tub3,H2_25
2026-04-13,Mon,Grady,P1_H2_25_Tub3_Lacerate 136,0,0,alive,,W9-10,#N/A,0,,H2,25,P1_H2,H2_25_Tub3,H2_25
2026-04-13,Mon,Grady,P1_H2_25_Tub3_Lacerate 137,0,0,alive,,W9-10,#N/A,0,,H2,25,P1_H2,H2_25_Tub3,H2_25
2026-04-13,Mon,Grady,P1_H2_25_Tub3_Lacerate 138,0,5,alive,,W9-10,#N/A,0,,H2,25,P1_H2,H2_25_Tub3,H2_25
2026-04-13,Mon,Grady,P1_H2_25_Tub3_Lacerate 139,0,5,alive,,W9-10,#N/A,0,,H2,25,P1_H2,H2_25_Tub3,H2_25
2026-04-13,Mon,Grady,P1_H2_25_Tub3_Lacerate 140,0,0,alive,,W9-10,#N/A,0,,H2,25,P1_H2,H2_25_Tub3,H2_25
2026-04-13,Mon,Grady,P1_H2_25_Tub3_Lacerate 141,0,0,alive,,W9-10,#N/A,0,,H2,25,P1_H2,H2_25_Tub3,H2_25
2026-04-13,Mon,Grady,P2_H2_25_Tub3_Lacerate 142,0,0,alive,,W9-10,#N/A,0,,H2,25,P2_H2,H2_25_Tub3,H2_25
2026-04-13,Mon,Grady,P2_H2_25_Tub3_Lacerate 143,0,0,alive,,W9-10,#N/A,0,,H2,25,P2_H2,H2_25_Tub3,H2_25
2026-04-13,Mon,Grady,PX_H2_25_Tub3_Lacerate 144,0,13,alive,,W9-10,#N/A,0,,H2,25,PX_H2,H2_25_Tub3,H2_25
2026-04-13,Mon,Grady,PX_H2_25_Tub3_Lacerate 145,0,6,alive,,W9-10,#N/A,0,,H2,25,PX_H2,H2_25_Tub3,H2_25
2026-04-13,Mon,Grady,PX_H2_25_Tub3_Lacerate 146,0,11,alive,,W9-10,#N/A,0,,H2,25,PX_H2,H2_25_Tub3,H2_25
2026-04-13,Mon,Grady,P3_VWA_25_Tub1_Lacerate 138,6,0,alive,,W9-10,0,6,,VWA,25,P3_VWA,VWA_25_Tub1,VWA_25
2026-04-13,Mon,Grady,P3_VWA_25_Tub1_Lacerate 139,6,11,alive,,W9-10,1.833333333,6,,VWA,25,P3_VWA,VWA_25_Tub1,VWA_25
2026-04-13,Mon,Grady,P1_VWA_25_Tub1_Lacerate 140,6,,missing,,W9-10,0,6,,VWA,25,P1_VWA,VWA_25_Tub1,VWA_25
2026-04-13,Mon,Grady,PX_VWA_25_Tub1_Lacerate 141,6,11,alive,,W9-10,1.833333333,6,,VWA,25,PX_VWA,VWA_25_Tub1,VWA_25
2026-04-13,Mon,Grady,P3_VWA_25_Tub1_Lacerate 142,6,0,alive,,W9-10,0,6,,VWA,25,P3_VWA,VWA_25_Tub1,VWA_25
2026-04-13,Mon,Grady,PX_VWA_25_Tub1_Lacerate 143,6,11,alive,,W9-10,1.833333333,6,,VWA,25,PX_VWA,VWA_25_Tub1,VWA_25
2026-04-13,Mon,Grady,P2_VWA_25_Tub1_Lacerate 144,6,7,alive,,W9-10,1.166666667,6,,VWA,25,P2_VWA,VWA_25_Tub1,VWA_25
2026-04-13,Mon,Grady,P2_VWA_25_Tub1_Lacerate 145,6,6,alive,,W9-10,1,6,,VWA,25,P2_VWA,VWA_25_Tub1,VWA_25
2026-04-13,Mon,Grady,P2_VWA_25_Tub1_Lacerate 146,6,7,alive,,W9-10,1.166666667,6,,VWA,25,P2_VWA,VWA_25_Tub1,VWA_25
2026-04-13,Mon,Grady,P2_VWA_25_Tub1_Lacerate 147,4,12,alive,,W9-10,3,4,,VWA,25,P2_VWA,VWA_25_Tub1,VWA_25
2026-04-13,Mon,Grady,P3_VWA_25_Tub1_Lacerate 148,3,0,alive,,W9-10,0,3,,VWA,25,P3_VWA,VWA_25_Tub1,VWA_25
2026-04-13,Mon,Grady,P3_VWA_25_Tub1_Lacerate 149,3,8,alive,,W9-10,2.666666667,3,,VWA,25,P3_VWA,VWA_25_Tub1,VWA_25
2026-04-13,Mon,Grady,PX_VWA_25_Tub1_Lacerate 150,0,10,alive,"possibly not tracked, a missing one?",W9-10,#N/A,0,,VWA,25,PX_VWA,VWA_25_Tub1,VWA_25
2026-04-13,Mon,Grady,PX_VWA_25_Tub1_Lacerate 151,0,10,alive,"possibly not tracked, a missing one?",W9-10,#N/A,0,,VWA,25,PX_VWA,VWA_25_Tub1,VWA_25
2026-04-13,Mon,Grady,P2_VWA_25_Tub1_Lacerate 152,0,6,alive,"possibly not tracked, a missing one?",W9-10,#N/A,0,,VWA,25,P2_VWA,VWA_25_Tub1,VWA_25
2026-04-13,Mon,Grady,PX_VWA_25_Tub1_Lacerate 153,0,8,alive,"possibly not tracked, a missing one?",W9-10,#N/A,0,,VWA,25,PX_VWA,VWA_25_Tub1,VWA_25
2026-04-13,Mon,Grady,P3_VWA_25_Tub1_Lacerate 154,0,9,alive,"possibly not tracked, a missing one?",W9-10,#N/A,0,,VWA,25,P3_VWA,VWA_25_Tub1,VWA_25
2026-04-13,Mon,Grady,P1_VWA_25_Tub2_Lacerate 74,6,5,alive,,W9-10,0.8333333333,6,,VWA,25,P1_VWA,VWA_25_Tub2,VWA_25
2026-04-13,Mon,Grady,P1_VWA_25_Tub2_Lacerate 75,6,0,alive,,W9-10,0,6,,VWA,25,P1_VWA,VWA_25_Tub2,VWA_25
2026-04-13,Mon,Grady,P1_VWA_25_Tub2_Lacerate 76,6,0,alive,,W9-10,0,6,,VWA,25,P1_VWA,VWA_25_Tub2,VWA_25
2026-04-13,Mon,Grady,P1_VWA_25_Tub2_Lacerate 77,6,0,alive,,W9-10,0,6,,VWA,25,P1_VWA,VWA_25_Tub2,VWA_25
2026-04-13,Mon,Grady,P1_VWA_25_Tub2_Lacerate 78,6,0,alive,,W9-10,0,6,,VWA,25,P1_VWA,VWA_25_Tub2,VWA_25
2026-04-13,Mon,Grady,P1_VWA_25_Tub2_Lacerate 79,6,0,alive,,W9-10,0,6,,VWA,25,P1_VWA,VWA_25_Tub2,VWA_25
2026-04-13,Mon,Grady,P1_VWA_25_Tub2_Lacerate 80,6,0,alive,,W9-10,0,6,,VWA,25,P1_VWA,VWA_25_Tub2,VWA_25
2026-04-13,Mon,Grady,P1_VWA_25_Tub2_Lacerate 81,6,0,alive,,W9-10,0,6,,VWA,25,P1_VWA,VWA_25_Tub2,VWA_25
2026-04-13,Mon,Grady,P1_VWA_25_Tub2_Lacerate 82,6,0,alive,,W9-10,0,6,,VWA,25,P1_VWA,VWA_25_Tub2,VWA_25
2026-04-13,Mon,Grady,P1_VWA_25_Tub2_Lacerate 83,6,0,alive,,W9-10,0,6,,VWA,25,P1_VWA,VWA_25_Tub2,VWA_25
2026-04-13,Mon,Grady,P1_VWA_25_Tub2_Lacerate 84,6,,missing,not labeled on previous tub map,W9-10,0,6,,VWA,25,P1_VWA,VWA_25_Tub2,VWA_25
2026-04-13,Mon,Grady,P1_VWA_25_Tub2_Lacerate 85,4,12,alive,,W9-10,3,4,,VWA,25,P1_VWA,VWA_25_Tub2,VWA_25
2026-04-13,Mon,Grady,PX_VWA_25_Tub2_Lacerate 86,3,0,alive,,W9-10,0,3,,VWA,25,PX_VWA,VWA_25_Tub2,VWA_25
2026-04-13,Mon,Grady,PX_VWA_25_Tub2_Lacerate 87,3,0,alive,,W9-10,0,3,,VWA,25,PX_VWA,VWA_25_Tub2,VWA_25
2026-04-13,Mon,Grady,PX_VWA_25_Tub2_Lacerate 88,3,0,alive,,W9-10,0,3,,VWA,25,PX_VWA,VWA_25_Tub2,VWA_25
2026-04-13,Mon,Grady,PX_VWA_25_Tub2_Lacerate 89,3,8,alive,,W9-10,2.666666667,3,,VWA,25,PX_VWA,VWA_25_Tub2,VWA_25
2026-04-13,Mon,Grady,P2_VWA_25_Tub2_Lacerate 90,2,18,alive,,W9-10,9,2,,VWA,25,P2_VWA,VWA_25_Tub2,VWA_25
2026-04-13,Mon,Grady,P2_VWA_25_Tub2_Lacerate 91,2,10,alive,,W9-10,5,2,,VWA,25,P2_VWA,VWA_25_Tub2,VWA_25
2026-04-13,Mon,Grady,P1_VWA_25_Tub2_Lacerate 92,0,0,alive,,W9-10,#N/A,0,,VWA,25,P1_VWA,VWA_25_Tub2,VWA_25
2026-04-13,Mon,Grady,P2_VWA_25_Tub2_Lacerate 93,0,0,alive,,W9-10,#N/A,0,,VWA,25,P2_VWA,VWA_25_Tub2,VWA_25
2026-04-13,Mon,Grady,P2_VWA_25_Tub2_Lacerate 94,0,0,alive,,W9-10,#N/A,0,,VWA,25,P2_VWA,VWA_25_Tub2,VWA_25
2026-04-13,Mon,Grady,P2_VWA_25_Tub2_Lacerate 95,0,0,alive,,W9-10,#N/A,0,,VWA,25,P2_VWA,VWA_25_Tub2,VWA_25
2026-04-13,Mon,Grady,P2_VWA_25_Tub2_Lacerate 96,0,19,alive,"possibly not tracked, a missing one?",W9-10,#N/A,0,,VWA,25,P2_VWA,VWA_25_Tub2,VWA_25
2026-04-13,Mon,Grady,P2_VWA_25_Tub2_Lacerate 97,0,12,alive,"possibly not tracked, a missing one?",W9-10,#N/A,0,,VWA,25,P2_VWA,VWA_25_Tub2,VWA_25
2026-04-13,Mon,Grady,P3_VWA_25_Tub2_Lacerate 98,0,8,alive,"possibly not tracked, a missing one?",W9-10,#N/A,0,,VWA,25,P3_VWA,VWA_25_Tub2,VWA_25
2026-04-13,Mon,Grady,P3_VWA_25_Tub3_Lacerate 97,6,8,alive,,W9-10,1.333333333,6,,VWA,25,P3_VWA,VWA_25_Tub3,VWA_25
2026-04-13,Mon,Grady,P3_VWA_25_Tub3_Lacerate 98,6,0,alive,,W9-10,0,6,,VWA,25,P3_VWA,VWA_25_Tub3,VWA_25
2026-04-13,Mon,Grady,P3_VWA_25_Tub3_Lacerate 99,6,,missing,,W9-10,0,6,,VWA,25,P3_VWA,VWA_25_Tub3,VWA_25
2026-04-13,Mon,Grady,P3_VWA_25_Tub3_Lacerate 100,6,15,alive,,W9-10,2.5,6,,VWA,25,P3_VWA,VWA_25_Tub3,VWA_25
2026-04-13,Mon,Grady,P3_VWA_25_Tub3_Lacerate 101,6,,missing,,W9-10,0,6,,VWA,25,P3_VWA,VWA_25_Tub3,VWA_25
2026-04-13,Mon,Grady,P3_VWA_25_Tub3_Lacerate 102,6,0,alive,,W9-10,0,6,,VWA,25,P3_VWA,VWA_25_Tub3,VWA_25
2026-04-13,Mon,Grady,P3_VWA_25_Tub3_Lacerate 103,6,0,alive,,W9-10,0,6,,VWA,25,P3_VWA,VWA_25_Tub3,VWA_25
2026-04-13,Mon,Grady,P3_VWA_25_Tub3_Lacerate 104,6,0,alive,,W9-10,0,6,,VWA,25,P3_VWA,VWA_25_Tub3,VWA_25
2026-04-13,Mon,Grady,PX_VWA_25_Tub3_Lacerate 105,6,12,alive,,W9-10,2,6,,VWA,25,PX_VWA,VWA_25_Tub3,VWA_25
2026-04-13,Mon,Grady,P3_VWA_25_Tub3_Lacerate 106,6,3,alive,,W9-10,0.5,6,,VWA,25,P3_VWA,VWA_25_Tub3,VWA_25
2026-04-13,Mon,Grady,P3_VWA_25_Tub3_Lacerate 107,6,0,alive,,W9-10,0,6,,VWA,25,P3_VWA,VWA_25_Tub3,VWA_25
2026-04-13,Mon,Grady,P3_VWA_25_Tub3_Lacerate 108,6,0,alive,,W9-10,0,6,,VWA,25,P3_VWA,VWA_25_Tub3,VWA_25
2026-04-13,Mon,Grady,P3_VWA_25_Tub3_Lacerate 109,6,7,alive,,W9-10,1.166666667,6,,VWA,25,P3_VWA,VWA_25_Tub3,VWA_25
2026-04-13,Mon,Grady,PX_VWA_25_Tub3_Lacerate 110,6,10,alive,,W9-10,1.666666667,6,,VWA,25,PX_VWA,VWA_25_Tub3,VWA_25
2026-04-13,Mon,Grady,P2_VWA_25_Tub3_Lacerate 111,6,0,alive,,W9-10,0,6,,VWA,25,P2_VWA,VWA_25_Tub3,VWA_25
2026-04-13,Mon,Grady,P2_VWA_25_Tub3_Lacerate 112,4,0,alive,,W9-10,0,4,,VWA,25,P2_VWA,VWA_25_Tub3,VWA_25
2026-04-13,Mon,Grady,P1_VWA_25_Tub3_Lacerate 113,2,6,alive,,W9-10,3,2,,VWA,25,P1_VWA,VWA_25_Tub3,VWA_25
2026-04-13,Mon,Grady,P1_VWA_25_Tub3_Lacerate 114,2,13,alive,,W9-10,6.5,2,,VWA,25,P1_VWA,VWA_25_Tub3,VWA_25
2026-04-13,Mon,Grady,P1_VWA_25_Tub3_Lacerate 115,2,12,alive,,W9-10,6,2,,VWA,25,P1_VWA,VWA_25_Tub3,VWA_25
2026-04-13,Mon,Grady,P3_VWA_25_Tub3_Lacerate 116,2,0,alive,,W9-10,0,2,,VWA,25,P3_VWA,VWA_25_Tub3,VWA_25
2026-04-13,Mon,Grady,P3_VWA_25_Tub3_Lacerate 117,2,0,alive,,W9-10,0,2,,VWA,25,P3_VWA,VWA_25_Tub3,VWA_25
2026-04-13,Mon,Grady,P3_VWA_25_Tub3_Lacerate 118,0,0,alive,,W9-10,#N/A,0,,VWA,25,P3_VWA,VWA_25_Tub3,VWA_25
2026-04-13,Mon,Grady,P3_VWA_25_Tub3_Lacerate 119,0,0,alive,,W9-10,#N/A,0,,VWA,25,P3_VWA,VWA_25_Tub3,VWA_25
2026-04-13,Mon,Grady,P2_VWA_25_Tub3_Lacerate 120,0,11,alive,"possibly not tracked, a missing one?",W9-10,#N/A,0,,VWA,25,P2_VWA,VWA_25_Tub3,VWA_25
2026-04-13,Mon,Grady,PX_VWA_25_Tub3_Lacerate 121,0,9,alive,"possibly not tracked, a missing one?",W9-10,#N/A,0,,VWA,25,PX_VWA,VWA_25_Tub3,VWA_25
2026-04-13,Mon,Grady,PX_VWA_25_Tub3_Lacerate 122,0,13,alive,"possibly not tracked, a missing one?",W9-10,#N/A,0,,VWA,25,PX_VWA,VWA_25_Tub3,VWA_25
2026-04-13,Mon,Grady,PX_VWA_25_Tub3_Lacerate 123,0,12,alive,"possibly not tracked, a missing one?",W9-10,#N/A,0,,VWA,25,PX_VWA,VWA_25_Tub3,VWA_25
2026-04-13,Mon,Grady,P1_VWA_25_Tub3_Lacerate 124,0,12,alive,"possibly not tracked, a missing one?",W9-10,#N/A,0,,VWA,25,P1_VWA,VWA_25_Tub3,VWA_25
2026-04-13,Mon,Grady,P3_H2_32_Tub1_Lacerate 102,6,0,alive,,W9-10,0,6,,H2,32,P3_H2,H2_32_Tub1,H2_32
2026-04-13,Mon,Grady,P2_H2_32_Tub1_Lacerate 103,6,0,alive,,W9-10,0,6,,H2,32,P2_H2,H2_32_Tub1,H2_32
2026-04-13,Mon,Grady,P2_H2_32_Tub1_Lacerate 104,3,5,alive,,W9-10,1.666666667,3,,H2,32,P2_H2,H2_32_Tub1,H2_32
2026-04-13,Mon,Grady,P3_H2_32_Tub1_Lacerate 105,2,7,alive,,W9-10,3.5,2,,H2,32,P3_H2,H2_32_Tub1,H2_32
2026-04-13,Mon,Grady,P3_H2_32_Tub1_Lacerate 106,0,0,alive,,W9-10,#N/A,0,,H2,32,P3_H2,H2_32_Tub1,H2_32
2026-04-13,Mon,Grady,P3_H2_32_Tub1_Lacerate 107,0,0,alive,,W9-10,#N/A,0,,H2,32,P3_H2,H2_32_Tub1,H2_32
2026-04-13,Mon,Grady,P3_H2_32_Tub1_Lacerate 108,0,0,alive,,W9-10,#N/A,0,,H2,32,P3_H2,H2_32_Tub1,H2_32
2026-04-13,Mon,Grady,P2_H2_32_Tub1_Lacerate 109,0,0,alive,,W9-10,#N/A,0,,H2,32,P2_H2,H2_32_Tub1,H2_32
2026-04-13,Mon,Grady,PX_H2_32_Tub1_Lacerate 110,0,6,alive,,W9-10,#N/A,0,,H2,32,PX_H2,H2_32_Tub1,H2_32
2026-04-13,Mon,Grady,PX_H2_32_Tub1_Lacerate 111,0,6,alive,,W9-10,#N/A,0,,H2,32,PX_H2,H2_32_Tub1,H2_32
2026-04-13,Mon,Grady,P1_H2_32_Tub2_Lacerate 125,6,,missing,,W9-10,0,6,,H2,32,P1_H2,H2_32_Tub2,H2_32
2026-04-13,Mon,Grady,P1_H2_32_Tub2_Lacerate 126,6,6,alive,,W9-10,1,6,,H2,32,P1_H2,H2_32_Tub2,H2_32
2026-04-13,Mon,Grady,P1_H2_32_Tub2_Lacerate 127,6,,missing,,W9-10,0,6,,H2,32,P1_H2,H2_32_Tub2,H2_32
2026-04-13,Mon,Grady,P1_H2_32_Tub2_Lacerate 128,6,0,alive,,W9-10,0,6,,H2,32,P1_H2,H2_32_Tub2,H2_32
2026-04-13,Mon,Grady,P1_H2_32_Tub2_Lacerate 129,6,8,alive,,W9-10,1.333333333,6,,H2,32,P1_H2,H2_32_Tub2,H2_32
2026-04-13,Mon,Grady,P1_H2_32_Tub2_Lacerate 130,6,0,alive,,W9-10,0,6,,H2,32,P1_H2,H2_32_Tub2,H2_32
2026-04-13,Mon,Grady,P1_H2_32_Tub2_Lacerate 131,6,,missing,,W9-10,0,6,,H2,32,P1_H2,H2_32_Tub2,H2_32
2026-04-13,Mon,Grady,P3_H2_32_Tub2_Lacerate 132,6,,missing,,W9-10,0,6,,H2,32,P3_H2,H2_32_Tub2,H2_32
2026-04-13,Mon,Grady,P2_H2_32_Tub2_Lacerate 133,6,12,alive,,W9-10,2,6,,H2,32,P2_H2,H2_32_Tub2,H2_32
2026-04-13,Mon,Grady,P1_H2_32_Tub2_Lacerate 134,3,4,alive,,W9-10,1.333333333,3,,H2,32,P1_H2,H2_32_Tub2,H2_32
2026-04-13,Mon,Grady,P1_H2_32_Tub2_Lacerate 135,3,9,alive,,W9-10,3,3,,H2,32,P1_H2,H2_32_Tub2,H2_32
2026-04-13,Mon,Grady,P2_H2_32_Tub2_Lacerate 136,2,0,alive,,W9-10,0,2,,H2,32,P2_H2,H2_32_Tub2,H2_32
2026-04-13,Mon,Grady,PX_H2_32_Tub2_Lacerate 137,2,7,alive,,W9-10,3.5,2,,H2,32,PX_H2,H2_32_Tub2,H2_32
2026-04-13,Mon,Grady,PX_H2_32_Tub2_Lacerate 138,2,12,alive,,W9-10,6,2,,H2,32,PX_H2,H2_32_Tub2,H2_32
2026-04-13,Mon,Grady,PX_H2_32_Tub2_Lacerate 139,2,12,alive,,W9-10,6,2,,H2,32,PX_H2,H2_32_Tub2,H2_32
2026-04-13,Mon,Grady,P1_H2_32_Tub2_Lacerate 140,2,0,alive,,W9-10,0,2,,H2,32,P1_H2,H2_32_Tub2,H2_32
2026-04-13,Mon,Grady,PX_H2_32_Tub2_Lacerate 141,0,12,alive,"possibly not tracked, a missing one?",W9-10,#N/A,0,,H2,32,PX_H2,H2_32_Tub2,H2_32
2026-04-13,Mon,Grady,PX_H2_32_Tub2_Lacerate 142,0,8,alive,"possibly not tracked, a missing one?",W9-10,#N/A,0,,H2,32,PX_H2,H2_32_Tub2,H2_32
2026-04-13,Mon,Grady,P2_H2_32_Tub2_Lacerate 143,0,5,alive,"possibly not tracked, a missing one?",W9-10,#N/A,0,,H2,32,P2_H2,H2_32_Tub2,H2_32
2026-04-13,Mon,Grady,P2_H2_32_Tub2_Lacerate 144,0,12,alive,"possibly not tracked, a missing one?",W9-10,#N/A,0,,H2,32,P2_H2,H2_32_Tub2,H2_32
2026-04-13,Mon,Grady,PX_H2_32_Tub2_Lacerate 145,0,11,alive,"possibly not tracked, a missing one?",W9-10,#N/A,0,,H2,32,PX_H2,H2_32_Tub2,H2_32
2026-04-13,Mon,Grady,PX_H2_32_Tub2_Lacerate 146,0,7,alive,"possibly not tracked, a missing one?",W9-10,#N/A,0,,H2,32,PX_H2,H2_32_Tub2,H2_32
2026-04-13,Mon,Grady,PX_H2_32_Tub2_Lacerate 147,0,12,alive,"possibly not tracked, a missing one?",W9-10,#N/A,0,,H2,32,PX_H2,H2_32_Tub2,H2_32
2026-04-13,Mon,Grady,PX_H2_32_Tub2_Lacerate 148,0,12,alive,"possibly not tracked, a missing one?",W9-10,#N/A,0,,H2,32,PX_H2,H2_32_Tub2,H2_32
2026-04-13,Mon,Grady,PX_H2_32_Tub2_Lacerate 149,0,12,alive,"possibly not tracked, a missing one?",W9-10,#N/A,0,,H2,32,PX_H2,H2_32_Tub2,H2_32
2026-04-13,Mon,Grady,PX_H2_32_Tub2_Lacerate 150,0,8,alive,"possibly not tracked, a missing one?",W9-10,#N/A,0,,H2,32,PX_H2,H2_32_Tub2,H2_32
2026-04-13,Mon,Grady,PX_H2_32_Tub2_Lacerate 151,0,5,alive,"possibly not tracked, a missing one?",W9-10,#N/A,0,,H2,32,PX_H2,H2_32_Tub2,H2_32
2026-04-13,Mon,Grady,PX_H2_32_Tub2_Lacerate 152,0,9,alive,"possibly not tracked, a missing one?",W9-10,#N/A,0,,H2,32,PX_H2,H2_32_Tub2,H2_32
2026-04-13,Mon,Grady,P1_H2_32_Tub3_Lacerate 115,6,11,alive,,W9-10,1.833333333,6,,H2,32,P1_H2,H2_32_Tub3,H2_32
2026-04-13,Mon,Grady,P2_H2_32_Tub3_Lacerate 116,6,0,alive,,W9-10,0,6,,H2,32,P2_H2,H2_32_Tub3,H2_32
2026-04-13,Mon,Grady,P2_H2_32_Tub3_Lacerate 117,6,10,alive,,W9-10,1.666666667,6,,H2,32,P2_H2,H2_32_Tub3,H2_32
2026-04-13,Mon,Grady,P2_H2_32_Tub3_Lacerate 118,6,0,alive,,W9-10,0,6,,H2,32,P2_H2,H2_32_Tub3,H2_32
2026-04-13,Mon,Grady,P2_H2_32_Tub3_Lacerate 119,6,6,alive,,W9-10,1,6,,H2,32,P2_H2,H2_32_Tub3,H2_32
2026-04-13,Mon,Grady,P3_H2_32_Tub3_Lacerate 120,6,13,alive,,W9-10,2.166666667,6,,H2,32,P3_H2,H2_32_Tub3,H2_32
2026-04-13,Mon,Grady,P3_H2_32_Tub3_Lacerate 121,6,0,alive,,W9-10,0,6,,H2,32,P3_H2,H2_32_Tub3,H2_32
2026-04-13,Mon,Grady,P3_H2_32_Tub3_Lacerate 122,6,11,alive,,W9-10,1.833333333,6,,H2,32,P3_H2,H2_32_Tub3,H2_32
2026-04-13,Mon,Grady,P3_H2_32_Tub3_Lacerate 123,6,5,alive,,W9-10,0.8333333333,6,,H2,32,P3_H2,H2_32_Tub3,H2_32
2026-04-13,Mon,Grady,P3_H2_32_Tub3_Lacerate 124,6,4,alive,,W9-10,0.6666666667,6,,H2,32,P3_H2,H2_32_Tub3,H2_32
2026-04-13,Mon,Grady,P2_H2_32_Tub3_Lacerate 125,4,0,alive,,W9-10,0,4,,H2,32,P2_H2,H2_32_Tub3,H2_32
2026-04-13,Mon,Grady,P3_H2_32_Tub3_Lacerate 126,4,7,alive,,W9-10,1.75,4,,H2,32,P3_H2,H2_32_Tub3,H2_32
2026-04-13,Mon,Grady,P1_H2_32_Tub3_Lacerate 127,4,7,alive,,W9-10,1.75,4,,H2,32,P1_H2,H2_32_Tub3,H2_32
2026-04-13,Mon,Grady,PX_H2_32_Tub3_Lacerate 128,2,8,alive,,W9-10,4,2,,H2,32,PX_H2,H2_32_Tub3,H2_32
2026-04-13,Mon,Grady,PX_H2_32_Tub3_Lacerate 129,2,19,alive,,W9-10,9.5,2,,H2,32,PX_H2,H2_32_Tub3,H2_32
2026-04-13,Mon,Grady,PX_H2_32_Tub3_Lacerate 130,2,10,alive,,W9-10,5,2,,H2,32,PX_H2,H2_32_Tub3,H2_32
2026-04-13,Mon,Grady,PX_H2_32_Tub3_Lacerate 131,0,6,alive,possibly not tracked?,W9-10,#N/A,0,,H2,32,PX_H2,H2_32_Tub3,H2_32
2026-04-13,Mon,Grady,PX_H2_32_Tub3_Lacerate 132,0,7,alive,possibly not tracked?,W9-10,#N/A,0,,H2,32,PX_H2,H2_32_Tub3,H2_32
2026-04-13,Mon,Grady,PX_H2_32_Tub3_Lacerate 133,0,5,alive,possibly not tracked?,W9-10,#N/A,0,,H2,32,PX_H2,H2_32_Tub3,H2_32
2026-04-13,Mon,Grady,PX_H2_32_Tub3_Lacerate 134,0,8,alive,possibly not tracked?,W9-10,#N/A,0,,H2,32,PX_H2,H2_32_Tub3,H2_32
2026-04-13,Mon,Grady,PX_H2_32_Tub3_Lacerate 135,0,11,alive,possibly not tracked?,W9-10,#N/A,0,,H2,32,PX_H2,H2_32_Tub3,H2_32
2026-04-13,Mon,Grady,P2_VWA_32_Tub1_Lacerate 103,6,,missing,parents moved on top?,W9-10,0,6,,VWA,32,P2_VWA,VWA_32_Tub1,VWA_32
2026-04-13,Mon,Grady,PX_VWA_32_Tub1_Lacerate 104,6,14,alive,,W9-10,2.333333333,6,,VWA,32,PX_VWA,VWA_32_Tub1,VWA_32
2026-04-13,Mon,Grady,PX_VWA_32_Tub1_Lacerate 105,6,10,alive,,W9-10,1.666666667,6,,VWA,32,PX_VWA,VWA_32_Tub1,VWA_32
2026-04-13,Mon,Grady,P1_VWA_32_Tub1_Lacerate 106,6,,missing,,W9-10,0,6,,VWA,32,P1_VWA,VWA_32_Tub1,VWA_32
2026-04-13,Mon,Grady,P1_VWA_32_Tub1_Lacerate 107,6,0,alive,,W9-10,0,6,,VWA,32,P1_VWA,VWA_32_Tub1,VWA_32
2026-04-13,Mon,Grady,P1_VWA_32_Tub1_Lacerate 108,6,,missing,,W9-10,0,6,,VWA,32,P1_VWA,VWA_32_Tub1,VWA_32
2026-04-13,Mon,Grady,P1_VWA_32_Tub1_Lacerate 109,6,,missing,parent moved on top? ,W9-10,0,6,,VWA,32,P1_VWA,VWA_32_Tub1,VWA_32
2026-04-13,Mon,Grady,PX_VWA_32_Tub1_Lacerate 110,6,0,alive,,W9-10,0,6,,VWA,32,PX_VWA,VWA_32_Tub1,VWA_32
2026-04-13,Mon,Grady,PX_VWA_32_Tub1_Lacerate 111,6,9,alive,,W9-10,1.5,6,,VWA,32,PX_VWA,VWA_32_Tub1,VWA_32
2026-04-13,Mon,Grady,P2_VWA_32_Tub1_Lacerate 112,6,,missing,,W9-10,0,6,,VWA,32,P2_VWA,VWA_32_Tub1,VWA_32
2026-04-13,Mon,Grady,P2_VWA_32_Tub1_Lacerate 113,6,,missing,,W9-10,0,6,,VWA,32,P2_VWA,VWA_32_Tub1,VWA_32
2026-04-13,Mon,Grady,P3_VWA_32_Tub1_Lacerate 114,4,0,alive,,W9-10,0,4,,VWA,32,P3_VWA,VWA_32_Tub1,VWA_32
2026-04-13,Mon,Grady,P3_VWA_32_Tub1_Lacerate 115,4,7,alive,,W9-10,1.75,4,,VWA,32,P3_VWA,VWA_32_Tub1,VWA_32
2026-04-13,Mon,Grady,P3_VWA_32_Tub1_Lacerate 116,4,,missing,,W9-10,0,4,,VWA,32,P3_VWA,VWA_32_Tub1,VWA_32
2026-04-13,Mon,Grady,P3_VWA_32_Tub1_Lacerate 117,4,,missing,,W9-10,0,4,,VWA,32,P3_VWA,VWA_32_Tub1,VWA_32
2026-04-13,Mon,Grady,P3_VWA_32_Tub1_Lacerate 118,4,,missing,,W9-10,0,4,,VWA,32,P3_VWA,VWA_32_Tub1,VWA_32
2026-04-13,Mon,Grady,P3_VWA_32_Tub1_Lacerate 119,4,,missing,,W9-10,0,4,,VWA,32,P3_VWA,VWA_32_Tub1,VWA_32
2026-04-13,Mon,Grady,PX_VWA_32_Tub1_Lacerate 120,2,10,alive,,W9-10,5,2,,VWA,32,PX_VWA,VWA_32_Tub1,VWA_32
2026-04-13,Mon,Grady,PX_VWA_32_Tub1_Lacerate 121,0,7,alive,"possibly not tracked, a missing one?",W9-10,#N/A,0,,VWA,32,PX_VWA,VWA_32_Tub1,VWA_32
2026-04-13,Mon,Grady,PX_VWA_32_Tub1_Lacerate 122,0,11,alive,"possibly not tracked, a missing one?",W9-10,#N/A,0,,VWA,32,PX_VWA,VWA_32_Tub1,VWA_32
2026-04-13,Mon,Grady,PX_VWA_32_Tub1_Lacerate 123,0,13,alive,"possibly not tracked, a missing one?",W9-10,#N/A,0,,VWA,32,PX_VWA,VWA_32_Tub1,VWA_32
2026-04-13,Mon,Grady,PX_VWA_32_Tub1_Lacerate 124,0,10,alive,"possibly not tracked, a missing one?",W9-10,#N/A,0,,VWA,32,PX_VWA,VWA_32_Tub1,VWA_32
2026-04-13,Mon,Grady,PX_VWA_32_Tub1_Lacerate 125,0,9,alive,"possibly not tracked, a missing one?",W9-10,#N/A,0,,VWA,32,PX_VWA,VWA_32_Tub1,VWA_32
2026-04-13,Mon,Grady,P2_VWA_32_Tub1_Lacerate 126,0,8,alive,"possibly not tracked, a missing one?",W9-10,#N/A,0,,VWA,32,P2_VWA,VWA_32_Tub1,VWA_32
2026-04-13,Mon,Grady,P2_VWA_32_Tub1_Lacerate 127,0,10,alive,"possibly not tracked, a missing one?",W9-10,#N/A,0,,VWA,32,P2_VWA,VWA_32_Tub1,VWA_32
2026-04-13,Mon,Grady,P2_VWA_32_Tub1_Lacerate 128,0,10,alive,"possibly not tracked, a missing one?",W9-10,#N/A,0,,VWA,32,P2_VWA,VWA_32_Tub1,VWA_32
2026-04-13,Mon,Grady,P2_VWA_32_Tub1_Lacerate 129,0,0,alive,"possibly not tracked, a missing one?",W9-10,#N/A,0,,VWA,32,P2_VWA,VWA_32_Tub1,VWA_32
2026-04-13,Mon,Grady,P2_VWA_32_Tub1_Lacerate 130,0,0,alive,"possibly not tracked, a missing one?",W9-10,#N/A,0,,VWA,32,P2_VWA,VWA_32_Tub1,VWA_32
2026-04-13,Mon,Grady,P2_VWA_32_Tub1_Lacerate 131,0,6,alive,"possibly not tracked, a missing one?",W9-10,#N/A,0,,VWA,32,P2_VWA,VWA_32_Tub1,VWA_32
2026-04-13,Mon,Grady,PX_VWA_32_Tub2_Lacerate 70,6,11,alive,,W9-10,1.833333333,6,,VWA,32,PX_VWA,VWA_32_Tub2,VWA_32
2026-04-13,Mon,Grady,PX_VWA_32_Tub2_Lacerate 71,6,13,alive,,W9-10,2.166666667,6,,VWA,32,PX_VWA,VWA_32_Tub2,VWA_32
2026-04-13,Mon,Grady,PX_VWA_32_Tub2_Lacerate 72,6,13,alive,,W9-10,2.166666667,6,,VWA,32,PX_VWA,VWA_32_Tub2,VWA_32
2026-04-13,Mon,Grady,PX_VWA_32_Tub2_Lacerate 73,6,8,alive,,W9-10,1.333333333,6,,VWA,32,PX_VWA,VWA_32_Tub2,VWA_32
2026-04-13,Mon,Grady,P1_VWA_32_Tub2_Lacerate 74,6,10,alive,,W9-10,1.666666667,6,,VWA,32,P1_VWA,VWA_32_Tub2,VWA_32
2026-04-13,Mon,Grady,P1_VWA_32_Tub2_Lacerate 75,6,,missing,,W9-10,0,6,,VWA,32,P1_VWA,VWA_32_Tub2,VWA_32
2026-04-13,Mon,Grady,P1_VWA_32_Tub2_Lacerate 76,6,11,alive,,W9-10,1.833333333,6,,VWA,32,P1_VWA,VWA_32_Tub2,VWA_32
2026-04-13,Mon,Grady,P1_VWA_32_Tub2_Lacerate 77,6,,missing,,W9-10,0,6,,VWA,32,P1_VWA,VWA_32_Tub2,VWA_32
2026-04-13,Mon,Grady,P1_VWA_32_Tub2_Lacerate 78,6,,missing,,W9-10,0,6,,VWA,32,P1_VWA,VWA_32_Tub2,VWA_32
2026-04-13,Mon,Grady,P1_VWA_32_Tub2_Lacerate 79,4,8,alive,,W9-10,2,4,,VWA,32,P1_VWA,VWA_32_Tub2,VWA_32
2026-04-13,Mon,Grady,P3_VWA_32_Tub2_Lacerate 80,0,5,alive,,W9-10,#N/A,0,,VWA,32,P3_VWA,VWA_32_Tub2,VWA_32
2026-04-13,Mon,Grady,P3_VWA_32_Tub2_Lacerate 81,0,10,alive,,W9-10,#N/A,0,,VWA,32,P3_VWA,VWA_32_Tub2,VWA_32
2026-04-13,Mon,Grady,P3_VWA_32_Tub2_Lacerate 82,0,0,alive,,W9-10,#N/A,0,,VWA,32,P3_VWA,VWA_32_Tub2,VWA_32
2026-04-13,Mon,Grady,P3_VWA_32_Tub3_Lacerate 65,6,6,alive,,W9-10,1,6,,VWA,32,P3_VWA,VWA_32_Tub3,VWA_32
2026-04-13,Mon,Grady,P3_VWA_32_Tub3_Lacerate 66,6,,missing,,W9-10,0,6,,VWA,32,P3_VWA,VWA_32_Tub3,VWA_32
2026-04-13,Mon,Grady,P3_VWA_32_Tub3_Lacerate 67,6,12,alive,,W9-10,2,6,,VWA,32,P3_VWA,VWA_32_Tub3,VWA_32
2026-04-13,Mon,Grady,P1_VWA_32_Tub3_Lacerate 68,6,14,alive,,W9-10,2.333333333,6,,VWA,32,P1_VWA,VWA_32_Tub3,VWA_32
2026-04-13,Mon,Grady,P1_VWA_32_Tub3_Lacerate 69,6,11,alive,,W9-10,1.833333333,6,,VWA,32,P1_VWA,VWA_32_Tub3,VWA_32
2026-04-13,Mon,Grady,P3_VWA_32_Tub3_Lacerate 70,6,,missing,,W9-10,0,6,,VWA,32,P3_VWA,VWA_32_Tub3,VWA_32
2026-04-13,Mon,Grady,P3_VWA_32_Tub3_Lacerate 71,6,11,alive,,W9-10,1.833333333,6,,VWA,32,P3_VWA,VWA_32_Tub3,VWA_32
2026-04-13,Mon,Grady,P3_VWA_32_Tub3_Lacerate 72,4,10,alive,,W9-10,2.5,4,,VWA,32,P3_VWA,VWA_32_Tub3,VWA_32
2026-04-13,Mon,Grady,P1_VWA_32_Tub3_Lacerate 73,3,7,alive,,W9-10,2.333333333,3,,VWA,32,P1_VWA,VWA_32_Tub3,VWA_32
2026-04-13,Mon,Grady,P3_VWA_32_Tub3_Lacerate 74,3,10,alive,,W9-10,3.333333333,3,,VWA,32,P3_VWA,VWA_32_Tub3,VWA_32
2026-04-13,Mon,Grady,PX_VWA_32_Tub3_Lacerate 75,0,8,alive,"possibly not tracked, a missing one?",W9-10,#N/A,0,,VWA,32,PX_VWA,VWA_32_Tub3,VWA_32
2026-04-13,Mon,Grady,PX_VWA_32_Tub3_Lacerate 76,0,10,alive,"possibly not tracked, a missing one?",W9-10,#N/A,0,,VWA,32,PX_VWA,VWA_32_Tub3,VWA_32
2026-04-14,Tue,Maddox,P2_H2_25_Tub1_Lacerate 157,7,12,alive,,W9-10,1.714285714,7,,H2,25,P2_H2,H2_25_Tub1,H2_25
2026-04-14,Tue,Maddox,P2_H2_25_Tub1_Lacerate 158,7,12,alive,,W9-10,1.714285714,7,,H2,25,P2_H2,H2_25_Tub1,H2_25
2026-04-14,Tue,Maddox,P3_H2_25_Tub1_Lacerate 159,7,6,alive,,W9-10,0.8571428571,7,,H2,25,P3_H2,H2_25_Tub1,H2_25
2026-04-14,Tue,Maddox,P1_H2_25_Tub1_Lacerate 160,7,0,alive,,W9-10,0,7,,H2,25,P1_H2,H2_25_Tub1,H2_25
2026-04-14,Tue,Maddox,P1_H2_25_Tub1_Lacerate 161,7,9,alive,,W9-10,1.285714286,7,,H2,25,P1_H2,H2_25_Tub1,H2_25
2026-04-14,Tue,Maddox,P2_H2_25_Tub1_Lacerate 162,7,7,alive,,W9-10,1,7,,H2,25,P2_H2,H2_25_Tub1,H2_25
2026-04-14,Tue,Maddox,P2_H2_25_Tub1_Lacerate 163,5,12,alive,,W9-10,2.4,5,,H2,25,P2_H2,H2_25_Tub1,H2_25
2026-04-14,Tue,Maddox,P3_H2_25_Tub1_Lacerate 164,5,7,alive,,W9-10,1.4,5,,H2,25,P3_H2,H2_25_Tub1,H2_25
2026-04-14,Tue,Maddox,P2_H2_25_Tub1_Lacerate 165,4,9,alive,,W9-10,2.25,4,,H2,25,P2_H2,H2_25_Tub1,H2_25
2026-04-14,Tue,Maddox,P2_H2_25_Tub1_Lacerate 166,3,11,alive,,W9-10,3.666666667,3,,H2,25,P2_H2,H2_25_Tub1,H2_25
2026-04-14,Tue,Maddox,P2_H2_25_Tub1_Lacerate 167,3,9,alive,,W9-10,3,3,,H2,25,P2_H2,H2_25_Tub1,H2_25
2026-04-14,Tue,Maddox,P2_H2_25_Tub1_Lacerate 168,3,8,alive,,W9-10,2.666666667,3,,H2,25,P2_H2,H2_25_Tub1,H2_25
2026-04-14,Tue,Maddox,P3_H2_25_Tub1_Lacerate 169,3,9,alive,,W9-10,3,3,,H2,25,P3_H2,H2_25_Tub1,H2_25
2026-04-14,Tue,Maddox,P3_H2_25_Tub1_Lacerate 170,3,12,alive,,W9-10,4,3,,H2,25,P3_H2,H2_25_Tub1,H2_25
2026-04-14,Tue,Maddox,P1_H2_25_Tub1_Lacerate 171,3,6,alive,,W9-10,2,3,,H2,25,P1_H2,H2_25_Tub1,H2_25
2026-04-14,Tue,Maddox,P1_H2_25_Tub1_Lacerate 172,3,8,alive,,W9-10,2.666666667,3,,H2,25,P1_H2,H2_25_Tub1,H2_25
2026-04-14,Tue,Maddox,PX_H2_25_Tub1_Lacerate 173,1,0,alive,,W9-10,0,1,,H2,25,PX_H2,H2_25_Tub1,H2_25
2026-04-14,Tue,Maddox,P2_H2_25_Tub1_Lacerate 174,1,0,alive,,W9-10,0,1,,H2,25,P2_H2,H2_25_Tub1,H2_25
2026-04-14,Tue,Maddox,P2_H2_25_Tub1_Lacerate 175,1,4,alive,,W9-10,4,1,,H2,25,P2_H2,H2_25_Tub1,H2_25
2026-04-14,Tue,Maddox,P2_H2_25_Tub1_Lacerate 176,1,0,alive,,W9-10,0,1,,H2,25,P2_H2,H2_25_Tub1,H2_25
2026-04-14,Tue,Maddox,P2_H2_25_Tub1_Lacerate 177,1,6,alive,,W9-10,6,1,,H2,25,P2_H2,H2_25_Tub1,H2_25
2026-04-14,Tue,Maddox,PX_H2_25_Tub1_Lacerate 178,1,8,alive,,W9-10,8,1,,H2,25,PX_H2,H2_25_Tub1,H2_25
2026-04-14,Tue,Maddox,PX_H2_25_Tub1_Lacerate 179,1,6,alive,,W9-10,6,1,,H2,25,PX_H2,H2_25_Tub1,H2_25
2026-04-14,Tue,Maddox,P2_H2_25_Tub1_Lacerate 180,0,0,alive,,W9-10,#N/A,0,,H2,25,P2_H2,H2_25_Tub1,H2_25
2026-04-14,Tue,Maddox,PX_H2_25_Tub1_Lacerate 181,0,5,alive,,W9-10,#N/A,0,,H2,25,PX_H2,H2_25_Tub1,H2_25
2026-04-14,Tue,Maddox,PX_H2_25_Tub1_Lacerate 182,0,4,alive,,W9-10,#N/A,0,,H2,25,PX_H2,H2_25_Tub1,H2_25
2026-04-14,Tue,Maddox,PX_H2_25_Tub1_Lacerate 183,0,3,alive,,W9-10,#N/A,0,,H2,25,PX_H2,H2_25_Tub1,H2_25
2026-04-14,Tue,Maddox,P3_H2_25_Tub2_Lacerate 106,7,8,alive,,W9-10,1.142857143,7,,H2,25,P3_H2,H2_25_Tub2,H2_25
2026-04-14,Tue,Maddox,P3_H2_25_Tub2_Lacerate 107,7,9,alive,,W9-10,1.285714286,7,,H2,25,P3_H2,H2_25_Tub2,H2_25
2026-04-14,Tue,Maddox,P3_H2_25_Tub2_Lacerate 108,7,4,alive,,W9-10,0.5714285714,7,,H2,25,P3_H2,H2_25_Tub2,H2_25
2026-04-14,Tue,Maddox,P3_H2_25_Tub2_Lacerate 109,7,9,alive,,W9-10,1.285714286,7,,H2,25,P3_H2,H2_25_Tub2,H2_25
2026-04-14,Tue,Maddox,P3_H2_25_Tub2_Lacerate 110,7,8,alive,,W9-10,1.142857143,7,,H2,25,P3_H2,H2_25_Tub2,H2_25
2026-04-14,Tue,Maddox,P3_H2_25_Tub2_Lacerate 111,7,11,alive,,W9-10,1.571428571,7,,H2,25,P3_H2,H2_25_Tub2,H2_25
2026-04-14,Tue,Maddox,P3_H2_25_Tub2_Lacerate 112,7,12,alive,,W9-10,1.714285714,7,,H2,25,P3_H2,H2_25_Tub2,H2_25
2026-04-14,Tue,Maddox,P3_H2_25_Tub2_Lacerate 113,7,11,alive,,W9-10,1.571428571,7,,H2,25,P3_H2,H2_25_Tub2,H2_25
2026-04-14,Tue,Maddox,P2_H2_25_Tub2_Lacerate 114,7,6,alive,,W9-10,0.8571428571,7,,H2,25,P2_H2,H2_25_Tub2,H2_25
2026-04-14,Tue,Maddox,P2_H2_25_Tub2_Lacerate 115,7,,missing,,W9-10,0,7,,H2,25,P2_H2,H2_25_Tub2,H2_25
2026-04-14,Tue,Maddox,P2_H2_25_Tub2_Lacerate 116,7,8,alive,,W9-10,1.142857143,7,,H2,25,P2_H2,H2_25_Tub2,H2_25
2026-04-14,Tue,Maddox,P3_H2_25_Tub2_Lacerate 117,5,7,alive,,W9-10,1.4,5,,H2,25,P3_H2,H2_25_Tub2,H2_25
2026-04-14,Tue,Maddox,P1_H2_25_Tub2_Lacerate 118,5,8,alive,,W9-10,1.6,5,,H2,25,P1_H2,H2_25_Tub2,H2_25
2026-04-14,Tue,Maddox,P2_H2_25_Tub2_Lacerate 119,4,7,alive,,W9-10,1.75,4,,H2,25,P2_H2,H2_25_Tub2,H2_25
2026-04-14,Tue,Maddox,P1_H2_25_Tub2_Lacerate 120,3,,missing,,W9-10,0,3,,H2,25,P1_H2,H2_25_Tub2,H2_25
2026-04-14,Tue,Maddox,P1_H2_25_Tub2_Lacerate 121,3,,missing,,W9-10,0,3,,H2,25,P1_H2,H2_25_Tub2,H2_25
2026-04-14,Tue,Maddox,P1_H2_25_Tub2_Lacerate 122,3,,missing,,W9-10,0,3,,H2,25,P1_H2,H2_25_Tub2,H2_25
2026-04-14,Tue,Maddox,PX_H2_25_Tub2_Lacerate 123,1,8,alive,,W9-10,8,1,,H2,25,PX_H2,H2_25_Tub2,H2_25
2026-04-14,Tue,Maddox,PX_H2_25_Tub2_Lacerate 124,1,5,alive,,W9-10,5,1,,H2,25,PX_H2,H2_25_Tub2,H2_25
2026-04-14,Tue,Maddox,PX_H2_25_Tub2_Lacerate 125,1,12,alive,,W9-10,12,1,,H2,25,PX_H2,H2_25_Tub2,H2_25
2026-04-14,Tue,Maddox,PX_H2_25_Tub2_Lacerate 126,1,,missing,,W9-10,0,1,,H2,25,PX_H2,H2_25_Tub2,H2_25
2026-04-14,Tue,Maddox,P1_H2_25_Tub2_Lacerate 127,1,,missing,not labeled on previous tub map,W9-10,0,1,,H2,25,P1_H2,H2_25_Tub2,H2_25
2026-04-14,Wed,Maddox,PX_H2_25_Tub2_Lacerate 128,0,3,alive,,W9-10,#N/A,0,,H2,25,PX_H2,H2_25_Tub2,H2_25
2026-04-14,Thu,Maddox,P3_H2_25_Tub2_Lacerate 129,0,9,alive,,W9-10,#N/A,0,,H2,25,P3_H2,H2_25_Tub2,H2_25
2026-04-14,Fri,Maddox,P3_H2_25_Tub2_Lacerate 130,0,8,alive,,W9-10,#N/A,0,,H2,25,P3_H2,H2_25_Tub2,H2_25
2026-04-14,Sat,Maddox,P1_H2_25_Tub2_Lacerate 131,0,4,alive,,W9-10,#N/A,0,,H2,25,P1_H2,H2_25_Tub2,H2_25
2026-04-14,Sun,Maddox,P2_H2_25_Tub2_Lacerate 132,0,0,alive,,W9-10,#N/A,0,,H2,25,P2_H2,H2_25_Tub2,H2_25
2026-04-14,Mon,Maddox,P1_H2_25_Tub2_Lacerate 133,0,6,alive,,W9-10,#N/A,0,,H2,25,P1_H2,H2_25_Tub2,H2_25
2026-04-14,Tue,Maddox,P2_H2_25_Tub2_Lacerate 134,0,1,alive,,W9-10,#N/A,0,,H2,25,P2_H2,H2_25_Tub2,H2_25
2026-04-14,Tue,Maddox,P3_H2_25_Tub3_Lacerate 111,7,,missing,,W9-10,0,7,,H2,25,P3_H2,H2_25_Tub3,H2_25
2026-04-14,Tue,Maddox,P3_H2_25_Tub3_Lacerate 112,7,,missing,,W9-10,0,7,,H2,25,P3_H2,H2_25_Tub3,H2_25
2026-04-14,Tue,Maddox,PX_H2_25_Tub3_Lacerate 113,7,,missing,,W9-10,0,7,,H2,25,PX_H2,H2_25_Tub3,H2_25
2026-04-14,Tue,Maddox,P2_H2_25_Tub3_Lacerate 114,7,,missing,,W9-10,0,7,,H2,25,P2_H2,H2_25_Tub3,H2_25
2026-04-14,Tue,Maddox,P1_H2_25_Tub3_Lacerate 115,7,,missing,,W9-10,0,7,,H2,25,P1_H2,H2_25_Tub3,H2_25
2026-04-14,Tue,Maddox,P1_H2_25_Tub3_Lacerate 116,5,0,alive,,W9-10,0,5,,H2,25,P1_H2,H2_25_Tub3,H2_25
2026-04-14,Tue,Maddox,PX_H2_25_Tub3_Lacerate 117,5,12,alive,,W9-10,2.4,5,,H2,25,PX_H2,H2_25_Tub3,H2_25
2026-04-14,Tue,Maddox,P2_H2_25_Tub2_Lacerate 119,4,,missing,,W9-10,0,4,,H2,25,P2_H2,H2_25_Tub2,H2_25
2026-04-14,Tue,Maddox,PX_H2_25_Tub3_Lacerate 118,4,6,alive,,W9-10,1.5,4,,H2,25,PX_H2,H2_25_Tub3,H2_25
2026-04-14,Tue,Maddox,P3_H2_25_Tub3_Lacerate 119,4,,missing,,W9-10,0,4,,H2,25,P3_H2,H2_25_Tub3,H2_25
2026-04-14,Tue,Maddox,P3_H2_25_Tub3_Lacerate 120,4,0,alive,,W9-10,0,4,,H2,25,P3_H2,H2_25_Tub3,H2_25
2026-04-14,Tue,Maddox,P3_H2_25_Tub3_Lacerate 121,4,,missing,,W9-10,0,4,,H2,25,P3_H2,H2_25_Tub3,H2_25
2026-04-14,Tue,Maddox,P3_H2_25_Tub3_Lacerate 122,4,,missing,,W9-10,0,4,,H2,25,P3_H2,H2_25_Tub3,H2_25
2026-04-14,Tue,Maddox,P3_H2_25_Tub3_Lacerate 123,4,,missing,,W9-10,0,4,,H2,25,P3_H2,H2_25_Tub3,H2_25
2026-04-14,Tue,Maddox,P3_H2_25_Tub3_Lacerate 124,4,,missing,,W9-10,0,4,,H2,25,P3_H2,H2_25_Tub3,H2_25
2026-04-14,Tue,Maddox,P2_H2_25_Tub3_Lacerate 125,3,6,alive,,W9-10,2,3,,H2,25,P2_H2,H2_25_Tub3,H2_25
2026-04-14,Tue,Maddox,P1_H2_25_Tub3_Lacerate 126,3,,alive,,W9-10,0,3,,H2,25,P1_H2,H2_25_Tub3,H2_25
2026-04-14,Tue,Maddox,P1_H2_25_Tub3_Lacerate 127,3,0,alive,,W9-10,0,3,,H2,25,P1_H2,H2_25_Tub3,H2_25
2026-04-14,Tue,Maddox,P1_H2_25_Tub3_Lacerate 128,3,0,alive,,W9-10,0,3,,H2,25,P1_H2,H2_25_Tub3,H2_25
2026-04-14,Tue,Maddox,P1_H2_25_Tub3_Lacerate 129,3,0,alive,,W9-10,0,3,,H2,25,P1_H2,H2_25_Tub3,H2_25
2026-04-14,Tue,Maddox,P1_H2_25_Tub3_Lacerate 130,2,0,alive,,W9-10,0,2,,H2,25,P1_H2,H2_25_Tub3,H2_25
2026-04-14,Tue,Maddox,P2_H2_25_Tub3_Lacerate 131,1,8,alive,,W9-10,8,1,,H2,25,P2_H2,H2_25_Tub3,H2_25
2026-04-14,Tue,Maddox,P2_H2_25_Tub3_Lacerate 132,1,8,alive,,W9-10,8,1,,H2,25,P2_H2,H2_25_Tub3,H2_25
2026-04-14,Tue,Maddox,P2_H2_25_Tub3_Lacerate 133,1,8,alive,,W9-10,8,1,,H2,25,P2_H2,H2_25_Tub3,H2_25
2026-04-14,Tue,Maddox,P1_H2_25_Tub3_Lacerate 134,1,0,alive,,W9-10,0,1,,H2,25,P1_H2,H2_25_Tub3,H2_25
2026-04-14,Tue,Maddox,P1_H2_25_Tub3_Lacerate 135,1,0,alive,,W9-10,0,1,,H2,25,P1_H2,H2_25_Tub3,H2_25
2026-04-14,Tue,Maddox,P1_H2_25_Tub3_Lacerate 136,1,0,alive,,W9-10,0,1,,H2,25,P1_H2,H2_25_Tub3,H2_25
2026-04-14,Tue,Maddox,P1_H2_25_Tub3_Lacerate 137,1,0,alive,,W9-10,0,1,,H2,25,P1_H2,H2_25_Tub3,H2_25
2026-04-14,Tue,Maddox,P1_H2_25_Tub3_Lacerate 138,1,0,alive,,W9-10,0,1,,H2,25,P1_H2,H2_25_Tub3,H2_25
2026-04-14,Tue,Maddox,P1_H2_25_Tub3_Lacerate 139,1,0,alive,,W9-10,0,1,,H2,25,P1_H2,H2_25_Tub3,H2_25
2026-04-14,Tue,Maddox,P1_H2_25_Tub3_Lacerate 140,1,0,alive,,W9-10,0,1,,H2,25,P1_H2,H2_25_Tub3,H2_25
2026-04-14,Tue,Maddox,P1_H2_25_Tub3_Lacerate 141,1,0,alive,,W9-10,0,1,,H2,25,P1_H2,H2_25_Tub3,H2_25
2026-04-14,Tue,Maddox,P2_H2_25_Tub3_Lacerate 142,1,0,alive,,W9-10,0,1,,H2,25,P2_H2,H2_25_Tub3,H2_25
2026-04-14,Tue,Maddox,P2_H2_25_Tub3_Lacerate 143,1,0,alive,,W9-10,0,1,,H2,25,P2_H2,H2_25_Tub3,H2_25
2026-04-14,Tue,Maddox,PX_H2_25_Tub3_Lacerate 144,1,12,alive,,W9-10,12,1,,H2,25,PX_H2,H2_25_Tub3,H2_25
2026-04-14,Tue,Maddox,PX_H2_25_Tub3_Lacerate 145,1,11,alive,,W9-10,11,1,,H2,25,PX_H2,H2_25_Tub3,H2_25
2026-04-14,Tue,Maddox,PX_H2_25_Tub3_Lacerate 146,1,9,alive,,W9-10,9,1,,H2,25,PX_H2,H2_25_Tub3,H2_25
2026-04-14,Tue,Maddox,PX_H2_25_Tub3_Lacerate 147,0,12,alive,,W9-10,#N/A,0,,H2,25,PX_H2,H2_25_Tub3,H2_25
2026-04-14,Tue,Maddox,PX_H2_25_Tub3_Lacerate 148,0,12,alive,,W9-10,#N/A,0,,H2,25,PX_H2,H2_25_Tub3,H2_25
2026-04-14,Tue,Maddox,P3_VWA_25_Tub1_Lacerate 138,7,11,alive,,W9-10,1.571428571,7,,VWA,25,P3_VWA,VWA_25_Tub1,VWA_25
2026-04-14,Tue,Maddox,P3_VWA_25_Tub1_Lacerate 139,7,13,alive,,W9-10,1.857142857,7,,VWA,25,P3_VWA,VWA_25_Tub1,VWA_25
2026-04-14,Tue,Maddox,P1_VWA_25_Tub1_Lacerate 140,7,,missing,,W9-10,0,7,,VWA,25,P1_VWA,VWA_25_Tub1,VWA_25
2026-04-14,Tue,Maddox,PX_VWA_25_Tub1_Lacerate 141,7,12,alive,,W9-10,1.714285714,7,,VWA,25,PX_VWA,VWA_25_Tub1,VWA_25
2026-04-14,Tue,Maddox,P3_VWA_25_Tub1_Lacerate 142,7,0,alive,,W9-10,0,7,,VWA,25,P3_VWA,VWA_25_Tub1,VWA_25
2026-04-14,Tue,Maddox,PX_VWA_25_Tub1_Lacerate 143,7,13,alive,,W9-10,1.857142857,7,,VWA,25,PX_VWA,VWA_25_Tub1,VWA_25
2026-04-14,Tue,Maddox,P2_VWA_25_Tub1_Lacerate 144,7,14,alive,,W9-10,2,7,,VWA,25,P2_VWA,VWA_25_Tub1,VWA_25
2026-04-14,Tue,Maddox,P2_VWA_25_Tub1_Lacerate 145,7,10,alive,,W9-10,1.428571429,7,,VWA,25,P2_VWA,VWA_25_Tub1,VWA_25
2026-04-14,Tue,Maddox,P2_VWA_25_Tub1_Lacerate 146,7,10,alive,,W9-10,1.428571429,7,,VWA,25,P2_VWA,VWA_25_Tub1,VWA_25
2026-04-14,Tue,Maddox,P2_VWA_25_Tub1_Lacerate 147,14,11,alive,,W9-10,0.7857142857,14,,VWA,25,P2_VWA,VWA_25_Tub1,VWA_25
2026-04-14,Tue,Maddox,P3_VWA_25_Tub1_Lacerate 148,4,11,alive,,W9-10,2.75,4,,VWA,25,P3_VWA,VWA_25_Tub1,VWA_25
2026-04-14,Tue,Maddox,P3_VWA_25_Tub1_Lacerate 149,4,9,alive,,W9-10,2.25,4,,VWA,25,P3_VWA,VWA_25_Tub1,VWA_25
2026-04-14,Tue,Maddox,PX_VWA_25_Tub1_Lacerate 150,1,11,alive,,W9-10,11,1,,VWA,25,PX_VWA,VWA_25_Tub1,VWA_25
2026-04-14,Tue,Maddox,PX_VWA_25_Tub1_Lacerate 151,1,9,alive,,W9-10,9,1,,VWA,25,PX_VWA,VWA_25_Tub1,VWA_25
2026-04-14,Tue,Maddox,P2_VWA_25_Tub1_Lacerate 152,1,10,alive,,W9-10,10,1,,VWA,25,P2_VWA,VWA_25_Tub1,VWA_25
2026-04-14,Tue,Maddox,PX_VWA_25_Tub1_Lacerate 153,1,13,alive,,W9-10,13,1,,VWA,25,PX_VWA,VWA_25_Tub1,VWA_25
2026-04-14,Tue,Maddox,P3_VWA_25_Tub1_Lacerate 154,1,9,alive,,W9-10,9,1,,VWA,25,P3_VWA,VWA_25_Tub1,VWA_25
2026-04-14,Tue,Maddox,P3_VWA_25_Tub1_Lacerate 155,0,8,alive,,W9-10,#N/A,0,,VWA,25,P3_VWA,VWA_25_Tub1,VWA_25
2026-04-14,Tue,Maddox,P1_VWA_25_Tub2_Lacerate 74,7,0,alive,,W9-10,0,7,,VWA,25,P1_VWA,VWA_25_Tub2,VWA_25
2026-04-14,Tue,Maddox,P1_VWA_25_Tub2_Lacerate 75,7,0,alive,,W9-10,0,7,,VWA,25,P1_VWA,VWA_25_Tub2,VWA_25
2026-04-14,Tue,Maddox,P1_VWA_25_Tub2_Lacerate 76,7,0,alive,,W9-10,0,7,,VWA,25,P1_VWA,VWA_25_Tub2,VWA_25
2026-04-14,Tue,Maddox,P1_VWA_25_Tub2_Lacerate 77,7,0,alive,,W9-10,0,7,,VWA,25,P1_VWA,VWA_25_Tub2,VWA_25
2026-04-14,Tue,Maddox,P1_VWA_25_Tub2_Lacerate 78,7,0,alive,,W9-10,0,7,,VWA,25,P1_VWA,VWA_25_Tub2,VWA_25
2026-04-14,Tue,Maddox,P1_VWA_25_Tub2_Lacerate 79,7,0,alive,,W9-10,0,7,,VWA,25,P1_VWA,VWA_25_Tub2,VWA_25
2026-04-14,Tue,Maddox,P1_VWA_25_Tub2_Lacerate 80,7,0,alive,,W9-10,0,7,,VWA,25,P1_VWA,VWA_25_Tub2,VWA_25
2026-04-14,Tue,Maddox,P1_VWA_25_Tub2_Lacerate 81,7,0,alive,,W9-10,0,7,,VWA,25,P1_VWA,VWA_25_Tub2,VWA_25
2026-04-14,Tue,Maddox,P1_VWA_25_Tub2_Lacerate 82,7,0,alive,,W9-10,0,7,,VWA,25,P1_VWA,VWA_25_Tub2,VWA_25
2026-04-14,Tue,Maddox,P1_VWA_25_Tub2_Lacerate 83,7,0,alive,,W9-10,0,7,,VWA,25,P1_VWA,VWA_25_Tub2,VWA_25
2026-04-14,Tue,Maddox,P1_VWA_25_Tub2_Lacerate 84,7,,missing,,W9-10,0,7,,VWA,25,P1_VWA,VWA_25_Tub2,VWA_25
2026-04-14,Tue,Maddox,P1_VWA_25_Tub2_Lacerate 85,5,8,alive,,W9-10,1.6,5,,VWA,25,P1_VWA,VWA_25_Tub2,VWA_25
2026-04-14,Tue,Maddox,PX_VWA_25_Tub2_Lacerate 86,4,0,alive,,W9-10,0,4,,VWA,25,PX_VWA,VWA_25_Tub2,VWA_25
2026-04-14,Tue,Maddox,PX_VWA_25_Tub2_Lacerate 87,4,0,alive,,W9-10,0,4,,VWA,25,PX_VWA,VWA_25_Tub2,VWA_25
2026-04-14,Tue,Maddox,PX_VWA_25_Tub2_Lacerate 88,4,0,alive,,W9-10,0,4,,VWA,25,PX_VWA,VWA_25_Tub2,VWA_25
2026-04-14,Tue,Maddox,PX_VWA_25_Tub2_Lacerate 89,4,11,alive,,W9-10,2.75,4,,VWA,25,PX_VWA,VWA_25_Tub2,VWA_25
2026-04-14,Tue,Maddox,P2_VWA_25_Tub2_Lacerate 90,3,12,alive,,W9-10,4,3,,VWA,25,P2_VWA,VWA_25_Tub2,VWA_25
2026-04-14,Tue,Maddox,P2_VWA_25_Tub2_Lacerate 91,3,10,alive,,W9-10,3.333333333,3,,VWA,25,P2_VWA,VWA_25_Tub2,VWA_25
2026-04-14,Tue,Maddox,P1_VWA_25_Tub2_Lacerate 92,1,12,alive,,W9-10,12,1,,VWA,25,P1_VWA,VWA_25_Tub2,VWA_25
2026-04-14,Tue,Maddox,P2_VWA_25_Tub2_Lacerate 93,1,10,alive,,W9-10,10,1,,VWA,25,P2_VWA,VWA_25_Tub2,VWA_25
2026-04-14,Tue,Maddox,P2_VWA_25_Tub2_Lacerate 94,1,9,alive,,W9-10,9,1,,VWA,25,P2_VWA,VWA_25_Tub2,VWA_25
2026-04-14,Tue,Maddox,P2_VWA_25_Tub2_Lacerate 95,1,10,alive,,W9-10,10,1,,VWA,25,P2_VWA,VWA_25_Tub2,VWA_25
2026-04-14,Tue,Maddox,P2_VWA_25_Tub2_Lacerate 96,1,16,alive,,W9-10,16,1,,VWA,25,P2_VWA,VWA_25_Tub2,VWA_25
2026-04-14,Tue,Maddox,P2_VWA_25_Tub2_Lacerate 97,1,13,alive,,W9-10,13,1,,VWA,25,P2_VWA,VWA_25_Tub2,VWA_25
2026-04-14,Tue,Maddox,P3_VWA_25_Tub2_Lacerate 98,1,8,alive,,W9-10,8,1,,VWA,25,P3_VWA,VWA_25_Tub2,VWA_25
2026-04-14,Tue,Maddox,P2_VWA_25_Tub2_Lacerate 99,0,8,alive,,W9-10,#N/A,0,,VWA,25,P2_VWA,VWA_25_Tub2,VWA_25
2026-04-14,Tue,Maddox,P2_VWA_25_Tub2_Lacerate 100,0,10,alive,,W9-10,#N/A,0,,VWA,25,P2_VWA,VWA_25_Tub2,VWA_25
2026-04-14,Tue,Maddox,P1_VWA_25_Tub2_Lacerate 101,0,0,alive,,W9-10,#N/A,0,,VWA,25,P1_VWA,VWA_25_Tub2,VWA_25
2026-04-14,Tue,Maddox,P1_VWA_25_Tub2_Lacerate 102,0,0,alive,,W9-10,#N/A,0,,VWA,25,P1_VWA,VWA_25_Tub2,VWA_25
2026-04-14,Tue,Maddox,P1_VWA_25_Tub2_Lacerate 103,0,0,alive,,W9-10,#N/A,0,,VWA,25,P1_VWA,VWA_25_Tub2,VWA_25
2026-04-14,Tue,Maddox,PX_VWA_25_Tub2_Lacerate 104,0,2,alive,,W9-10,#N/A,0,,VWA,25,PX_VWA,VWA_25_Tub2,VWA_25
2026-04-14,Tue,Maddox,P3_VWA_25_Tub3_Lacerate 97,7,12,alive,,W9-10,1.714285714,7,,VWA,25,P3_VWA,VWA_25_Tub3,VWA_25
2026-04-14,Tue,Maddox,P3_VWA_25_Tub3_Lacerate 98,7,0,alive,,W9-10,0,7,,VWA,25,P3_VWA,VWA_25_Tub3,VWA_25
2026-04-14,Tue,Maddox,P3_VWA_25_Tub3_Lacerate 99,7,,missing,,W9-10,0,7,,VWA,25,P3_VWA,VWA_25_Tub3,VWA_25
2026-04-14,Tue,Maddox,P3_VWA_25_Tub3_Lacerate 100,7,14,alive,,W9-10,2,7,,VWA,25,P3_VWA,VWA_25_Tub3,VWA_25
2026-04-14,Tue,Maddox,P3_VWA_25_Tub3_Lacerate 101,7,,missing,,W9-10,0,7,,VWA,25,P3_VWA,VWA_25_Tub3,VWA_25
2026-04-14,Tue,Maddox,P3_VWA_25_Tub3_Lacerate 102,7,0,alive,,W9-10,0,7,,VWA,25,P3_VWA,VWA_25_Tub3,VWA_25
2026-04-14,Tue,Maddox,P3_VWA_25_Tub3_Lacerate 103,7,0,alive,,W9-10,0,7,,VWA,25,P3_VWA,VWA_25_Tub3,VWA_25
2026-04-14,Tue,Maddox,P3_VWA_25_Tub3_Lacerate 104,7,0,alive,,W9-10,0,7,,VWA,25,P3_VWA,VWA_25_Tub3,VWA_25
2026-04-14,Tue,Maddox,PX_VWA_25_Tub3_Lacerate 105,7,14,alive,,W9-10,2,7,,VWA,25,PX_VWA,VWA_25_Tub3,VWA_25
2026-04-14,Tue,Maddox,P3_VWA_25_Tub3_Lacerate 106,7,15,alive,,W9-10,2.142857143,7,,VWA,25,P3_VWA,VWA_25_Tub3,VWA_25
2026-04-14,Tue,Maddox,P3_VWA_25_Tub3_Lacerate 107,7,3,alive,,W9-10,0.4285714286,7,,VWA,25,P3_VWA,VWA_25_Tub3,VWA_25
2026-04-14,Tue,Maddox,P3_VWA_25_Tub3_Lacerate 108,7,4,alive,,W9-10,0.5714285714,7,,VWA,25,P3_VWA,VWA_25_Tub3,VWA_25
2026-04-14,Tue,Maddox,P3_VWA_25_Tub3_Lacerate 109,7,10,alive,,W9-10,1.428571429,7,,VWA,25,P3_VWA,VWA_25_Tub3,VWA_25
2026-04-14,Tue,Maddox,PX_VWA_25_Tub3_Lacerate 110,7,14,alive,,W9-10,2,7,,VWA,25,PX_VWA,VWA_25_Tub3,VWA_25
2026-04-14,Tue,Maddox,P2_VWA_25_Tub3_Lacerate 111,7,0,alive,,W9-10,0,7,,VWA,25,P2_VWA,VWA_25_Tub3,VWA_25
2026-04-14,Tue,Maddox,P2_VWA_25_Tub3_Lacerate 112,5,0,alive,,W9-10,0,5,,VWA,25,P2_VWA,VWA_25_Tub3,VWA_25
2026-04-14,Tue,Maddox,P1_VWA_25_Tub3_Lacerate 113,3,10,alive,,W9-10,3.333333333,3,,VWA,25,P1_VWA,VWA_25_Tub3,VWA_25
2026-04-14,Tue,Maddox,P1_VWA_25_Tub3_Lacerate 114,3,14,alive,,W9-10,4.666666667,3,,VWA,25,P1_VWA,VWA_25_Tub3,VWA_25
2026-04-14,Tue,Maddox,P1_VWA_25_Tub3_Lacerate 115,3,12,alive,,W9-10,4,3,,VWA,25,P1_VWA,VWA_25_Tub3,VWA_25
2026-04-14,Tue,Maddox,P3_VWA_25_Tub3_Lacerate 116,3,0,alive,,W9-10,0,3,,VWA,25,P3_VWA,VWA_25_Tub3,VWA_25
2026-04-14,Tue,Maddox,P3_VWA_25_Tub3_Lacerate 117,3,0,alive,,W9-10,0,3,,VWA,25,P3_VWA,VWA_25_Tub3,VWA_25
2026-04-14,Tue,Maddox,P3_VWA_25_Tub3_Lacerate 118,1,0,alive,,W9-10,0,1,,VWA,25,P3_VWA,VWA_25_Tub3,VWA_25
2026-04-14,Tue,Maddox,P3_VWA_25_Tub3_Lacerate 119,1,0,alive,,W9-10,0,1,,VWA,25,P3_VWA,VWA_25_Tub3,VWA_25
2026-04-14,Tue,Maddox,P2_VWA_25_Tub3_Lacerate 120,1,0,alive,,W9-10,0,1,,VWA,25,P2_VWA,VWA_25_Tub3,VWA_25
2026-04-14,Tue,Maddox,PX_VWA_25_Tub3_Lacerate 121,1,6,alive,,W9-10,6,1,,VWA,25,PX_VWA,VWA_25_Tub3,VWA_25
2026-04-14,Tue,Maddox,PX_VWA_25_Tub3_Lacerate 122,1,11,alive,,W9-10,11,1,,VWA,25,PX_VWA,VWA_25_Tub3,VWA_25
2026-04-14,Tue,Maddox,PX_VWA_25_Tub3_Lacerate 123,1,10,alive,,W9-10,10,1,,VWA,25,PX_VWA,VWA_25_Tub3,VWA_25
2026-04-14,Tue,Maddox,P1_VWA_25_Tub3_Lacerate 124,1,9,alive,,W9-10,9,1,,VWA,25,P1_VWA,VWA_25_Tub3,VWA_25
2026-04-14,Tue,Maddox,P1_VWA_25_Tub3_Lacerate 125,0,4,alive,,W9-10,#N/A,0,,VWA,25,P1_VWA,VWA_25_Tub3,VWA_25
2026-04-14,Tue,Maddox,P1_VWA_25_Tub3_Lacerate 126,0,0,alive,,W9-10,#N/A,0,,VWA,25,P1_VWA,VWA_25_Tub3,VWA_25
2026-04-14,Tue,Maddox,P1_VWA_25_Tub3_Lacerate 127,0,0,alive,,W9-10,#N/A,0,,VWA,25,P1_VWA,VWA_25_Tub3,VWA_25
2026-04-14,Tue,Maddox,P1_VWA_25_Tub3_Lacerate 128,0,0,alive,,W9-10,#N/A,0,,VWA,25,P1_VWA,VWA_25_Tub3,VWA_25
2026-04-14,Tue,Maddox,P3_H2_32_Tub1_Lacerate 102,7,0,alive,,W9-10,0,7,,H2,32,P3_H2,H2_32_Tub1,H2_32
2026-04-14,Tue,Maddox,P2_H2_32_Tub1_Lacerate 103,7,0,alive,,W9-10,0,7,,H2,32,P2_H2,H2_32_Tub1,H2_32
2026-04-14,Tue,Maddox,P2_H2_32_Tub1_Lacerate 104,4,,missing,,W9-10,0,4,,H2,32,P2_H2,H2_32_Tub1,H2_32
2026-04-14,Tue,Maddox,P3_H2_32_Tub1_Lacerate 105,3,,missing,,W9-10,0,3,,H2,32,P3_H2,H2_32_Tub1,H2_32
2026-04-14,Tue,Maddox,P3_H2_32_Tub1_Lacerate 106,1,8,alive,,W9-10,8,1,,H2,32,P3_H2,H2_32_Tub1,H2_32
2026-04-14,Tue,Maddox,P3_H2_32_Tub1_Lacerate 107,1,0,alive,,W9-10,0,1,,H2,32,P3_H2,H2_32_Tub1,H2_32
2026-04-14,Tue,Maddox,P3_H2_32_Tub1_Lacerate 108,1,0,alive,,W9-10,0,1,,H2,32,P3_H2,H2_32_Tub1,H2_32
2026-04-14,Tue,Maddox,P2_H2_32_Tub1_Lacerate 109,1,0,alive,,W9-10,0,1,,H2,32,P2_H2,H2_32_Tub1,H2_32
2026-04-14,Tue,Maddox,PX_H2_32_Tub1_Lacerate 110,1,10,alive,,W9-10,10,1,,H2,32,PX_H2,H2_32_Tub1,H2_32
2026-04-14,Tue,Maddox,PX_H2_32_Tub1_Lacerate 111,1,8,alive,,W9-10,8,1,,H2,32,PX_H2,H2_32_Tub1,H2_32
2026-04-14,Tue,Maddox,PX_H2_32_Tub1_Lacerate 112,0,0,alive,,W9-10,#N/A,0,,H2,32,PX_H2,H2_32_Tub1,H2_32
2026-04-14,Tue,Maddox,PX_H2_32_Tub1_Lacerate 113,0,4,alive,,W9-10,#N/A,0,,H2,32,PX_H2,H2_32_Tub1,H2_32
2026-04-14,Tue,Maddox,P1_H2_32_Tub2_Lacerate 125,7,,missing,,W9-10,0,7,,H2,32,P1_H2,H2_32_Tub2,H2_32
2026-04-14,Tue,Maddox,P1_H2_32_Tub2_Lacerate 126,7,0,alive,,W9-10,0,7,,H2,32,P1_H2,H2_32_Tub2,H2_32
2026-04-14,Tue,Maddox,P1_H2_32_Tub2_Lacerate 127,7,,missing,,W9-10,0,7,,H2,32,P1_H2,H2_32_Tub2,H2_32
2026-04-14,Tue,Maddox,P1_H2_32_Tub2_Lacerate 128,7,0,alive,,W9-10,0,7,,H2,32,P1_H2,H2_32_Tub2,H2_32
2026-04-14,Tue,Maddox,P1_H2_32_Tub2_Lacerate 129,7,10,alive,,W9-10,1.428571429,7,,H2,32,P1_H2,H2_32_Tub2,H2_32
2026-04-14,Tue,Maddox,P1_H2_32_Tub2_Lacerate 130,7,0,alive,,W9-10,0,7,,H2,32,P1_H2,H2_32_Tub2,H2_32
2026-04-14,Tue,Maddox,P1_H2_32_Tub2_Lacerate 131,7,,missing,,W9-10,0,7,,H2,32,P1_H2,H2_32_Tub2,H2_32
2026-04-14,Tue,Maddox,P3_H2_32_Tub2_Lacerate 132,7,,missing,,W9-10,0,7,,H2,32,P3_H2,H2_32_Tub2,H2_32
2026-04-14,Tue,Maddox,P2_H2_32_Tub2_Lacerate 133,7,9,alive,,W9-10,1.285714286,7,,H2,32,P2_H2,H2_32_Tub2,H2_32
2026-04-14,Tue,Maddox,P1_H2_32_Tub2_Lacerate 134,4,6,alive,,W9-10,1.5,4,,H2,32,P1_H2,H2_32_Tub2,H2_32
2026-04-14,Tue,Maddox,P1_H2_32_Tub2_Lacerate 135,4,5,alive,,W9-10,1.25,4,,H2,32,P1_H2,H2_32_Tub2,H2_32
2026-04-14,Tue,Maddox,P2_H2_32_Tub2_Lacerate 136,3,0,alive,,W9-10,0,3,,H2,32,P2_H2,H2_32_Tub2,H2_32
2026-04-14,Tue,Maddox,PX_H2_32_Tub2_Lacerate 137,3,8,alive,,W9-10,2.666666667,3,,H2,32,PX_H2,H2_32_Tub2,H2_32
2026-04-14,Tue,Maddox,PX_H2_32_Tub2_Lacerate 138,3,12,alive,,W9-10,4,3,,H2,32,PX_H2,H2_32_Tub2,H2_32
2026-04-14,Tue,Maddox,PX_H2_32_Tub2_Lacerate 139,3,8,alive,,W9-10,2.666666667,3,,H2,32,PX_H2,H2_32_Tub2,H2_32
2026-04-14,Tue,Maddox,P1_H2_32_Tub2_Lacerate 140,3,3,alive,,W9-10,1,3,,H2,32,P1_H2,H2_32_Tub2,H2_32
2026-04-14,Tue,Maddox,PX_H2_32_Tub2_Lacerate 141,1,10,alive,,W9-10,10,1,,H2,32,PX_H2,H2_32_Tub2,H2_32
2026-04-14,Tue,Maddox,PX_H2_32_Tub2_Lacerate 142,1,6,alive,,W9-10,6,1,,H2,32,PX_H2,H2_32_Tub2,H2_32
2026-04-14,Tue,Maddox,P2_H2_32_Tub2_Lacerate 143,1,10,alive,,W9-10,10,1,,H2,32,P2_H2,H2_32_Tub2,H2_32
2026-04-14,Tue,Maddox,P2_H2_32_Tub2_Lacerate 144,1,9,alive,,W9-10,9,1,,H2,32,P2_H2,H2_32_Tub2,H2_32
2026-04-14,Tue,Maddox,PX_H2_32_Tub2_Lacerate 145,1,13,alive,,W9-10,13,1,,H2,32,PX_H2,H2_32_Tub2,H2_32
2026-04-14,Tue,Maddox,PX_H2_32_Tub2_Lacerate 146,1,8,alive,,W9-10,8,1,,H2,32,PX_H2,H2_32_Tub2,H2_32
2026-04-14,Tue,Maddox,PX_H2_32_Tub2_Lacerate 147,1,8,alive,,W9-10,8,1,,H2,32,PX_H2,H2_32_Tub2,H2_32
2026-04-14,Tue,Maddox,PX_H2_32_Tub2_Lacerate 148,1,12,alive,,W9-10,12,1,,H2,32,PX_H2,H2_32_Tub2,H2_32
2026-04-14,Tue,Maddox,PX_H2_32_Tub2_Lacerate 149,1,8,alive,,W9-10,8,1,,H2,32,PX_H2,H2_32_Tub2,H2_32
2026-04-14,Tue,Maddox,PX_H2_32_Tub2_Lacerate 150,1,10,alive,,W9-10,10,1,,H2,32,PX_H2,H2_32_Tub2,H2_32
2026-04-14,Tue,Maddox,PX_H2_32_Tub2_Lacerate 151,1,9,alive,,W9-10,9,1,,H2,32,PX_H2,H2_32_Tub2,H2_32
2026-04-14,Tue,Maddox,PX_H2_32_Tub2_Lacerate 152,1,6,alive,,W9-10,6,1,,H2,32,PX_H2,H2_32_Tub2,H2_32
2026-04-14,Tue,Maddox,P3_H2_32_Tub2_Lacerate 153,0,8,alive,,W9-10,#N/A,0,,H2,32,P3_H2,H2_32_Tub2,H2_32
2026-04-14,Tue,Maddox,P2_H2_32_Tub2_Lacerate 154,0,0,alive,,W9-10,#N/A,0,,H2,32,P2_H2,H2_32_Tub2,H2_32
2026-04-14,Tue,Maddox,P2_H2_32_Tub2_Lacerate 155,0,0,alive,,W9-10,#N/A,0,,H2,32,P2_H2,H2_32_Tub2,H2_32
2026-04-14,Tue,Maddox,PX_H2_32_Tub2_Lacerate 156,0,6,alive,,W9-10,#N/A,0,,H2,32,PX_H2,H2_32_Tub2,H2_32
2026-04-14,Tue,Maddox,P1_H2_32_Tub3_Lacerate 115,7,9,alive,,W9-10,1.285714286,7,,H2,32,P1_H2,H2_32_Tub3,H2_32
2026-04-14,Tue,Maddox,P2_H2_32_Tub3_Lacerate 116,7,8,alive,,W9-10,1.142857143,7,,H2,32,P2_H2,H2_32_Tub3,H2_32
2026-04-14,Tue,Maddox,P2_H2_32_Tub3_Lacerate 117,7,10,alive,,W9-10,1.428571429,7,,H2,32,P2_H2,H2_32_Tub3,H2_32
2026-04-14,Tue,Maddox,P2_H2_32_Tub3_Lacerate 118,7,0,alive,,W9-10,0,7,,H2,32,P2_H2,H2_32_Tub3,H2_32
2026-04-14,Tue,Maddox,P2_H2_32_Tub3_Lacerate 119,7,5,alive,,W9-10,0.7142857143,7,,H2,32,P2_H2,H2_32_Tub3,H2_32
2026-04-14,Tue,Maddox,P3_H2_32_Tub3_Lacerate 120,7,8,alive,,W9-10,1.142857143,7,,H2,32,P3_H2,H2_32_Tub3,H2_32
2026-04-14,Tue,Maddox,P3_H2_32_Tub3_Lacerate 121,7,8,alive,,W9-10,1.142857143,7,,H2,32,P3_H2,H2_32_Tub3,H2_32
2026-04-14,Tue,Maddox,P3_H2_32_Tub3_Lacerate 122,7,10,alive,,W9-10,1.428571429,7,,H2,32,P3_H2,H2_32_Tub3,H2_32
2026-04-14,Tue,Maddox,P3_H2_32_Tub3_Lacerate 123,7,9,alive,,W9-10,1.285714286,7,,H2,32,P3_H2,H2_32_Tub3,H2_32
2026-04-14,Tue,Maddox,P3_H2_32_Tub3_Lacerate 124,7,7,alive,,W9-10,1,7,,H2,32,P3_H2,H2_32_Tub3,H2_32
2026-04-14,Tue,Maddox,P2_H2_32_Tub3_Lacerate 125,5,,missing,,W9-10,0,5,,H2,32,P2_H2,H2_32_Tub3,H2_32
2026-04-14,Tue,Maddox,P3_H2_32_Tub3_Lacerate 126,5,8,alive,,W9-10,1.6,5,,H2,32,P3_H2,H2_32_Tub3,H2_32
2026-04-14,Tue,Maddox,P1_H2_32_Tub3_Lacerate 127,5,6,alive,,W9-10,1.2,5,,H2,32,P1_H2,H2_32_Tub3,H2_32
2026-04-14,Tue,Maddox,PX_H2_32_Tub3_Lacerate 128,3,9,alive,,W9-10,3,3,,H2,32,PX_H2,H2_32_Tub3,H2_32
2026-04-14,Tue,Maddox,PX_H2_32_Tub3_Lacerate 129,3,7,alive,,W9-10,2.333333333,3,,H2,32,PX_H2,H2_32_Tub3,H2_32
2026-04-14,Tue,Maddox,PX_H2_32_Tub3_Lacerate 130,3,7,alive,,W9-10,2.333333333,3,,H2,32,PX_H2,H2_32_Tub3,H2_32
2026-04-14,Tue,Maddox,PX_H2_32_Tub3_Lacerate 131,1,0,alive,,W9-10,0,1,,H2,32,PX_H2,H2_32_Tub3,H2_32
2026-04-14,Tue,Maddox,PX_H2_32_Tub3_Lacerate 132,1,8,alive,,W9-10,8,1,,H2,32,PX_H2,H2_32_Tub3,H2_32
2026-04-14,Tue,Maddox,PX_H2_32_Tub3_Lacerate 133,1,5,alive,,W9-10,5,1,,H2,32,PX_H2,H2_32_Tub3,H2_32
2026-04-14,Tue,Maddox,PX_H2_32_Tub3_Lacerate 134,1,10,alive,,W9-10,10,1,,H2,32,PX_H2,H2_32_Tub3,H2_32
2026-04-14,Tue,Maddox,PX_H2_32_Tub3_Lacerate 135,1,,alive,,W9-10,0,1,,H2,32,PX_H2,H2_32_Tub3,H2_32
2026-04-14,Tue,Maddox,P1_H2_32_Tub3_Lacerate 136,0,6,alive,,W9-10,#N/A,0,,H2,32,P1_H2,H2_32_Tub3,H2_32
2026-04-14,Tue,Maddox,P1_H2_32_Tub3_Lacerate 137,0,11,alive,,W9-10,#N/A,0,,H2,32,P1_H2,H2_32_Tub3,H2_32
2026-04-14,Tue,Maddox,P2_VWA_32_Tub1_Lacerate 103,7,,missing,,W9-10,0,7,,VWA,32,P2_VWA,VWA_32_Tub1,VWA_32
2026-04-14,Tue,Maddox,PX_VWA_32_Tub1_Lacerate 104,7,13,alive,,W9-10,1.857142857,7,,VWA,32,PX_VWA,VWA_32_Tub1,VWA_32
2026-04-14,Tue,Maddox,PX_VWA_32_Tub1_Lacerate 105,7,9,alive,,W9-10,1.285714286,7,,VWA,32,PX_VWA,VWA_32_Tub1,VWA_32
2026-04-14,Tue,Maddox,P1_VWA_32_Tub1_Lacerate 106,7,,missing,,W9-10,0,7,,VWA,32,P1_VWA,VWA_32_Tub1,VWA_32
2026-04-14,Tue,Maddox,P1_VWA_32_Tub1_Lacerate 107,7,7,alive,,W9-10,1,7,,VWA,32,P1_VWA,VWA_32_Tub1,VWA_32
2026-04-14,Tue,Maddox,P1_VWA_32_Tub1_Lacerate 108,7,,missing,,W9-10,0,7,,VWA,32,P1_VWA,VWA_32_Tub1,VWA_32
2026-04-14,Tue,Maddox,P1_VWA_32_Tub1_Lacerate 109,7,,missing,,W9-10,0,7,,VWA,32,P1_VWA,VWA_32_Tub1,VWA_32
2026-04-14,Tue,Maddox,PX_VWA_32_Tub1_Lacerate 110,7,8,alive,,W9-10,1.142857143,7,,VWA,32,PX_VWA,VWA_32_Tub1,VWA_32
2026-04-14,Tue,Maddox,PX_VWA_32_Tub1_Lacerate 111,7,10,alive,,W9-10,1.428571429,7,,VWA,32,PX_VWA,VWA_32_Tub1,VWA_32
2026-04-14,Tue,Maddox,P2_VWA_32_Tub1_Lacerate 112,7,,missing,,W9-10,0,7,,VWA,32,P2_VWA,VWA_32_Tub1,VWA_32
2026-04-14,Tue,Maddox,P2_VWA_32_Tub1_Lacerate 113,7,,missing,,W9-10,0,7,,VWA,32,P2_VWA,VWA_32_Tub1,VWA_32
2026-04-14,Tue,Maddox,P3_VWA_32_Tub1_Lacerate 114,5,6,alive,,W9-10,1.2,5,,VWA,32,P3_VWA,VWA_32_Tub1,VWA_32
2026-04-14,Tue,Maddox,P3_VWA_32_Tub1_Lacerate 115,5,6,alive,,W9-10,1.2,5,,VWA,32,P3_VWA,VWA_32_Tub1,VWA_32
2026-04-14,Tue,Maddox,P3_VWA_32_Tub1_Lacerate 116,5,,missing,,W9-10,0,5,,VWA,32,P3_VWA,VWA_32_Tub1,VWA_32
2026-04-14,Tue,Maddox,P3_VWA_32_Tub1_Lacerate 117,5,,missing,,W9-10,0,5,,VWA,32,P3_VWA,VWA_32_Tub1,VWA_32
2026-04-14,Tue,Maddox,P3_VWA_32_Tub1_Lacerate 118,5,,missing,,W9-10,0,5,,VWA,32,P3_VWA,VWA_32_Tub1,VWA_32
2026-04-14,Tue,Maddox,P3_VWA_32_Tub1_Lacerate 119,5,,missing,,W9-10,0,5,,VWA,32,P3_VWA,VWA_32_Tub1,VWA_32
2026-04-14,Tue,Maddox,PX_VWA_32_Tub1_Lacerate 120,3,7,alive,,W9-10,2.333333333,3,,VWA,32,PX_VWA,VWA_32_Tub1,VWA_32
2026-04-14,Tue,Maddox,PX_VWA_32_Tub1_Lacerate 121,1,6,alive,,W9-10,6,1,,VWA,32,PX_VWA,VWA_32_Tub1,VWA_32
2026-04-14,Tue,Maddox,PX_VWA_32_Tub1_Lacerate 122,1,12,alive,,W9-10,12,1,,VWA,32,PX_VWA,VWA_32_Tub1,VWA_32
2026-04-14,Tue,Maddox,PX_VWA_32_Tub1_Lacerate 123,1,8,alive,,W9-10,8,1,,VWA,32,PX_VWA,VWA_32_Tub1,VWA_32
2026-04-14,Tue,Maddox,PX_VWA_32_Tub1_Lacerate 124,1,8,alive,,W9-10,8,1,,VWA,32,PX_VWA,VWA_32_Tub1,VWA_32
2026-04-14,Tue,Maddox,PX_VWA_32_Tub1_Lacerate 125,1,13,alive,,W9-10,13,1,,VWA,32,PX_VWA,VWA_32_Tub1,VWA_32
2026-04-14,Tue,Maddox,P2_VWA_32_Tub1_Lacerate 126,1,8,alive,,W9-10,8,1,,VWA,32,P2_VWA,VWA_32_Tub1,VWA_32
2026-04-14,Tue,Maddox,P2_VWA_32_Tub1_Lacerate 127,1,8,alive,,W9-10,8,1,,VWA,32,P2_VWA,VWA_32_Tub1,VWA_32
2026-04-14,Tue,Maddox,P2_VWA_32_Tub1_Lacerate 128,1,5,alive,,W9-10,5,1,,VWA,32,P2_VWA,VWA_32_Tub1,VWA_32
2026-04-14,Tue,Maddox,P2_VWA_32_Tub1_Lacerate 129,1,4,alive,,W9-10,4,1,,VWA,32,P2_VWA,VWA_32_Tub1,VWA_32
2026-04-14,Tue,Maddox,P2_VWA_32_Tub1_Lacerate 130,1,6,alive,,W9-10,6,1,,VWA,32,P2_VWA,VWA_32_Tub1,VWA_32
2026-04-14,Tue,Maddox,P2_VWA_32_Tub1_Lacerate 131,1,4,alive,,W9-10,4,1,,VWA,32,P2_VWA,VWA_32_Tub1,VWA_32
2026-04-14,Tue,Maddox,P2_VWA_32_Tub1_Lacerate 132,0,11,alive,,W9-10,#N/A,0,,VWA,32,P2_VWA,VWA_32_Tub1,VWA_32
2026-04-14,Tue,Maddox,P2_VWA_32_Tub1_Lacerate 131,1,6,alive,,W9-10,6,1,,VWA,32,P2_VWA,VWA_32_Tub1,VWA_32
2026-04-14,Tue,Maddox,PX_VWA_32_Tub2_Lacerate 70,7,,missing,,W9-10,0,7,,VWA,32,PX_VWA,VWA_32_Tub2,VWA_32
2026-04-14,Tue,Maddox,PX_VWA_32_Tub2_Lacerate 71,7,11,alive,,W9-10,1.571428571,7,,VWA,32,PX_VWA,VWA_32_Tub2,VWA_32
2026-04-14,Tue,Maddox,PX_VWA_32_Tub2_Lacerate 72,7,12,alive,,W9-10,1.714285714,7,,VWA,32,PX_VWA,VWA_32_Tub2,VWA_32
2026-04-14,Tue,Maddox,PX_VWA_32_Tub2_Lacerate 73,7,8,alive,,W9-10,1.142857143,7,,VWA,32,PX_VWA,VWA_32_Tub2,VWA_32
2026-04-14,Tue,Maddox,P1_VWA_32_Tub2_Lacerate 74,7,,alive,,W9-10,0,7,,VWA,32,P1_VWA,VWA_32_Tub2,VWA_32
2026-04-14,Tue,Maddox,P1_VWA_32_Tub2_Lacerate 75,7,,missing,,W9-10,0,7,,VWA,32,P1_VWA,VWA_32_Tub2,VWA_32
2026-04-14,Tue,Maddox,P1_VWA_32_Tub2_Lacerate 76,7,11,alive,,W9-10,1.571428571,7,,VWA,32,P1_VWA,VWA_32_Tub2,VWA_32
2026-04-14,Tue,Maddox,P1_VWA_32_Tub2_Lacerate 77,7,,missing,,W9-10,0,7,,VWA,32,P1_VWA,VWA_32_Tub2,VWA_32
2026-04-14,Tue,Maddox,P1_VWA_32_Tub2_Lacerate 78,7,,missing,,W9-10,0,7,,VWA,32,P1_VWA,VWA_32_Tub2,VWA_32
2026-04-14,Tue,Maddox,P1_VWA_32_Tub2_Lacerate 79,5,8,alive,,W9-10,1.6,5,,VWA,32,P1_VWA,VWA_32_Tub2,VWA_32
2026-04-14,Tue,Maddox,P3_VWA_32_Tub2_Lacerate 80,1,8,alive,,W9-10,8,1,,VWA,32,P3_VWA,VWA_32_Tub2,VWA_32
2026-04-14,Tue,Maddox,P3_VWA_32_Tub2_Lacerate 81,1,10,alive,,W9-10,10,1,,VWA,32,P3_VWA,VWA_32_Tub2,VWA_32
2026-04-14,Tue,Maddox,P3_VWA_32_Tub2_Lacerate 82,1,0,alive,,W9-10,0,1,,VWA,32,P3_VWA,VWA_32_Tub2,VWA_32
2026-04-14,Tue,Maddox,P1_VWA_32_Tub2_Lacerate 83,1,0,alive,,W9-10,0,1,,VWA,32,P1_VWA,VWA_32_Tub2,VWA_32
2026-04-14,Tue,Maddox,P2_VWA_32_Tub2_Lacerate 84,1,0,alive,,W9-10,0,1,,VWA,32,P2_VWA,VWA_32_Tub2,VWA_32
2026-04-14,Tue,Maddox,P3_VWA_32_Tub3_Lacerate 65,7,,missing,,W9-10,0,7,,VWA,32,P3_VWA,VWA_32_Tub3,VWA_32
2026-04-14,Tue,Maddox,P3_VWA_32_Tub3_Lacerate 66,7,,missing,,W9-10,0,7,,VWA,32,P3_VWA,VWA_32_Tub3,VWA_32
2026-04-14,Tue,Maddox,P3_VWA_32_Tub3_Lacerate 67,7,12,alive,,W9-10,1.714285714,7,,VWA,32,P3_VWA,VWA_32_Tub3,VWA_32
2026-04-14,Tue,Maddox,P1_VWA_32_Tub3_Lacerate 68,7,10,alive,,W9-10,1.428571429,7,,VWA,32,P1_VWA,VWA_32_Tub3,VWA_32
2026-04-14,Tue,Maddox,P1_VWA_32_Tub3_Lacerate 69,7,10,alive,,W9-10,1.428571429,7,,VWA,32,P1_VWA,VWA_32_Tub3,VWA_32
2026-04-14,Tue,Maddox,P3_VWA_32_Tub3_Lacerate 70,7,,missing,,W9-10,0,7,,VWA,32,P3_VWA,VWA_32_Tub3,VWA_32
2026-04-14,Tue,Maddox,P3_VWA_32_Tub3_Lacerate 71,7,8,alive,,W9-10,1.142857143,7,,VWA,32,P3_VWA,VWA_32_Tub3,VWA_32
2026-04-14,Tue,Maddox,P3_VWA_32_Tub3_Lacerate 72,5,8,alive,,W9-10,1.6,5,,VWA,32,P3_VWA,VWA_32_Tub3,VWA_32
2026-04-14,Tue,Maddox,P1_VWA_32_Tub3_Lacerate 73,4,4,alive,,W9-10,1,4,,VWA,32,P1_VWA,VWA_32_Tub3,VWA_32
2026-04-14,Tue,Maddox,P3_VWA_32_Tub3_Lacerate 74,4,6,alive,,W9-10,1.5,4,,VWA,32,P3_VWA,VWA_32_Tub3,VWA_32
2026-04-14,Tue,Maddox,PX_VWA_32_Tub3_Lacerate 75,1,0,alive,,W9-10,0,1,,VWA,32,PX_VWA,VWA_32_Tub3,VWA_32
2026-04-14,Tue,Maddox,PX_VWA_32_Tub3_Lacerate 76,1,3,alive,,W9-10,3,1,,VWA,32,PX_VWA,VWA_32_Tub3,VWA_32
2026-04-14,Tue,Maddox,PX_VWA_32_Tub3_Lacerate 77,0,0,alive,,W9-10,#N/A,0,,VWA,32,PX_VWA,VWA_32_Tub3,VWA_32
2026-04-14,Tue,Maddox,PX_VWA_32_Tub3_Lacerate 78,0,4,alive,,W9-10,#N/A,0,,VWA,32,PX_VWA,VWA_32_Tub3,VWA_32
2026-04-15,Wed,Grady,P2_H2_25_Tub1_Lacerate 157,8,12,alive,,W9-10,1.5,8,,H2,25,P2_H2,H2_25_Tub1,H2_25
2026-04-15,Wed,Grady,P2_H2_25_Tub1_Lacerate 158,8,15,alive,,W9-10,1.875,8,,H2,25,P2_H2,H2_25_Tub1,H2_25
2026-04-15,Wed,Grady,P3_H2_25_Tub1_Lacerate 159,8,10,alive,,W9-10,1.25,8,,H2,25,P3_H2,H2_25_Tub1,H2_25
2026-04-15,Wed,Grady,P1_H2_25_Tub1_Lacerate 160,8,10,alive,,W9-10,1.25,8,,H2,25,P1_H2,H2_25_Tub1,H2_25
2026-04-15,Wed,Grady,P1_H2_25_Tub1_Lacerate 161,8,11,alive,,W9-10,1.375,8,,H2,25,P1_H2,H2_25_Tub1,H2_25
2026-04-15,Wed,Grady,P2_H2_25_Tub1_Lacerate 162,8,7,alive,,W9-10,0.875,8,,H2,25,P2_H2,H2_25_Tub1,H2_25
2026-04-15,Wed,Grady,P2_H2_25_Tub1_Lacerate 163,6,16,alive,,W9-10,2.666666667,6,,H2,25,P2_H2,H2_25_Tub1,H2_25
2026-04-15,Wed,Grady,P3_H2_25_Tub1_Lacerate 164,6,12,alive,,W9-10,2,6,,H2,25,P3_H2,H2_25_Tub1,H2_25
2026-04-15,Wed,Grady,P2_H2_25_Tub1_Lacerate 165,5,10,alive,,W9-10,2,5,,H2,25,P2_H2,H2_25_Tub1,H2_25
2026-04-15,Wed,Grady,P2_H2_25_Tub1_Lacerate 166,4,6,alive,,W9-10,1.5,4,,H2,25,P2_H2,H2_25_Tub1,H2_25
2026-04-15,Wed,Grady,P2_H2_25_Tub1_Lacerate 167,4,9,alive,,W9-10,2.25,4,,H2,25,P2_H2,H2_25_Tub1,H2_25
2026-04-15,Wed,Grady,P2_H2_25_Tub1_Lacerate 168,4,14,alive,,W9-10,3.5,4,,H2,25,P2_H2,H2_25_Tub1,H2_25
2026-04-15,Wed,Grady,P3_H2_25_Tub1_Lacerate 169,4,11,alive,,W9-10,2.75,4,,H2,25,P3_H2,H2_25_Tub1,H2_25
2026-04-15,Wed,Grady,P3_H2_25_Tub1_Lacerate 170,4,8,alive,,W9-10,2,4,,H2,25,P3_H2,H2_25_Tub1,H2_25
2026-04-15,Wed,Grady,P1_H2_25_Tub1_Lacerate 171,4,9,alive,,W9-10,2.25,4,,H2,25,P1_H2,H2_25_Tub1,H2_25
2026-04-15,Wed,Grady,P1_H2_25_Tub1_Lacerate 172,4,11,alive,,W9-10,2.75,4,,H2,25,P1_H2,H2_25_Tub1,H2_25
2026-04-15,Wed,Grady,PX_H2_25_Tub1_Lacerate 173,2,9,alive,,W9-10,4.5,2,,H2,25,PX_H2,H2_25_Tub1,H2_25
2026-04-15,Wed,Grady,P2_H2_25_Tub1_Lacerate 174,2,7,alive,,W9-10,3.5,2,,H2,25,P2_H2,H2_25_Tub1,H2_25
2026-04-15,Wed,Grady,P2_H2_25_Tub1_Lacerate 175,2,5,alive,,W9-10,2.5,2,,H2,25,P2_H2,H2_25_Tub1,H2_25
2026-04-15,Wed,Grady,P2_H2_25_Tub1_Lacerate 176,2,11,alive,,W9-10,5.5,2,,H2,25,P2_H2,H2_25_Tub1,H2_25
2026-04-15,Wed,Grady,P2_H2_25_Tub1_Lacerate 177,2,10,alive,,W9-10,5,2,,H2,25,P2_H2,H2_25_Tub1,H2_25
2026-04-15,Wed,Grady,PX_H2_25_Tub1_Lacerate 178,2,8,alive,,W9-10,4,2,,H2,25,PX_H2,H2_25_Tub1,H2_25
2026-04-15,Wed,Grady,PX_H2_25_Tub1_Lacerate 179,2,8,alive,,W9-10,4,2,,H2,25,PX_H2,H2_25_Tub1,H2_25
2026-04-15,Wed,Grady,P2_H2_25_Tub1_Lacerate 180,1,9,alive,,W9-10,9,1,,H2,25,P2_H2,H2_25_Tub1,H2_25
2026-04-15,Wed,Grady,PX_H2_25_Tub1_Lacerate 181,1,9,alive,,W9-10,9,1,,H2,25,PX_H2,H2_25_Tub1,H2_25
2026-04-15,Wed,Grady,PX_H2_25_Tub1_Lacerate 182,1,6,alive,,W9-10,6,1,,H2,25,PX_H2,H2_25_Tub1,H2_25
2026-04-15,Wed,Grady,PX_H2_25_Tub1_Lacerate 183,1,10,alive,,W9-10,10,1,,H2,25,PX_H2,H2_25_Tub1,H2_25
2026-04-15,Wed,Grady,P3_H2_25_Tub1_Lacerate 184,0,7,alive,,W9-10,#N/A,0,,H2,25,P3_H2,H2_25_Tub1,H2_25
2026-04-15,Wed,Grady,P2_H2_25_Tub1_Lacerate 185,0,12,alive,,W9-10,#N/A,0,,H2,25,P2_H2,H2_25_Tub1,H2_25
2026-04-15,Wed,Grady,P3_H2_25_Tub2_Lacerate 106,8,9,alive,,W9-10,1.125,8,,H2,25,P3_H2,H2_25_Tub2,H2_25
2026-04-15,Wed,Grady,P3_H2_25_Tub2_Lacerate 107,8,11,alive,,W9-10,1.375,8,,H2,25,P3_H2,H2_25_Tub2,H2_25
2026-04-15,Wed,Grady,P3_H2_25_Tub2_Lacerate 108,8,14,alive,,W9-10,1.75,8,,H2,25,P3_H2,H2_25_Tub2,H2_25
2026-04-15,Wed,Grady,P3_H2_25_Tub2_Lacerate 109,8,12,alive,,W9-10,1.5,8,,H2,25,P3_H2,H2_25_Tub2,H2_25
2026-04-15,Wed,Grady,P3_H2_25_Tub2_Lacerate 110,8,15,alive,,W9-10,1.875,8,,H2,25,P3_H2,H2_25_Tub2,H2_25
2026-04-15,Wed,Grady,P3_H2_25_Tub2_Lacerate 111,8,11,alive,,W9-10,1.375,8,,H2,25,P3_H2,H2_25_Tub2,H2_25
2026-04-15,Wed,Grady,P3_H2_25_Tub2_Lacerate 112,8,8,alive,,W9-10,1,8,,H2,25,P3_H2,H2_25_Tub2,H2_25
2026-04-15,Wed,Grady,P3_H2_25_Tub2_Lacerate 113,8,21,alive,,W9-10,2.625,8,,H2,25,P3_H2,H2_25_Tub2,H2_25
2026-04-15,Wed,Grady,P2_H2_25_Tub2_Lacerate 114,8,14,alive,,W9-10,1.75,8,,H2,25,P2_H2,H2_25_Tub2,H2_25
2026-04-15,Wed,Grady,P2_H2_25_Tub2_Lacerate 115,8,,missing,,W9-10,0,8,,H2,25,P2_H2,H2_25_Tub2,H2_25
2026-04-15,Wed,Grady,P2_H2_25_Tub2_Lacerate 116,8,10,alive,,W9-10,1.25,8,,H2,25,P2_H2,H2_25_Tub2,H2_25
2026-04-15,Wed,Grady,P3_H2_25_Tub2_Lacerate 117,6,12,alive,,W9-10,2,6,,H2,25,P3_H2,H2_25_Tub2,H2_25
2026-04-15,Wed,Grady,P1_H2_25_Tub2_Lacerate 118,6,10,alive,,W9-10,1.666666667,6,,H2,25,P1_H2,H2_25_Tub2,H2_25
2026-04-15,Wed,Grady,P2_H2_25_Tub2_Lacerate 119,5,10,alive,,W9-10,2,5,,H2,25,P2_H2,H2_25_Tub2,H2_25
2026-04-15,Wed,Grady,P1_H2_25_Tub2_Lacerate 120,4,,missing,,W9-10,0,4,,H2,25,P1_H2,H2_25_Tub2,H2_25
2026-04-15,Wed,Grady,P1_H2_25_Tub2_Lacerate 121,4,,missing,,W9-10,0,4,,H2,25,P1_H2,H2_25_Tub2,H2_25
2026-04-15,Wed,Grady,P1_H2_25_Tub2_Lacerate 122,4,,missing,,W9-10,0,4,,H2,25,P1_H2,H2_25_Tub2,H2_25
2026-04-15,Wed,Grady,PX_H2_25_Tub2_Lacerate 123,2,10,alive,,W9-10,5,2,,H2,25,PX_H2,H2_25_Tub2,H2_25
2026-04-15,Wed,Grady,PX_H2_25_Tub2_Lacerate 124,2,12,alive,,W9-10,6,2,,H2,25,PX_H2,H2_25_Tub2,H2_25
2026-04-15,Wed,Grady,PX_H2_25_Tub2_Lacerate 125,2,15,alive,,W9-10,7.5,2,,H2,25,PX_H2,H2_25_Tub2,H2_25
2026-04-15,Wed,Grady,PX_H2_25_Tub2_Lacerate 126,2,,missing,,W9-10,0,2,,H2,25,PX_H2,H2_25_Tub2,H2_25
2026-04-15,Wed,Grady,P1_H2_25_Tub2_Lacerate 127,2,,missing,,W9-10,0,2,,H2,25,P1_H2,H2_25_Tub2,H2_25
2026-04-15,Wed,Grady,PX_H2_25_Tub2_Lacerate 128,1,10,alive,,W9-10,10,1,,H2,25,PX_H2,H2_25_Tub2,H2_25
2026-04-15,Wed,Grady,P3_H2_25_Tub2_Lacerate 129,1,17,alive,,W9-10,17,1,,H2,25,P3_H2,H2_25_Tub2,H2_25
2026-04-15,Wed,Grady,P3_H2_25_Tub2_Lacerate 130,1,12,alive,,W9-10,12,1,,H2,25,P3_H2,H2_25_Tub2,H2_25
2026-04-15,Wed,Grady,P1_H2_25_Tub2_Lacerate 131,1,0,alive,,W9-10,0,1,,H2,25,P1_H2,H2_25_Tub2,H2_25
2026-04-15,Wed,Grady,P2_H2_25_Tub2_Lacerate 132,1,11,alive,,W9-10,11,1,,H2,25,P2_H2,H2_25_Tub2,H2_25
2026-04-15,Wed,Grady,P1_H2_25_Tub2_Lacerate 133,1,13,alive,,W9-10,13,1,,H2,25,P1_H2,H2_25_Tub2,H2_25
2026-04-15,Wed,Grady,P2_H2_25_Tub2_Lacerate 134,1,4,alive,,W9-10,4,1,,H2,25,P2_H2,H2_25_Tub2,H2_25
2026-04-15,Wed,Grady,P1_H2_25_Tub2_Lacerate 135,0,8,alive,,W9-10,#N/A,0,,H2,25,P1_H2,H2_25_Tub2,H2_25
2026-04-15,Wed,Grady,PX_H2_25_Tub2_Lacerate 136,0,12,alive,,W9-10,#N/A,0,,H2,25,PX_H2,H2_25_Tub2,H2_25
2026-04-15,Wed,Grady,P3_H2_25_Tub3_Lacerate 111,8,,missing,,W9-10,0,8,,H2,25,P3_H2,H2_25_Tub3,H2_25
2026-04-15,Wed,Grady,P3_H2_25_Tub3_Lacerate 112,8,,missing,,W9-10,0,8,,H2,25,P3_H2,H2_25_Tub3,H2_25
2026-04-15,Wed,Grady,PX_H2_25_Tub3_Lacerate 113,8,,missing,,W9-10,0,8,,H2,25,PX_H2,H2_25_Tub3,H2_25
2026-04-15,Wed,Grady,P2_H2_25_Tub3_Lacerate 114,8,,missing,,W9-10,0,8,,H2,25,P2_H2,H2_25_Tub3,H2_25
2026-04-15,Wed,Grady,P1_H2_25_Tub3_Lacerate 115,8,,missing,,W9-10,0,8,,H2,25,P1_H2,H2_25_Tub3,H2_25
2026-04-15,Wed,Grady,P1_H2_25_Tub3_Lacerate 116,6,0,alive,,W9-10,0,6,,H2,25,P1_H2,H2_25_Tub3,H2_25
2026-04-15,Wed,Grady,PX_H2_25_Tub3_Lacerate 117,6,13,alive,,W9-10,2.166666667,6,,H2,25,PX_H2,H2_25_Tub3,H2_25
2026-04-15,Wed,Grady,P2_H2_25_Tub2_Lacerate 119,5,,missing,,W9-10,0,5,,H2,25,P2_H2,H2_25_Tub2,H2_25
2026-04-15,Wed,Grady,PX_H2_25_Tub3_Lacerate 118,5,10,alive,,W9-10,2,5,,H2,25,PX_H2,H2_25_Tub3,H2_25
2026-04-15,Wed,Grady,P3_H2_25_Tub3_Lacerate 119,5,,missing,,W9-10,0,5,,H2,25,P3_H2,H2_25_Tub3,H2_25
2026-04-15,Wed,Grady,P3_H2_25_Tub3_Lacerate 120,5,0,alive,,W9-10,0,5,,H2,25,P3_H2,H2_25_Tub3,H2_25
2026-04-15,Wed,Grady,P3_H2_25_Tub3_Lacerate 121,5,,missing,,W9-10,0,5,,H2,25,P3_H2,H2_25_Tub3,H2_25
2026-04-15,Wed,Grady,P3_H2_25_Tub3_Lacerate 122,5,,missing,,W9-10,0,5,,H2,25,P3_H2,H2_25_Tub3,H2_25
2026-04-15,Wed,Grady,P3_H2_25_Tub3_Lacerate 123,5,,missing,,W9-10,0,5,,H2,25,P3_H2,H2_25_Tub3,H2_25
2026-04-15,Wed,Grady,P3_H2_25_Tub3_Lacerate 124,5,,missing,,W9-10,0,5,,H2,25,P3_H2,H2_25_Tub3,H2_25
2026-04-15,Wed,Grady,P2_H2_25_Tub3_Lacerate 125,4,9,alive,,W9-10,2.25,4,,H2,25,P2_H2,H2_25_Tub3,H2_25
2026-04-15,Wed,Grady,P1_H2_25_Tub3_Lacerate 126,4,,missing,,W9-10,0,4,,H2,25,P1_H2,H2_25_Tub3,H2_25
2026-04-15,Wed,Grady,P1_H2_25_Tub3_Lacerate 127,4,8,alive,,W9-10,2,4,,H2,25,P1_H2,H2_25_Tub3,H2_25
2026-04-15,Wed,Grady,P1_H2_25_Tub3_Lacerate 128,4,9,alive,,W9-10,2.25,4,,H2,25,P1_H2,H2_25_Tub3,H2_25
2026-04-15,Wed,Grady,P1_H2_25_Tub3_Lacerate 129,4,0,alive,,W9-10,0,4,,H2,25,P1_H2,H2_25_Tub3,H2_25
2026-04-15,Wed,Grady,P1_H2_25_Tub3_Lacerate 130,3,10,alive,,W9-10,3.333333333,3,,H2,25,P1_H2,H2_25_Tub3,H2_25
2026-04-15,Wed,Grady,P2_H2_25_Tub3_Lacerate 131,2,13,alive,,W9-10,6.5,2,,H2,25,P2_H2,H2_25_Tub3,H2_25
2026-04-15,Wed,Grady,P2_H2_25_Tub3_Lacerate 132,2,8,alive,,W9-10,4,2,,H2,25,P2_H2,H2_25_Tub3,H2_25
2026-04-15,Wed,Grady,P2_H2_25_Tub3_Lacerate 133,2,9,alive,,W9-10,4.5,2,,H2,25,P2_H2,H2_25_Tub3,H2_25
2026-04-15,Wed,Grady,P1_H2_25_Tub3_Lacerate 134,2,0,alive,,W9-10,0,2,,H2,25,P1_H2,H2_25_Tub3,H2_25
2026-04-15,Wed,Grady,P1_H2_25_Tub3_Lacerate 135,2,0,alive,,W9-10,0,2,,H2,25,P1_H2,H2_25_Tub3,H2_25
2026-04-15,Wed,Grady,P1_H2_25_Tub3_Lacerate 136,2,11,alive,,W9-10,5.5,2,,H2,25,P1_H2,H2_25_Tub3,H2_25
2026-04-15,Wed,Grady,P1_H2_25_Tub3_Lacerate 137,2,0,alive,,W9-10,0,2,,H2,25,P1_H2,H2_25_Tub3,H2_25
2026-04-15,Wed,Grady,P1_H2_25_Tub3_Lacerate 138,2,0,alive,,W9-10,0,2,,H2,25,P1_H2,H2_25_Tub3,H2_25
2026-04-15,Wed,Grady,P1_H2_25_Tub3_Lacerate 139,2,9,alive,moved to wall?,W9-10,4.5,2,,H2,25,P1_H2,H2_25_Tub3,H2_25
2026-04-15,Wed,Grady,P1_H2_25_Tub3_Lacerate 140,2,10,alive,,W9-10,5,2,,H2,25,P1_H2,H2_25_Tub3,H2_25
2026-04-15,Wed,Grady,P1_H2_25_Tub3_Lacerate 141,2,5,alive,moved to wall?,W9-10,2.5,2,,H2,25,P1_H2,H2_25_Tub3,H2_25
2026-04-15,Wed,Grady,P2_H2_25_Tub3_Lacerate 142,2,0,alive,,W9-10,0,2,,H2,25,P2_H2,H2_25_Tub3,H2_25
2026-04-15,Wed,Grady,P2_H2_25_Tub3_Lacerate 143,2,6,alive,,W9-10,3,2,,H2,25,P2_H2,H2_25_Tub3,H2_25
2026-04-15,Wed,Grady,PX_H2_25_Tub3_Lacerate 144,2,16,alive,,W9-10,8,2,,H2,25,PX_H2,H2_25_Tub3,H2_25
2026-04-15,Wed,Grady,PX_H2_25_Tub3_Lacerate 145,2,0,alive,,W9-10,0,2,,H2,25,PX_H2,H2_25_Tub3,H2_25
2026-04-15,Wed,Grady,PX_H2_25_Tub3_Lacerate 146,2,10,alive,,W9-10,5,2,,H2,25,PX_H2,H2_25_Tub3,H2_25
2026-04-15,Wed,Grady,PX_H2_25_Tub3_Lacerate 147,1,10,alive,,W9-10,10,1,,H2,25,PX_H2,H2_25_Tub3,H2_25
2026-04-15,Wed,Grady,PX_H2_25_Tub3_Lacerate 148,1,11,alive,,W9-10,11,1,,H2,25,PX_H2,H2_25_Tub3,H2_25
2026-04-15,Wed,Grady,PX_H2_25_Tub3_Lacerate 149,0,7,alive,,W9-10,#N/A,0,,H2,25,PX_H2,H2_25_Tub3,H2_25
2026-04-15,Wed,Grady,P3_VWA_25_Tub1_Lacerate 138,8,10,alive,,W9-10,1.25,8,,VWA,25,P3_VWA,VWA_25_Tub1,VWA_25
2026-04-15,Wed,Grady,P3_VWA_25_Tub1_Lacerate 139,8,14,alive,,W9-10,1.75,8,,VWA,25,P3_VWA,VWA_25_Tub1,VWA_25
2026-04-15,Wed,Grady,P1_VWA_25_Tub1_Lacerate 140,8,,missing,,W9-10,0,8,,VWA,25,P1_VWA,VWA_25_Tub1,VWA_25
2026-04-15,Wed,Grady,PX_VWA_25_Tub1_Lacerate 141,8,14,alive,,W9-10,1.75,8,,VWA,25,PX_VWA,VWA_25_Tub1,VWA_25
2026-04-15,Wed,Grady,P3_VWA_25_Tub1_Lacerate 142,8,0,alive,,W9-10,0,8,,VWA,25,P3_VWA,VWA_25_Tub1,VWA_25
2026-04-15,Wed,Grady,PX_VWA_25_Tub1_Lacerate 143,8,14,alive,,W9-10,1.75,8,,VWA,25,PX_VWA,VWA_25_Tub1,VWA_25
2026-04-15,Wed,Grady,P2_VWA_25_Tub1_Lacerate 144,8,8,alive,,W9-10,1,8,,VWA,25,P2_VWA,VWA_25_Tub1,VWA_25
2026-04-15,Wed,Grady,P2_VWA_25_Tub1_Lacerate 145,8,11,alive,,W9-10,1.375,8,,VWA,25,P2_VWA,VWA_25_Tub1,VWA_25
2026-04-15,Wed,Grady,P2_VWA_25_Tub1_Lacerate 146,8,10,alive,,W9-10,1.25,8,,VWA,25,P2_VWA,VWA_25_Tub1,VWA_25
2026-04-15,Wed,Grady,P2_VWA_25_Tub1_Lacerate 147,6,14,alive,,W9-10,2.333333333,6,,VWA,25,P2_VWA,VWA_25_Tub1,VWA_25
2026-04-15,Wed,Grady,P3_VWA_25_Tub1_Lacerate 148,5,14,alive,,W9-10,2.8,5,,VWA,25,P3_VWA,VWA_25_Tub1,VWA_25
2026-04-15,Wed,Grady,P3_VWA_25_Tub1_Lacerate 149,5,8,alive,,W9-10,1.6,5,,VWA,25,P3_VWA,VWA_25_Tub1,VWA_25
2026-04-15,Wed,Grady,PX_VWA_25_Tub1_Lacerate 150,2,11,alive,,W9-10,5.5,2,,VWA,25,PX_VWA,VWA_25_Tub1,VWA_25
2026-04-15,Wed,Grady,PX_VWA_25_Tub1_Lacerate 151,2,11,alive,,W9-10,5.5,2,,VWA,25,PX_VWA,VWA_25_Tub1,VWA_25
2026-04-15,Wed,Grady,P2_VWA_25_Tub1_Lacerate 152,2,15,alive,,W9-10,7.5,2,,VWA,25,P2_VWA,VWA_25_Tub1,VWA_25
2026-04-15,Wed,Grady,PX_VWA_25_Tub1_Lacerate 153,2,8,alive,,W9-10,4,2,,VWA,25,PX_VWA,VWA_25_Tub1,VWA_25
2026-04-15,Wed,Grady,P3_VWA_25_Tub1_Lacerate 154,2,12,alive,,W9-10,6,2,,VWA,25,P3_VWA,VWA_25_Tub1,VWA_25
2026-04-15,Wed,Grady,P3_VWA_25_Tub1_Lacerate 155,1,10,alive,,W9-10,10,1,,VWA,25,P3_VWA,VWA_25_Tub1,VWA_25
2026-04-15,Wed,Grady,P3_VWA_25_Tub1_Lacerate 156,0,9,alive,,W9-10,#N/A,0,,VWA,25,P3_VWA,VWA_25_Tub1,VWA_25
2026-04-15,Wed,Grady,P1_VWA_25_Tub2_Lacerate 74,8,0,alive,,W9-10,0,8,,VWA,25,P1_VWA,VWA_25_Tub2,VWA_25
2026-04-15,Wed,Grady,P1_VWA_25_Tub2_Lacerate 75,8,0,alive,,W9-10,0,8,,VWA,25,P1_VWA,VWA_25_Tub2,VWA_25
2026-04-15,Wed,Grady,P1_VWA_25_Tub2_Lacerate 76,8,0,alive,,W9-10,0,8,,VWA,25,P1_VWA,VWA_25_Tub2,VWA_25
2026-04-15,Wed,Grady,P1_VWA_25_Tub2_Lacerate 77,8,0,alive,,W9-10,0,8,,VWA,25,P1_VWA,VWA_25_Tub2,VWA_25
2026-04-15,Wed,Grady,P1_VWA_25_Tub2_Lacerate 78,8,0,alive,,W9-10,0,8,,VWA,25,P1_VWA,VWA_25_Tub2,VWA_25
2026-04-15,Wed,Grady,P1_VWA_25_Tub2_Lacerate 79,8,0,alive,,W9-10,0,8,,VWA,25,P1_VWA,VWA_25_Tub2,VWA_25
2026-04-15,Wed,Grady,P1_VWA_25_Tub2_Lacerate 80,8,0,alive,,W9-10,0,8,,VWA,25,P1_VWA,VWA_25_Tub2,VWA_25
2026-04-15,Wed,Grady,P1_VWA_25_Tub2_Lacerate 81,8,0,alive,,W9-10,0,8,,VWA,25,P1_VWA,VWA_25_Tub2,VWA_25
2026-04-15,Wed,Grady,P1_VWA_25_Tub2_Lacerate 82,8,0,alive,,W9-10,0,8,,VWA,25,P1_VWA,VWA_25_Tub2,VWA_25
2026-04-15,Wed,Grady,P1_VWA_25_Tub2_Lacerate 83,8,0,alive,,W9-10,0,8,,VWA,25,P1_VWA,VWA_25_Tub2,VWA_25
2026-04-15,Wed,Grady,P1_VWA_25_Tub2_Lacerate 84,8,,missing,,W9-10,0,8,,VWA,25,P1_VWA,VWA_25_Tub2,VWA_25
2026-04-15,Wed,Grady,P1_VWA_25_Tub2_Lacerate 85,6,0,alive,,W9-10,0,6,,VWA,25,P1_VWA,VWA_25_Tub2,VWA_25
2026-04-15,Wed,Grady,PX_VWA_25_Tub2_Lacerate 86,5,0,alive,,W9-10,0,5,,VWA,25,PX_VWA,VWA_25_Tub2,VWA_25
2026-04-15,Wed,Grady,PX_VWA_25_Tub2_Lacerate 87,5,0,alive,,W9-10,0,5,,VWA,25,PX_VWA,VWA_25_Tub2,VWA_25
2026-04-15,Wed,Grady,PX_VWA_25_Tub2_Lacerate 88,5,0,alive,,W9-10,0,5,,VWA,25,PX_VWA,VWA_25_Tub2,VWA_25
2026-04-15,Wed,Grady,PX_VWA_25_Tub2_Lacerate 89,5,10,alive,,W9-10,2,5,,VWA,25,PX_VWA,VWA_25_Tub2,VWA_25
2026-04-15,Wed,Grady,P2_VWA_25_Tub2_Lacerate 90,4,9,alive,,W9-10,2.25,4,,VWA,25,P2_VWA,VWA_25_Tub2,VWA_25
2026-04-15,Wed,Grady,P2_VWA_25_Tub2_Lacerate 91,4,11,alive,,W9-10,2.75,4,,VWA,25,P2_VWA,VWA_25_Tub2,VWA_25
2026-04-15,Wed,Grady,P1_VWA_25_Tub2_Lacerate 92,2,12,alive,,W9-10,6,2,,VWA,25,P1_VWA,VWA_25_Tub2,VWA_25
2026-04-15,Wed,Grady,P2_VWA_25_Tub2_Lacerate 93,2,,missing,,W9-10,0,2,,VWA,25,P2_VWA,VWA_25_Tub2,VWA_25
2026-04-15,Wed,Grady,P2_VWA_25_Tub2_Lacerate 94,2,0,alive,,W9-10,0,2,,VWA,25,P2_VWA,VWA_25_Tub2,VWA_25
2026-04-15,Wed,Grady,P2_VWA_25_Tub2_Lacerate 95,2,7,alive,,W9-10,3.5,2,,VWA,25,P2_VWA,VWA_25_Tub2,VWA_25
2026-04-15,Wed,Grady,P2_VWA_25_Tub2_Lacerate 96,2,16,alive,,W9-10,8,2,,VWA,25,P2_VWA,VWA_25_Tub2,VWA_25
2026-04-15,Wed,Grady,P2_VWA_25_Tub2_Lacerate 97,2,13,alive,,W9-10,6.5,2,,VWA,25,P2_VWA,VWA_25_Tub2,VWA_25
2026-04-15,Wed,Grady,P3_VWA_25_Tub2_Lacerate 98,2,11,alive,,W9-10,5.5,2,,VWA,25,P3_VWA,VWA_25_Tub2,VWA_25
2026-04-15,Wed,Grady,P2_VWA_25_Tub2_Lacerate 99,1,10,alive,,W9-10,10,1,,VWA,25,P2_VWA,VWA_25_Tub2,VWA_25
2026-04-15,Wed,Grady,P2_VWA_25_Tub2_Lacerate 100,1,10,alive,,W9-10,10,1,,VWA,25,P2_VWA,VWA_25_Tub2,VWA_25
2026-04-15,Wed,Grady,P1_VWA_25_Tub2_Lacerate 101,1,0,alive,,W9-10,0,1,,VWA,25,P1_VWA,VWA_25_Tub2,VWA_25
2026-04-15,Wed,Grady,P1_VWA_25_Tub2_Lacerate 102,1,0,alive,,W9-10,0,1,,VWA,25,P1_VWA,VWA_25_Tub2,VWA_25
2026-04-15,Wed,Grady,P1_VWA_25_Tub2_Lacerate 103,1,0,alive,,W9-10,0,1,,VWA,25,P1_VWA,VWA_25_Tub2,VWA_25
2026-04-15,Wed,Grady,PX_VWA_25_Tub2_Lacerate 104,1,0,alive,,W9-10,0,1,,VWA,25,PX_VWA,VWA_25_Tub2,VWA_25
2026-04-15,Wed,Grady,PX_VWA_25_Tub2_Lacerate 105,0,11,alive,,W9-10,#N/A,0,,VWA,25,PX_VWA,VWA_25_Tub2,VWA_25
2026-04-15,Wed,Grady,PX_VWA_25_Tub2_Lacerate 106,0,8,alive,,W9-10,#N/A,0,,VWA,25,PX_VWA,VWA_25_Tub2,VWA_25
2026-04-15,Wed,Grady,PX_VWA_25_Tub2_Lacerate 107,0,7,alive,,W9-10,#N/A,0,,VWA,25,PX_VWA,VWA_25_Tub2,VWA_25
2026-04-15,Wed,Grady,PX_VWA_25_Tub2_Lacerate 108,0,9,alive,,W9-10,#N/A,0,,VWA,25,PX_VWA,VWA_25_Tub2,VWA_25
2026-04-15,Wed,Grady,PX_VWA_25_Tub2_Lacerate 109,0,11,alive,,W9-10,#N/A,0,,VWA,25,PX_VWA,VWA_25_Tub2,VWA_25
2026-04-15,Wed,Grady,P3_VWA_25_Tub3_Lacerate 97,8,12,alive,,W9-10,1.5,8,,VWA,25,P3_VWA,VWA_25_Tub3,VWA_25
2026-04-15,Wed,Grady,P3_VWA_25_Tub3_Lacerate 98,8,0,alive,,W9-10,0,8,,VWA,25,P3_VWA,VWA_25_Tub3,VWA_25
2026-04-15,Wed,Grady,P3_VWA_25_Tub3_Lacerate 99,8,,missing,,W9-10,0,8,,VWA,25,P3_VWA,VWA_25_Tub3,VWA_25
2026-04-15,Wed,Grady,P3_VWA_25_Tub3_Lacerate 100,8,18,alive,,W9-10,2.25,8,,VWA,25,P3_VWA,VWA_25_Tub3,VWA_25
2026-04-15,Wed,Grady,P3_VWA_25_Tub3_Lacerate 101,8,,missing,,W9-10,0,8,,VWA,25,P3_VWA,VWA_25_Tub3,VWA_25
2026-04-15,Wed,Grady,P3_VWA_25_Tub3_Lacerate 102,8,0,alive,,W9-10,0,8,,VWA,25,P3_VWA,VWA_25_Tub3,VWA_25
2026-04-15,Wed,Grady,P3_VWA_25_Tub3_Lacerate 103,8,0,alive,,W9-10,0,8,,VWA,25,P3_VWA,VWA_25_Tub3,VWA_25
2026-04-15,Wed,Grady,P3_VWA_25_Tub3_Lacerate 104,8,0,alive,,W9-10,0,8,,VWA,25,P3_VWA,VWA_25_Tub3,VWA_25
2026-04-15,Wed,Grady,PX_VWA_25_Tub3_Lacerate 105,8,13,alive,,W9-10,1.625,8,,VWA,25,PX_VWA,VWA_25_Tub3,VWA_25
2026-04-15,Wed,Grady,P3_VWA_25_Tub3_Lacerate 106,8,0,alive,,W9-10,0,8,,VWA,25,P3_VWA,VWA_25_Tub3,VWA_25
2026-04-15,Wed,Grady,P3_VWA_25_Tub3_Lacerate 107,8,5,alive,,W9-10,0.625,8,,VWA,25,P3_VWA,VWA_25_Tub3,VWA_25
2026-04-15,Wed,Grady,P3_VWA_25_Tub3_Lacerate 108,8,7,alive,,W9-10,0.875,8,,VWA,25,P3_VWA,VWA_25_Tub3,VWA_25
2026-04-15,Wed,Grady,P3_VWA_25_Tub3_Lacerate 109,8,13,alive,,W9-10,1.625,8,,VWA,25,P3_VWA,VWA_25_Tub3,VWA_25
2026-04-15,Wed,Grady,PX_VWA_25_Tub3_Lacerate 110,8,9,alive,,W9-10,1.125,8,,VWA,25,PX_VWA,VWA_25_Tub3,VWA_25
2026-04-15,Wed,Grady,P2_VWA_25_Tub3_Lacerate 111,8,0,alive,,W9-10,0,8,,VWA,25,P2_VWA,VWA_25_Tub3,VWA_25
2026-04-15,Wed,Grady,P2_VWA_25_Tub3_Lacerate 112,6,0,alive,,W9-10,0,6,,VWA,25,P2_VWA,VWA_25_Tub3,VWA_25
2026-04-15,Wed,Grady,P1_VWA_25_Tub3_Lacerate 113,4,8,alive,,W9-10,2,4,,VWA,25,P1_VWA,VWA_25_Tub3,VWA_25
2026-04-15,Wed,Grady,P1_VWA_25_Tub3_Lacerate 114,4,12,alive,,W9-10,3,4,,VWA,25,P1_VWA,VWA_25_Tub3,VWA_25
2026-04-15,Wed,Grady,P1_VWA_25_Tub3_Lacerate 115,4,12,alive,,W9-10,3,4,,VWA,25,P1_VWA,VWA_25_Tub3,VWA_25
2026-04-15,Wed,Grady,P3_VWA_25_Tub3_Lacerate 116,4,0,alive,,W9-10,0,4,,VWA,25,P3_VWA,VWA_25_Tub3,VWA_25
2026-04-15,Wed,Grady,P3_VWA_25_Tub3_Lacerate 117,4,0,alive,,W9-10,0,4,,VWA,25,P3_VWA,VWA_25_Tub3,VWA_25
2026-04-15,Wed,Grady,P3_VWA_25_Tub3_Lacerate 118,2,0,alive,,W9-10,0,2,,VWA,25,P3_VWA,VWA_25_Tub3,VWA_25
2026-04-15,Wed,Grady,P3_VWA_25_Tub3_Lacerate 119,2,0,alive,,W9-10,0,2,,VWA,25,P3_VWA,VWA_25_Tub3,VWA_25
2026-04-15,Wed,Grady,P2_VWA_25_Tub3_Lacerate 120,2,10,alive,,W9-10,5,2,,VWA,25,P2_VWA,VWA_25_Tub3,VWA_25
2026-04-15,Wed,Grady,PX_VWA_25_Tub3_Lacerate 121,2,10,alive,,W9-10,5,2,,VWA,25,PX_VWA,VWA_25_Tub3,VWA_25
2026-04-15,Wed,Grady,PX_VWA_25_Tub3_Lacerate 122,2,14,alive,,W9-10,7,2,,VWA,25,PX_VWA,VWA_25_Tub3,VWA_25
2026-04-15,Wed,Grady,PX_VWA_25_Tub3_Lacerate 123,2,12,alive,,W9-10,6,2,,VWA,25,PX_VWA,VWA_25_Tub3,VWA_25
2026-04-15,Wed,Grady,P1_VWA_25_Tub3_Lacerate 124,2,15,alive,,W9-10,7.5,2,,VWA,25,P1_VWA,VWA_25_Tub3,VWA_25
2026-04-15,Wed,Grady,P1_VWA_25_Tub3_Lacerate 125,1,15,alive,,W9-10,15,1,,VWA,25,P1_VWA,VWA_25_Tub3,VWA_25
2026-04-15,Wed,Grady,P1_VWA_25_Tub3_Lacerate 126,1,0,alive,,W9-10,0,1,,VWA,25,P1_VWA,VWA_25_Tub3,VWA_25
2026-04-15,Wed,Grady,P1_VWA_25_Tub3_Lacerate 127,1,0,alive,,W9-10,0,1,,VWA,25,P1_VWA,VWA_25_Tub3,VWA_25
2026-04-15,Wed,Grady,P1_VWA_25_Tub3_Lacerate 128,1,0,alive,,W9-10,0,1,,VWA,25,P1_VWA,VWA_25_Tub3,VWA_25
2026-04-15,Wed,Grady,P3_H2_32_Tub1_Lacerate 102,8,0,alive,,W9-10,0,8,,H2,32,P3_H2,H2_32_Tub1,H2_32
2026-04-15,Wed,Grady,P2_H2_32_Tub1_Lacerate 103,8,0,alive,,W9-10,0,8,,H2,32,P2_H2,H2_32_Tub1,H2_32
2026-04-15,Wed,Grady,P2_H2_32_Tub1_Lacerate 104,5,,missing,,W9-10,0,5,,H2,32,P2_H2,H2_32_Tub1,H2_32
2026-04-15,Wed,Grady,P3_H2_32_Tub1_Lacerate 105,4,,missing,,W9-10,0,4,,H2,32,P3_H2,H2_32_Tub1,H2_32
2026-04-15,Wed,Grady,P3_H2_32_Tub1_Lacerate 106,2,0,alive,,W9-10,0,2,,H2,32,P3_H2,H2_32_Tub1,H2_32
2026-04-15,Wed,Grady,P3_H2_32_Tub1_Lacerate 107,2,0,alive,,W9-10,0,2,,H2,32,P3_H2,H2_32_Tub1,H2_32
2026-04-15,Wed,Grady,P3_H2_32_Tub1_Lacerate 108,2,9,alive,,W9-10,4.5,2,,H2,32,P3_H2,H2_32_Tub1,H2_32
2026-04-15,Wed,Grady,P2_H2_32_Tub1_Lacerate 109,2,0,alive,,W9-10,0,2,,H2,32,P2_H2,H2_32_Tub1,H2_32
2026-04-15,Wed,Grady,PX_H2_32_Tub1_Lacerate 110,2,13,alive,,W9-10,6.5,2,,H2,32,PX_H2,H2_32_Tub1,H2_32
2026-04-15,Wed,Grady,PX_H2_32_Tub1_Lacerate 111,2,10,alive,,W9-10,5,2,,H2,32,PX_H2,H2_32_Tub1,H2_32
2026-04-15,Wed,Grady,PX_H2_32_Tub1_Lacerate 112,1,8,alive,,W9-10,8,1,,H2,32,PX_H2,H2_32_Tub1,H2_32
2026-04-15,Wed,Grady,PX_H2_32_Tub1_Lacerate 113,1,,missing,not labelled on previous map,W9-10,0,1,,H2,32,PX_H2,H2_32_Tub1,H2_32
2026-04-15,Wed,Grady,P3_H2_32_Tub1_Lacerate 114,0,0,alive,,W9-10,#N/A,0,,H2,32,P3_H2,H2_32_Tub1,H2_32
2026-04-15,Wed,Grady,P3_H2_32_Tub1_Lacerate 115,0,0,alive,,W9-10,#N/A,0,,H2,32,P3_H2,H2_32_Tub1,H2_32
2026-04-15,Wed,Grady,P1_H2_32_Tub1_Lacerate 116,0,11,alive,,W9-10,#N/A,0,,H2,32,P1_H2,H2_32_Tub1,H2_32
2026-04-15,Wed,Grady,P1_H2_32_Tub1_Lacerate 117,0,4,alive,,W9-10,#N/A,0,,H2,32,P1_H2,H2_32_Tub1,H2_32
2026-04-15,Wed,Grady,P1_H2_32_Tub1_Lacerate 118,0,0,alive,,W9-10,#N/A,0,,H2,32,P1_H2,H2_32_Tub1,H2_32
2026-04-15,Wed,Grady,P1_H2_32_Tub1_Lacerate 119,0,8,alive,,W9-10,#N/A,0,,H2,32,P1_H2,H2_32_Tub1,H2_32
2026-04-15,Wed,Grady,P1_H2_32_Tub2_Lacerate 125,8,,missing,,W9-10,0,8,,H2,32,P1_H2,H2_32_Tub2,H2_32
2026-04-15,Wed,Grady,P1_H2_32_Tub2_Lacerate 126,8,3,alive,,W9-10,0.375,8,,H2,32,P1_H2,H2_32_Tub2,H2_32
2026-04-15,Wed,Grady,P1_H2_32_Tub2_Lacerate 127,8,,missing,,W9-10,0,8,,H2,32,P1_H2,H2_32_Tub2,H2_32
2026-04-15,Wed,Grady,P1_H2_32_Tub2_Lacerate 128,8,7,alive,,W9-10,0.875,8,,H2,32,P1_H2,H2_32_Tub2,H2_32
2026-04-15,Wed,Grady,P1_H2_32_Tub2_Lacerate 129,8,10,alive,,W9-10,1.25,8,,H2,32,P1_H2,H2_32_Tub2,H2_32
2026-04-15,Wed,Grady,P1_H2_32_Tub2_Lacerate 130,8,0,alive,,W9-10,0,8,,H2,32,P1_H2,H2_32_Tub2,H2_32
2026-04-15,Wed,Grady,P1_H2_32_Tub2_Lacerate 131,8,,missing,,W9-10,0,8,,H2,32,P1_H2,H2_32_Tub2,H2_32
2026-04-15,Wed,Grady,P3_H2_32_Tub2_Lacerate 132,8,,missing,,W9-10,0,8,,H2,32,P3_H2,H2_32_Tub2,H2_32
2026-04-15,Wed,Grady,P2_H2_32_Tub2_Lacerate 133,8,12,alive,,W9-10,1.5,8,,H2,32,P2_H2,H2_32_Tub2,H2_32
2026-04-15,Wed,Grady,P1_H2_32_Tub2_Lacerate 134,5,7,alive,,W9-10,1.4,5,,H2,32,P1_H2,H2_32_Tub2,H2_32
2026-04-15,Wed,Grady,P1_H2_32_Tub2_Lacerate 135,5,8,alive,,W9-10,1.6,5,,H2,32,P1_H2,H2_32_Tub2,H2_32
2026-04-15,Wed,Grady,P2_H2_32_Tub2_Lacerate 136,4,3,alive,,W9-10,0.75,4,,H2,32,P2_H2,H2_32_Tub2,H2_32
2026-04-15,Wed,Grady,PX_H2_32_Tub2_Lacerate 137,4,10,alive,,W9-10,2.5,4,,H2,32,PX_H2,H2_32_Tub2,H2_32
2026-04-15,Wed,Grady,PX_H2_32_Tub2_Lacerate 138,4,13,alive,,W9-10,3.25,4,,H2,32,PX_H2,H2_32_Tub2,H2_32
2026-04-15,Wed,Grady,PX_H2_32_Tub2_Lacerate 139,4,12,alive,,W9-10,3,4,,H2,32,PX_H2,H2_32_Tub2,H2_32
2026-04-15,Wed,Grady,P1_H2_32_Tub2_Lacerate 140,4,10,alive,,W9-10,2.5,4,,H2,32,P1_H2,H2_32_Tub2,H2_32
2026-04-15,Wed,Grady,PX_H2_32_Tub2_Lacerate 141,2,12,alive,,W9-10,6,2,,H2,32,PX_H2,H2_32_Tub2,H2_32
2026-04-15,Wed,Grady,PX_H2_32_Tub2_Lacerate 142,2,8,alive,,W9-10,4,2,,H2,32,PX_H2,H2_32_Tub2,H2_32
2026-04-15,Wed,Grady,P2_H2_32_Tub2_Lacerate 143,2,8,alive,,W9-10,4,2,,H2,32,P2_H2,H2_32_Tub2,H2_32
2026-04-15,Wed,Grady,P2_H2_32_Tub2_Lacerate 144,2,12,alive,,W9-10,6,2,,H2,32,P2_H2,H2_32_Tub2,H2_32
2026-04-15,Wed,Grady,PX_H2_32_Tub2_Lacerate 145,2,14,alive,,W9-10,7,2,,H2,32,PX_H2,H2_32_Tub2,H2_32
2026-04-15,Wed,Grady,PX_H2_32_Tub2_Lacerate 146,2,8,alive,,W9-10,4,2,,H2,32,PX_H2,H2_32_Tub2,H2_32
2026-04-15,Wed,Grady,PX_H2_32_Tub2_Lacerate 147,2,12,alive,,W9-10,6,2,,H2,32,PX_H2,H2_32_Tub2,H2_32
2026-04-15,Wed,Grady,PX_H2_32_Tub2_Lacerate 148,2,10,alive,,W9-10,5,2,,H2,32,PX_H2,H2_32_Tub2,H2_32
2026-04-15,Wed,Grady,PX_H2_32_Tub2_Lacerate 149,2,11,alive,,W9-10,5.5,2,,H2,32,PX_H2,H2_32_Tub2,H2_32
2026-04-15,Wed,Grady,PX_H2_32_Tub2_Lacerate 150,2,13,alive,,W9-10,6.5,2,,H2,32,PX_H2,H2_32_Tub2,H2_32
2026-04-15,Wed,Grady,PX_H2_32_Tub2_Lacerate 151,2,12,alive,,W9-10,6,2,,H2,32,PX_H2,H2_32_Tub2,H2_32
2026-04-15,Wed,Grady,PX_H2_32_Tub2_Lacerate 152,2,10,alive,,W9-10,5,2,,H2,32,PX_H2,H2_32_Tub2,H2_32
2026-04-15,Wed,Grady,P3_H2_32_Tub2_Lacerate 153,1,12,alive,,W9-10,12,1,,H2,32,P3_H2,H2_32_Tub2,H2_32
2026-04-15,Wed,Grady,P2_H2_32_Tub2_Lacerate 154,1,3,alive,,W9-10,3,1,,H2,32,P2_H2,H2_32_Tub2,H2_32
2026-04-15,Wed,Grady,P2_H2_32_Tub2_Lacerate 155,1,6,alive,,W9-10,6,1,,H2,32,P2_H2,H2_32_Tub2,H2_32
2026-04-15,Wed,Grady,PX_H2_32_Tub2_Lacerate 156,1,7,alive,,W9-10,7,1,,H2,32,PX_H2,H2_32_Tub2,H2_32
2026-04-15,Wed,Grady,P1_H2_32_Tub2_Lacerate 157,0,0,alive,,W9-10,#N/A,0,,H2,32,P1_H2,H2_32_Tub2,H2_32
2026-04-15,Wed,Grady,P1_H2_32_Tub2_Lacerate 158,0,0,alive,,W9-10,#N/A,0,,H2,32,P1_H2,H2_32_Tub2,H2_32
2026-04-15,Wed,Grady,P1_H2_32_Tub2_Lacerate 159,0,0,alive,,W9-10,#N/A,0,,H2,32,P1_H2,H2_32_Tub2,H2_32
2026-04-15,Wed,Grady,P1_H2_32_Tub2_Lacerate 160,0,0,alive,,W9-10,#N/A,0,,H2,32,P1_H2,H2_32_Tub2,H2_32
2026-04-15,Wed,Grady,P3_H2_32_Tub2_Lacerate 161,0,0,alive,,W9-10,#N/A,0,,H2,32,P3_H2,H2_32_Tub2,H2_32
2026-04-15,Wed,Grady,P3_H2_32_Tub2_Lacerate 162,0,0,alive,,W9-10,#N/A,0,,H2,32,P3_H2,H2_32_Tub2,H2_32
2026-04-15,Wed,Grady,P3_H2_32_Tub2_Lacerate 163,0,0,alive,,W9-10,#N/A,0,,H2,32,P3_H2,H2_32_Tub2,H2_32
2026-04-15,Wed,Grady,P3_H2_32_Tub2_Lacerate 164,0,0,alive,,W9-10,#N/A,0,,H2,32,P3_H2,H2_32_Tub2,H2_32
2026-04-15,Wed,Grady,P3_H2_32_Tub2_Lacerate 165,0,0,alive,,W9-10,#N/A,0,,H2,32,P3_H2,H2_32_Tub2,H2_32
2026-04-15,Wed,Grady,P3_H2_32_Tub2_Lacerate 166,0,0,alive,,W9-10,#N/A,0,,H2,32,P3_H2,H2_32_Tub2,H2_32
2026-04-15,Wed,Grady,P2_H2_32_Tub2_Lacerate 167,0,5,alive,,W9-10,#N/A,0,,H2,32,P2_H2,H2_32_Tub2,H2_32
2026-04-15,Wed,Grady,PX_H2_32_Tub2_Lacerate 168,0,11,alive,,W9-10,#N/A,0,,H2,32,PX_H2,H2_32_Tub2,H2_32
2026-04-15,Wed,Grady,PX_H2_32_Tub2_Lacerate 169,0,6,alive,,W9-10,#N/A,0,,H2,32,PX_H2,H2_32_Tub2,H2_32
2026-04-15,Wed,Grady,PX_H2_32_Tub2_Lacerate 170,0,7,alive,,W9-10,#N/A,0,,H2,32,PX_H2,H2_32_Tub2,H2_32
2026-04-15,Wed,Grady,P1_H2_32_Tub3_Lacerate 115,8,12,alive,,W9-10,1.5,8,,H2,32,P1_H2,H2_32_Tub3,H2_32
2026-04-15,Wed,Grady,P2_H2_32_Tub3_Lacerate 116,8,8,alive,,W9-10,1,8,,H2,32,P2_H2,H2_32_Tub3,H2_32
2026-04-15,Wed,Grady,P2_H2_32_Tub3_Lacerate 117,8,10,alive,,W9-10,1.25,8,,H2,32,P2_H2,H2_32_Tub3,H2_32
2026-04-15,Wed,Grady,P2_H2_32_Tub3_Lacerate 118,8,0,alive,,W9-10,0,8,,H2,32,P2_H2,H2_32_Tub3,H2_32
2026-04-15,Wed,Grady,P2_H2_32_Tub3_Lacerate 119,8,8,alive,,W9-10,1,8,,H2,32,P2_H2,H2_32_Tub3,H2_32
2026-04-15,Wed,Grady,P3_H2_32_Tub3_Lacerate 120,8,12,alive,,W9-10,1.5,8,,H2,32,P3_H2,H2_32_Tub3,H2_32
2026-04-15,Wed,Grady,P3_H2_32_Tub3_Lacerate 121,8,12,alive,,W9-10,1.5,8,,H2,32,P3_H2,H2_32_Tub3,H2_32
2026-04-15,Wed,Grady,P3_H2_32_Tub3_Lacerate 122,8,7,alive,,W9-10,0.875,8,,H2,32,P3_H2,H2_32_Tub3,H2_32
2026-04-15,Wed,Grady,P3_H2_32_Tub3_Lacerate 123,8,6,alive,,W9-10,0.75,8,,H2,32,P3_H2,H2_32_Tub3,H2_32
2026-04-15,Wed,Grady,P3_H2_32_Tub3_Lacerate 124,8,7,alive,,W9-10,0.875,8,,H2,32,P3_H2,H2_32_Tub3,H2_32
2026-04-15,Wed,Grady,P2_H2_32_Tub3_Lacerate 125,6,,missing,,W9-10,0,6,,H2,32,P2_H2,H2_32_Tub3,H2_32
2026-04-15,Wed,Grady,P3_H2_32_Tub3_Lacerate 126,6,0,alive,,W9-10,0,6,,H2,32,P3_H2,H2_32_Tub3,H2_32
2026-04-15,Wed,Grady,P1_H2_32_Tub3_Lacerate 127,6,8,alive,,W9-10,1.333333333,6,,H2,32,P1_H2,H2_32_Tub3,H2_32
2026-04-15,Wed,Grady,PX_H2_32_Tub3_Lacerate 128,4,10,alive,,W9-10,2.5,4,,H2,32,PX_H2,H2_32_Tub3,H2_32
2026-04-15,Wed,Grady,PX_H2_32_Tub3_Lacerate 129,4,19,alive,,W9-10,4.75,4,,H2,32,PX_H2,H2_32_Tub3,H2_32
2026-04-15,Wed,Grady,PX_H2_32_Tub3_Lacerate 130,4,11,alive,,W9-10,2.75,4,,H2,32,PX_H2,H2_32_Tub3,H2_32
2026-04-15,Wed,Grady,PX_H2_32_Tub3_Lacerate 131,2,0,alive,,W9-10,0,2,,H2,32,PX_H2,H2_32_Tub3,H2_32
2026-04-15,Wed,Grady,PX_H2_32_Tub3_Lacerate 132,2,8,alive,,W9-10,4,2,,H2,32,PX_H2,H2_32_Tub3,H2_32
2026-04-15,Wed,Grady,PX_H2_32_Tub3_Lacerate 133,2,11,alive,,W9-10,5.5,2,,H2,32,PX_H2,H2_32_Tub3,H2_32
2026-04-15,Wed,Grady,PX_H2_32_Tub3_Lacerate 134,2,12,alive,,W9-10,6,2,,H2,32,PX_H2,H2_32_Tub3,H2_32
2026-04-15,Wed,Grady,PX_H2_32_Tub3_Lacerate 135,2,17,alive,,W9-10,8.5,2,,H2,32,PX_H2,H2_32_Tub3,H2_32
2026-04-15,Wed,Grady,P1_H2_32_Tub3_Lacerate 136,1,0,alive,,W9-10,0,1,,H2,32,P1_H2,H2_32_Tub3,H2_32
2026-04-15,Wed,Grady,P1_H2_32_Tub3_Lacerate 137,1,12,alive,,W9-10,12,1,,H2,32,P1_H2,H2_32_Tub3,H2_32
2026-04-15,Wed,Grady,PX_H2_32_Tub3_Lacerate 138,0,10,alive,,W9-10,#N/A,0,,H2,32,PX_H2,H2_32_Tub3,H2_32
2026-04-15,Wed,Grady,PX_H2_32_Tub3_Lacerate 139,0,12,alive,,W9-10,#N/A,0,,H2,32,PX_H2,H2_32_Tub3,H2_32
2026-04-15,Wed,Grady,PX_H2_32_Tub3_Lacerate 140,0,9,alive,,W9-10,#N/A,0,,H2,32,PX_H2,H2_32_Tub3,H2_32
2026-04-15,Wed,Grady,P1_H2_32_Tub3_Lacerate 141,0,8,alive,,W9-10,#N/A,0,,H2,32,P1_H2,H2_32_Tub3,H2_32
2026-04-15,Wed,Grady,P1_H2_32_Tub3_Lacerate 142,0,0,alive,,W9-10,#N/A,0,,H2,32,P1_H2,H2_32_Tub3,H2_32
2026-04-15,Wed,Grady,P1_H2_32_Tub3_Lacerate 143,0,0,alive,,W9-10,#N/A,0,,H2,32,P1_H2,H2_32_Tub3,H2_32
2026-04-15,Wed,Grady,P1_H2_32_Tub3_Lacerate 144,0,4,alive,,W9-10,#N/A,0,,H2,32,P1_H2,H2_32_Tub3,H2_32
2026-04-15,Wed,Grady,P1_H2_32_Tub3_Lacerate 145,0,5,alive,,W9-10,#N/A,0,,H2,32,P1_H2,H2_32_Tub3,H2_32
2026-04-15,Wed,Grady,P1_H2_32_Tub3_Lacerate 146,0,0,alive,,W9-10,#N/A,0,,H2,32,P1_H2,H2_32_Tub3,H2_32
2026-04-15,Wed,Grady,P1_H2_32_Tub3_Lacerate 147,0,6,alive,,W9-10,#N/A,0,,H2,32,P1_H2,H2_32_Tub3,H2_32
2026-04-15,Wed,Grady,P1_H2_32_Tub3_Lacerate 148,0,5,alive,,W9-10,#N/A,0,,H2,32,P1_H2,H2_32_Tub3,H2_32
2026-04-15,Wed,Grady,P2_VWA_32_Tub1_Lacerate 103,8,,missing,,W9-10,0,8,,VWA,32,P2_VWA,VWA_32_Tub1,VWA_32
2026-04-15,Wed,Grady,PX_VWA_32_Tub1_Lacerate 104,8,13,alive,,W9-10,1.625,8,,VWA,32,PX_VWA,VWA_32_Tub1,VWA_32
2026-04-15,Wed,Grady,PX_VWA_32_Tub1_Lacerate 105,8,7,alive,,W9-10,0.875,8,,VWA,32,PX_VWA,VWA_32_Tub1,VWA_32
2026-04-15,Wed,Grady,P1_VWA_32_Tub1_Lacerate 106,8,,missing,,W9-10,0,8,,VWA,32,P1_VWA,VWA_32_Tub1,VWA_32
2026-04-15,Wed,Grady,P1_VWA_32_Tub1_Lacerate 107,8,11,alive,,W9-10,1.375,8,,VWA,32,P1_VWA,VWA_32_Tub1,VWA_32
2026-04-15,Wed,Grady,P1_VWA_32_Tub1_Lacerate 108,8,,missing,,W9-10,0,8,,VWA,32,P1_VWA,VWA_32_Tub1,VWA_32
2026-04-15,Wed,Grady,P1_VWA_32_Tub1_Lacerate 109,8,,missing,,W9-10,0,8,,VWA,32,P1_VWA,VWA_32_Tub1,VWA_32
2026-04-15,Wed,Grady,PX_VWA_32_Tub1_Lacerate 110,8,7,alive,,W9-10,0.875,8,,VWA,32,PX_VWA,VWA_32_Tub1,VWA_32
2026-04-15,Wed,Grady,PX_VWA_32_Tub1_Lacerate 111,8,12,alive,,W9-10,1.5,8,,VWA,32,PX_VWA,VWA_32_Tub1,VWA_32
2026-04-15,Wed,Grady,P2_VWA_32_Tub1_Lacerate 112,8,,missing,,W9-10,0,8,,VWA,32,P2_VWA,VWA_32_Tub1,VWA_32
2026-04-15,Wed,Grady,P2_VWA_32_Tub1_Lacerate 113,8,,missing,,W9-10,0,8,,VWA,32,P2_VWA,VWA_32_Tub1,VWA_32
2026-04-15,Wed,Grady,P3_VWA_32_Tub1_Lacerate 114,6,7,alive,,W9-10,1.166666667,6,,VWA,32,P3_VWA,VWA_32_Tub1,VWA_32
2026-04-15,Wed,Grady,P3_VWA_32_Tub1_Lacerate 115,6,10,alive,,W9-10,1.666666667,6,,VWA,32,P3_VWA,VWA_32_Tub1,VWA_32
2026-04-15,Wed,Grady,P3_VWA_32_Tub1_Lacerate 116,6,,missing,,W9-10,0,6,,VWA,32,P3_VWA,VWA_32_Tub1,VWA_32
2026-04-15,Wed,Grady,P3_VWA_32_Tub1_Lacerate 117,6,,missing,,W9-10,0,6,,VWA,32,P3_VWA,VWA_32_Tub1,VWA_32
2026-04-15,Wed,Grady,P3_VWA_32_Tub1_Lacerate 118,6,,missing,,W9-10,0,6,,VWA,32,P3_VWA,VWA_32_Tub1,VWA_32
2026-04-15,Wed,Grady,P3_VWA_32_Tub1_Lacerate 119,6,,missing,,W9-10,0,6,,VWA,32,P3_VWA,VWA_32_Tub1,VWA_32
2026-04-15,Wed,Grady,PX_VWA_32_Tub1_Lacerate 120,4,10,alive,,W9-10,2.5,4,,VWA,32,PX_VWA,VWA_32_Tub1,VWA_32
2026-04-15,Wed,Grady,PX_VWA_32_Tub1_Lacerate 121,2,10,alive,,W9-10,5,2,,VWA,32,PX_VWA,VWA_32_Tub1,VWA_32
2026-04-15,Wed,Grady,PX_VWA_32_Tub1_Lacerate 122,2,9,alive,,W9-10,4.5,2,,VWA,32,PX_VWA,VWA_32_Tub1,VWA_32
2026-04-15,Wed,Grady,PX_VWA_32_Tub1_Lacerate 123,2,16,alive,,W9-10,8,2,,VWA,32,PX_VWA,VWA_32_Tub1,VWA_32
2026-04-15,Wed,Grady,PX_VWA_32_Tub1_Lacerate 124,2,17,alive,,W9-10,8.5,2,,VWA,32,PX_VWA,VWA_32_Tub1,VWA_32
2026-04-15,Wed,Grady,PX_VWA_32_Tub1_Lacerate 125,2,12,alive,,W9-10,6,2,,VWA,32,PX_VWA,VWA_32_Tub1,VWA_32
2026-04-15,Wed,Grady,P2_VWA_32_Tub1_Lacerate 126,2,9,alive,,W9-10,4.5,2,,VWA,32,P2_VWA,VWA_32_Tub1,VWA_32
2026-04-15,Wed,Grady,P2_VWA_32_Tub1_Lacerate 127,2,10,alive,,W9-10,5,2,,VWA,32,P2_VWA,VWA_32_Tub1,VWA_32
2026-04-15,Wed,Grady,P2_VWA_32_Tub1_Lacerate 128,2,9,alive,,W9-10,4.5,2,,VWA,32,P2_VWA,VWA_32_Tub1,VWA_32
2026-04-15,Wed,Grady,P2_VWA_32_Tub1_Lacerate 129,2,8,alive,,W9-10,4,2,,VWA,32,P2_VWA,VWA_32_Tub1,VWA_32
2026-04-15,Wed,Grady,P2_VWA_32_Tub1_Lacerate 130,2,9,alive,,W9-10,4.5,2,,VWA,32,P2_VWA,VWA_32_Tub1,VWA_32
2026-04-15,Wed,Grady,P2_VWA_32_Tub1_Lacerate 131,2,2,alive,,W9-10,1,2,,VWA,32,P2_VWA,VWA_32_Tub1,VWA_32
2026-04-15,Wed,Grady,P2_VWA_32_Tub1_Lacerate 132,1,0,alive,,W9-10,0,1,,VWA,32,P2_VWA,VWA_32_Tub1,VWA_32
2026-04-15,Wed,Grady,P2_VWA_32_Tub1_Lacerate 133,0,0,alive,,W9-10,#N/A,0,,VWA,32,P2_VWA,VWA_32_Tub1,VWA_32
2026-04-15,Wed,Grady,P2_VWA_32_Tub1_Lacerate 134,0,4,alive,,W9-10,#N/A,0,,VWA,32,P2_VWA,VWA_32_Tub1,VWA_32
2026-04-15,Wed,Grady,P2_VWA_32_Tub1_Lacerate 135,0,5,alive,,W9-10,#N/A,0,,VWA,32,P2_VWA,VWA_32_Tub1,VWA_32
2026-04-15,Wed,Grady,P2_VWA_32_Tub1_Lacerate 136,0,7,alive,,W9-10,#N/A,0,,VWA,32,P2_VWA,VWA_32_Tub1,VWA_32
2026-04-15,Wed,Grady,PX_VWA_32_Tub2_Lacerate 70,8,,missing,,W9-10,0,8,,VWA,32,PX_VWA,VWA_32_Tub2,VWA_32
2026-04-15,Wed,Grady,PX_VWA_32_Tub2_Lacerate 71,8,16,alive,,W9-10,2,8,,VWA,32,PX_VWA,VWA_32_Tub2,VWA_32
2026-04-15,Wed,Grady,PX_VWA_32_Tub2_Lacerate 72,8,17,alive,,W9-10,2.125,8,,VWA,32,PX_VWA,VWA_32_Tub2,VWA_32
2026-04-15,Wed,Grady,PX_VWA_32_Tub2_Lacerate 73,8,12,alive,,W9-10,1.5,8,,VWA,32,PX_VWA,VWA_32_Tub2,VWA_32
2026-04-15,Wed,Grady,P1_VWA_32_Tub2_Lacerate 74,8,,missing,not labelled on map,W9-10,0,8,,VWA,32,P1_VWA,VWA_32_Tub2,VWA_32
2026-04-15,Wed,Grady,P1_VWA_32_Tub2_Lacerate 75,8,,missing,,W9-10,0,8,,VWA,32,P1_VWA,VWA_32_Tub2,VWA_32
2026-04-15,Wed,Grady,P1_VWA_32_Tub2_Lacerate 76,8,12,alive,,W9-10,1.5,8,,VWA,32,P1_VWA,VWA_32_Tub2,VWA_32
2026-04-15,Wed,Grady,P1_VWA_32_Tub2_Lacerate 77,8,,missing,,W9-10,0,8,,VWA,32,P1_VWA,VWA_32_Tub2,VWA_32
2026-04-15,Wed,Grady,P1_VWA_32_Tub2_Lacerate 78,8,,missing,,W9-10,0,8,,VWA,32,P1_VWA,VWA_32_Tub2,VWA_32
2026-04-15,Wed,Grady,P1_VWA_32_Tub2_Lacerate 79,6,11,alive,,W9-10,1.833333333,6,,VWA,32,P1_VWA,VWA_32_Tub2,VWA_32
2026-04-15,Wed,Grady,P3_VWA_32_Tub2_Lacerate 80,2,10,alive,,W9-10,5,2,,VWA,32,P3_VWA,VWA_32_Tub2,VWA_32
2026-04-15,Wed,Grady,P3_VWA_32_Tub2_Lacerate 81,2,13,alive,,W9-10,6.5,2,,VWA,32,P3_VWA,VWA_32_Tub2,VWA_32
2026-04-15,Wed,Grady,P3_VWA_32_Tub2_Lacerate 82,2,7,alive,,W9-10,3.5,2,,VWA,32,P3_VWA,VWA_32_Tub2,VWA_32
2026-04-15,Wed,Grady,P1_VWA_32_Tub2_Lacerate 85,-1,0,alive,,W9-10,#N/A,-1,,VWA,32,P1_VWA,VWA_32_Tub2,VWA_32
2026-04-15,Wed,Grady,P2_VWA_32_Tub2_Lacerate 86,-1,0,alive,,W9-10,#N/A,-1,,VWA,32,P2_VWA,VWA_32_Tub2,VWA_32
2026-04-15,Wed,Grady,PX_VWA_32_Tub2_Lacerate 87,0,13,alive,,W9-10,#N/A,0,,VWA,32,PX_VWA,VWA_32_Tub2,VWA_32
2026-04-15,Wed,Grady,PX_VWA_32_Tub2_Lacerate 88,0,12,alive,,W9-10,#N/A,0,,VWA,32,PX_VWA,VWA_32_Tub2,VWA_32
2026-04-15,Wed,Grady,PX_VWA_32_Tub2_Lacerate 89,0,12,alive,,W9-10,#N/A,0,,VWA,32,PX_VWA,VWA_32_Tub2,VWA_32
2026-04-15,Wed,Grady,P1_VWA_32_Tub2_Lacerate 90,0,3,alive,,W9-10,#N/A,0,,VWA,32,P1_VWA,VWA_32_Tub2,VWA_32
2026-04-15,Wed,Grady,P1_VWA_32_Tub2_Lacerate 91,0,0,alive,,W9-10,#N/A,0,,VWA,32,P1_VWA,VWA_32_Tub2,VWA_32
2026-04-15,Wed,Grady,P2_VWA_32_Tub2_Lacerate 92,0,0,alive,,W9-10,#N/A,0,,VWA,32,P2_VWA,VWA_32_Tub2,VWA_32
2026-04-15,Wed,Grady,P3_VWA_32_Tub3_Lacerate 65,8,,missing,,W9-10,0,8,,VWA,32,P3_VWA,VWA_32_Tub3,VWA_32
2026-04-15,Wed,Grady,P3_VWA_32_Tub3_Lacerate 66,8,,missing,,W9-10,0,8,,VWA,32,P3_VWA,VWA_32_Tub3,VWA_32
2026-04-15,Wed,Grady,P3_VWA_32_Tub3_Lacerate 67,8,12,alive,,W9-10,1.5,8,,VWA,32,P3_VWA,VWA_32_Tub3,VWA_32
2026-04-15,Wed,Grady,P1_VWA_32_Tub3_Lacerate 68,8,17,alive,,W9-10,2.125,8,,VWA,32,P1_VWA,VWA_32_Tub3,VWA_32
2026-04-15,Wed,Grady,P1_VWA_32_Tub3_Lacerate 69,8,12,alive,,W9-10,1.5,8,,VWA,32,P1_VWA,VWA_32_Tub3,VWA_32
2026-04-15,Wed,Grady,P3_VWA_32_Tub3_Lacerate 70,8,,missing,,W9-10,0,8,,VWA,32,P3_VWA,VWA_32_Tub3,VWA_32
2026-04-15,Wed,Grady,P3_VWA_32_Tub3_Lacerate 71,8,12,alive,,W9-10,1.5,8,,VWA,32,P3_VWA,VWA_32_Tub3,VWA_32
2026-04-15,Wed,Grady,P3_VWA_32_Tub3_Lacerate 72,6,4,alive,,W9-10,0.6666666667,6,,VWA,32,P3_VWA,VWA_32_Tub3,VWA_32
2026-04-15,Wed,Grady,P1_VWA_32_Tub3_Lacerate 73,5,9,alive,,W9-10,1.8,5,,VWA,32,P1_VWA,VWA_32_Tub3,VWA_32
2026-04-15,Wed,Grady,P3_VWA_32_Tub3_Lacerate 74,5,8,alive,,W9-10,1.6,5,,VWA,32,P3_VWA,VWA_32_Tub3,VWA_32
2026-04-15,Wed,Grady,PX_VWA_32_Tub3_Lacerate 75,2,15,alive,,W9-10,7.5,2,,VWA,32,PX_VWA,VWA_32_Tub3,VWA_32
2026-04-15,Wed,Grady,PX_VWA_32_Tub3_Lacerate 76,2,11,alive,,W9-10,5.5,2,,VWA,32,PX_VWA,VWA_32_Tub3,VWA_32
2026-04-15,Wed,Grady,PX_VWA_32_Tub3_Lacerate 77,1,0,alive,,W9-10,0,1,,VWA,32,PX_VWA,VWA_32_Tub3,VWA_32
2026-04-15,Wed,Grady,PX_VWA_32_Tub3_Lacerate 78,1,9,alive,,W9-10,9,1,,VWA,32,PX_VWA,VWA_32_Tub3,VWA_32
2026-04-15,Wed,Grady,PX_VWA_32_Tub3_Lacerate 79,0,10,alive,,W9-10,#N/A,0,,VWA,32,PX_VWA,VWA_32_Tub3,VWA_32
2026-04-15,Wed,Grady,PX_VWA_32_Tub3_Lacerate 80,0,11,alive,,W9-10,#N/A,0,,VWA,32,PX_VWA,VWA_32_Tub3,VWA_32
2026-04-16,Thu,Maddox,P2_H2_25_Tub1_Lacerate 157,9,12,alive,,W9-10,1.333333333,9,,H2,25,P2_H2,H2_25_Tub1,H2_25
2026-04-16,Thu,Maddox,P2_H2_25_Tub1_Lacerate 158,9,13,alive,,W9-10,1.444444444,9,,H2,25,P2_H2,H2_25_Tub1,H2_25
2026-04-16,Thu,Maddox,P3_H2_25_Tub1_Lacerate 159,9,12,alive,,W9-10,1.333333333,9,,H2,25,P3_H2,H2_25_Tub1,H2_25
2026-04-16,Thu,Maddox,P1_H2_25_Tub1_Lacerate 160,9,9,alive,,W9-10,1,9,,H2,25,P1_H2,H2_25_Tub1,H2_25
2026-04-16,Thu,Maddox,P1_H2_25_Tub1_Lacerate 161,9,12,alive,,W9-10,1.333333333,9,,H2,25,P1_H2,H2_25_Tub1,H2_25
2026-04-16,Thu,Maddox,P2_H2_25_Tub1_Lacerate 162,9,8,alive,,W9-10,0.8888888889,9,,H2,25,P2_H2,H2_25_Tub1,H2_25
2026-04-16,Thu,Maddox,P2_H2_25_Tub1_Lacerate 163,7,12,alive,,W9-10,1.714285714,7,,H2,25,P2_H2,H2_25_Tub1,H2_25
2026-04-16,Thu,Maddox,P3_H2_25_Tub1_Lacerate 164,7,12,alive,,W9-10,1.714285714,7,,H2,25,P3_H2,H2_25_Tub1,H2_25
2026-04-16,Thu,Maddox,P2_H2_25_Tub1_Lacerate 165,6,12,alive,,W9-10,2,6,,H2,25,P2_H2,H2_25_Tub1,H2_25
2026-04-16,Thu,Maddox,P2_H2_25_Tub1_Lacerate 166,5,,missing,,W9-10,0,5,,H2,25,P2_H2,H2_25_Tub1,H2_25
2026-04-16,Thu,Maddox,P2_H2_25_Tub1_Lacerate 167,5,9,,,W9-10,1.8,5,,H2,25,P2_H2,H2_25_Tub1,H2_25
2026-04-16,Thu,Maddox,P2_H2_25_Tub1_Lacerate 168,5,12,alive,,W9-10,2.4,5,,H2,25,P2_H2,H2_25_Tub1,H2_25
2026-04-16,Thu,Maddox,P3_H2_25_Tub1_Lacerate 169,5,15,alive,,W9-10,3,5,,H2,25,P3_H2,H2_25_Tub1,H2_25
2026-04-16,Thu,Maddox,P3_H2_25_Tub1_Lacerate 170,5,9,alive,,W9-10,1.8,5,,H2,25,P3_H2,H2_25_Tub1,H2_25
2026-04-16,Thu,Maddox,P1_H2_25_Tub1_Lacerate 171,5,8,alive,,W9-10,1.6,5,,H2,25,P1_H2,H2_25_Tub1,H2_25
2026-04-16,Thu,Maddox,P1_H2_25_Tub1_Lacerate 172,5,11,alive,,W9-10,2.2,5,,H2,25,P1_H2,H2_25_Tub1,H2_25
2026-04-16,Thu,Maddox,PX_H2_25_Tub1_Lacerate 173,3,14,alive,,W9-10,4.666666667,3,,H2,25,PX_H2,H2_25_Tub1,H2_25
2026-04-16,Thu,Maddox,P2_H2_25_Tub1_Lacerate 174,3,12,alive,,W9-10,4,3,,H2,25,P2_H2,H2_25_Tub1,H2_25
2026-04-16,Thu,Maddox,P2_H2_25_Tub1_Lacerate 175,3,8,alive,,W9-10,2.666666667,3,,H2,25,P2_H2,H2_25_Tub1,H2_25
2026-04-16,Thu,Maddox,P2_H2_25_Tub1_Lacerate 176,3,12,alive,,W9-10,4,3,,H2,25,P2_H2,H2_25_Tub1,H2_25
2026-04-16,Thu,Maddox,P2_H2_25_Tub1_Lacerate 177,3,13,alive,,W9-10,4.333333333,3,,H2,25,P2_H2,H2_25_Tub1,H2_25
2026-04-16,Thu,Maddox,PX_H2_25_Tub1_Lacerate 178,3,9,alive,,W9-10,3,3,,H2,25,PX_H2,H2_25_Tub1,H2_25
2026-04-16,Thu,Maddox,PX_H2_25_Tub1_Lacerate 179,3,8,alive,,W9-10,2.666666667,3,,H2,25,PX_H2,H2_25_Tub1,H2_25
2026-04-16,Thu,Maddox,P2_H2_25_Tub1_Lacerate 180,2,6,alive,,W9-10,3,2,,H2,25,P2_H2,H2_25_Tub1,H2_25
2026-04-16,Thu,Maddox,PX_H2_25_Tub1_Lacerate 181,2,6,alive,,W9-10,3,2,,H2,25,PX_H2,H2_25_Tub1,H2_25
2026-04-16,Thu,Maddox,PX_H2_25_Tub1_Lacerate 182,2,10,alive,,W9-10,5,2,,H2,25,PX_H2,H2_25_Tub1,H2_25
2026-04-16,Thu,Maddox,PX_H2_25_Tub1_Lacerate 183,2,,missing,,W9-10,0,2,,H2,25,PX_H2,H2_25_Tub1,H2_25
2026-04-16,Thu,Maddox,P3_H2_25_Tub1_Lacerate 184,1,9,alive,,W9-10,9,1,,H2,25,P3_H2,H2_25_Tub1,H2_25
2026-04-16,Thu,Maddox,P2_H2_25_Tub1_Lacerate 185,1,0,alive,,W9-10,0,1,,H2,25,P2_H2,H2_25_Tub1,H2_25
2026-04-16,Thu,Maddox,P2_H2_25_Tub1_Lacerate 186,0,0,alive,,W9-10,#N/A,0,,H2,25,P2_H2,H2_25_Tub1,H2_25
2026-04-16,Thu,Maddox,PX_H2_25_Tub1_Lacerate 187,0,0,alive,,W9-10,#N/A,0,,H2,25,PX_H2,H2_25_Tub1,H2_25
2026-04-16,Thu,Maddox,P2_H2_25_Tub1_Lacerate 188,0,9,alive,,W9-10,#N/A,0,,H2,25,P2_H2,H2_25_Tub1,H2_25
2026-04-16,Thu,Maddox,P3_H2_25_Tub2_Lacerate 106,9,11,alive,,W9-10,1.222222222,9,,H2,25,P3_H2,H2_25_Tub2,H2_25
2026-04-16,Thu,Maddox,P3_H2_25_Tub2_Lacerate 107,9,15,alive,,W9-10,1.666666667,9,,H2,25,P3_H2,H2_25_Tub2,H2_25
2026-04-16,Thu,Maddox,P3_H2_25_Tub2_Lacerate 108,9,9,alive,,W9-10,1,9,,H2,25,P3_H2,H2_25_Tub2,H2_25
2026-04-16,Thu,Maddox,P3_H2_25_Tub2_Lacerate 109,9,12,alive,,W9-10,1.333333333,9,,H2,25,P3_H2,H2_25_Tub2,H2_25
2026-04-16,Thu,Maddox,P3_H2_25_Tub2_Lacerate 110,9,11,alive,,W9-10,1.222222222,9,,H2,25,P3_H2,H2_25_Tub2,H2_25
2026-04-16,Thu,Maddox,P3_H2_25_Tub2_Lacerate 111,9,11,alive,,W9-10,1.222222222,9,,H2,25,P3_H2,H2_25_Tub2,H2_25
2026-04-16,Thu,Maddox,P3_H2_25_Tub2_Lacerate 112,9,11,alive,,W9-10,1.222222222,9,,H2,25,P3_H2,H2_25_Tub2,H2_25
2026-04-16,Thu,Maddox,P3_H2_25_Tub2_Lacerate 113,9,16,alive,,W9-10,1.777777778,9,,H2,25,P3_H2,H2_25_Tub2,H2_25
2026-04-16,Thu,Maddox,P2_H2_25_Tub2_Lacerate 114,9,9,alive,,W9-10,1,9,,H2,25,P2_H2,H2_25_Tub2,H2_25
2026-04-16,Thu,Maddox,P2_H2_25_Tub2_Lacerate 115,9,,missing,,W9-10,0,9,,H2,25,P2_H2,H2_25_Tub2,H2_25
2026-04-16,Thu,Maddox,P2_H2_25_Tub2_Lacerate 116,9,13,alive,,W9-10,1.444444444,9,,H2,25,P2_H2,H2_25_Tub2,H2_25
2026-04-16,Thu,Maddox,P3_H2_25_Tub2_Lacerate 117,7,11,alive,,W9-10,1.571428571,7,,H2,25,P3_H2,H2_25_Tub2,H2_25
2026-04-16,Thu,Maddox,P1_H2_25_Tub2_Lacerate 118,7,15,alive,,W9-10,2.142857143,7,,H2,25,P1_H2,H2_25_Tub2,H2_25
2026-04-16,Thu,Maddox,P2_H2_25_Tub2_Lacerate 119,6,8,alive,,W9-10,1.333333333,6,,H2,25,P2_H2,H2_25_Tub2,H2_25
2026-04-16,Thu,Maddox,P1_H2_25_Tub2_Lacerate 120,5,,missing,,W9-10,0,5,,H2,25,P1_H2,H2_25_Tub2,H2_25
2026-04-16,Thu,Maddox,P1_H2_25_Tub2_Lacerate 121,5,,missing,,W9-10,0,5,,H2,25,P1_H2,H2_25_Tub2,H2_25
2026-04-16,Thu,Maddox,P1_H2_25_Tub2_Lacerate 122,5,,missing,,W9-10,0,5,,H2,25,P1_H2,H2_25_Tub2,H2_25
2026-04-16,Thu,Maddox,PX_H2_25_Tub2_Lacerate 123,3,11,alive,,W9-10,3.666666667,3,,H2,25,PX_H2,H2_25_Tub2,H2_25
2026-04-16,Thu,Maddox,PX_H2_25_Tub2_Lacerate 124,3,8,alive,,W9-10,2.666666667,3,,H2,25,PX_H2,H2_25_Tub2,H2_25
2026-04-16,Thu,Maddox,PX_H2_25_Tub2_Lacerate 125,3,16,alive,,W9-10,5.333333333,3,,H2,25,PX_H2,H2_25_Tub2,H2_25
2026-04-16,Thu,Maddox,PX_H2_25_Tub2_Lacerate 126,3,,missing,,W9-10,0,3,,H2,25,PX_H2,H2_25_Tub2,H2_25
2026-04-16,Thu,Maddox,P1_H2_25_Tub2_Lacerate 127,3,,missing,,W9-10,0,3,,H2,25,P1_H2,H2_25_Tub2,H2_25
2026-04-16,Thu,Maddox,PX_H2_25_Tub2_Lacerate 128,2,10,alive,,W9-10,5,2,,H2,25,PX_H2,H2_25_Tub2,H2_25
2026-04-16,Thu,Maddox,P3_H2_25_Tub2_Lacerate 129,2,14,alive,,W9-10,7,2,,H2,25,P3_H2,H2_25_Tub2,H2_25
2026-04-16,Thu,Maddox,P3_H2_25_Tub2_Lacerate 130,2,5,alive,,W9-10,2.5,2,,H2,25,P3_H2,H2_25_Tub2,H2_25
2026-04-16,Thu,Maddox,P1_H2_25_Tub2_Lacerate 131,2,9,alive,,W9-10,4.5,2,,H2,25,P1_H2,H2_25_Tub2,H2_25
2026-04-16,Thu,Maddox,P2_H2_25_Tub2_Lacerate 132,2,5,alive,,W9-10,2.5,2,,H2,25,P2_H2,H2_25_Tub2,H2_25
2026-04-16,Thu,Maddox,P1_H2_25_Tub2_Lacerate 133,2,11,alive,,W9-10,5.5,2,,H2,25,P1_H2,H2_25_Tub2,H2_25
2026-04-16,Thu,Maddox,P2_H2_25_Tub2_Lacerate 134,2,8,alive,,W9-10,4,2,,H2,25,P2_H2,H2_25_Tub2,H2_25
2026-04-16,Thu,Maddox,P1_H2_25_Tub2_Lacerate 135,1,8,alive,,W9-10,8,1,,H2,25,P1_H2,H2_25_Tub2,H2_25
2026-04-16,Thu,Maddox,PX_H2_25_Tub2_Lacerate 136,1,9,alive,,W9-10,9,1,,H2,25,PX_H2,H2_25_Tub2,H2_25
2026-04-16,Thu,Maddox,PX_H2_25_Tub2_Lacerate 137,0,11,alive,,W9-10,#N/A,0,,H2,25,PX_H2,H2_25_Tub2,H2_25
2026-04-16,Thu,Maddox,PX_H2_25_Tub2_Lacerate 138,0,2,alive,,W9-10,#N/A,0,,H2,25,PX_H2,H2_25_Tub2,H2_25
2026-04-16,Thu,Maddox,P3_H2_25_Tub3_Lacerate 111,9,,missing,,W9-10,0,9,,H2,25,P3_H2,H2_25_Tub3,H2_25
2026-04-16,Thu,Maddox,P3_H2_25_Tub3_Lacerate 112,9,,missing,,W9-10,0,9,,H2,25,P3_H2,H2_25_Tub3,H2_25
2026-04-16,Thu,Maddox,PX_H2_25_Tub3_Lacerate 113,9,,missing,,W9-10,0,9,,H2,25,PX_H2,H2_25_Tub3,H2_25
2026-04-16,Thu,Maddox,P2_H2_25_Tub3_Lacerate 114,9,,missing,,W9-10,0,9,,H2,25,P2_H2,H2_25_Tub3,H2_25
2026-04-16,Thu,Maddox,P1_H2_25_Tub3_Lacerate 115,9,,missing,,W9-10,0,9,,H2,25,P1_H2,H2_25_Tub3,H2_25
2026-04-16,Thu,Maddox,P1_H2_25_Tub3_Lacerate 116,7,0,alive,,W9-10,0,7,,H2,25,P1_H2,H2_25_Tub3,H2_25
2026-04-16,Thu,Maddox,PX_H2_25_Tub3_Lacerate 117,7,10,alive,,W9-10,1.428571429,7,,H2,25,PX_H2,H2_25_Tub3,H2_25
2026-04-16,Thu,Maddox,PX_H2_25_Tub3_Lacerate 118,6,9,alive,,W9-10,1.5,6,,H2,25,PX_H2,H2_25_Tub3,H2_25
2026-04-16,Thu,Maddox,P3_H2_25_Tub3_Lacerate 119,6,,missing,,W9-10,0,6,,H2,25,P3_H2,H2_25_Tub3,H2_25
2026-04-16,Thu,Maddox,P3_H2_25_Tub3_Lacerate 120,6,6,alive,very contracted,W9-10,1,6,,H2,25,P3_H2,H2_25_Tub3,H2_25
2026-04-16,Thu,Maddox,P3_H2_25_Tub3_Lacerate 121,6,,missing,,W9-10,0,6,,H2,25,P3_H2,H2_25_Tub3,H2_25
2026-04-16,Thu,Maddox,P3_H2_25_Tub3_Lacerate 122,6,,missing,,W9-10,0,6,,H2,25,P3_H2,H2_25_Tub3,H2_25
2026-04-16,Thu,Maddox,P3_H2_25_Tub3_Lacerate 123,6,,missing,,W9-10,0,6,,H2,25,P3_H2,H2_25_Tub3,H2_25
2026-04-16,Thu,Maddox,P3_H2_25_Tub3_Lacerate 124,6,,missing,,W9-10,0,6,,H2,25,P3_H2,H2_25_Tub3,H2_25
2026-04-16,Thu,Maddox,P2_H2_25_Tub3_Lacerate 125,5,8,alive,,W9-10,1.6,5,,H2,25,P2_H2,H2_25_Tub3,H2_25
2026-04-16,Thu,Maddox,P1_H2_25_Tub3_Lacerate 126,5,,missing,,W9-10,0,5,,H2,25,P1_H2,H2_25_Tub3,H2_25
2026-04-16,Thu,Maddox,P1_H2_25_Tub3_Lacerate 127,5,11,alive,,W9-10,2.2,5,,H2,25,P1_H2,H2_25_Tub3,H2_25
2026-04-16,Thu,Maddox,P1_H2_25_Tub3_Lacerate 128,5,8,alive,,W9-10,1.6,5,,H2,25,P1_H2,H2_25_Tub3,H2_25
2026-04-16,Thu,Maddox,P1_H2_25_Tub3_Lacerate 129,5,0,alive,,W9-10,0,5,,H2,25,P1_H2,H2_25_Tub3,H2_25
2026-04-16,Thu,Maddox,P1_H2_25_Tub3_Lacerate 130,4,6,alive,,W9-10,1.5,4,,H2,25,P1_H2,H2_25_Tub3,H2_25
2026-04-16,Thu,Maddox,P2_H2_25_Tub3_Lacerate 131,3,11,alive,,W9-10,3.666666667,3,,H2,25,P2_H2,H2_25_Tub3,H2_25
2026-04-16,Thu,Maddox,P2_H2_25_Tub3_Lacerate 132,3,11,alive,,W9-10,3.666666667,3,,H2,25,P2_H2,H2_25_Tub3,H2_25
2026-04-16,Thu,Maddox,P2_H2_25_Tub3_Lacerate 133,3,13,alive,,W9-10,4.333333333,3,,H2,25,P2_H2,H2_25_Tub3,H2_25
2026-04-16,Thu,Maddox,P1_H2_25_Tub3_Lacerate 134,3,11,alive,,W9-10,3.666666667,3,,H2,25,P1_H2,H2_25_Tub3,H2_25
2026-04-16,Thu,Maddox,P1_H2_25_Tub3_Lacerate 135,3,0,alive,,W9-10,0,3,,H2,25,P1_H2,H2_25_Tub3,H2_25
2026-04-16,Thu,Maddox,P1_H2_25_Tub3_Lacerate 136,3,9,alive,,W9-10,3,3,,H2,25,P1_H2,H2_25_Tub3,H2_25
2026-04-16,Thu,Maddox,P1_H2_25_Tub3_Lacerate 137,3,0,alive,,W9-10,0,3,,H2,25,P1_H2,H2_25_Tub3,H2_25
2026-04-16,Thu,Maddox,P1_H2_25_Tub3_Lacerate 138,3,8,alive,,W9-10,2.666666667,3,,H2,25,P1_H2,H2_25_Tub3,H2_25
2026-04-16,Thu,Maddox,P1_H2_25_Tub3_Lacerate 139,3,6,alive,,W9-10,2,3,,H2,25,P1_H2,H2_25_Tub3,H2_25
2026-04-16,Thu,Maddox,P1_H2_25_Tub3_Lacerate 140,3,8,alive,,W9-10,2.666666667,3,,H2,25,P1_H2,H2_25_Tub3,H2_25
2026-04-16,Thu,Maddox,P1_H2_25_Tub3_Lacerate 141,3,10,alive,,W9-10,3.333333333,3,,H2,25,P1_H2,H2_25_Tub3,H2_25
2026-04-16,Thu,Maddox,P2_H2_25_Tub3_Lacerate 142,3,0,alive,,W9-10,0,3,,H2,25,P2_H2,H2_25_Tub3,H2_25
2026-04-16,Thu,Maddox,P2_H2_25_Tub3_Lacerate 143,3,3,alive,,W9-10,1,3,,H2,25,P2_H2,H2_25_Tub3,H2_25
2026-04-16,Thu,Maddox,PX_H2_25_Tub3_Lacerate 144,3,13,alive,,W9-10,4.333333333,3,,H2,25,PX_H2,H2_25_Tub3,H2_25
2026-04-16,Thu,Maddox,PX_H2_25_Tub3_Lacerate 145,3,11,alive,,W9-10,3.666666667,3,,H2,25,PX_H2,H2_25_Tub3,H2_25
2026-04-16,Thu,Maddox,PX_H2_25_Tub3_Lacerate 146,3,13,alive,,W9-10,4.333333333,3,,H2,25,PX_H2,H2_25_Tub3,H2_25
2026-04-16,Thu,Maddox,PX_H2_25_Tub3_Lacerate 147,2,10,alive,,W9-10,5,2,,H2,25,PX_H2,H2_25_Tub3,H2_25
2026-04-16,Thu,Maddox,PX_H2_25_Tub3_Lacerate 148,2,11,alive,,W9-10,5.5,2,,H2,25,PX_H2,H2_25_Tub3,H2_25
2026-04-16,Thu,Maddox,PX_H2_25_Tub3_Lacerate 149,1,5,alive,,W9-10,#REF!,#REF!,,H2,25,PX_H2,H2_25_Tub3,H2_25
2026-04-16,Thu,Maddox,PX_H2_25_Tub3_Lacerate 150,0,6,alive,,W9-10,6,1,,H2,25,PX_H2,H2_25_Tub3,H2_25
2026-04-16,Thu,Maddox,P3_VWA_25_Tub1_Lacerate 138,9,7,alive,,W9-10,0.7777777778,9,,VWA,25,P3_VWA,VWA_25_Tub1,VWA_25
2026-04-16,Thu,Maddox,P3_VWA_25_Tub1_Lacerate 139,9,12,alive,,W9-10,1.333333333,9,,VWA,25,P3_VWA,VWA_25_Tub1,VWA_25
2026-04-16,Thu,Maddox,P1_VWA_25_Tub1_Lacerate 140,9,,missing,,W9-10,0,9,,VWA,25,P1_VWA,VWA_25_Tub1,VWA_25
2026-04-16,Thu,Maddox,PX_VWA_25_Tub1_Lacerate 141,9,6,alive,,W9-10,0.6666666667,9,,VWA,25,PX_VWA,VWA_25_Tub1,VWA_25
2026-04-16,Thu,Maddox,P3_VWA_25_Tub1_Lacerate 142,9,7,alive,,W9-10,0.7777777778,9,,VWA,25,P3_VWA,VWA_25_Tub1,VWA_25
2026-04-16,Thu,Maddox,PX_VWA_25_Tub1_Lacerate 143,9,14,alive,,W9-10,1.555555556,9,,VWA,25,PX_VWA,VWA_25_Tub1,VWA_25
2026-04-16,Thu,Maddox,P2_VWA_25_Tub1_Lacerate 144,9,11,alive,,W9-10,1.222222222,9,,VWA,25,P2_VWA,VWA_25_Tub1,VWA_25
2026-04-16,Thu,Maddox,P2_VWA_25_Tub1_Lacerate 145,9,8,alive,,W9-10,0.8888888889,9,,VWA,25,P2_VWA,VWA_25_Tub1,VWA_25
2026-04-16,Thu,Maddox,P2_VWA_25_Tub1_Lacerate 146,9,8,alive,,W9-10,0.8888888889,9,,VWA,25,P2_VWA,VWA_25_Tub1,VWA_25
2026-04-16,Thu,Maddox,P2_VWA_25_Tub1_Lacerate 147,7,12,alive,,W9-10,1.714285714,7,,VWA,25,P2_VWA,VWA_25_Tub1,VWA_25
2026-04-16,Thu,Maddox,P3_VWA_25_Tub1_Lacerate 148,6,12,alive,,W9-10,2,6,,VWA,25,P3_VWA,VWA_25_Tub1,VWA_25
2026-04-16,Thu,Maddox,P3_VWA_25_Tub1_Lacerate 149,6,8,alive,,W9-10,1.333333333,6,,VWA,25,P3_VWA,VWA_25_Tub1,VWA_25
2026-04-16,Thu,Maddox,PX_VWA_25_Tub1_Lacerate 150,3,12,alive,,W9-10,4,3,,VWA,25,PX_VWA,VWA_25_Tub1,VWA_25
2026-04-16,Thu,Maddox,PX_VWA_25_Tub1_Lacerate 151,3,6,alive,,W9-10,2,3,,VWA,25,PX_VWA,VWA_25_Tub1,VWA_25
2026-04-16,Thu,Maddox,P2_VWA_25_Tub1_Lacerate 152,3,8,alive,,W9-10,2.666666667,3,,VWA,25,P2_VWA,VWA_25_Tub1,VWA_25
2026-04-16,Thu,Maddox,PX_VWA_25_Tub1_Lacerate 153,3,9,alive,,W9-10,3,3,,VWA,25,PX_VWA,VWA_25_Tub1,VWA_25
2026-04-16,Thu,Maddox,P3_VWA_25_Tub1_Lacerate 154,3,8,alive,,W9-10,2.666666667,3,,VWA,25,P3_VWA,VWA_25_Tub1,VWA_25
2026-04-16,Thu,Maddox,P3_VWA_25_Tub1_Lacerate 155,2,10,alive,,W9-10,5,2,,VWA,25,P3_VWA,VWA_25_Tub1,VWA_25
2026-04-16,Thu,Maddox,P3_VWA_25_Tub1_Lacerate 156,1,,missing,not labelled on map,W9-10,0,1,,VWA,25,P3_VWA,VWA_25_Tub1,VWA_25
2026-04-16,Thu,Maddox,P3_VWA_25_Tub1_Lacerate 157,0,0,alive,,W9-10,#N/A,0,,VWA,25,P3_VWA,VWA_25_Tub1,VWA_25
2026-04-16,Thu,Maddox,P1_VWA_25_Tub2_Lacerate 74,9,0,alive,,W9-10,0,9,,VWA,25,P1_VWA,VWA_25_Tub2,VWA_25
2026-04-16,Thu,Maddox,P1_VWA_25_Tub2_Lacerate 75,9,0,alive,,W9-10,0,9,,VWA,25,P1_VWA,VWA_25_Tub2,VWA_25
2026-04-16,Thu,Maddox,P1_VWA_25_Tub2_Lacerate 76,9,0,alive,,W9-10,0,9,,VWA,25,P1_VWA,VWA_25_Tub2,VWA_25
2026-04-16,Thu,Maddox,P1_VWA_25_Tub2_Lacerate 77,9,0,alive,,W9-10,0,9,,VWA,25,P1_VWA,VWA_25_Tub2,VWA_25
2026-04-16,Thu,Maddox,P1_VWA_25_Tub2_Lacerate 78,9,0,alive,,W9-10,0,9,,VWA,25,P1_VWA,VWA_25_Tub2,VWA_25
2026-04-16,Thu,Maddox,P1_VWA_25_Tub2_Lacerate 79,9,0,alive,,W9-10,0,9,,VWA,25,P1_VWA,VWA_25_Tub2,VWA_25
2026-04-16,Thu,Maddox,P1_VWA_25_Tub2_Lacerate 80,9,0,alive,,W9-10,0,9,,VWA,25,P1_VWA,VWA_25_Tub2,VWA_25
2026-04-16,Thu,Maddox,P1_VWA_25_Tub2_Lacerate 81,9,0,alive,,W9-10,0,9,,VWA,25,P1_VWA,VWA_25_Tub2,VWA_25
2026-04-16,Thu,Maddox,P1_VWA_25_Tub2_Lacerate 82,9,0,alive,,W9-10,0,9,,VWA,25,P1_VWA,VWA_25_Tub2,VWA_25
2026-04-16,Thu,Maddox,P1_VWA_25_Tub2_Lacerate 83,9,0,alive,,W9-10,0,9,,VWA,25,P1_VWA,VWA_25_Tub2,VWA_25
2026-04-16,Thu,Maddox,P1_VWA_25_Tub2_Lacerate 84,9,,missing,,W9-10,0,9,,VWA,25,P1_VWA,VWA_25_Tub2,VWA_25
2026-04-16,Thu,Maddox,P1_VWA_25_Tub2_Lacerate 85,7,0,alive,,W9-10,0,7,,VWA,25,P1_VWA,VWA_25_Tub2,VWA_25
2026-04-16,Thu,Maddox,PX_VWA_25_Tub2_Lacerate 86,6,0,alive,,W9-10,0,6,,VWA,25,PX_VWA,VWA_25_Tub2,VWA_25
2026-04-16,Thu,Maddox,PX_VWA_25_Tub2_Lacerate 87,6,0,alive,,W9-10,0,6,,VWA,25,PX_VWA,VWA_25_Tub2,VWA_25
2026-04-16,Thu,Maddox,PX_VWA_25_Tub2_Lacerate 88,6,0,alive,,W9-10,0,6,,VWA,25,PX_VWA,VWA_25_Tub2,VWA_25
2026-04-16,Thu,Maddox,PX_VWA_25_Tub2_Lacerate 89,6,10,alive,,W9-10,1.666666667,6,,VWA,25,PX_VWA,VWA_25_Tub2,VWA_25
2026-04-16,Thu,Maddox,P2_VWA_25_Tub2_Lacerate 90,5,7,alive,,W9-10,1.4,5,,VWA,25,P2_VWA,VWA_25_Tub2,VWA_25
2026-04-16,Thu,Maddox,P2_VWA_25_Tub2_Lacerate 91,5,7,alive,,W9-10,1.4,5,,VWA,25,P2_VWA,VWA_25_Tub2,VWA_25
2026-04-16,Thu,Maddox,P1_VWA_25_Tub2_Lacerate 92,3,13,alive,,W9-10,4.333333333,3,,VWA,25,P1_VWA,VWA_25_Tub2,VWA_25
2026-04-16,Thu,Maddox,P2_VWA_25_Tub2_Lacerate 93,3,,missing,,W9-10,0,3,,VWA,25,P2_VWA,VWA_25_Tub2,VWA_25
2026-04-16,Thu,Maddox,P2_VWA_25_Tub2_Lacerate 94,3,8,alive,,W9-10,2.666666667,3,,VWA,25,P2_VWA,VWA_25_Tub2,VWA_25
2026-04-16,Thu,Maddox,P2_VWA_25_Tub2_Lacerate 95,3,6,alive,,W9-10,2,3,,VWA,25,P2_VWA,VWA_25_Tub2,VWA_25
2026-04-16,Thu,Maddox,P2_VWA_25_Tub2_Lacerate 96,3,12,alive,,W9-10,4,3,,VWA,25,P2_VWA,VWA_25_Tub2,VWA_25
2026-04-16,Thu,Maddox,P2_VWA_25_Tub2_Lacerate 97,3,13,alive,,W9-10,4.333333333,3,,VWA,25,P2_VWA,VWA_25_Tub2,VWA_25
2026-04-16,Thu,Maddox,P3_VWA_25_Tub2_Lacerate 98,3,8,alive,,W9-10,2.666666667,3,,VWA,25,P3_VWA,VWA_25_Tub2,VWA_25
2026-04-16,Thu,Maddox,P2_VWA_25_Tub2_Lacerate 99,2,10,alive,,W9-10,5,2,,VWA,25,P2_VWA,VWA_25_Tub2,VWA_25
2026-04-16,Thu,Maddox,P2_VWA_25_Tub2_Lacerate 100,2,8,alive,,W9-10,4,2,,VWA,25,P2_VWA,VWA_25_Tub2,VWA_25
2026-04-16,Thu,Maddox,P1_VWA_25_Tub2_Lacerate 101,2,0,alive,,W9-10,0,2,,VWA,25,P1_VWA,VWA_25_Tub2,VWA_25
2026-04-16,Thu,Maddox,P1_VWA_25_Tub2_Lacerate 102,2,0,alive,,W9-10,0,2,,VWA,25,P1_VWA,VWA_25_Tub2,VWA_25
2026-04-16,Thu,Maddox,P1_VWA_25_Tub2_Lacerate 103,2,6,alive,,W9-10,3,2,,VWA,25,P1_VWA,VWA_25_Tub2,VWA_25
2026-04-16,Thu,Maddox,PX_VWA_25_Tub2_Lacerate 104,2,6,alive,,W9-10,3,2,,VWA,25,PX_VWA,VWA_25_Tub2,VWA_25
2026-04-16,Thu,Maddox,PX_VWA_25_Tub2_Lacerate 105,1,8,alive,,W9-10,8,1,,VWA,25,PX_VWA,VWA_25_Tub2,VWA_25
2026-04-16,Thu,Maddox,PX_VWA_25_Tub2_Lacerate 106,1,6,alive,,W9-10,6,1,,VWA,25,PX_VWA,VWA_25_Tub2,VWA_25
2026-04-16,Thu,Maddox,PX_VWA_25_Tub2_Lacerate 107,1,,missing,,W9-10,0,1,,VWA,25,PX_VWA,VWA_25_Tub2,VWA_25
2026-04-16,Thu,Maddox,PX_VWA_25_Tub2_Lacerate 108,1,8,alive,,W9-10,8,1,,VWA,25,PX_VWA,VWA_25_Tub2,VWA_25
2026-04-16,Thu,Maddox,PX_VWA_25_Tub2_Lacerate 109,1,8,alive,,W9-10,8,1,,VWA,25,PX_VWA,VWA_25_Tub2,VWA_25
2026-04-16,Thu,Maddox,PX_VWA_25_Tub2_Lacerate 110,0,2,alive,,W9-10,#N/A,0,,VWA,25,PX_VWA,VWA_25_Tub2,VWA_25
2026-04-16,Thu,Maddox,PX_VWA_25_Tub2_Lacerate 111,0,0,alive,,W9-10,#N/A,0,,VWA,25,PX_VWA,VWA_25_Tub2,VWA_25
2026-04-16,Thu,Maddox,P3_VWA_25_Tub3_Lacerate 97,9,12,alive,,W9-10,1.333333333,9,,VWA,25,P3_VWA,VWA_25_Tub3,VWA_25
2026-04-16,Thu,Maddox,P3_VWA_25_Tub3_Lacerate 98,9,0,alive,,W9-10,0,9,,VWA,25,P3_VWA,VWA_25_Tub3,VWA_25
2026-04-16,Thu,Maddox,P3_VWA_25_Tub3_Lacerate 99,9,,missing,,W9-10,0,9,,VWA,25,P3_VWA,VWA_25_Tub3,VWA_25
2026-04-16,Thu,Maddox,P3_VWA_25_Tub3_Lacerate 100,9,13,alive,,W9-10,1.444444444,9,,VWA,25,P3_VWA,VWA_25_Tub3,VWA_25
2026-04-16,Thu,Maddox,P3_VWA_25_Tub3_Lacerate 101,9,,missing,,W9-10,0,9,,VWA,25,P3_VWA,VWA_25_Tub3,VWA_25
2026-04-16,Thu,Maddox,P3_VWA_25_Tub3_Lacerate 102,9,0,alive,,W9-10,0,9,,VWA,25,P3_VWA,VWA_25_Tub3,VWA_25
2026-04-16,Thu,Maddox,P3_VWA_25_Tub3_Lacerate 103,9,0,alive,,W9-10,0,9,,VWA,25,P3_VWA,VWA_25_Tub3,VWA_25
2026-04-16,Thu,Maddox,P3_VWA_25_Tub3_Lacerate 104,9,0,alive,,W9-10,0,9,,VWA,25,P3_VWA,VWA_25_Tub3,VWA_25
2026-04-16,Thu,Maddox,PX_VWA_25_Tub3_Lacerate 105,9,12,alive,,W9-10,1.333333333,9,,VWA,25,PX_VWA,VWA_25_Tub3,VWA_25
2026-04-16,Thu,Maddox,P3_VWA_25_Tub3_Lacerate 106,9,0,alive,,W9-10,0,9,,VWA,25,P3_VWA,VWA_25_Tub3,VWA_25
2026-04-16,Thu,Maddox,P3_VWA_25_Tub3_Lacerate 107,9,0,alive,,W9-10,0,9,,VWA,25,P3_VWA,VWA_25_Tub3,VWA_25
2026-04-16,Thu,Maddox,P3_VWA_25_Tub3_Lacerate 108,9,0,alive,,W9-10,0,9,,VWA,25,P3_VWA,VWA_25_Tub3,VWA_25
2026-04-16,Thu,Maddox,P3_VWA_25_Tub3_Lacerate 109,9,0,alive,,W9-10,0,9,,VWA,25,P3_VWA,VWA_25_Tub3,VWA_25
2026-04-16,Thu,Maddox,PX_VWA_25_Tub3_Lacerate 110,9,12,alive,,W9-10,1.333333333,9,,VWA,25,PX_VWA,VWA_25_Tub3,VWA_25
2026-04-16,Thu,Maddox,P2_VWA_25_Tub3_Lacerate 111,9,0,alive,,W9-10,0,9,,VWA,25,P2_VWA,VWA_25_Tub3,VWA_25
2026-04-16,Thu,Maddox,P2_VWA_25_Tub3_Lacerate 112,7,0,alive,,W9-10,0,7,,VWA,25,P2_VWA,VWA_25_Tub3,VWA_25
2026-04-16,Thu,Maddox,P1_VWA_25_Tub3_Lacerate 113,5,9,alive,,W9-10,1.8,5,,VWA,25,P1_VWA,VWA_25_Tub3,VWA_25
2026-04-16,Thu,Maddox,P1_VWA_25_Tub3_Lacerate 114,5,9,alive,,W9-10,1.8,5,,VWA,25,P1_VWA,VWA_25_Tub3,VWA_25
2026-04-16,Thu,Maddox,P1_VWA_25_Tub3_Lacerate 115,5,13,alive,,W9-10,2.6,5,,VWA,25,P1_VWA,VWA_25_Tub3,VWA_25
2026-04-16,Thu,Maddox,P3_VWA_25_Tub3_Lacerate 116,5,0,alive,,W9-10,0,5,,VWA,25,P3_VWA,VWA_25_Tub3,VWA_25
2026-04-16,Thu,Maddox,P3_VWA_25_Tub3_Lacerate 117,5,0,alive,,W9-10,0,5,,VWA,25,P3_VWA,VWA_25_Tub3,VWA_25
2026-04-16,Thu,Maddox,P3_VWA_25_Tub3_Lacerate 118,3,,missing,,W9-10,0,3,,VWA,25,P3_VWA,VWA_25_Tub3,VWA_25
2026-04-16,Thu,Maddox,P3_VWA_25_Tub3_Lacerate 119,3,,missing,,W9-10,0,3,,VWA,25,P3_VWA,VWA_25_Tub3,VWA_25
2026-04-16,Thu,Maddox,P2_VWA_25_Tub3_Lacerate 120,3,13,alive,,W9-10,4.333333333,3,,VWA,25,P2_VWA,VWA_25_Tub3,VWA_25
2026-04-16,Thu,Maddox,PX_VWA_25_Tub3_Lacerate 121,3,8,alive,,W9-10,2.666666667,3,,VWA,25,PX_VWA,VWA_25_Tub3,VWA_25
2026-04-16,Thu,Maddox,PX_VWA_25_Tub3_Lacerate 122,3,13,alive,,W9-10,4.333333333,3,,VWA,25,PX_VWA,VWA_25_Tub3,VWA_25
2026-04-16,Thu,Maddox,PX_VWA_25_Tub3_Lacerate 123,3,11,alive,,W9-10,3.666666667,3,,VWA,25,PX_VWA,VWA_25_Tub3,VWA_25
2026-04-16,Thu,Maddox,P1_VWA_25_Tub3_Lacerate 124,3,9,alive,,W9-10,3,3,,VWA,25,P1_VWA,VWA_25_Tub3,VWA_25
2026-04-16,Thu,Maddox,P1_VWA_25_Tub3_Lacerate 125,2,14,alive,,W9-10,7,2,,VWA,25,P1_VWA,VWA_25_Tub3,VWA_25
2026-04-16,Thu,Maddox,P1_VWA_25_Tub3_Lacerate 126,2,4,alive,,W9-10,2,2,,VWA,25,P1_VWA,VWA_25_Tub3,VWA_25
2026-04-16,Thu,Maddox,P1_VWA_25_Tub3_Lacerate 127,2,4,alive,,W9-10,2,2,,VWA,25,P1_VWA,VWA_25_Tub3,VWA_25
2026-04-16,Thu,Maddox,P1_VWA_25_Tub3_Lacerate 128,2,4,alive,,W9-10,2,2,,VWA,25,P1_VWA,VWA_25_Tub3,VWA_25
2026-04-16,Thu,Maddox,P1_VWA_25_Tub3_Lacerate 129,0,10,alive,,W9-10,#REF!,#REF!,,VWA,25,P1_VWA,VWA_25_Tub3,VWA_25
2026-04-16,Thu,Maddox,P3_H2_32_Tub1_Lacerate 102,9,0,alive,,W9-10,#N/A,0,,H2,32,P3_H2,H2_32_Tub1,H2_32
2026-04-16,Thu,Maddox,P2_H2_32_Tub1_Lacerate 103,9,12,alive,,W9-10,1.333333333,9,,H2,32,P2_H2,H2_32_Tub1,H2_32
2026-04-16,Thu,Maddox,P2_H2_32_Tub1_Lacerate 104,6,,missing,,W9-10,0,6,,H2,32,P2_H2,H2_32_Tub1,H2_32
2026-04-16,Thu,Maddox,P3_H2_32_Tub1_Lacerate 105,5,,missing,,W9-10,0,5,,H2,32,P3_H2,H2_32_Tub1,H2_32
2026-04-16,Thu,Maddox,P3_H2_32_Tub1_Lacerate 106,3,0,alive,,W9-10,0,3,,H2,32,P3_H2,H2_32_Tub1,H2_32
2026-04-16,Thu,Maddox,P3_H2_32_Tub1_Lacerate 107,3,10,alive,,W9-10,3.333333333,3,,H2,32,P3_H2,H2_32_Tub1,H2_32
2026-04-16,Thu,Maddox,P3_H2_32_Tub1_Lacerate 108,3,0,alive,,W9-10,0,3,,H2,32,P3_H2,H2_32_Tub1,H2_32
2026-04-16,Thu,Maddox,P2_H2_32_Tub1_Lacerate 109,3,0,alive,,W9-10,0,3,,H2,32,P2_H2,H2_32_Tub1,H2_32
2026-04-16,Thu,Maddox,PX_H2_32_Tub1_Lacerate 110,3,,missing,,W9-10,0,3,,H2,32,PX_H2,H2_32_Tub1,H2_32
2026-04-16,Thu,Maddox,PX_H2_32_Tub1_Lacerate 111,3,11,alive,,W9-10,3.666666667,3,,H2,32,PX_H2,H2_32_Tub1,H2_32
2026-04-16,Thu,Maddox,PX_H2_32_Tub1_Lacerate 112,2,10,alive,,W9-10,5,2,,H2,32,PX_H2,H2_32_Tub1,H2_32
2026-04-16,Thu,Maddox,PX_H2_32_Tub1_Lacerate 113,2,,missing,,W9-10,0,2,,H2,32,PX_H2,H2_32_Tub1,H2_32
2026-04-16,Thu,Maddox,P3_H2_32_Tub1_Lacerate 114,1,0,alive,,W9-10,0,1,,H2,32,P3_H2,H2_32_Tub1,H2_32
2026-04-16,Thu,Maddox,P3_H2_32_Tub1_Lacerate 115,1,3,alive,,W9-10,3,1,,H2,32,P3_H2,H2_32_Tub1,H2_32
2026-04-16,Thu,Maddox,P1_H2_32_Tub1_Lacerate 116,1,,missing,,W9-10,0,1,,H2,32,P1_H2,H2_32_Tub1,H2_32
2026-04-16,Thu,Maddox,P1_H2_32_Tub1_Lacerate 117,1,8,alive,,W9-10,8,1,,H2,32,P1_H2,H2_32_Tub1,H2_32
2026-04-16,Thu,Maddox,P1_H2_32_Tub1_Lacerate 118,1,0,alive,,W9-10,0,1,,H2,32,P1_H2,H2_32_Tub1,H2_32
2026-04-16,Thu,Maddox,P1_H2_32_Tub1_Lacerate 119,1,8,alive,,W9-10,8,1,,H2,32,P1_H2,H2_32_Tub1,H2_32
2026-04-16,Thu,Maddox,P1_H2_32_Tub1_Lacerate 120,0,3,alive,,W9-10,#N/A,0,,H2,32,P1_H2,H2_32_Tub1,H2_32
2026-04-16,Thu,Maddox,P1_H2_32_Tub1_Lacerate 121,0,4,alive,,W9-10,#N/A,0,,H2,32,P1_H2,H2_32_Tub1,H2_32
2026-04-16,Thu,Maddox,P1_H2_32_Tub1_Lacerate 122,0,0,alive,,W9-10,#N/A,0,,H2,32,P1_H2,H2_32_Tub1,H2_32
2026-04-16,Thu,Maddox,P1_H2_32_Tub1_Lacerate 123,0,0,alive,,W9-10,#N/A,0,,H2,32,P1_H2,H2_32_Tub1,H2_32
2026-04-16,Thu,Maddox,P1_H2_32_Tub2_Lacerate 125,9,,missing,,W9-10,0,9,,H2,32,P1_H2,H2_32_Tub2,H2_32
2026-04-16,Thu,Maddox,P1_H2_32_Tub2_Lacerate 126,9,0,alive,,W9-10,0,9,,H2,32,P1_H2,H2_32_Tub2,H2_32
2026-04-16,Thu,Maddox,P1_H2_32_Tub2_Lacerate 127,9,,missing,,W9-10,0,9,,H2,32,P1_H2,H2_32_Tub2,H2_32
2026-04-16,Thu,Maddox,P1_H2_32_Tub2_Lacerate 128,9,0,alive,,W9-10,0,9,,H2,32,P1_H2,H2_32_Tub2,H2_32
2026-04-16,Thu,Maddox,P1_H2_32_Tub2_Lacerate 129,9,9,alive,,W9-10,1,9,,H2,32,P1_H2,H2_32_Tub2,H2_32
2026-04-16,Thu,Maddox,P1_H2_32_Tub2_Lacerate 130,9,,,,W9-10,0,9,,H2,32,P1_H2,H2_32_Tub2,H2_32
2026-04-16,Thu,Maddox,P1_H2_32_Tub2_Lacerate 131,9,,missing,,W9-10,0,9,,H2,32,P1_H2,H2_32_Tub2,H2_32
2026-04-16,Thu,Maddox,P3_H2_32_Tub2_Lacerate 132,9,,missing,,W9-10,0,9,,H2,32,P3_H2,H2_32_Tub2,H2_32
2026-04-16,Thu,Maddox,P2_H2_32_Tub2_Lacerate 133,9,10,alive,,W9-10,1.111111111,9,,H2,32,P2_H2,H2_32_Tub2,H2_32
2026-04-16,Thu,Maddox,P1_H2_32_Tub2_Lacerate 134,6,6,alive,,W9-10,1,6,,H2,32,P1_H2,H2_32_Tub2,H2_32
2026-04-16,Thu,Maddox,P1_H2_32_Tub2_Lacerate 135,6,9,alive,,W9-10,1.5,6,,H2,32,P1_H2,H2_32_Tub2,H2_32
2026-04-16,Thu,Maddox,P2_H2_32_Tub2_Lacerate 136,5,6,alive,,W9-10,1.2,5,,H2,32,P2_H2,H2_32_Tub2,H2_32
2026-04-16,Thu,Maddox,PX_H2_32_Tub2_Lacerate 137,5,11,alive,,W9-10,2.2,5,,H2,32,PX_H2,H2_32_Tub2,H2_32
2026-04-16,Thu,Maddox,PX_H2_32_Tub2_Lacerate 138,5,11,alive,,W9-10,2.2,5,,H2,32,PX_H2,H2_32_Tub2,H2_32
2026-04-16,Thu,Maddox,PX_H2_32_Tub2_Lacerate 139,5,11,alive,,W9-10,2.2,5,,H2,32,PX_H2,H2_32_Tub2,H2_32
2026-04-16,Thu,Maddox,P1_H2_32_Tub2_Lacerate 140,5,2,alive,,W9-10,0.4,5,,H2,32,P1_H2,H2_32_Tub2,H2_32
2026-04-16,Thu,Maddox,PX_H2_32_Tub2_Lacerate 141,3,14,alive,,W9-10,4.666666667,3,,H2,32,PX_H2,H2_32_Tub2,H2_32
2026-04-16,Thu,Maddox,PX_H2_32_Tub2_Lacerate 142,3,,missing,,W9-10,0,3,,H2,32,PX_H2,H2_32_Tub2,H2_32
2026-04-16,Thu,Maddox,P2_H2_32_Tub2_Lacerate 143,3,6,alive,,W9-10,2,3,,H2,32,P2_H2,H2_32_Tub2,H2_32
2026-04-16,Thu,Maddox,P2_H2_32_Tub2_Lacerate 144,3,14,alive,,W9-10,4.666666667,3,,H2,32,P2_H2,H2_32_Tub2,H2_32
2026-04-16,Thu,Maddox,PX_H2_32_Tub2_Lacerate 145,3,12,alive,,W9-10,4,3,,H2,32,PX_H2,H2_32_Tub2,H2_32
2026-04-16,Thu,Maddox,PX_H2_32_Tub2_Lacerate 146,3,9,alive,,W9-10,3,3,,H2,32,PX_H2,H2_32_Tub2,H2_32
2026-04-16,Thu,Maddox,PX_H2_32_Tub2_Lacerate 147,3,,missing,,W9-10,0,3,,H2,32,PX_H2,H2_32_Tub2,H2_32
2026-04-16,Thu,Maddox,PX_H2_32_Tub2_Lacerate 148,3,12,alive,,W9-10,4,3,,H2,32,PX_H2,H2_32_Tub2,H2_32
2026-04-16,Thu,Maddox,PX_H2_32_Tub2_Lacerate 149,3,6,alive,,W9-10,2,3,,H2,32,PX_H2,H2_32_Tub2,H2_32
2026-04-16,Thu,Maddox,PX_H2_32_Tub2_Lacerate 150,3,12,alive,,W9-10,4,3,,H2,32,PX_H2,H2_32_Tub2,H2_32
2026-04-16,Thu,Maddox,PX_H2_32_Tub2_Lacerate 151,3,10,alive,,W9-10,3.333333333,3,,H2,32,PX_H2,H2_32_Tub2,H2_32
2026-04-16,Thu,Maddox,PX_H2_32_Tub2_Lacerate 152,3,10,alive,,W9-10,3.333333333,3,,H2,32,PX_H2,H2_32_Tub2,H2_32
2026-04-16,Thu,Maddox,P3_H2_32_Tub2_Lacerate 153,2,8,alive,,W9-10,4,2,,H2,32,P3_H2,H2_32_Tub2,H2_32
2026-04-16,Thu,Maddox,P2_H2_32_Tub2_Lacerate 154,2,3,alive,,W9-10,1.5,2,,H2,32,P2_H2,H2_32_Tub2,H2_32
2026-04-16,Thu,Maddox,P2_H2_32_Tub2_Lacerate 155,2,5,alive,,W9-10,2.5,2,,H2,32,P2_H2,H2_32_Tub2,H2_32
2026-04-16,Thu,Maddox,PX_H2_32_Tub2_Lacerate 156,2,12,alive,,W9-10,6,2,,H2,32,PX_H2,H2_32_Tub2,H2_32
2026-04-16,Thu,Maddox,P1_H2_32_Tub2_Lacerate 157,1,0,alive,,W9-10,0,1,,H2,32,P1_H2,H2_32_Tub2,H2_32
2026-04-16,Thu,Maddox,P1_H2_32_Tub2_Lacerate 158,1,0,alive,,W9-10,0,1,,H2,32,P1_H2,H2_32_Tub2,H2_32
2026-04-16,Thu,Maddox,P1_H2_32_Tub2_Lacerate 159,1,0,alive,,W9-10,0,1,,H2,32,P1_H2,H2_32_Tub2,H2_32
2026-04-16,Thu,Maddox,P1_H2_32_Tub2_Lacerate 160,1,0,alive,,W9-10,0,1,,H2,32,P1_H2,H2_32_Tub2,H2_32
2026-04-16,Thu,Maddox,P3_H2_32_Tub2_Lacerate 161,1,0,alive,,W9-10,0,1,,H2,32,P3_H2,H2_32_Tub2,H2_32
2026-04-16,Thu,Maddox,P3_H2_32_Tub2_Lacerate 162,1,0,alive,,W9-10,0,1,,H2,32,P3_H2,H2_32_Tub2,H2_32
2026-04-16,Thu,Maddox,P3_H2_32_Tub2_Lacerate 163,1,0,alive,,W9-10,0,1,,H2,32,P3_H2,H2_32_Tub2,H2_32
2026-04-16,Thu,Maddox,P3_H2_32_Tub2_Lacerate 164,1,0,alive,,W9-10,0,1,,H2,32,P3_H2,H2_32_Tub2,H2_32
2026-04-16,Thu,Maddox,P3_H2_32_Tub2_Lacerate 165,1,0,alive,,W9-10,0,1,,H2,32,P3_H2,H2_32_Tub2,H2_32
2026-04-16,Thu,Maddox,P3_H2_32_Tub2_Lacerate 166,1,0,alive,,W9-10,0,1,,H2,32,P3_H2,H2_32_Tub2,H2_32
2026-04-16,Thu,Maddox,P2_H2_32_Tub2_Lacerate 167,1,9,alive,,W9-10,9,1,,H2,32,P2_H2,H2_32_Tub2,H2_32
2026-04-16,Thu,Maddox,PX_H2_32_Tub2_Lacerate 168,1,11,alive,,W9-10,11,1,,H2,32,PX_H2,H2_32_Tub2,H2_32
2026-04-16,Thu,Maddox,PX_H2_32_Tub2_Lacerate 169,1,4,alive,,W9-10,4,1,,H2,32,PX_H2,H2_32_Tub2,H2_32
2026-04-16,Thu,Maddox,PX_H2_32_Tub2_Lacerate 170,1,6,alive,,W9-10,6,1,,H2,32,PX_H2,H2_32_Tub2,H2_32
2026-04-16,Thu,Maddox,PX_H2_32_Tub2_Lacerate 171,0,11,alive,,W9-10,#N/A,0,,H2,32,PX_H2,H2_32_Tub2,H2_32
2026-04-16,Thu,Maddox,PX_H2_32_Tub2_Lacerate 172,0,13,alive,,W9-10,#N/A,0,,H2,32,PX_H2,H2_32_Tub2,H2_32
2026-04-16,Thu,Maddox,PX_H2_32_Tub2_Lacerate 173,0,0,alive,,W9-10,#N/A,0,,H2,32,PX_H2,H2_32_Tub2,H2_32
2026-04-16,Thu,Maddox,PX_H2_32_Tub2_Lacerate 174,0,0,alive,,W9-10,#N/A,0,,H2,32,PX_H2,H2_32_Tub2,H2_32
2026-04-16,Thu,Maddox,PX_H2_32_Tub2_Lacerate 175,0,5,alive,,W9-10,#N/A,0,,H2,32,PX_H2,H2_32_Tub2,H2_32
2026-04-16,Thu,Maddox,P1_H2_32_Tub3_Lacerate 115,9,8,alive,,W9-10,0.8888888889,9,,H2,32,P1_H2,H2_32_Tub3,H2_32
2026-04-16,Thu,Maddox,P2_H2_32_Tub3_Lacerate 116,9,,missing,,W9-10,0,9,,H2,32,P2_H2,H2_32_Tub3,H2_32
2026-04-16,Thu,Maddox,P2_H2_32_Tub3_Lacerate 117,9,10,alive,,W9-10,1.111111111,9,,H2,32,P2_H2,H2_32_Tub3,H2_32
2026-04-16,Thu,Maddox,P2_H2_32_Tub3_Lacerate 118,9,,missing,,W9-10,0,9,,H2,32,P2_H2,H2_32_Tub3,H2_32
2026-04-16,Thu,Maddox,P2_H2_32_Tub3_Lacerate 119,9,8,alive,,W9-10,0.8888888889,9,,H2,32,P2_H2,H2_32_Tub3,H2_32
2026-04-16,Thu,Maddox,P3_H2_32_Tub3_Lacerate 120,9,5,alive,,W9-10,0.5555555556,9,,H2,32,P3_H2,H2_32_Tub3,H2_32
2026-04-16,Thu,Maddox,P3_H2_32_Tub3_Lacerate 121,9,0,alive,,W9-10,0,9,,H2,32,P3_H2,H2_32_Tub3,H2_32
2026-04-16,Thu,Maddox,P3_H2_32_Tub3_Lacerate 122,9,8,alive,,W9-10,0.8888888889,9,,H2,32,P3_H2,H2_32_Tub3,H2_32
2026-04-16,Thu,Maddox,P3_H2_32_Tub3_Lacerate 123,9,8,alive,,W9-10,0.8888888889,9,,H2,32,P3_H2,H2_32_Tub3,H2_32
2026-04-16,Thu,Maddox,P3_H2_32_Tub3_Lacerate 124,9,9,alive,,W9-10,1,9,,H2,32,P3_H2,H2_32_Tub3,H2_32
2026-04-16,Thu,Maddox,P2_H2_32_Tub3_Lacerate 125,7,,missing,,W9-10,0,7,,H2,32,P2_H2,H2_32_Tub3,H2_32
2026-04-16,Thu,Maddox,P3_H2_32_Tub3_Lacerate 126,7,0,alive,,W9-10,0,7,,H2,32,P3_H2,H2_32_Tub3,H2_32
2026-04-16,Thu,Maddox,P1_H2_32_Tub3_Lacerate 127,7,8,alive,,W9-10,1.142857143,7,,H2,32,P1_H2,H2_32_Tub3,H2_32
2026-04-16,Thu,Maddox,PX_H2_32_Tub3_Lacerate 128,5,10,alive,,W9-10,2,5,,H2,32,PX_H2,H2_32_Tub3,H2_32
2026-04-16,Thu,Maddox,PX_H2_32_Tub3_Lacerate 129,5,20,alive,,W9-10,4,5,,H2,32,PX_H2,H2_32_Tub3,H2_32
2026-04-16,Thu,Maddox,PX_H2_32_Tub3_Lacerate 130,5,0,alive,,W9-10,0,5,,H2,32,PX_H2,H2_32_Tub3,H2_32
2026-04-16,Thu,Maddox,PX_H2_32_Tub3_Lacerate 131,3,0,alive,,W9-10,0,3,,H2,32,PX_H2,H2_32_Tub3,H2_32
2026-04-16,Thu,Maddox,PX_H2_32_Tub3_Lacerate 132,3,6,alive,,W9-10,2,3,,H2,32,PX_H2,H2_32_Tub3,H2_32
2026-04-16,Thu,Maddox,PX_H2_32_Tub3_Lacerate 133,3,8,alive,,W9-10,2.666666667,3,,H2,32,PX_H2,H2_32_Tub3,H2_32
2026-04-16,Thu,Maddox,PX_H2_32_Tub3_Lacerate 134,3,12,alive,,W9-10,4,3,,H2,32,PX_H2,H2_32_Tub3,H2_32
2026-04-16,Thu,Maddox,PX_H2_32_Tub3_Lacerate 135,3,8,alive,,W9-10,2.666666667,3,,H2,32,PX_H2,H2_32_Tub3,H2_32
2026-04-16,Thu,Maddox,P1_H2_32_Tub3_Lacerate 136,2,0,alive,,W9-10,0,2,,H2,32,P1_H2,H2_32_Tub3,H2_32
2026-04-16,Thu,Maddox,P1_H2_32_Tub3_Lacerate 137,2,8,alive,,W9-10,4,2,,H2,32,P1_H2,H2_32_Tub3,H2_32
2026-04-16,Thu,Maddox,PX_H2_32_Tub3_Lacerate 138,1,10,alive,,W9-10,10,1,,H2,32,PX_H2,H2_32_Tub3,H2_32
2026-04-16,Thu,Maddox,PX_H2_32_Tub3_Lacerate 139,1,3,alive,,W9-10,3,1,,H2,32,PX_H2,H2_32_Tub3,H2_32
2026-04-16,Thu,Maddox,PX_H2_32_Tub3_Lacerate 140,1,3,alive,,W9-10,3,1,,H2,32,PX_H2,H2_32_Tub3,H2_32
2026-04-16,Thu,Maddox,P1_H2_32_Tub3_Lacerate 141,1,9,alive,,W9-10,9,1,,H2,32,P1_H2,H2_32_Tub3,H2_32
2026-04-16,Thu,Maddox,P1_H2_32_Tub3_Lacerate 142,1,0,alive,,W9-10,0,1,,H2,32,P1_H2,H2_32_Tub3,H2_32
2026-04-16,Thu,Maddox,P1_H2_32_Tub3_Lacerate 143,1,0,alive,,W9-10,0,1,,H2,32,P1_H2,H2_32_Tub3,H2_32
2026-04-16,Thu,Maddox,P1_H2_32_Tub3_Lacerate 144,1,,missing,,W9-10,0,1,,H2,32,P1_H2,H2_32_Tub3,H2_32
2026-04-16,Thu,Maddox,P1_H2_32_Tub3_Lacerate 145,1,5,alive,,W9-10,5,1,,H2,32,P1_H2,H2_32_Tub3,H2_32
2026-04-16,Thu,Maddox,P1_H2_32_Tub3_Lacerate 146,1,0,alive,,W9-10,0,1,,H2,32,P1_H2,H2_32_Tub3,H2_32
2026-04-16,Thu,Maddox,P1_H2_32_Tub3_Lacerate 147,1,13,alive,,W9-10,13,1,,H2,32,P1_H2,H2_32_Tub3,H2_32
2026-04-16,Thu,Maddox,P1_H2_32_Tub3_Lacerate 148,1,6,alive,,W9-10,6,1,,H2,32,P1_H2,H2_32_Tub3,H2_32
2026-04-16,Thu,Maddox,P1_H2_32_Tub3_Lacerate 149,0,8,alive,,W9-10,#N/A,0,,H2,32,P1_H2,H2_32_Tub3,H2_32
2026-04-16,Thu,Maddox,P1_H2_32_Tub3_Lacerate 150,0,6,alive,,W9-10,#N/A,0,,H2,32,P1_H2,H2_32_Tub3,H2_32
2026-04-16,Thu,Maddox,P2_VWA_32_Tub1_Lacerate 103,9,,missing,,W9-10,0,9,,VWA,32,P2_VWA,VWA_32_Tub1,VWA_32
2026-04-16,Thu,Maddox,PX_VWA_32_Tub1_Lacerate 104,9,16,alive,,W9-10,1.777777778,9,,VWA,32,PX_VWA,VWA_32_Tub1,VWA_32
2026-04-16,Thu,Maddox,PX_VWA_32_Tub1_Lacerate 105,9,8,alive,,W9-10,0.8888888889,9,,VWA,32,PX_VWA,VWA_32_Tub1,VWA_32
2026-04-16,Thu,Maddox,P1_VWA_32_Tub1_Lacerate 106,9,,missing,,W9-10,0,9,,VWA,32,P1_VWA,VWA_32_Tub1,VWA_32
2026-04-16,Thu,Maddox,P1_VWA_32_Tub1_Lacerate 107,9,11,alive,,W9-10,1.222222222,9,,VWA,32,P1_VWA,VWA_32_Tub1,VWA_32
2026-04-16,Thu,Maddox,P1_VWA_32_Tub1_Lacerate 108,9,,missing,,W9-10,0,9,,VWA,32,P1_VWA,VWA_32_Tub1,VWA_32
2026-04-16,Thu,Maddox,P1_VWA_32_Tub1_Lacerate 109,9,,missing,,W9-10,0,9,,VWA,32,P1_VWA,VWA_32_Tub1,VWA_32
2026-04-16,Thu,Maddox,PX_VWA_32_Tub1_Lacerate 110,9,11,alive,,W9-10,1.222222222,9,,VWA,32,PX_VWA,VWA_32_Tub1,VWA_32
2026-04-16,Thu,Maddox,PX_VWA_32_Tub1_Lacerate 111,9,5,alive,,W9-10,0.5555555556,9,,VWA,32,PX_VWA,VWA_32_Tub1,VWA_32
2026-04-16,Thu,Maddox,P2_VWA_32_Tub1_Lacerate 112,9,,missing,,W9-10,0,9,,VWA,32,P2_VWA,VWA_32_Tub1,VWA_32
2026-04-16,Thu,Maddox,P2_VWA_32_Tub1_Lacerate 113,9,,missing,,W9-10,0,9,,VWA,32,P2_VWA,VWA_32_Tub1,VWA_32
2026-04-16,Thu,Maddox,P3_VWA_32_Tub1_Lacerate 114,7,8,alive,,W9-10,1.142857143,7,,VWA,32,P3_VWA,VWA_32_Tub1,VWA_32
2026-04-16,Thu,Maddox,P3_VWA_32_Tub1_Lacerate 115,7,12,alive,,W9-10,1.714285714,7,,VWA,32,P3_VWA,VWA_32_Tub1,VWA_32
2026-04-16,Thu,Maddox,P3_VWA_32_Tub1_Lacerate 116,7,,missing,,W9-10,0,7,,VWA,32,P3_VWA,VWA_32_Tub1,VWA_32
2026-04-16,Thu,Maddox,P3_VWA_32_Tub1_Lacerate 117,7,,missing,,W9-10,0,7,,VWA,32,P3_VWA,VWA_32_Tub1,VWA_32
2026-04-16,Thu,Maddox,P3_VWA_32_Tub1_Lacerate 118,7,,missing,,W9-10,0,7,,VWA,32,P3_VWA,VWA_32_Tub1,VWA_32
2026-04-16,Thu,Maddox,P3_VWA_32_Tub1_Lacerate 119,7,,missing,,W9-10,0,7,,VWA,32,P3_VWA,VWA_32_Tub1,VWA_32
2026-04-16,Thu,Maddox,PX_VWA_32_Tub1_Lacerate 120,5,8,alive,,W9-10,1.6,5,,VWA,32,PX_VWA,VWA_32_Tub1,VWA_32
2026-04-16,Thu,Maddox,PX_VWA_32_Tub1_Lacerate 121,3,9,alive,,W9-10,3,3,,VWA,32,PX_VWA,VWA_32_Tub1,VWA_32
2026-04-16,Thu,Maddox,PX_VWA_32_Tub1_Lacerate 122,3,12,alive,,W9-10,4,3,,VWA,32,PX_VWA,VWA_32_Tub1,VWA_32
2026-04-16,Thu,Maddox,PX_VWA_32_Tub1_Lacerate 123,3,15,alive,,W9-10,5,3,,VWA,32,PX_VWA,VWA_32_Tub1,VWA_32
2026-04-16,Thu,Maddox,PX_VWA_32_Tub1_Lacerate 124,3,19,alive,,W9-10,6.333333333,3,,VWA,32,PX_VWA,VWA_32_Tub1,VWA_32
2026-04-16,Thu,Maddox,PX_VWA_32_Tub1_Lacerate 125,3,12,alive,,W9-10,4,3,,VWA,32,PX_VWA,VWA_32_Tub1,VWA_32
2026-04-16,Thu,Maddox,P2_VWA_32_Tub1_Lacerate 126,3,13,alive,attached to an algae ring floating around ,W9-10,4.333333333,3,,VWA,32,P2_VWA,VWA_32_Tub1,VWA_32
2026-04-16,Thu,Maddox,P2_VWA_32_Tub1_Lacerate 127,3,9,alive,,W9-10,3,3,,VWA,32,P2_VWA,VWA_32_Tub1,VWA_32
2026-04-16,Thu,Maddox,P2_VWA_32_Tub1_Lacerate 128,3,,missing,,W9-10,0,3,,VWA,32,P2_VWA,VWA_32_Tub1,VWA_32
2026-04-16,Thu,Maddox,P2_VWA_32_Tub1_Lacerate 129,3,8,alive,,W9-10,2.666666667,3,,VWA,32,P2_VWA,VWA_32_Tub1,VWA_32
2026-04-16,Thu,Maddox,P2_VWA_32_Tub1_Lacerate 130,3,9,alive,,W9-10,3,3,,VWA,32,P2_VWA,VWA_32_Tub1,VWA_32
2026-04-16,Thu,Maddox,P2_VWA_32_Tub1_Lacerate 131,3,6,alive,,W9-10,2,3,,VWA,32,P2_VWA,VWA_32_Tub1,VWA_32
2026-04-16,Thu,Maddox,P2_VWA_32_Tub1_Lacerate 132,2,6,alive,,W9-10,3,2,,VWA,32,P2_VWA,VWA_32_Tub1,VWA_32
2026-04-16,Thu,Maddox,P2_VWA_32_Tub1_Lacerate 133,1,0,alive,,W9-10,0,1,,VWA,32,P2_VWA,VWA_32_Tub1,VWA_32
2026-04-16,Thu,Maddox,P2_VWA_32_Tub1_Lacerate 134,1,0,alive,,W9-10,0,1,,VWA,32,P2_VWA,VWA_32_Tub1,VWA_32
2026-04-16,Thu,Maddox,P2_VWA_32_Tub1_Lacerate 135,1,6,alive,,W9-10,6,1,,VWA,32,P2_VWA,VWA_32_Tub1,VWA_32
2026-04-16,Thu,Maddox,P2_VWA_32_Tub1_Lacerate 136,1,7,alive,,W9-10,7,1,,VWA,32,P2_VWA,VWA_32_Tub1,VWA_32
2026-04-16,Thu,Maddox,P2_VWA_32_Tub1_Lacerate 137,0,12,alive,,W9-10,#N/A,0,,VWA,32,P2_VWA,VWA_32_Tub1,VWA_32
2026-04-16,Thu,Maddox,P2_VWA_32_Tub1_Lacerate 138,0,8,alive,,W9-10,#N/A,0,,VWA,32,P2_VWA,VWA_32_Tub1,VWA_32
2026-04-16,Thu,Maddox,P1_VWA_32_Tub1_Lacerate 139,0,9,alive,,W9-10,#N/A,0,,VWA,32,P1_VWA,VWA_32_Tub1,VWA_32
2026-04-16,Thu,Maddox,PX_VWA_32_Tub1_Lacerate 140,0,8,alive,,W9-10,#N/A,0,,VWA,32,PX_VWA,VWA_32_Tub1,VWA_32
2026-04-16,Thu,Maddox,P2_VWA_32_Tub1_Lacerate 141,0,12,alive,,W9-10,#N/A,0,,VWA,32,P2_VWA,VWA_32_Tub1,VWA_32
2026-04-16,Thu,Maddox,P2_VWA_32_Tub1_Lacerate 142,0,5,alive,,W9-10,#N/A,0,,VWA,32,P2_VWA,VWA_32_Tub1,VWA_32
2026-04-16,Thu,Maddox,PX_VWA_32_Tub2_Lacerate 70,9,,missing,,W9-10,0,9,,VWA,32,PX_VWA,VWA_32_Tub2,VWA_32
2026-04-16,Thu,Maddox,PX_VWA_32_Tub2_Lacerate 71,9,16,alive,,W9-10,1.777777778,9,,VWA,32,PX_VWA,VWA_32_Tub2,VWA_32
2026-04-16,Thu,Maddox,PX_VWA_32_Tub2_Lacerate 72,9,16,alive,,W9-10,1.777777778,9,,VWA,32,PX_VWA,VWA_32_Tub2,VWA_32
2026-04-16,Thu,Maddox,PX_VWA_32_Tub2_Lacerate 73,9,12,alive,,W9-10,1.333333333,9,,VWA,32,PX_VWA,VWA_32_Tub2,VWA_32
2026-04-16,Thu,Maddox,P1_VWA_32_Tub2_Lacerate 74,9,,missing,,W9-10,0,9,,VWA,32,P1_VWA,VWA_32_Tub2,VWA_32
2026-04-16,Thu,Maddox,P1_VWA_32_Tub2_Lacerate 75,9,,missing,,W9-10,0,9,,VWA,32,P1_VWA,VWA_32_Tub2,VWA_32
2026-04-16,Thu,Maddox,P1_VWA_32_Tub2_Lacerate 76,9,11,alive,,W9-10,1.222222222,9,,VWA,32,P1_VWA,VWA_32_Tub2,VWA_32
2026-04-16,Thu,Maddox,P1_VWA_32_Tub2_Lacerate 77,9,,missing,,W9-10,0,9,,VWA,32,P1_VWA,VWA_32_Tub2,VWA_32
2026-04-16,Thu,Maddox,P1_VWA_32_Tub2_Lacerate 78,9,,missing,,W9-10,0,9,,VWA,32,P1_VWA,VWA_32_Tub2,VWA_32
2026-04-16,Thu,Maddox,P1_VWA_32_Tub2_Lacerate 79,7,,missing,,W9-10,0,7,,VWA,32,P1_VWA,VWA_32_Tub2,VWA_32
2026-04-16,Thu,Maddox,P3_VWA_32_Tub2_Lacerate 80,3,12,alive,,W9-10,4,3,,VWA,32,P3_VWA,VWA_32_Tub2,VWA_32
2026-04-16,Thu,Maddox,P3_VWA_32_Tub2_Lacerate 81,3,11,alive,,W9-10,3.666666667,3,,VWA,32,P3_VWA,VWA_32_Tub2,VWA_32
2026-04-16,Thu,Maddox,P3_VWA_32_Tub2_Lacerate 82,3,7,alive,,W9-10,2.333333333,3,,VWA,32,P3_VWA,VWA_32_Tub2,VWA_32
2026-04-16,Thu,Maddox,P1_VWA_32_Tub2_Lacerate 85,0,0,alive,,W9-10,#N/A,0,,VWA,32,P1_VWA,VWA_32_Tub2,VWA_32
2026-04-16,Thu,Maddox,P2_VWA_32_Tub2_Lacerate 86,0,6,alive,,W9-10,#N/A,0,,VWA,32,P2_VWA,VWA_32_Tub2,VWA_32
2026-04-16,Thu,Maddox,PX_VWA_32_Tub2_Lacerate 87,1,9,alive,,W9-10,9,1,,VWA,32,PX_VWA,VWA_32_Tub2,VWA_32
2026-04-16,Thu,Maddox,PX_VWA_32_Tub2_Lacerate 88,1,12,alive,,W9-10,12,1,,VWA,32,PX_VWA,VWA_32_Tub2,VWA_32
2026-04-16,Thu,Maddox,PX_VWA_32_Tub2_Lacerate 89,1,9,alive,,W9-10,9,1,,VWA,32,PX_VWA,VWA_32_Tub2,VWA_32
2026-04-16,Thu,Maddox,P1_VWA_32_Tub2_Lacerate 90,1,0,alive,,W9-10,0,1,,VWA,32,P1_VWA,VWA_32_Tub2,VWA_32
2026-04-16,Thu,Maddox,P1_VWA_32_Tub2_Lacerate 91,1,0,alive,,W9-10,0,1,,VWA,32,P1_VWA,VWA_32_Tub2,VWA_32
2026-04-16,Thu,Maddox,P2_VWA_32_Tub2_Lacerate 92,1,4,alive,,W9-10,4,1,,VWA,32,P2_VWA,VWA_32_Tub2,VWA_32
2026-04-16,Thu,Maddox,P2_VWA_32_Tub2_Lacerate 93,0,3,alive,,W9-10,#N/A,0,,VWA,32,P2_VWA,VWA_32_Tub2,VWA_32
2026-04-16,Thu,Maddox,P2_VWA_32_Tub2_Lacerate 94,0,0,alive,,W9-10,#N/A,0,,VWA,32,P2_VWA,VWA_32_Tub2,VWA_32
2026-04-16,Thu,Maddox,P2_VWA_32_Tub2_Lacerate 95,0,0,alive,,W9-10,#N/A,0,,VWA,32,P2_VWA,VWA_32_Tub2,VWA_32
2026-04-16,Thu,Maddox,P2_VWA_32_Tub2_Lacerate 96,0,0,alive,,W9-10,#N/A,0,,VWA,32,P2_VWA,VWA_32_Tub2,VWA_32
2026-04-16,Thu,Maddox,P2_VWA_32_Tub2_Lacerate 97,0,0,alive,,W9-10,#N/A,0,,VWA,32,P2_VWA,VWA_32_Tub2,VWA_32
2026-04-16,Thu,Maddox,P2_VWA_32_Tub2_Lacerate 98,0,0,alive,,W9-10,#N/A,0,,VWA,32,P2_VWA,VWA_32_Tub2,VWA_32
2026-04-16,Thu,Maddox,P2_VWA_32_Tub2_Lacerate 99,0,0,alive,,W9-10,#N/A,0,,VWA,32,P2_VWA,VWA_32_Tub2,VWA_32
2026-04-16,Thu,Maddox,P3_VWA_32_Tub3_Lacerate 65,9,,missing,,W9-10,0,9,,VWA,32,P3_VWA,VWA_32_Tub3,VWA_32
2026-04-16,Thu,Maddox,P3_VWA_32_Tub3_Lacerate 66,9,,missing,,W9-10,0,9,,VWA,32,P3_VWA,VWA_32_Tub3,VWA_32
2026-04-16,Thu,Maddox,P3_VWA_32_Tub3_Lacerate 67,9,13,alive,,W9-10,1.444444444,9,,VWA,32,P3_VWA,VWA_32_Tub3,VWA_32
2026-04-16,Thu,Maddox,P1_VWA_32_Tub3_Lacerate 68,9,12,alive,,W9-10,1.333333333,9,,VWA,32,P1_VWA,VWA_32_Tub3,VWA_32
2026-04-16,Thu,Maddox,P1_VWA_32_Tub3_Lacerate 69,9,12,alive,,W9-10,1.333333333,9,,VWA,32,P1_VWA,VWA_32_Tub3,VWA_32
2026-04-16,Thu,Maddox,P3_VWA_32_Tub3_Lacerate 70,9,,missing,,W9-10,0,9,,VWA,32,P3_VWA,VWA_32_Tub3,VWA_32
2026-04-16,Thu,Maddox,P3_VWA_32_Tub3_Lacerate 71,9,14,alive,,W9-10,1.555555556,9,,VWA,32,P3_VWA,VWA_32_Tub3,VWA_32
2026-04-16,Thu,Maddox,P3_VWA_32_Tub3_Lacerate 72,7,4,alive,,W9-10,0.5714285714,7,,VWA,32,P3_VWA,VWA_32_Tub3,VWA_32
2026-04-16,Thu,Maddox,P1_VWA_32_Tub3_Lacerate 73,6,17,alive,,W9-10,2.833333333,6,,VWA,32,P1_VWA,VWA_32_Tub3,VWA_32
2026-04-16,Thu,Maddox,P3_VWA_32_Tub3_Lacerate 74,6,9,alive,,W9-10,1.5,6,,VWA,32,P3_VWA,VWA_32_Tub3,VWA_32
2026-04-16,Thu,Maddox,PX_VWA_32_Tub3_Lacerate 75,3,,missing,,W9-10,0,3,,VWA,32,PX_VWA,VWA_32_Tub3,VWA_32
2026-04-16,Thu,Maddox,PX_VWA_32_Tub3_Lacerate 76,3,12,alive,,W9-10,4,3,,VWA,32,PX_VWA,VWA_32_Tub3,VWA_32
2026-04-16,Thu,Maddox,PX_VWA_32_Tub3_Lacerate 77,2,12,alive,,W9-10,6,2,,VWA,32,PX_VWA,VWA_32_Tub3,VWA_32
2026-04-16,Thu,Maddox,PX_VWA_32_Tub3_Lacerate 78,2,10,alive,,W9-10,5,2,,VWA,32,PX_VWA,VWA_32_Tub3,VWA_32
2026-04-16,Thu,Maddox,PX_VWA_32_Tub3_Lacerate 79,1,12,alive,,W9-10,12,1,,VWA,32,PX_VWA,VWA_32_Tub3,VWA_32
2026-04-16,Thu,Maddox,PX_VWA_32_Tub3_Lacerate 80,1,12,alive,,W9-10,12,1,,VWA,32,PX_VWA,VWA_32_Tub3,VWA_32
2026-04-16,Thu,Maddox,PX_VWA_32_Tub3_Lacerate 81,0,12,alive,,W9-10,#N/A,0,,VWA,32,PX_VWA,VWA_32_Tub3,VWA_32
2026-04-16,Thu,Maddox,PX_VWA_32_Tub3_Lacerate 82,0,13,alive,,W9-10,#N/A,0,,VWA,32,PX_VWA,VWA_32_Tub3,VWA_32
2026-04-16,Thu,Maddox,PX_VWA_32_Tub3_Lacerate 83,0,,,,W9-10,#N/A,0,,VWA,32,PX_VWA,VWA_32_Tub3,VWA_32
2026-04-17,Fri,Aiden,P2_H2_25_Tub1_Lacerate 157,10,12,alive,,W9-10,1.2,10,,H2,25,P2_H2,H2_25_Tub1,H2_25
2026-04-17,Fri,Aiden,P2_H2_25_Tub1_Lacerate 158,10,13,alive,,W9-10,1.3,10,,H2,25,P2_H2,H2_25_Tub1,H2_25
2026-04-17,Fri,Aiden,P3_H2_25_Tub1_Lacerate 159,10,12,alive,,W9-10,1.2,10,,H2,25,P3_H2,H2_25_Tub1,H2_25
2026-04-17,Fri,Aiden,P1_H2_25_Tub1_Lacerate 160,10,10,alive,,W9-10,1,10,,H2,25,P1_H2,H2_25_Tub1,H2_25
2026-04-17,Fri,Aiden,P1_H2_25_Tub1_Lacerate 161,10,12,alive,,W9-10,1.2,10,,H2,25,P1_H2,H2_25_Tub1,H2_25
2026-04-17,Fri,Aiden,P2_H2_25_Tub1_Lacerate 162,10,9,alive,,W9-10,0.9,10,,H2,25,P2_H2,H2_25_Tub1,H2_25
2026-04-17,Fri,Aiden,P2_H2_25_Tub1_Lacerate 163,8,12,alive,,W9-10,1.5,8,,H2,25,P2_H2,H2_25_Tub1,H2_25
2026-04-17,Fri,Aiden,P3_H2_25_Tub1_Lacerate 164,8,13,alive,,W9-10,1.625,8,,H2,25,P3_H2,H2_25_Tub1,H2_25
2026-04-17,Fri,Aiden,P2_H2_25_Tub1_Lacerate 165,7,12,alive,,W9-10,1.714285714,7,,H2,25,P2_H2,H2_25_Tub1,H2_25
2026-04-17,Fri,Aiden,P2_H2_25_Tub1_Lacerate 166,6,,missing,,W9-10,0,6,,H2,25,P2_H2,H2_25_Tub1,H2_25
2026-04-17,Fri,Aiden,P2_H2_25_Tub1_Lacerate 167,6,9,alive,,W9-10,1.5,6,,H2,25,P2_H2,H2_25_Tub1,H2_25
2026-04-17,Fri,Aiden,P2_H2_25_Tub1_Lacerate 168,6,12,alive,,W9-10,2,6,,H2,25,P2_H2,H2_25_Tub1,H2_25
2026-04-17,Fri,Aiden,P3_H2_25_Tub1_Lacerate 169,6,15,alive,,W9-10,2.5,6,,H2,25,P3_H2,H2_25_Tub1,H2_25
2026-04-17,Fri,Aiden,P3_H2_25_Tub1_Lacerate 170,6,12,alive,,W9-10,2,6,,H2,25,P3_H2,H2_25_Tub1,H2_25
2026-04-17,Fri,Aiden,P1_H2_25_Tub1_Lacerate 171,6,8,alive,,W9-10,1.333333333,6,,H2,25,P1_H2,H2_25_Tub1,H2_25
2026-04-17,Fri,Aiden,P1_H2_25_Tub1_Lacerate 172,6,11,alive,,W9-10,1.833333333,6,,H2,25,P1_H2,H2_25_Tub1,H2_25
2026-04-17,Fri,Aiden,PX_H2_25_Tub1_Lacerate 173,4,14,alive,,W9-10,3.5,4,,H2,25,PX_H2,H2_25_Tub1,H2_25
2026-04-17,Fri,Aiden,P2_H2_25_Tub1_Lacerate 174,4,12,alive,,W9-10,3,4,,H2,25,P2_H2,H2_25_Tub1,H2_25
2026-04-17,Fri,Aiden,P2_H2_25_Tub1_Lacerate 175,4,9,alive,,W9-10,2.25,4,,H2,25,P2_H2,H2_25_Tub1,H2_25
2026-04-17,Fri,Aiden,P2_H2_25_Tub1_Lacerate 176,4,12,alive,,W9-10,3,4,,H2,25,P2_H2,H2_25_Tub1,H2_25
2026-04-17,Fri,Aiden,P2_H2_25_Tub1_Lacerate 177,4,13,alive,,W9-10,3.25,4,,H2,25,P2_H2,H2_25_Tub1,H2_25
2026-04-17,Fri,Aiden,PX_H2_25_Tub1_Lacerate 178,4,9,alive,,W9-10,2.25,4,,H2,25,PX_H2,H2_25_Tub1,H2_25
2026-04-17,Fri,Aiden,PX_H2_25_Tub1_Lacerate 179,4,8,alive,,W9-10,2,4,,H2,25,PX_H2,H2_25_Tub1,H2_25
2026-04-17,Fri,Aiden,P2_H2_25_Tub1_Lacerate 180,3,6,alive,,W9-10,2,3,,H2,25,P2_H2,H2_25_Tub1,H2_25
2026-04-17,Fri,Aiden,PX_H2_25_Tub1_Lacerate 181,3,7,alive,,W9-10,2.333333333,3,,H2,25,PX_H2,H2_25_Tub1,H2_25
2026-04-17,Fri,Aiden,PX_H2_25_Tub1_Lacerate 182,3,10,alive,,W9-10,3.333333333,3,,H2,25,PX_H2,H2_25_Tub1,H2_25
2026-04-17,Fri,Aiden,PX_H2_25_Tub1_Lacerate 183,3,,missing,,W9-10,0,3,,H2,25,PX_H2,H2_25_Tub1,H2_25
2026-04-17,Fri,Aiden,P3_H2_25_Tub1_Lacerate 184,2,9,alive,,W9-10,4.5,2,,H2,25,P3_H2,H2_25_Tub1,H2_25
2026-04-17,Fri,Aiden,P2_H2_25_Tub1_Lacerate 185,2,0,alive,,W9-10,0,2,,H2,25,P2_H2,H2_25_Tub1,H2_25
2026-04-17,Fri,Aiden,P2_H2_25_Tub1_Lacerate 186,1,0,alive,,W9-10,0,1,,H2,25,P2_H2,H2_25_Tub1,H2_25
2026-04-17,Fri,Aiden,PX_H2_25_Tub1_Lacerate 187,1,0,alive,,W9-10,0,1,,H2,25,PX_H2,H2_25_Tub1,H2_25
2026-04-17,Fri,Aiden,P2_H2_25_Tub1_Lacerate 188,1,9,alive,,W9-10,9,1,,H2,25,P2_H2,H2_25_Tub1,H2_25
2026-04-17,Fri,Aiden,P2_H2_25_Tub1_Lacerate 189,0,0,alive,,W9-10,#N/A,0,,H2,25,P2_H2,H2_25_Tub1,H2_25
2026-04-17,Fri,Aiden,P2_H2_25_Tub1_Lacerate 190,0,0,alive,,W9-10,#N/A,0,,H2,25,P2_H2,H2_25_Tub1,H2_25
2026-04-17,Fri,Aiden,P2_H2_25_Tub1_Lacerate 191,0,3,alive,,W9-10,#N/A,0,,H2,25,P2_H2,H2_25_Tub1,H2_25
2026-04-17,Fri,Aiden,P3_H2_25_Tub1_Lacerate 192,0,6,alive,,W9-10,#N/A,0,,H2,25,P3_H2,H2_25_Tub1,H2_25
2026-04-17,Fri,Aiden,P3_H2_25_Tub1_Lacerate 193,0,4,alive,,W9-10,#N/A,0,,H2,25,P3_H2,H2_25_Tub1,H2_25
2026-04-17,Fri,Aiden,P3_H2_25_Tub1_Lacerate 194,0,0,alive,,W9-10,#N/A,0,,H2,25,P3_H2,H2_25_Tub1,H2_25
2026-04-17,Fri,Aiden,P1_H2_25_Tub1_Lacerate 195,0,7,alive,,W9-10,#N/A,0,,H2,25,P1_H2,H2_25_Tub1,H2_25
2026-04-17,Fri,Aiden,P1_H2_25_Tub1_Lacerate 196,0,3,alive,,W9-10,#N/A,0,,H2,25,P1_H2,H2_25_Tub1,H2_25
2026-04-17,Fri,Aiden,P1_H2_25_Tub1_Lacerate 197,0,5,alive,,W9-10,#N/A,0,,H2,25,P1_H2,H2_25_Tub1,H2_25
2026-04-17,Fri,Aiden,P1_H2_25_Tub1_Lacerate 198,0,0,alive,,W9-10,#N/A,0,,H2,25,P1_H2,H2_25_Tub1,H2_25
2026-04-17,Fri,Aiden,P1_H2_25_Tub1_Lacerate 199,0,0,alive,,W9-10,#N/A,0,,H2,25,P1_H2,H2_25_Tub1,H2_25
2026-04-17,Fri,Aiden,P3_H2_25_Tub2_Lacerate 106,10,12,alive,,W9-10,1.2,10,,H2,25,P3_H2,H2_25_Tub2,H2_25
2026-04-17,Fri,Aiden,P3_H2_25_Tub2_Lacerate 107,10,15,alive,,W9-10,1.5,10,,H2,25,P3_H2,H2_25_Tub2,H2_25
2026-04-17,Fri,Aiden,P3_H2_25_Tub2_Lacerate 108,10,12,alive,,W9-10,1.2,10,,H2,25,P3_H2,H2_25_Tub2,H2_25
2026-04-17,Fri,Aiden,P3_H2_25_Tub2_Lacerate 109,10,12,alive,,W9-10,1.2,10,,H2,25,P3_H2,H2_25_Tub2,H2_25
2026-04-17,Fri,Aiden,P3_H2_25_Tub2_Lacerate 110,10,11,alive,,W9-10,1.1,10,,H2,25,P3_H2,H2_25_Tub2,H2_25
2026-04-17,Fri,Aiden,P3_H2_25_Tub2_Lacerate 111,10,13,alive,,W9-10,1.3,10,,H2,25,P3_H2,H2_25_Tub2,H2_25
2026-04-17,Fri,Aiden,P3_H2_25_Tub2_Lacerate 112,10,,missing,,W9-10,0,10,,H2,25,P3_H2,H2_25_Tub2,H2_25
2026-04-17,Fri,Aiden,P3_H2_25_Tub2_Lacerate 113,10,16,alive,,W9-10,1.6,10,,H2,25,P3_H2,H2_25_Tub2,H2_25
2026-04-17,Fri,Aiden,P2_H2_25_Tub2_Lacerate 114,10,10,alive,,W9-10,1,10,,H2,25,P2_H2,H2_25_Tub2,H2_25
2026-04-17,Fri,Aiden,P2_H2_25_Tub2_Lacerate 115,10,,missing,,W9-10,0,10,,H2,25,P2_H2,H2_25_Tub2,H2_25
2026-04-17,Fri,Aiden,P2_H2_25_Tub2_Lacerate 116,10,13,alive,,W9-10,1.3,10,,H2,25,P2_H2,H2_25_Tub2,H2_25
2026-04-17,Fri,Aiden,P3_H2_25_Tub2_Lacerate 117,8,12,alive,,W9-10,1.5,8,,H2,25,P3_H2,H2_25_Tub2,H2_25
2026-04-17,Fri,Aiden,P1_H2_25_Tub2_Lacerate 118,8,15,alive,,W9-10,1.875,8,,H2,25,P1_H2,H2_25_Tub2,H2_25
2026-04-17,Fri,Aiden,P2_H2_25_Tub2_Lacerate 119,7,10,alive,,W9-10,1.428571429,7,,H2,25,P2_H2,H2_25_Tub2,H2_25
2026-04-17,Fri,Aiden,P1_H2_25_Tub2_Lacerate 120,6,,missing,,W9-10,0,6,,H2,25,P1_H2,H2_25_Tub2,H2_25
2026-04-17,Fri,Aiden,P1_H2_25_Tub2_Lacerate 121,6,,missing,,W9-10,0,6,,H2,25,P1_H2,H2_25_Tub2,H2_25
2026-04-17,Fri,Aiden,P1_H2_25_Tub2_Lacerate 122,6,,missing,,W9-10,0,6,,H2,25,P1_H2,H2_25_Tub2,H2_25
2026-04-17,Fri,Aiden,PX_H2_25_Tub2_Lacerate 123,4,11,alive,,W9-10,2.75,4,,H2,25,PX_H2,H2_25_Tub2,H2_25
2026-04-17,Fri,Aiden,PX_H2_25_Tub2_Lacerate 124,4,10,alive,,W9-10,2.5,4,,H2,25,PX_H2,H2_25_Tub2,H2_25
2026-04-17,Fri,Aiden,PX_H2_25_Tub2_Lacerate 125,4,16,alive,,W9-10,4,4,,H2,25,PX_H2,H2_25_Tub2,H2_25
2026-04-17,Fri,Aiden,PX_H2_25_Tub2_Lacerate 126,4,,missing,,W9-10,0,4,,H2,25,PX_H2,H2_25_Tub2,H2_25
2026-04-17,Fri,Aiden,P1_H2_25_Tub2_Lacerate 127,4,,missing,,W9-10,0,4,,H2,25,P1_H2,H2_25_Tub2,H2_25
2026-04-17,Fri,Aiden,PX_H2_25_Tub2_Lacerate 128,3,10,alive,,W9-10,3.333333333,3,,H2,25,PX_H2,H2_25_Tub2,H2_25
2026-04-17,Fri,Aiden,P3_H2_25_Tub2_Lacerate 129,3,14,alive,,W9-10,4.666666667,3,,H2,25,P3_H2,H2_25_Tub2,H2_25
2026-04-17,Fri,Aiden,P3_H2_25_Tub2_Lacerate 130,3,7,alive,,W9-10,2.333333333,3,,H2,25,P3_H2,H2_25_Tub2,H2_25
2026-04-17,Fri,Aiden,P1_H2_25_Tub2_Lacerate 131,3,11,alive,,W9-10,3.666666667,3,,H2,25,P1_H2,H2_25_Tub2,H2_25
2026-04-17,Fri,Aiden,P2_H2_25_Tub2_Lacerate 132,3,6,alive,,W9-10,2,3,,H2,25,P2_H2,H2_25_Tub2,H2_25
2026-04-17,Fri,Aiden,P1_H2_25_Tub2_Lacerate 133,3,11,alive,,W9-10,3.666666667,3,,H2,25,P1_H2,H2_25_Tub2,H2_25
2026-04-17,Fri,Aiden,P2_H2_25_Tub2_Lacerate 134,3,8,alive,,W9-10,2.666666667,3,,H2,25,P2_H2,H2_25_Tub2,H2_25
2026-04-17,Fri,Aiden,P1_H2_25_Tub2_Lacerate 135,2,12,alive,,W9-10,6,2,,H2,25,P1_H2,H2_25_Tub2,H2_25
2026-04-17,Fri,Aiden,PX_H2_25_Tub2_Lacerate 136,2,9,alive,,W9-10,4.5,2,,H2,25,PX_H2,H2_25_Tub2,H2_25
2026-04-17,Fri,Aiden,PX_H2_25_Tub2_Lacerate 137,1,11,alive,,W9-10,11,1,,H2,25,PX_H2,H2_25_Tub2,H2_25
2026-04-17,Fri,Aiden,PX_H2_25_Tub2_Lacerate 138,1,4,alive,,W9-10,4,1,,H2,25,PX_H2,H2_25_Tub2,H2_25
2026-04-17,Fri,Aiden,P2_H2_25_Tub2_Lacerate 139,0,0,alive,,W9-10,#N/A,0,,H2,25,P2_H2,H2_25_Tub2,H2_25
2026-04-17,Fri,Aiden,P2_H2_25_Tub2_Lacerate 140,0,0,alive,,W9-10,#N/A,0,,H2,25,P2_H2,H2_25_Tub2,H2_25
2026-04-17,Fri,Aiden,P1_H2_25_Tub2_Lacerate 141,0,4,alive,,W9-10,#N/A,0,,H2,25,P1_H2,H2_25_Tub2,H2_25
2026-04-17,Fri,Aiden,P1_H2_25_Tub2_Lacerate 142,0,3,alive,,W9-10,#N/A,0,,H2,25,P1_H2,H2_25_Tub2,H2_25
2026-04-17,Fri,Aiden,P3_H2_25_Tub3_Lacerate 111,10,5,alive,,W9-10,0.5,10,,H2,25,P3_H2,H2_25_Tub3,H2_25
2026-04-17,Fri,Aiden,P3_H2_25_Tub3_Lacerate 112,10,,missing,,W9-10,0,10,,H2,25,P3_H2,H2_25_Tub3,H2_25
2026-04-17,Fri,Aiden,PX_H2_25_Tub3_Lacerate 113,10,,missing,,W9-10,0,10,,H2,25,PX_H2,H2_25_Tub3,H2_25
2026-04-17,Fri,Aiden,P2_H2_25_Tub3_Lacerate 114,10,,missing,,W9-10,0,10,,H2,25,P2_H2,H2_25_Tub3,H2_25
2026-04-17,Fri,Aiden,P1_H2_25_Tub3_Lacerate 115,10,,missing,,W9-10,0,10,,H2,25,P1_H2,H2_25_Tub3,H2_25
2026-04-17,Fri,Aiden,P1_H2_25_Tub3_Lacerate 116,8,0,alive,,W9-10,0,8,,H2,25,P1_H2,H2_25_Tub3,H2_25
2026-04-17,Fri,Aiden,PX_H2_25_Tub3_Lacerate 117,8,10,alive,,W9-10,1.25,8,,H2,25,PX_H2,H2_25_Tub3,H2_25
2026-04-17,Fri,Aiden,PX_H2_25_Tub3_Lacerate 118,7,12,alive,,W9-10,1.714285714,7,,H2,25,PX_H2,H2_25_Tub3,H2_25
2026-04-17,Fri,Aiden,P3_H2_25_Tub3_Lacerate 119,7,,missing,,W9-10,0,7,,H2,25,P3_H2,H2_25_Tub3,H2_25
2026-04-17,Fri,Aiden,P3_H2_25_Tub3_Lacerate 120,7,7,alive,,W9-10,1,7,,H2,25,P3_H2,H2_25_Tub3,H2_25
2026-04-17,Fri,Aiden,P3_H2_25_Tub3_Lacerate 121,7,,missing,,W9-10,0,7,,H2,25,P3_H2,H2_25_Tub3,H2_25
2026-04-17,Fri,Aiden,P3_H2_25_Tub3_Lacerate 122,7,,missing,,W9-10,0,7,,H2,25,P3_H2,H2_25_Tub3,H2_25
2026-04-17,Fri,Aiden,P3_H2_25_Tub3_Lacerate 123,7,,missing,,W9-10,0,7,,H2,25,P3_H2,H2_25_Tub3,H2_25
2026-04-17,Fri,Aiden,P3_H2_25_Tub3_Lacerate 124,7,,missing,,W9-10,0,7,,H2,25,P3_H2,H2_25_Tub3,H2_25
2026-04-17,Fri,Aiden,P2_H2_25_Tub3_Lacerate 125,6,8,alive,,W9-10,1.333333333,6,,H2,25,P2_H2,H2_25_Tub3,H2_25
2026-04-17,Fri,Aiden,P1_H2_25_Tub3_Lacerate 126,6,,missing,,W9-10,0,6,,H2,25,P1_H2,H2_25_Tub3,H2_25
2026-04-17,Fri,Aiden,P1_H2_25_Tub3_Lacerate 127,6,11,alive,,W9-10,1.833333333,6,,H2,25,P1_H2,H2_25_Tub3,H2_25
2026-04-17,Fri,Aiden,P1_H2_25_Tub3_Lacerate 128,6,10,alive,,W9-10,1.666666667,6,,H2,25,P1_H2,H2_25_Tub3,H2_25
2026-04-17,Fri,Aiden,P1_H2_25_Tub3_Lacerate 129,6,0,alive,,W9-10,0,6,,H2,25,P1_H2,H2_25_Tub3,H2_25
2026-04-17,Fri,Aiden,P1_H2_25_Tub3_Lacerate 130,5,8,alive,,W9-10,1.6,5,,H2,25,P1_H2,H2_25_Tub3,H2_25
2026-04-17,Fri,Aiden,P2_H2_25_Tub3_Lacerate 131,4,11,alive,,W9-10,2.75,4,,H2,25,P2_H2,H2_25_Tub3,H2_25
2026-04-17,Fri,Aiden,P2_H2_25_Tub3_Lacerate 132,4,11,alive,,W9-10,2.75,4,,H2,25,P2_H2,H2_25_Tub3,H2_25
2026-04-17,Fri,Aiden,P2_H2_25_Tub3_Lacerate 133,4,13,alive,,W9-10,3.25,4,,H2,25,P2_H2,H2_25_Tub3,H2_25
2026-04-17,Fri,Aiden,P1_H2_25_Tub3_Lacerate 134,4,11,alive,,W9-10,2.75,4,,H2,25,P1_H2,H2_25_Tub3,H2_25
2026-04-17,Fri,Aiden,P1_H2_25_Tub3_Lacerate 135,4,0,alive,,W9-10,0,4,,H2,25,P1_H2,H2_25_Tub3,H2_25
2026-04-17,Fri,Aiden,P1_H2_25_Tub3_Lacerate 136,4,9,alive,,W9-10,2.25,4,,H2,25,P1_H2,H2_25_Tub3,H2_25
2026-04-17,Fri,Aiden,P1_H2_25_Tub3_Lacerate 137,4,0,alive,,W9-10,0,4,,H2,25,P1_H2,H2_25_Tub3,H2_25
2026-04-17,Fri,Aiden,P1_H2_25_Tub3_Lacerate 138,4,12,alive,,W9-10,3,4,,H2,25,P1_H2,H2_25_Tub3,H2_25
2026-04-17,Fri,Aiden,P1_H2_25_Tub3_Lacerate 139,4,7,alive,,W9-10,1.75,4,,H2,25,P1_H2,H2_25_Tub3,H2_25
2026-04-17,Fri,Aiden,P1_H2_25_Tub3_Lacerate 140,4,9,alive,,W9-10,2.25,4,,H2,25,P1_H2,H2_25_Tub3,H2_25
2026-04-17,Fri,Aiden,P1_H2_25_Tub3_Lacerate 141,4,10,alive,,W9-10,2.5,4,,H2,25,P1_H2,H2_25_Tub3,H2_25
2026-04-17,Fri,Aiden,P2_H2_25_Tub3_Lacerate 142,4,0,alive,,W9-10,0,4,,H2,25,P2_H2,H2_25_Tub3,H2_25
2026-04-17,Fri,Aiden,P2_H2_25_Tub3_Lacerate 143,4,5,alive,,W9-10,1.25,4,,H2,25,P2_H2,H2_25_Tub3,H2_25
2026-04-17,Fri,Aiden,PX_H2_25_Tub3_Lacerate 144,4,13,alive,,W9-10,3.25,4,,H2,25,PX_H2,H2_25_Tub3,H2_25
2026-04-17,Fri,Aiden,PX_H2_25_Tub3_Lacerate 145,4,11,alive,,W9-10,2.75,4,,H2,25,PX_H2,H2_25_Tub3,H2_25
2026-04-17,Fri,Aiden,PX_H2_25_Tub3_Lacerate 146,4,13,alive,,W9-10,3.25,4,,H2,25,PX_H2,H2_25_Tub3,H2_25
2026-04-17,Fri,Aiden,PX_H2_25_Tub3_Lacerate 147,3,10,alive,,W9-10,3.333333333,3,,H2,25,PX_H2,H2_25_Tub3,H2_25
2026-04-17,Fri,Aiden,PX_H2_25_Tub3_Lacerate 148,3,11,alive,,W9-10,3.666666667,3,,H2,25,PX_H2,H2_25_Tub3,H2_25
2026-04-17,Fri,Aiden,PX_H2_25_Tub3_Lacerate 149,2,6,alive,,W9-10,3,2,,H2,25,PX_H2,H2_25_Tub3,H2_25
2026-04-17,Fri,Aiden,PX_H2_25_Tub3_Lacerate 150,1,6,alive,,W9-10,6,1,,H2,25,PX_H2,H2_25_Tub3,H2_25
2026-04-17,Fri,Aiden,P3_H2_25_Tub3_Lacerate 151,0,0,alive,,W9-10,#N/A,0,,H2,25,P3_H2,H2_25_Tub3,H2_25
2026-04-17,Fri,Aiden,P3_H2_25_Tub3_Lacerate 152,0,0,alive,,W9-10,#N/A,0,,H2,25,P3_H2,H2_25_Tub3,H2_25
2026-04-17,Fri,Aiden,PX_H2_25_Tub3_Lacerate 153,0,4,alive,,W9-10,#N/A,0,,H2,25,PX_H2,H2_25_Tub3,H2_25
2026-04-17,Fri,Aiden,PX_H2_25_Tub3_Lacerate 154,0,6,alive,,W9-10,#N/A,0,,H2,25,PX_H2,H2_25_Tub3,H2_25
2026-04-17,Fri,Aiden,PX_H2_25_Tub3_Lacerate 155,0,0,alive,,W9-10,#N/A,0,,H2,25,PX_H2,H2_25_Tub3,H2_25
2026-04-17,Fri,Aiden,PX_H2_25_Tub3_Lacerate 156,0,0,alive,,W9-10,#N/A,0,,H2,25,PX_H2,H2_25_Tub3,H2_25
2026-04-17,Fri,Aiden,P3_VWA_25_Tub1_Lacerate 138,10,8,alive,,W9-10,0.8,10,,VWA,25,P3_VWA,VWA_25_Tub1,VWA_25
2026-04-17,Fri,Aiden,P3_VWA_25_Tub1_Lacerate 139,10,12,alive,,W9-10,1.2,10,,VWA,25,P3_VWA,VWA_25_Tub1,VWA_25
2026-04-17,Fri,Aiden,P1_VWA_25_Tub1_Lacerate 140,10,,missing,,W9-10,0,10,,VWA,25,P1_VWA,VWA_25_Tub1,VWA_25
2026-04-17,Fri,Aiden,PX_VWA_25_Tub1_Lacerate 141,10,9,alive,,W9-10,0.9,10,,VWA,25,PX_VWA,VWA_25_Tub1,VWA_25
2026-04-17,Fri,Aiden,P3_VWA_25_Tub1_Lacerate 142,10,8,alive,,W9-10,0.8,10,,VWA,25,P3_VWA,VWA_25_Tub1,VWA_25
2026-04-17,Fri,Aiden,PX_VWA_25_Tub1_Lacerate 143,10,14,alive,,W9-10,1.4,10,,VWA,25,PX_VWA,VWA_25_Tub1,VWA_25
2026-04-17,Fri,Aiden,P2_VWA_25_Tub1_Lacerate 144,10,12,alive,,W9-10,1.2,10,,VWA,25,P2_VWA,VWA_25_Tub1,VWA_25
2026-04-17,Fri,Aiden,P2_VWA_25_Tub1_Lacerate 145,10,8,alive,,W9-10,0.8,10,,VWA,25,P2_VWA,VWA_25_Tub1,VWA_25
2026-04-17,Fri,Aiden,P2_VWA_25_Tub1_Lacerate 146,10,10,alive,,W9-10,1,10,,VWA,25,P2_VWA,VWA_25_Tub1,VWA_25
2026-04-17,Fri,Aiden,P2_VWA_25_Tub1_Lacerate 147,8,12,alive,,W9-10,1.5,8,,VWA,25,P2_VWA,VWA_25_Tub1,VWA_25
2026-04-17,Fri,Aiden,P3_VWA_25_Tub1_Lacerate 148,7,12,alive,,W9-10,1.714285714,7,,VWA,25,P3_VWA,VWA_25_Tub1,VWA_25
2026-04-17,Fri,Aiden,P3_VWA_25_Tub1_Lacerate 149,7,9,alive,,W9-10,1.285714286,7,,VWA,25,P3_VWA,VWA_25_Tub1,VWA_25
2026-04-17,Fri,Aiden,PX_VWA_25_Tub1_Lacerate 150,4,13,alive,,W9-10,3.25,4,,VWA,25,PX_VWA,VWA_25_Tub1,VWA_25
2026-04-17,Fri,Aiden,PX_VWA_25_Tub1_Lacerate 151,4,6,alive,,W9-10,1.5,4,,VWA,25,PX_VWA,VWA_25_Tub1,VWA_25
2026-04-17,Fri,Aiden,P2_VWA_25_Tub1_Lacerate 152,4,8,alive,,W9-10,2,4,,VWA,25,P2_VWA,VWA_25_Tub1,VWA_25
2026-04-17,Fri,Aiden,PX_VWA_25_Tub1_Lacerate 153,4,10,alive,,W9-10,2.5,4,,VWA,25,PX_VWA,VWA_25_Tub1,VWA_25
2026-04-17,Fri,Aiden,P3_VWA_25_Tub1_Lacerate 154,4,8,alive,,W9-10,2,4,,VWA,25,P3_VWA,VWA_25_Tub1,VWA_25
2026-04-17,Fri,Aiden,P3_VWA_25_Tub1_Lacerate 155,3,10,alive,,W9-10,3.333333333,3,,VWA,25,P3_VWA,VWA_25_Tub1,VWA_25
2026-04-17,Fri,Aiden,P3_VWA_25_Tub1_Lacerate 156,2,,missing,,W9-10,0,2,,VWA,25,P3_VWA,VWA_25_Tub1,VWA_25
2026-04-17,Fri,Aiden,P3_VWA_25_Tub1_Lacerate 157,1,0,alive,,W9-10,0,1,,VWA,25,P3_VWA,VWA_25_Tub1,VWA_25
2026-04-17,Fri,Aiden,P3_VWA_25_Tub1_Lacerate 158,0,0,alive,,W9-10,#N/A,0,,VWA,25,P3_VWA,VWA_25_Tub1,VWA_25
2026-04-17,Fri,Aiden,P2_VWA_25_Tub1_Lacerate 159,0,0,alive,,W9-10,#N/A,0,,VWA,25,P2_VWA,VWA_25_Tub1,VWA_25
2026-04-17,Fri,Aiden,P2_VWA_25_Tub1_Lacerate 160,0,0,alive,,W9-10,#N/A,0,,VWA,25,P2_VWA,VWA_25_Tub1,VWA_25
2026-04-17,Fri,Aiden,P2_VWA_25_Tub1_Lacerate 161,0,0,alive,,W9-10,#N/A,0,,VWA,25,P2_VWA,VWA_25_Tub1,VWA_25
2026-04-17,Fri,Aiden,P2_VWA_25_Tub1_Lacerate 162,0,0,alive,,W9-10,#N/A,0,,VWA,25,P2_VWA,VWA_25_Tub1,VWA_25
2026-04-17,Fri,Aiden,P1_VWA_25_Tub2_Lacerate 74,10,0,alive,,W9-10,0,10,,VWA,25,P1_VWA,VWA_25_Tub2,VWA_25
2026-04-17,Fri,Aiden,P1_VWA_25_Tub2_Lacerate 75,10,0,alive,,W9-10,0,10,,VWA,25,P1_VWA,VWA_25_Tub2,VWA_25
2026-04-17,Fri,Aiden,P1_VWA_25_Tub2_Lacerate 76,10,0,alive,,W9-10,0,10,,VWA,25,P1_VWA,VWA_25_Tub2,VWA_25
2026-04-17,Fri,Aiden,P1_VWA_25_Tub2_Lacerate 77,10,0,alive,,W9-10,0,10,,VWA,25,P1_VWA,VWA_25_Tub2,VWA_25
2026-04-17,Fri,Aiden,P1_VWA_25_Tub2_Lacerate 78,10,0,alive,,W9-10,0,10,,VWA,25,P1_VWA,VWA_25_Tub2,VWA_25
2026-04-17,Fri,Aiden,P1_VWA_25_Tub2_Lacerate 79,10,0,alive,,W9-10,0,10,,VWA,25,P1_VWA,VWA_25_Tub2,VWA_25
2026-04-17,Fri,Aiden,P1_VWA_25_Tub2_Lacerate 80,10,0,alive,,W9-10,0,10,,VWA,25,P1_VWA,VWA_25_Tub2,VWA_25
2026-04-17,Fri,Aiden,P1_VWA_25_Tub2_Lacerate 81,10,0,alive,,W9-10,0,10,,VWA,25,P1_VWA,VWA_25_Tub2,VWA_25
2026-04-17,Fri,Aiden,P1_VWA_25_Tub2_Lacerate 82,10,0,alive,,W9-10,0,10,,VWA,25,P1_VWA,VWA_25_Tub2,VWA_25
2026-04-17,Fri,Aiden,P1_VWA_25_Tub2_Lacerate 83,10,0,alive,,W9-10,0,10,,VWA,25,P1_VWA,VWA_25_Tub2,VWA_25
2026-04-17,Fri,Aiden,P1_VWA_25_Tub2_Lacerate 84,10,,missing,,W9-10,0,10,,VWA,25,P1_VWA,VWA_25_Tub2,VWA_25
2026-04-17,Fri,Aiden,P1_VWA_25_Tub2_Lacerate 85,8,0,alive,,W9-10,0,8,,VWA,25,P1_VWA,VWA_25_Tub2,VWA_25
2026-04-17,Fri,Aiden,PX_VWA_25_Tub2_Lacerate 86,7,0,alive,,W9-10,0,7,,VWA,25,PX_VWA,VWA_25_Tub2,VWA_25
2026-04-17,Fri,Aiden,PX_VWA_25_Tub2_Lacerate 87,7,0,alive,,W9-10,0,7,,VWA,25,PX_VWA,VWA_25_Tub2,VWA_25
2026-04-17,Fri,Aiden,PX_VWA_25_Tub2_Lacerate 88,7,0,alive,,W9-10,0,7,,VWA,25,PX_VWA,VWA_25_Tub2,VWA_25
2026-04-17,Fri,Aiden,PX_VWA_25_Tub2_Lacerate 89,7,12,alive,,W9-10,1.714285714,7,,VWA,25,PX_VWA,VWA_25_Tub2,VWA_25
2026-04-17,Fri,Aiden,P2_VWA_25_Tub2_Lacerate 90,6,9,alive,,W9-10,1.5,6,,VWA,25,P2_VWA,VWA_25_Tub2,VWA_25
2026-04-17,Fri,Aiden,P2_VWA_25_Tub2_Lacerate 91,6,7,alive,,W9-10,1.166666667,6,,VWA,25,P2_VWA,VWA_25_Tub2,VWA_25
2026-04-17,Fri,Aiden,P1_VWA_25_Tub2_Lacerate 92,4,13,alive,,W9-10,3.25,4,,VWA,25,P1_VWA,VWA_25_Tub2,VWA_25
2026-04-17,Fri,Aiden,P2_VWA_25_Tub2_Lacerate 93,4,,missing,,W9-10,0,4,,VWA,25,P2_VWA,VWA_25_Tub2,VWA_25
2026-04-17,Fri,Aiden,P2_VWA_25_Tub2_Lacerate 94,4,12,alive,,W9-10,3,4,,VWA,25,P2_VWA,VWA_25_Tub2,VWA_25
2026-04-17,Fri,Aiden,P2_VWA_25_Tub2_Lacerate 95,4,8,alive,,W9-10,2,4,,VWA,25,P2_VWA,VWA_25_Tub2,VWA_25
2026-04-17,Fri,Aiden,P2_VWA_25_Tub2_Lacerate 96,4,12,alive,,W9-10,3,4,,VWA,25,P2_VWA,VWA_25_Tub2,VWA_25
2026-04-17,Fri,Aiden,P2_VWA_25_Tub2_Lacerate 97,4,13,alive,,W9-10,3.25,4,,VWA,25,P2_VWA,VWA_25_Tub2,VWA_25
2026-04-17,Fri,Aiden,P3_VWA_25_Tub2_Lacerate 98,4,10,alive,,W9-10,2.5,4,,VWA,25,P3_VWA,VWA_25_Tub2,VWA_25
2026-04-17,Fri,Aiden,P2_VWA_25_Tub2_Lacerate 99,3,10,alive,,W9-10,3.333333333,3,,VWA,25,P2_VWA,VWA_25_Tub2,VWA_25
2026-04-17,Fri,Aiden,P2_VWA_25_Tub2_Lacerate 100,3,8,alive,,W9-10,2.666666667,3,,VWA,25,P2_VWA,VWA_25_Tub2,VWA_25
2026-04-17,Fri,Aiden,P1_VWA_25_Tub2_Lacerate 101,3,0,alive,,W9-10,0,3,,VWA,25,P1_VWA,VWA_25_Tub2,VWA_25
2026-04-17,Fri,Aiden,P1_VWA_25_Tub2_Lacerate 102,3,0,alive,,W9-10,0,3,,VWA,25,P1_VWA,VWA_25_Tub2,VWA_25
2026-04-17,Fri,Aiden,P1_VWA_25_Tub2_Lacerate 103,3,6,alive,,W9-10,2,3,,VWA,25,P1_VWA,VWA_25_Tub2,VWA_25
2026-04-17,Fri,Aiden,PX_VWA_25_Tub2_Lacerate 104,3,7,alive,,W9-10,2.333333333,3,,VWA,25,PX_VWA,VWA_25_Tub2,VWA_25
2026-04-17,Fri,Aiden,PX_VWA_25_Tub2_Lacerate 105,2,8,alive,,W9-10,4,2,,VWA,25,PX_VWA,VWA_25_Tub2,VWA_25
2026-04-17,Fri,Aiden,PX_VWA_25_Tub2_Lacerate 106,2,8,alive,,W9-10,4,2,,VWA,25,PX_VWA,VWA_25_Tub2,VWA_25
2026-04-17,Fri,Aiden,PX_VWA_25_Tub2_Lacerate 107,2,,missing,,W9-10,0,2,,VWA,25,PX_VWA,VWA_25_Tub2,VWA_25
2026-04-17,Fri,Aiden,PX_VWA_25_Tub2_Lacerate 108,2,8,alive,,W9-10,4,2,,VWA,25,PX_VWA,VWA_25_Tub2,VWA_25
2026-04-17,Fri,Aiden,PX_VWA_25_Tub2_Lacerate 109,2,8,alive,,W9-10,4,2,,VWA,25,PX_VWA,VWA_25_Tub2,VWA_25
2026-04-17,Fri,Aiden,PX_VWA_25_Tub2_Lacerate 110,1,4,alive,,W9-10,4,1,,VWA,25,PX_VWA,VWA_25_Tub2,VWA_25
2026-04-17,Fri,Aiden,PX_VWA_25_Tub2_Lacerate 111,1,0,alive,,W9-10,0,1,,VWA,25,PX_VWA,VWA_25_Tub2,VWA_25
2026-04-17,Fri,Aiden,P3_VWA_25_Tub2_Lacerate 112,0,0,alive,,W9-10,#N/A,0,,VWA,25,P3_VWA,VWA_25_Tub2,VWA_25
2026-04-17,Fri,Aiden,P3_VWA_25_Tub2_Lacerate 113,0,0,alive,,W9-10,#N/A,0,,VWA,25,P3_VWA,VWA_25_Tub2,VWA_25
2026-04-17,Fri,Aiden,P3_VWA_25_Tub3_Lacerate 97,10,12,alive,,W9-10,1.2,10,,VWA,25,P3_VWA,VWA_25_Tub3,VWA_25
2026-04-17,Fri,Aiden,P3_VWA_25_Tub3_Lacerate 98,10,0,alive,,W9-10,0,10,,VWA,25,P3_VWA,VWA_25_Tub3,VWA_25
2026-04-17,Fri,Aiden,P3_VWA_25_Tub3_Lacerate 99,10,,missing,,W9-10,0,10,,VWA,25,P3_VWA,VWA_25_Tub3,VWA_25
2026-04-17,Fri,Aiden,P3_VWA_25_Tub3_Lacerate 100,10,13,alive,,W9-10,1.3,10,,VWA,25,P3_VWA,VWA_25_Tub3,VWA_25
2026-04-17,Fri,Aiden,P3_VWA_25_Tub3_Lacerate 101,10,,missing,,W9-10,0,10,,VWA,25,P3_VWA,VWA_25_Tub3,VWA_25
2026-04-17,Fri,Aiden,P3_VWA_25_Tub3_Lacerate 102,10,0,alive,,W9-10,0,10,,VWA,25,P3_VWA,VWA_25_Tub3,VWA_25
2026-04-17,Fri,Aiden,P3_VWA_25_Tub3_Lacerate 103,10,0,alive,,W9-10,0,10,,VWA,25,P3_VWA,VWA_25_Tub3,VWA_25
2026-04-17,Fri,Aiden,P3_VWA_25_Tub3_Lacerate 104,10,0,alive,,W9-10,0,10,,VWA,25,P3_VWA,VWA_25_Tub3,VWA_25
2026-04-17,Fri,Aiden,PX_VWA_25_Tub3_Lacerate 105,10,12,alive,,W9-10,1.2,10,,VWA,25,PX_VWA,VWA_25_Tub3,VWA_25
2026-04-17,Fri,Aiden,P3_VWA_25_Tub3_Lacerate 106,10,0,alive,,W9-10,0,10,,VWA,25,P3_VWA,VWA_25_Tub3,VWA_25
2026-04-17,Fri,Aiden,P3_VWA_25_Tub3_Lacerate 107,10,0,alive,,W9-10,0,10,,VWA,25,P3_VWA,VWA_25_Tub3,VWA_25
2026-04-17,Fri,Aiden,P3_VWA_25_Tub3_Lacerate 108,10,0,alive,,W9-10,0,10,,VWA,25,P3_VWA,VWA_25_Tub3,VWA_25
2026-04-17,Fri,Aiden,P3_VWA_25_Tub3_Lacerate 109,10,0,alive,,W9-10,0,10,,VWA,25,P3_VWA,VWA_25_Tub3,VWA_25
2026-04-17,Fri,Aiden,PX_VWA_25_Tub3_Lacerate 110,10,12,alive,,W9-10,1.2,10,,VWA,25,PX_VWA,VWA_25_Tub3,VWA_25
2026-04-17,Fri,Aiden,P2_VWA_25_Tub3_Lacerate 111,10,0,alive,,W9-10,0,10,,VWA,25,P2_VWA,VWA_25_Tub3,VWA_25
2026-04-17,Fri,Aiden,P2_VWA_25_Tub3_Lacerate 112,8,0,alive,,W9-10,0,8,,VWA,25,P2_VWA,VWA_25_Tub3,VWA_25
2026-04-17,Fri,Aiden,P1_VWA_25_Tub3_Lacerate 113,6,10,alive,,W9-10,1.666666667,6,,VWA,25,P1_VWA,VWA_25_Tub3,VWA_25
2026-04-17,Fri,Aiden,P1_VWA_25_Tub3_Lacerate 114,6,9,alive,,W9-10,1.5,6,,VWA,25,P1_VWA,VWA_25_Tub3,VWA_25
2026-04-17,Fri,Aiden,P1_VWA_25_Tub3_Lacerate 115,6,13,alive,,W9-10,2.166666667,6,,VWA,25,P1_VWA,VWA_25_Tub3,VWA_25
2026-04-17,Fri,Aiden,P3_VWA_25_Tub3_Lacerate 116,6,0,alive,,W9-10,0,6,,VWA,25,P3_VWA,VWA_25_Tub3,VWA_25
2026-04-17,Fri,Aiden,P3_VWA_25_Tub3_Lacerate 117,6,0,alive,,W9-10,0,6,,VWA,25,P3_VWA,VWA_25_Tub3,VWA_25
2026-04-17,Fri,Aiden,P3_VWA_25_Tub3_Lacerate 118,4,,missing,,W9-10,0,4,,VWA,25,P3_VWA,VWA_25_Tub3,VWA_25
2026-04-17,Fri,Aiden,P3_VWA_25_Tub3_Lacerate 119,4,,missing,,W9-10,0,4,,VWA,25,P3_VWA,VWA_25_Tub3,VWA_25
2026-04-17,Fri,Aiden,P2_VWA_25_Tub3_Lacerate 120,4,13,alive,,W9-10,3.25,4,,VWA,25,P2_VWA,VWA_25_Tub3,VWA_25
2026-04-17,Fri,Aiden,PX_VWA_25_Tub3_Lacerate 121,4,8,alive,,W9-10,2,4,,VWA,25,PX_VWA,VWA_25_Tub3,VWA_25
2026-04-17,Fri,Aiden,PX_VWA_25_Tub3_Lacerate 122,4,13,alive,,W9-10,3.25,4,,VWA,25,PX_VWA,VWA_25_Tub3,VWA_25
2026-04-17,Fri,Aiden,PX_VWA_25_Tub3_Lacerate 123,4,11,alive,,W9-10,2.75,4,,VWA,25,PX_VWA,VWA_25_Tub3,VWA_25
2026-04-17,Fri,Aiden,P1_VWA_25_Tub3_Lacerate 124,4,9,alive,,W9-10,2.25,4,,VWA,25,P1_VWA,VWA_25_Tub3,VWA_25
2026-04-17,Fri,Aiden,P1_VWA_25_Tub3_Lacerate 125,3,14,alive,,W9-10,4.666666667,3,,VWA,25,P1_VWA,VWA_25_Tub3,VWA_25
2026-04-17,Fri,Aiden,P1_VWA_25_Tub3_Lacerate 126,3,6,alive,,W9-10,2,3,,VWA,25,P1_VWA,VWA_25_Tub3,VWA_25
2026-04-17,Fri,Aiden,P1_VWA_25_Tub3_Lacerate 127,3,6,alive,,W9-10,2,3,,VWA,25,P1_VWA,VWA_25_Tub3,VWA_25
2026-04-17,Fri,Aiden,P1_VWA_25_Tub3_Lacerate 128,3,7,alive,,W9-10,2.333333333,3,,VWA,25,P1_VWA,VWA_25_Tub3,VWA_25
2026-04-17,Fri,Aiden,P1_VWA_25_Tub3_Lacerate 129,1,10,alive,,W9-10,10,1,,VWA,25,P1_VWA,VWA_25_Tub3,VWA_25
2026-04-17,Fri,Aiden,P1_VWA_25_Tub3_Lacerate 130,0,6,alive,,W9-10,#N/A,0,,VWA,25,P1_VWA,VWA_25_Tub3,VWA_25
2026-04-17,Fri,Aiden,P3_H2_32_Tub1_Lacerate 102,10,0,alive,,W9-10,0,10,,H2,32,P3_H2,H2_32_Tub1,H2_32
2026-04-17,Fri,Aiden,P2_H2_32_Tub1_Lacerate 103,10,12,alive,,W9-10,1.2,10,,H2,32,P2_H2,H2_32_Tub1,H2_32
2026-04-17,Fri,Aiden,P2_H2_32_Tub1_Lacerate 104,7,,missing,,W9-10,0,7,,H2,32,P2_H2,H2_32_Tub1,H2_32
2026-04-17,Fri,Aiden,P3_H2_32_Tub1_Lacerate 105,6,,missing,,W9-10,0,6,,H2,32,P3_H2,H2_32_Tub1,H2_32
2026-04-17,Fri,Aiden,P3_H2_32_Tub1_Lacerate 106,4,0,alive,,W9-10,0,4,,H2,32,P3_H2,H2_32_Tub1,H2_32
2026-04-17,Fri,Aiden,P3_H2_32_Tub1_Lacerate 107,4,11,alive,,W9-10,2.75,4,,H2,32,P3_H2,H2_32_Tub1,H2_32
2026-04-17,Fri,Aiden,P3_H2_32_Tub1_Lacerate 108,4,0,alive,,W9-10,0,4,,H2,32,P3_H2,H2_32_Tub1,H2_32
2026-04-17,Fri,Aiden,P2_H2_32_Tub1_Lacerate 109,4,0,alive,,W9-10,0,4,,H2,32,P2_H2,H2_32_Tub1,H2_32
2026-04-17,Fri,Aiden,PX_H2_32_Tub1_Lacerate 110,4,,missing,,W9-10,0,4,,H2,32,PX_H2,H2_32_Tub1,H2_32
2026-04-17,Fri,Aiden,PX_H2_32_Tub1_Lacerate 111,4,11,alive,,W9-10,2.75,4,,H2,32,PX_H2,H2_32_Tub1,H2_32
2026-04-17,Fri,Aiden,PX_H2_32_Tub1_Lacerate 112,3,10,alive,,W9-10,3.333333333,3,,H2,32,PX_H2,H2_32_Tub1,H2_32
2026-04-17,Fri,Aiden,PX_H2_32_Tub1_Lacerate 113,3,,missing,,W9-10,0,3,,H2,32,PX_H2,H2_32_Tub1,H2_32
2026-04-17,Fri,Aiden,P3_H2_32_Tub1_Lacerate 114,2,0,alive,,W9-10,0,2,,H2,32,P3_H2,H2_32_Tub1,H2_32
2026-04-17,Fri,Aiden,P3_H2_32_Tub1_Lacerate 115,2,5,alive,,W9-10,2.5,2,,H2,32,P3_H2,H2_32_Tub1,H2_32
2026-04-17,Fri,Aiden,P1_H2_32_Tub1_Lacerate 116,2,,missing,,W9-10,0,2,,H2,32,P1_H2,H2_32_Tub1,H2_32
2026-04-17,Fri,Aiden,P1_H2_32_Tub1_Lacerate 117,2,8,alive,,W9-10,4,2,,H2,32,P1_H2,H2_32_Tub1,H2_32
2026-04-17,Fri,Aiden,P1_H2_32_Tub1_Lacerate 118,2,0,alive,,W9-10,0,2,,H2,32,P1_H2,H2_32_Tub1,H2_32
2026-04-17,Fri,Aiden,P1_H2_32_Tub1_Lacerate 119,2,8,alive,,W9-10,4,2,,H2,32,P1_H2,H2_32_Tub1,H2_32
2026-04-17,Fri,Aiden,P1_H2_32_Tub1_Lacerate 120,1,4,alive,,W9-10,4,1,,H2,32,P1_H2,H2_32_Tub1,H2_32
2026-04-17,Fri,Aiden,P1_H2_32_Tub1_Lacerate 121,1,4,alive,,W9-10,4,1,,H2,32,P1_H2,H2_32_Tub1,H2_32
2026-04-17,Fri,Aiden,P1_H2_32_Tub1_Lacerate 122,1,0,alive,,W9-10,0,1,,H2,32,P1_H2,H2_32_Tub1,H2_32
2026-04-17,Fri,Aiden,P1_H2_32_Tub1_Lacerate 123,1,0,alive,,W9-10,0,1,,H2,32,P1_H2,H2_32_Tub1,H2_32
2026-04-17,Fri,Aiden,P1_H2_32_Tub2_Lacerate 125,10,,missing,,W9-10,0,10,,H2,32,P1_H2,H2_32_Tub2,H2_32
2026-04-17,Fri,Aiden,P1_H2_32_Tub2_Lacerate 126,10,0,alive,,W9-10,0,10,,H2,32,P1_H2,H2_32_Tub2,H2_32
2026-04-17,Fri,Aiden,P1_H2_32_Tub2_Lacerate 127,10,,missing,,W9-10,0,10,,H2,32,P1_H2,H2_32_Tub2,H2_32
2026-04-17,Fri,Aiden,P1_H2_32_Tub2_Lacerate 128,10,0,alive,,W9-10,0,10,,H2,32,P1_H2,H2_32_Tub2,H2_32
2026-04-17,Fri,Aiden,P1_H2_32_Tub2_Lacerate 129,10,9,alive,,W9-10,0.9,10,,H2,32,P1_H2,H2_32_Tub2,H2_32
2026-04-17,Fri,Aiden,P1_H2_32_Tub2_Lacerate 130,10,,missing,,W9-10,0,10,,H2,32,P1_H2,H2_32_Tub2,H2_32
2026-04-17,Fri,Aiden,P1_H2_32_Tub2_Lacerate 131,10,,missing,,W9-10,0,10,,H2,32,P1_H2,H2_32_Tub2,H2_32
2026-04-17,Fri,Aiden,P3_H2_32_Tub2_Lacerate 132,10,,missing,,W9-10,0,10,,H2,32,P3_H2,H2_32_Tub2,H2_32
2026-04-17,Fri,Aiden,P2_H2_32_Tub2_Lacerate 133,10,10,alive,,W9-10,1,10,,H2,32,P2_H2,H2_32_Tub2,H2_32
2026-04-17,Fri,Aiden,P1_H2_32_Tub2_Lacerate 134,7,7,alive,,W9-10,1,7,,H2,32,P1_H2,H2_32_Tub2,H2_32
2026-04-17,Fri,Aiden,P1_H2_32_Tub2_Lacerate 135,7,9,alive,,W9-10,1.285714286,7,,H2,32,P1_H2,H2_32_Tub2,H2_32
2026-04-17,Fri,Aiden,P2_H2_32_Tub2_Lacerate 136,6,8,alive,,W9-10,1.333333333,6,,H2,32,P2_H2,H2_32_Tub2,H2_32
2026-04-17,Fri,Aiden,PX_H2_32_Tub2_Lacerate 137,6,11,alive,,W9-10,1.833333333,6,,H2,32,PX_H2,H2_32_Tub2,H2_32
2026-04-17,Fri,Aiden,PX_H2_32_Tub2_Lacerate 138,6,11,alive,,W9-10,1.833333333,6,,H2,32,PX_H2,H2_32_Tub2,H2_32
2026-04-17,Fri,Aiden,PX_H2_32_Tub2_Lacerate 139,6,12,alive,,W9-10,2,6,,H2,32,PX_H2,H2_32_Tub2,H2_32
2026-04-17,Fri,Aiden,P1_H2_32_Tub2_Lacerate 140,6,4,alive,,W9-10,0.6666666667,6,,H2,32,P1_H2,H2_32_Tub2,H2_32
2026-04-17,Fri,Aiden,PX_H2_32_Tub2_Lacerate 141,4,14,alive,,W9-10,3.5,4,,H2,32,PX_H2,H2_32_Tub2,H2_32
2026-04-17,Fri,Aiden,PX_H2_32_Tub2_Lacerate 142,4,,missing,,W9-10,0,4,,H2,32,PX_H2,H2_32_Tub2,H2_32
2026-04-17,Fri,Aiden,P2_H2_32_Tub2_Lacerate 143,4,6,alive,,W9-10,1.5,4,,H2,32,P2_H2,H2_32_Tub2,H2_32
2026-04-17,Fri,Aiden,P2_H2_32_Tub2_Lacerate 144,4,14,alive,,W9-10,3.5,4,,H2,32,P2_H2,H2_32_Tub2,H2_32
2026-04-17,Fri,Aiden,PX_H2_32_Tub2_Lacerate 145,4,12,alive,,W9-10,3,4,,H2,32,PX_H2,H2_32_Tub2,H2_32
2026-04-17,Fri,Aiden,PX_H2_32_Tub2_Lacerate 146,4,10,alive,,W9-10,2.5,4,,H2,32,PX_H2,H2_32_Tub2,H2_32
2026-04-17,Fri,Aiden,PX_H2_32_Tub2_Lacerate 147,4,,missing,,W9-10,0,4,,H2,32,PX_H2,H2_32_Tub2,H2_32
2026-04-17,Fri,Aiden,PX_H2_32_Tub2_Lacerate 148,4,12,alive,,W9-10,3,4,,H2,32,PX_H2,H2_32_Tub2,H2_32
2026-04-17,Fri,Aiden,PX_H2_32_Tub2_Lacerate 149,4,7,alive,,W9-10,1.75,4,,H2,32,PX_H2,H2_32_Tub2,H2_32
2026-04-17,Fri,Aiden,PX_H2_32_Tub2_Lacerate 150,4,12,alive,,W9-10,3,4,,H2,32,PX_H2,H2_32_Tub2,H2_32
2026-04-17,Fri,Aiden,PX_H2_32_Tub2_Lacerate 151,4,10,alive,,W9-10,2.5,4,,H2,32,PX_H2,H2_32_Tub2,H2_32
2026-04-17,Fri,Aiden,PX_H2_32_Tub2_Lacerate 152,4,10,alive,,W9-10,2.5,4,,H2,32,PX_H2,H2_32_Tub2,H2_32
2026-04-17,Fri,Aiden,P3_H2_32_Tub2_Lacerate 153,3,8,alive,,W9-10,2.666666667,3,,H2,32,P3_H2,H2_32_Tub2,H2_32
2026-04-17,Fri,Aiden,P2_H2_32_Tub2_Lacerate 154,3,5,alive,,W9-10,1.666666667,3,,H2,32,P2_H2,H2_32_Tub2,H2_32
2026-04-17,Fri,Aiden,P2_H2_32_Tub2_Lacerate 155,3,6,alive,,W9-10,2,3,,H2,32,P2_H2,H2_32_Tub2,H2_32
2026-04-17,Fri,Aiden,PX_H2_32_Tub2_Lacerate 156,3,12,alive,,W9-10,4,3,,H2,32,PX_H2,H2_32_Tub2,H2_32
2026-04-17,Fri,Aiden,P1_H2_32_Tub2_Lacerate 157,2,0,alive,,W9-10,0,2,,H2,32,P1_H2,H2_32_Tub2,H2_32
2026-04-17,Fri,Aiden,P1_H2_32_Tub2_Lacerate 158,2,0,alive,,W9-10,0,2,,H2,32,P1_H2,H2_32_Tub2,H2_32
2026-04-17,Fri,Aiden,P1_H2_32_Tub2_Lacerate 159,2,0,alive,,W9-10,0,2,,H2,32,P1_H2,H2_32_Tub2,H2_32
2026-04-17,Fri,Aiden,P1_H2_32_Tub2_Lacerate 160,2,0,alive,,W9-10,0,2,,H2,32,P1_H2,H2_32_Tub2,H2_32
2026-04-17,Fri,Aiden,P3_H2_32_Tub2_Lacerate 161,2,0,alive,,W9-10,0,2,,H2,32,P3_H2,H2_32_Tub2,H2_32
2026-04-17,Fri,Aiden,P3_H2_32_Tub2_Lacerate 162,2,0,alive,,W9-10,0,2,,H2,32,P3_H2,H2_32_Tub2,H2_32
2026-04-17,Fri,Aiden,P3_H2_32_Tub2_Lacerate 163,2,0,alive,,W9-10,0,2,,H2,32,P3_H2,H2_32_Tub2,H2_32
2026-04-17,Fri,Aiden,P3_H2_32_Tub2_Lacerate 164,2,0,alive,,W9-10,0,2,,H2,32,P3_H2,H2_32_Tub2,H2_32
2026-04-17,Fri,Aiden,P3_H2_32_Tub2_Lacerate 165,2,0,alive,,W9-10,0,2,,H2,32,P3_H2,H2_32_Tub2,H2_32
2026-04-17,Fri,Aiden,P3_H2_32_Tub2_Lacerate 166,2,0,alive,,W9-10,0,2,,H2,32,P3_H2,H2_32_Tub2,H2_32
2026-04-17,Fri,Aiden,P2_H2_32_Tub2_Lacerate 167,2,9,alive,,W9-10,4.5,2,,H2,32,P2_H2,H2_32_Tub2,H2_32
2026-04-17,Fri,Aiden,PX_H2_32_Tub2_Lacerate 168,2,11,alive,,W9-10,5.5,2,,H2,32,PX_H2,H2_32_Tub2,H2_32
2026-04-17,Fri,Aiden,PX_H2_32_Tub2_Lacerate 169,2,6,alive,,W9-10,3,2,,H2,32,PX_H2,H2_32_Tub2,H2_32
2026-04-17,Fri,Aiden,PX_H2_32_Tub2_Lacerate 170,2,7,alive,,W9-10,3.5,2,,H2,32,PX_H2,H2_32_Tub2,H2_32
2026-04-17,Fri,Aiden,PX_H2_32_Tub2_Lacerate 171,1,12,alive,,W9-10,12,1,,H2,32,PX_H2,H2_32_Tub2,H2_32
2026-04-17,Fri,Aiden,PX_H2_32_Tub2_Lacerate 172,1,13,alive,,W9-10,13,1,,H2,32,PX_H2,H2_32_Tub2,H2_32
2026-04-17,Fri,Aiden,PX_H2_32_Tub2_Lacerate 173,1,0,alive,,W9-10,0,1,,H2,32,PX_H2,H2_32_Tub2,H2_32
2026-04-17,Fri,Aiden,PX_H2_32_Tub2_Lacerate 174,1,0,alive,,W9-10,0,1,,H2,32,PX_H2,H2_32_Tub2,H2_32
2026-04-17,Fri,Aiden,PX_H2_32_Tub2_Lacerate 175,1,5,alive,,W9-10,5,1,,H2,32,PX_H2,H2_32_Tub2,H2_32
2026-04-17,Fri,Aiden,P1_H2_32_Tub3_Lacerate 115,10,10,alive,,W9-10,1,10,,H2,32,P1_H2,H2_32_Tub3,H2_32
2026-04-17,Fri,Aiden,P2_H2_32_Tub3_Lacerate 116,10,,missing,,W9-10,0,10,,H2,32,P2_H2,H2_32_Tub3,H2_32
2026-04-17,Fri,Aiden,P2_H2_32_Tub3_Lacerate 117,10,10,alive,,W9-10,1,10,,H2,32,P2_H2,H2_32_Tub3,H2_32
2026-04-17,Fri,Aiden,P2_H2_32_Tub3_Lacerate 118,10,,missing,,W9-10,0,10,,H2,32,P2_H2,H2_32_Tub3,H2_32
2026-04-17,Fri,Aiden,P2_H2_32_Tub3_Lacerate 119,10,8,alive,,W9-10,0.8,10,,H2,32,P2_H2,H2_32_Tub3,H2_32
2026-04-17,Fri,Aiden,P3_H2_32_Tub3_Lacerate 120,10,7,alive,,W9-10,0.7,10,,H2,32,P3_H2,H2_32_Tub3,H2_32
2026-04-17,Fri,Aiden,P3_H2_32_Tub3_Lacerate 121,10,0,alive,,W9-10,0,10,,H2,32,P3_H2,H2_32_Tub3,H2_32
2026-04-17,Fri,Aiden,P3_H2_32_Tub3_Lacerate 122,10,9,alive,,W9-10,0.9,10,,H2,32,P3_H2,H2_32_Tub3,H2_32
2026-04-17,Fri,Aiden,P3_H2_32_Tub3_Lacerate 123,10,8,alive,,W9-10,0.8,10,,H2,32,P3_H2,H2_32_Tub3,H2_32
2026-04-17,Fri,Aiden,P3_H2_32_Tub3_Lacerate 124,10,9,alive,,W9-10,0.9,10,,H2,32,P3_H2,H2_32_Tub3,H2_32
2026-04-17,Fri,Aiden,P2_H2_32_Tub3_Lacerate 125,8,,missing,,W9-10,0,8,,H2,32,P2_H2,H2_32_Tub3,H2_32
2026-04-17,Fri,Aiden,P3_H2_32_Tub3_Lacerate 126,8,0,alive,,W9-10,0,8,,H2,32,P3_H2,H2_32_Tub3,H2_32
2026-04-17,Fri,Aiden,P1_H2_32_Tub3_Lacerate 127,8,10,alive,,W9-10,1.25,8,,H2,32,P1_H2,H2_32_Tub3,H2_32
2026-04-17,Fri,Aiden,PX_H2_32_Tub3_Lacerate 128,6,10,alive,,W9-10,1.666666667,6,,H2,32,PX_H2,H2_32_Tub3,H2_32
2026-04-17,Fri,Aiden,PX_H2_32_Tub3_Lacerate 129,6,20,alive,,W9-10,3.333333333,6,,H2,32,PX_H2,H2_32_Tub3,H2_32
2026-04-17,Fri,Aiden,PX_H2_32_Tub3_Lacerate 130,6,0,alive,,W9-10,0,6,,H2,32,PX_H2,H2_32_Tub3,H2_32
2026-04-17,Fri,Aiden,PX_H2_32_Tub3_Lacerate 131,4,0,alive,,W9-10,0,4,,H2,32,PX_H2,H2_32_Tub3,H2_32
2026-04-17,Fri,Aiden,PX_H2_32_Tub3_Lacerate 132,4,6,alive,,W9-10,1.5,4,,H2,32,PX_H2,H2_32_Tub3,H2_32
2026-04-17,Fri,Aiden,PX_H2_32_Tub3_Lacerate 133,4,8,alive,,W9-10,2,4,,H2,32,PX_H2,H2_32_Tub3,H2_32
2026-04-17,Fri,Aiden,PX_H2_32_Tub3_Lacerate 134,4,12,alive,,W9-10,3,4,,H2,32,PX_H2,H2_32_Tub3,H2_32
2026-04-17,Fri,Aiden,PX_H2_32_Tub3_Lacerate 135,4,8,alive,,W9-10,2,4,,H2,32,PX_H2,H2_32_Tub3,H2_32
2026-04-17,Fri,Aiden,P1_H2_32_Tub3_Lacerate 136,3,0,alive,,W9-10,0,3,,H2,32,P1_H2,H2_32_Tub3,H2_32
2026-04-17,Fri,Aiden,P1_H2_32_Tub3_Lacerate 137,3,8,alive,,W9-10,2.666666667,3,,H2,32,P1_H2,H2_32_Tub3,H2_32
2026-04-17,Fri,Aiden,PX_H2_32_Tub3_Lacerate 138,2,10,alive,,W9-10,5,2,,H2,32,PX_H2,H2_32_Tub3,H2_32
2026-04-17,Fri,Aiden,PX_H2_32_Tub3_Lacerate 139,2,3,alive,,W9-10,1.5,2,,H2,32,PX_H2,H2_32_Tub3,H2_32
2026-04-17,Fri,Aiden,PX_H2_32_Tub3_Lacerate 140,2,3,alive,,W9-10,1.5,2,,H2,32,PX_H2,H2_32_Tub3,H2_32
2026-04-17,Fri,Aiden,P1_H2_32_Tub3_Lacerate 141,2,9,alive,,W9-10,4.5,2,,H2,32,P1_H2,H2_32_Tub3,H2_32
2026-04-17,Fri,Aiden,P1_H2_32_Tub3_Lacerate 142,2,0,alive,,W9-10,0,2,,H2,32,P1_H2,H2_32_Tub3,H2_32
2026-04-17,Fri,Aiden,P1_H2_32_Tub3_Lacerate 143,2,0,alive,,W9-10,0,2,,H2,32,P1_H2,H2_32_Tub3,H2_32
2026-04-17,Fri,Aiden,P1_H2_32_Tub3_Lacerate 144,2,,missing,,W9-10,0,2,,H2,32,P1_H2,H2_32_Tub3,H2_32
2026-04-17,Fri,Aiden,P1_H2_32_Tub3_Lacerate 145,2,5,alive,,W9-10,2.5,2,,H2,32,P1_H2,H2_32_Tub3,H2_32
2026-04-17,Fri,Aiden,P1_H2_32_Tub3_Lacerate 146,2,0,alive,,W9-10,0,2,,H2,32,P1_H2,H2_32_Tub3,H2_32
2026-04-17,Fri,Aiden,P1_H2_32_Tub3_Lacerate 147,2,13,alive,,W9-10,6.5,2,,H2,32,P1_H2,H2_32_Tub3,H2_32
2026-04-17,Fri,Aiden,P1_H2_32_Tub3_Lacerate 148,2,8,alive,,W9-10,4,2,,H2,32,P1_H2,H2_32_Tub3,H2_32
2026-04-17,Fri,Aiden,P1_H2_32_Tub3_Lacerate 149,1,8,alive,,W9-10,8,1,,H2,32,P1_H2,H2_32_Tub3,H2_32
2026-04-17,Fri,Aiden,P1_H2_32_Tub3_Lacerate 150,1,6,alive,,W9-10,6,1,,H2,32,P1_H2,H2_32_Tub3,H2_32
2026-04-17,Fri,Aiden,P2_VWA_32_Tub1_Lacerate 103,10,,missing,,W9-10,0,10,,VWA,32,P2_VWA,VWA_32_Tub1,VWA_32
2026-04-17,Fri,Aiden,PX_VWA_32_Tub1_Lacerate 104,10,16,alive,,W9-10,1.6,10,,VWA,32,PX_VWA,VWA_32_Tub1,VWA_32
2026-04-17,Fri,Aiden,PX_VWA_32_Tub1_Lacerate 105,10,9,alive,,W9-10,0.9,10,,VWA,32,PX_VWA,VWA_32_Tub1,VWA_32
2026-04-17,Fri,Aiden,P1_VWA_32_Tub1_Lacerate 106,10,,missing,,W9-10,0,10,,VWA,32,P1_VWA,VWA_32_Tub1,VWA_32
2026-04-17,Fri,Aiden,P1_VWA_32_Tub1_Lacerate 107,10,12,alive,,W9-10,1.2,10,,VWA,32,P1_VWA,VWA_32_Tub1,VWA_32
2026-04-17,Fri,Aiden,P1_VWA_32_Tub1_Lacerate 108,10,,missing,,W9-10,0,10,,VWA,32,P1_VWA,VWA_32_Tub1,VWA_32
2026-04-17,Fri,Aiden,P1_VWA_32_Tub1_Lacerate 109,10,,missing,,W9-10,0,10,,VWA,32,P1_VWA,VWA_32_Tub1,VWA_32
2026-04-17,Fri,Aiden,PX_VWA_32_Tub1_Lacerate 110,10,11,alive,,W9-10,1.1,10,,VWA,32,PX_VWA,VWA_32_Tub1,VWA_32
2026-04-17,Fri,Aiden,PX_VWA_32_Tub1_Lacerate 111,10,7,alive,,W9-10,0.7,10,,VWA,32,PX_VWA,VWA_32_Tub1,VWA_32
2026-04-17,Fri,Aiden,P2_VWA_32_Tub1_Lacerate 112,10,,missing,,W9-10,0,10,,VWA,32,P2_VWA,VWA_32_Tub1,VWA_32
2026-04-17,Fri,Aiden,P2_VWA_32_Tub1_Lacerate 113,10,,missing,,W9-10,0,10,,VWA,32,P2_VWA,VWA_32_Tub1,VWA_32
2026-04-17,Fri,Aiden,P3_VWA_32_Tub1_Lacerate 114,8,8,alive,,W9-10,1,8,,VWA,32,P3_VWA,VWA_32_Tub1,VWA_32
2026-04-17,Fri,Aiden,P3_VWA_32_Tub1_Lacerate 115,8,12,alive,,W9-10,1.5,8,,VWA,32,P3_VWA,VWA_32_Tub1,VWA_32
2026-04-17,Fri,Aiden,P3_VWA_32_Tub1_Lacerate 116,8,,missing,,W9-10,0,8,,VWA,32,P3_VWA,VWA_32_Tub1,VWA_32
2026-04-17,Fri,Aiden,P3_VWA_32_Tub1_Lacerate 117,8,,missing,,W9-10,0,8,,VWA,32,P3_VWA,VWA_32_Tub1,VWA_32
2026-04-17,Fri,Aiden,P3_VWA_32_Tub1_Lacerate 118,8,,missing,,W9-10,0,8,,VWA,32,P3_VWA,VWA_32_Tub1,VWA_32
2026-04-17,Fri,Aiden,P3_VWA_32_Tub1_Lacerate 119,8,,missing,,W9-10,0,8,,VWA,32,P3_VWA,VWA_32_Tub1,VWA_32
2026-04-17,Fri,Aiden,PX_VWA_32_Tub1_Lacerate 120,6,8,alive,,W9-10,1.333333333,6,,VWA,32,PX_VWA,VWA_32_Tub1,VWA_32
2026-04-17,Fri,Aiden,PX_VWA_32_Tub1_Lacerate 121,4,9,alive,,W9-10,2.25,4,,VWA,32,PX_VWA,VWA_32_Tub1,VWA_32
2026-04-17,Fri,Aiden,PX_VWA_32_Tub1_Lacerate 122,4,12,alive,,W9-10,3,4,,VWA,32,PX_VWA,VWA_32_Tub1,VWA_32
2026-04-17,Fri,Aiden,PX_VWA_32_Tub1_Lacerate 123,4,15,alive,,W9-10,3.75,4,,VWA,32,PX_VWA,VWA_32_Tub1,VWA_32
2026-04-17,Fri,Aiden,PX_VWA_32_Tub1_Lacerate 124,4,19,alive,,W9-10,4.75,4,,VWA,32,PX_VWA,VWA_32_Tub1,VWA_32
2026-04-17,Fri,Aiden,PX_VWA_32_Tub1_Lacerate 125,4,12,alive,,W9-10,3,4,,VWA,32,PX_VWA,VWA_32_Tub1,VWA_32
2026-04-17,Fri,Aiden,P2_VWA_32_Tub1_Lacerate 126,4,13,alive,,W9-10,3.25,4,,VWA,32,P2_VWA,VWA_32_Tub1,VWA_32
2026-04-17,Fri,Aiden,P2_VWA_32_Tub1_Lacerate 127,4,9,alive,,W9-10,2.25,4,,VWA,32,P2_VWA,VWA_32_Tub1,VWA_32
2026-04-17,Fri,Aiden,P2_VWA_32_Tub1_Lacerate 128,4,,missing,,W9-10,0,4,,VWA,32,P2_VWA,VWA_32_Tub1,VWA_32
2026-04-17,Fri,Aiden,P2_VWA_32_Tub1_Lacerate 129,4,10,alive,,W9-10,2.5,4,,VWA,32,P2_VWA,VWA_32_Tub1,VWA_32
2026-04-17,Fri,Aiden,P2_VWA_32_Tub1_Lacerate 130,4,9,alive,,W9-10,2.25,4,,VWA,32,P2_VWA,VWA_32_Tub1,VWA_32
2026-04-17,Fri,Aiden,P2_VWA_32_Tub1_Lacerate 131,4,6,alive,,W9-10,1.5,4,,VWA,32,P2_VWA,VWA_32_Tub1,VWA_32
2026-04-17,Fri,Aiden,P2_VWA_32_Tub1_Lacerate 132,3,7,alive,,W9-10,2.333333333,3,,VWA,32,P2_VWA,VWA_32_Tub1,VWA_32
2026-04-17,Fri,Aiden,P2_VWA_32_Tub1_Lacerate 133,2,0,alive,,W9-10,0,2,,VWA,32,P2_VWA,VWA_32_Tub1,VWA_32
2026-04-17,Fri,Aiden,P2_VWA_32_Tub1_Lacerate 134,2,0,alive,,W9-10,0,2,,VWA,32,P2_VWA,VWA_32_Tub1,VWA_32
2026-04-17,Fri,Aiden,P2_VWA_32_Tub1_Lacerate 135,2,9,alive,,W9-10,4.5,2,,VWA,32,P2_VWA,VWA_32_Tub1,VWA_32
2026-04-17,Fri,Aiden,P2_VWA_32_Tub1_Lacerate 136,2,7,alive,,W9-10,3.5,2,,VWA,32,P2_VWA,VWA_32_Tub1,VWA_32
2026-04-17,Fri,Aiden,P2_VWA_32_Tub1_Lacerate 137,1,12,alive,,W9-10,12,1,,VWA,32,P2_VWA,VWA_32_Tub1,VWA_32
2026-04-17,Fri,Aiden,P2_VWA_32_Tub1_Lacerate 138,1,8,alive,,W9-10,8,1,,VWA,32,P2_VWA,VWA_32_Tub1,VWA_32
2026-04-17,Fri,Aiden,P1_VWA_32_Tub1_Lacerate 139,1,9,alive,,W9-10,9,1,,VWA,32,P1_VWA,VWA_32_Tub1,VWA_32
2026-04-17,Fri,Aiden,PX_VWA_32_Tub1_Lacerate 140,1,8,alive,,W9-10,8,1,,VWA,32,PX_VWA,VWA_32_Tub1,VWA_32
2026-04-17,Fri,Aiden,P2_VWA_32_Tub1_Lacerate 141,1,12,alive,,W9-10,12,1,,VWA,32,P2_VWA,VWA_32_Tub1,VWA_32
2026-04-17,Fri,Aiden,P2_VWA_32_Tub1_Lacerate 142,1,7,alive,,W9-10,7,1,,VWA,32,P2_VWA,VWA_32_Tub1,VWA_32
2026-04-17,Fri,Aiden,PX_VWA_32_Tub2_Lacerate 70,10,,missing,,W9-10,0,10,,VWA,32,PX_VWA,VWA_32_Tub2,VWA_32
2026-04-17,Fri,Aiden,PX_VWA_32_Tub2_Lacerate 71,10,16,alive,,W9-10,1.6,10,,VWA,32,PX_VWA,VWA_32_Tub2,VWA_32
2026-04-17,Fri,Aiden,PX_VWA_32_Tub2_Lacerate 72,10,16,alive,,W9-10,1.6,10,,VWA,32,PX_VWA,VWA_32_Tub2,VWA_32
2026-04-17,Fri,Aiden,PX_VWA_32_Tub2_Lacerate 73,10,12,alive,,W9-10,1.2,10,,VWA,32,PX_VWA,VWA_32_Tub2,VWA_32
2026-04-17,Fri,Aiden,P1_VWA_32_Tub2_Lacerate 74,10,,missing,,W9-10,0,10,,VWA,32,P1_VWA,VWA_32_Tub2,VWA_32
2026-04-17,Fri,Aiden,P1_VWA_32_Tub2_Lacerate 75,10,,missing,,W9-10,0,10,,VWA,32,P1_VWA,VWA_32_Tub2,VWA_32
2026-04-17,Fri,Aiden,P1_VWA_32_Tub2_Lacerate 76,10,11,alive,,W9-10,1.1,10,,VWA,32,P1_VWA,VWA_32_Tub2,VWA_32
2026-04-17,Fri,Aiden,P1_VWA_32_Tub2_Lacerate 77,10,,missing,,W9-10,0,10,,VWA,32,P1_VWA,VWA_32_Tub2,VWA_32
2026-04-17,Fri,Aiden,P1_VWA_32_Tub2_Lacerate 78,10,,missing,,W9-10,0,10,,VWA,32,P1_VWA,VWA_32_Tub2,VWA_32
2026-04-17,Fri,Aiden,P1_VWA_32_Tub2_Lacerate 79,8,,missing,,W9-10,0,8,,VWA,32,P1_VWA,VWA_32_Tub2,VWA_32
2026-04-17,Fri,Aiden,P3_VWA_32_Tub2_Lacerate 80,4,12,alive,,W9-10,3,4,,VWA,32,P3_VWA,VWA_32_Tub2,VWA_32
2026-04-17,Fri,Aiden,P3_VWA_32_Tub2_Lacerate 81,4,11,alive,,W9-10,2.75,4,,VWA,32,P3_VWA,VWA_32_Tub2,VWA_32
2026-04-17,Fri,Aiden,P3_VWA_32_Tub2_Lacerate 82,4,8,alive,,W9-10,2,4,,VWA,32,P3_VWA,VWA_32_Tub2,VWA_32
2026-04-17,Fri,Aiden,P1_VWA_32_Tub2_Lacerate 85,1,0,alive,,W9-10,0,1,,VWA,32,P1_VWA,VWA_32_Tub2,VWA_32
2026-04-17,Fri,Aiden,P2_VWA_32_Tub2_Lacerate 86,1,7,alive,,W9-10,7,1,,VWA,32,P2_VWA,VWA_32_Tub2,VWA_32
2026-04-17,Fri,Aiden,PX_VWA_32_Tub2_Lacerate 87,2,9,alive,,W9-10,4.5,2,,VWA,32,PX_VWA,VWA_32_Tub2,VWA_32
2026-04-17,Fri,Aiden,PX_VWA_32_Tub2_Lacerate 88,2,12,alive,,W9-10,6,2,,VWA,32,PX_VWA,VWA_32_Tub2,VWA_32
2026-04-17,Fri,Aiden,PX_VWA_32_Tub2_Lacerate 89,2,9,alive,,W9-10,4.5,2,,VWA,32,PX_VWA,VWA_32_Tub2,VWA_32
2026-04-17,Fri,Aiden,P1_VWA_32_Tub2_Lacerate 90,2,0,alive,,W9-10,0,2,,VWA,32,P1_VWA,VWA_32_Tub2,VWA_32
2026-04-17,Fri,Aiden,P1_VWA_32_Tub2_Lacerate 91,2,0,alive,,W9-10,0,2,,VWA,32,P1_VWA,VWA_32_Tub2,VWA_32
2026-04-17,Fri,Aiden,P2_VWA_32_Tub2_Lacerate 92,2,6,alive,,W9-10,3,2,,VWA,32,P2_VWA,VWA_32_Tub2,VWA_32
2026-04-17,Fri,Aiden,P2_VWA_32_Tub2_Lacerate 93,1,4,alive,,W9-10,4,1,,VWA,32,P2_VWA,VWA_32_Tub2,VWA_32
2026-04-17,Fri,Aiden,P2_VWA_32_Tub2_Lacerate 94,1,0,alive,,W9-10,0,1,,VWA,32,P2_VWA,VWA_32_Tub2,VWA_32
2026-04-17,Fri,Aiden,P2_VWA_32_Tub2_Lacerate 95,1,0,alive,,W9-10,0,1,,VWA,32,P2_VWA,VWA_32_Tub2,VWA_32
2026-04-17,Fri,Aiden,P2_VWA_32_Tub2_Lacerate 96,1,0,alive,,W9-10,0,1,,VWA,32,P2_VWA,VWA_32_Tub2,VWA_32
2026-04-17,Fri,Aiden,P2_VWA_32_Tub2_Lacerate 97,1,0,alive,,W9-10,0,1,,VWA,32,P2_VWA,VWA_32_Tub2,VWA_32
2026-04-17,Fri,Aiden,P2_VWA_32_Tub2_Lacerate 98,1,0,alive,,W9-10,0,1,,VWA,32,P2_VWA,VWA_32_Tub2,VWA_32
2026-04-17,Fri,Aiden,P2_VWA_32_Tub2_Lacerate 99,1,0,alive,,W9-10,0,1,,VWA,32,P2_VWA,VWA_32_Tub2,VWA_32
2026-04-17,Fri,Aiden,P3_VWA_32_Tub3_Lacerate 65,10,,missing,,W9-10,0,10,,VWA,32,P3_VWA,VWA_32_Tub3,VWA_32
2026-04-17,Fri,Aiden,P3_VWA_32_Tub3_Lacerate 66,10,,missing,,W9-10,0,10,,VWA,32,P3_VWA,VWA_32_Tub3,VWA_32
2026-04-17,Fri,Aiden,P3_VWA_32_Tub3_Lacerate 67,10,13,alive,,W9-10,1.3,10,,VWA,32,P3_VWA,VWA_32_Tub3,VWA_32
2026-04-17,Fri,Aiden,P1_VWA_32_Tub3_Lacerate 68,10,12,alive,,W9-10,1.2,10,,VWA,32,P1_VWA,VWA_32_Tub3,VWA_32
2026-04-17,Fri,Aiden,P1_VWA_32_Tub3_Lacerate 69,10,12,alive,,W9-10,1.2,10,,VWA,32,P1_VWA,VWA_32_Tub3,VWA_32
2026-04-17,Fri,Aiden,P3_VWA_32_Tub3_Lacerate 70,10,,missing,,W9-10,0,10,,VWA,32,P3_VWA,VWA_32_Tub3,VWA_32
2026-04-17,Fri,Aiden,P3_VWA_32_Tub3_Lacerate 71,10,14,alive,,W9-10,1.4,10,,VWA,32,P3_VWA,VWA_32_Tub3,VWA_32
2026-04-17,Fri,Aiden,P3_VWA_32_Tub3_Lacerate 72,8,4,alive,,W9-10,0.5,8,,VWA,32,P3_VWA,VWA_32_Tub3,VWA_32
2026-04-17,Fri,Aiden,P1_VWA_32_Tub3_Lacerate 73,7,17,alive,,W9-10,2.428571429,7,,VWA,32,P1_VWA,VWA_32_Tub3,VWA_32
2026-04-17,Fri,Aiden,P3_VWA_32_Tub3_Lacerate 74,7,10,alive,,W9-10,1.428571429,7,,VWA,32,P3_VWA,VWA_32_Tub3,VWA_32
2026-04-17,Fri,Aiden,PX_VWA_32_Tub3_Lacerate 75,4,,missing,,W9-10,0,4,,VWA,32,PX_VWA,VWA_32_Tub3,VWA_32
2026-04-17,Fri,Aiden,PX_VWA_32_Tub3_Lacerate 76,4,12,alive,,W9-10,3,4,,VWA,32,PX_VWA,VWA_32_Tub3,VWA_32
2026-04-17,Fri,Aiden,PX_VWA_32_Tub3_Lacerate 77,3,13,alive,,W9-10,4.333333333,3,,VWA,32,PX_VWA,VWA_32_Tub3,VWA_32
2026-04-17,Fri,Aiden,PX_VWA_32_Tub3_Lacerate 78,3,11,alive,,W9-10,3.666666667,3,,VWA,32,PX_VWA,VWA_32_Tub3,VWA_32
2026-04-17,Fri,Aiden,PX_VWA_32_Tub3_Lacerate 79,2,12,alive,,W9-10,6,2,,VWA,32,PX_VWA,VWA_32_Tub3,VWA_32
2026-04-17,Fri,Aiden,PX_VWA_32_Tub3_Lacerate 80,2,12,alive,,W9-10,6,2,,VWA,32,PX_VWA,VWA_32_Tub3,VWA_32
2026-04-17,Fri,Aiden,PX_VWA_32_Tub3_Lacerate 81,1,12,alive,,W9-10,12,1,,VWA,32,PX_VWA,VWA_32_Tub3,VWA_32
2026-04-17,Fri,Aiden,PX_VWA_32_Tub3_Lacerate 82,1,13,alive,,W9-10,13,1,,VWA,32,PX_VWA,VWA_32_Tub3,VWA_32
2026-04-17,Fri,Aiden,PX_VWA_32_Tub3_Lacerate 83,1,,missing,,W9-10,0,1,,VWA,32,PX_VWA,VWA_32_Tub3,VWA_32
2026-04-18,Sat,Aiden,P2_H2_25_Tub1_Lacerate 157,11,12,alive,,W9-10,1.090909091,11,,H2,25,P2_H2,H2_25_Tub1,H2_25
2026-04-18,Sat,Aiden,P2_H2_25_Tub1_Lacerate 158,11,13,alive,,W9-10,1.181818182,11,,H2,25,P2_H2,H2_25_Tub1,H2_25
2026-04-18,Sat,Aiden,P3_H2_25_Tub1_Lacerate 159,11,12,alive,,W9-10,1.090909091,11,,H2,25,P3_H2,H2_25_Tub1,H2_25
2026-04-18,Sat,Aiden,P1_H2_25_Tub1_Lacerate 160,11,11,alive,,W9-10,1,11,,H2,25,P1_H2,H2_25_Tub1,H2_25
2026-04-18,Sat,Aiden,P1_H2_25_Tub1_Lacerate 161,11,12,alive,,W9-10,1.090909091,11,,H2,25,P1_H2,H2_25_Tub1,H2_25
2026-04-18,Sat,Aiden,P2_H2_25_Tub1_Lacerate 162,11,12,alive,,W9-10,1.090909091,11,,H2,25,P2_H2,H2_25_Tub1,H2_25
2026-04-18,Sat,Aiden,P2_H2_25_Tub1_Lacerate 163,9,12,alive,,W9-10,1.333333333,9,,H2,25,P2_H2,H2_25_Tub1,H2_25
2026-04-18,Sat,Aiden,P3_H2_25_Tub1_Lacerate 164,9,13,alive,,W9-10,1.444444444,9,,H2,25,P3_H2,H2_25_Tub1,H2_25
2026-04-18,Sat,Aiden,P2_H2_25_Tub1_Lacerate 165,8,12,alive,,W9-10,1.5,8,,H2,25,P2_H2,H2_25_Tub1,H2_25
2026-04-18,Sat,Aiden,P2_H2_25_Tub1_Lacerate 166,7,,missing,,W9-10,0,7,,H2,25,P2_H2,H2_25_Tub1,H2_25
2026-04-18,Sat,Aiden,P2_H2_25_Tub1_Lacerate 167,7,10,alive,,W9-10,1.428571429,7,,H2,25,P2_H2,H2_25_Tub1,H2_25
2026-04-18,Sat,Aiden,P2_H2_25_Tub1_Lacerate 168,7,12,alive,,W9-10,1.714285714,7,,H2,25,P2_H2,H2_25_Tub1,H2_25
2026-04-18,Sat,Aiden,P3_H2_25_Tub1_Lacerate 169,7,15,alive,,W9-10,2.142857143,7,,H2,25,P3_H2,H2_25_Tub1,H2_25
2026-04-18,Sat,Aiden,P3_H2_25_Tub1_Lacerate 170,7,12,alive,,W9-10,1.714285714,7,,H2,25,P3_H2,H2_25_Tub1,H2_25
2026-04-18,Sat,Aiden,P1_H2_25_Tub1_Lacerate 171,7,9,alive,,W9-10,1.285714286,7,,H2,25,P1_H2,H2_25_Tub1,H2_25
2026-04-18,Sat,Aiden,P1_H2_25_Tub1_Lacerate 172,7,11,alive,,W9-10,1.571428571,7,,H2,25,P1_H2,H2_25_Tub1,H2_25
2026-04-18,Sat,Aiden,PX_H2_25_Tub1_Lacerate 173,5,14,alive,,W9-10,2.8,5,,H2,25,PX_H2,H2_25_Tub1,H2_25
2026-04-18,Sat,Aiden,P2_H2_25_Tub1_Lacerate 174,5,12,alive,,W9-10,2.4,5,,H2,25,P2_H2,H2_25_Tub1,H2_25
2026-04-18,Sat,Aiden,P2_H2_25_Tub1_Lacerate 175,5,10,alive,,W9-10,2,5,,H2,25,P2_H2,H2_25_Tub1,H2_25
2026-04-18,Sat,Aiden,P2_H2_25_Tub1_Lacerate 176,5,12,alive,,W9-10,2.4,5,,H2,25,P2_H2,H2_25_Tub1,H2_25
2026-04-18,Sat,Aiden,P2_H2_25_Tub1_Lacerate 177,5,13,alive,,W9-10,2.6,5,,H2,25,P2_H2,H2_25_Tub1,H2_25
2026-04-18,Sat,Aiden,PX_H2_25_Tub1_Lacerate 178,5,9,alive,,W9-10,1.8,5,,H2,25,PX_H2,H2_25_Tub1,H2_25
2026-04-18,Sat,Aiden,PX_H2_25_Tub1_Lacerate 179,5,9,alive,,W9-10,1.8,5,,H2,25,PX_H2,H2_25_Tub1,H2_25
2026-04-18,Sat,Aiden,P2_H2_25_Tub1_Lacerate 180,4,8,alive,,W9-10,2,4,,H2,25,P2_H2,H2_25_Tub1,H2_25
2026-04-18,Sat,Aiden,PX_H2_25_Tub1_Lacerate 181,4,8,alive,,W9-10,2,4,,H2,25,PX_H2,H2_25_Tub1,H2_25
2026-04-18,Sat,Aiden,PX_H2_25_Tub1_Lacerate 182,4,10,alive,,W9-10,2.5,4,,H2,25,PX_H2,H2_25_Tub1,H2_25
2026-04-18,Sat,Aiden,PX_H2_25_Tub1_Lacerate 183,4,,missing,,W9-10,0,4,,H2,25,PX_H2,H2_25_Tub1,H2_25
2026-04-18,Sat,Aiden,P3_H2_25_Tub1_Lacerate 184,3,9,alive,,W9-10,3,3,,H2,25,P3_H2,H2_25_Tub1,H2_25
2026-04-18,Sat,Aiden,P2_H2_25_Tub1_Lacerate 185,3,0,alive,,W9-10,0,3,,H2,25,P2_H2,H2_25_Tub1,H2_25
2026-04-18,Sat,Aiden,P2_H2_25_Tub1_Lacerate 186,2,0,alive,,W9-10,0,2,,H2,25,P2_H2,H2_25_Tub1,H2_25
2026-04-18,Sat,Aiden,PX_H2_25_Tub1_Lacerate 187,2,0,alive,,W9-10,0,2,,H2,25,PX_H2,H2_25_Tub1,H2_25
2026-04-18,Sat,Aiden,P2_H2_25_Tub1_Lacerate 188,2,9,alive,,W9-10,4.5,2,,H2,25,P2_H2,H2_25_Tub1,H2_25
2026-04-18,Sat,Aiden,P2_H2_25_Tub1_Lacerate 189,1,0,alive,,W9-10,0,1,,H2,25,P2_H2,H2_25_Tub1,H2_25
2026-04-18,Sat,Aiden,P2_H2_25_Tub1_Lacerate 190,1,0,alive,,W9-10,0,1,,H2,25,P2_H2,H2_25_Tub1,H2_25
2026-04-18,Sat,Aiden,P2_H2_25_Tub1_Lacerate 191,1,6,alive,,W9-10,6,1,,H2,25,P2_H2,H2_25_Tub1,H2_25
2026-04-18,Sat,Aiden,P3_H2_25_Tub1_Lacerate 192,1,6,alive,,W9-10,6,1,,H2,25,P3_H2,H2_25_Tub1,H2_25
2026-04-18,Sat,Aiden,P3_H2_25_Tub1_Lacerate 193,1,5,alive,,W9-10,5,1,,H2,25,P3_H2,H2_25_Tub1,H2_25
2026-04-18,Sat,Aiden,P3_H2_25_Tub1_Lacerate 194,1,0,alive,,W9-10,0,1,,H2,25,P3_H2,H2_25_Tub1,H2_25
2026-04-18,Sat,Aiden,P1_H2_25_Tub1_Lacerate 195,1,7,alive,,W9-10,7,1,,H2,25,P1_H2,H2_25_Tub1,H2_25
2026-04-18,Sat,Aiden,P1_H2_25_Tub1_Lacerate 196,1,3,alive,,W9-10,3,1,,H2,25,P1_H2,H2_25_Tub1,H2_25
2026-04-18,Sat,Aiden,P1_H2_25_Tub1_Lacerate 197,1,5,alive,,W9-10,5,1,,H2,25,P1_H2,H2_25_Tub1,H2_25
2026-04-18,Sat,Aiden,P1_H2_25_Tub1_Lacerate 198,1,0,alive,,W9-10,0,1,,H2,25,P1_H2,H2_25_Tub1,H2_25
2026-04-18,Sat,Aiden,P1_H2_25_Tub1_Lacerate 199,1,0,alive,,W9-10,0,1,,H2,25,P1_H2,H2_25_Tub1,H2_25
2026-04-18,Sat,Aiden,P2_H2_25_Tub1_Lacerate 200,0,0,alive,,W9-10,#N/A,0,,H2,25,P2_H2,H2_25_Tub1,H2_25
2026-04-18,Sat,Aiden,P2_H2_25_Tub1_Lacerate 201,0,0,alive,,W9-10,#N/A,0,,H2,25,P2_H2,H2_25_Tub1,H2_25
2026-04-18,Sat,Aiden,P3_H2_25_Tub2_Lacerate 106,11,0,alive,,W9-10,0,11,,H2,25,P3_H2,H2_25_Tub2,H2_25
2026-04-18,Sat,Aiden,P3_H2_25_Tub2_Lacerate 107,11,15,alive,,W9-10,1.363636364,11,,H2,25,P3_H2,H2_25_Tub2,H2_25
2026-04-18,Sat,Aiden,P3_H2_25_Tub2_Lacerate 108,11,12,alive,,W9-10,1.090909091,11,,H2,25,P3_H2,H2_25_Tub2,H2_25
2026-04-18,Sat,Aiden,P3_H2_25_Tub2_Lacerate 109,11,12,alive,,W9-10,1.090909091,11,,H2,25,P3_H2,H2_25_Tub2,H2_25
2026-04-18,Sat,Aiden,P3_H2_25_Tub2_Lacerate 110,11,11,alive,,W9-10,1,11,,H2,25,P3_H2,H2_25_Tub2,H2_25
2026-04-18,Sat,Aiden,P3_H2_25_Tub2_Lacerate 111,11,13,alive,,W9-10,1.181818182,11,,H2,25,P3_H2,H2_25_Tub2,H2_25
2026-04-18,Sat,Aiden,P3_H2_25_Tub2_Lacerate 112,11,,missing,,W9-10,0,11,,H2,25,P3_H2,H2_25_Tub2,H2_25
2026-04-18,Sat,Aiden,P3_H2_25_Tub2_Lacerate 113,11,16,alive,,W9-10,1.454545455,11,,H2,25,P3_H2,H2_25_Tub2,H2_25
2026-04-18,Sat,Aiden,P2_H2_25_Tub2_Lacerate 114,11,10,alive,,W9-10,0.9090909091,11,,H2,25,P2_H2,H2_25_Tub2,H2_25
2026-04-18,Sat,Aiden,P2_H2_25_Tub2_Lacerate 115,11,,missing,,W9-10,0,11,,H2,25,P2_H2,H2_25_Tub2,H2_25
2026-04-18,Sat,Aiden,P2_H2_25_Tub2_Lacerate 116,11,13,alive,,W9-10,1.181818182,11,,H2,25,P2_H2,H2_25_Tub2,H2_25
2026-04-18,Sat,Aiden,P3_H2_25_Tub2_Lacerate 117,9,12,alive,,W9-10,1.333333333,9,,H2,25,P3_H2,H2_25_Tub2,H2_25
2026-04-18,Sat,Aiden,P1_H2_25_Tub2_Lacerate 118,9,15,alive,,W9-10,1.666666667,9,,H2,25,P1_H2,H2_25_Tub2,H2_25
2026-04-18,Sat,Aiden,P2_H2_25_Tub2_Lacerate 119,8,10,alive,,W9-10,1.25,8,,H2,25,P2_H2,H2_25_Tub2,H2_25
2026-04-18,Sat,Aiden,P1_H2_25_Tub2_Lacerate 120,7,,missing,,W9-10,0,7,,H2,25,P1_H2,H2_25_Tub2,H2_25
2026-04-18,Sat,Aiden,P1_H2_25_Tub2_Lacerate 121,7,,missing,,W9-10,0,7,,H2,25,P1_H2,H2_25_Tub2,H2_25
2026-04-18,Sat,Aiden,P1_H2_25_Tub2_Lacerate 122,7,,missing,,W9-10,0,7,,H2,25,P1_H2,H2_25_Tub2,H2_25
2026-04-18,Sat,Aiden,PX_H2_25_Tub2_Lacerate 123,5,11,alive,,W9-10,2.2,5,,H2,25,PX_H2,H2_25_Tub2,H2_25
2026-04-18,Sat,Aiden,PX_H2_25_Tub2_Lacerate 124,5,10,alive,,W9-10,2,5,,H2,25,PX_H2,H2_25_Tub2,H2_25
2026-04-18,Sat,Aiden,PX_H2_25_Tub2_Lacerate 125,5,16,alive,,W9-10,3.2,5,,H2,25,PX_H2,H2_25_Tub2,H2_25
2026-04-18,Sat,Aiden,PX_H2_25_Tub2_Lacerate 126,5,,missing,,W9-10,0,5,,H2,25,PX_H2,H2_25_Tub2,H2_25
2026-04-18,Sat,Aiden,P1_H2_25_Tub2_Lacerate 127,5,,missing,,W9-10,0,5,,H2,25,P1_H2,H2_25_Tub2,H2_25
2026-04-18,Sat,Aiden,PX_H2_25_Tub2_Lacerate 128,4,10,alive,,W9-10,2.5,4,,H2,25,PX_H2,H2_25_Tub2,H2_25
2026-04-18,Sat,Aiden,P3_H2_25_Tub2_Lacerate 129,4,14,alive,,W9-10,3.5,4,,H2,25,P3_H2,H2_25_Tub2,H2_25
2026-04-18,Sat,Aiden,P3_H2_25_Tub2_Lacerate 130,4,7,alive,,W9-10,1.75,4,,H2,25,P3_H2,H2_25_Tub2,H2_25
2026-04-18,Sat,Aiden,P1_H2_25_Tub2_Lacerate 131,4,11,alive,,W9-10,2.75,4,,H2,25,P1_H2,H2_25_Tub2,H2_25
2026-04-18,Sat,Aiden,P2_H2_25_Tub2_Lacerate 132,4,7,alive,,W9-10,1.75,4,,H2,25,P2_H2,H2_25_Tub2,H2_25
2026-04-18,Sat,Aiden,P1_H2_25_Tub2_Lacerate 133,4,11,alive,,W9-10,2.75,4,,H2,25,P1_H2,H2_25_Tub2,H2_25
2026-04-18,Sat,Aiden,P2_H2_25_Tub2_Lacerate 134,4,8,alive,,W9-10,2,4,,H2,25,P2_H2,H2_25_Tub2,H2_25
2026-04-18,Sat,Aiden,P1_H2_25_Tub2_Lacerate 135,3,12,alive,,W9-10,4,3,,H2,25,P1_H2,H2_25_Tub2,H2_25
2026-04-18,Sat,Aiden,PX_H2_25_Tub2_Lacerate 136,3,9,alive,,W9-10,3,3,,H2,25,PX_H2,H2_25_Tub2,H2_25
2026-04-18,Sat,Aiden,PX_H2_25_Tub2_Lacerate 137,2,11,alive,,W9-10,5.5,2,,H2,25,PX_H2,H2_25_Tub2,H2_25
2026-04-18,Sat,Aiden,PX_H2_25_Tub2_Lacerate 138,2,4,alive,,W9-10,2,2,,H2,25,PX_H2,H2_25_Tub2,H2_25
2026-04-18,Sat,Aiden,P2_H2_25_Tub2_Lacerate 139,1,0,alive,,W9-10,0,1,,H2,25,P2_H2,H2_25_Tub2,H2_25
2026-04-18,Sat,Aiden,P2_H2_25_Tub2_Lacerate 140,1,0,alive,,W9-10,0,1,,H2,25,P2_H2,H2_25_Tub2,H2_25
2026-04-18,Sat,Aiden,P1_H2_25_Tub2_Lacerate 141,1,5,alive,,W9-10,5,1,,H2,25,P1_H2,H2_25_Tub2,H2_25
2026-04-18,Sat,Aiden,P1_H2_25_Tub2_Lacerate 142,1,3,alive,,W9-10,3,1,,H2,25,P1_H2,H2_25_Tub2,H2_25
2026-04-18,Sat,Aiden,P3_H2_25_Tub3_Lacerate 111,11,6,alive,,W9-10,0.5454545455,11,,H2,25,P3_H2,H2_25_Tub3,H2_25
2026-04-18,Sat,Aiden,P3_H2_25_Tub3_Lacerate 112,11,,missing,,W9-10,0,11,,H2,25,P3_H2,H2_25_Tub3,H2_25
2026-04-18,Sat,Aiden,PX_H2_25_Tub3_Lacerate 113,11,,missing,,W9-10,0,11,,H2,25,PX_H2,H2_25_Tub3,H2_25
2026-04-18,Sat,Aiden,P2_H2_25_Tub3_Lacerate 114,11,,missing,,W9-10,0,11,,H2,25,P2_H2,H2_25_Tub3,H2_25
2026-04-18,Sat,Aiden,P1_H2_25_Tub3_Lacerate 115,11,,missing,,W9-10,0,11,,H2,25,P1_H2,H2_25_Tub3,H2_25
2026-04-18,Sat,Aiden,P1_H2_25_Tub3_Lacerate 116,9,0,alive,,W9-10,0,9,,H2,25,P1_H2,H2_25_Tub3,H2_25
2026-04-18,Sat,Aiden,PX_H2_25_Tub3_Lacerate 117,9,10,alive,,W9-10,1.111111111,9,,H2,25,PX_H2,H2_25_Tub3,H2_25
2026-04-18,Sat,Aiden,PX_H2_25_Tub3_Lacerate 118,8,12,alive,,W9-10,1.5,8,,H2,25,PX_H2,H2_25_Tub3,H2_25
2026-04-18,Sat,Aiden,P3_H2_25_Tub3_Lacerate 119,8,,missing,,W9-10,0,8,,H2,25,P3_H2,H2_25_Tub3,H2_25
2026-04-18,Sat,Aiden,P3_H2_25_Tub3_Lacerate 120,8,7,alive,,W9-10,0.875,8,,H2,25,P3_H2,H2_25_Tub3,H2_25
2026-04-18,Sat,Aiden,P3_H2_25_Tub3_Lacerate 121,8,,missing,,W9-10,0,8,,H2,25,P3_H2,H2_25_Tub3,H2_25
2026-04-18,Sat,Aiden,P3_H2_25_Tub3_Lacerate 122,8,,missing,,W9-10,0,8,,H2,25,P3_H2,H2_25_Tub3,H2_25
2026-04-18,Sat,Aiden,P3_H2_25_Tub3_Lacerate 123,8,,missing,,W9-10,0,8,,H2,25,P3_H2,H2_25_Tub3,H2_25
2026-04-18,Sat,Aiden,P3_H2_25_Tub3_Lacerate 124,8,,missing,,W9-10,0,8,,H2,25,P3_H2,H2_25_Tub3,H2_25
2026-04-18,Sat,Aiden,P2_H2_25_Tub3_Lacerate 125,7,8,alive,,W9-10,1.142857143,7,,H2,25,P2_H2,H2_25_Tub3,H2_25
2026-04-18,Sat,Aiden,P1_H2_25_Tub3_Lacerate 126,7,,missing,,W9-10,0,7,,H2,25,P1_H2,H2_25_Tub3,H2_25
2026-04-18,Sat,Aiden,P1_H2_25_Tub3_Lacerate 127,7,11,alive,,W9-10,1.571428571,7,,H2,25,P1_H2,H2_25_Tub3,H2_25
2026-04-18,Sat,Aiden,P1_H2_25_Tub3_Lacerate 128,7,10,alive,,W9-10,1.428571429,7,,H2,25,P1_H2,H2_25_Tub3,H2_25
2026-04-18,Sat,Aiden,P1_H2_25_Tub3_Lacerate 129,7,0,alive,,W9-10,0,7,,H2,25,P1_H2,H2_25_Tub3,H2_25
2026-04-18,Sat,Aiden,P1_H2_25_Tub3_Lacerate 130,6,8,alive,,W9-10,1.333333333,6,,H2,25,P1_H2,H2_25_Tub3,H2_25
2026-04-18,Sat,Aiden,P2_H2_25_Tub3_Lacerate 131,5,13,alive,,W9-10,2.6,5,,H2,25,P2_H2,H2_25_Tub3,H2_25
2026-04-18,Sat,Aiden,P2_H2_25_Tub3_Lacerate 132,5,11,alive,,W9-10,2.2,5,,H2,25,P2_H2,H2_25_Tub3,H2_25
2026-04-18,Sat,Aiden,P2_H2_25_Tub3_Lacerate 133,5,13,alive,,W9-10,2.6,5,,H2,25,P2_H2,H2_25_Tub3,H2_25
2026-04-18,Sat,Aiden,P1_H2_25_Tub3_Lacerate 134,5,11,alive,,W9-10,2.2,5,,H2,25,P1_H2,H2_25_Tub3,H2_25
2026-04-18,Sat,Aiden,P1_H2_25_Tub3_Lacerate 135,5,0,alive,,W9-10,0,5,,H2,25,P1_H2,H2_25_Tub3,H2_25
2026-04-18,Sat,Aiden,P1_H2_25_Tub3_Lacerate 136,5,9,alive,,W9-10,1.8,5,,H2,25,P1_H2,H2_25_Tub3,H2_25
2026-04-18,Sat,Aiden,P1_H2_25_Tub3_Lacerate 137,5,0,alive,,W9-10,0,5,,H2,25,P1_H2,H2_25_Tub3,H2_25
2026-04-18,Sat,Aiden,P1_H2_25_Tub3_Lacerate 138,5,12,alive,,W9-10,2.4,5,,H2,25,P1_H2,H2_25_Tub3,H2_25
2026-04-18,Sat,Aiden,P1_H2_25_Tub3_Lacerate 139,5,7,alive,,W9-10,1.4,5,,H2,25,P1_H2,H2_25_Tub3,H2_25
2026-04-18,Sat,Aiden,P1_H2_25_Tub3_Lacerate 140,5,9,alive,,W9-10,1.8,5,,H2,25,P1_H2,H2_25_Tub3,H2_25
2026-04-18,Sat,Aiden,P1_H2_25_Tub3_Lacerate 141,5,10,alive,,W9-10,2,5,,H2,25,P1_H2,H2_25_Tub3,H2_25
2026-04-18,Sat,Aiden,P2_H2_25_Tub3_Lacerate 142,5,0,alive,,W9-10,0,5,,H2,25,P2_H2,H2_25_Tub3,H2_25
2026-04-18,Sat,Aiden,P2_H2_25_Tub3_Lacerate 143,5,5,alive,,W9-10,1,5,,H2,25,P2_H2,H2_25_Tub3,H2_25
2026-04-18,Sat,Aiden,PX_H2_25_Tub3_Lacerate 144,5,13,alive,,W9-10,2.6,5,,H2,25,PX_H2,H2_25_Tub3,H2_25
2026-04-18,Sat,Aiden,PX_H2_25_Tub3_Lacerate 145,5,12,alive,,W9-10,2.4,5,,H2,25,PX_H2,H2_25_Tub3,H2_25
2026-04-18,Sat,Aiden,PX_H2_25_Tub3_Lacerate 146,5,13,alive,,W9-10,2.6,5,,H2,25,PX_H2,H2_25_Tub3,H2_25
2026-04-18,Sat,Aiden,PX_H2_25_Tub3_Lacerate 147,4,11,alive,,W9-10,2.75,4,,H2,25,PX_H2,H2_25_Tub3,H2_25
2026-04-18,Sat,Aiden,PX_H2_25_Tub3_Lacerate 148,4,11,alive,,W9-10,2.75,4,,H2,25,PX_H2,H2_25_Tub3,H2_25
2026-04-18,Sat,Aiden,PX_H2_25_Tub3_Lacerate 149,3,9,alive,,W9-10,3,3,,H2,25,PX_H2,H2_25_Tub3,H2_25
2026-04-18,Sat,Aiden,PX_H2_25_Tub3_Lacerate 150,2,8,alive,,W9-10,4,2,,H2,25,PX_H2,H2_25_Tub3,H2_25
2026-04-18,Sat,Aiden,P3_H2_25_Tub3_Lacerate 151,1,0,alive,,W9-10,0,1,,H2,25,P3_H2,H2_25_Tub3,H2_25
2026-04-18,Sat,Aiden,P3_H2_25_Tub3_Lacerate 152,1,0,alive,,W9-10,0,1,,H2,25,P3_H2,H2_25_Tub3,H2_25
2026-04-18,Sat,Aiden,PX_H2_25_Tub3_Lacerate 153,1,5,alive,,W9-10,5,1,,H2,25,PX_H2,H2_25_Tub3,H2_25
2026-04-18,Sat,Aiden,PX_H2_25_Tub3_Lacerate 154,1,6,alive,,W9-10,6,1,,H2,25,PX_H2,H2_25_Tub3,H2_25
2026-04-18,Sat,Aiden,PX_H2_25_Tub3_Lacerate 155,1,0,alive,,W9-10,0,1,,H2,25,PX_H2,H2_25_Tub3,H2_25
2026-04-18,Sat,Aiden,PX_H2_25_Tub3_Lacerate 156,1,0,alive,,W9-10,0,1,,H2,25,PX_H2,H2_25_Tub3,H2_25
2026-04-18,Sat,Aiden,P3_VWA_25_Tub1_Lacerate 138,11,8,alive,,W9-10,0.7272727273,11,,VWA,25,P3_VWA,VWA_25_Tub1,VWA_25
2026-04-18,Sat,Aiden,P3_VWA_25_Tub1_Lacerate 139,11,12,alive,,W9-10,1.090909091,11,,VWA,25,P3_VWA,VWA_25_Tub1,VWA_25
2026-04-18,Sat,Aiden,P1_VWA_25_Tub1_Lacerate 140,11,,missing,,W9-10,0,11,,VWA,25,P1_VWA,VWA_25_Tub1,VWA_25
2026-04-18,Sat,Aiden,PX_VWA_25_Tub1_Lacerate 141,11,9,alive,,W9-10,0.8181818182,11,,VWA,25,PX_VWA,VWA_25_Tub1,VWA_25
2026-04-18,Sat,Aiden,P3_VWA_25_Tub1_Lacerate 142,11,9,alive,,W9-10,0.8181818182,11,,VWA,25,P3_VWA,VWA_25_Tub1,VWA_25
2026-04-18,Sat,Aiden,PX_VWA_25_Tub1_Lacerate 143,11,14,alive,,W9-10,1.272727273,11,,VWA,25,PX_VWA,VWA_25_Tub1,VWA_25
2026-04-18,Sat,Aiden,P2_VWA_25_Tub1_Lacerate 144,11,12,alive,,W9-10,1.090909091,11,,VWA,25,P2_VWA,VWA_25_Tub1,VWA_25
2026-04-18,Sat,Aiden,P2_VWA_25_Tub1_Lacerate 145,11,8,alive,,W9-10,0.7272727273,11,,VWA,25,P2_VWA,VWA_25_Tub1,VWA_25
2026-04-18,Sat,Aiden,P2_VWA_25_Tub1_Lacerate 146,11,10,alive,,W9-10,0.9090909091,11,,VWA,25,P2_VWA,VWA_25_Tub1,VWA_25
2026-04-18,Sat,Aiden,P2_VWA_25_Tub1_Lacerate 147,9,12,alive,,W9-10,1.333333333,9,,VWA,25,P2_VWA,VWA_25_Tub1,VWA_25
2026-04-18,Sat,Aiden,P3_VWA_25_Tub1_Lacerate 148,8,12,alive,,W9-10,1.5,8,,VWA,25,P3_VWA,VWA_25_Tub1,VWA_25
2026-04-18,Sat,Aiden,P3_VWA_25_Tub1_Lacerate 149,8,9,alive,,W9-10,1.125,8,,VWA,25,P3_VWA,VWA_25_Tub1,VWA_25
2026-04-18,Sat,Aiden,PX_VWA_25_Tub1_Lacerate 150,5,13,alive,,W9-10,2.6,5,,VWA,25,PX_VWA,VWA_25_Tub1,VWA_25
2026-04-18,Sat,Aiden,PX_VWA_25_Tub1_Lacerate 151,5,8,alive,,W9-10,1.6,5,,VWA,25,PX_VWA,VWA_25_Tub1,VWA_25
2026-04-18,Sat,Aiden,P2_VWA_25_Tub1_Lacerate 152,5,8,alive,,W9-10,1.6,5,,VWA,25,P2_VWA,VWA_25_Tub1,VWA_25
2026-04-18,Sat,Aiden,PX_VWA_25_Tub1_Lacerate 153,5,10,alive,,W9-10,2,5,,VWA,25,PX_VWA,VWA_25_Tub1,VWA_25
2026-04-18,Sat,Aiden,P3_VWA_25_Tub1_Lacerate 154,5,9,alive,,W9-10,1.8,5,,VWA,25,P3_VWA,VWA_25_Tub1,VWA_25
2026-04-18,Sat,Aiden,P3_VWA_25_Tub1_Lacerate 155,4,10,alive,,W9-10,2.5,4,,VWA,25,P3_VWA,VWA_25_Tub1,VWA_25
2026-04-18,Sat,Aiden,P3_VWA_25_Tub1_Lacerate 156,3,,missing,,W9-10,0,3,,VWA,25,P3_VWA,VWA_25_Tub1,VWA_25
2026-04-18,Sat,Aiden,P3_VWA_25_Tub1_Lacerate 157,2,0,alive,,W9-10,0,2,,VWA,25,P3_VWA,VWA_25_Tub1,VWA_25
2026-04-18,Sat,Aiden,P3_VWA_25_Tub1_Lacerate 158,1,0,alive,,W9-10,0,1,,VWA,25,P3_VWA,VWA_25_Tub1,VWA_25
2026-04-18,Sat,Aiden,P2_VWA_25_Tub1_Lacerate 159,1,0,alive,,W9-10,0,1,,VWA,25,P2_VWA,VWA_25_Tub1,VWA_25
2026-04-18,Sat,Aiden,P2_VWA_25_Tub1_Lacerate 160,1,0,alive,,W9-10,0,1,,VWA,25,P2_VWA,VWA_25_Tub1,VWA_25
2026-04-18,Sat,Aiden,P2_VWA_25_Tub1_Lacerate 161,1,0,alive,,W9-10,0,1,,VWA,25,P2_VWA,VWA_25_Tub1,VWA_25
2026-04-18,Sat,Aiden,P2_VWA_25_Tub1_Lacerate 162,1,0,alive,,W9-10,0,1,,VWA,25,P2_VWA,VWA_25_Tub1,VWA_25
2026-04-18,Sat,Aiden,PX_VWA_25_Tub1_Lacerate 163,0,0,alive,,W9-10,#N/A,0,,VWA,25,PX_VWA,VWA_25_Tub1,VWA_25
2026-04-18,Sat,Aiden,P3_VWA_25_Tub1_Lacerate 164,0,0,alive,,W9-10,#N/A,0,,VWA,25,P3_VWA,VWA_25_Tub1,VWA_25
2026-04-18,Sat,Aiden,P1_VWA_25_Tub2_Lacerate 74,11,0,alive,,W9-10,0,11,,VWA,25,P1_VWA,VWA_25_Tub2,VWA_25
2026-04-18,Sat,Aiden,P1_VWA_25_Tub2_Lacerate 75,11,0,alive,,W9-10,0,11,,VWA,25,P1_VWA,VWA_25_Tub2,VWA_25
2026-04-18,Sat,Aiden,P1_VWA_25_Tub2_Lacerate 76,11,0,alive,,W9-10,0,11,,VWA,25,P1_VWA,VWA_25_Tub2,VWA_25
2026-04-18,Sat,Aiden,P1_VWA_25_Tub2_Lacerate 77,11,0,alive,,W9-10,0,11,,VWA,25,P1_VWA,VWA_25_Tub2,VWA_25
2026-04-18,Sat,Aiden,P1_VWA_25_Tub2_Lacerate 78,11,0,alive,,W9-10,0,11,,VWA,25,P1_VWA,VWA_25_Tub2,VWA_25
2026-04-18,Sat,Aiden,P1_VWA_25_Tub2_Lacerate 79,11,0,alive,,W9-10,0,11,,VWA,25,P1_VWA,VWA_25_Tub2,VWA_25
2026-04-18,Sat,Aiden,P1_VWA_25_Tub2_Lacerate 80,11,0,alive,,W9-10,0,11,,VWA,25,P1_VWA,VWA_25_Tub2,VWA_25
2026-04-18,Sat,Aiden,P1_VWA_25_Tub2_Lacerate 81,11,0,alive,,W9-10,0,11,,VWA,25,P1_VWA,VWA_25_Tub2,VWA_25
2026-04-18,Sat,Aiden,P1_VWA_25_Tub2_Lacerate 82,11,0,alive,,W9-10,0,11,,VWA,25,P1_VWA,VWA_25_Tub2,VWA_25
2026-04-18,Sat,Aiden,P1_VWA_25_Tub2_Lacerate 83,11,0,alive,,W9-10,0,11,,VWA,25,P1_VWA,VWA_25_Tub2,VWA_25
2026-04-18,Sat,Aiden,P1_VWA_25_Tub2_Lacerate 84,11,,missing,,W9-10,0,11,,VWA,25,P1_VWA,VWA_25_Tub2,VWA_25
2026-04-18,Sat,Aiden,P1_VWA_25_Tub2_Lacerate 85,9,0,alive,,W9-10,0,9,,VWA,25,P1_VWA,VWA_25_Tub2,VWA_25
2026-04-18,Sat,Aiden,PX_VWA_25_Tub2_Lacerate 86,8,0,alive,,W9-10,0,8,,VWA,25,PX_VWA,VWA_25_Tub2,VWA_25
2026-04-18,Sat,Aiden,PX_VWA_25_Tub2_Lacerate 87,8,0,alive,,W9-10,0,8,,VWA,25,PX_VWA,VWA_25_Tub2,VWA_25
2026-04-18,Sat,Aiden,PX_VWA_25_Tub2_Lacerate 88,8,0,alive,,W9-10,0,8,,VWA,25,PX_VWA,VWA_25_Tub2,VWA_25
2026-04-18,Sat,Aiden,PX_VWA_25_Tub2_Lacerate 89,8,12,alive,,W9-10,1.5,8,,VWA,25,PX_VWA,VWA_25_Tub2,VWA_25
2026-04-18,Sat,Aiden,P2_VWA_25_Tub2_Lacerate 90,7,9,alive,,W9-10,1.285714286,7,,VWA,25,P2_VWA,VWA_25_Tub2,VWA_25
2026-04-18,Sat,Aiden,P2_VWA_25_Tub2_Lacerate 91,7,7,alive,,W9-10,1,7,,VWA,25,P2_VWA,VWA_25_Tub2,VWA_25
2026-04-18,Sat,Aiden,P1_VWA_25_Tub2_Lacerate 92,5,13,alive,,W9-10,2.6,5,,VWA,25,P1_VWA,VWA_25_Tub2,VWA_25
2026-04-18,Sat,Aiden,P2_VWA_25_Tub2_Lacerate 93,5,,missing,,W9-10,0,5,,VWA,25,P2_VWA,VWA_25_Tub2,VWA_25
2026-04-18,Sat,Aiden,P2_VWA_25_Tub2_Lacerate 94,5,7,alive,,W9-10,1.4,5,,VWA,25,P2_VWA,VWA_25_Tub2,VWA_25
2026-04-18,Sat,Aiden,P2_VWA_25_Tub2_Lacerate 95,5,12,alive,,W9-10,2.4,5,,VWA,25,P2_VWA,VWA_25_Tub2,VWA_25
2026-04-18,Sat,Aiden,P2_VWA_25_Tub2_Lacerate 96,5,7,alive,,W9-10,1.4,5,,VWA,25,P2_VWA,VWA_25_Tub2,VWA_25
2026-04-18,Sat,Aiden,P2_VWA_25_Tub2_Lacerate 97,5,13,alive,,W9-10,2.6,5,,VWA,25,P2_VWA,VWA_25_Tub2,VWA_25
2026-04-18,Sat,Aiden,P3_VWA_25_Tub2_Lacerate 98,5,11,alive,,W9-10,2.2,5,,VWA,25,P3_VWA,VWA_25_Tub2,VWA_25
2026-04-18,Sat,Aiden,P2_VWA_25_Tub2_Lacerate 99,4,10,alive,,W9-10,2.5,4,,VWA,25,P2_VWA,VWA_25_Tub2,VWA_25
2026-04-18,Sat,Aiden,P2_VWA_25_Tub2_Lacerate 100,4,10,alive,,W9-10,2.5,4,,VWA,25,P2_VWA,VWA_25_Tub2,VWA_25
2026-04-18,Sat,Aiden,P1_VWA_25_Tub2_Lacerate 101,4,,missing,,W9-10,0,4,,VWA,25,P1_VWA,VWA_25_Tub2,VWA_25
2026-04-18,Sat,Aiden,P1_VWA_25_Tub2_Lacerate 102,4,,missing,,W9-10,0,4,,VWA,25,P1_VWA,VWA_25_Tub2,VWA_25
2026-04-18,Sat,Aiden,P1_VWA_25_Tub2_Lacerate 103,4,9,alive,,W9-10,2.25,4,,VWA,25,P1_VWA,VWA_25_Tub2,VWA_25
2026-04-18,Sat,Aiden,PX_VWA_25_Tub2_Lacerate 104,4,3,alive,,W9-10,0.75,4,,VWA,25,PX_VWA,VWA_25_Tub2,VWA_25
2026-04-18,Sat,Aiden,PX_VWA_25_Tub2_Lacerate 105,3,9,alive,,W9-10,3,3,,VWA,25,PX_VWA,VWA_25_Tub2,VWA_25
2026-04-18,Sat,Aiden,PX_VWA_25_Tub2_Lacerate 106,3,8,alive,,W9-10,2.666666667,3,,VWA,25,PX_VWA,VWA_25_Tub2,VWA_25
2026-04-18,Sat,Aiden,PX_VWA_25_Tub2_Lacerate 107,3,,missing,,W9-10,0,3,,VWA,25,PX_VWA,VWA_25_Tub2,VWA_25
2026-04-18,Sat,Aiden,PX_VWA_25_Tub2_Lacerate 108,3,8,alive,,W9-10,2.666666667,3,,VWA,25,PX_VWA,VWA_25_Tub2,VWA_25
2026-04-18,Sat,Aiden,PX_VWA_25_Tub2_Lacerate 109,3,10,alive,,W9-10,3.333333333,3,,VWA,25,PX_VWA,VWA_25_Tub2,VWA_25
2026-04-18,Sat,Aiden,PX_VWA_25_Tub2_Lacerate 110,2,,missing,,W9-10,0,2,,VWA,25,PX_VWA,VWA_25_Tub2,VWA_25
2026-04-18,Sat,Aiden,PX_VWA_25_Tub2_Lacerate 111,2,,missing,,W9-10,0,2,,VWA,25,PX_VWA,VWA_25_Tub2,VWA_25
2026-04-18,Sat,Aiden,P3_VWA_25_Tub2_Lacerate 112,1,0,alive,,W9-10,0,1,,VWA,25,P3_VWA,VWA_25_Tub2,VWA_25
2026-04-18,Sat,Aiden,P3_VWA_25_Tub2_Lacerate 113,1,0,alive,,W9-10,0,1,,VWA,25,P3_VWA,VWA_25_Tub2,VWA_25
2026-04-18,Sat,Aiden,P2_VWA_25_Tub2_Lacerate 114,0,0,alive,,W9-10,#N/A,0,,VWA,25,P2_VWA,VWA_25_Tub2,VWA_25
2026-04-18,Sat,Aiden,P2_VWA_25_Tub2_Lacerate 115,0,0,alive,,W9-10,#N/A,0,,VWA,25,P2_VWA,VWA_25_Tub2,VWA_25
2026-04-18,Sat,Aiden,P3_VWA_25_Tub3_Lacerate 97,11,0,alive,,W9-10,0,11,,VWA,25,P3_VWA,VWA_25_Tub3,VWA_25
2026-04-18,Sat,Aiden,P3_VWA_25_Tub3_Lacerate 98,11,0,alive,,W9-10,0,11,,VWA,25,P3_VWA,VWA_25_Tub3,VWA_25
2026-04-18,Sat,Aiden,P3_VWA_25_Tub3_Lacerate 99,11,,missing,,W9-10,0,11,,VWA,25,P3_VWA,VWA_25_Tub3,VWA_25
2026-04-18,Sat,Aiden,P3_VWA_25_Tub3_Lacerate 100,11,13,alive,,W9-10,1.181818182,11,,VWA,25,P3_VWA,VWA_25_Tub3,VWA_25
2026-04-18,Sat,Aiden,P3_VWA_25_Tub3_Lacerate 101,11,,missing,,W9-10,0,11,,VWA,25,P3_VWA,VWA_25_Tub3,VWA_25
2026-04-18,Sat,Aiden,P3_VWA_25_Tub3_Lacerate 102,11,0,alive,,W9-10,0,11,,VWA,25,P3_VWA,VWA_25_Tub3,VWA_25
2026-04-18,Sat,Aiden,P3_VWA_25_Tub3_Lacerate 103,11,0,alive,,W9-10,0,11,,VWA,25,P3_VWA,VWA_25_Tub3,VWA_25
2026-04-18,Sat,Aiden,P3_VWA_25_Tub3_Lacerate 104,11,0,alive,,W9-10,0,11,,VWA,25,P3_VWA,VWA_25_Tub3,VWA_25
2026-04-18,Sat,Aiden,PX_VWA_25_Tub3_Lacerate 105,11,12,alive,,W9-10,1.090909091,11,,VWA,25,PX_VWA,VWA_25_Tub3,VWA_25
2026-04-18,Sat,Aiden,P3_VWA_25_Tub3_Lacerate 106,11,0,alive,,W9-10,0,11,,VWA,25,P3_VWA,VWA_25_Tub3,VWA_25
2026-04-18,Sat,Aiden,P3_VWA_25_Tub3_Lacerate 107,11,0,alive,,W9-10,0,11,,VWA,25,P3_VWA,VWA_25_Tub3,VWA_25
2026-04-18,Sat,Aiden,P3_VWA_25_Tub3_Lacerate 108,11,0,alive,,W9-10,0,11,,VWA,25,P3_VWA,VWA_25_Tub3,VWA_25
2026-04-18,Sat,Aiden,P3_VWA_25_Tub3_Lacerate 109,11,0,alive,,W9-10,0,11,,VWA,25,P3_VWA,VWA_25_Tub3,VWA_25
2026-04-18,Sat,Aiden,PX_VWA_25_Tub3_Lacerate 110,11,12,alive,,W9-10,1.090909091,11,,VWA,25,PX_VWA,VWA_25_Tub3,VWA_25
2026-04-18,Sat,Aiden,P2_VWA_25_Tub3_Lacerate 111,11,0,alive,,W9-10,0,11,,VWA,25,P2_VWA,VWA_25_Tub3,VWA_25
2026-04-18,Sat,Aiden,P2_VWA_25_Tub3_Lacerate 112,9,0,alive,,W9-10,0,9,,VWA,25,P2_VWA,VWA_25_Tub3,VWA_25
2026-04-18,Sat,Aiden,P1_VWA_25_Tub3_Lacerate 113,7,10,alive,,W9-10,1.428571429,7,,VWA,25,P1_VWA,VWA_25_Tub3,VWA_25
2026-04-18,Sat,Aiden,P1_VWA_25_Tub3_Lacerate 114,7,5,alive,,W9-10,0.7142857143,7,,VWA,25,P1_VWA,VWA_25_Tub3,VWA_25
2026-04-18,Sat,Aiden,P1_VWA_25_Tub3_Lacerate 115,7,8,alive,,W9-10,1.142857143,7,,VWA,25,P1_VWA,VWA_25_Tub3,VWA_25
2026-04-18,Sat,Aiden,P3_VWA_25_Tub3_Lacerate 116,7,0,alive,,W9-10,0,7,,VWA,25,P3_VWA,VWA_25_Tub3,VWA_25
2026-04-18,Sat,Aiden,P3_VWA_25_Tub3_Lacerate 117,7,0,alive,,W9-10,0,7,,VWA,25,P3_VWA,VWA_25_Tub3,VWA_25
2026-04-18,Sat,Aiden,P3_VWA_25_Tub3_Lacerate 118,5,,missing,,W9-10,0,5,,VWA,25,P3_VWA,VWA_25_Tub3,VWA_25
2026-04-18,Sat,Aiden,P3_VWA_25_Tub3_Lacerate 119,5,,missing,,W9-10,0,5,,VWA,25,P3_VWA,VWA_25_Tub3,VWA_25
2026-04-18,Sat,Aiden,P2_VWA_25_Tub3_Lacerate 120,5,13,alive,,W9-10,2.6,5,,VWA,25,P2_VWA,VWA_25_Tub3,VWA_25
2026-04-18,Sat,Aiden,PX_VWA_25_Tub3_Lacerate 121,5,9,alive,,W9-10,1.8,5,,VWA,25,PX_VWA,VWA_25_Tub3,VWA_25
2026-04-18,Sat,Aiden,PX_VWA_25_Tub3_Lacerate 122,5,13,alive,,W9-10,2.6,5,,VWA,25,PX_VWA,VWA_25_Tub3,VWA_25
2026-04-18,Sat,Aiden,PX_VWA_25_Tub3_Lacerate 123,5,10,alive,,W9-10,2,5,,VWA,25,PX_VWA,VWA_25_Tub3,VWA_25
2026-04-18,Sat,Aiden,P1_VWA_25_Tub3_Lacerate 124,5,8,alive,,W9-10,1.6,5,,VWA,25,P1_VWA,VWA_25_Tub3,VWA_25
2026-04-18,Sat,Aiden,P1_VWA_25_Tub3_Lacerate 125,4,14,alive,,W9-10,3.5,4,,VWA,25,P1_VWA,VWA_25_Tub3,VWA_25
2026-04-18,Sat,Aiden,P1_VWA_25_Tub3_Lacerate 126,4,6,alive,,W9-10,1.5,4,,VWA,25,P1_VWA,VWA_25_Tub3,VWA_25
2026-04-18,Sat,Aiden,P1_VWA_25_Tub3_Lacerate 127,4,9,alive,,W9-10,2.25,4,,VWA,25,P1_VWA,VWA_25_Tub3,VWA_25
2026-04-18,Sat,Aiden,P1_VWA_25_Tub3_Lacerate 128,4,7,alive,,W9-10,1.75,4,,VWA,25,P1_VWA,VWA_25_Tub3,VWA_25
2026-04-18,Sat,Aiden,P1_VWA_25_Tub3_Lacerate 129,2,10,alive,,W9-10,5,2,,VWA,25,P1_VWA,VWA_25_Tub3,VWA_25
2026-04-18,Sat,Aiden,P1_VWA_25_Tub3_Lacerate 130,1,8,alive,,W9-10,8,1,,VWA,25,P1_VWA,VWA_25_Tub3,VWA_25
2026-04-18,Sat,Aiden,P1_VWA_25_Tub3_Lacerate 131,0,0,alive,,W9-10,#N/A,0,,VWA,25,P1_VWA,VWA_25_Tub3,VWA_25
2026-04-18,Sat,Aiden,P1_VWA_25_Tub3_Lacerate 132,0,0,alive,,W9-10,#N/A,0,,VWA,25,P1_VWA,VWA_25_Tub3,VWA_25
2026-04-18,Sat,Aiden,P1_VWA_25_Tub3_Lacerate 133,0,0,alive,,W9-10,#N/A,0,,VWA,25,P1_VWA,VWA_25_Tub3,VWA_25
2026-04-18,Sat,Aiden,P3_H2_32_Tub1_Lacerate 102,11,0,missing,,W9-10,0,11,,H2,32,P3_H2,H2_32_Tub1,H2_32
2026-04-18,Sat,Aiden,P2_H2_32_Tub1_Lacerate 103,11,13,alive,,W9-10,1.181818182,11,,H2,32,P2_H2,H2_32_Tub1,H2_32
2026-04-18,Sat,Aiden,P2_H2_32_Tub1_Lacerate 104,8,,missing,,W9-10,0,8,,H2,32,P2_H2,H2_32_Tub1,H2_32
2026-04-18,Sat,Aiden,P3_H2_32_Tub1_Lacerate 105,7,,missing,,W9-10,0,7,,H2,32,P3_H2,H2_32_Tub1,H2_32
2026-04-18,Sat,Aiden,P3_H2_32_Tub1_Lacerate 106,5,0,alive,,W9-10,0,5,,H2,32,P3_H2,H2_32_Tub1,H2_32
2026-04-18,Sat,Aiden,P3_H2_32_Tub1_Lacerate 107,5,0,missing,,W9-10,0,5,,H2,32,P3_H2,H2_32_Tub1,H2_32
2026-04-18,Sat,Aiden,P3_H2_32_Tub1_Lacerate 108,5,0,missing,,W9-10,0,5,,H2,32,P3_H2,H2_32_Tub1,H2_32
2026-04-18,Sat,Aiden,P2_H2_32_Tub1_Lacerate 109,5,0,alive,,W9-10,0,5,,H2,32,P2_H2,H2_32_Tub1,H2_32
2026-04-18,Sat,Aiden,PX_H2_32_Tub1_Lacerate 110,5,,missing,,W9-10,0,5,,H2,32,PX_H2,H2_32_Tub1,H2_32
2026-04-18,Sat,Aiden,PX_H2_32_Tub1_Lacerate 111,5,11,alive,,W9-10,2.2,5,,H2,32,PX_H2,H2_32_Tub1,H2_32
2026-04-18,Sat,Aiden,PX_H2_32_Tub1_Lacerate 112,4,10,alive,,W9-10,2.5,4,,H2,32,PX_H2,H2_32_Tub1,H2_32
2026-04-18,Sat,Aiden,PX_H2_32_Tub1_Lacerate 113,4,,missing,,W9-10,0,4,,H2,32,PX_H2,H2_32_Tub1,H2_32
2026-04-18,Sat,Aiden,P3_H2_32_Tub1_Lacerate 114,3,0,alive,,W9-10,0,3,,H2,32,P3_H2,H2_32_Tub1,H2_32
2026-04-18,Sat,Aiden,P3_H2_32_Tub1_Lacerate 115,3,0,missing,,W9-10,0,3,,H2,32,P3_H2,H2_32_Tub1,H2_32
2026-04-18,Sat,Aiden,P1_H2_32_Tub1_Lacerate 116,3,,missing,,W9-10,0,3,,H2,32,P1_H2,H2_32_Tub1,H2_32
2026-04-18,Sat,Aiden,P1_H2_32_Tub1_Lacerate 117,3,8,alive,,W9-10,2.666666667,3,,H2,32,P1_H2,H2_32_Tub1,H2_32
2026-04-18,Sat,Aiden,P1_H2_32_Tub1_Lacerate 118,3,0,alive,,W9-10,0,3,,H2,32,P1_H2,H2_32_Tub1,H2_32
2026-04-18,Sat,Aiden,P1_H2_32_Tub1_Lacerate 119,3,0,missing,,W9-10,0,3,,H2,32,P1_H2,H2_32_Tub1,H2_32
2026-04-18,Sat,Aiden,P1_H2_32_Tub1_Lacerate 120,2,4,alive,,W9-10,2,2,,H2,32,P1_H2,H2_32_Tub1,H2_32
2026-04-18,Sat,Aiden,P1_H2_32_Tub1_Lacerate 121,2,,missing,,W9-10,0,2,,H2,32,P1_H2,H2_32_Tub1,H2_32
2026-04-18,Sat,Aiden,P1_H2_32_Tub1_Lacerate 122,2,0,alive,,W9-10,0,2,,H2,32,P1_H2,H2_32_Tub1,H2_32
2026-04-18,Sat,Aiden,P1_H2_32_Tub1_Lacerate 123,2,0,alive,,W9-10,0,2,,H2,32,P1_H2,H2_32_Tub1,H2_32
2026-04-18,Sat,Aiden,P1_H2_32_Tub1_Lacerate 124,0,0,alive,,W9-10,#N/A,0,,H2,32,P1_H2,H2_32_Tub1,H2_32
2026-04-18,Sat,Aiden,P1_H2_32_Tub2_Lacerate 125,11,,missing,,W9-10,0,11,,H2,32,P1_H2,H2_32_Tub2,H2_32
2026-04-18,Sat,Aiden,P1_H2_32_Tub2_Lacerate 126,11,0,alive,,W9-10,0,11,,H2,32,P1_H2,H2_32_Tub2,H2_32
2026-04-18,Sat,Aiden,P1_H2_32_Tub2_Lacerate 127,11,,missing,,W9-10,0,11,,H2,32,P1_H2,H2_32_Tub2,H2_32
2026-04-18,Sat,Aiden,P1_H2_32_Tub2_Lacerate 128,11,0,alive,,W9-10,0,11,,H2,32,P1_H2,H2_32_Tub2,H2_32
2026-04-18,Sat,Aiden,P1_H2_32_Tub2_Lacerate 129,11,9,alive,,W9-10,0.8181818182,11,,H2,32,P1_H2,H2_32_Tub2,H2_32
2026-04-18,Sat,Aiden,P1_H2_32_Tub2_Lacerate 130,11,,missing,,W9-10,0,11,,H2,32,P1_H2,H2_32_Tub2,H2_32
2026-04-18,Sat,Aiden,P1_H2_32_Tub2_Lacerate 131,11,,missing,,W9-10,0,11,,H2,32,P1_H2,H2_32_Tub2,H2_32
2026-04-18,Sat,Aiden,P3_H2_32_Tub2_Lacerate 132,11,,missing,,W9-10,0,11,,H2,32,P3_H2,H2_32_Tub2,H2_32
2026-04-18,Sat,Aiden,P2_H2_32_Tub2_Lacerate 133,11,10,alive,,W9-10,0.9090909091,11,,H2,32,P2_H2,H2_32_Tub2,H2_32
2026-04-18,Sat,Aiden,P1_H2_32_Tub2_Lacerate 134,8,7,alive,,W9-10,0.875,8,,H2,32,P1_H2,H2_32_Tub2,H2_32
2026-04-18,Sat,Aiden,P1_H2_32_Tub2_Lacerate 135,8,9,alive,,W9-10,1.125,8,,H2,32,P1_H2,H2_32_Tub2,H2_32
2026-04-18,Sat,Aiden,P2_H2_32_Tub2_Lacerate 136,7,8,alive,,W9-10,1.142857143,7,,H2,32,P2_H2,H2_32_Tub2,H2_32
2026-04-18,Sat,Aiden,PX_H2_32_Tub2_Lacerate 137,7,11,alive,,W9-10,1.571428571,7,,H2,32,PX_H2,H2_32_Tub2,H2_32
2026-04-18,Sat,Aiden,PX_H2_32_Tub2_Lacerate 138,7,11,alive,,W9-10,1.571428571,7,,H2,32,PX_H2,H2_32_Tub2,H2_32
2026-04-18,Sat,Aiden,PX_H2_32_Tub2_Lacerate 139,7,12,alive,,W9-10,1.714285714,7,,H2,32,PX_H2,H2_32_Tub2,H2_32
2026-04-18,Sat,Aiden,P1_H2_32_Tub2_Lacerate 140,7,4,alive,,W9-10,0.5714285714,7,,H2,32,P1_H2,H2_32_Tub2,H2_32
2026-04-18,Sat,Aiden,PX_H2_32_Tub2_Lacerate 141,5,14,alive,,W9-10,2.8,5,,H2,32,PX_H2,H2_32_Tub2,H2_32
2026-04-18,Sat,Aiden,PX_H2_32_Tub2_Lacerate 142,5,,missing,,W9-10,0,5,,H2,32,PX_H2,H2_32_Tub2,H2_32
2026-04-18,Sat,Aiden,P2_H2_32_Tub2_Lacerate 143,5,6,alive,,W9-10,1.2,5,,H2,32,P2_H2,H2_32_Tub2,H2_32
2026-04-18,Sat,Aiden,P2_H2_32_Tub2_Lacerate 144,5,14,alive,,W9-10,2.8,5,,H2,32,P2_H2,H2_32_Tub2,H2_32
2026-04-18,Sat,Aiden,PX_H2_32_Tub2_Lacerate 145,5,12,alive,,W9-10,2.4,5,,H2,32,PX_H2,H2_32_Tub2,H2_32
2026-04-18,Sat,Aiden,PX_H2_32_Tub2_Lacerate 146,5,10,alive,,W9-10,2,5,,H2,32,PX_H2,H2_32_Tub2,H2_32
2026-04-18,Sat,Aiden,PX_H2_32_Tub2_Lacerate 147,5,,missing,,W9-10,0,5,,H2,32,PX_H2,H2_32_Tub2,H2_32
2026-04-18,Sat,Aiden,PX_H2_32_Tub2_Lacerate 148,5,12,alive,,W9-10,2.4,5,,H2,32,PX_H2,H2_32_Tub2,H2_32
2026-04-18,Sat,Aiden,PX_H2_32_Tub2_Lacerate 149,5,7,alive,,W9-10,1.4,5,,H2,32,PX_H2,H2_32_Tub2,H2_32
2026-04-18,Sat,Aiden,PX_H2_32_Tub2_Lacerate 150,5,12,alive,,W9-10,2.4,5,,H2,32,PX_H2,H2_32_Tub2,H2_32
2026-04-18,Sat,Aiden,PX_H2_32_Tub2_Lacerate 151,5,10,alive,,W9-10,2,5,,H2,32,PX_H2,H2_32_Tub2,H2_32
2026-04-18,Sat,Aiden,PX_H2_32_Tub2_Lacerate 152,5,10,alive,,W9-10,2,5,,H2,32,PX_H2,H2_32_Tub2,H2_32
2026-04-18,Sat,Aiden,P3_H2_32_Tub2_Lacerate 153,4,8,alive,,W9-10,2,4,,H2,32,P3_H2,H2_32_Tub2,H2_32
2026-04-18,Sat,Aiden,P2_H2_32_Tub2_Lacerate 154,4,5,alive,,W9-10,1.25,4,,H2,32,P2_H2,H2_32_Tub2,H2_32
2026-04-18,Sat,Aiden,P2_H2_32_Tub2_Lacerate 155,4,6,alive,,W9-10,1.5,4,,H2,32,P2_H2,H2_32_Tub2,H2_32
2026-04-18,Sat,Aiden,PX_H2_32_Tub2_Lacerate 156,4,12,alive,,W9-10,3,4,,H2,32,PX_H2,H2_32_Tub2,H2_32
2026-04-18,Sat,Aiden,P1_H2_32_Tub2_Lacerate 157,3,0,alive,,W9-10,0,3,,H2,32,P1_H2,H2_32_Tub2,H2_32
2026-04-18,Sat,Aiden,P1_H2_32_Tub2_Lacerate 158,3,0,alive,,W9-10,0,3,,H2,32,P1_H2,H2_32_Tub2,H2_32
2026-04-18,Sat,Aiden,P1_H2_32_Tub2_Lacerate 159,3,0,alive,,W9-10,0,3,,H2,32,P1_H2,H2_32_Tub2,H2_32
2026-04-18,Sat,Aiden,P1_H2_32_Tub2_Lacerate 160,3,0,alive,,W9-10,0,3,,H2,32,P1_H2,H2_32_Tub2,H2_32
2026-04-18,Sat,Aiden,P3_H2_32_Tub2_Lacerate 161,3,0,alive,,W9-10,0,3,,H2,32,P3_H2,H2_32_Tub2,H2_32
2026-04-18,Sat,Aiden,P3_H2_32_Tub2_Lacerate 162,3,0,alive,,W9-10,0,3,,H2,32,P3_H2,H2_32_Tub2,H2_32
2026-04-18,Sat,Aiden,P3_H2_32_Tub2_Lacerate 163,3,0,alive,,W9-10,0,3,,H2,32,P3_H2,H2_32_Tub2,H2_32
2026-04-18,Sat,Aiden,P3_H2_32_Tub2_Lacerate 164,3,0,alive,,W9-10,0,3,,H2,32,P3_H2,H2_32_Tub2,H2_32
2026-04-18,Sat,Aiden,P3_H2_32_Tub2_Lacerate 165,3,0,alive,,W9-10,0,3,,H2,32,P3_H2,H2_32_Tub2,H2_32
2026-04-18,Sat,Aiden,P3_H2_32_Tub2_Lacerate 166,3,0,alive,,W9-10,0,3,,H2,32,P3_H2,H2_32_Tub2,H2_32
2026-04-18,Sat,Aiden,P2_H2_32_Tub2_Lacerate 167,3,9,alive,,W9-10,3,3,,H2,32,P2_H2,H2_32_Tub2,H2_32
2026-04-18,Sat,Aiden,PX_H2_32_Tub2_Lacerate 168,3,11,alive,,W9-10,3.666666667,3,,H2,32,PX_H2,H2_32_Tub2,H2_32
2026-04-18,Sat,Aiden,PX_H2_32_Tub2_Lacerate 169,3,6,alive,,W9-10,2,3,,H2,32,PX_H2,H2_32_Tub2,H2_32
2026-04-18,Sat,Aiden,PX_H2_32_Tub2_Lacerate 170,3,7,alive,,W9-10,2.333333333,3,,H2,32,PX_H2,H2_32_Tub2,H2_32
2026-04-18,Sat,Aiden,PX_H2_32_Tub2_Lacerate 171,2,12,alive,,W9-10,6,2,,H2,32,PX_H2,H2_32_Tub2,H2_32
2026-04-18,Sat,Aiden,PX_H2_32_Tub2_Lacerate 172,2,13,alive,,W9-10,6.5,2,,H2,32,PX_H2,H2_32_Tub2,H2_32
2026-04-18,Sat,Aiden,PX_H2_32_Tub2_Lacerate 173,2,0,alive,,W9-10,0,2,,H2,32,PX_H2,H2_32_Tub2,H2_32
2026-04-18,Sat,Aiden,PX_H2_32_Tub2_Lacerate 174,2,0,alive,,W9-10,0,2,,H2,32,PX_H2,H2_32_Tub2,H2_32
2026-04-18,Sat,Aiden,PX_H2_32_Tub2_Lacerate 175,2,5,alive,,W9-10,2.5,2,,H2,32,PX_H2,H2_32_Tub2,H2_32
2026-04-18,Sat,Aiden,PX_H2_32_Tub2_Lacerate 176,0,0,alive,,W9-10,#N/A,0,,H2,32,PX_H2,H2_32_Tub2,H2_32
2026-04-18,Sat,Aiden,PX_H2_32_Tub2_Lacerate 177,0,0,alive,,W9-10,#N/A,0,,H2,32,PX_H2,H2_32_Tub2,H2_32
2026-04-18,Sat,Aiden,PX_H2_32_Tub2_Lacerate 178,0,0,alive,,W9-10,#N/A,0,,H2,32,PX_H2,H2_32_Tub2,H2_32
2026-04-18,Sat,Aiden,PX_H2_32_Tub2_Lacerate 179,0,0,alive,,W9-10,#N/A,0,,H2,32,PX_H2,H2_32_Tub2,H2_32
2026-04-18,Sat,Aiden,PX_H2_32_Tub2_Lacerate 180,0,0,alive,,W9-10,#N/A,0,,H2,32,PX_H2,H2_32_Tub2,H2_32
2026-04-18,Sat,Aiden,P1_H2_32_Tub3_Lacerate 115,11,10,alive,,W9-10,0.9090909091,11,,H2,32,P1_H2,H2_32_Tub3,H2_32
2026-04-18,Sat,Aiden,P2_H2_32_Tub3_Lacerate 116,11,,missing,,W9-10,0,11,,H2,32,P2_H2,H2_32_Tub3,H2_32
2026-04-18,Sat,Aiden,P2_H2_32_Tub3_Lacerate 117,11,10,alive,,W9-10,0.9090909091,11,,H2,32,P2_H2,H2_32_Tub3,H2_32
2026-04-18,Sat,Aiden,P2_H2_32_Tub3_Lacerate 118,11,,missing,,W9-10,0,11,,H2,32,P2_H2,H2_32_Tub3,H2_32
2026-04-18,Sat,Aiden,P2_H2_32_Tub3_Lacerate 119,11,8,alive,,W9-10,0.7272727273,11,,H2,32,P2_H2,H2_32_Tub3,H2_32
2026-04-18,Sat,Aiden,P3_H2_32_Tub3_Lacerate 120,11,7,alive,,W9-10,0.6363636364,11,,H2,32,P3_H2,H2_32_Tub3,H2_32
2026-04-18,Sat,Aiden,P3_H2_32_Tub3_Lacerate 121,11,0,alive,,W9-10,0,11,,H2,32,P3_H2,H2_32_Tub3,H2_32
2026-04-18,Sat,Aiden,P3_H2_32_Tub3_Lacerate 122,11,9,alive,,W9-10,0.8181818182,11,,H2,32,P3_H2,H2_32_Tub3,H2_32
2026-04-18,Sat,Aiden,P3_H2_32_Tub3_Lacerate 123,11,8,alive,,W9-10,0.7272727273,11,,H2,32,P3_H2,H2_32_Tub3,H2_32
2026-04-18,Sat,Aiden,P3_H2_32_Tub3_Lacerate 124,11,9,alive,,W9-10,0.8181818182,11,,H2,32,P3_H2,H2_32_Tub3,H2_32
2026-04-18,Sat,Aiden,P2_H2_32_Tub3_Lacerate 125,9,,missing,,W9-10,0,9,,H2,32,P2_H2,H2_32_Tub3,H2_32
2026-04-18,Sat,Aiden,P3_H2_32_Tub3_Lacerate 126,9,0,alive,,W9-10,0,9,,H2,32,P3_H2,H2_32_Tub3,H2_32
2026-04-18,Sat,Aiden,P1_H2_32_Tub3_Lacerate 127,9,10,alive,,W9-10,1.111111111,9,,H2,32,P1_H2,H2_32_Tub3,H2_32
2026-04-18,Sat,Aiden,PX_H2_32_Tub3_Lacerate 128,7,10,alive,,W9-10,1.428571429,7,,H2,32,PX_H2,H2_32_Tub3,H2_32
2026-04-18,Sat,Aiden,PX_H2_32_Tub3_Lacerate 129,7,20,alive,,W9-10,2.857142857,7,,H2,32,PX_H2,H2_32_Tub3,H2_32
2026-04-18,Sat,Aiden,PX_H2_32_Tub3_Lacerate 130,7,0,alive,,W9-10,0,7,,H2,32,PX_H2,H2_32_Tub3,H2_32
2026-04-18,Sat,Aiden,PX_H2_32_Tub3_Lacerate 131,5,0,alive,,W9-10,0,5,,H2,32,PX_H2,H2_32_Tub3,H2_32
2026-04-18,Sat,Aiden,PX_H2_32_Tub3_Lacerate 132,5,6,alive,,W9-10,1.2,5,,H2,32,PX_H2,H2_32_Tub3,H2_32
2026-04-18,Sat,Aiden,PX_H2_32_Tub3_Lacerate 133,5,8,alive,,W9-10,1.6,5,,H2,32,PX_H2,H2_32_Tub3,H2_32
2026-04-18,Sat,Aiden,PX_H2_32_Tub3_Lacerate 134,5,12,alive,,W9-10,2.4,5,,H2,32,PX_H2,H2_32_Tub3,H2_32
2026-04-18,Sat,Aiden,PX_H2_32_Tub3_Lacerate 135,5,8,alive,,W9-10,1.6,5,,H2,32,PX_H2,H2_32_Tub3,H2_32
2026-04-18,Sat,Aiden,P1_H2_32_Tub3_Lacerate 136,4,0,alive,,W9-10,0,4,,H2,32,P1_H2,H2_32_Tub3,H2_32
2026-04-18,Sat,Aiden,P1_H2_32_Tub3_Lacerate 137,4,8,alive,,W9-10,2,4,,H2,32,P1_H2,H2_32_Tub3,H2_32
2026-04-18,Sat,Aiden,PX_H2_32_Tub3_Lacerate 138,3,10,alive,,W9-10,3.333333333,3,,H2,32,PX_H2,H2_32_Tub3,H2_32
2026-04-18,Sat,Aiden,PX_H2_32_Tub3_Lacerate 139,3,3,alive,,W9-10,1,3,,H2,32,PX_H2,H2_32_Tub3,H2_32
2026-04-18,Sat,Aiden,PX_H2_32_Tub3_Lacerate 140,3,3,alive,,W9-10,1,3,,H2,32,PX_H2,H2_32_Tub3,H2_32
2026-04-18,Sat,Aiden,P1_H2_32_Tub3_Lacerate 141,3,9,alive,,W9-10,3,3,,H2,32,P1_H2,H2_32_Tub3,H2_32
2026-04-18,Sat,Aiden,P1_H2_32_Tub3_Lacerate 142,3,0,alive,,W9-10,0,3,,H2,32,P1_H2,H2_32_Tub3,H2_32
2026-04-18,Sat,Aiden,P1_H2_32_Tub3_Lacerate 143,3,0,alive,,W9-10,0,3,,H2,32,P1_H2,H2_32_Tub3,H2_32
2026-04-18,Sat,Aiden,P1_H2_32_Tub3_Lacerate 144,3,,missing,,W9-10,0,3,,H2,32,P1_H2,H2_32_Tub3,H2_32
2026-04-18,Sat,Aiden,P1_H2_32_Tub3_Lacerate 145,3,5,alive,,W9-10,1.666666667,3,,H2,32,P1_H2,H2_32_Tub3,H2_32
2026-04-18,Sat,Aiden,P1_H2_32_Tub3_Lacerate 146,3,0,alive,,W9-10,0,3,,H2,32,P1_H2,H2_32_Tub3,H2_32
2026-04-18,Sat,Aiden,P1_H2_32_Tub3_Lacerate 147,3,13,alive,,W9-10,4.333333333,3,,H2,32,P1_H2,H2_32_Tub3,H2_32
2026-04-18,Sat,Aiden,P1_H2_32_Tub3_Lacerate 148,3,8,alive,,W9-10,2.666666667,3,,H2,32,P1_H2,H2_32_Tub3,H2_32
2026-04-18,Sat,Aiden,P1_H2_32_Tub3_Lacerate 149,2,9,alive,,W9-10,4.5,2,,H2,32,P1_H2,H2_32_Tub3,H2_32
2026-04-18,Sat,Aiden,P1_H2_32_Tub3_Lacerate 150,2,6,alive,,W9-10,3,2,,H2,32,P1_H2,H2_32_Tub3,H2_32
2026-04-18,Sat,Aiden,P2_VWA_32_Tub1_Lacerate 103,11,,missing,,W9-10,0,11,,VWA,32,P2_VWA,VWA_32_Tub1,VWA_32
2026-04-18,Sat,Aiden,PX_VWA_32_Tub1_Lacerate 104,11,13,alive,,W9-10,1.181818182,11,,VWA,32,PX_VWA,VWA_32_Tub1,VWA_32
2026-04-18,Sat,Aiden,PX_VWA_32_Tub1_Lacerate 105,11,10,alive,,W9-10,0.9090909091,11,,VWA,32,PX_VWA,VWA_32_Tub1,VWA_32
2026-04-18,Sat,Aiden,P1_VWA_32_Tub1_Lacerate 106,11,,missing,,W9-10,0,11,,VWA,32,P1_VWA,VWA_32_Tub1,VWA_32
2026-04-18,Sat,Aiden,P1_VWA_32_Tub1_Lacerate 107,11,12,alive,,W9-10,1.090909091,11,,VWA,32,P1_VWA,VWA_32_Tub1,VWA_32
2026-04-18,Sat,Aiden,P1_VWA_32_Tub1_Lacerate 108,11,,missing,,W9-10,0,11,,VWA,32,P1_VWA,VWA_32_Tub1,VWA_32
2026-04-18,Sat,Aiden,P1_VWA_32_Tub1_Lacerate 109,11,,missing,,W9-10,0,11,,VWA,32,P1_VWA,VWA_32_Tub1,VWA_32
2026-04-18,Sat,Aiden,PX_VWA_32_Tub1_Lacerate 110,11,13,alive,,W9-10,1.181818182,11,,VWA,32,PX_VWA,VWA_32_Tub1,VWA_32
2026-04-18,Sat,Aiden,PX_VWA_32_Tub1_Lacerate 111,11,0,missing,,W9-10,0,11,,VWA,32,PX_VWA,VWA_32_Tub1,VWA_32
2026-04-18,Sat,Aiden,P2_VWA_32_Tub1_Lacerate 112,11,,missing,,W9-10,0,11,,VWA,32,P2_VWA,VWA_32_Tub1,VWA_32
2026-04-18,Sat,Aiden,P2_VWA_32_Tub1_Lacerate 113,11,,missing,,W9-10,0,11,,VWA,32,P2_VWA,VWA_32_Tub1,VWA_32
2026-04-18,Sat,Aiden,P3_VWA_32_Tub1_Lacerate 114,9,8,alive,,W9-10,0.8888888889,9,,VWA,32,P3_VWA,VWA_32_Tub1,VWA_32
2026-04-18,Sat,Aiden,P3_VWA_32_Tub1_Lacerate 115,9,12,alive,,W9-10,1.333333333,9,,VWA,32,P3_VWA,VWA_32_Tub1,VWA_32
2026-04-18,Sat,Aiden,P3_VWA_32_Tub1_Lacerate 116,9,,missing,,W9-10,0,9,,VWA,32,P3_VWA,VWA_32_Tub1,VWA_32
2026-04-18,Sat,Aiden,P3_VWA_32_Tub1_Lacerate 117,9,,missing,,W9-10,0,9,,VWA,32,P3_VWA,VWA_32_Tub1,VWA_32
2026-04-18,Sat,Aiden,P3_VWA_32_Tub1_Lacerate 118,9,,missing,,W9-10,0,9,,VWA,32,P3_VWA,VWA_32_Tub1,VWA_32
2026-04-18,Sat,Aiden,P3_VWA_32_Tub1_Lacerate 119,9,,missing,,W9-10,0,9,,VWA,32,P3_VWA,VWA_32_Tub1,VWA_32
2026-04-18,Sat,Aiden,PX_VWA_32_Tub1_Lacerate 120,7,8,alive,,W9-10,1.142857143,7,,VWA,32,PX_VWA,VWA_32_Tub1,VWA_32
2026-04-18,Sat,Aiden,PX_VWA_32_Tub1_Lacerate 121,5,6,alive,,W9-10,1.2,5,,VWA,32,PX_VWA,VWA_32_Tub1,VWA_32
2026-04-18,Sat,Aiden,PX_VWA_32_Tub1_Lacerate 122,5,12,alive,,W9-10,2.4,5,,VWA,32,PX_VWA,VWA_32_Tub1,VWA_32
2026-04-18,Sat,Aiden,PX_VWA_32_Tub1_Lacerate 123,5,15,alive,,W9-10,3,5,,VWA,32,PX_VWA,VWA_32_Tub1,VWA_32
2026-04-18,Sat,Aiden,PX_VWA_32_Tub1_Lacerate 124,5,19,alive,,W9-10,3.8,5,,VWA,32,PX_VWA,VWA_32_Tub1,VWA_32
2026-04-18,Sat,Aiden,PX_VWA_32_Tub1_Lacerate 125,5,0,missing,,W9-10,0,5,,VWA,32,PX_VWA,VWA_32_Tub1,VWA_32
2026-04-18,Sat,Aiden,P2_VWA_32_Tub1_Lacerate 126,5,14,alive,,W9-10,2.8,5,,VWA,32,P2_VWA,VWA_32_Tub1,VWA_32
2026-04-18,Sat,Aiden,P2_VWA_32_Tub1_Lacerate 127,5,9,alive,,W9-10,1.8,5,,VWA,32,P2_VWA,VWA_32_Tub1,VWA_32
2026-04-18,Sat,Aiden,P2_VWA_32_Tub1_Lacerate 128,5,,missing,,W9-10,0,5,,VWA,32,P2_VWA,VWA_32_Tub1,VWA_32
2026-04-18,Sat,Aiden,P2_VWA_32_Tub1_Lacerate 129,5,10,alive,,W9-10,2,5,,VWA,32,P2_VWA,VWA_32_Tub1,VWA_32
2026-04-18,Sat,Aiden,P2_VWA_32_Tub1_Lacerate 130,5,9,alive,,W9-10,1.8,5,,VWA,32,P2_VWA,VWA_32_Tub1,VWA_32
2026-04-18,Sat,Aiden,P2_VWA_32_Tub1_Lacerate 131,5,8,alive,,W9-10,1.6,5,,VWA,32,P2_VWA,VWA_32_Tub1,VWA_32
2026-04-18,Sat,Aiden,P2_VWA_32_Tub1_Lacerate 132,4,0,missing,,W9-10,0,4,,VWA,32,P2_VWA,VWA_32_Tub1,VWA_32
2026-04-18,Sat,Aiden,P2_VWA_32_Tub1_Lacerate 133,3,0,alive,,W9-10,0,3,,VWA,32,P2_VWA,VWA_32_Tub1,VWA_32
2026-04-18,Sat,Aiden,P2_VWA_32_Tub1_Lacerate 134,3,0,missing,,W9-10,0,3,,VWA,32,P2_VWA,VWA_32_Tub1,VWA_32
2026-04-18,Sat,Aiden,P2_VWA_32_Tub1_Lacerate 135,3,9,alive,,W9-10,3,3,,VWA,32,P2_VWA,VWA_32_Tub1,VWA_32
2026-04-18,Sat,Aiden,P2_VWA_32_Tub1_Lacerate 136,3,7,alive,,W9-10,2.333333333,3,,VWA,32,P2_VWA,VWA_32_Tub1,VWA_32
2026-04-18,Sat,Aiden,P2_VWA_32_Tub1_Lacerate 137,2,12,alive,,W9-10,6,2,,VWA,32,P2_VWA,VWA_32_Tub1,VWA_32
2026-04-18,Sat,Aiden,P2_VWA_32_Tub1_Lacerate 138,2,8,alive,,W9-10,4,2,,VWA,32,P2_VWA,VWA_32_Tub1,VWA_32
2026-04-18,Sat,Aiden,P1_VWA_32_Tub1_Lacerate 139,2,9,alive,,W9-10,4.5,2,,VWA,32,P1_VWA,VWA_32_Tub1,VWA_32
2026-04-18,Sat,Aiden,PX_VWA_32_Tub1_Lacerate 140,2,8,alive,,W9-10,4,2,,VWA,32,PX_VWA,VWA_32_Tub1,VWA_32
2026-04-18,Sat,Aiden,P2_VWA_32_Tub1_Lacerate 141,2,0,missing,,W9-10,0,2,,VWA,32,P2_VWA,VWA_32_Tub1,VWA_32
2026-04-18,Sat,Aiden,P2_VWA_32_Tub1_Lacerate 142,2,7,alive,,W9-10,3.5,2,,VWA,32,P2_VWA,VWA_32_Tub1,VWA_32
2026-04-18,Sat,Aiden,P2_VWA_32_Tub1_Lacerate 143,0,4,alive,,W9-10,#N/A,0,,VWA,32,P2_VWA,VWA_32_Tub1,VWA_32
2026-04-18,Sat,Aiden,PX_VWA_32_Tub2_Lacerate 70,11,,missing,,W9-10,0,11,,VWA,32,PX_VWA,VWA_32_Tub2,VWA_32
2026-04-18,Sat,Aiden,PX_VWA_32_Tub2_Lacerate 71,11,16,alive,,W9-10,1.454545455,11,,VWA,32,PX_VWA,VWA_32_Tub2,VWA_32
2026-04-18,Sat,Aiden,PX_VWA_32_Tub2_Lacerate 72,11,16,alive,,W9-10,1.454545455,11,,VWA,32,PX_VWA,VWA_32_Tub2,VWA_32
2026-04-18,Sat,Aiden,PX_VWA_32_Tub2_Lacerate 73,11,13,alive,,W9-10,1.181818182,11,,VWA,32,PX_VWA,VWA_32_Tub2,VWA_32
2026-04-18,Sat,Aiden,P1_VWA_32_Tub2_Lacerate 74,11,,missing,,W9-10,0,11,,VWA,32,P1_VWA,VWA_32_Tub2,VWA_32
2026-04-18,Sat,Aiden,P1_VWA_32_Tub2_Lacerate 75,11,,missing,,W9-10,0,11,,VWA,32,P1_VWA,VWA_32_Tub2,VWA_32
2026-04-18,Sat,Aiden,P1_VWA_32_Tub2_Lacerate 76,11,13,alive,,W9-10,1.181818182,11,,VWA,32,P1_VWA,VWA_32_Tub2,VWA_32
2026-04-18,Sat,Aiden,P1_VWA_32_Tub2_Lacerate 77,11,,missing,,W9-10,0,11,,VWA,32,P1_VWA,VWA_32_Tub2,VWA_32
2026-04-18,Sat,Aiden,P1_VWA_32_Tub2_Lacerate 78,11,,missing,,W9-10,0,11,,VWA,32,P1_VWA,VWA_32_Tub2,VWA_32
2026-04-18,Sat,Aiden,P1_VWA_32_Tub2_Lacerate 79,9,,missing,,W9-10,0,9,,VWA,32,P1_VWA,VWA_32_Tub2,VWA_32
2026-04-18,Sat,Aiden,P3_VWA_32_Tub2_Lacerate 80,5,12,alive,,W9-10,2.4,5,,VWA,32,P3_VWA,VWA_32_Tub2,VWA_32
2026-04-18,Sat,Aiden,P3_VWA_32_Tub2_Lacerate 81,5,11,alive,,W9-10,2.2,5,,VWA,32,P3_VWA,VWA_32_Tub2,VWA_32
2026-04-18,Sat,Aiden,P3_VWA_32_Tub2_Lacerate 82,5,8,alive,,W9-10,1.6,5,,VWA,32,P3_VWA,VWA_32_Tub2,VWA_32
2026-04-18,Sat,Aiden,P1_VWA_32_Tub2_Lacerate 85,2,0,alive,,W9-10,0,2,,VWA,32,P1_VWA,VWA_32_Tub2,VWA_32
2026-04-18,Sat,Aiden,P2_VWA_32_Tub2_Lacerate 86,2,7,alive,,W9-10,3.5,2,,VWA,32,P2_VWA,VWA_32_Tub2,VWA_32
2026-04-18,Sat,Aiden,PX_VWA_32_Tub2_Lacerate 87,3,10,alive,,W9-10,3.333333333,3,,VWA,32,PX_VWA,VWA_32_Tub2,VWA_32
2026-04-18,Sat,Aiden,PX_VWA_32_Tub2_Lacerate 88,3,12,alive,,W9-10,4,3,,VWA,32,PX_VWA,VWA_32_Tub2,VWA_32
2026-04-18,Sat,Aiden,PX_VWA_32_Tub2_Lacerate 89,3,9,alive,,W9-10,3,3,,VWA,32,PX_VWA,VWA_32_Tub2,VWA_32
2026-04-18,Sat,Aiden,P1_VWA_32_Tub2_Lacerate 90,3,0,alive,,W9-10,0,3,,VWA,32,P1_VWA,VWA_32_Tub2,VWA_32
2026-04-18,Sat,Aiden,P1_VWA_32_Tub2_Lacerate 91,3,0,alive,,W9-10,0,3,,VWA,32,P1_VWA,VWA_32_Tub2,VWA_32
2026-04-18,Sat,Aiden,P2_VWA_32_Tub2_Lacerate 92,3,6,alive,,W9-10,2,3,,VWA,32,P2_VWA,VWA_32_Tub2,VWA_32
2026-04-18,Sat,Aiden,P2_VWA_32_Tub2_Lacerate 93,2,4,alive,,W9-10,2,2,,VWA,32,P2_VWA,VWA_32_Tub2,VWA_32
2026-04-18,Sat,Aiden,P2_VWA_32_Tub2_Lacerate 94,2,0,alive,,W9-10,0,2,,VWA,32,P2_VWA,VWA_32_Tub2,VWA_32
2026-04-18,Sat,Aiden,P2_VWA_32_Tub2_Lacerate 95,2,0,alive,,W9-10,0,2,,VWA,32,P2_VWA,VWA_32_Tub2,VWA_32
2026-04-18,Sat,Aiden,P2_VWA_32_Tub2_Lacerate 96,2,0,alive,,W9-10,0,2,,VWA,32,P2_VWA,VWA_32_Tub2,VWA_32
2026-04-18,Sat,Aiden,P2_VWA_32_Tub2_Lacerate 97,2,0,alive,,W9-10,0,2,,VWA,32,P2_VWA,VWA_32_Tub2,VWA_32
2026-04-18,Sat,Aiden,P2_VWA_32_Tub2_Lacerate 98,2,0,alive,,W9-10,0,2,,VWA,32,P2_VWA,VWA_32_Tub2,VWA_32
2026-04-18,Sat,Aiden,P2_VWA_32_Tub2_Lacerate 99,2,0,alive,,W9-10,0,2,,VWA,32,P2_VWA,VWA_32_Tub2,VWA_32
2026-04-18,Sat,Aiden,P3_VWA_32_Tub3_Lacerate 65,11,,missing,,W9-10,0,11,,VWA,32,P3_VWA,VWA_32_Tub3,VWA_32
2026-04-18,Sat,Aiden,P3_VWA_32_Tub3_Lacerate 66,11,,missing,,W9-10,0,11,,VWA,32,P3_VWA,VWA_32_Tub3,VWA_32
2026-04-18,Sat,Aiden,P3_VWA_32_Tub3_Lacerate 67,11,13,alive,,W9-10,1.181818182,11,,VWA,32,P3_VWA,VWA_32_Tub3,VWA_32
2026-04-18,Sat,Aiden,P1_VWA_32_Tub3_Lacerate 68,11,12,alive,,W9-10,1.090909091,11,,VWA,32,P1_VWA,VWA_32_Tub3,VWA_32
2026-04-18,Sat,Aiden,P1_VWA_32_Tub3_Lacerate 69,11,12,alive,,W9-10,1.090909091,11,,VWA,32,P1_VWA,VWA_32_Tub3,VWA_32
2026-04-18,Sat,Aiden,P3_VWA_32_Tub3_Lacerate 70,11,,missing,,W9-10,0,11,,VWA,32,P3_VWA,VWA_32_Tub3,VWA_32
2026-04-18,Sat,Aiden,P3_VWA_32_Tub3_Lacerate 71,11,14,alive,,W9-10,1.272727273,11,,VWA,32,P3_VWA,VWA_32_Tub3,VWA_32
2026-04-18,Sat,Aiden,P3_VWA_32_Tub3_Lacerate 72,9,6,alive,,W9-10,0.6666666667,9,,VWA,32,P3_VWA,VWA_32_Tub3,VWA_32
2026-04-18,Sat,Aiden,P1_VWA_32_Tub3_Lacerate 73,8,17,alive,,W9-10,2.125,8,,VWA,32,P1_VWA,VWA_32_Tub3,VWA_32
2026-04-18,Sat,Aiden,P3_VWA_32_Tub3_Lacerate 74,8,10,alive,,W9-10,1.25,8,,VWA,32,P3_VWA,VWA_32_Tub3,VWA_32
2026-04-18,Sat,Aiden,PX_VWA_32_Tub3_Lacerate 75,5,,missing,,W9-10,0,5,,VWA,32,PX_VWA,VWA_32_Tub3,VWA_32
2026-04-18,Sat,Aiden,PX_VWA_32_Tub3_Lacerate 76,5,12,alive,,W9-10,2.4,5,,VWA,32,PX_VWA,VWA_32_Tub3,VWA_32
2026-04-18,Sat,Aiden,PX_VWA_32_Tub3_Lacerate 77,4,13,alive,,W9-10,3.25,4,,VWA,32,PX_VWA,VWA_32_Tub3,VWA_32
2026-04-18,Sat,Aiden,PX_VWA_32_Tub3_Lacerate 78,4,11,alive,,W9-10,2.75,4,,VWA,32,PX_VWA,VWA_32_Tub3,VWA_32
2026-04-18,Sat,Aiden,PX_VWA_32_Tub3_Lacerate 79,3,12,alive,,W9-10,4,3,,VWA,32,PX_VWA,VWA_32_Tub3,VWA_32
2026-04-18,Sat,Aiden,PX_VWA_32_Tub3_Lacerate 80,3,12,alive,,W9-10,4,3,,VWA,32,PX_VWA,VWA_32_Tub3,VWA_32
2026-04-18,Sat,Aiden,PX_VWA_32_Tub3_Lacerate 81,2,12,alive,,W9-10,6,2,,VWA,32,PX_VWA,VWA_32_Tub3,VWA_32
2026-04-18,Sat,Aiden,PX_VWA_32_Tub3_Lacerate 82,2,13,alive,,W9-10,6.5,2,,VWA,32,PX_VWA,VWA_32_Tub3,VWA_32
2026-04-18,Sat,Aiden,PX_VWA_32_Tub3_Lacerate 83,2,3,alive,,W9-10,1.5,2,,VWA,32,PX_VWA,VWA_32_Tub3,VWA_32
2026-04-19,Sun,Aiden,P2_H2_25_Tub1_Lacerate 157,12,12,alive,,W9-10,1,12,,H2,25,P2_H2,H2_25_Tub1,H2_25
2026-04-19,Sun,Aiden,P2_H2_25_Tub1_Lacerate 158,12,13,alive,,W9-10,1.083333333,12,,H2,25,P2_H2,H2_25_Tub1,H2_25
2026-04-19,Sun,Aiden,P3_H2_25_Tub1_Lacerate 159,12,12,alive,,W9-10,1,12,,H2,25,P3_H2,H2_25_Tub1,H2_25
2026-04-19,Sun,Aiden,P1_H2_25_Tub1_Lacerate 160,12,12,alive,,W9-10,1,12,,H2,25,P1_H2,H2_25_Tub1,H2_25
2026-04-19,Sun,Aiden,P1_H2_25_Tub1_Lacerate 161,12,12,alive,,W9-10,1,12,,H2,25,P1_H2,H2_25_Tub1,H2_25
2026-04-19,Sun,Aiden,P2_H2_25_Tub1_Lacerate 162,12,14,alive,,W9-10,1.166666667,12,,H2,25,P2_H2,H2_25_Tub1,H2_25
2026-04-19,Sun,Aiden,P2_H2_25_Tub1_Lacerate 163,10,12,alive,,W9-10,1.2,10,,H2,25,P2_H2,H2_25_Tub1,H2_25
2026-04-19,Sun,Aiden,P3_H2_25_Tub1_Lacerate 164,10,13,alive,,W9-10,1.3,10,,H2,25,P3_H2,H2_25_Tub1,H2_25
2026-04-19,Sun,Aiden,P2_H2_25_Tub1_Lacerate 165,9,12,alive,,W9-10,1.333333333,9,,H2,25,P2_H2,H2_25_Tub1,H2_25
2026-04-19,Sun,Aiden,P2_H2_25_Tub1_Lacerate 166,8,,missing,,W9-10,0,8,,H2,25,P2_H2,H2_25_Tub1,H2_25
2026-04-19,Sun,Aiden,P2_H2_25_Tub1_Lacerate 167,8,11,alive,,W9-10,1.375,8,,H2,25,P2_H2,H2_25_Tub1,H2_25
2026-04-19,Sun,Aiden,P2_H2_25_Tub1_Lacerate 168,8,12,alive,,W9-10,1.5,8,,H2,25,P2_H2,H2_25_Tub1,H2_25
2026-04-19,Sun,Aiden,P3_H2_25_Tub1_Lacerate 169,8,15,alive,,W9-10,1.875,8,,H2,25,P3_H2,H2_25_Tub1,H2_25
2026-04-19,Sun,Aiden,P3_H2_25_Tub1_Lacerate 170,8,12,alive,,W9-10,1.5,8,,H2,25,P3_H2,H2_25_Tub1,H2_25
2026-04-19,Sun,Aiden,P1_H2_25_Tub1_Lacerate 171,8,9,alive,,W9-10,1.125,8,,H2,25,P1_H2,H2_25_Tub1,H2_25
2026-04-19,Sun,Aiden,P1_H2_25_Tub1_Lacerate 172,8,11,alive,,W9-10,1.375,8,,H2,25,P1_H2,H2_25_Tub1,H2_25
2026-04-19,Sun,Aiden,PX_H2_25_Tub1_Lacerate 173,6,14,alive,,W9-10,2.333333333,6,,H2,25,PX_H2,H2_25_Tub1,H2_25
2026-04-19,Sun,Aiden,P2_H2_25_Tub1_Lacerate 174,6,12,alive,,W9-10,2,6,,H2,25,P2_H2,H2_25_Tub1,H2_25
2026-04-19,Sun,Aiden,P2_H2_25_Tub1_Lacerate 175,6,10,alive,,W9-10,1.666666667,6,,H2,25,P2_H2,H2_25_Tub1,H2_25
2026-04-19,Sun,Aiden,P2_H2_25_Tub1_Lacerate 176,6,12,alive,,W9-10,2,6,,H2,25,P2_H2,H2_25_Tub1,H2_25
2026-04-19,Sun,Aiden,P2_H2_25_Tub1_Lacerate 177,6,13,alive,,W9-10,2.166666667,6,,H2,25,P2_H2,H2_25_Tub1,H2_25
2026-04-19,Sun,Aiden,PX_H2_25_Tub1_Lacerate 178,6,10,alive,,W9-10,1.666666667,6,,H2,25,PX_H2,H2_25_Tub1,H2_25
2026-04-19,Sun,Aiden,PX_H2_25_Tub1_Lacerate 179,6,9,alive,,W9-10,1.5,6,,H2,25,PX_H2,H2_25_Tub1,H2_25
2026-04-19,Sun,Aiden,P2_H2_25_Tub1_Lacerate 180,5,8,alive,,W9-10,1.6,5,,H2,25,P2_H2,H2_25_Tub1,H2_25
2026-04-19,Sun,Aiden,PX_H2_25_Tub1_Lacerate 181,5,8,alive,,W9-10,1.6,5,,H2,25,PX_H2,H2_25_Tub1,H2_25
2026-04-19,Sun,Aiden,PX_H2_25_Tub1_Lacerate 182,5,10,alive,,W9-10,2,5,,H2,25,PX_H2,H2_25_Tub1,H2_25
2026-04-19,Sun,Aiden,PX_H2_25_Tub1_Lacerate 183,5,,missing,,W9-10,0,5,,H2,25,PX_H2,H2_25_Tub1,H2_25
2026-04-19,Sun,Aiden,P3_H2_25_Tub1_Lacerate 184,4,9,alive,,W9-10,2.25,4,,H2,25,P3_H2,H2_25_Tub1,H2_25
2026-04-19,Sun,Aiden,P2_H2_25_Tub1_Lacerate 185,4,0,alive,,W9-10,0,4,,H2,25,P2_H2,H2_25_Tub1,H2_25
2026-04-19,Sun,Aiden,P2_H2_25_Tub1_Lacerate 186,3,0,alive,,W9-10,0,3,,H2,25,P2_H2,H2_25_Tub1,H2_25
2026-04-19,Sun,Aiden,PX_H2_25_Tub1_Lacerate 187,3,0,alive,,W9-10,0,3,,H2,25,PX_H2,H2_25_Tub1,H2_25
2026-04-19,Sun,Aiden,P2_H2_25_Tub1_Lacerate 188,3,9,alive,,W9-10,3,3,,H2,25,P2_H2,H2_25_Tub1,H2_25
2026-04-19,Sun,Aiden,P2_H2_25_Tub1_Lacerate 189,2,0,alive,,W9-10,0,2,,H2,25,P2_H2,H2_25_Tub1,H2_25
2026-04-19,Sun,Aiden,P2_H2_25_Tub1_Lacerate 190,2,0,alive,,W9-10,0,2,,H2,25,P2_H2,H2_25_Tub1,H2_25
2026-04-19,Sun,Aiden,P2_H2_25_Tub1_Lacerate 191,2,6,alive,,W9-10,3,2,,H2,25,P2_H2,H2_25_Tub1,H2_25
2026-04-19,Sun,Aiden,P3_H2_25_Tub1_Lacerate 192,2,6,alive,,W9-10,3,2,,H2,25,P3_H2,H2_25_Tub1,H2_25
2026-04-19,Sun,Aiden,P3_H2_25_Tub1_Lacerate 193,2,5,alive,,W9-10,2.5,2,,H2,25,P3_H2,H2_25_Tub1,H2_25
2026-04-19,Sun,Aiden,P3_H2_25_Tub1_Lacerate 194,2,0,alive,,W9-10,0,2,,H2,25,P3_H2,H2_25_Tub1,H2_25
2026-04-19,Sun,Aiden,P1_H2_25_Tub1_Lacerate 195,2,7,alive,,W9-10,3.5,2,,H2,25,P1_H2,H2_25_Tub1,H2_25
2026-04-19,Sun,Aiden,P1_H2_25_Tub1_Lacerate 196,2,3,alive,,W9-10,1.5,2,,H2,25,P1_H2,H2_25_Tub1,H2_25
2026-04-19,Sun,Aiden,P1_H2_25_Tub1_Lacerate 197,2,5,alive,,W9-10,2.5,2,,H2,25,P1_H2,H2_25_Tub1,H2_25
2026-04-19,Sun,Aiden,P1_H2_25_Tub1_Lacerate 198,2,0,alive,,W9-10,0,2,,H2,25,P1_H2,H2_25_Tub1,H2_25
2026-04-19,Sun,Aiden,P1_H2_25_Tub1_Lacerate 199,2,0,alive,,W9-10,0,2,,H2,25,P1_H2,H2_25_Tub1,H2_25
2026-04-19,Sun,Aiden,P2_H2_25_Tub1_Lacerate 200,1,0,alive,,W9-10,0,1,,H2,25,P2_H2,H2_25_Tub1,H2_25
2026-04-19,Sun,Aiden,P2_H2_25_Tub1_Lacerate 201,1,0,alive,,W9-10,0,1,,H2,25,P2_H2,H2_25_Tub1,H2_25
2026-04-19,Sun,Aiden,P2_H2_25_Tub1_Lacerate 202,0,0,alive,,W9-10,#N/A,0,,H2,25,P2_H2,H2_25_Tub1,H2_25
2026-04-19,Sun,Aiden,P2_H2_25_Tub1_Lacerate 203,0,0,alive,,W9-10,#N/A,0,,H2,25,P2_H2,H2_25_Tub1,H2_25
2026-04-19,Sun,Aiden,P2_H2_25_Tub1_Lacerate 204,0,2,alive,,W9-10,#N/A,0,,H2,25,P2_H2,H2_25_Tub1,H2_25
2026-04-19,Sun,Aiden,P2_H2_25_Tub1_Lacerate 205,0,3,alive,,W9-10,#N/A,0,,H2,25,P2_H2,H2_25_Tub1,H2_25
2026-04-19,Sun,Aiden,P2_H2_25_Tub1_Lacerate 206,0,0,alive,,W9-10,#N/A,0,,H2,25,P2_H2,H2_25_Tub1,H2_25
2026-04-19,Sun,Aiden,P3_H2_25_Tub2_Lacerate 106,12,0,alive,,W9-10,0,12,,H2,25,P3_H2,H2_25_Tub2,H2_25
2026-04-19,Sun,Aiden,P3_H2_25_Tub2_Lacerate 107,12,15,alive,,W9-10,1.25,12,,H2,25,P3_H2,H2_25_Tub2,H2_25
2026-04-19,Sun,Aiden,P3_H2_25_Tub2_Lacerate 108,12,12,alive,,W9-10,1,12,,H2,25,P3_H2,H2_25_Tub2,H2_25
2026-04-19,Sun,Aiden,P3_H2_25_Tub2_Lacerate 109,12,12,alive,,W9-10,1,12,,H2,25,P3_H2,H2_25_Tub2,H2_25
2026-04-19,Sun,Aiden,P3_H2_25_Tub2_Lacerate 110,12,11,alive,,W9-10,0.9166666667,12,,H2,25,P3_H2,H2_25_Tub2,H2_25
2026-04-19,Sun,Aiden,P3_H2_25_Tub2_Lacerate 111,12,13,alive,,W9-10,1.083333333,12,,H2,25,P3_H2,H2_25_Tub2,H2_25
2026-04-19,Sun,Aiden,P3_H2_25_Tub2_Lacerate 112,12,,missing,,W9-10,0,12,,H2,25,P3_H2,H2_25_Tub2,H2_25
2026-04-19,Sun,Aiden,P3_H2_25_Tub2_Lacerate 113,12,,missing,,W9-10,0,12,,H2,25,P3_H2,H2_25_Tub2,H2_25
2026-04-19,Sun,Aiden,P2_H2_25_Tub2_Lacerate 114,12,10,alive,,W9-10,0.8333333333,12,,H2,25,P2_H2,H2_25_Tub2,H2_25
2026-04-19,Sun,Aiden,P2_H2_25_Tub2_Lacerate 115,12,,missing,,W9-10,0,12,,H2,25,P2_H2,H2_25_Tub2,H2_25
2026-04-19,Sun,Aiden,P2_H2_25_Tub2_Lacerate 116,12,13,alive,,W9-10,1.083333333,12,,H2,25,P2_H2,H2_25_Tub2,H2_25
2026-04-19,Sun,Aiden,P3_H2_25_Tub2_Lacerate 117,10,12,alive,,W9-10,1.2,10,,H2,25,P3_H2,H2_25_Tub2,H2_25
2026-04-19,Sun,Aiden,P1_H2_25_Tub2_Lacerate 118,10,15,alive,,W9-10,1.5,10,,H2,25,P1_H2,H2_25_Tub2,H2_25
2026-04-19,Sun,Aiden,P2_H2_25_Tub2_Lacerate 119,9,10,alive,,W9-10,1.111111111,9,,H2,25,P2_H2,H2_25_Tub2,H2_25
2026-04-19,Sun,Aiden,P1_H2_25_Tub2_Lacerate 120,8,,missing,,W9-10,0,8,,H2,25,P1_H2,H2_25_Tub2,H2_25
2026-04-19,Sun,Aiden,P1_H2_25_Tub2_Lacerate 121,8,,missing,,W9-10,0,8,,H2,25,P1_H2,H2_25_Tub2,H2_25
2026-04-19,Sun,Aiden,P1_H2_25_Tub2_Lacerate 122,8,,missing,,W9-10,0,8,,H2,25,P1_H2,H2_25_Tub2,H2_25
2026-04-19,Sun,Aiden,PX_H2_25_Tub2_Lacerate 123,6,11,alive,,W9-10,1.833333333,6,,H2,25,PX_H2,H2_25_Tub2,H2_25
2026-04-19,Sun,Aiden,PX_H2_25_Tub2_Lacerate 124,6,11,alive,,W9-10,1.833333333,6,,H2,25,PX_H2,H2_25_Tub2,H2_25
2026-04-19,Sun,Aiden,PX_H2_25_Tub2_Lacerate 125,6,16,alive,,W9-10,2.666666667,6,,H2,25,PX_H2,H2_25_Tub2,H2_25
2026-04-19,Sun,Aiden,PX_H2_25_Tub2_Lacerate 126,6,,missing,,W9-10,0,6,,H2,25,PX_H2,H2_25_Tub2,H2_25
2026-04-19,Sun,Aiden,P1_H2_25_Tub2_Lacerate 127,6,,missing,,W9-10,0,6,,H2,25,P1_H2,H2_25_Tub2,H2_25
2026-04-19,Sun,Aiden,PX_H2_25_Tub2_Lacerate 128,5,12,alive,,W9-10,2.4,5,,H2,25,PX_H2,H2_25_Tub2,H2_25
2026-04-19,Sun,Aiden,P3_H2_25_Tub2_Lacerate 129,5,14,alive,,W9-10,2.8,5,,H2,25,P3_H2,H2_25_Tub2,H2_25
2026-04-19,Sun,Aiden,P3_H2_25_Tub2_Lacerate 130,5,7,alive,,W9-10,1.4,5,,H2,25,P3_H2,H2_25_Tub2,H2_25
2026-04-19,Sun,Aiden,P1_H2_25_Tub2_Lacerate 131,5,11,alive,,W9-10,2.2,5,,H2,25,P1_H2,H2_25_Tub2,H2_25
2026-04-19,Sun,Aiden,P2_H2_25_Tub2_Lacerate 132,5,7,alive,,W9-10,1.4,5,,H2,25,P2_H2,H2_25_Tub2,H2_25
2026-04-19,Sun,Aiden,P1_H2_25_Tub2_Lacerate 133,5,11,alive,,W9-10,2.2,5,,H2,25,P1_H2,H2_25_Tub2,H2_25
2026-04-19,Sun,Aiden,P2_H2_25_Tub2_Lacerate 134,5,8,alive,,W9-10,1.6,5,,H2,25,P2_H2,H2_25_Tub2,H2_25
2026-04-19,Sun,Aiden,P1_H2_25_Tub2_Lacerate 135,4,12,alive,,W9-10,3,4,,H2,25,P1_H2,H2_25_Tub2,H2_25
2026-04-19,Sun,Aiden,PX_H2_25_Tub2_Lacerate 136,4,9,alive,,W9-10,2.25,4,,H2,25,PX_H2,H2_25_Tub2,H2_25
2026-04-19,Sun,Aiden,PX_H2_25_Tub2_Lacerate 137,3,11,alive,,W9-10,3.666666667,3,,H2,25,PX_H2,H2_25_Tub2,H2_25
2026-04-19,Sun,Aiden,PX_H2_25_Tub2_Lacerate 138,3,4,alive,,W9-10,1.333333333,3,,H2,25,PX_H2,H2_25_Tub2,H2_25
2026-04-19,Sun,Aiden,P2_H2_25_Tub2_Lacerate 139,2,0,alive,,W9-10,0,2,,H2,25,P2_H2,H2_25_Tub2,H2_25
2026-04-19,Sun,Aiden,P2_H2_25_Tub2_Lacerate 140,2,0,alive,,W9-10,0,2,,H2,25,P2_H2,H2_25_Tub2,H2_25
2026-04-19,Sun,Aiden,P1_H2_25_Tub2_Lacerate 141,2,5,alive,,W9-10,2.5,2,,H2,25,P1_H2,H2_25_Tub2,H2_25
2026-04-19,Sun,Aiden,P1_H2_25_Tub2_Lacerate 142,2,3,alive,,W9-10,1.5,2,,H2,25,P1_H2,H2_25_Tub2,H2_25
2026-04-19,Sun,Aiden,P2_H2_25_Tub2_Lacerate 143,0,0,alive,,W9-10,#N/A,0,,H2,25,P2_H2,H2_25_Tub2,H2_25
2026-04-19,Sun,Aiden,P2_H2_25_Tub2_Lacerate 144,0,0,alive,,W9-10,#N/A,0,,H2,25,P2_H2,H2_25_Tub2,H2_25
2026-04-19,Sun,Aiden,P1_H2_25_Tub2_Lacerate 145,0,2,alive,,W9-10,#N/A,0,,H2,25,P1_H2,H2_25_Tub2,H2_25
2026-04-19,Sun,Aiden,P2_H2_25_Tub2_Lacerate 146,0,5,alive,,W9-10,#N/A,0,,H2,25,P2_H2,H2_25_Tub2,H2_25
2026-04-19,Sun,Aiden,P2_H2_25_Tub2_Lacerate 147,0,0,alive,,W9-10,#N/A,0,,H2,25,P2_H2,H2_25_Tub2,H2_25
2026-04-19,Sun,Aiden,P2_H2_25_Tub2_Lacerate 148,0,6,alive,,W9-10,#N/A,0,,H2,25,P2_H2,H2_25_Tub2,H2_25
2026-04-19,Sun,Aiden,P2_H2_25_Tub2_Lacerate 149,0,0,alive,,W9-10,#N/A,0,,H2,25,P2_H2,H2_25_Tub2,H2_25
2026-04-19,Sun,Aiden,P2_H2_25_Tub2_Lacerate 150,0,0,alive,,W9-10,#N/A,0,,H2,25,P2_H2,H2_25_Tub2,H2_25
2026-04-19,Sun,Aiden,P2_H2_25_Tub2_Lacerate 151,0,0,alive,,W9-10,#N/A,0,,H2,25,P2_H2,H2_25_Tub2,H2_25
2026-04-19,Sun,Aiden,P2_H2_25_Tub2_Lacerate 152,0,0,alive,,W9-10,#N/A,0,,H2,25,P2_H2,H2_25_Tub2,H2_25
2026-04-19,Sun,Aiden,P2_H2_25_Tub2_Lacerate 153,0,0,alive,,W9-10,#N/A,0,,H2,25,P2_H2,H2_25_Tub2,H2_25
2026-04-19,Sun,Aiden,P2_H2_25_Tub2_Lacerate 154,0,0,alive,,W9-10,#N/A,0,,H2,25,P2_H2,H2_25_Tub2,H2_25
2026-04-19,Sun,Aiden,P2_H2_25_Tub2_Lacerate 155,0,0,alive,,W9-10,#N/A,0,,H2,25,P2_H2,H2_25_Tub2,H2_25
2026-04-19,Sun,Aiden,P3_H2_25_Tub3_Lacerate 111,12,6,alive,,W9-10,0.5,12,,H2,25,P3_H2,H2_25_Tub3,H2_25
2026-04-19,Sun,Aiden,P3_H2_25_Tub3_Lacerate 112,12,,missing,,W9-10,0,12,,H2,25,P3_H2,H2_25_Tub3,H2_25
2026-04-19,Sun,Aiden,PX_H2_25_Tub3_Lacerate 113,12,,missing,,W9-10,0,12,,H2,25,PX_H2,H2_25_Tub3,H2_25
2026-04-19,Sun,Aiden,P2_H2_25_Tub3_Lacerate 114,12,,missing,,W9-10,0,12,,H2,25,P2_H2,H2_25_Tub3,H2_25
2026-04-19,Sun,Aiden,P1_H2_25_Tub3_Lacerate 115,12,,missing,,W9-10,0,12,,H2,25,P1_H2,H2_25_Tub3,H2_25
2026-04-19,Sun,Aiden,P1_H2_25_Tub3_Lacerate 116,10,0,alive,,W9-10,0,10,,H2,25,P1_H2,H2_25_Tub3,H2_25
2026-04-19,Sun,Aiden,PX_H2_25_Tub3_Lacerate 117,10,10,alive,,W9-10,1,10,,H2,25,PX_H2,H2_25_Tub3,H2_25
2026-04-19,Sun,Aiden,PX_H2_25_Tub3_Lacerate 118,9,12,alive,,W9-10,1.333333333,9,,H2,25,PX_H2,H2_25_Tub3,H2_25
2026-04-19,Sun,Aiden,P3_H2_25_Tub3_Lacerate 119,9,,missing,,W9-10,0,9,,H2,25,P3_H2,H2_25_Tub3,H2_25
2026-04-19,Sun,Aiden,P3_H2_25_Tub3_Lacerate 120,9,8,alive,,W9-10,0.8888888889,9,,H2,25,P3_H2,H2_25_Tub3,H2_25
2026-04-19,Sun,Aiden,P3_H2_25_Tub3_Lacerate 121,9,,missing,,W9-10,0,9,,H2,25,P3_H2,H2_25_Tub3,H2_25
2026-04-19,Sun,Aiden,P3_H2_25_Tub3_Lacerate 122,9,,missing,,W9-10,0,9,,H2,25,P3_H2,H2_25_Tub3,H2_25
2026-04-19,Sun,Aiden,P3_H2_25_Tub3_Lacerate 123,9,,missing,,W9-10,0,9,,H2,25,P3_H2,H2_25_Tub3,H2_25
2026-04-19,Sun,Aiden,P3_H2_25_Tub3_Lacerate 124,9,,missing,,W9-10,0,9,,H2,25,P3_H2,H2_25_Tub3,H2_25
2026-04-19,Sun,Aiden,P2_H2_25_Tub3_Lacerate 125,8,9,alive,,W9-10,1.125,8,,H2,25,P2_H2,H2_25_Tub3,H2_25
2026-04-19,Sun,Aiden,P1_H2_25_Tub3_Lacerate 126,8,,missing,,W9-10,0,8,,H2,25,P1_H2,H2_25_Tub3,H2_25
2026-04-19,Sun,Aiden,P1_H2_25_Tub3_Lacerate 127,8,11,alive,,W9-10,1.375,8,,H2,25,P1_H2,H2_25_Tub3,H2_25
2026-04-19,Sun,Aiden,P1_H2_25_Tub3_Lacerate 128,8,10,alive,,W9-10,1.25,8,,H2,25,P1_H2,H2_25_Tub3,H2_25
2026-04-19,Sun,Aiden,P1_H2_25_Tub3_Lacerate 129,8,0,alive,,W9-10,0,8,,H2,25,P1_H2,H2_25_Tub3,H2_25
2026-04-19,Sun,Aiden,P1_H2_25_Tub3_Lacerate 130,7,10,alive,,W9-10,1.428571429,7,,H2,25,P1_H2,H2_25_Tub3,H2_25
2026-04-19,Sun,Aiden,P2_H2_25_Tub3_Lacerate 131,6,13,alive,,W9-10,2.166666667,6,,H2,25,P2_H2,H2_25_Tub3,H2_25
2026-04-19,Sun,Aiden,P2_H2_25_Tub3_Lacerate 132,6,11,alive,,W9-10,1.833333333,6,,H2,25,P2_H2,H2_25_Tub3,H2_25
2026-04-19,Sun,Aiden,P2_H2_25_Tub3_Lacerate 133,6,13,alive,,W9-10,2.166666667,6,,H2,25,P2_H2,H2_25_Tub3,H2_25
2026-04-19,Sun,Aiden,P1_H2_25_Tub3_Lacerate 134,6,11,alive,,W9-10,1.833333333,6,,H2,25,P1_H2,H2_25_Tub3,H2_25
2026-04-19,Sun,Aiden,P1_H2_25_Tub3_Lacerate 135,6,0,alive,,W9-10,0,6,,H2,25,P1_H2,H2_25_Tub3,H2_25
2026-04-19,Sun,Aiden,P1_H2_25_Tub3_Lacerate 136,6,9,alive,,W9-10,1.5,6,,H2,25,P1_H2,H2_25_Tub3,H2_25
2026-04-19,Sun,Aiden,P1_H2_25_Tub3_Lacerate 137,6,0,alive,,W9-10,0,6,,H2,25,P1_H2,H2_25_Tub3,H2_25
2026-04-19,Sun,Aiden,P1_H2_25_Tub3_Lacerate 138,6,12,alive,,W9-10,2,6,,H2,25,P1_H2,H2_25_Tub3,H2_25
2026-04-19,Sun,Aiden,P1_H2_25_Tub3_Lacerate 139,6,7,alive,,W9-10,1.166666667,6,,H2,25,P1_H2,H2_25_Tub3,H2_25
2026-04-19,Sun,Aiden,P1_H2_25_Tub3_Lacerate 140,6,9,alive,,W9-10,1.5,6,,H2,25,P1_H2,H2_25_Tub3,H2_25
2026-04-19,Sun,Aiden,P1_H2_25_Tub3_Lacerate 141,6,10,alive,,W9-10,1.666666667,6,,H2,25,P1_H2,H2_25_Tub3,H2_25
2026-04-19,Sun,Aiden,P2_H2_25_Tub3_Lacerate 142,6,0,alive,,W9-10,0,6,,H2,25,P2_H2,H2_25_Tub3,H2_25
2026-04-19,Sun,Aiden,P2_H2_25_Tub3_Lacerate 143,6,6,alive,,W9-10,1,6,,H2,25,P2_H2,H2_25_Tub3,H2_25
2026-04-19,Sun,Aiden,PX_H2_25_Tub3_Lacerate 144,6,13,alive,,W9-10,2.166666667,6,,H2,25,PX_H2,H2_25_Tub3,H2_25
2026-04-19,Sun,Aiden,PX_H2_25_Tub3_Lacerate 145,6,12,alive,,W9-10,2,6,,H2,25,PX_H2,H2_25_Tub3,H2_25
2026-04-19,Sun,Aiden,PX_H2_25_Tub3_Lacerate 146,6,13,alive,,W9-10,2.166666667,6,,H2,25,PX_H2,H2_25_Tub3,H2_25
2026-04-19,Sun,Aiden,PX_H2_25_Tub3_Lacerate 147,5,11,alive,,W9-10,2.2,5,,H2,25,PX_H2,H2_25_Tub3,H2_25
2026-04-19,Sun,Aiden,PX_H2_25_Tub3_Lacerate 148,5,11,alive,,W9-10,2.2,5,,H2,25,PX_H2,H2_25_Tub3,H2_25
2026-04-19,Sun,Aiden,PX_H2_25_Tub3_Lacerate 149,4,9,alive,,W9-10,2.25,4,,H2,25,PX_H2,H2_25_Tub3,H2_25
2026-04-19,Sun,Aiden,PX_H2_25_Tub3_Lacerate 150,3,8,alive,,W9-10,2.666666667,3,,H2,25,PX_H2,H2_25_Tub3,H2_25
2026-04-19,Sun,Aiden,P3_H2_25_Tub3_Lacerate 151,2,0,alive,,W9-10,0,2,,H2,25,P3_H2,H2_25_Tub3,H2_25
2026-04-19,Sun,Aiden,P3_H2_25_Tub3_Lacerate 152,2,0,alive,,W9-10,0,2,,H2,25,P3_H2,H2_25_Tub3,H2_25
2026-04-19,Sun,Aiden,PX_H2_25_Tub3_Lacerate 153,2,5,alive,,W9-10,2.5,2,,H2,25,PX_H2,H2_25_Tub3,H2_25
2026-04-19,Sun,Aiden,PX_H2_25_Tub3_Lacerate 154,2,6,alive,,W9-10,3,2,,H2,25,PX_H2,H2_25_Tub3,H2_25
2026-04-19,Sun,Aiden,PX_H2_25_Tub3_Lacerate 155,2,0,alive,,W9-10,0,2,,H2,25,PX_H2,H2_25_Tub3,H2_25
2026-04-19,Sun,Aiden,PX_H2_25_Tub3_Lacerate 156,2,0,alive,,W9-10,0,2,,H2,25,PX_H2,H2_25_Tub3,H2_25
2026-04-19,Sun,Aiden,P3_H2_25_Tub3_Lacerate 157,0,0,alive,,W9-10,#N/A,0,,H2,25,P3_H2,H2_25_Tub3,H2_25
2026-04-19,Sun,Aiden,P3_H2_25_Tub3_Lacerate 158,0,0,alive,,W9-10,#N/A,0,,H2,25,P3_H2,H2_25_Tub3,H2_25
2026-04-19,Sun,Aiden,P3_H2_25_Tub3_Lacerate 159,0,0,alive,,W9-10,#N/A,0,,H2,25,P3_H2,H2_25_Tub3,H2_25
2026-04-19,Sun,Aiden,P2_H2_25_Tub3_Lacerate 160,0,0,alive,,W9-10,#N/A,0,,H2,25,P2_H2,H2_25_Tub3,H2_25
2026-04-19,Sun,Aiden,P2_H2_25_Tub3_Lacerate 161,0,0,alive,,W9-10,#N/A,0,,H2,25,P2_H2,H2_25_Tub3,H2_25
2026-04-19,Sun,Aiden,P2_H2_25_Tub3_Lacerate 162,0,3,alive,,W9-10,#N/A,0,,H2,25,P2_H2,H2_25_Tub3,H2_25
2026-04-19,Sun,Aiden,P2_H2_25_Tub3_Lacerate 163,0,4,alive,,W9-10,#N/A,0,,H2,25,P2_H2,H2_25_Tub3,H2_25
2026-04-19,Sun,Aiden,P2_H2_25_Tub3_Lacerate 164,0,0,alive,,W9-10,#N/A,0,,H2,25,P2_H2,H2_25_Tub3,H2_25
2026-04-19,Sun,Aiden,P2_H2_25_Tub3_Lacerate 165,0,0,alive,,W9-10,#N/A,0,,H2,25,P2_H2,H2_25_Tub3,H2_25
2026-04-19,Sun,Aiden,P2_H2_25_Tub3_Lacerate 166,0,0,alive,,W9-10,#N/A,0,,H2,25,P2_H2,H2_25_Tub3,H2_25
2026-04-19,Sun,Aiden,P2_H2_25_Tub3_Lacerate 167,0,0,alive,,W9-10,#N/A,0,,H2,25,P2_H2,H2_25_Tub3,H2_25
2026-04-19,Sun,Aiden,P2_H2_25_Tub3_Lacerate 168,0,0,alive,,W9-10,#N/A,0,,H2,25,P2_H2,H2_25_Tub3,H2_25
2026-04-19,Sun,Aiden,P2_H2_25_Tub3_Lacerate 169,0,2,alive,,W9-10,#N/A,0,,H2,25,P2_H2,H2_25_Tub3,H2_25
2026-04-19,Sun,Aiden,P2_H2_25_Tub3_Lacerate 170,0,6,alive,,W9-10,#N/A,0,,H2,25,P2_H2,H2_25_Tub3,H2_25
2026-04-19,Sun,Aiden,P2_H2_25_Tub3_Lacerate 171,0,5,alive,,W9-10,#N/A,0,,H2,25,P2_H2,H2_25_Tub3,H2_25
2026-04-19,Sun,Aiden,P2_H2_25_Tub3_Lacerate 172,0,0,alive,,W9-10,#N/A,0,,H2,25,P2_H2,H2_25_Tub3,H2_25
2026-04-19,Sun,Aiden,P3_VWA_25_Tub1_Lacerate 138,12,8,alive,,W9-10,0.6666666667,12,,VWA,25,P3_VWA,VWA_25_Tub1,VWA_25
2026-04-19,Sun,Aiden,P3_VWA_25_Tub1_Lacerate 139,12,12,alive,,W9-10,1,12,,VWA,25,P3_VWA,VWA_25_Tub1,VWA_25
2026-04-19,Sun,Aiden,P1_VWA_25_Tub1_Lacerate 140,12,,missing,,W9-10,0,12,,VWA,25,P1_VWA,VWA_25_Tub1,VWA_25
2026-04-19,Sun,Aiden,PX_VWA_25_Tub1_Lacerate 141,12,9,alive,,W9-10,0.75,12,,VWA,25,PX_VWA,VWA_25_Tub1,VWA_25
2026-04-19,Sun,Aiden,P3_VWA_25_Tub1_Lacerate 142,12,9,alive,,W9-10,0.75,12,,VWA,25,P3_VWA,VWA_25_Tub1,VWA_25
2026-04-19,Sun,Aiden,PX_VWA_25_Tub1_Lacerate 143,12,14,alive,,W9-10,1.166666667,12,,VWA,25,PX_VWA,VWA_25_Tub1,VWA_25
2026-04-19,Sun,Aiden,P2_VWA_25_Tub1_Lacerate 144,12,12,alive,,W9-10,1,12,,VWA,25,P2_VWA,VWA_25_Tub1,VWA_25
2026-04-19,Sun,Aiden,P2_VWA_25_Tub1_Lacerate 145,12,8,alive,,W9-10,0.6666666667,12,,VWA,25,P2_VWA,VWA_25_Tub1,VWA_25
2026-04-19,Sun,Aiden,P2_VWA_25_Tub1_Lacerate 146,12,10,alive,,W9-10,0.8333333333,12,,VWA,25,P2_VWA,VWA_25_Tub1,VWA_25
2026-04-19,Sun,Aiden,P2_VWA_25_Tub1_Lacerate 147,10,12,alive,,W9-10,1.2,10,,VWA,25,P2_VWA,VWA_25_Tub1,VWA_25
2026-04-19,Sun,Aiden,P3_VWA_25_Tub1_Lacerate 148,9,12,alive,,W9-10,1.333333333,9,,VWA,25,P3_VWA,VWA_25_Tub1,VWA_25
2026-04-19,Sun,Aiden,P3_VWA_25_Tub1_Lacerate 149,9,9,alive,,W9-10,1,9,,VWA,25,P3_VWA,VWA_25_Tub1,VWA_25
2026-04-19,Sun,Aiden,PX_VWA_25_Tub1_Lacerate 150,6,13,alive,,W9-10,2.166666667,6,,VWA,25,PX_VWA,VWA_25_Tub1,VWA_25
2026-04-19,Sun,Aiden,PX_VWA_25_Tub1_Lacerate 151,6,8,alive,,W9-10,1.333333333,6,,VWA,25,PX_VWA,VWA_25_Tub1,VWA_25
2026-04-19,Sun,Aiden,P2_VWA_25_Tub1_Lacerate 152,6,8,alive,,W9-10,1.333333333,6,,VWA,25,P2_VWA,VWA_25_Tub1,VWA_25
2026-04-19,Sun,Aiden,PX_VWA_25_Tub1_Lacerate 153,6,10,alive,,W9-10,1.666666667,6,,VWA,25,PX_VWA,VWA_25_Tub1,VWA_25
2026-04-19,Sun,Aiden,P3_VWA_25_Tub1_Lacerate 154,6,9,alive,,W9-10,1.5,6,,VWA,25,P3_VWA,VWA_25_Tub1,VWA_25
2026-04-19,Sun,Aiden,P3_VWA_25_Tub1_Lacerate 155,5,10,alive,,W9-10,2,5,,VWA,25,P3_VWA,VWA_25_Tub1,VWA_25
2026-04-19,Sun,Aiden,P3_VWA_25_Tub1_Lacerate 156,4,,missing,,W9-10,0,4,,VWA,25,P3_VWA,VWA_25_Tub1,VWA_25
2026-04-19,Sun,Aiden,P3_VWA_25_Tub1_Lacerate 157,3,0,alive,,W9-10,0,3,,VWA,25,P3_VWA,VWA_25_Tub1,VWA_25
2026-04-19,Sun,Aiden,P3_VWA_25_Tub1_Lacerate 158,2,0,alive,,W9-10,0,2,,VWA,25,P3_VWA,VWA_25_Tub1,VWA_25
2026-04-19,Sun,Aiden,P2_VWA_25_Tub1_Lacerate 159,2,0,alive,,W9-10,0,2,,VWA,25,P2_VWA,VWA_25_Tub1,VWA_25
2026-04-19,Sun,Aiden,P2_VWA_25_Tub1_Lacerate 160,2,0,alive,,W9-10,0,2,,VWA,25,P2_VWA,VWA_25_Tub1,VWA_25
2026-04-19,Sun,Aiden,P2_VWA_25_Tub1_Lacerate 161,2,0,alive,,W9-10,0,2,,VWA,25,P2_VWA,VWA_25_Tub1,VWA_25
2026-04-19,Sun,Aiden,P2_VWA_25_Tub1_Lacerate 162,2,0,alive,,W9-10,0,2,,VWA,25,P2_VWA,VWA_25_Tub1,VWA_25
2026-04-19,Sun,Aiden,PX_VWA_25_Tub1_Lacerate 163,1,0,alive,,W9-10,0,1,,VWA,25,PX_VWA,VWA_25_Tub1,VWA_25
2026-04-19,Sun,Aiden,P3_VWA_25_Tub1_Lacerate 164,1,0,alive,,W9-10,0,1,,VWA,25,P3_VWA,VWA_25_Tub1,VWA_25
2026-04-19,Sun,Aiden,P3_VWA_25_Tub1_Lacerate 165,0,0,alive,,W9-10,#N/A,0,,VWA,25,P3_VWA,VWA_25_Tub1,VWA_25
2026-04-19,Sun,Aiden,P3_VWA_25_Tub1_Lacerate 140,0,0,alive,,W9-10,#N/A,0,,VWA,25,P3_VWA,VWA_25_Tub1,VWA_25
2026-04-19,Sun,Aiden,P1_VWA_25_Tub2_Lacerate 74,12,0,alive,,W9-10,0,12,,VWA,25,P1_VWA,VWA_25_Tub2,VWA_25
2026-04-19,Sun,Aiden,P1_VWA_25_Tub2_Lacerate 75,12,0,alive,,W9-10,0,12,,VWA,25,P1_VWA,VWA_25_Tub2,VWA_25
2026-04-19,Sun,Aiden,P1_VWA_25_Tub2_Lacerate 76,12,0,alive,,W9-10,0,12,,VWA,25,P1_VWA,VWA_25_Tub2,VWA_25
2026-04-19,Sun,Aiden,P1_VWA_25_Tub2_Lacerate 77,12,0,alive,,W9-10,0,12,,VWA,25,P1_VWA,VWA_25_Tub2,VWA_25
2026-04-19,Sun,Aiden,P1_VWA_25_Tub2_Lacerate 78,12,0,alive,,W9-10,0,12,,VWA,25,P1_VWA,VWA_25_Tub2,VWA_25
2026-04-19,Sun,Aiden,P1_VWA_25_Tub2_Lacerate 79,12,0,alive,,W9-10,0,12,,VWA,25,P1_VWA,VWA_25_Tub2,VWA_25
2026-04-19,Sun,Aiden,P1_VWA_25_Tub2_Lacerate 80,12,0,alive,,W9-10,0,12,,VWA,25,P1_VWA,VWA_25_Tub2,VWA_25
2026-04-19,Sun,Aiden,P1_VWA_25_Tub2_Lacerate 81,12,0,alive,,W9-10,0,12,,VWA,25,P1_VWA,VWA_25_Tub2,VWA_25
2026-04-19,Sun,Aiden,P1_VWA_25_Tub2_Lacerate 82,12,0,alive,,W9-10,0,12,,VWA,25,P1_VWA,VWA_25_Tub2,VWA_25
2026-04-19,Sun,Aiden,P1_VWA_25_Tub2_Lacerate 83,12,0,alive,,W9-10,0,12,,VWA,25,P1_VWA,VWA_25_Tub2,VWA_25
2026-04-19,Sun,Aiden,P1_VWA_25_Tub2_Lacerate 84,12,,missing,,W9-10,0,12,,VWA,25,P1_VWA,VWA_25_Tub2,VWA_25
2026-04-19,Sun,Aiden,P1_VWA_25_Tub2_Lacerate 85,10,0,alive,,W9-10,0,10,,VWA,25,P1_VWA,VWA_25_Tub2,VWA_25
2026-04-19,Sun,Aiden,PX_VWA_25_Tub2_Lacerate 86,9,0,alive,,W9-10,0,9,,VWA,25,PX_VWA,VWA_25_Tub2,VWA_25
2026-04-19,Sun,Aiden,PX_VWA_25_Tub2_Lacerate 87,9,0,alive,,W9-10,0,9,,VWA,25,PX_VWA,VWA_25_Tub2,VWA_25
2026-04-19,Sun,Aiden,PX_VWA_25_Tub2_Lacerate 88,9,0,alive,,W9-10,0,9,,VWA,25,PX_VWA,VWA_25_Tub2,VWA_25
2026-04-19,Sun,Aiden,PX_VWA_25_Tub2_Lacerate 89,9,12,alive,,W9-10,1.333333333,9,,VWA,25,PX_VWA,VWA_25_Tub2,VWA_25
2026-04-19,Sun,Aiden,P2_VWA_25_Tub2_Lacerate 90,8,9,alive,,W9-10,1.125,8,,VWA,25,P2_VWA,VWA_25_Tub2,VWA_25
2026-04-19,Sun,Aiden,P2_VWA_25_Tub2_Lacerate 91,8,7,alive,,W9-10,0.875,8,,VWA,25,P2_VWA,VWA_25_Tub2,VWA_25
2026-04-19,Sun,Aiden,P1_VWA_25_Tub2_Lacerate 92,6,13,alive,,W9-10,2.166666667,6,,VWA,25,P1_VWA,VWA_25_Tub2,VWA_25
2026-04-19,Sun,Aiden,P2_VWA_25_Tub2_Lacerate 93,6,,missing,,W9-10,0,6,,VWA,25,P2_VWA,VWA_25_Tub2,VWA_25
2026-04-19,Sun,Aiden,P2_VWA_25_Tub2_Lacerate 94,6,7,alive,,W9-10,1.166666667,6,,VWA,25,P2_VWA,VWA_25_Tub2,VWA_25
2026-04-19,Sun,Aiden,P2_VWA_25_Tub2_Lacerate 95,6,12,alive,,W9-10,2,6,,VWA,25,P2_VWA,VWA_25_Tub2,VWA_25
2026-04-19,Sun,Aiden,P2_VWA_25_Tub2_Lacerate 96,6,8,alive,,W9-10,1.333333333,6,,VWA,25,P2_VWA,VWA_25_Tub2,VWA_25
2026-04-19,Sun,Aiden,P2_VWA_25_Tub2_Lacerate 97,6,13,alive,,W9-10,2.166666667,6,,VWA,25,P2_VWA,VWA_25_Tub2,VWA_25
2026-04-19,Sun,Aiden,P3_VWA_25_Tub2_Lacerate 98,6,11,alive,,W9-10,1.833333333,6,,VWA,25,P3_VWA,VWA_25_Tub2,VWA_25
2026-04-19,Sun,Aiden,P2_VWA_25_Tub2_Lacerate 99,5,10,alive,,W9-10,2,5,,VWA,25,P2_VWA,VWA_25_Tub2,VWA_25
2026-04-19,Sun,Aiden,P2_VWA_25_Tub2_Lacerate 100,5,10,alive,,W9-10,2,5,,VWA,25,P2_VWA,VWA_25_Tub2,VWA_25
2026-04-19,Sun,Aiden,P1_VWA_25_Tub2_Lacerate 101,5,,missing,,W9-10,0,5,,VWA,25,P1_VWA,VWA_25_Tub2,VWA_25
2026-04-19,Sun,Aiden,P1_VWA_25_Tub2_Lacerate 102,5,,missing,,W9-10,0,5,,VWA,25,P1_VWA,VWA_25_Tub2,VWA_25
2026-04-19,Sun,Aiden,P1_VWA_25_Tub2_Lacerate 103,5,9,alive,,W9-10,1.8,5,,VWA,25,P1_VWA,VWA_25_Tub2,VWA_25
2026-04-19,Sun,Aiden,PX_VWA_25_Tub2_Lacerate 104,5,4,alive,,W9-10,0.8,5,,VWA,25,PX_VWA,VWA_25_Tub2,VWA_25
2026-04-19,Sun,Aiden,PX_VWA_25_Tub2_Lacerate 105,4,9,alive,,W9-10,2.25,4,,VWA,25,PX_VWA,VWA_25_Tub2,VWA_25
2026-04-19,Sun,Aiden,PX_VWA_25_Tub2_Lacerate 106,4,8,alive,,W9-10,2,4,,VWA,25,PX_VWA,VWA_25_Tub2,VWA_25
2026-04-19,Sun,Aiden,PX_VWA_25_Tub2_Lacerate 107,4,,missing,,W9-10,0,4,,VWA,25,PX_VWA,VWA_25_Tub2,VWA_25
2026-04-19,Sun,Aiden,PX_VWA_25_Tub2_Lacerate 108,4,10,alive,,W9-10,2.5,4,,VWA,25,PX_VWA,VWA_25_Tub2,VWA_25
2026-04-19,Sun,Aiden,PX_VWA_25_Tub2_Lacerate 109,4,10,alive,,W9-10,2.5,4,,VWA,25,PX_VWA,VWA_25_Tub2,VWA_25
2026-04-19,Sun,Aiden,PX_VWA_25_Tub2_Lacerate 110,3,,missing,,W9-10,0,3,,VWA,25,PX_VWA,VWA_25_Tub2,VWA_25
2026-04-19,Sun,Aiden,PX_VWA_25_Tub2_Lacerate 111,3,,missing,,W9-10,0,3,,VWA,25,PX_VWA,VWA_25_Tub2,VWA_25
2026-04-19,Sun,Aiden,P3_VWA_25_Tub2_Lacerate 112,2,0,alive,,W9-10,0,2,,VWA,25,P3_VWA,VWA_25_Tub2,VWA_25
2026-04-19,Sun,Aiden,P3_VWA_25_Tub2_Lacerate 113,2,0,alive,,W9-10,0,2,,VWA,25,P3_VWA,VWA_25_Tub2,VWA_25
2026-04-19,Sun,Aiden,P2_VWA_25_Tub2_Lacerate 114,1,0,alive,,W9-10,0,1,,VWA,25,P2_VWA,VWA_25_Tub2,VWA_25
2026-04-19,Sun,Aiden,P2_VWA_25_Tub2_Lacerate 115,1,0,alive,,W9-10,0,1,,VWA,25,P2_VWA,VWA_25_Tub2,VWA_25
2026-04-19,Sun,Aiden,P2_VWA_25_Tub2_Lacerate 116,0,0,alive,,W9-10,#N/A,0,,VWA,25,P2_VWA,VWA_25_Tub2,VWA_25
2026-04-19,Sun,Aiden,P2_VWA_25_Tub2_Lacerate 117,0,0,alive,,W9-10,#N/A,0,,VWA,25,P2_VWA,VWA_25_Tub2,VWA_25
2026-04-19,Sun,Aiden,P3_VWA_25_Tub2_Lacerate 118,0,0,alive,,W9-10,#N/A,0,,VWA,25,P3_VWA,VWA_25_Tub2,VWA_25
2026-04-19,Sun,Aiden,P3_VWA_25_Tub3_Lacerate 97,12,0,alive,,W9-10,0,12,,VWA,25,P3_VWA,VWA_25_Tub3,VWA_25
2026-04-19,Sun,Aiden,P3_VWA_25_Tub3_Lacerate 98,12,0,alive,,W9-10,0,12,,VWA,25,P3_VWA,VWA_25_Tub3,VWA_25
2026-04-19,Sun,Aiden,P3_VWA_25_Tub3_Lacerate 99,12,,missing,,W9-10,0,12,,VWA,25,P3_VWA,VWA_25_Tub3,VWA_25
2026-04-19,Sun,Aiden,P3_VWA_25_Tub3_Lacerate 100,12,13,alive,,W9-10,1.083333333,12,,VWA,25,P3_VWA,VWA_25_Tub3,VWA_25
2026-04-19,Sun,Aiden,P3_VWA_25_Tub3_Lacerate 101,12,,missing,,W9-10,0,12,,VWA,25,P3_VWA,VWA_25_Tub3,VWA_25
2026-04-19,Sun,Aiden,P3_VWA_25_Tub3_Lacerate 102,12,0,alive,,W9-10,0,12,,VWA,25,P3_VWA,VWA_25_Tub3,VWA_25
2026-04-19,Sun,Aiden,P3_VWA_25_Tub3_Lacerate 103,12,0,alive,,W9-10,0,12,,VWA,25,P3_VWA,VWA_25_Tub3,VWA_25
2026-04-19,Sun,Aiden,P3_VWA_25_Tub3_Lacerate 104,12,0,alive,,W9-10,0,12,,VWA,25,P3_VWA,VWA_25_Tub3,VWA_25
2026-04-19,Sun,Aiden,PX_VWA_25_Tub3_Lacerate 105,12,12,alive,,W9-10,1,12,,VWA,25,PX_VWA,VWA_25_Tub3,VWA_25
2026-04-19,Sun,Aiden,P3_VWA_25_Tub3_Lacerate 106,12,0,alive,,W9-10,0,12,,VWA,25,P3_VWA,VWA_25_Tub3,VWA_25
2026-04-19,Sun,Aiden,P3_VWA_25_Tub3_Lacerate 107,12,0,alive,,W9-10,0,12,,VWA,25,P3_VWA,VWA_25_Tub3,VWA_25
2026-04-19,Sun,Aiden,P3_VWA_25_Tub3_Lacerate 108,12,0,alive,,W9-10,0,12,,VWA,25,P3_VWA,VWA_25_Tub3,VWA_25
2026-04-19,Sun,Aiden,P3_VWA_25_Tub3_Lacerate 109,12,0,alive,,W9-10,0,12,,VWA,25,P3_VWA,VWA_25_Tub3,VWA_25
2026-04-19,Sun,Aiden,PX_VWA_25_Tub3_Lacerate 110,12,12,alive,,W9-10,1,12,,VWA,25,PX_VWA,VWA_25_Tub3,VWA_25
2026-04-19,Sun,Aiden,P2_VWA_25_Tub3_Lacerate 111,12,0,alive,,W9-10,0,12,,VWA,25,P2_VWA,VWA_25_Tub3,VWA_25
2026-04-19,Sun,Aiden,P2_VWA_25_Tub3_Lacerate 112,10,0,alive,,W9-10,0,10,,VWA,25,P2_VWA,VWA_25_Tub3,VWA_25
2026-04-19,Sun,Aiden,P1_VWA_25_Tub3_Lacerate 113,8,10,alive,,W9-10,1.25,8,,VWA,25,P1_VWA,VWA_25_Tub3,VWA_25
2026-04-19,Sun,Aiden,P1_VWA_25_Tub3_Lacerate 114,8,5,alive,,W9-10,0.625,8,,VWA,25,P1_VWA,VWA_25_Tub3,VWA_25
2026-04-19,Sun,Aiden,P1_VWA_25_Tub3_Lacerate 115,8,8,alive,,W9-10,1,8,,VWA,25,P1_VWA,VWA_25_Tub3,VWA_25
2026-04-19,Sun,Aiden,P3_VWA_25_Tub3_Lacerate 116,8,0,alive,,W9-10,0,8,,VWA,25,P3_VWA,VWA_25_Tub3,VWA_25
2026-04-19,Sun,Aiden,P3_VWA_25_Tub3_Lacerate 117,8,0,alive,,W9-10,0,8,,VWA,25,P3_VWA,VWA_25_Tub3,VWA_25
2026-04-19,Sun,Aiden,P3_VWA_25_Tub3_Lacerate 118,6,,missing,,W9-10,0,6,,VWA,25,P3_VWA,VWA_25_Tub3,VWA_25
2026-04-19,Sun,Aiden,P3_VWA_25_Tub3_Lacerate 119,6,,missing,,W9-10,0,6,,VWA,25,P3_VWA,VWA_25_Tub3,VWA_25
2026-04-19,Sun,Aiden,P2_VWA_25_Tub3_Lacerate 120,6,13,alive,,W9-10,2.166666667,6,,VWA,25,P2_VWA,VWA_25_Tub3,VWA_25
2026-04-19,Sun,Aiden,PX_VWA_25_Tub3_Lacerate 121,6,9,alive,,W9-10,1.5,6,,VWA,25,PX_VWA,VWA_25_Tub3,VWA_25
2026-04-19,Sun,Aiden,PX_VWA_25_Tub3_Lacerate 122,6,13,alive,,W9-10,2.166666667,6,,VWA,25,PX_VWA,VWA_25_Tub3,VWA_25
2026-04-19,Sun,Aiden,PX_VWA_25_Tub3_Lacerate 123,6,10,alive,,W9-10,1.666666667,6,,VWA,25,PX_VWA,VWA_25_Tub3,VWA_25
2026-04-19,Sun,Aiden,P1_VWA_25_Tub3_Lacerate 124,6,8,alive,,W9-10,1.333333333,6,,VWA,25,P1_VWA,VWA_25_Tub3,VWA_25
2026-04-19,Sun,Aiden,P1_VWA_25_Tub3_Lacerate 125,5,14,alive,,W9-10,2.8,5,,VWA,25,P1_VWA,VWA_25_Tub3,VWA_25
2026-04-19,Sun,Aiden,P1_VWA_25_Tub3_Lacerate 126,5,6,alive,,W9-10,1.2,5,,VWA,25,P1_VWA,VWA_25_Tub3,VWA_25
2026-04-19,Sun,Aiden,P1_VWA_25_Tub3_Lacerate 127,5,9,alive,,W9-10,1.8,5,,VWA,25,P1_VWA,VWA_25_Tub3,VWA_25
2026-04-19,Sun,Aiden,P1_VWA_25_Tub3_Lacerate 128,5,7,alive,,W9-10,1.4,5,,VWA,25,P1_VWA,VWA_25_Tub3,VWA_25
2026-04-19,Sun,Aiden,P1_VWA_25_Tub3_Lacerate 129,3,10,alive,,W9-10,3.333333333,3,,VWA,25,P1_VWA,VWA_25_Tub3,VWA_25
2026-04-19,Sun,Aiden,P1_VWA_25_Tub3_Lacerate 130,2,8,alive,,W9-10,4,2,,VWA,25,P1_VWA,VWA_25_Tub3,VWA_25
2026-04-19,Sun,Aiden,P1_VWA_25_Tub3_Lacerate 131,1,0,alive,,W9-10,0,1,,VWA,25,P1_VWA,VWA_25_Tub3,VWA_25
2026-04-19,Sun,Aiden,P1_VWA_25_Tub3_Lacerate 132,1,0,alive,,W9-10,0,1,,VWA,25,P1_VWA,VWA_25_Tub3,VWA_25
2026-04-19,Sun,Aiden,P1_VWA_25_Tub3_Lacerate 133,1,0,alive,,W9-10,0,1,,VWA,25,P1_VWA,VWA_25_Tub3,VWA_25
2026-04-19,Sun,Aiden,P1_VWA_25_Tub3_Lacerate 134,0,0,alive,,W9-10,#N/A,0,,VWA,25,P1_VWA,VWA_25_Tub3,VWA_25
2026-04-19,Sun,Aiden,P1_VWA_25_Tub3_Lacerate 135,0,0,alive,,W9-10,#N/A,0,,VWA,25,P1_VWA,VWA_25_Tub3,VWA_25
2026-04-19,Sun,Aiden,P3_H2_32_Tub1_Lacerate 102,12,0,alive,,W9-10,0,12,,H2,32,P3_H2,H2_32_Tub1,H2_32
2026-04-19,Sun,Aiden,P2_H2_32_Tub1_Lacerate 103,12,13,alive,,W9-10,1.083333333,12,,H2,32,P2_H2,H2_32_Tub1,H2_32
2026-04-19,Sun,Aiden,P2_H2_32_Tub1_Lacerate 104,9,,missing,,W9-10,0,9,,H2,32,P2_H2,H2_32_Tub1,H2_32
2026-04-19,Sun,Aiden,P3_H2_32_Tub1_Lacerate 105,8,,missing,,W9-10,0,8,,H2,32,P3_H2,H2_32_Tub1,H2_32
2026-04-19,Sun,Aiden,P3_H2_32_Tub1_Lacerate 106,6,0,alive,,W9-10,0,6,,H2,32,P3_H2,H2_32_Tub1,H2_32
2026-04-19,Sun,Aiden,P3_H2_32_Tub1_Lacerate 107,6,0,missing,,W9-10,0,6,,H2,32,P3_H2,H2_32_Tub1,H2_32
2026-04-19,Sun,Aiden,P3_H2_32_Tub1_Lacerate 108,6,0,missing,,W9-10,0,6,,H2,32,P3_H2,H2_32_Tub1,H2_32
2026-04-19,Sun,Aiden,P2_H2_32_Tub1_Lacerate 109,6,0,alive,,W9-10,0,6,,H2,32,P2_H2,H2_32_Tub1,H2_32
2026-04-19,Sun,Aiden,PX_H2_32_Tub1_Lacerate 110,6,,missing,,W9-10,0,6,,H2,32,PX_H2,H2_32_Tub1,H2_32
2026-04-19,Sun,Aiden,PX_H2_32_Tub1_Lacerate 111,6,11,alive,,W9-10,1.833333333,6,,H2,32,PX_H2,H2_32_Tub1,H2_32
2026-04-19,Sun,Aiden,PX_H2_32_Tub1_Lacerate 112,5,10,alive,,W9-10,2,5,,H2,32,PX_H2,H2_32_Tub1,H2_32
2026-04-19,Sun,Aiden,PX_H2_32_Tub1_Lacerate 113,5,,missing,,W9-10,0,5,,H2,32,PX_H2,H2_32_Tub1,H2_32
2026-04-19,Sun,Aiden,P3_H2_32_Tub1_Lacerate 114,4,0,alive,,W9-10,0,4,,H2,32,P3_H2,H2_32_Tub1,H2_32
2026-04-19,Sun,Aiden,P3_H2_32_Tub1_Lacerate 115,4,0,missing,,W9-10,0,4,,H2,32,P3_H2,H2_32_Tub1,H2_32
2026-04-19,Sun,Aiden,P1_H2_32_Tub1_Lacerate 116,4,,missing,,W9-10,0,4,,H2,32,P1_H2,H2_32_Tub1,H2_32
2026-04-19,Sun,Aiden,P1_H2_32_Tub1_Lacerate 117,4,8,alive,,W9-10,2,4,,H2,32,P1_H2,H2_32_Tub1,H2_32
2026-04-19,Sun,Aiden,P1_H2_32_Tub1_Lacerate 118,4,0,alive,,W9-10,0,4,,H2,32,P1_H2,H2_32_Tub1,H2_32
2026-04-19,Sun,Aiden,P1_H2_32_Tub1_Lacerate 119,4,0,missing,,W9-10,0,4,,H2,32,P1_H2,H2_32_Tub1,H2_32
2026-04-19,Sun,Aiden,P1_H2_32_Tub1_Lacerate 120,3,4,alive,,W9-10,1.333333333,3,,H2,32,P1_H2,H2_32_Tub1,H2_32
2026-04-19,Sun,Aiden,P1_H2_32_Tub1_Lacerate 121,3,,missing,,W9-10,0,3,,H2,32,P1_H2,H2_32_Tub1,H2_32
2026-04-19,Sun,Aiden,P1_H2_32_Tub1_Lacerate 122,3,0,alive,,W9-10,0,3,,H2,32,P1_H2,H2_32_Tub1,H2_32
2026-04-19,Sun,Aiden,P1_H2_32_Tub1_Lacerate 123,3,0,alive,,W9-10,0,3,,H2,32,P1_H2,H2_32_Tub1,H2_32
2026-04-19,Sun,Aiden,P1_H2_32_Tub1_Lacerate 124,1,0,alive,,W9-10,0,1,,H2,32,P1_H2,H2_32_Tub1,H2_32
2026-04-19,Sun,Aiden,P3_H2_32_Tub1_Lacerate 125,0,4,alive,,W9-10,#N/A,0,,H2,32,P3_H2,H2_32_Tub1,H2_32
2026-04-19,Sun,Aiden,P3_H2_32_Tub1_Lacerate 126,0,5,alive,,W9-10,#N/A,0,,H2,32,P3_H2,H2_32_Tub1,H2_32
2026-04-19,Sun,Aiden,P1_H2_32_Tub2_Lacerate 125,12,,alive,,W9-10,0,12,,H2,32,P1_H2,H2_32_Tub2,H2_32
2026-04-19,Sun,Aiden,P1_H2_32_Tub2_Lacerate 126,12,0,alive,,W9-10,0,12,,H2,32,P1_H2,H2_32_Tub2,H2_32
2026-04-19,Sun,Aiden,P1_H2_32_Tub2_Lacerate 127,12,,missing,,W9-10,0,12,,H2,32,P1_H2,H2_32_Tub2,H2_32
2026-04-19,Sun,Aiden,P1_H2_32_Tub2_Lacerate 128,12,0,alive,,W9-10,0,12,,H2,32,P1_H2,H2_32_Tub2,H2_32
2026-04-19,Sun,Aiden,P1_H2_32_Tub2_Lacerate 129,12,9,alive,,W9-10,0.75,12,,H2,32,P1_H2,H2_32_Tub2,H2_32
2026-04-19,Sun,Aiden,P1_H2_32_Tub2_Lacerate 130,12,,missing,,W9-10,0,12,,H2,32,P1_H2,H2_32_Tub2,H2_32
2026-04-19,Sun,Aiden,P1_H2_32_Tub2_Lacerate 131,12,,missing,,W9-10,0,12,,H2,32,P1_H2,H2_32_Tub2,H2_32
2026-04-19,Sun,Aiden,P3_H2_32_Tub2_Lacerate 132,12,,missing,,W9-10,0,12,,H2,32,P3_H2,H2_32_Tub2,H2_32
2026-04-19,Sun,Aiden,P2_H2_32_Tub2_Lacerate 133,12,10,alive,,W9-10,0.8333333333,12,,H2,32,P2_H2,H2_32_Tub2,H2_32
2026-04-19,Sun,Aiden,P1_H2_32_Tub2_Lacerate 134,9,7,alive,,W9-10,0.7777777778,9,,H2,32,P1_H2,H2_32_Tub2,H2_32
2026-04-19,Sun,Aiden,P1_H2_32_Tub2_Lacerate 135,9,9,alive,,W9-10,1,9,,H2,32,P1_H2,H2_32_Tub2,H2_32
2026-04-19,Sun,Aiden,P2_H2_32_Tub2_Lacerate 136,8,8,alive,,W9-10,1,8,,H2,32,P2_H2,H2_32_Tub2,H2_32
2026-04-19,Sun,Aiden,PX_H2_32_Tub2_Lacerate 137,8,11,alive,,W9-10,1.375,8,,H2,32,PX_H2,H2_32_Tub2,H2_32
2026-04-19,Sun,Aiden,PX_H2_32_Tub2_Lacerate 138,8,11,alive,,W9-10,1.375,8,,H2,32,PX_H2,H2_32_Tub2,H2_32
2026-04-19,Sun,Aiden,PX_H2_32_Tub2_Lacerate 139,8,12,alive,,W9-10,1.5,8,,H2,32,PX_H2,H2_32_Tub2,H2_32
2026-04-19,Sun,Aiden,P1_H2_32_Tub2_Lacerate 140,8,4,alive,,W9-10,0.5,8,,H2,32,P1_H2,H2_32_Tub2,H2_32
2026-04-19,Sun,Aiden,PX_H2_32_Tub2_Lacerate 141,6,14,alive,,W9-10,2.333333333,6,,H2,32,PX_H2,H2_32_Tub2,H2_32
2026-04-19,Sun,Aiden,PX_H2_32_Tub2_Lacerate 142,6,,missing,,W9-10,0,6,,H2,32,PX_H2,H2_32_Tub2,H2_32
2026-04-19,Sun,Aiden,P2_H2_32_Tub2_Lacerate 143,6,6,alive,,W9-10,1,6,,H2,32,P2_H2,H2_32_Tub2,H2_32
2026-04-19,Sun,Aiden,P2_H2_32_Tub2_Lacerate 144,6,14,alive,,W9-10,2.333333333,6,,H2,32,P2_H2,H2_32_Tub2,H2_32
2026-04-19,Sun,Aiden,PX_H2_32_Tub2_Lacerate 145,6,12,alive,,W9-10,2,6,,H2,32,PX_H2,H2_32_Tub2,H2_32
2026-04-19,Sun,Aiden,PX_H2_32_Tub2_Lacerate 146,6,10,alive,,W9-10,1.666666667,6,,H2,32,PX_H2,H2_32_Tub2,H2_32
2026-04-19,Sun,Aiden,PX_H2_32_Tub2_Lacerate 147,6,,missing,,W9-10,0,6,,H2,32,PX_H2,H2_32_Tub2,H2_32
2026-04-19,Sun,Aiden,PX_H2_32_Tub2_Lacerate 148,6,12,alive,,W9-10,2,6,,H2,32,PX_H2,H2_32_Tub2,H2_32
2026-04-19,Sun,Aiden,PX_H2_32_Tub2_Lacerate 149,6,7,alive,,W9-10,1.166666667,6,,H2,32,PX_H2,H2_32_Tub2,H2_32
2026-04-19,Sun,Aiden,PX_H2_32_Tub2_Lacerate 150,6,12,alive,,W9-10,2,6,,H2,32,PX_H2,H2_32_Tub2,H2_32
2026-04-19,Sun,Aiden,PX_H2_32_Tub2_Lacerate 151,6,10,alive,,W9-10,1.666666667,6,,H2,32,PX_H2,H2_32_Tub2,H2_32
2026-04-19,Sun,Aiden,PX_H2_32_Tub2_Lacerate 152,6,10,alive,,W9-10,1.666666667,6,,H2,32,PX_H2,H2_32_Tub2,H2_32
2026-04-19,Sun,Aiden,P3_H2_32_Tub2_Lacerate 153,5,8,alive,,W9-10,1.6,5,,H2,32,P3_H2,H2_32_Tub2,H2_32
2026-04-19,Sun,Aiden,P2_H2_32_Tub2_Lacerate 154,5,5,alive,,W9-10,1,5,,H2,32,P2_H2,H2_32_Tub2,H2_32
2026-04-19,Sun,Aiden,P2_H2_32_Tub2_Lacerate 155,5,6,alive,,W9-10,1.2,5,,H2,32,P2_H2,H2_32_Tub2,H2_32
2026-04-19,Sun,Aiden,PX_H2_32_Tub2_Lacerate 156,5,12,alive,,W9-10,2.4,5,,H2,32,PX_H2,H2_32_Tub2,H2_32
2026-04-19,Sun,Aiden,P1_H2_32_Tub2_Lacerate 157,4,0,alive,,W9-10,0,4,,H2,32,P1_H2,H2_32_Tub2,H2_32
2026-04-19,Sun,Aiden,P1_H2_32_Tub2_Lacerate 158,4,0,alive,,W9-10,0,4,,H2,32,P1_H2,H2_32_Tub2,H2_32
2026-04-19,Sun,Aiden,P1_H2_32_Tub2_Lacerate 159,4,0,alive,,W9-10,0,4,,H2,32,P1_H2,H2_32_Tub2,H2_32
2026-04-19,Sun,Aiden,P1_H2_32_Tub2_Lacerate 160,4,0,alive,,W9-10,0,4,,H2,32,P1_H2,H2_32_Tub2,H2_32
2026-04-19,Sun,Aiden,P3_H2_32_Tub2_Lacerate 161,4,0,alive,,W9-10,0,4,,H2,32,P3_H2,H2_32_Tub2,H2_32
2026-04-19,Sun,Aiden,P3_H2_32_Tub2_Lacerate 162,4,0,alive,,W9-10,0,4,,H2,32,P3_H2,H2_32_Tub2,H2_32
2026-04-19,Sun,Aiden,P3_H2_32_Tub2_Lacerate 163,4,0,alive,,W9-10,0,4,,H2,32,P3_H2,H2_32_Tub2,H2_32
2026-04-19,Sun,Aiden,P3_H2_32_Tub2_Lacerate 164,4,0,alive,,W9-10,0,4,,H2,32,P3_H2,H2_32_Tub2,H2_32
2026-04-19,Sun,Aiden,P3_H2_32_Tub2_Lacerate 165,4,0,alive,,W9-10,0,4,,H2,32,P3_H2,H2_32_Tub2,H2_32
2026-04-19,Sun,Aiden,P3_H2_32_Tub2_Lacerate 166,4,0,alive,,W9-10,0,4,,H2,32,P3_H2,H2_32_Tub2,H2_32
2026-04-19,Sun,Aiden,P2_H2_32_Tub2_Lacerate 167,4,9,alive,,W9-10,2.25,4,,H2,32,P2_H2,H2_32_Tub2,H2_32
2026-04-19,Sun,Aiden,PX_H2_32_Tub2_Lacerate 168,4,11,alive,,W9-10,2.75,4,,H2,32,PX_H2,H2_32_Tub2,H2_32
2026-04-19,Sun,Aiden,PX_H2_32_Tub2_Lacerate 169,4,6,alive,,W9-10,1.5,4,,H2,32,PX_H2,H2_32_Tub2,H2_32
2026-04-19,Sun,Aiden,PX_H2_32_Tub2_Lacerate 170,4,7,alive,,W9-10,1.75,4,,H2,32,PX_H2,H2_32_Tub2,H2_32
2026-04-19,Sun,Aiden,PX_H2_32_Tub2_Lacerate 171,3,12,alive,,W9-10,4,3,,H2,32,PX_H2,H2_32_Tub2,H2_32
2026-04-19,Sun,Aiden,PX_H2_32_Tub2_Lacerate 172,3,13,alive,,W9-10,4.333333333,3,,H2,32,PX_H2,H2_32_Tub2,H2_32
2026-04-19,Sun,Aiden,PX_H2_32_Tub2_Lacerate 173,3,0,alive,,W9-10,0,3,,H2,32,PX_H2,H2_32_Tub2,H2_32
2026-04-19,Sun,Aiden,PX_H2_32_Tub2_Lacerate 174,3,0,alive,,W9-10,0,3,,H2,32,PX_H2,H2_32_Tub2,H2_32
2026-04-19,Sun,Aiden,PX_H2_32_Tub2_Lacerate 175,3,5,alive,,W9-10,1.666666667,3,,H2,32,PX_H2,H2_32_Tub2,H2_32
2026-04-19,Sun,Aiden,PX_H2_32_Tub2_Lacerate 176,1,0,alive,,W9-10,0,1,,H2,32,PX_H2,H2_32_Tub2,H2_32
2026-04-19,Sun,Aiden,PX_H2_32_Tub2_Lacerate 177,1,0,alive,,W9-10,0,1,,H2,32,PX_H2,H2_32_Tub2,H2_32
2026-04-19,Sun,Aiden,PX_H2_32_Tub2_Lacerate 178,1,0,alive,,W9-10,0,1,,H2,32,PX_H2,H2_32_Tub2,H2_32
2026-04-19,Sun,Aiden,PX_H2_32_Tub2_Lacerate 179,1,0,alive,,W9-10,0,1,,H2,32,PX_H2,H2_32_Tub2,H2_32
2026-04-19,Sun,Aiden,PX_H2_32_Tub2_Lacerate 180,1,0,alive,,W9-10,0,1,,H2,32,PX_H2,H2_32_Tub2,H2_32
2026-04-19,Sun,Aiden,PX_H2_32_Tub2_Lacerate 181,0,0,alive,,W9-10,#N/A,0,,H2,32,PX_H2,H2_32_Tub2,H2_32
2026-04-19,Sun,Aiden,PX_H2_32_Tub2_Lacerate 182,0,6,alive,,W9-10,#N/A,0,,H2,32,PX_H2,H2_32_Tub2,H2_32
2026-04-19,Sun,Aiden,PX_H2_32_Tub2_Lacerate 183,0,3,alive,,W9-10,#N/A,0,,H2,32,PX_H2,H2_32_Tub2,H2_32
2026-04-19,Sun,Aiden,PX_H2_32_Tub2_Lacerate 184,0,5,alive,,W9-10,#N/A,0,,H2,32,PX_H2,H2_32_Tub2,H2_32
2026-04-19,Sun,Aiden,PX_H2_32_Tub2_Lacerate 185,0,6,alive,,W9-10,#N/A,0,,H2,32,PX_H2,H2_32_Tub2,H2_32
2026-04-19,Sun,Aiden,PX_H2_32_Tub2_Lacerate 186,0,0,alive,,W9-10,#N/A,0,,H2,32,PX_H2,H2_32_Tub2,H2_32
2026-04-19,Sun,Aiden,PX_H2_32_Tub2_Lacerate 187,0,2,alive,,W9-10,#N/A,0,,H2,32,PX_H2,H2_32_Tub2,H2_32
2026-04-19,Sun,Aiden,P1_H2_32_Tub3_Lacerate 115,12,10,alive,,W9-10,0.8333333333,12,,H2,32,P1_H2,H2_32_Tub3,H2_32
2026-04-19,Sun,Aiden,P2_H2_32_Tub3_Lacerate 116,12,,missing,,W9-10,0,12,,H2,32,P2_H2,H2_32_Tub3,H2_32
2026-04-19,Sun,Aiden,P2_H2_32_Tub3_Lacerate 117,12,10,alive,,W9-10,0.8333333333,12,,H2,32,P2_H2,H2_32_Tub3,H2_32
2026-04-19,Sun,Aiden,P2_H2_32_Tub3_Lacerate 118,12,,missing,,W9-10,0,12,,H2,32,P2_H2,H2_32_Tub3,H2_32
2026-04-19,Sun,Aiden,P2_H2_32_Tub3_Lacerate 119,12,8,alive,,W9-10,0.6666666667,12,,H2,32,P2_H2,H2_32_Tub3,H2_32
2026-04-19,Sun,Aiden,P3_H2_32_Tub3_Lacerate 120,12,7,alive,,W9-10,0.5833333333,12,,H2,32,P3_H2,H2_32_Tub3,H2_32
2026-04-19,Sun,Aiden,P3_H2_32_Tub3_Lacerate 121,12,0,alive,,W9-10,0,12,,H2,32,P3_H2,H2_32_Tub3,H2_32
2026-04-19,Sun,Aiden,P3_H2_32_Tub3_Lacerate 122,12,9,alive,,W9-10,0.75,12,,H2,32,P3_H2,H2_32_Tub3,H2_32
2026-04-19,Sun,Aiden,P3_H2_32_Tub3_Lacerate 123,12,8,alive,,W9-10,0.6666666667,12,,H2,32,P3_H2,H2_32_Tub3,H2_32
2026-04-19,Sun,Aiden,P3_H2_32_Tub3_Lacerate 124,12,9,alive,,W9-10,0.75,12,,H2,32,P3_H2,H2_32_Tub3,H2_32
2026-04-19,Sun,Aiden,P2_H2_32_Tub3_Lacerate 125,10,,missing,,W9-10,0,10,,H2,32,P2_H2,H2_32_Tub3,H2_32
2026-04-19,Sun,Aiden,P3_H2_32_Tub3_Lacerate 126,10,0,alive,,W9-10,0,10,,H2,32,P3_H2,H2_32_Tub3,H2_32
2026-04-19,Sun,Aiden,P1_H2_32_Tub3_Lacerate 127,10,10,alive,,W9-10,1,10,,H2,32,P1_H2,H2_32_Tub3,H2_32
2026-04-19,Sun,Aiden,PX_H2_32_Tub3_Lacerate 128,8,10,alive,,W9-10,1.25,8,,H2,32,PX_H2,H2_32_Tub3,H2_32
2026-04-19,Sun,Aiden,PX_H2_32_Tub3_Lacerate 129,8,20,alive,,W9-10,2.5,8,,H2,32,PX_H2,H2_32_Tub3,H2_32
2026-04-19,Sun,Aiden,PX_H2_32_Tub3_Lacerate 130,8,0,alive,,W9-10,0,8,,H2,32,PX_H2,H2_32_Tub3,H2_32
2026-04-19,Sun,Aiden,PX_H2_32_Tub3_Lacerate 131,6,0,alive,,W9-10,0,6,,H2,32,PX_H2,H2_32_Tub3,H2_32
2026-04-19,Sun,Aiden,PX_H2_32_Tub3_Lacerate 132,6,6,alive,,W9-10,1,6,,H2,32,PX_H2,H2_32_Tub3,H2_32
2026-04-19,Sun,Aiden,PX_H2_32_Tub3_Lacerate 133,6,8,alive,,W9-10,1.333333333,6,,H2,32,PX_H2,H2_32_Tub3,H2_32
2026-04-19,Sun,Aiden,PX_H2_32_Tub3_Lacerate 134,6,12,alive,,W9-10,2,6,,H2,32,PX_H2,H2_32_Tub3,H2_32
2026-04-19,Sun,Aiden,PX_H2_32_Tub3_Lacerate 135,6,8,alive,,W9-10,1.333333333,6,,H2,32,PX_H2,H2_32_Tub3,H2_32
2026-04-19,Sun,Aiden,P1_H2_32_Tub3_Lacerate 136,5,0,alive,,W9-10,0,5,,H2,32,P1_H2,H2_32_Tub3,H2_32
2026-04-19,Sun,Aiden,P1_H2_32_Tub3_Lacerate 137,5,8,alive,,W9-10,1.6,5,,H2,32,P1_H2,H2_32_Tub3,H2_32
2026-04-19,Sun,Aiden,PX_H2_32_Tub3_Lacerate 138,4,10,alive,,W9-10,2.5,4,,H2,32,PX_H2,H2_32_Tub3,H2_32
2026-04-19,Sun,Aiden,PX_H2_32_Tub3_Lacerate 139,4,3,alive,,W9-10,0.75,4,,H2,32,PX_H2,H2_32_Tub3,H2_32
2026-04-19,Sun,Aiden,PX_H2_32_Tub3_Lacerate 140,4,3,alive,,W9-10,0.75,4,,H2,32,PX_H2,H2_32_Tub3,H2_32
2026-04-19,Sun,Aiden,P1_H2_32_Tub3_Lacerate 141,4,9,alive,,W9-10,2.25,4,,H2,32,P1_H2,H2_32_Tub3,H2_32
2026-04-19,Sun,Aiden,P1_H2_32_Tub3_Lacerate 142,4,0,alive,,W9-10,0,4,,H2,32,P1_H2,H2_32_Tub3,H2_32
2026-04-19,Sun,Aiden,P1_H2_32_Tub3_Lacerate 143,4,0,alive,,W9-10,0,4,,H2,32,P1_H2,H2_32_Tub3,H2_32
2026-04-19,Sun,Aiden,P1_H2_32_Tub3_Lacerate 144,4,,missing,,W9-10,0,4,,H2,32,P1_H2,H2_32_Tub3,H2_32
2026-04-19,Sun,Aiden,P1_H2_32_Tub3_Lacerate 145,4,5,alive,,W9-10,1.25,4,,H2,32,P1_H2,H2_32_Tub3,H2_32
2026-04-19,Sun,Aiden,P1_H2_32_Tub3_Lacerate 146,4,0,alive,,W9-10,0,4,,H2,32,P1_H2,H2_32_Tub3,H2_32
2026-04-19,Sun,Aiden,P1_H2_32_Tub3_Lacerate 147,4,13,alive,,W9-10,3.25,4,,H2,32,P1_H2,H2_32_Tub3,H2_32
2026-04-19,Sun,Aiden,P1_H2_32_Tub3_Lacerate 148,4,8,alive,,W9-10,2,4,,H2,32,P1_H2,H2_32_Tub3,H2_32
2026-04-19,Sun,Aiden,P1_H2_32_Tub3_Lacerate 149,3,9,alive,,W9-10,3,3,,H2,32,P1_H2,H2_32_Tub3,H2_32
2026-04-19,Sun,Aiden,P1_H2_32_Tub3_Lacerate 150,3,6,alive,,W9-10,2,3,,H2,32,P1_H2,H2_32_Tub3,H2_32
2026-04-19,Sun,Aiden,PX_H2_32_Tub3_Lacerate 151,0,8,alive,,W9-10,#N/A,0,,H2,32,PX_H2,H2_32_Tub3,H2_32
2026-04-19,Sun,Aiden,P2_VWA_32_Tub1_Lacerate 103,12,,missing,,W9-10,0,12,,VWA,32,P2_VWA,VWA_32_Tub1,VWA_32
2026-04-19,Sun,Aiden,PX_VWA_32_Tub1_Lacerate 104,12,13,alive,,W9-10,1.083333333,12,,VWA,32,PX_VWA,VWA_32_Tub1,VWA_32
2026-04-19,Sun,Aiden,PX_VWA_32_Tub1_Lacerate 105,12,10,alive,,W9-10,0.8333333333,12,,VWA,32,PX_VWA,VWA_32_Tub1,VWA_32
2026-04-19,Sun,Aiden,P1_VWA_32_Tub1_Lacerate 106,12,,missing,,W9-10,0,12,,VWA,32,P1_VWA,VWA_32_Tub1,VWA_32
2026-04-19,Sun,Aiden,P1_VWA_32_Tub1_Lacerate 107,12,12,alive,,W9-10,1,12,,VWA,32,P1_VWA,VWA_32_Tub1,VWA_32
2026-04-19,Sun,Aiden,P1_VWA_32_Tub1_Lacerate 108,12,,missing,,W9-10,0,12,,VWA,32,P1_VWA,VWA_32_Tub1,VWA_32
2026-04-19,Sun,Aiden,P1_VWA_32_Tub1_Lacerate 109,12,,missing,,W9-10,0,12,,VWA,32,P1_VWA,VWA_32_Tub1,VWA_32
2026-04-19,Sun,Aiden,PX_VWA_32_Tub1_Lacerate 110,12,13,alive,,W9-10,1.083333333,12,,VWA,32,PX_VWA,VWA_32_Tub1,VWA_32
2026-04-19,Sun,Aiden,PX_VWA_32_Tub1_Lacerate 111,12,0,missing,,W9-10,0,12,,VWA,32,PX_VWA,VWA_32_Tub1,VWA_32
2026-04-19,Sun,Aiden,P2_VWA_32_Tub1_Lacerate 112,12,,missing,,W9-10,0,12,,VWA,32,P2_VWA,VWA_32_Tub1,VWA_32
2026-04-19,Sun,Aiden,P2_VWA_32_Tub1_Lacerate 113,12,,missing,,W9-10,0,12,,VWA,32,P2_VWA,VWA_32_Tub1,VWA_32
2026-04-19,Sun,Aiden,P3_VWA_32_Tub1_Lacerate 114,10,8,alive,,W9-10,0.8,10,,VWA,32,P3_VWA,VWA_32_Tub1,VWA_32
2026-04-19,Sun,Aiden,P3_VWA_32_Tub1_Lacerate 115,10,12,alive,,W9-10,1.2,10,,VWA,32,P3_VWA,VWA_32_Tub1,VWA_32
2026-04-19,Sun,Aiden,P3_VWA_32_Tub1_Lacerate 116,10,,missing,,W9-10,0,10,,VWA,32,P3_VWA,VWA_32_Tub1,VWA_32
2026-04-19,Sun,Aiden,P3_VWA_32_Tub1_Lacerate 117,10,,missing,,W9-10,0,10,,VWA,32,P3_VWA,VWA_32_Tub1,VWA_32
2026-04-19,Sun,Aiden,P3_VWA_32_Tub1_Lacerate 118,10,,missing,,W9-10,0,10,,VWA,32,P3_VWA,VWA_32_Tub1,VWA_32
2026-04-19,Sun,Aiden,P3_VWA_32_Tub1_Lacerate 119,10,,missing,,W9-10,0,10,,VWA,32,P3_VWA,VWA_32_Tub1,VWA_32
2026-04-19,Sun,Aiden,PX_VWA_32_Tub1_Lacerate 120,8,8,alive,,W9-10,1,8,,VWA,32,PX_VWA,VWA_32_Tub1,VWA_32
2026-04-19,Sun,Aiden,PX_VWA_32_Tub1_Lacerate 121,6,6,alive,,W9-10,1,6,,VWA,32,PX_VWA,VWA_32_Tub1,VWA_32
2026-04-19,Sun,Aiden,PX_VWA_32_Tub1_Lacerate 122,6,12,alive,,W9-10,2,6,,VWA,32,PX_VWA,VWA_32_Tub1,VWA_32
2026-04-19,Sun,Aiden,PX_VWA_32_Tub1_Lacerate 123,6,15,alive,,W9-10,2.5,6,,VWA,32,PX_VWA,VWA_32_Tub1,VWA_32
2026-04-19,Sun,Aiden,PX_VWA_32_Tub1_Lacerate 124,6,19,alive,,W9-10,3.166666667,6,,VWA,32,PX_VWA,VWA_32_Tub1,VWA_32
2026-04-19,Sun,Aiden,PX_VWA_32_Tub1_Lacerate 125,6,0,missing,,W9-10,0,6,,VWA,32,PX_VWA,VWA_32_Tub1,VWA_32
2026-04-19,Sun,Aiden,P2_VWA_32_Tub1_Lacerate 126,6,14,alive,,W9-10,2.333333333,6,,VWA,32,P2_VWA,VWA_32_Tub1,VWA_32
2026-04-19,Sun,Aiden,P2_VWA_32_Tub1_Lacerate 127,6,9,alive,,W9-10,1.5,6,,VWA,32,P2_VWA,VWA_32_Tub1,VWA_32
2026-04-19,Sun,Aiden,P2_VWA_32_Tub1_Lacerate 128,6,,missing,,W9-10,0,6,,VWA,32,P2_VWA,VWA_32_Tub1,VWA_32
2026-04-19,Sun,Aiden,P2_VWA_32_Tub1_Lacerate 129,6,10,alive,,W9-10,1.666666667,6,,VWA,32,P2_VWA,VWA_32_Tub1,VWA_32
2026-04-19,Sun,Aiden,P2_VWA_32_Tub1_Lacerate 130,6,9,alive,,W9-10,1.5,6,,VWA,32,P2_VWA,VWA_32_Tub1,VWA_32
2026-04-19,Sun,Aiden,P2_VWA_32_Tub1_Lacerate 131,6,8,alive,,W9-10,1.333333333,6,,VWA,32,P2_VWA,VWA_32_Tub1,VWA_32
2026-04-19,Sun,Aiden,P2_VWA_32_Tub1_Lacerate 132,5,0,missing,,W9-10,0,5,,VWA,32,P2_VWA,VWA_32_Tub1,VWA_32
2026-04-19,Sun,Aiden,P2_VWA_32_Tub1_Lacerate 133,4,0,alive,,W9-10,0,4,,VWA,32,P2_VWA,VWA_32_Tub1,VWA_32
2026-04-19,Sun,Aiden,P2_VWA_32_Tub1_Lacerate 134,4,0,missing,,W9-10,0,4,,VWA,32,P2_VWA,VWA_32_Tub1,VWA_32
2026-04-19,Sun,Aiden,P2_VWA_32_Tub1_Lacerate 135,4,9,alive,,W9-10,2.25,4,,VWA,32,P2_VWA,VWA_32_Tub1,VWA_32
2026-04-19,Sun,Aiden,P2_VWA_32_Tub1_Lacerate 136,4,7,alive,,W9-10,1.75,4,,VWA,32,P2_VWA,VWA_32_Tub1,VWA_32
2026-04-19,Sun,Aiden,P2_VWA_32_Tub1_Lacerate 137,3,12,alive,,W9-10,4,3,,VWA,32,P2_VWA,VWA_32_Tub1,VWA_32
2026-04-19,Sun,Aiden,P2_VWA_32_Tub1_Lacerate 138,3,8,alive,,W9-10,2.666666667,3,,VWA,32,P2_VWA,VWA_32_Tub1,VWA_32
2026-04-19,Sun,Aiden,P1_VWA_32_Tub1_Lacerate 139,3,9,alive,,W9-10,3,3,,VWA,32,P1_VWA,VWA_32_Tub1,VWA_32
2026-04-19,Sun,Aiden,PX_VWA_32_Tub1_Lacerate 140,3,8,alive,,W9-10,2.666666667,3,,VWA,32,PX_VWA,VWA_32_Tub1,VWA_32
2026-04-19,Sun,Aiden,P2_VWA_32_Tub1_Lacerate 141,3,0,missing,,W9-10,0,3,,VWA,32,P2_VWA,VWA_32_Tub1,VWA_32
2026-04-19,Sun,Aiden,P2_VWA_32_Tub1_Lacerate 142,3,7,alive,,W9-10,2.333333333,3,,VWA,32,P2_VWA,VWA_32_Tub1,VWA_32
2026-04-19,Sun,Aiden,P2_VWA_32_Tub1_Lacerate 143,1,4,alive,,W9-10,4,1,,VWA,32,P2_VWA,VWA_32_Tub1,VWA_32
2026-04-19,Sun,Aiden,P3_VWA_32_Tub1_Lacerate 144,0,0,alive,,W9-10,#N/A,0,,VWA,32,P3_VWA,VWA_32_Tub1,VWA_32
2026-04-19,Sun,Aiden,P3_VWA_32_Tub1_Lacerate 145,0,6,alive,,W9-10,#N/A,0,,VWA,32,P3_VWA,VWA_32_Tub1,VWA_32
2026-04-19,Sun,Aiden,P3_VWA_32_Tub1_Lacerate 146,0,0,alive,,W9-10,#N/A,0,,VWA,32,P3_VWA,VWA_32_Tub1,VWA_32
2026-04-19,Sun,Aiden,PX_VWA_32_Tub2_Lacerate 70,12,,missing,,W9-10,0,12,,VWA,32,PX_VWA,VWA_32_Tub2,VWA_32
2026-04-19,Sun,Aiden,PX_VWA_32_Tub2_Lacerate 71,12,16,alive,,W9-10,1.333333333,12,,VWA,32,PX_VWA,VWA_32_Tub2,VWA_32
2026-04-19,Sun,Aiden,PX_VWA_32_Tub2_Lacerate 72,12,16,alive,,W9-10,1.333333333,12,,VWA,32,PX_VWA,VWA_32_Tub2,VWA_32
2026-04-19,Sun,Aiden,PX_VWA_32_Tub2_Lacerate 73,12,13,alive,,W9-10,1.083333333,12,,VWA,32,PX_VWA,VWA_32_Tub2,VWA_32
2026-04-19,Sun,Aiden,P1_VWA_32_Tub2_Lacerate 74,12,,missing,,W9-10,0,12,,VWA,32,P1_VWA,VWA_32_Tub2,VWA_32
2026-04-19,Sun,Aiden,P1_VWA_32_Tub2_Lacerate 75,12,,missing,,W9-10,0,12,,VWA,32,P1_VWA,VWA_32_Tub2,VWA_32
2026-04-19,Sun,Aiden,P1_VWA_32_Tub2_Lacerate 76,12,13,alive,,W9-10,1.083333333,12,,VWA,32,P1_VWA,VWA_32_Tub2,VWA_32
2026-04-19,Sun,Aiden,P1_VWA_32_Tub2_Lacerate 77,12,,missing,,W9-10,0,12,,VWA,32,P1_VWA,VWA_32_Tub2,VWA_32
2026-04-19,Sun,Aiden,P1_VWA_32_Tub2_Lacerate 78,12,,missing,,W9-10,0,12,,VWA,32,P1_VWA,VWA_32_Tub2,VWA_32
2026-04-19,Sun,Aiden,P1_VWA_32_Tub2_Lacerate 79,10,,missing,,W9-10,0,10,,VWA,32,P1_VWA,VWA_32_Tub2,VWA_32
2026-04-19,Sun,Aiden,P3_VWA_32_Tub2_Lacerate 80,6,12,alive,,W9-10,2,6,,VWA,32,P3_VWA,VWA_32_Tub2,VWA_32
2026-04-19,Sun,Aiden,P3_VWA_32_Tub2_Lacerate 81,6,11,alive,,W9-10,1.833333333,6,,VWA,32,P3_VWA,VWA_32_Tub2,VWA_32
2026-04-19,Sun,Aiden,P3_VWA_32_Tub2_Lacerate 82,6,8,alive,,W9-10,1.333333333,6,,VWA,32,P3_VWA,VWA_32_Tub2,VWA_32
2026-04-19,Sun,Aiden,P1_VWA_32_Tub2_Lacerate 85,3,0,alive,,W9-10,0,3,,VWA,32,P1_VWA,VWA_32_Tub2,VWA_32
2026-04-19,Sun,Aiden,P2_VWA_32_Tub2_Lacerate 86,3,7,alive,,W9-10,2.333333333,3,,VWA,32,P2_VWA,VWA_32_Tub2,VWA_32
2026-04-19,Sun,Aiden,PX_VWA_32_Tub2_Lacerate 87,4,10,alive,,W9-10,2.5,4,,VWA,32,PX_VWA,VWA_32_Tub2,VWA_32
2026-04-19,Sun,Aiden,PX_VWA_32_Tub2_Lacerate 88,4,12,alive,,W9-10,3,4,,VWA,32,PX_VWA,VWA_32_Tub2,VWA_32
2026-04-19,Sun,Aiden,PX_VWA_32_Tub2_Lacerate 89,4,9,alive,,W9-10,2.25,4,,VWA,32,PX_VWA,VWA_32_Tub2,VWA_32
2026-04-19,Sun,Aiden,P1_VWA_32_Tub2_Lacerate 90,4,0,alive,,W9-10,0,4,,VWA,32,P1_VWA,VWA_32_Tub2,VWA_32
2026-04-19,Sun,Aiden,P1_VWA_32_Tub2_Lacerate 91,4,0,alive,,W9-10,0,4,,VWA,32,P1_VWA,VWA_32_Tub2,VWA_32
2026-04-19,Sun,Aiden,P2_VWA_32_Tub2_Lacerate 92,4,6,alive,,W9-10,1.5,4,,VWA,32,P2_VWA,VWA_32_Tub2,VWA_32
2026-04-19,Sun,Aiden,P2_VWA_32_Tub2_Lacerate 93,3,4,alive,,W9-10,1.333333333,3,,VWA,32,P2_VWA,VWA_32_Tub2,VWA_32
2026-04-19,Sun,Aiden,P2_VWA_32_Tub2_Lacerate 94,3,0,alive,,W9-10,0,3,,VWA,32,P2_VWA,VWA_32_Tub2,VWA_32
2026-04-19,Sun,Aiden,P2_VWA_32_Tub2_Lacerate 95,3,0,alive,,W9-10,0,3,,VWA,32,P2_VWA,VWA_32_Tub2,VWA_32
2026-04-19,Sun,Aiden,P2_VWA_32_Tub2_Lacerate 96,3,0,alive,,W9-10,0,3,,VWA,32,P2_VWA,VWA_32_Tub2,VWA_32
2026-04-19,Sun,Aiden,P2_VWA_32_Tub2_Lacerate 97,3,0,alive,,W9-10,0,3,,VWA,32,P2_VWA,VWA_32_Tub2,VWA_32
2026-04-19,Sun,Aiden,P2_VWA_32_Tub2_Lacerate 98,3,0,alive,,W9-10,0,3,,VWA,32,P2_VWA,VWA_32_Tub2,VWA_32
2026-04-19,Sun,Aiden,P2_VWA_32_Tub2_Lacerate 99,3,0,alive,,W9-10,0,3,,VWA,32,P2_VWA,VWA_32_Tub2,VWA_32
2026-04-19,Sun,Aiden,P1_VWA_32_Tub2_Lacerate 100,0,0,alive,,W9-10,#N/A,0,,VWA,32,P1_VWA,VWA_32_Tub2,VWA_32
2026-04-19,Sun,Aiden,P1_VWA_32_Tub2_Lacerate 101,0,0,alive,,W9-10,#N/A,0,,VWA,32,P1_VWA,VWA_32_Tub2,VWA_32
2026-04-19,Sun,Aiden,P3_VWA_32_Tub2_Lacerate 102,0,0,alive,,W9-10,#N/A,0,,VWA,32,P3_VWA,VWA_32_Tub2,VWA_32
2026-04-19,Sun,Aiden,P3_VWA_32_Tub2_Lacerate 103,0,0,alive,,W9-10,#N/A,0,,VWA,32,P3_VWA,VWA_32_Tub2,VWA_32
2026-04-19,Sun,Aiden,P3_VWA_32_Tub2_Lacerate 104,0,0,alive,,W9-10,#N/A,0,,VWA,32,P3_VWA,VWA_32_Tub2,VWA_32
2026-04-19,Sun,Aiden,P1_VWA_32_Tub2_Lacerate 105,0,5,alive,,W9-10,#N/A,0,,VWA,32,P1_VWA,VWA_32_Tub2,VWA_32
2026-04-19,Sun,Aiden,P3_VWA_32_Tub3_Lacerate 65,12,,alive,,W9-10,0,12,,VWA,32,P3_VWA,VWA_32_Tub3,VWA_32
2026-04-19,Sun,Aiden,P3_VWA_32_Tub3_Lacerate 66,12,,missing,,W9-10,0,12,,VWA,32,P3_VWA,VWA_32_Tub3,VWA_32
2026-04-19,Sun,Aiden,P3_VWA_32_Tub3_Lacerate 67,12,13,alive,,W9-10,1.083333333,12,,VWA,32,P3_VWA,VWA_32_Tub3,VWA_32
2026-04-19,Sun,Aiden,P1_VWA_32_Tub3_Lacerate 68,12,12,alive,,W9-10,1,12,,VWA,32,P1_VWA,VWA_32_Tub3,VWA_32
2026-04-19,Sun,Aiden,P1_VWA_32_Tub3_Lacerate 69,12,12,alive,,W9-10,1,12,,VWA,32,P1_VWA,VWA_32_Tub3,VWA_32
2026-04-19,Sun,Aiden,P3_VWA_32_Tub3_Lacerate 70,12,,missing,,W9-10,0,12,,VWA,32,P3_VWA,VWA_32_Tub3,VWA_32
2026-04-19,Sun,Aiden,P3_VWA_32_Tub3_Lacerate 71,12,14,alive,,W9-10,1.166666667,12,,VWA,32,P3_VWA,VWA_32_Tub3,VWA_32
2026-04-19,Sun,Aiden,P3_VWA_32_Tub3_Lacerate 72,10,6,alive,,W9-10,0.6,10,,VWA,32,P3_VWA,VWA_32_Tub3,VWA_32
2026-04-19,Sun,Aiden,P1_VWA_32_Tub3_Lacerate 73,9,17,alive,,W9-10,1.888888889,9,,VWA,32,P1_VWA,VWA_32_Tub3,VWA_32
2026-04-19,Sun,Aiden,P3_VWA_32_Tub3_Lacerate 74,9,10,alive,,W9-10,1.111111111,9,,VWA,32,P3_VWA,VWA_32_Tub3,VWA_32
2026-04-19,Sun,Aiden,PX_VWA_32_Tub3_Lacerate 75,6,,missing,,W9-10,0,6,,VWA,32,PX_VWA,VWA_32_Tub3,VWA_32
2026-04-19,Sun,Aiden,PX_VWA_32_Tub3_Lacerate 76,6,12,alive,,W9-10,2,6,,VWA,32,PX_VWA,VWA_32_Tub3,VWA_32
2026-04-19,Sun,Aiden,PX_VWA_32_Tub3_Lacerate 77,5,13,alive,,W9-10,2.6,5,,VWA,32,PX_VWA,VWA_32_Tub3,VWA_32
2026-04-19,Sun,Aiden,PX_VWA_32_Tub3_Lacerate 78,5,11,alive,,W9-10,2.2,5,,VWA,32,PX_VWA,VWA_32_Tub3,VWA_32
2026-04-19,Sun,Aiden,PX_VWA_32_Tub3_Lacerate 79,4,12,alive,,W9-10,3,4,,VWA,32,PX_VWA,VWA_32_Tub3,VWA_32
2026-04-19,Sun,Aiden,PX_VWA_32_Tub3_Lacerate 80,4,12,alive,,W9-10,3,4,,VWA,32,PX_VWA,VWA_32_Tub3,VWA_32
2026-04-19,Sun,Aiden,PX_VWA_32_Tub3_Lacerate 81,3,12,alive,,W9-10,4,3,,VWA,32,PX_VWA,VWA_32_Tub3,VWA_32
2026-04-19,Sun,Aiden,PX_VWA_32_Tub3_Lacerate 82,3,13,alive,,W9-10,4.333333333,3,,VWA,32,PX_VWA,VWA_32_Tub3,VWA_32
2026-04-19,Sun,Aiden,PX_VWA_32_Tub3_Lacerate 83,3,6,alive,,W9-10,2,3,,VWA,32,PX_VWA,VWA_32_Tub3,VWA_32
2026-04-20,Mon,Grady,P2_H2_25_Tub1_Lacerate 157,13,12,alive,unsure - moved? ,W9-10,0.9230769231,13,,H2,25,P2_H2,H2_25_Tub1,H2_25
2026-04-20,Mon,Grady,P2_H2_25_Tub1_Lacerate 158,13,16,alive,unsure - moved? ,W9-10,1.230769231,13,,H2,25,P2_H2,H2_25_Tub1,H2_25
2026-04-20,Mon,Grady,P3_H2_25_Tub1_Lacerate 159,13,11,alive,unsure,W9-10,0.8461538462,13,,H2,25,P3_H2,H2_25_Tub1,H2_25
2026-04-20,Mon,Grady,P1_H2_25_Tub1_Lacerate 160,13,14,alive,,W9-10,1.076923077,13,,H2,25,P1_H2,H2_25_Tub1,H2_25
2026-04-20,Mon,Grady,P1_H2_25_Tub1_Lacerate 161,13,16,alive,,W9-10,1.230769231,13,,H2,25,P1_H2,H2_25_Tub1,H2_25
2026-04-20,Mon,Grady,P2_H2_25_Tub1_Lacerate 162,13,10,alive,unsure,W9-10,0.7692307692,13,,H2,25,P2_H2,H2_25_Tub1,H2_25
2026-04-20,Mon,Grady,P2_H2_25_Tub1_Lacerate 163,11,16,alive,,W9-10,1.454545455,11,,H2,25,P2_H2,H2_25_Tub1,H2_25
2026-04-20,Mon,Grady,P3_H2_25_Tub1_Lacerate 164,11,,missing,not labelled on previous maps,W9-10,0,11,,H2,25,P3_H2,H2_25_Tub1,H2_25
2026-04-20,Mon,Grady,P2_H2_25_Tub1_Lacerate 165,10,19,alive,unsure,W9-10,1.9,10,,H2,25,P2_H2,H2_25_Tub1,H2_25
2026-04-20,Mon,Grady,P2_H2_25_Tub1_Lacerate 166,9,,missing,,W9-10,0,9,,H2,25,P2_H2,H2_25_Tub1,H2_25
2026-04-20,Mon,Grady,P2_H2_25_Tub1_Lacerate 167,9,13,alive,,W9-10,1.444444444,9,,H2,25,P2_H2,H2_25_Tub1,H2_25
2026-04-20,Mon,Grady,P2_H2_25_Tub1_Lacerate 168,9,,alive,,W9-10,0,9,,H2,25,P2_H2,H2_25_Tub1,H2_25
2026-04-20,Mon,Grady,P3_H2_25_Tub1_Lacerate 169,9,16,alive,,W9-10,1.777777778,9,,H2,25,P3_H2,H2_25_Tub1,H2_25
2026-04-20,Mon,Grady,P3_H2_25_Tub1_Lacerate 170,9,10,alive,,W9-10,1.111111111,9,,H2,25,P3_H2,H2_25_Tub1,H2_25
2026-04-20,Mon,Grady,P1_H2_25_Tub1_Lacerate 171,9,12,alive,,W9-10,1.333333333,9,,H2,25,P1_H2,H2_25_Tub1,H2_25
2026-04-20,Mon,Grady,P1_H2_25_Tub1_Lacerate 172,9,7,alive,,W9-10,0.7777777778,9,,H2,25,P1_H2,H2_25_Tub1,H2_25
2026-04-20,Mon,Grady,PX_H2_25_Tub1_Lacerate 173,7,17,alive,unsure,W9-10,2.428571429,7,,H2,25,PX_H2,H2_25_Tub1,H2_25
2026-04-20,Mon,Grady,P2_H2_25_Tub1_Lacerate 174,7,9,alive,,W9-10,1.285714286,7,,H2,25,P2_H2,H2_25_Tub1,H2_25
2026-04-20,Mon,Grady,P2_H2_25_Tub1_Lacerate 175,7,8,alive,,W9-10,1.142857143,7,,H2,25,P2_H2,H2_25_Tub1,H2_25
2026-04-20,Mon,Grady,P2_H2_25_Tub1_Lacerate 176,7,10,alive,unsure,W9-10,1.428571429,7,,H2,25,P2_H2,H2_25_Tub1,H2_25
2026-04-20,Mon,Grady,P2_H2_25_Tub1_Lacerate 177,7,8,alive,,W9-10,1.142857143,7,,H2,25,P2_H2,H2_25_Tub1,H2_25
2026-04-20,Mon,Grady,PX_H2_25_Tub1_Lacerate 178,7,10,alive,,W9-10,1.428571429,7,,H2,25,PX_H2,H2_25_Tub1,H2_25
2026-04-20,Mon,Grady,PX_H2_25_Tub1_Lacerate 179,7,4,alive,,W9-10,0.5714285714,7,,H2,25,PX_H2,H2_25_Tub1,H2_25
2026-04-20,Mon,Grady,P2_H2_25_Tub1_Lacerate 180,6,8,alive,,W9-10,1.333333333,6,,H2,25,P2_H2,H2_25_Tub1,H2_25
2026-04-20,Mon,Grady,PX_H2_25_Tub1_Lacerate 181,6,9,alive,unsure,W9-10,1.5,6,,H2,25,PX_H2,H2_25_Tub1,H2_25
2026-04-20,Mon,Grady,PX_H2_25_Tub1_Lacerate 182,6,16,alive,,W9-10,2.666666667,6,,H2,25,PX_H2,H2_25_Tub1,H2_25
2026-04-20,Mon,Grady,PX_H2_25_Tub1_Lacerate 183,6,,missing,,W9-10,0,6,,H2,25,PX_H2,H2_25_Tub1,H2_25
2026-04-20,Mon,Grady,P3_H2_25_Tub1_Lacerate 184,5,6,alive,,W9-10,1.2,5,,H2,25,P3_H2,H2_25_Tub1,H2_25
2026-04-20,Mon,Grady,P2_H2_25_Tub1_Lacerate 185,5,,missing,not labelled on previous maps,W9-10,0,5,,H2,25,P2_H2,H2_25_Tub1,H2_25
2026-04-20,Mon,Grady,P2_H2_25_Tub1_Lacerate 186,4,18,alive,,W9-10,4.5,4,,H2,25,P2_H2,H2_25_Tub1,H2_25
2026-04-20,Mon,Grady,PX_H2_25_Tub1_Lacerate 187,4,,missing,not labelled on previous maps,W9-10,0,4,,H2,25,PX_H2,H2_25_Tub1,H2_25
2026-04-20,Mon,Grady,P2_H2_25_Tub1_Lacerate 188,4,,missing,not labelled on previous maps,W9-10,0,4,,H2,25,P2_H2,H2_25_Tub1,H2_25
2026-04-20,Mon,Grady,P2_H2_25_Tub1_Lacerate 189,3,6,alive,,W9-10,2,3,,H2,25,P2_H2,H2_25_Tub1,H2_25
2026-04-20,Mon,Grady,P2_H2_25_Tub1_Lacerate 190,3,7,alive,unsure - moved? ,W9-10,2.333333333,3,,H2,25,P2_H2,H2_25_Tub1,H2_25
2026-04-20,Mon,Grady,P2_H2_25_Tub1_Lacerate 191,3,6,alive,unsure - moved? ,W9-10,2,3,,H2,25,P2_H2,H2_25_Tub1,H2_25
2026-04-20,Mon,Grady,P3_H2_25_Tub1_Lacerate 192,3,19,alive,,W9-10,6.333333333,3,,H2,25,P3_H2,H2_25_Tub1,H2_25
2026-04-20,Mon,Grady,P3_H2_25_Tub1_Lacerate 193,3,8,alive,,W9-10,2.666666667,3,,H2,25,P3_H2,H2_25_Tub1,H2_25
2026-04-20,Mon,Grady,P3_H2_25_Tub1_Lacerate 194,3,,missing,not labelled on previopus map,W9-10,0,3,,H2,25,P3_H2,H2_25_Tub1,H2_25
2026-04-20,Mon,Grady,P1_H2_25_Tub1_Lacerate 195,3,6,alive,unsure,W9-10,2,3,,H2,25,P1_H2,H2_25_Tub1,H2_25
2026-04-20,Mon,Grady,P1_H2_25_Tub1_Lacerate 196,3,7,alive,,W9-10,2.333333333,3,,H2,25,P1_H2,H2_25_Tub1,H2_25
2026-04-20,Mon,Grady,P1_H2_25_Tub1_Lacerate 197,3,6,alive,,W9-10,2,3,,H2,25,P1_H2,H2_25_Tub1,H2_25
2026-04-20,Mon,Grady,P1_H2_25_Tub1_Lacerate 198,3,,missing,not labelled on previopus map,W9-10,0,3,,H2,25,P1_H2,H2_25_Tub1,H2_25
2026-04-20,Mon,Grady,P1_H2_25_Tub1_Lacerate 199,3,9,alive,,W9-10,3,3,,H2,25,P1_H2,H2_25_Tub1,H2_25
2026-04-20,Mon,Grady,P2_H2_25_Tub1_Lacerate 200,2,15,alive,moved,W9-10,7.5,2,,H2,25,P2_H2,H2_25_Tub1,H2_25
2026-04-20,Mon,Grady,P2_H2_25_Tub1_Lacerate 201,2,9,alive,moved,W9-10,4.5,2,,H2,25,P2_H2,H2_25_Tub1,H2_25
2026-04-20,Mon,Grady,P2_H2_25_Tub1_Lacerate 202,1,14,alive,unsure,W9-10,14,1,,H2,25,P2_H2,H2_25_Tub1,H2_25
2026-04-20,Mon,Grady,P2_H2_25_Tub1_Lacerate 203,1,11,alive,,W9-10,11,1,,H2,25,P2_H2,H2_25_Tub1,H2_25
2026-04-20,Mon,Grady,P2_H2_25_Tub1_Lacerate 204,1,11,alive,,W9-10,11,1,,H2,25,P2_H2,H2_25_Tub1,H2_25
2026-04-20,Mon,Grady,P2_H2_25_Tub1_Lacerate 205,1,0,alive,,W9-10,0,1,,H2,25,P2_H2,H2_25_Tub1,H2_25
2026-04-20,Mon,Grady,P2_H2_25_Tub1_Lacerate 206,1,6,alive,,W9-10,6,1,,H2,25,P2_H2,H2_25_Tub1,H2_25
2026-04-20,Mon,Grady,P1_H2_25_Tub1_Lacerate 207,0,10,alive,,W9-10,#N/A,0,,H2,25,P1_H2,H2_25_Tub1,H2_25
2026-04-20,Mon,Grady,P1_H2_25_Tub1_Lacerate 208,0,9,alive,,W9-10,#N/A,0,,H2,25,P1_H2,H2_25_Tub1,H2_25
2026-04-20,Mon,Grady,P1_H2_25_Tub1_Lacerate 209,0,11,alive,,W9-10,#N/A,0,,H2,25,P1_H2,H2_25_Tub1,H2_25
2026-04-20,Mon,Grady,P1_H2_25_Tub1_Lacerate 210,0,7,alive,,W9-10,#N/A,0,,H2,25,P1_H2,H2_25_Tub1,H2_25
2026-04-20,Mon,Grady,P1_H2_25_Tub1_Lacerate 211,0,6,alive,,W9-10,#N/A,0,,H2,25,P1_H2,H2_25_Tub1,H2_25
2026-04-20,Mon,Grady,P1_H2_25_Tub1_Lacerate 212,0,10,alive,,W9-10,#N/A,0,,H2,25,P1_H2,H2_25_Tub1,H2_25
2026-04-20,Mon,Grady,P1_H2_25_Tub1_Lacerate 213,0,10,alive,,W9-10,#N/A,0,,H2,25,P1_H2,H2_25_Tub1,H2_25
2026-04-20,Mon,Grady,P1_H2_25_Tub1_Lacerate 214,0,10,alive,,W9-10,#N/A,0,,H2,25,P1_H2,H2_25_Tub1,H2_25
2026-04-20,Mon,Grady,P1_H2_25_Tub1_Lacerate 215,0,13,alive,,W9-10,#N/A,0,,H2,25,P1_H2,H2_25_Tub1,H2_25
2026-04-20,Mon,Grady,P1_H2_25_Tub1_Lacerate 216,0,14,alive,,W9-10,#N/A,0,,H2,25,P1_H2,H2_25_Tub1,H2_25
2026-04-20,Mon,Grady,PX_H2_25_Tub1_Lacerate 217,0,12,alive,,W9-10,#N/A,0,,H2,25,PX_H2,H2_25_Tub1,H2_25
2026-04-20,Mon,Grady,PX_H2_25_Tub1_Lacerate 218,0,6,alive,,W9-10,#N/A,0,,H2,25,PX_H2,H2_25_Tub1,H2_25
2026-04-20,Mon,Grady,PX_H2_25_Tub1_Lacerate 219,0,10,alive,,W9-10,#N/A,0,,H2,25,PX_H2,H2_25_Tub1,H2_25
2026-04-20,Mon,Grady,PX_H2_25_Tub1_Lacerate 220,0,10,alive,,W9-10,#N/A,0,,H2,25,PX_H2,H2_25_Tub1,H2_25
2026-04-20,Mon,Grady,PX_H2_25_Tub1_Lacerate 221,0,9,alive,,W9-10,#N/A,0,,H2,25,PX_H2,H2_25_Tub1,H2_25
2026-04-20,Mon,Grady,PX_H2_25_Tub1_Lacerate 222,0,10,alive,,W9-10,#N/A,0,,H2,25,PX_H2,H2_25_Tub1,H2_25
2026-04-20,Mon,Grady,PX_H2_25_Tub1_Lacerate 223,0,9,alive,,W9-10,#N/A,0,,H2,25,PX_H2,H2_25_Tub1,H2_25
2026-04-20,Mon,Grady,PX_H2_25_Tub1_Lacerate 224,0,6,alive,,W9-10,#N/A,0,,H2,25,PX_H2,H2_25_Tub1,H2_25
2026-04-20,Mon,Grady,PX_H2_25_Tub1_Lacerate 225,0,11,alive,,W9-10,#N/A,0,,H2,25,PX_H2,H2_25_Tub1,H2_25
2026-04-20,Mon,Grady,P3_H2_25_Tub1_Lacerate 226,0,11,alive,,W9-10,#N/A,0,,H2,25,P3_H2,H2_25_Tub1,H2_25
2026-04-20,Mon,Grady,P3_H2_25_Tub2_Lacerate 106,13,14,alive,unsure,W9-10,1.076923077,13,,H2,25,P3_H2,H2_25_Tub2,H2_25
2026-04-20,Mon,Grady,P3_H2_25_Tub2_Lacerate 107,13,,missing,not labelled on previopus map,W9-10,0,13,,H2,25,P3_H2,H2_25_Tub2,H2_25
2026-04-20,Mon,Grady,P3_H2_25_Tub2_Lacerate 108,13,11,alive,,W9-10,0.8461538462,13,,H2,25,P3_H2,H2_25_Tub2,H2_25
2026-04-20,Mon,Grady,P3_H2_25_Tub2_Lacerate 109,13,13,alive,unsure - not labelled previously,W9-10,1,13,,H2,25,P3_H2,H2_25_Tub2,H2_25
2026-04-20,Mon,Grady,P3_H2_25_Tub2_Lacerate 110,13,15,alive,,W9-10,1.153846154,13,,H2,25,P3_H2,H2_25_Tub2,H2_25
2026-04-20,Mon,Grady,P3_H2_25_Tub2_Lacerate 111,13,12,alive,,W9-10,0.9230769231,13,,H2,25,P3_H2,H2_25_Tub2,H2_25
2026-04-20,Mon,Grady,P3_H2_25_Tub2_Lacerate 112,13,,missing,,W9-10,0,13,,H2,25,P3_H2,H2_25_Tub2,H2_25
2026-04-20,Mon,Grady,P3_H2_25_Tub2_Lacerate 113,13,,missing,,W9-10,0,13,,H2,25,P3_H2,H2_25_Tub2,H2_25
2026-04-20,Mon,Grady,P2_H2_25_Tub2_Lacerate 114,13,15,alive,unsure - not labelled previously,W9-10,1.153846154,13,,H2,25,P2_H2,H2_25_Tub2,H2_25
2026-04-20,Mon,Grady,P2_H2_25_Tub2_Lacerate 115,13,,missing,,W9-10,0,13,,H2,25,P2_H2,H2_25_Tub2,H2_25
2026-04-20,Mon,Grady,P2_H2_25_Tub2_Lacerate 116,13,15,alive,,W9-10,1.153846154,13,,H2,25,P2_H2,H2_25_Tub2,H2_25
2026-04-20,Mon,Grady,P3_H2_25_Tub2_Lacerate 117,11,15,alive,,W9-10,1.363636364,11,,H2,25,P3_H2,H2_25_Tub2,H2_25
2026-04-20,Mon,Grady,P1_H2_25_Tub2_Lacerate 118,11,20,alive,,W9-10,1.818181818,11,,H2,25,P1_H2,H2_25_Tub2,H2_25
2026-04-20,Mon,Grady,P2_H2_25_Tub2_Lacerate 119,10,10,alive,unsure,W9-10,1,10,,H2,25,P2_H2,H2_25_Tub2,H2_25
2026-04-20,Mon,Grady,P1_H2_25_Tub2_Lacerate 120,9,,missing,,W9-10,0,9,,H2,25,P1_H2,H2_25_Tub2,H2_25
2026-04-20,Mon,Grady,P1_H2_25_Tub2_Lacerate 121,9,,missing,,W9-10,0,9,,H2,25,P1_H2,H2_25_Tub2,H2_25
2026-04-20,Mon,Grady,P1_H2_25_Tub2_Lacerate 122,9,,missing,,W9-10,0,9,,H2,25,P1_H2,H2_25_Tub2,H2_25
2026-04-20,Mon,Grady,PX_H2_25_Tub2_Lacerate 123,7,13,alive,,W9-10,1.857142857,7,,H2,25,PX_H2,H2_25_Tub2,H2_25
2026-04-20,Mon,Grady,PX_H2_25_Tub2_Lacerate 124,7,22,alive,,W9-10,3.142857143,7,,H2,25,PX_H2,H2_25_Tub2,H2_25
2026-04-20,Mon,Grady,PX_H2_25_Tub2_Lacerate 125,7,8,alive,,W9-10,1.142857143,7,,H2,25,PX_H2,H2_25_Tub2,H2_25
2026-04-20,Mon,Grady,PX_H2_25_Tub2_Lacerate 126,7,,missing,,W9-10,0,7,,H2,25,PX_H2,H2_25_Tub2,H2_25
2026-04-20,Mon,Grady,P1_H2_25_Tub2_Lacerate 127,7,,missing,,W9-10,0,7,,H2,25,P1_H2,H2_25_Tub2,H2_25
2026-04-20,Mon,Grady,PX_H2_25_Tub2_Lacerate 128,6,16,alive,,W9-10,2.666666667,6,,H2,25,PX_H2,H2_25_Tub2,H2_25
2026-04-20,Mon,Grady,P3_H2_25_Tub2_Lacerate 129,6,,missing,unsure - not labelled previously,W9-10,0,6,,H2,25,P3_H2,H2_25_Tub2,H2_25
2026-04-20,Mon,Grady,P3_H2_25_Tub2_Lacerate 130,6,10,alive,unsure - not labelled previously,W9-10,1.666666667,6,,H2,25,P3_H2,H2_25_Tub2,H2_25
2026-04-20,Mon,Grady,P1_H2_25_Tub2_Lacerate 131,6,10,alive,,W9-10,1.666666667,6,,H2,25,P1_H2,H2_25_Tub2,H2_25
2026-04-20,Mon,Grady,P2_H2_25_Tub2_Lacerate 132,6,11,alive,,W9-10,1.833333333,6,,H2,25,P2_H2,H2_25_Tub2,H2_25
2026-04-20,Mon,Grady,P1_H2_25_Tub2_Lacerate 133,6,16,alive,,W9-10,2.666666667,6,,H2,25,P1_H2,H2_25_Tub2,H2_25
2026-04-20,Mon,Grady,P2_H2_25_Tub2_Lacerate 134,6,12,alive,,W9-10,2,6,,H2,25,P2_H2,H2_25_Tub2,H2_25
2026-04-20,Mon,Grady,P1_H2_25_Tub2_Lacerate 135,5,12,alive,unsure - not labelled previously,W9-10,2.4,5,,H2,25,P1_H2,H2_25_Tub2,H2_25
2026-04-20,Mon,Grady,PX_H2_25_Tub2_Lacerate 136,5,8,alive,unsure - not labelled previously,W9-10,1.6,5,,H2,25,PX_H2,H2_25_Tub2,H2_25
2026-04-20,Mon,Grady,PX_H2_25_Tub2_Lacerate 137,4,16,alive,,W9-10,4,4,,H2,25,PX_H2,H2_25_Tub2,H2_25
2026-04-20,Mon,Grady,PX_H2_25_Tub2_Lacerate 138,4,21,alive,,W9-10,5.25,4,,H2,25,PX_H2,H2_25_Tub2,H2_25
2026-04-20,Mon,Grady,P2_H2_25_Tub2_Lacerate 139,3,11,alive,,W9-10,3.666666667,3,,H2,25,P2_H2,H2_25_Tub2,H2_25
2026-04-20,Mon,Grady,P2_H2_25_Tub2_Lacerate 140,3,7,alive,,W9-10,2.333333333,3,,H2,25,P2_H2,H2_25_Tub2,H2_25
2026-04-20,Mon,Grady,P1_H2_25_Tub2_Lacerate 141,3,14,alive,,W9-10,4.666666667,3,,H2,25,P1_H2,H2_25_Tub2,H2_25
2026-04-20,Mon,Grady,P1_H2_25_Tub2_Lacerate 142,3,12,alive,,W9-10,4,3,,H2,25,P1_H2,H2_25_Tub2,H2_25
2026-04-20,Mon,Grady,P2_H2_25_Tub2_Lacerate 143,1,9,alive,,W9-10,9,1,,H2,25,P2_H2,H2_25_Tub2,H2_25
2026-04-20,Mon,Grady,P2_H2_25_Tub2_Lacerate 144,1,8,alive,,W9-10,8,1,,H2,25,P2_H2,H2_25_Tub2,H2_25
2026-04-20,Mon,Grady,P1_H2_25_Tub2_Lacerate 145,1,15,alive,,W9-10,15,1,,H2,25,P1_H2,H2_25_Tub2,H2_25
2026-04-20,Mon,Grady,P2_H2_25_Tub2_Lacerate 146,1,8,alive,moved?,W9-10,8,1,,H2,25,P2_H2,H2_25_Tub2,H2_25
2026-04-20,Mon,Grady,P2_H2_25_Tub2_Lacerate 147,1,11,alive,,W9-10,11,1,,H2,25,P2_H2,H2_25_Tub2,H2_25
2026-04-20,Mon,Grady,P2_H2_25_Tub2_Lacerate 148,1,8,alive,,W9-10,8,1,,H2,25,P2_H2,H2_25_Tub2,H2_25
2026-04-20,Mon,Grady,P2_H2_25_Tub2_Lacerate 149,1,9,alive,,W9-10,9,1,,H2,25,P2_H2,H2_25_Tub2,H2_25
2026-04-20,Mon,Grady,P2_H2_25_Tub2_Lacerate 150,1,16,alive,,W9-10,16,1,,H2,25,P2_H2,H2_25_Tub2,H2_25
2026-04-20,Mon,Grady,P2_H2_25_Tub2_Lacerate 151,1,17,alive,,W9-10,17,1,,H2,25,P2_H2,H2_25_Tub2,H2_25
2026-04-20,Mon,Grady,P2_H2_25_Tub2_Lacerate 152,1,0,alive,,W9-10,0,1,,H2,25,P2_H2,H2_25_Tub2,H2_25
2026-04-20,Mon,Grady,P2_H2_25_Tub2_Lacerate 153,1,12,alive,,W9-10,12,1,,H2,25,P2_H2,H2_25_Tub2,H2_25
2026-04-20,Mon,Grady,P2_H2_25_Tub2_Lacerate 154,1,13,alive,,W9-10,13,1,,H2,25,P2_H2,H2_25_Tub2,H2_25
2026-04-20,Mon,Grady,P2_H2_25_Tub2_Lacerate 155,1,11,alive,,W9-10,11,1,,H2,25,P2_H2,H2_25_Tub2,H2_25
2026-04-20,Mon,Grady,P3_H2_25_Tub3_Lacerate 111,13,,missing,,W9-10,0,13,,H2,25,P3_H2,H2_25_Tub3,H2_25
2026-04-20,Mon,Grady,P3_H2_25_Tub3_Lacerate 112,13,,missing,,W9-10,0,13,,H2,25,P3_H2,H2_25_Tub3,H2_25
2026-04-20,Mon,Grady,PX_H2_25_Tub3_Lacerate 113,13,,missing,,W9-10,0,13,,H2,25,PX_H2,H2_25_Tub3,H2_25
2026-04-20,Mon,Grady,P2_H2_25_Tub3_Lacerate 114,13,,missing,,W9-10,0,13,,H2,25,P2_H2,H2_25_Tub3,H2_25
2026-04-20,Mon,Grady,P1_H2_25_Tub3_Lacerate 115,13,,missing,,W9-10,0,13,,H2,25,P1_H2,H2_25_Tub3,H2_25
2026-04-20,Mon,Grady,P1_H2_25_Tub3_Lacerate 116,11,0,alive,,W9-10,0,11,,H2,25,P1_H2,H2_25_Tub3,H2_25
2026-04-20,Mon,Grady,PX_H2_25_Tub3_Lacerate 117,11,13,alive,,W9-10,1.181818182,11,,H2,25,PX_H2,H2_25_Tub3,H2_25
2026-04-20,Mon,Grady,PX_H2_25_Tub3_Lacerate 118,10,14,alive,,W9-10,1.4,10,,H2,25,PX_H2,H2_25_Tub3,H2_25
2026-04-20,Mon,Grady,P3_H2_25_Tub3_Lacerate 119,10,,missing,,W9-10,0,10,,H2,25,P3_H2,H2_25_Tub3,H2_25
2026-04-20,Mon,Grady,P3_H2_25_Tub3_Lacerate 120,10,13,alive,,W9-10,1.3,10,,H2,25,P3_H2,H2_25_Tub3,H2_25
2026-04-20,Mon,Grady,P3_H2_25_Tub3_Lacerate 121,10,,missing,,W9-10,0,10,,H2,25,P3_H2,H2_25_Tub3,H2_25
2026-04-20,Mon,Grady,P3_H2_25_Tub3_Lacerate 122,10,,missing,,W9-10,0,10,,H2,25,P3_H2,H2_25_Tub3,H2_25
2026-04-20,Mon,Grady,P3_H2_25_Tub3_Lacerate 123,10,,missing,,W9-10,0,10,,H2,25,P3_H2,H2_25_Tub3,H2_25
2026-04-20,Mon,Grady,P3_H2_25_Tub3_Lacerate 124,10,,missing,,W9-10,0,10,,H2,25,P3_H2,H2_25_Tub3,H2_25
2026-04-20,Mon,Grady,P2_H2_25_Tub3_Lacerate 125,9,9,alive,,W9-10,1,9,,H2,25,P2_H2,H2_25_Tub3,H2_25
2026-04-20,Mon,Grady,P1_H2_25_Tub3_Lacerate 126,9,,missing,,W9-10,0,9,,H2,25,P1_H2,H2_25_Tub3,H2_25
2026-04-20,Mon,Grady,P1_H2_25_Tub3_Lacerate 127,9,,missing,,W9-10,0,9,,H2,25,P1_H2,H2_25_Tub3,H2_25
2026-04-20,Mon,Grady,P1_H2_25_Tub3_Lacerate 128,9,0,alive,,W9-10,0,9,,H2,25,P1_H2,H2_25_Tub3,H2_25
2026-04-20,Mon,Grady,P1_H2_25_Tub3_Lacerate 129,9,10,alive,unsure,W9-10,1.111111111,9,,H2,25,P1_H2,H2_25_Tub3,H2_25
2026-04-20,Mon,Grady,P1_H2_25_Tub3_Lacerate 130,8,9,alive,unsure - not labelled previously,W9-10,1.125,8,,H2,25,P1_H2,H2_25_Tub3,H2_25
2026-04-20,Mon,Grady,P2_H2_25_Tub3_Lacerate 131,7,0,alive,,W9-10,0,7,,H2,25,P2_H2,H2_25_Tub3,H2_25
2026-04-20,Mon,Grady,P2_H2_25_Tub3_Lacerate 132,7,9,alive,,W9-10,1.285714286,7,,H2,25,P2_H2,H2_25_Tub3,H2_25
2026-04-20,Mon,Grady,P2_H2_25_Tub3_Lacerate 133,7,7,alive,unsure - not labelled previously,W9-10,1,7,,H2,25,P2_H2,H2_25_Tub3,H2_25
2026-04-20,Mon,Grady,P1_H2_25_Tub3_Lacerate 134,7,12,alive,,W9-10,1.714285714,7,,H2,25,P1_H2,H2_25_Tub3,H2_25
2026-04-20,Mon,Grady,P1_H2_25_Tub3_Lacerate 135,7,10,alive,,W9-10,1.428571429,7,,H2,25,P1_H2,H2_25_Tub3,H2_25
2026-04-20,Mon,Grady,P1_H2_25_Tub3_Lacerate 136,7,11,alive,,W9-10,1.571428571,7,,H2,25,P1_H2,H2_25_Tub3,H2_25
2026-04-20,Mon,Grady,P1_H2_25_Tub3_Lacerate 137,7,5,alive,,W9-10,0.7142857143,7,,H2,25,P1_H2,H2_25_Tub3,H2_25
2026-04-20,Mon,Grady,P1_H2_25_Tub3_Lacerate 138,7,15,alive,,W9-10,2.142857143,7,,H2,25,P1_H2,H2_25_Tub3,H2_25
2026-04-20,Mon,Grady,P1_H2_25_Tub3_Lacerate 139,7,,missing,not labelled previously,W9-10,0,7,,H2,25,P1_H2,H2_25_Tub3,H2_25
2026-04-20,Mon,Grady,P1_H2_25_Tub3_Lacerate 140,7,14,alive,,W9-10,2,7,,H2,25,P1_H2,H2_25_Tub3,H2_25
2026-04-20,Mon,Grady,P1_H2_25_Tub3_Lacerate 141,7,7,alive,,W9-10,1,7,,H2,25,P1_H2,H2_25_Tub3,H2_25
2026-04-20,Mon,Grady,P2_H2_25_Tub3_Lacerate 142,7,9,alive,unsure,W9-10,1.285714286,7,,H2,25,P2_H2,H2_25_Tub3,H2_25
2026-04-20,Mon,Grady,P2_H2_25_Tub3_Lacerate 143,7,9,alive,unsure,W9-10,1.285714286,7,,H2,25,P2_H2,H2_25_Tub3,H2_25
2026-04-20,Mon,Grady,PX_H2_25_Tub3_Lacerate 144,7,12,alive,,W9-10,1.714285714,7,,H2,25,PX_H2,H2_25_Tub3,H2_25
2026-04-20,Mon,Grady,PX_H2_25_Tub3_Lacerate 145,7,8,alive,,W9-10,1.142857143,7,,H2,25,PX_H2,H2_25_Tub3,H2_25
2026-04-20,Mon,Grady,PX_H2_25_Tub3_Lacerate 146,7,16,alive,,W9-10,2.285714286,7,,H2,25,PX_H2,H2_25_Tub3,H2_25
2026-04-20,Mon,Grady,PX_H2_25_Tub3_Lacerate 147,6,11,alive,,W9-10,1.833333333,6,,H2,25,PX_H2,H2_25_Tub3,H2_25
2026-04-20,Mon,Grady,PX_H2_25_Tub3_Lacerate 148,6,15,alive,,W9-10,2.5,6,,H2,25,PX_H2,H2_25_Tub3,H2_25
2026-04-20,Mon,Grady,PX_H2_25_Tub3_Lacerate 149,5,10,alive,,W9-10,2,5,,H2,25,PX_H2,H2_25_Tub3,H2_25
2026-04-20,Mon,Grady,PX_H2_25_Tub3_Lacerate 150,4,10,alive,,W9-10,2.5,4,,H2,25,PX_H2,H2_25_Tub3,H2_25
2026-04-20,Mon,Grady,P3_H2_25_Tub3_Lacerate 151,3,7,alive,,W9-10,2.333333333,3,,H2,25,P3_H2,H2_25_Tub3,H2_25
2026-04-20,Mon,Grady,P3_H2_25_Tub3_Lacerate 152,3,8,alive,,W9-10,2.666666667,3,,H2,25,P3_H2,H2_25_Tub3,H2_25
2026-04-20,Mon,Grady,PX_H2_25_Tub3_Lacerate 153,3,0,alive,,W9-10,0,3,,H2,25,PX_H2,H2_25_Tub3,H2_25
2026-04-20,Mon,Grady,PX_H2_25_Tub3_Lacerate 154,3,,missing,not labelled previously,W9-10,0,3,,H2,25,PX_H2,H2_25_Tub3,H2_25
2026-04-20,Mon,Grady,PX_H2_25_Tub3_Lacerate 155,3,13,alive,,W9-10,4.333333333,3,,H2,25,PX_H2,H2_25_Tub3,H2_25
2026-04-20,Mon,Grady,PX_H2_25_Tub3_Lacerate 156,3,5,alive,,W9-10,1.666666667,3,,H2,25,PX_H2,H2_25_Tub3,H2_25
2026-04-20,Mon,Grady,P3_H2_25_Tub3_Lacerate 157,1,8,alive,,W9-10,8,1,,H2,25,P3_H2,H2_25_Tub3,H2_25
2026-04-20,Mon,Grady,P3_H2_25_Tub3_Lacerate 158,1,10,alive,,W9-10,10,1,,H2,25,P3_H2,H2_25_Tub3,H2_25
2026-04-20,Mon,Grady,P3_H2_25_Tub3_Lacerate 159,1,5,alive,,W9-10,5,1,,H2,25,P3_H2,H2_25_Tub3,H2_25
2026-04-20,Mon,Grady,P2_H2_25_Tub3_Lacerate 160,1,12,alive,,W9-10,12,1,,H2,25,P2_H2,H2_25_Tub3,H2_25
2026-04-20,Mon,Grady,P2_H2_25_Tub3_Lacerate 161,1,,missing,,W9-10,0,1,,H2,25,P2_H2,H2_25_Tub3,H2_25
2026-04-20,Mon,Grady,P2_H2_25_Tub3_Lacerate 162,1,9,alive,,W9-10,9,1,,H2,25,P2_H2,H2_25_Tub3,H2_25
2026-04-20,Mon,Grady,P2_H2_25_Tub3_Lacerate 163,1,10,alive,,W9-10,10,1,,H2,25,P2_H2,H2_25_Tub3,H2_25
2026-04-20,Mon,Grady,P2_H2_25_Tub3_Lacerate 164,1,19,alive,,W9-10,19,1,,H2,25,P2_H2,H2_25_Tub3,H2_25
2026-04-20,Mon,Grady,P2_H2_25_Tub3_Lacerate 165,1,14,alive,,W9-10,14,1,,H2,25,P2_H2,H2_25_Tub3,H2_25
2026-04-20,Mon,Grady,P2_H2_25_Tub3_Lacerate 166,1,10,alive,,W9-10,10,1,,H2,25,P2_H2,H2_25_Tub3,H2_25
2026-04-20,Mon,Grady,P2_H2_25_Tub3_Lacerate 167,1,10,alive,,W9-10,10,1,,H2,25,P2_H2,H2_25_Tub3,H2_25
2026-04-20,Mon,Grady,P2_H2_25_Tub3_Lacerate 168,1,8,alive,,W9-10,8,1,,H2,25,P2_H2,H2_25_Tub3,H2_25
2026-04-20,Mon,Grady,P2_H2_25_Tub3_Lacerate 169,1,9,alive,,W9-10,9,1,,H2,25,P2_H2,H2_25_Tub3,H2_25
2026-04-20,Mon,Grady,P2_H2_25_Tub3_Lacerate 170,1,9,alive,,W9-10,9,1,,H2,25,P2_H2,H2_25_Tub3,H2_25
2026-04-20,Mon,Grady,P2_H2_25_Tub3_Lacerate 171,1,11,alive,,W9-10,11,1,,H2,25,P2_H2,H2_25_Tub3,H2_25
2026-04-20,Mon,Grady,P2_H2_25_Tub3_Lacerate 172,1,0,alive,,W9-10,0,1,,H2,25,P2_H2,H2_25_Tub3,H2_25
2026-04-20,Mon,Grady,P3_VWA_25_Tub1_Lacerate 138,13,10,alive,,W9-10,0.7692307692,13,,VWA,25,P3_VWA,VWA_25_Tub1,VWA_25
2026-04-20,Mon,Grady,P3_VWA_25_Tub1_Lacerate 139,13,17,alive,,W9-10,1.307692308,13,,VWA,25,P3_VWA,VWA_25_Tub1,VWA_25
2026-04-20,Mon,Grady,P1_VWA_25_Tub1_Lacerate 140,13,,missing,,W9-10,0,13,,VWA,25,P1_VWA,VWA_25_Tub1,VWA_25
2026-04-20,Mon,Grady,PX_VWA_25_Tub1_Lacerate 141,13,8,alive,,W9-10,0.6153846154,13,,VWA,25,PX_VWA,VWA_25_Tub1,VWA_25
2026-04-20,Mon,Grady,P3_VWA_25_Tub1_Lacerate 142,13,12,alive,,W9-10,0.9230769231,13,,VWA,25,P3_VWA,VWA_25_Tub1,VWA_25
2026-04-20,Mon,Grady,PX_VWA_25_Tub1_Lacerate 143,13,18,alive,,W9-10,1.384615385,13,,VWA,25,PX_VWA,VWA_25_Tub1,VWA_25
2026-04-20,Mon,Grady,P2_VWA_25_Tub1_Lacerate 144,13,11,alive,,W9-10,0.8461538462,13,,VWA,25,P2_VWA,VWA_25_Tub1,VWA_25
2026-04-20,Mon,Grady,P2_VWA_25_Tub1_Lacerate 145,13,6,alive,,W9-10,0.4615384615,13,,VWA,25,P2_VWA,VWA_25_Tub1,VWA_25
2026-04-20,Mon,Grady,P2_VWA_25_Tub1_Lacerate 146,13,14,alive,,W9-10,1.076923077,13,,VWA,25,P2_VWA,VWA_25_Tub1,VWA_25
2026-04-20,Mon,Grady,P2_VWA_25_Tub1_Lacerate 147,11,11,alive,,W9-10,1,11,,VWA,25,P2_VWA,VWA_25_Tub1,VWA_25
2026-04-20,Mon,Grady,P3_VWA_25_Tub1_Lacerate 148,10,20,alive,,W9-10,2,10,,VWA,25,P3_VWA,VWA_25_Tub1,VWA_25
2026-04-20,Mon,Grady,P3_VWA_25_Tub1_Lacerate 149,10,11,alive,,W9-10,1.1,10,,VWA,25,P3_VWA,VWA_25_Tub1,VWA_25
2026-04-20,Mon,Grady,PX_VWA_25_Tub1_Lacerate 150,7,15,alive,,W9-10,2.142857143,7,,VWA,25,PX_VWA,VWA_25_Tub1,VWA_25
2026-04-20,Mon,Grady,PX_VWA_25_Tub1_Lacerate 151,7,0,alive,,W9-10,0,7,,VWA,25,PX_VWA,VWA_25_Tub1,VWA_25
2026-04-20,Mon,Grady,P2_VWA_25_Tub1_Lacerate 152,7,6,alive,moved,W9-10,0.8571428571,7,,VWA,25,P2_VWA,VWA_25_Tub1,VWA_25
2026-04-20,Mon,Grady,PX_VWA_25_Tub1_Lacerate 153,7,15,alive,,W9-10,2.142857143,7,,VWA,25,PX_VWA,VWA_25_Tub1,VWA_25
2026-04-20,Mon,Grady,P3_VWA_25_Tub1_Lacerate 154,7,8,alive,,W9-10,1.142857143,7,,VWA,25,P3_VWA,VWA_25_Tub1,VWA_25
2026-04-20,Mon,Grady,P3_VWA_25_Tub1_Lacerate 155,6,13,alive,,W9-10,2.166666667,6,,VWA,25,P3_VWA,VWA_25_Tub1,VWA_25
2026-04-20,Mon,Grady,P3_VWA_25_Tub1_Lacerate 156,5,,missing,,W9-10,0,5,,VWA,25,P3_VWA,VWA_25_Tub1,VWA_25
2026-04-20,Mon,Grady,P3_VWA_25_Tub1_Lacerate 157,4,11,alive,unsure - moved?,W9-10,2.75,4,,VWA,25,P3_VWA,VWA_25_Tub1,VWA_25
2026-04-20,Mon,Grady,P3_VWA_25_Tub1_Lacerate 158,3,9,alive,,W9-10,3,3,,VWA,25,P3_VWA,VWA_25_Tub1,VWA_25
2026-04-20,Mon,Grady,P2_VWA_25_Tub1_Lacerate 159,3,16,alive,,W9-10,5.333333333,3,,VWA,25,P2_VWA,VWA_25_Tub1,VWA_25
2026-04-20,Mon,Grady,P2_VWA_25_Tub1_Lacerate 160,3,9,alive,moved,W9-10,3,3,,VWA,25,P2_VWA,VWA_25_Tub1,VWA_25
2026-04-20,Mon,Grady,P2_VWA_25_Tub1_Lacerate 161,3,10,alive,moved,W9-10,3.333333333,3,,VWA,25,P2_VWA,VWA_25_Tub1,VWA_25
2026-04-20,Mon,Grady,P2_VWA_25_Tub1_Lacerate 162,3,17,alive,,W9-10,5.666666667,3,,VWA,25,P2_VWA,VWA_25_Tub1,VWA_25
2026-04-20,Mon,Grady,PX_VWA_25_Tub1_Lacerate 163,2,7,alive,,W9-10,3.5,2,,VWA,25,PX_VWA,VWA_25_Tub1,VWA_25
2026-04-20,Mon,Grady,P3_VWA_25_Tub1_Lacerate 164,2,6,alive,,W9-10,3,2,,VWA,25,P3_VWA,VWA_25_Tub1,VWA_25
2026-04-20,Mon,Grady,P3_VWA_25_Tub1_Lacerate 165,1,5,alive,,W9-10,5,1,,VWA,25,P3_VWA,VWA_25_Tub1,VWA_25
2026-04-20,Mon,Grady,PX_VWA_25_Tub1_Lacerate 166,0,8,alive,,W9-10,#N/A,0,,VWA,25,PX_VWA,VWA_25_Tub1,VWA_25
2026-04-20,Mon,Grady,PX_VWA_25_Tub1_Lacerate 167,0,7,alive,,W9-10,#N/A,0,,VWA,25,PX_VWA,VWA_25_Tub1,VWA_25
2026-04-20,Mon,Grady,PX_VWA_25_Tub1_Lacerate 168,0,9,alive,,W9-10,#N/A,0,,VWA,25,PX_VWA,VWA_25_Tub1,VWA_25
2026-04-20,Mon,Grady,PX_VWA_25_Tub1_Lacerate 169,0,10,alive,,W9-10,#N/A,0,,VWA,25,PX_VWA,VWA_25_Tub1,VWA_25
2026-04-20,Mon,Grady,PX_VWA_25_Tub1_Lacerate 170,0,2,alive,,W9-10,#N/A,0,,VWA,25,PX_VWA,VWA_25_Tub1,VWA_25
2026-04-20,Mon,Grady,P1_VWA_25_Tub2_Lacerate 74,13,0,alive,,W9-10,0,13,,VWA,25,P1_VWA,VWA_25_Tub2,VWA_25
2026-04-20,Mon,Grady,P1_VWA_25_Tub2_Lacerate 75,13,0,alive,,W9-10,0,13,,VWA,25,P1_VWA,VWA_25_Tub2,VWA_25
2026-04-20,Mon,Grady,P1_VWA_25_Tub2_Lacerate 76,13,0,alive,,W9-10,0,13,,VWA,25,P1_VWA,VWA_25_Tub2,VWA_25
2026-04-20,Mon,Grady,P1_VWA_25_Tub2_Lacerate 77,13,0,alive,,W9-10,0,13,,VWA,25,P1_VWA,VWA_25_Tub2,VWA_25
2026-04-20,Mon,Grady,P1_VWA_25_Tub2_Lacerate 78,13,0,alive,,W9-10,0,13,,VWA,25,P1_VWA,VWA_25_Tub2,VWA_25
2026-04-20,Mon,Grady,P1_VWA_25_Tub2_Lacerate 79,13,0,alive,,W9-10,0,13,,VWA,25,P1_VWA,VWA_25_Tub2,VWA_25
2026-04-20,Mon,Grady,P1_VWA_25_Tub2_Lacerate 80,13,0,alive,,W9-10,0,13,,VWA,25,P1_VWA,VWA_25_Tub2,VWA_25
2026-04-20,Mon,Grady,P1_VWA_25_Tub2_Lacerate 81,13,0,alive,,W9-10,0,13,,VWA,25,P1_VWA,VWA_25_Tub2,VWA_25
2026-04-20,Mon,Grady,P1_VWA_25_Tub2_Lacerate 82,13,0,alive,,W9-10,0,13,,VWA,25,P1_VWA,VWA_25_Tub2,VWA_25
2026-04-20,Mon,Grady,P1_VWA_25_Tub2_Lacerate 83,13,0,alive,,W9-10,0,13,,VWA,25,P1_VWA,VWA_25_Tub2,VWA_25
2026-04-20,Mon,Grady,P1_VWA_25_Tub2_Lacerate 84,13,,missing,,W9-10,0,13,,VWA,25,P1_VWA,VWA_25_Tub2,VWA_25
2026-04-20,Mon,Grady,P1_VWA_25_Tub2_Lacerate 85,11,0,alive,,W9-10,0,11,,VWA,25,P1_VWA,VWA_25_Tub2,VWA_25
2026-04-20,Mon,Grady,PX_VWA_25_Tub2_Lacerate 86,10,11,alive,,W9-10,1.1,10,,VWA,25,PX_VWA,VWA_25_Tub2,VWA_25
2026-04-20,Mon,Grady,PX_VWA_25_Tub2_Lacerate 87,10,0,alive,,W9-10,0,10,,VWA,25,PX_VWA,VWA_25_Tub2,VWA_25
2026-04-20,Mon,Grady,PX_VWA_25_Tub2_Lacerate 88,10,13,alive,,W9-10,1.3,10,,VWA,25,PX_VWA,VWA_25_Tub2,VWA_25
2026-04-20,Mon,Grady,PX_VWA_25_Tub2_Lacerate 89,10,15,alive,,W9-10,1.5,10,,VWA,25,PX_VWA,VWA_25_Tub2,VWA_25
2026-04-20,Mon,Grady,P2_VWA_25_Tub2_Lacerate 90,9,6,alive,,W9-10,0.6666666667,9,,VWA,25,P2_VWA,VWA_25_Tub2,VWA_25
2026-04-20,Mon,Grady,P2_VWA_25_Tub2_Lacerate 91,9,10,alive,,W9-10,1.111111111,9,,VWA,25,P2_VWA,VWA_25_Tub2,VWA_25
2026-04-20,Mon,Grady,P1_VWA_25_Tub2_Lacerate 92,7,17,alive,,W9-10,2.428571429,7,,VWA,25,P1_VWA,VWA_25_Tub2,VWA_25
2026-04-20,Mon,Grady,P2_VWA_25_Tub2_Lacerate 93,7,,missing,,W9-10,0,7,,VWA,25,P2_VWA,VWA_25_Tub2,VWA_25
2026-04-20,Mon,Grady,P2_VWA_25_Tub2_Lacerate 94,7,18,alive,,W9-10,2.571428571,7,,VWA,25,P2_VWA,VWA_25_Tub2,VWA_25
2026-04-20,Mon,Grady,P2_VWA_25_Tub2_Lacerate 95,7,8,alive,,W9-10,1.142857143,7,,VWA,25,P2_VWA,VWA_25_Tub2,VWA_25
2026-04-20,Mon,Grady,P2_VWA_25_Tub2_Lacerate 96,7,12,alive,unsure,W9-10,1.714285714,7,,VWA,25,P2_VWA,VWA_25_Tub2,VWA_25
2026-04-20,Mon,Grady,P2_VWA_25_Tub2_Lacerate 97,7,9,alive,,W9-10,1.285714286,7,,VWA,25,P2_VWA,VWA_25_Tub2,VWA_25
2026-04-20,Mon,Grady,P3_VWA_25_Tub2_Lacerate 98,7,10,alive,,W9-10,1.428571429,7,,VWA,25,P3_VWA,VWA_25_Tub2,VWA_25
2026-04-20,Mon,Grady,P2_VWA_25_Tub2_Lacerate 99,6,14,alive,,W9-10,2.333333333,6,,VWA,25,P2_VWA,VWA_25_Tub2,VWA_25
2026-04-20,Mon,Grady,P2_VWA_25_Tub2_Lacerate 100,6,16,alive,,W9-10,2.666666667,6,,VWA,25,P2_VWA,VWA_25_Tub2,VWA_25
2026-04-20,Mon,Grady,P1_VWA_25_Tub2_Lacerate 101,6,,missing,,W9-10,0,6,,VWA,25,P1_VWA,VWA_25_Tub2,VWA_25
2026-04-20,Mon,Grady,P1_VWA_25_Tub2_Lacerate 102,6,,missing,,W9-10,0,6,,VWA,25,P1_VWA,VWA_25_Tub2,VWA_25
2026-04-20,Mon,Grady,P1_VWA_25_Tub2_Lacerate 103,6,0,alive,,W9-10,0,6,,VWA,25,P1_VWA,VWA_25_Tub2,VWA_25
2026-04-20,Mon,Grady,PX_VWA_25_Tub2_Lacerate 104,6,11,alive,unsure,W9-10,1.833333333,6,,VWA,25,PX_VWA,VWA_25_Tub2,VWA_25
2026-04-20,Mon,Grady,PX_VWA_25_Tub2_Lacerate 105,5,10,alive,,W9-10,2,5,,VWA,25,PX_VWA,VWA_25_Tub2,VWA_25
2026-04-20,Mon,Grady,PX_VWA_25_Tub2_Lacerate 106,5,11,alive,,W9-10,2.2,5,,VWA,25,PX_VWA,VWA_25_Tub2,VWA_25
2026-04-20,Mon,Grady,PX_VWA_25_Tub2_Lacerate 107,5,,missing,,W9-10,0,5,,VWA,25,PX_VWA,VWA_25_Tub2,VWA_25
2026-04-20,Mon,Grady,PX_VWA_25_Tub2_Lacerate 108,5,11,alive,,W9-10,2.2,5,,VWA,25,PX_VWA,VWA_25_Tub2,VWA_25
2026-04-20,Mon,Grady,PX_VWA_25_Tub2_Lacerate 109,5,11,alive,,W9-10,2.2,5,,VWA,25,PX_VWA,VWA_25_Tub2,VWA_25
2026-04-20,Mon,Grady,PX_VWA_25_Tub2_Lacerate 110,4,,missing,,W9-10,0,4,,VWA,25,PX_VWA,VWA_25_Tub2,VWA_25
2026-04-20,Mon,Grady,PX_VWA_25_Tub2_Lacerate 111,4,,missing,,W9-10,0,4,,VWA,25,PX_VWA,VWA_25_Tub2,VWA_25
2026-04-20,Mon,Grady,P3_VWA_25_Tub2_Lacerate 112,3,21,alive,,W9-10,7,3,,VWA,25,P3_VWA,VWA_25_Tub2,VWA_25
2026-04-20,Mon,Grady,P3_VWA_25_Tub2_Lacerate 113,3,9,alive,,W9-10,3,3,,VWA,25,P3_VWA,VWA_25_Tub2,VWA_25
2026-04-20,Mon,Grady,P2_VWA_25_Tub2_Lacerate 114,2,12,alive,,W9-10,6,2,,VWA,25,P2_VWA,VWA_25_Tub2,VWA_25
2026-04-20,Mon,Grady,P2_VWA_25_Tub2_Lacerate 115,2,9,alive,,W9-10,4.5,2,,VWA,25,P2_VWA,VWA_25_Tub2,VWA_25
2026-04-20,Mon,Grady,P2_VWA_25_Tub2_Lacerate 116,1,11,alive,unsure,W9-10,11,1,,VWA,25,P2_VWA,VWA_25_Tub2,VWA_25
2026-04-20,Mon,Grady,P2_VWA_25_Tub2_Lacerate 117,1,14,alive,,W9-10,14,1,,VWA,25,P2_VWA,VWA_25_Tub2,VWA_25
2026-04-20,Mon,Grady,P3_VWA_25_Tub2_Lacerate 118,1,0,alive,,W9-10,0,1,,VWA,25,P3_VWA,VWA_25_Tub2,VWA_25
2026-04-20,Mon,Grady,PX_VWA_25_Tub2_Lacerate 119,0,11,alive,,W9-10,#N/A,0,,VWA,25,PX_VWA,VWA_25_Tub2,VWA_25
2026-04-20,Mon,Grady,P3_VWA_25_Tub3_Lacerate 97,13,16,alive,,W9-10,1.230769231,13,,VWA,25,P3_VWA,VWA_25_Tub3,VWA_25
2026-04-20,Mon,Grady,P3_VWA_25_Tub3_Lacerate 98,13,0,alive,,W9-10,0,13,,VWA,25,P3_VWA,VWA_25_Tub3,VWA_25
2026-04-20,Mon,Grady,P3_VWA_25_Tub3_Lacerate 99,13,,missing,,W9-10,0,13,,VWA,25,P3_VWA,VWA_25_Tub3,VWA_25
2026-04-20,Mon,Grady,P3_VWA_25_Tub3_Lacerate 100,13,0,alive,,W9-10,0,13,,VWA,25,P3_VWA,VWA_25_Tub3,VWA_25
2026-04-20,Mon,Grady,P3_VWA_25_Tub3_Lacerate 101,13,,missing,,W9-10,0,13,,VWA,25,P3_VWA,VWA_25_Tub3,VWA_25
2026-04-20,Mon,Grady,P3_VWA_25_Tub3_Lacerate 102,13,0,alive,,W9-10,0,13,,VWA,25,P3_VWA,VWA_25_Tub3,VWA_25
2026-04-20,Mon,Grady,P3_VWA_25_Tub3_Lacerate 103,13,22,alive,,W9-10,1.692307692,13,,VWA,25,P3_VWA,VWA_25_Tub3,VWA_25
2026-04-20,Mon,Grady,P3_VWA_25_Tub3_Lacerate 104,13,14,alive,,W9-10,1.076923077,13,,VWA,25,P3_VWA,VWA_25_Tub3,VWA_25
2026-04-20,Mon,Grady,PX_VWA_25_Tub3_Lacerate 105,13,15,alive,,W9-10,1.153846154,13,,VWA,25,PX_VWA,VWA_25_Tub3,VWA_25
2026-04-20,Mon,Grady,P3_VWA_25_Tub3_Lacerate 106,13,0,alive,,W9-10,0,13,,VWA,25,P3_VWA,VWA_25_Tub3,VWA_25
2026-04-20,Mon,Grady,P3_VWA_25_Tub3_Lacerate 107,13,0,alive,,W9-10,0,13,,VWA,25,P3_VWA,VWA_25_Tub3,VWA_25
2026-04-20,Mon,Grady,P3_VWA_25_Tub3_Lacerate 108,13,0,alive,,W9-10,0,13,,VWA,25,P3_VWA,VWA_25_Tub3,VWA_25
2026-04-20,Mon,Grady,P3_VWA_25_Tub3_Lacerate 109,13,0,alive,,W9-10,0,13,,VWA,25,P3_VWA,VWA_25_Tub3,VWA_25
2026-04-20,Mon,Grady,PX_VWA_25_Tub3_Lacerate 110,13,0,alive,,W9-10,0,13,,VWA,25,PX_VWA,VWA_25_Tub3,VWA_25
2026-04-20,Mon,Grady,P2_VWA_25_Tub3_Lacerate 111,13,0,alive,,W9-10,0,13,,VWA,25,P2_VWA,VWA_25_Tub3,VWA_25
2026-04-20,Mon,Grady,P2_VWA_25_Tub3_Lacerate 112,11,0,alive,,W9-10,0,11,,VWA,25,P2_VWA,VWA_25_Tub3,VWA_25
2026-04-20,Mon,Grady,P1_VWA_25_Tub3_Lacerate 113,9,16,alive,,W9-10,1.777777778,9,,VWA,25,P1_VWA,VWA_25_Tub3,VWA_25
2026-04-20,Mon,Grady,P1_VWA_25_Tub3_Lacerate 114,9,17,alive,,W9-10,1.888888889,9,,VWA,25,P1_VWA,VWA_25_Tub3,VWA_25
2026-04-20,Mon,Grady,P1_VWA_25_Tub3_Lacerate 115,9,12,alive,,W9-10,1.333333333,9,,VWA,25,P1_VWA,VWA_25_Tub3,VWA_25
2026-04-20,Mon,Grady,P3_VWA_25_Tub3_Lacerate 116,9,0,alive,,W9-10,0,9,,VWA,25,P3_VWA,VWA_25_Tub3,VWA_25
2026-04-20,Mon,Grady,P3_VWA_25_Tub3_Lacerate 117,9,0,alive,,W9-10,0,9,,VWA,25,P3_VWA,VWA_25_Tub3,VWA_25
2026-04-20,Mon,Grady,P3_VWA_25_Tub3_Lacerate 118,7,,missing,,W9-10,0,7,,VWA,25,P3_VWA,VWA_25_Tub3,VWA_25
2026-04-20,Mon,Grady,P3_VWA_25_Tub3_Lacerate 119,7,,missing,,W9-10,0,7,,VWA,25,P3_VWA,VWA_25_Tub3,VWA_25
2026-04-20,Mon,Grady,P2_VWA_25_Tub3_Lacerate 120,7,5,alive,unsure,W9-10,0.7142857143,7,,VWA,25,P2_VWA,VWA_25_Tub3,VWA_25
2026-04-20,Mon,Grady,PX_VWA_25_Tub3_Lacerate 121,7,12,alive,,W9-10,1.714285714,7,,VWA,25,PX_VWA,VWA_25_Tub3,VWA_25
2026-04-20,Mon,Grady,PX_VWA_25_Tub3_Lacerate 122,7,20,alive,,W9-10,2.857142857,7,,VWA,25,PX_VWA,VWA_25_Tub3,VWA_25
2026-04-20,Mon,Grady,PX_VWA_25_Tub3_Lacerate 123,7,12,alive,,W9-10,1.714285714,7,,VWA,25,PX_VWA,VWA_25_Tub3,VWA_25
2026-04-20,Mon,Grady,P1_VWA_25_Tub3_Lacerate 124,7,10,alive,,W9-10,1.428571429,7,,VWA,25,P1_VWA,VWA_25_Tub3,VWA_25
2026-04-20,Mon,Grady,P1_VWA_25_Tub3_Lacerate 125,6,5,alive,,W9-10,0.8333333333,6,,VWA,25,P1_VWA,VWA_25_Tub3,VWA_25
2026-04-20,Mon,Grady,P1_VWA_25_Tub3_Lacerate 126,6,8,alive,,W9-10,1.333333333,6,,VWA,25,P1_VWA,VWA_25_Tub3,VWA_25
2026-04-20,Mon,Grady,P1_VWA_25_Tub3_Lacerate 127,6,15,alive,,W9-10,2.5,6,,VWA,25,P1_VWA,VWA_25_Tub3,VWA_25
2026-04-20,Mon,Grady,P1_VWA_25_Tub3_Lacerate 128,6,17,alive,unsure,W9-10,2.833333333,6,,VWA,25,P1_VWA,VWA_25_Tub3,VWA_25
2026-04-20,Mon,Grady,P1_VWA_25_Tub3_Lacerate 129,4,12,alive,unsure,W9-10,3,4,,VWA,25,P1_VWA,VWA_25_Tub3,VWA_25
2026-04-20,Mon,Grady,P1_VWA_25_Tub3_Lacerate 130,3,15,alive,,W9-10,5,3,,VWA,25,P1_VWA,VWA_25_Tub3,VWA_25
2026-04-20,Mon,Grady,P1_VWA_25_Tub3_Lacerate 131,2,9,alive,,W9-10,4.5,2,,VWA,25,P1_VWA,VWA_25_Tub3,VWA_25
2026-04-20,Mon,Grady,P1_VWA_25_Tub3_Lacerate 132,2,12,alive,,W9-10,6,2,,VWA,25,P1_VWA,VWA_25_Tub3,VWA_25
2026-04-20,Mon,Grady,P1_VWA_25_Tub3_Lacerate 133,2,12,alive,,W9-10,6,2,,VWA,25,P1_VWA,VWA_25_Tub3,VWA_25
2026-04-20,Mon,Grady,P1_VWA_25_Tub3_Lacerate 134,1,12,alive,,W9-10,12,1,,VWA,25,P1_VWA,VWA_25_Tub3,VWA_25
2026-04-20,Mon,Grady,P1_VWA_25_Tub3_Lacerate 135,1,9,alive,,W9-10,9,1,,VWA,25,P1_VWA,VWA_25_Tub3,VWA_25
2026-04-20,Mon,Grady,PX_VWA_25_Tub3_Lacerate 136,0,15,alive,,W9-10,#N/A,0,,VWA,25,PX_VWA,VWA_25_Tub3,VWA_25
2026-04-20,Mon,Grady,PX_VWA_25_Tub3_Lacerate 137,0,11,alive,,W9-10,#N/A,0,,VWA,25,PX_VWA,VWA_25_Tub3,VWA_25
2026-04-20,Mon,Grady,P3_H2_32_Tub1_Lacerate 102,13,0,alive,,W9-10,0,13,,H2,32,P3_H2,H2_32_Tub1,H2_32
2026-04-20,Mon,Grady,P2_H2_32_Tub1_Lacerate 103,13,9,alive,,W9-10,0.6923076923,13,,H2,32,P2_H2,H2_32_Tub1,H2_32
2026-04-20,Mon,Grady,P2_H2_32_Tub1_Lacerate 104,10,,missing,,W9-10,0,10,,H2,32,P2_H2,H2_32_Tub1,H2_32
2026-04-20,Mon,Grady,P3_H2_32_Tub1_Lacerate 105,9,,missing,,W9-10,0,9,,H2,32,P3_H2,H2_32_Tub1,H2_32
2026-04-20,Mon,Grady,P3_H2_32_Tub1_Lacerate 106,7,9,alive,,W9-10,1.285714286,7,,H2,32,P3_H2,H2_32_Tub1,H2_32
2026-04-20,Mon,Grady,P3_H2_32_Tub1_Lacerate 107,7,,missing,,W9-10,0,7,,H2,32,P3_H2,H2_32_Tub1,H2_32
2026-04-20,Mon,Grady,P3_H2_32_Tub1_Lacerate 108,7,,missing,,W9-10,0,7,,H2,32,P3_H2,H2_32_Tub1,H2_32
2026-04-20,Mon,Grady,P2_H2_32_Tub1_Lacerate 109,7,0,alive,,W9-10,0,7,,H2,32,P2_H2,H2_32_Tub1,H2_32
2026-04-20,Mon,Grady,PX_H2_32_Tub1_Lacerate 110,7,,missing,,W9-10,0,7,,H2,32,PX_H2,H2_32_Tub1,H2_32
2026-04-20,Mon,Grady,PX_H2_32_Tub1_Lacerate 111,7,13,alive,unsure,W9-10,1.857142857,7,,H2,32,PX_H2,H2_32_Tub1,H2_32
2026-04-20,Mon,Grady,PX_H2_32_Tub1_Lacerate 112,6,15,alive,,W9-10,2.5,6,,H2,32,PX_H2,H2_32_Tub1,H2_32
2026-04-20,Mon,Grady,PX_H2_32_Tub1_Lacerate 113,6,,missing,,W9-10,0,6,,H2,32,PX_H2,H2_32_Tub1,H2_32
2026-04-20,Mon,Grady,P3_H2_32_Tub1_Lacerate 114,5,4,alive,,W9-10,0.8,5,,H2,32,P3_H2,H2_32_Tub1,H2_32
2026-04-20,Mon,Grady,P3_H2_32_Tub1_Lacerate 115,5,,missing,,W9-10,0,5,,H2,32,P3_H2,H2_32_Tub1,H2_32
2026-04-20,Mon,Grady,P1_H2_32_Tub1_Lacerate 116,5,,missing,,W9-10,0,5,,H2,32,P1_H2,H2_32_Tub1,H2_32
2026-04-20,Mon,Grady,P1_H2_32_Tub1_Lacerate 117,5,0,alive,,W9-10,0,5,,H2,32,P1_H2,H2_32_Tub1,H2_32
2026-04-20,Mon,Grady,P1_H2_32_Tub1_Lacerate 118,5,10,alive,,W9-10,2,5,,H2,32,P1_H2,H2_32_Tub1,H2_32
2026-04-20,Mon,Grady,P1_H2_32_Tub1_Lacerate 119,5,,missing,,W9-10,0,5,,H2,32,P1_H2,H2_32_Tub1,H2_32
2026-04-20,Mon,Grady,P1_H2_32_Tub1_Lacerate 120,4,8,alive,,W9-10,2,4,,H2,32,P1_H2,H2_32_Tub1,H2_32
2026-04-20,Mon,Grady,P1_H2_32_Tub1_Lacerate 121,4,,missing,,W9-10,0,4,,H2,32,P1_H2,H2_32_Tub1,H2_32
2026-04-20,Mon,Grady,P1_H2_32_Tub1_Lacerate 122,4,9,alive,,W9-10,2.25,4,,H2,32,P1_H2,H2_32_Tub1,H2_32
2026-04-20,Mon,Grady,P1_H2_32_Tub1_Lacerate 123,4,10,alive,,W9-10,2.5,4,,H2,32,P1_H2,H2_32_Tub1,H2_32
2026-04-20,Mon,Grady,P1_H2_32_Tub1_Lacerate 124,2,4,alive,,W9-10,2,2,,H2,32,P1_H2,H2_32_Tub1,H2_32
2026-04-20,Mon,Grady,P3_H2_32_Tub1_Lacerate 125,1,13,alive,remove,W9-10,13,1,,H2,32,P3_H2,H2_32_Tub1,H2_32
2026-04-20,Mon,Grady,P3_H2_32_Tub1_Lacerate 126,1,8,alive,,W9-10,8,1,,H2,32,P3_H2,H2_32_Tub1,H2_32
2026-04-20,Mon,Grady,P3_H2_32_Tub1_Lacerate 127,0,0,alive,,W9-10,#N/A,0,,H2,32,P3_H2,H2_32_Tub1,H2_32
2026-04-20,Mon,Grady,P3_H2_32_Tub1_Lacerate 128,0,6,alive,,W9-10,#N/A,0,,H2,32,P3_H2,H2_32_Tub1,H2_32
2026-04-20,Mon,Grady,P3_H2_32_Tub1_Lacerate 129,0,6,alive,,W9-10,#N/A,0,,H2,32,P3_H2,H2_32_Tub1,H2_32
2026-04-20,Mon,Grady,P3_H2_32_Tub1_Lacerate 130,0,4,alive,,W9-10,#N/A,0,,H2,32,P3_H2,H2_32_Tub1,H2_32
2026-04-20,Mon,Grady,PX_H2_32_Tub1_Lacerate 131,0,8,alive,,W9-10,#N/A,0,,H2,32,PX_H2,H2_32_Tub1,H2_32
2026-04-20,Mon,Grady,PX_H2_32_Tub1_Lacerate 132,0,1,alive,,W9-10,#N/A,0,,H2,32,PX_H2,H2_32_Tub1,H2_32
2026-04-20,Mon,Grady,PX_H2_32_Tub1_Lacerate 133,0,8,alive,,W9-10,#N/A,0,,H2,32,PX_H2,H2_32_Tub1,H2_32
2026-04-20,Mon,Grady,PX_H2_32_Tub1_Lacerate 134,0,10,alive,,W9-10,#N/A,0,,H2,32,PX_H2,H2_32_Tub1,H2_32
2026-04-20,Mon,Grady,P1_H2_32_Tub2_Lacerate 125,13,,missing,,W9-10,0,13,,H2,32,P1_H2,H2_32_Tub2,H2_32
2026-04-20,Mon,Grady,P1_H2_32_Tub2_Lacerate 126,13,,missing,,W9-10,0,13,,H2,32,P1_H2,H2_32_Tub2,H2_32
2026-04-20,Mon,Grady,P1_H2_32_Tub2_Lacerate 127,13,,missing,,W9-10,0,13,,H2,32,P1_H2,H2_32_Tub2,H2_32
2026-04-20,Mon,Grady,P1_H2_32_Tub2_Lacerate 128,13,10,alive,unsure,W9-10,0.7692307692,13,,H2,32,P1_H2,H2_32_Tub2,H2_32
2026-04-20,Mon,Grady,P1_H2_32_Tub2_Lacerate 129,13,10,alive,unsure,W9-10,0.7692307692,13,,H2,32,P1_H2,H2_32_Tub2,H2_32
2026-04-20,Mon,Grady,P1_H2_32_Tub2_Lacerate 130,13,,missing,,W9-10,0,13,,H2,32,P1_H2,H2_32_Tub2,H2_32
2026-04-20,Mon,Grady,P1_H2_32_Tub2_Lacerate 131,13,,missing,,W9-10,0,13,,H2,32,P1_H2,H2_32_Tub2,H2_32
2026-04-20,Mon,Grady,P3_H2_32_Tub2_Lacerate 132,13,,missing,,W9-10,0,13,,H2,32,P3_H2,H2_32_Tub2,H2_32
2026-04-20,Mon,Grady,P2_H2_32_Tub2_Lacerate 133,13,13,alive,,W9-10,1,13,,H2,32,P2_H2,H2_32_Tub2,H2_32
2026-04-20,Mon,Grady,P1_H2_32_Tub2_Lacerate 134,10,2,alive,,W9-10,0.2,10,,H2,32,P1_H2,H2_32_Tub2,H2_32
2026-04-20,Mon,Grady,P1_H2_32_Tub2_Lacerate 135,10,5,alive,,W9-10,0.5,10,,H2,32,P1_H2,H2_32_Tub2,H2_32
2026-04-20,Mon,Grady,P2_H2_32_Tub2_Lacerate 136,9,6,alive,unsure,W9-10,0.6666666667,9,,H2,32,P2_H2,H2_32_Tub2,H2_32
2026-04-20,Mon,Grady,PX_H2_32_Tub2_Lacerate 137,9,,missing,,W9-10,0,9,,H2,32,PX_H2,H2_32_Tub2,H2_32
2026-04-20,Mon,Grady,PX_H2_32_Tub2_Lacerate 138,9,2,alive,,W9-10,0.2222222222,9,,H2,32,PX_H2,H2_32_Tub2,H2_32
2026-04-20,Mon,Grady,PX_H2_32_Tub2_Lacerate 139,9,9,alive,unsure,W9-10,1,9,,H2,32,PX_H2,H2_32_Tub2,H2_32
2026-04-20,Mon,Grady,P1_H2_32_Tub2_Lacerate 140,9,14,alive,unsure,W9-10,1.555555556,9,,H2,32,P1_H2,H2_32_Tub2,H2_32
2026-04-20,Mon,Grady,PX_H2_32_Tub2_Lacerate 141,7,11,alive,unsure,W9-10,1.571428571,7,,H2,32,PX_H2,H2_32_Tub2,H2_32
2026-04-20,Mon,Grady,PX_H2_32_Tub2_Lacerate 142,7,,missing,,W9-10,0,7,,H2,32,PX_H2,H2_32_Tub2,H2_32
2026-04-20,Mon,Grady,P2_H2_32_Tub2_Lacerate 143,7,10,alive,,W9-10,1.428571429,7,,H2,32,P2_H2,H2_32_Tub2,H2_32
2026-04-20,Mon,Grady,P2_H2_32_Tub2_Lacerate 144,7,5,alive,,W9-10,0.7142857143,7,,H2,32,P2_H2,H2_32_Tub2,H2_32
2026-04-20,Mon,Grady,PX_H2_32_Tub2_Lacerate 145,7,12,alive,,W9-10,1.714285714,7,,H2,32,PX_H2,H2_32_Tub2,H2_32
2026-04-20,Mon,Grady,PX_H2_32_Tub2_Lacerate 146,7,10,alive,,W9-10,1.428571429,7,,H2,32,PX_H2,H2_32_Tub2,H2_32
2026-04-20,Mon,Grady,PX_H2_32_Tub2_Lacerate 147,7,,missing,,W9-10,0,7,,H2,32,PX_H2,H2_32_Tub2,H2_32
2026-04-20,Mon,Grady,PX_H2_32_Tub2_Lacerate 148,7,11,alive,,W9-10,1.571428571,7,,H2,32,PX_H2,H2_32_Tub2,H2_32
2026-04-20,Mon,Grady,PX_H2_32_Tub2_Lacerate 149,7,11,alive,,W9-10,1.571428571,7,,H2,32,PX_H2,H2_32_Tub2,H2_32
2026-04-20,Mon,Grady,PX_H2_32_Tub2_Lacerate 150,7,8,alive,unsure,W9-10,1.142857143,7,,H2,32,PX_H2,H2_32_Tub2,H2_32
2026-04-20,Mon,Grady,PX_H2_32_Tub2_Lacerate 151,7,9,alive,,W9-10,1.285714286,7,,H2,32,PX_H2,H2_32_Tub2,H2_32
2026-04-20,Mon,Grady,PX_H2_32_Tub2_Lacerate 152,7,15,alive,,W9-10,2.142857143,7,,H2,32,PX_H2,H2_32_Tub2,H2_32
2026-04-20,Mon,Grady,P3_H2_32_Tub2_Lacerate 153,6,0,alive,,W9-10,0,6,,H2,32,P3_H2,H2_32_Tub2,H2_32
2026-04-20,Mon,Grady,P2_H2_32_Tub2_Lacerate 154,6,10,alive,,W9-10,1.666666667,6,,H2,32,P2_H2,H2_32_Tub2,H2_32
2026-04-20,Mon,Grady,P2_H2_32_Tub2_Lacerate 155,6,11,alive,unsure,W9-10,1.833333333,6,,H2,32,P2_H2,H2_32_Tub2,H2_32
2026-04-20,Mon,Grady,PX_H2_32_Tub2_Lacerate 156,6,14,alive,,W9-10,2.333333333,6,,H2,32,PX_H2,H2_32_Tub2,H2_32
2026-04-20,Mon,Grady,P1_H2_32_Tub2_Lacerate 157,5,11,alive,,W9-10,2.2,5,,H2,32,P1_H2,H2_32_Tub2,H2_32
2026-04-20,Mon,Grady,P1_H2_32_Tub2_Lacerate 158,5,10,alive,,W9-10,2,5,,H2,32,P1_H2,H2_32_Tub2,H2_32
2026-04-20,Mon,Grady,P1_H2_32_Tub2_Lacerate 159,5,9,alive,unsure,W9-10,1.8,5,,H2,32,P1_H2,H2_32_Tub2,H2_32
2026-04-20,Mon,Grady,P1_H2_32_Tub2_Lacerate 160,5,8,alive,,W9-10,1.6,5,,H2,32,P1_H2,H2_32_Tub2,H2_32
2026-04-20,Mon,Grady,P3_H2_32_Tub2_Lacerate 161,5,0,alive,,W9-10,0,5,,H2,32,P3_H2,H2_32_Tub2,H2_32
2026-04-20,Mon,Grady,P3_H2_32_Tub2_Lacerate 162,5,11,alive,,W9-10,2.2,5,,H2,32,P3_H2,H2_32_Tub2,H2_32
2026-04-20,Mon,Grady,P3_H2_32_Tub2_Lacerate 163,5,6,alive,unsure,W9-10,1.2,5,,H2,32,P3_H2,H2_32_Tub2,H2_32
2026-04-20,Mon,Grady,P3_H2_32_Tub2_Lacerate 164,5,3,alive,unsure,W9-10,0.6,5,,H2,32,P3_H2,H2_32_Tub2,H2_32
2026-04-20,Mon,Grady,P3_H2_32_Tub2_Lacerate 165,5,7,alive,,W9-10,1.4,5,,H2,32,P3_H2,H2_32_Tub2,H2_32
2026-04-20,Mon,Grady,P3_H2_32_Tub2_Lacerate 166,5,7,alive,,W9-10,1.4,5,,H2,32,P3_H2,H2_32_Tub2,H2_32
2026-04-20,Mon,Grady,P2_H2_32_Tub2_Lacerate 167,5,11,alive,,W9-10,2.2,5,,H2,32,P2_H2,H2_32_Tub2,H2_32
2026-04-20,Mon,Grady,PX_H2_32_Tub2_Lacerate 168,5,3,alive,unsure,W9-10,0.6,5,,H2,32,PX_H2,H2_32_Tub2,H2_32
2026-04-20,Mon,Grady,PX_H2_32_Tub2_Lacerate 169,5,0,alive,,W9-10,0,5,,H2,32,PX_H2,H2_32_Tub2,H2_32
2026-04-20,Mon,Grady,PX_H2_32_Tub2_Lacerate 170,5,,alive,,W9-10,0,5,,H2,32,PX_H2,H2_32_Tub2,H2_32
2026-04-20,Mon,Grady,PX_H2_32_Tub2_Lacerate 171,4,9,alive,,W9-10,2.25,4,,H2,32,PX_H2,H2_32_Tub2,H2_32
2026-04-20,Mon,Grady,PX_H2_32_Tub2_Lacerate 172,4,10,alive,,W9-10,2.5,4,,H2,32,PX_H2,H2_32_Tub2,H2_32
2026-04-20,Mon,Grady,PX_H2_32_Tub2_Lacerate 173,4,,missing,"lots of the lacerates are floating, maybe they got dumped out? ",W9-10,0,4,,H2,32,PX_H2,H2_32_Tub2,H2_32
2026-04-20,Mon,Grady,PX_H2_32_Tub2_Lacerate 174,4,,missing,,W9-10,0,4,,H2,32,PX_H2,H2_32_Tub2,H2_32
2026-04-20,Mon,Grady,PX_H2_32_Tub2_Lacerate 175,4,7,alive,,W9-10,1.75,4,,H2,32,PX_H2,H2_32_Tub2,H2_32
2026-04-20,Mon,Grady,PX_H2_32_Tub2_Lacerate 176,2,9,alive,,W9-10,4.5,2,,H2,32,PX_H2,H2_32_Tub2,H2_32
2026-04-20,Mon,Grady,PX_H2_32_Tub2_Lacerate 177,2,8,alive,,W9-10,4,2,,H2,32,PX_H2,H2_32_Tub2,H2_32
2026-04-20,Mon,Grady,PX_H2_32_Tub2_Lacerate 178,2,6,alive,,W9-10,3,2,,H2,32,PX_H2,H2_32_Tub2,H2_32
2026-04-20,Mon,Grady,PX_H2_32_Tub2_Lacerate 179,2,,missing,,W9-10,0,2,,H2,32,PX_H2,H2_32_Tub2,H2_32
2026-04-20,Mon,Grady,PX_H2_32_Tub2_Lacerate 180,2,8,alive,,W9-10,4,2,,H2,32,PX_H2,H2_32_Tub2,H2_32
2026-04-20,Mon,Grady,PX_H2_32_Tub2_Lacerate 181,1,,missing,,W9-10,0,1,,H2,32,PX_H2,H2_32_Tub2,H2_32
2026-04-20,Mon,Grady,PX_H2_32_Tub2_Lacerate 182,1,12,alive,,W9-10,12,1,,H2,32,PX_H2,H2_32_Tub2,H2_32
2026-04-20,Mon,Grady,P1_H2_32_Tub3_Lacerate 115,13,10,alive,,W9-10,0.7692307692,13,,H2,32,P1_H2,H2_32_Tub3,H2_32
2026-04-20,Mon,Grady,P2_H2_32_Tub3_Lacerate 116,13,,missing,,W9-10,0,13,,H2,32,P2_H2,H2_32_Tub3,H2_32
2026-04-20,Mon,Grady,P2_H2_32_Tub3_Lacerate 117,13,12,alive,,W9-10,0.9230769231,13,,H2,32,P2_H2,H2_32_Tub3,H2_32
2026-04-20,Mon,Grady,P2_H2_32_Tub3_Lacerate 118,13,,missing,,W9-10,0,13,,H2,32,P2_H2,H2_32_Tub3,H2_32
2026-04-20,Mon,Grady,P2_H2_32_Tub3_Lacerate 119,13,10,alive,,W9-10,0.7692307692,13,,H2,32,P2_H2,H2_32_Tub3,H2_32
2026-04-20,Mon,Grady,P3_H2_32_Tub3_Lacerate 120,13,9,alive,unsure,W9-10,0.6923076923,13,,H2,32,P3_H2,H2_32_Tub3,H2_32
2026-04-20,Mon,Grady,P3_H2_32_Tub3_Lacerate 121,13,8,alive,,W9-10,0.6153846154,13,,H2,32,P3_H2,H2_32_Tub3,H2_32
2026-04-20,Mon,Grady,P3_H2_32_Tub3_Lacerate 122,13,8,alive,,W9-10,0.6153846154,13,,H2,32,P3_H2,H2_32_Tub3,H2_32
2026-04-20,Mon,Grady,P3_H2_32_Tub3_Lacerate 123,13,12,alive,,W9-10,0.9230769231,13,,H2,32,P3_H2,H2_32_Tub3,H2_32
2026-04-20,Mon,Grady,P3_H2_32_Tub3_Lacerate 124,13,11,alive,unsure,W9-10,0.8461538462,13,,H2,32,P3_H2,H2_32_Tub3,H2_32
2026-04-20,Mon,Grady,P2_H2_32_Tub3_Lacerate 125,11,,missing,,W9-10,0,11,,H2,32,P2_H2,H2_32_Tub3,H2_32
2026-04-20,Mon,Grady,P3_H2_32_Tub3_Lacerate 126,11,6,alive,,W9-10,0.5454545455,11,,H2,32,P3_H2,H2_32_Tub3,H2_32
2026-04-20,Mon,Grady,P1_H2_32_Tub3_Lacerate 127,11,10,alive,,W9-10,0.9090909091,11,,H2,32,P1_H2,H2_32_Tub3,H2_32
2026-04-20,Mon,Grady,PX_H2_32_Tub3_Lacerate 128,9,18,alive,,W9-10,2,9,,H2,32,PX_H2,H2_32_Tub3,H2_32
2026-04-20,Mon,Grady,PX_H2_32_Tub3_Lacerate 129,9,12,alive,,W9-10,1.333333333,9,,H2,32,PX_H2,H2_32_Tub3,H2_32
2026-04-20,Mon,Grady,PX_H2_32_Tub3_Lacerate 130,9,9,alive,,W9-10,1,9,,H2,32,PX_H2,H2_32_Tub3,H2_32
2026-04-20,Mon,Grady,PX_H2_32_Tub3_Lacerate 131,7,11,alive,,W9-10,1.571428571,7,,H2,32,PX_H2,H2_32_Tub3,H2_32
2026-04-20,Mon,Grady,PX_H2_32_Tub3_Lacerate 132,7,9,alive,,W9-10,1.285714286,7,,H2,32,PX_H2,H2_32_Tub3,H2_32
2026-04-20,Mon,Grady,PX_H2_32_Tub3_Lacerate 133,7,11,alive,,W9-10,1.571428571,7,,H2,32,PX_H2,H2_32_Tub3,H2_32
2026-04-20,Mon,Grady,PX_H2_32_Tub3_Lacerate 134,7,6,alive,,W9-10,0.8571428571,7,,H2,32,PX_H2,H2_32_Tub3,H2_32
2026-04-20,Mon,Grady,PX_H2_32_Tub3_Lacerate 135,7,12,alive,unsure,W9-10,1.714285714,7,,H2,32,PX_H2,H2_32_Tub3,H2_32
2026-04-20,Mon,Grady,P1_H2_32_Tub3_Lacerate 136,6,7,alive,,W9-10,1.166666667,6,,H2,32,P1_H2,H2_32_Tub3,H2_32
2026-04-20,Mon,Grady,P1_H2_32_Tub3_Lacerate 137,6,8,alive,,W9-10,1.333333333,6,,H2,32,P1_H2,H2_32_Tub3,H2_32
2026-04-20,Mon,Grady,PX_H2_32_Tub3_Lacerate 138,5,8,alive,unsure,W9-10,1.6,5,,H2,32,PX_H2,H2_32_Tub3,H2_32
2026-04-20,Mon,Grady,PX_H2_32_Tub3_Lacerate 139,5,9,alive,unsure,W9-10,1.8,5,,H2,32,PX_H2,H2_32_Tub3,H2_32
2026-04-20,Mon,Grady,PX_H2_32_Tub3_Lacerate 140,5,11,alive,unsure,W9-10,2.2,5,,H2,32,PX_H2,H2_32_Tub3,H2_32
2026-04-20,Mon,Grady,P1_H2_32_Tub3_Lacerate 141,5,8,alive,,W9-10,1.6,5,,H2,32,P1_H2,H2_32_Tub3,H2_32
2026-04-20,Mon,Grady,P1_H2_32_Tub3_Lacerate 142,5,12,alive,,W9-10,2.4,5,,H2,32,P1_H2,H2_32_Tub3,H2_32
2026-04-20,Mon,Grady,P1_H2_32_Tub3_Lacerate 143,5,8,alive,,W9-10,1.6,5,,H2,32,P1_H2,H2_32_Tub3,H2_32
2026-04-20,Mon,Grady,P1_H2_32_Tub3_Lacerate 144,5,,missing,,W9-10,0,5,,H2,32,P1_H2,H2_32_Tub3,H2_32
2026-04-20,Mon,Grady,P1_H2_32_Tub3_Lacerate 145,5,9,alive,unsure,W9-10,1.8,5,,H2,32,P1_H2,H2_32_Tub3,H2_32
2026-04-20,Mon,Grady,P1_H2_32_Tub3_Lacerate 146,5,14,alive,,W9-10,2.8,5,,H2,32,P1_H2,H2_32_Tub3,H2_32
2026-04-20,Mon,Grady,P1_H2_32_Tub3_Lacerate 147,5,8,alive,unsure,W9-10,1.6,5,,H2,32,P1_H2,H2_32_Tub3,H2_32
2026-04-20,Mon,Grady,P1_H2_32_Tub3_Lacerate 148,5,10,alive,,W9-10,2,5,,H2,32,P1_H2,H2_32_Tub3,H2_32
2026-04-20,Mon,Grady,P1_H2_32_Tub3_Lacerate 149,4,9,alive,,W9-10,2.25,4,,H2,32,P1_H2,H2_32_Tub3,H2_32
2026-04-20,Mon,Grady,P1_H2_32_Tub3_Lacerate 150,4,10,alive,,W9-10,2.5,4,,H2,32,P1_H2,H2_32_Tub3,H2_32
2026-04-20,Mon,Grady,PX_H2_32_Tub3_Lacerate 151,1,,missing,,W9-10,0,1,,H2,32,PX_H2,H2_32_Tub3,H2_32
2026-04-20,Mon,Grady,P2_VWA_32_Tub1_Lacerate 103,13,,missing,,W9-10,0,13,,VWA,32,P2_VWA,VWA_32_Tub1,VWA_32
2026-04-20,Mon,Grady,PX_VWA_32_Tub1_Lacerate 104,13,15,alive,,W9-10,1.153846154,13,,VWA,32,PX_VWA,VWA_32_Tub1,VWA_32
2026-04-20,Mon,Grady,PX_VWA_32_Tub1_Lacerate 105,13,12,alive,,W9-10,0.9230769231,13,,VWA,32,PX_VWA,VWA_32_Tub1,VWA_32
2026-04-20,Mon,Grady,P1_VWA_32_Tub1_Lacerate 106,13,,missing,,W9-10,0,13,,VWA,32,P1_VWA,VWA_32_Tub1,VWA_32
2026-04-20,Mon,Grady,P1_VWA_32_Tub1_Lacerate 107,13,0,alive,,W9-10,0,13,,VWA,32,P1_VWA,VWA_32_Tub1,VWA_32
2026-04-20,Mon,Grady,P1_VWA_32_Tub1_Lacerate 108,13,,missing,,W9-10,0,13,,VWA,32,P1_VWA,VWA_32_Tub1,VWA_32
2026-04-20,Mon,Grady,P1_VWA_32_Tub1_Lacerate 109,13,,missing,,W9-10,0,13,,VWA,32,P1_VWA,VWA_32_Tub1,VWA_32
2026-04-20,Mon,Grady,PX_VWA_32_Tub1_Lacerate 110,13,13,alive,,W9-10,1,13,,VWA,32,PX_VWA,VWA_32_Tub1,VWA_32
2026-04-20,Mon,Grady,PX_VWA_32_Tub1_Lacerate 111,13,,missing,,W9-10,0,13,,VWA,32,PX_VWA,VWA_32_Tub1,VWA_32
2026-04-20,Mon,Grady,P2_VWA_32_Tub1_Lacerate 112,13,,missing,,W9-10,0,13,,VWA,32,P2_VWA,VWA_32_Tub1,VWA_32
2026-04-20,Mon,Grady,P2_VWA_32_Tub1_Lacerate 113,13,,missing,,W9-10,0,13,,VWA,32,P2_VWA,VWA_32_Tub1,VWA_32
2026-04-20,Mon,Grady,P3_VWA_32_Tub1_Lacerate 114,11,12,alive,,W9-10,1.090909091,11,,VWA,32,P3_VWA,VWA_32_Tub1,VWA_32
2026-04-20,Mon,Grady,P3_VWA_32_Tub1_Lacerate 115,11,10,alive,,W9-10,0.9090909091,11,,VWA,32,P3_VWA,VWA_32_Tub1,VWA_32
2026-04-20,Mon,Grady,P3_VWA_32_Tub1_Lacerate 116,11,,missing,,W9-10,0,11,,VWA,32,P3_VWA,VWA_32_Tub1,VWA_32
2026-04-20,Mon,Grady,P3_VWA_32_Tub1_Lacerate 117,11,,missing,,W9-10,0,11,,VWA,32,P3_VWA,VWA_32_Tub1,VWA_32
2026-04-20,Mon,Grady,P3_VWA_32_Tub1_Lacerate 118,11,,missing,,W9-10,0,11,,VWA,32,P3_VWA,VWA_32_Tub1,VWA_32
2026-04-20,Mon,Grady,P3_VWA_32_Tub1_Lacerate 119,11,,missing,,W9-10,0,11,,VWA,32,P3_VWA,VWA_32_Tub1,VWA_32
2026-04-20,Mon,Grady,PX_VWA_32_Tub1_Lacerate 120,9,16,alive,unsure,W9-10,1.777777778,9,,VWA,32,PX_VWA,VWA_32_Tub1,VWA_32
2026-04-20,Mon,Grady,PX_VWA_32_Tub1_Lacerate 121,7,11,alive,,W9-10,1.571428571,7,,VWA,32,PX_VWA,VWA_32_Tub1,VWA_32
2026-04-20,Mon,Grady,PX_VWA_32_Tub1_Lacerate 122,7,12,alive,,W9-10,1.714285714,7,,VWA,32,PX_VWA,VWA_32_Tub1,VWA_32
2026-04-20,Mon,Grady,PX_VWA_32_Tub1_Lacerate 123,7,19,alive,,W9-10,2.714285714,7,,VWA,32,PX_VWA,VWA_32_Tub1,VWA_32
2026-04-20,Mon,Grady,PX_VWA_32_Tub1_Lacerate 124,7,19,alive,,W9-10,2.714285714,7,,VWA,32,PX_VWA,VWA_32_Tub1,VWA_32
2026-04-20,Mon,Grady,PX_VWA_32_Tub1_Lacerate 125,7,,missing,,W9-10,0,7,,VWA,32,PX_VWA,VWA_32_Tub1,VWA_32
2026-04-20,Mon,Grady,P2_VWA_32_Tub1_Lacerate 126,7,12,alive,unsure,W9-10,1.714285714,7,,VWA,32,P2_VWA,VWA_32_Tub1,VWA_32
2026-04-20,Mon,Grady,P2_VWA_32_Tub1_Lacerate 127,7,12,alive,,W9-10,1.714285714,7,,VWA,32,P2_VWA,VWA_32_Tub1,VWA_32
2026-04-20,Mon,Grady,P2_VWA_32_Tub1_Lacerate 128,7,,missing,,W9-10,0,7,,VWA,32,P2_VWA,VWA_32_Tub1,VWA_32
2026-04-20,Mon,Grady,P2_VWA_32_Tub1_Lacerate 129,7,12,alive,unsure,W9-10,1.714285714,7,,VWA,32,P2_VWA,VWA_32_Tub1,VWA_32
2026-04-20,Mon,Grady,P2_VWA_32_Tub1_Lacerate 130,7,11,alive,,W9-10,1.571428571,7,,VWA,32,P2_VWA,VWA_32_Tub1,VWA_32
2026-04-20,Mon,Grady,P2_VWA_32_Tub1_Lacerate 131,7,11,alive,unsure,W9-10,1.571428571,7,,VWA,32,P2_VWA,VWA_32_Tub1,VWA_32
2026-04-20,Mon,Grady,P2_VWA_32_Tub1_Lacerate 132,6,,missing,,W9-10,0,6,,VWA,32,P2_VWA,VWA_32_Tub1,VWA_32
2026-04-20,Mon,Grady,P2_VWA_32_Tub1_Lacerate 133,5,8,alive,,W9-10,1.6,5,,VWA,32,P2_VWA,VWA_32_Tub1,VWA_32
2026-04-20,Mon,Grady,P2_VWA_32_Tub1_Lacerate 134,5,,missing,,W9-10,0,5,,VWA,32,P2_VWA,VWA_32_Tub1,VWA_32
2026-04-20,Mon,Grady,P2_VWA_32_Tub1_Lacerate 135,5,9,alive,,W9-10,1.8,5,,VWA,32,P2_VWA,VWA_32_Tub1,VWA_32
2026-04-20,Mon,Grady,P2_VWA_32_Tub1_Lacerate 136,5,8,alive,unsure,W9-10,1.6,5,,VWA,32,P2_VWA,VWA_32_Tub1,VWA_32
2026-04-20,Mon,Grady,P2_VWA_32_Tub1_Lacerate 137,4,12,alive,,W9-10,3,4,,VWA,32,P2_VWA,VWA_32_Tub1,VWA_32
2026-04-20,Mon,Grady,P2_VWA_32_Tub1_Lacerate 138,4,10,alive,,W9-10,2.5,4,,VWA,32,P2_VWA,VWA_32_Tub1,VWA_32
2026-04-20,Mon,Grady,P1_VWA_32_Tub1_Lacerate 139,4,12,alive,,W9-10,3,4,,VWA,32,P1_VWA,VWA_32_Tub1,VWA_32
2026-04-20,Mon,Grady,PX_VWA_32_Tub1_Lacerate 140,4,9,alive,,W9-10,2.25,4,,VWA,32,PX_VWA,VWA_32_Tub1,VWA_32
2026-04-20,Mon,Grady,P2_VWA_32_Tub1_Lacerate 141,4,,missing,,W9-10,0,4,,VWA,32,P2_VWA,VWA_32_Tub1,VWA_32
2026-04-20,Mon,Grady,P2_VWA_32_Tub1_Lacerate 142,4,11,alive,,W9-10,2.75,4,,VWA,32,P2_VWA,VWA_32_Tub1,VWA_32
2026-04-20,Mon,Grady,P2_VWA_32_Tub1_Lacerate 143,2,11,alive,unsure,W9-10,5.5,2,,VWA,32,P2_VWA,VWA_32_Tub1,VWA_32
2026-04-20,Mon,Grady,P3_VWA_32_Tub1_Lacerate 144,1,12,alive,,W9-10,12,1,,VWA,32,P3_VWA,VWA_32_Tub1,VWA_32
2026-04-20,Mon,Grady,P3_VWA_32_Tub1_Lacerate 145,1,12,alive,unsure,W9-10,12,1,,VWA,32,P3_VWA,VWA_32_Tub1,VWA_32
2026-04-20,Mon,Grady,P3_VWA_32_Tub1_Lacerate 146,1,12,alive,remove,W9-10,12,1,,VWA,32,P3_VWA,VWA_32_Tub1,VWA_32
2026-04-20,Mon,Grady,PX_VWA_32_Tub1_Lacerate 147,0,10,alive,,W9-10,#N/A,0,,VWA,32,PX_VWA,VWA_32_Tub1,VWA_32
2026-04-20,Mon,Grady,PX_VWA_32_Tub1_Lacerate 148,0,12,alive,,W9-10,#N/A,0,,VWA,32,PX_VWA,VWA_32_Tub1,VWA_32
2026-04-20,Mon,Grady,PX_VWA_32_Tub1_Lacerate 149,0,9,alive,,W9-10,#N/A,0,,VWA,32,PX_VWA,VWA_32_Tub1,VWA_32
2026-04-20,Mon,Grady,P2_VWA_32_Tub1_Lacerate 150,0,0,alive,,W9-10,#N/A,0,,VWA,32,P2_VWA,VWA_32_Tub1,VWA_32
2026-04-20,Mon,Grady,PX_VWA_32_Tub1_Lacerate 151,0,10,alive,,W9-10,#N/A,0,,VWA,32,PX_VWA,VWA_32_Tub1,VWA_32
2026-04-20,Mon,Grady,PX_VWA_32_Tub2_Lacerate 70,13,,missing,,W9-10,0,13,,VWA,32,PX_VWA,VWA_32_Tub2,VWA_32
2026-04-20,Mon,Grady,PX_VWA_32_Tub2_Lacerate 71,13,25,alive,,W9-10,1.923076923,13,,VWA,32,PX_VWA,VWA_32_Tub2,VWA_32
2026-04-20,Mon,Grady,PX_VWA_32_Tub2_Lacerate 72,13,15,alive,,W9-10,1.153846154,13,,VWA,32,PX_VWA,VWA_32_Tub2,VWA_32
2026-04-20,Mon,Grady,PX_VWA_32_Tub2_Lacerate 73,13,12,alive,,W9-10,0.9230769231,13,,VWA,32,PX_VWA,VWA_32_Tub2,VWA_32
2026-04-20,Mon,Grady,P1_VWA_32_Tub2_Lacerate 74,13,,missing,,W9-10,0,13,,VWA,32,P1_VWA,VWA_32_Tub2,VWA_32
2026-04-20,Mon,Grady,P1_VWA_32_Tub2_Lacerate 75,13,,missing,,W9-10,0,13,,VWA,32,P1_VWA,VWA_32_Tub2,VWA_32
2026-04-20,Mon,Grady,P1_VWA_32_Tub2_Lacerate 76,13,13,alive,,W9-10,1,13,,VWA,32,P1_VWA,VWA_32_Tub2,VWA_32
2026-04-20,Mon,Grady,P1_VWA_32_Tub2_Lacerate 77,13,,missing,,W9-10,0,13,,VWA,32,P1_VWA,VWA_32_Tub2,VWA_32
2026-04-20,Mon,Grady,P1_VWA_32_Tub2_Lacerate 78,13,,missing,,W9-10,0,13,,VWA,32,P1_VWA,VWA_32_Tub2,VWA_32
2026-04-20,Mon,Grady,P1_VWA_32_Tub2_Lacerate 79,11,,missing,,W9-10,0,11,,VWA,32,P1_VWA,VWA_32_Tub2,VWA_32
2026-04-20,Mon,Grady,P3_VWA_32_Tub2_Lacerate 80,7,10,alive,unsure,W9-10,1.428571429,7,,VWA,32,P3_VWA,VWA_32_Tub2,VWA_32
2026-04-20,Mon,Grady,P3_VWA_32_Tub2_Lacerate 81,7,9,alive,unsure,W9-10,1.285714286,7,,VWA,32,P3_VWA,VWA_32_Tub2,VWA_32
2026-04-20,Mon,Grady,P3_VWA_32_Tub2_Lacerate 82,7,22,alive,,W9-10,3.142857143,7,,VWA,32,P3_VWA,VWA_32_Tub2,VWA_32
2026-04-20,Mon,Grady,P1_VWA_32_Tub2_Lacerate 85,4,0,alive,unsure,W9-10,0,4,,VWA,32,P1_VWA,VWA_32_Tub2,VWA_32
2026-04-20,Mon,Grady,P2_VWA_32_Tub2_Lacerate 86,4,0,alive,,W9-10,0,4,,VWA,32,P2_VWA,VWA_32_Tub2,VWA_32
2026-04-20,Mon,Grady,PX_VWA_32_Tub2_Lacerate 87,5,10,alive,,W9-10,2,5,,VWA,32,PX_VWA,VWA_32_Tub2,VWA_32
2026-04-20,Mon,Grady,PX_VWA_32_Tub2_Lacerate 88,5,15,alive,,W9-10,3,5,,VWA,32,PX_VWA,VWA_32_Tub2,VWA_32
2026-04-20,Mon,Grady,PX_VWA_32_Tub2_Lacerate 89,5,12,alive,,W9-10,2.4,5,,VWA,32,PX_VWA,VWA_32_Tub2,VWA_32
2026-04-20,Mon,Grady,P1_VWA_32_Tub2_Lacerate 90,5,8,alive,,W9-10,1.6,5,,VWA,32,P1_VWA,VWA_32_Tub2,VWA_32
2026-04-20,Mon,Grady,P1_VWA_32_Tub2_Lacerate 91,5,10,alive,unsure,W9-10,2,5,,VWA,32,P1_VWA,VWA_32_Tub2,VWA_32
2026-04-20,Mon,Grady,P2_VWA_32_Tub2_Lacerate 92,5,6,alive,,W9-10,1.2,5,,VWA,32,P2_VWA,VWA_32_Tub2,VWA_32
2026-04-20,Mon,Grady,P2_VWA_32_Tub2_Lacerate 93,4,13,alive,,W9-10,3.25,4,,VWA,32,P2_VWA,VWA_32_Tub2,VWA_32
2026-04-20,Mon,Grady,P2_VWA_32_Tub2_Lacerate 94,4,7,alive,,W9-10,1.75,4,,VWA,32,P2_VWA,VWA_32_Tub2,VWA_32
2026-04-20,Mon,Grady,P2_VWA_32_Tub2_Lacerate 95,4,10,alive,unsure,W9-10,2.5,4,,VWA,32,P2_VWA,VWA_32_Tub2,VWA_32
2026-04-20,Mon,Grady,P2_VWA_32_Tub2_Lacerate 96,4,17,alive,,W9-10,4.25,4,,VWA,32,P2_VWA,VWA_32_Tub2,VWA_32
2026-04-20,Mon,Grady,P2_VWA_32_Tub2_Lacerate 97,4,7,alive,unsure,W9-10,1.75,4,,VWA,32,P2_VWA,VWA_32_Tub2,VWA_32
2026-04-20,Mon,Grady,P2_VWA_32_Tub2_Lacerate 98,4,12,alive,,W9-10,3,4,,VWA,32,P2_VWA,VWA_32_Tub2,VWA_32
2026-04-20,Mon,Grady,P2_VWA_32_Tub2_Lacerate 99,4,,missing,,W9-10,0,4,,VWA,32,P2_VWA,VWA_32_Tub2,VWA_32
2026-04-20,Mon,Grady,P1_VWA_32_Tub2_Lacerate 100,1,12,alive,,W9-10,12,1,,VWA,32,P1_VWA,VWA_32_Tub2,VWA_32
2026-04-20,Mon,Grady,P1_VWA_32_Tub2_Lacerate 101,1,12,alive,,W9-10,12,1,,VWA,32,P1_VWA,VWA_32_Tub2,VWA_32
2026-04-20,Mon,Grady,P3_VWA_32_Tub2_Lacerate 102,1,0,alive,,W9-10,0,1,,VWA,32,P3_VWA,VWA_32_Tub2,VWA_32
2026-04-20,Mon,Grady,P3_VWA_32_Tub2_Lacerate 103,1,9,alive,,W9-10,9,1,,VWA,32,P3_VWA,VWA_32_Tub2,VWA_32
2026-04-20,Mon,Grady,P3_VWA_32_Tub2_Lacerate 104,1,0,alive,,W9-10,0,1,,VWA,32,P3_VWA,VWA_32_Tub2,VWA_32
2026-04-20,Mon,Grady,P1_VWA_32_Tub2_Lacerate 105,1,0,alive,,W9-10,0,1,,VWA,32,P1_VWA,VWA_32_Tub2,VWA_32
2026-04-20,Mon,Grady,P3_VWA_32_Tub3_Lacerate 65,13,,missing,,W9-10,0,13,,VWA,32,P3_VWA,VWA_32_Tub3,VWA_32
2026-04-20,Mon,Grady,P3_VWA_32_Tub3_Lacerate 66,13,,missing,,W9-10,0,13,,VWA,32,P3_VWA,VWA_32_Tub3,VWA_32
2026-04-20,Mon,Grady,P3_VWA_32_Tub3_Lacerate 67,13,13,alive,unsure,W9-10,1,13,,VWA,32,P3_VWA,VWA_32_Tub3,VWA_32
2026-04-20,Mon,Grady,P1_VWA_32_Tub3_Lacerate 68,13,9,alive,unsure,W9-10,0.6923076923,13,,VWA,32,P1_VWA,VWA_32_Tub3,VWA_32
2026-04-20,Mon,Grady,P1_VWA_32_Tub3_Lacerate 69,13,15,alive,,W9-10,1.153846154,13,,VWA,32,P1_VWA,VWA_32_Tub3,VWA_32
2026-04-20,Mon,Grady,P3_VWA_32_Tub3_Lacerate 70,13,,missing,,W9-10,0,13,,VWA,32,P3_VWA,VWA_32_Tub3,VWA_32
2026-04-20,Mon,Grady,P3_VWA_32_Tub3_Lacerate 71,13,10,alive,,W9-10,0.7692307692,13,,VWA,32,P3_VWA,VWA_32_Tub3,VWA_32
2026-04-20,Mon,Grady,P3_VWA_32_Tub3_Lacerate 72,11,10,alive,,W9-10,0.9090909091,11,,VWA,32,P3_VWA,VWA_32_Tub3,VWA_32
2026-04-20,Mon,Grady,P1_VWA_32_Tub3_Lacerate 73,10,17,alive,unsure,W9-10,1.7,10,,VWA,32,P1_VWA,VWA_32_Tub3,VWA_32
2026-04-20,Mon,Grady,P3_VWA_32_Tub3_Lacerate 74,10,8,alive,,W9-10,0.8,10,,VWA,32,P3_VWA,VWA_32_Tub3,VWA_32
2026-04-20,Mon,Grady,PX_VWA_32_Tub3_Lacerate 75,7,,missing,,W9-10,0,7,,VWA,32,PX_VWA,VWA_32_Tub3,VWA_32
2026-04-20,Mon,Grady,PX_VWA_32_Tub3_Lacerate 76,7,10,alive,,W9-10,1.428571429,7,,VWA,32,PX_VWA,VWA_32_Tub3,VWA_32
2026-04-20,Mon,Grady,PX_VWA_32_Tub3_Lacerate 77,6,8,alive,,W9-10,1.333333333,6,,VWA,32,PX_VWA,VWA_32_Tub3,VWA_32
2026-04-20,Mon,Grady,PX_VWA_32_Tub3_Lacerate 78,6,11,alive,,W9-10,1.833333333,6,,VWA,32,PX_VWA,VWA_32_Tub3,VWA_32
2026-04-20,Mon,Grady,PX_VWA_32_Tub3_Lacerate 79,5,8,alive,unsure,W9-10,1.6,5,,VWA,32,PX_VWA,VWA_32_Tub3,VWA_32
2026-04-20,Mon,Grady,PX_VWA_32_Tub3_Lacerate 80,5,16,alive,unsure,W9-10,3.2,5,,VWA,32,PX_VWA,VWA_32_Tub3,VWA_32
2026-04-20,Mon,Grady,PX_VWA_32_Tub3_Lacerate 81,4,9,alive,,W9-10,2.25,4,,VWA,32,PX_VWA,VWA_32_Tub3,VWA_32
2026-04-20,Mon,Grady,PX_VWA_32_Tub3_Lacerate 82,4,12,alive,unsure,W9-10,3,4,,VWA,32,PX_VWA,VWA_32_Tub3,VWA_32
2026-04-20,Mon,Grady,PX_VWA_32_Tub3_Lacerate 83,4,12,alive,,W9-10,3,4,,VWA,32,PX_VWA,VWA_32_Tub3,VWA_32
2026-04-20,Mon,Grady,P3_VWA_32_Tub3_Lacerate 84,0,17,alive,,W9-10,#N/A,0,,VWA,32,P3_VWA,VWA_32_Tub3,VWA_32
2026-04-20,Mon,Grady,P3_VWA_32_Tub3_Lacerate 85,0,10,alive,,W9-10,#N/A,0,,VWA,32,P3_VWA,VWA_32_Tub3,VWA_32
2026-04-20,Mon,Grady,P3_VWA_32_Tub3_Lacerate 86,0,9,alive,,W9-10,#N/A,0,,VWA,32,P3_VWA,VWA_32_Tub3,VWA_32
2026-04-20,Mon,Grady,P2_VWA_32_Tub3_Lacerate 87,0,9,alive,,W9-10,#N/A,0,,VWA,32,P2_VWA,VWA_32_Tub3,VWA_32
2026-04-20,Mon,Grady,P2_VWA_32_Tub3_Lacerate 88,0,5,alive,,W9-10,#N/A,0,,VWA,32,P2_VWA,VWA_32_Tub3,VWA_32