,Label,Area,Mean,Min,Max,MinThr,MaxThr,Type,%,Region,notes,,plate,well,sym,temp,treatment,day,,calculation
1,Snap-1166.czi,17561.362,771.796,200,3019,0,0,0,0,Pedal disc,IGNORE,,IGNORE,,IGNORE,IGNORE,IGNORE,IGNORE,,x
2,Snap-1165.czi,13239.024,772.083,0,3223,0,0,0,0,Pedal disc,IGNORE,,IGNORE,,IGNORE,IGNORE,IGNORE,IGNORE,,x
3,Snap-1168.czi,17238.538,611.751,229,1148,0,0,0,0,Pedal disc,IGNORE,,IGNORE,,IGNORE,IGNORE,IGNORE,IGNORE,,x
4,Snap-1167.czi,17238.538,462.277,0,3256,0,0,0,0,Pedal disc,IGNORE,,IGNORE,,IGNORE,IGNORE,IGNORE,IGNORE,,x
5,Snap-1170.czi,16333.204,607.656,241,1485,0,65535,Tentacle Area,0,Pedal disc,IGNORE,,IGNORE,,IGNORE,IGNORE,IGNORE,IGNORE,,x
6,Snap-1169.czi,5749.639,697.98,461,3136,461,65535,Symbiont Area,35.202,Pedal disc,IGNORE,,IGNORE,,IGNORE,IGNORE,IGNORE,IGNORE,,x
1,Snap-9348.czi,98.39,127.524,62,1026,0,65535,Tentacle Area,0,Pedal disc,,,1,A1,Sym,Control,Sym-Control,0,,0
2,Snap-9347.czi,21.993,585.763,363,2817,363,65535,Symbiont Area,22.353,Pedal disc,,,1,A1,Sym,Control,Sym-Control,0,,22.35288139
3,Snap-9350.czi,82.955,208.133,117,635,0,65535,Tentacle Area,0,Pedal disc,,,1,A2,Sym,Control,Sym-Control,0,,0
4,Snap-9349.czi,24.499,760.615,472,2808,472,65535,Symbiont Area,29.533,Pedal disc,,,1,A2,Sym,Control,Sym-Control,0,,29.53287927
5,Snap-9352.czi,79.427,131.216,69,1036,0,65535,Tentacle Area,0,Pedal disc,,,1,A3,Sym,Control,Sym-Control,0,,0
6,Snap-9351.czi,22.922,765.878,474,2227,474,65535,Symbiont Area,28.859,Pedal disc,,,1,A3,Sym,Control,Sym-Control,0,,28.85920405
7,Snap-9354.czi,120.853,218.488,118,498,0,65535,Tentacle Area,0,Pedal disc,,,1,A4,Sym,Control,Sym-Control,0,,0
8,Snap-9353.czi,10.958,862.218,498,2488,498,65535,Symbiont Area,9.067,Pedal disc,,,1,A4,Sym,Control,Sym-Control,0,,9.067213888
9,Snap-9356.czi,85.238,161.419,67,658,0,65535,Tentacle Area,0,Pedal disc,,,1,A5,Sym,Control,Sym-Control,0,,0
10,Snap-9355.czi,20.396,928.009,573,3318,573,65535,Symbiont Area,23.928,Pedal disc,,,1,A5,Sym,Control,Sym-Control,0,,23.92829489
11,Snap-9358.czi,128.116,131.461,51,1319,0,65535,Tentacle Area,0,Pedal disc,,,1,A6,Sym,Control,Sym-Control,0,,0
12,Snap-9357.czi,31.295,814.69,497,3016,497,65535,Symbiont Area,24.427,Pedal disc,,,1,A6,Sym,Control,Sym-Control,0,,24.42708171
13,Snap-9360.czi,61.925,267.824,157,1384,0,65535,Tentacle Area,0,Pedal disc,,,1,B1,Sym,Control,Sym-Control,0,,0
14,Snap-9359.czi,16.399,700.097,429,2669,429,65535,Symbiont Area,26.482,Pedal disc,,,1,B1,Sym,Control,Sym-Control,0,,26.48203472
15,Snap-9362.czi,18.874,342.217,197,993,0,65535,Tentacle Area,0,Pedal disc,,,1,B2,Sym,Control,Sym-Control,0,,0
16,Snap-9361.czi,4.206,1142.78,688,2941,688,65535,Symbiont Area,22.285,Pedal disc,,,1,B2,Sym,Control,Sym-Control,0,,22.28462435
17,Snap-9364.czi,69.394,118.148,56,406,0,65535,Tentacle Area,0,Pedal disc,,,1,B3,Sym,Control,Sym-Control,0,,0
18,Snap-9363.czi,24.246,719.182,457,2358,457,65535,Symbiont Area,34.939,Pedal disc,,,1,B3,Sym,Control,Sym-Control,0,,34.93962014
19,Snap-9366.czi,63.509,209.698,137,979,0,65535,Tentacle Area,0,Pedal disc,,,1,B4,Sym,Control,Sym-Control,0,,0
20,Snap-9365.czi,22.316,729.557,465,2043,465,65535,Symbiont Area,35.139,Pedal disc,,,1,B4,Sym,Control,Sym-Control,0,,35.13832685
21,Snap-9368.czi,27.283,166.481,87,696,0,65535,Tentacle Area,0,Pedal disc,,,1,B5,Sym,Control,Sym-Control,0,,0
22,Snap-9367.czi,9.316,871.791,547,2206,547,65535,Symbiont Area,34.148,Pedal disc,,,1,B5,Sym,Control,Sym-Control,0,,34.14580508
23,Snap-9370.czi,44.413,114.896,59,535,0,65535,Tentacle Area,0,Pedal disc,,,1,B6,Sym,Control,Sym-Control,0,,0
24,Snap-9369.czi,11.891,769.929,470,2503,470,65535,Symbiont Area,26.773,Pedal disc,,,1,B6,Sym,Control,Sym-Control,0,,26.77369239
27,Snap-9372.czi,77.07,164.659,87,865,0,65535,Tentacle Area,0,Pedal disc,,,1,C1,Sym,Control,Sym-Control,0,,0
28,Snap-9371.czi,30.911,906.209,582,2392,582,65535,Symbiont Area,40.107,Pedal disc,,,1,C1,Sym,Control,Sym-Control,0,,40.1076943
29,Snap-9374.czi,51.658,216.647,144,1090,0,65535,Tentacle Area,0,Pedal disc,,,1,C2,Sym,Control,Sym-Control,0,,0
30,Snap-9373.czi,20.568,912.647,578,2199,578,65535,Symbiont Area,39.816,Pedal disc,,,1,C2,Sym,Control,Sym-Control,0,,39.81571102
33,Snap-9376.czi,58.915,188.588,97,797,0,65535,Tentacle Area,0,Pedal disc,,,1,C3,Sym,Control,Sym-Control,0,,0
34,Snap-9375.czi,16.792,1088.198,658,2780,658,65535,Symbiont Area,28.502,Pedal disc,,,1,C3,Sym,Control,Sym-Control,0,,28.50207927
35,Snap-9378.czi,54.748,192.968,119,636,0,65535,Tentacle Area,0,Pedal disc,,,1,C4,Sym,Control,Sym-Control,0,,0
36,Snap-9377.czi,17.052,909.856,593,2364,593,65535,Symbiont Area,31.146,Pedal disc,,,1,C4,Sym,Control,Sym-Control,0,,31.14634325
37,Snap-9380.czi,156.087,137.708,72,1089,0,65535,Tentacle Area,0,Pedal disc,,,1,C5,Sym,Control,Sym-Control,0,,0
38,Snap-9379.czi,30.263,443.951,271,2562,271,65535,Symbiont Area,19.388,Pedal disc,,,1,C5,Sym,Control,Sym-Control,0,,19.38854613
39,Snap-9382.czi,87.93,206.504,120,967,0,65535,Tentacle Area,0,Pedal disc,,,1,C6,Sym,Control,Sym-Control,0,,0
40,Snap-9381.czi,31.636,691.828,434,1626,434,65535,Symbiont Area,35.979,Pedal disc,,,1,C6,Sym,Control,Sym-Control,0,,35.97861936
41,Snap-9384.czi,116.583,164.238,93,649,0,65535,Tentacle Area,0,Pedal disc,,,1,D1,Sym,Control,Sym-Control,0,,0
42,Snap-9383.czi,23.472,690.092,421,2450,421,65535,Symbiont Area,20.133,Pedal disc,,,1,D1,Sym,Control,Sym-Control,0,,20.13329559
43,Snap-9388.czi,20.06,244.009,150,936,0,65535,Tentacle Area,0,Pedal disc,,,1,D3,Sym,Control,Sym-Control,0,,0
44,Snap-9387.czi,6.971,1377.012,859,2807,859,65535,Symbiont Area,34.75,Pedal disc,,,1,D3,Sym,Control,Sym-Control,0,,34.75074776
45,Snap-9390.czi,64.603,222.915,139,1629,0,65535,Tentacle Area,0,Pedal disc,,,1,D4,Sym,Control,Sym-Control,0,,0
46,Snap-9389.czi,10.923,762.388,453,2819,453,65535,Symbiont Area,16.908,Pedal disc,,,1,D4,Sym,Control,Sym-Control,0,,16.90788353
47,Snap-9392.czi,66.83,204.341,130,901,0,65535,Tentacle Area,0,Pedal disc,,,1,D5,Sym,Control,Sym-Control,0,,0
48,Snap-9391.czi,18.764,693.301,430,2130,430,65535,Symbiont Area,28.077,Pedal disc,,,1,D5,Sym,Control,Sym-Control,0,,28.07721083
49,Snap-9394.czi,77.934,153.807,67,1172,0,65535,Tentacle Area,0,Pedal disc,,,1,D6,Sym,Control,Sym-Control,0,,0
50,Snap-9393.czi,24.634,743.723,457,2840,457,65535,Symbiont Area,31.608,Pedal disc,,,1,D6,Sym,Control,Sym-Control,0,,31.60879719
51,Snap-9546.czi,111.742,385.539,223,4095,0,65535,Tentacle Area,0,Pedal disc,,,2,A1,Sym,Control,Sym-Control,0,,0
52,Snap-9545.czi,17.598,777.467,453,3293,453,65535,Symbiont Area,15.749,Pedal disc,,,2,A1,Sym,Control,Sym-Control,0,,15.74877844
53,Snap-9548.czi,76.031,162.38,79,347,0,65535,Tentacle Area,0,Pedal disc,,,2,A2,Sym,Control,Sym-Control,0,,0
54,Snap-9547.czi,23.071,744.58,466,2463,466,65535,Symbiont Area,30.344,Pedal disc,,,2,A2,Sym,Control,Sym-Control,0,,30.34420171
55,Snap-9550.czi,87.271,279.996,161,2626,0,65535,Tentacle Area,0,Pedal disc,,,2,A3,Sym,Control,Sym-Control,0,,0
56,Snap-9549.czi,16.457,921.644,546,2625,546,65535,Symbiont Area,18.857,Pedal disc,,,2,A3,Sym,Control,Sym-Control,0,,18.85735239
57,Snap-9552.czi,50.53,438.335,318,2048,0,65535,Tentacle Area,0,Pedal disc,,,2,A4,Sym,Control,Sym-Control,0,,0
58,Snap-9551.czi,16.845,1063.148,680,2626,680,65535,Symbiont Area,33.335,Pedal disc,,,2,A4,Sym,Control,Sym-Control,0,,33.3366317
59,Snap-9554.czi,56.943,214.624,125,786,0,65535,Tentacle Area,0,Pedal disc,,,2,A5,Sym,Control,Sym-Control,0,,0
60,Snap-9553.czi,14.605,761.327,475,2472,475,65535,Symbiont Area,25.649,Pedal disc,,,2,A5,Sym,Control,Sym-Control,0,,25.64845547
61,Snap-9556.czi,25.744,616.563,446,2116,0,65535,Tentacle Area,0,Pedal disc,,,2,A6,Sym,Control,Sym-Control,0,,0
62,Snap-9555.czi,7.679,1306.675,818,2939,818,65535,Symbiont Area,29.828,Pedal disc,,,2,A6,Sym,Control,Sym-Control,0,,29.82830951
63,Snap-9558.czi,67.249,327.056,181,3765,0,65535,Tentacle Area,0,Pedal disc,,,2,B1,Sym,Control,Sym-Control,0,,0
64,Snap-9557.czi,21.457,752.472,472,2244,472,65535,Symbiont Area,31.907,Pedal disc,,,2,B1,Sym,Control,Sym-Control,0,,31.90679415
65,Snap-9560.czi,80.94,246.463,109,867,0,65535,Tentacle Area,0,Pedal disc,,,2,B2,Sym,Control,Sym-Control,0,,0
66,Snap-9559.czi,29.699,682.847,433,1904,433,65535,Symbiont Area,36.692,Pedal disc,,,2,B2,Sym,Control,Sym-Control,0,,36.69261181
67,Snap-9562.czi,45.09,467.154,314,2502,0,65535,Tentacle Area,0,Pedal disc,,,2,B3,Sym,Control,Sym-Control,0,,0
68,Snap-9561.czi,15.796,731.974,461,1946,461,65535,Symbiont Area,35.033,Pedal disc,,,2,B3,Sym,Control,Sym-Control,0,,35.03215791
69,Snap-9564.czi,55.474,547.149,355,3859,0,65535,Tentacle Area,0,Pedal disc,,,2,B4,Sym,Control,Sym-Control,0,,0
70,Snap-9563.czi,17.971,786.994,498,2237,498,65535,Symbiont Area,32.395,Pedal disc,,,2,B4,Sym,Control,Sym-Control,0,,32.39535638
71,Snap-9566.czi,54.519,372.048,210,2770,0,65535,Tentacle Area,0,Pedal disc,,,2,B5,Sym,Control,Sym-Control,0,,0
72,Snap-9565.czi,19.445,857.248,542,2880,542,65535,Symbiont Area,35.667,Pedal disc,,,2,B5,Sym,Control,Sym-Control,0,,35.6664649
73,Snap-9568.czi,81.338,411.409,227,1714,0,65535,Tentacle Area,0,Pedal disc,,,2,B6,Sym,Control,Sym-Control,0,,0
74,Snap-9567.czi,25.997,609.07,387,1737,387,65535,Symbiont Area,31.961,Pedal disc,,,2,B6,Sym,Control,Sym-Control,0,,31.96169072
75,Snap-9570.czi,83.246,400.908,239,2935,0,65535,Tentacle Area,0,Pedal disc,,,2,C1,Sym,Control,Sym-Control,0,,0
76,Snap-9569.czi,15.055,788.873,465,2079,465,65535,Symbiont Area,18.084,Pedal disc,,,2,C1,Sym,Control,Sym-Control,0,,18.08495303
79,Snap-9572.czi,103.805,394.668,229,4095,0,65535,Tentacle Area,0,Pedal disc,,,2,C2,Sym,Control,Sym-Control,0,,0
80,Snap-9571.czi,23.452,718.072,431,2619,431,65535,Symbiont Area,22.592,Pedal disc,,,2,C2,Sym,Control,Sym-Control,0,,22.59236068
81,Snap-9574.czi,107.995,402.672,248,1837,0,65535,Tentacle Area,0,Pedal disc,,,2,C3,Sym,Control,Sym-Control,0,,0
82,Snap-9573.czi,26.63,510.297,315,1864,315,65535,Symbiont Area,24.658,Pedal disc,,,2,C3,Sym,Control,Sym-Control,0,,24.65854901
83,Snap-9576.czi,57.132,320.051,159,1807,0,65535,Tentacle Area,0,Pedal disc,,,2,C4,Sym,Control,Sym-Control,0,,0
84,Snap-9575.czi,14.629,800.97,481,2808,481,65535,Symbiont Area,25.605,Pedal disc,,,2,C4,Sym,Control,Sym-Control,0,,25.60561507
85,Snap-9578.czi,72.385,334.615,199,1079,0,65535,Tentacle Area,0,Pedal disc,,,2,C5,Sym,Control,Sym-Control,0,,0
86,Snap-9577.czi,24.937,730.905,461,1677,461,65535,Symbiont Area,34.451,Pedal disc,,,2,C5,Sym,Control,Sym-Control,0,,34.4505077
87,Snap-9580.czi,90.945,303.55,189,983,0,65535,Tentacle Area,0,Pedal disc,,,2,C6,Sym,Control,Sym-Control,0,,0
88,Snap-9579.czi,25.407,583.398,368,2156,368,65535,Symbiont Area,27.937,Pedal disc,,,2,C6,Sym,Control,Sym-Control,0,,27.93666502
89,Snap-9582.czi,138.86,371.526,196,2162,0,65535,Tentacle Area,0,Pedal disc,,,2,D1,Sym,Control,Sym-Control,0,,0
90,Snap-9581.czi,23.715,681.351,406,2995,406,65535,Symbiont Area,17.078,Pedal disc,,,2,D1,Sym,Control,Sym-Control,0,,17.0783523
91,Snap-9584.czi,161.127,210.262,84,1098,0,65535,Tentacle Area,0,Pedal disc,,,2,D2,Sym,Control,Sym-Control,0,,0
92,Snap-9583.czi,19.325,921.632,525,3532,525,65535,Symbiont Area,11.993,Pedal disc,,,2,D2,Sym,Control,Sym-Control,0,,11.99364476
93,Snap-9586.czi,164.02,350.907,201,3670,0,65535,Tentacle Area,0,Pedal disc,,,2,D3,Sym,Control,Sym-Control,0,,0
94,Snap-9585.czi,25.493,516.724,308,2070,308,65535,Symbiont Area,15.543,Pedal disc,,,2,D3,Sym,Control,Sym-Control,0,,15.54261675
95,Snap-9588.czi,73.844,463.512,300,2081,0,65535,Tentacle Area,0,Pedal disc,,,2,D4,Sym,Control,Sym-Control,0,,0
96,Snap-9587.czi,21.702,644.504,398,2314,398,65535,Symbiont Area,29.39,Pedal disc,,,2,D4,Sym,Control,Sym-Control,0,,29.38898218
97,Snap-9590.czi,86.334,454.71,289,1546,0,65535,Tentacle Area,0,Pedal disc,,,2,D5,Sym,Control,Sym-Control,0,,0
98,Snap-9589.czi,14.981,611.164,372,2791,372,65535,Symbiont Area,17.352,Pedal disc,,,2,D5,Sym,Control,Sym-Control,0,,17.35237566
99,Snap-9592.czi,83.063,273.751,130,1775,0,65535,Tentacle Area,0,Pedal disc,,,2,D6,Sym,Control,Sym-Control,0,,0
100,Snap-9591.czi,19.065,600.132,367,3600,367,65535,Symbiont Area,22.953,Pedal disc,,,2,D6,Sym,Control,Sym-Control,0,,22.95245777
101,Snap-9643.czi,72.985,216.22,117,639,0,65535,Tentacle Area,0,Pedal disc,,,3,A1,Sym,HS,Sym-HS,0,,0
102,Snap-9642.czi,16.069,935.387,547,2031,547,65535,Symbiont Area,22.017,Pedal disc,,,3,A1,Sym,HS,Sym-HS,0,,22.01685278
153,Snap-9645.czi,160.671,392.795,209,3142,0,65535,Tentacle Area,0,Pedal disc,,,3,A2,Sym,HS,Sym-HS,0,,0
154,Snap-9644.czi,32.25,620.65,371,1982,371,65535,Symbiont Area,20.072,Pedal disc,,,3,A2,Sym,HS,Sym-HS,0,,20.07207274
105,Snap-9647.czi,90.506,156.348,92,519,0,65535,Tentacle Area,0,Pedal disc,,,3,A3,Sym,HS,Sym-HS,0,,0
106,Snap-9646.czi,19.292,944.223,556,2443,556,65535,Symbiont Area,21.316,Pedal disc,,,3,A3,Sym,HS,Sym-HS,0,,21.31571388
107,Snap-9649.czi,108.057,431.587,253,2535,0,65535,Tentacle Area,0,Pedal disc,,,3,A4,Sym,HS,Sym-HS,0,,0
108,Snap-9648.czi,30.602,666.604,407,2250,407,65535,Symbiont Area,28.32,Pedal disc,,,3,A4,Sym,HS,Sym-HS,0,,28.32023839
109,Snap-9651.czi,147.832,258.954,112,1766,0,65535,Tentacle Area,0,Pedal disc,,,3,A5,Sym,HS,Sym-HS,0,,0
110,Snap-9650.czi,31.086,799.61,483,2669,483,65535,Symbiont Area,21.028,Pedal disc,,,3,A5,Sym,HS,Sym-HS,0,,21.02792359
111,Snap-9655.czi,28.149,208.506,109,712,0,65535,Tentacle Area,0,Pedal disc,,,3,B1,Sym,HS,Sym-HS,0,,0
112,Snap-9654.czi,7.846,869.274,532,2350,532,65535,Symbiont Area,27.874,Pedal disc,,,3,B1,Sym,HS,Sym-HS,0,,27.87310384
113,Snap-9657.czi,30.2,525.85,351,2231,0,65535,Tentacle Area,0,Pedal disc,,,3,B2,Sym,HS,Sym-HS,0,,0
114,Snap-9656.czi,8.706,768.594,478,2891,478,65535,Symbiont Area,28.828,Pedal disc,,,3,B2,Sym,HS,Sym-HS,0,,28.82781457
115,Snap-9659.czi,142.068,219.785,92,1224,0,65535,Tentacle Area,0,Pedal disc,,,3,B3,Sym,HS,Sym-HS,0,,0
116,Snap-9658.czi,32.469,774.321,471,2931,471,65535,Symbiont Area,22.855,Pedal disc,,,3,B3,Sym,HS,Sym-HS,0,,22.85454853
117,Snap-9661.czi,81.267,474.859,309,2671,0,65535,Tentacle Area,0,Pedal disc,,,3,B4,Sym,HS,Sym-HS,0,,0
118,Snap-9660.czi,26.995,865.254,551,2755,551,65535,Symbiont Area,33.218,Pedal disc,,,3,B4,Sym,HS,Sym-HS,0,,33.21766523
119,Snap-9663.czi,35.143,554.33,395,1541,0,65535,Tentacle Area,0,Pedal disc,,,3,B5,Sym,HS,Sym-HS,0,,0
120,Snap-9662.czi,10.794,878.826,577,2492,577,65535,Symbiont Area,30.714,Pedal disc,,,3,B5,Sym,HS,Sym-HS,0,,30.71450929
121,Snap-9665.czi,32.433,185.062,97,796,0,65535,Tentacle Area,0,Pedal disc,,,3,B6,Sym,HS,Sym-HS,0,,0
122,Snap-9664.czi,5.8,1014.129,608,2839,608,65535,Symbiont Area,17.883,Pedal disc,,,3,B6,Sym,HS,Sym-HS,0,,17.88302038
123,Snap-9667.czi,23.147,545.547,356,3457,0,65535,Tentacle Area,0,Pedal disc,,,3,C1,Sym,HS,Sym-HS,0,,0
124,Snap-9666.czi,8.702,1183.336,750,3018,750,65535,Symbiont Area,37.595,Pedal disc,,,3,C1,Sym,HS,Sym-HS,0,,37.59450469
125,Snap-9669.czi,19.974,293.371,163,1225,0,65535,Tentacle Area,0,Pedal disc,,,3,C2,Sym,HS,Sym-HS,0,,0
126,Snap-9668.czi,8.721,1199.678,768,2440,768,65535,Symbiont Area,43.66,Pedal disc,,,3,C2,Sym,HS,Sym-HS,0,,43.66176029
131,Snap-9671.czi,34.018,558.672,405,1420,0,65535,Tentacle Area,0,Pedal disc,,,3,C3,Sym,HS,Sym-HS,0,,0
132,Snap-9670.czi,9.009,619.902,382,2345,382,65535,Symbiont Area,26.483,Pedal disc,,,3,C3,Sym,HS,Sym-HS,0,,26.48303839
133,Snap-9673.czi,96.308,681.362,173,2456,0,65535,Tentacle Area,0,Pedal disc,,,3,C4,Sym,HS,Sym-HS,0,,0
134,Snap-9672.czi,22.063,1065.56,653,2484,653,65535,Symbiont Area,22.908,Pedal disc,,,3,C4,Sym,HS,Sym-HS,0,,22.90879262
135,Snap-9675.czi,21.282,612.008,399,3840,0,65535,Tentacle Area,0,Pedal disc,,,3,C5,Sym,HS,Sym-HS,0,,0
136,Snap-9674.czi,11.013,1329.634,861,2569,861,65535,Symbiont Area,51.748,Pedal disc,,,3,C5,Sym,HS,Sym-HS,0,,51.74795602
137,Snap-9677.czi,45.814,251.382,139,1302,0,65535,Tentacle Area,0,Pedal disc,,,3,C6,Sym,HS,Sym-HS,0,,0
138,Snap-9676.czi,11.443,779.898,479,3325,479,65535,Symbiont Area,24.976,Pedal disc,,,3,C6,Sym,HS,Sym-HS,0,,24.97708124
139,Snap-9679.czi,10.966,675.908,494,3306,0,65535,Tentacle Area,0,Pedal disc,,,3,D1,Sym,HS,Sym-HS,0,,0
140,Snap-9678.czi,4.325,1532.95,958,3492,958,65535,Symbiont Area,39.439,Pedal disc,,,3,D1,Sym,HS,Sym-HS,0,,39.44008754
141,Snap-9681.czi,119.352,367.493,212,2409,0,65535,Tentacle Area,0,Pedal disc,,,3,D2,Sym,HS,Sym-HS,0,,0
142,Snap-9680.czi,36.719,642.665,403,1902,403,65535,Symbiont Area,30.765,Pedal disc,,,3,D2,Sym,HS,Sym-HS,0,,30.76529928
143,Snap-9683.czi,52.569,566.162,370,3796,0,65535,Tentacle Area,0,Pedal disc,,,3,D3,Sym,HS,Sym-HS,0,,0
144,Snap-9682.czi,17.961,850.08,531,2789,531,65535,Symbiont Area,34.167,Pedal disc,,,3,D3,Sym,HS,Sym-HS,0,,34.166524
145,Snap-9685.czi,27.996,227.887,137,667,0,65535,Tentacle Area,0,Pedal disc,,,3,D4,Sym,HS,Sym-HS,0,,0
146,Snap-9684.czi,6.699,1157.41,696,3026,696,65535,Symbiont Area,23.927,Pedal disc,,,3,D4,Sym,HS,Sym-HS,0,,23.92841835
147,Snap-9687.czi,64.897,464.814,293,2869,0,65535,Tentacle Area,0,Pedal disc,,,3,D5,Sym,HS,Sym-HS,0,,0
148,Snap-9686.czi,19.472,496.04,314,1866,314,65535,Symbiont Area,30.005,Pedal disc,,,3,D5,Sym,HS,Sym-HS,0,,30.00446862
149,Snap-9689.czi,52.628,400.055,254,1382,0,65535,Tentacle Area,0,Pedal disc,,,3,D6,Sym,HS,Sym-HS,0,,0
150,Snap-9688.czi,11.736,808.674,492,2871,492,65535,Symbiont Area,22.3,Pedal disc,,,3,D6,Sym,HS,Sym-HS,0,,22.29991639
167,Snap-9497.czi,60.81,506.905,331,2326,0,65535,Tentacle Area,0,Pedal disc,,,4,A1,Sym,HS,Sym-HS,0,,0
168,Snap-9496.czi,11.79,1024.204,614,3402,614,65535,Symbiont Area,19.387,Pedal disc,,,4,A1,Sym,HS,Sym-HS,0,,19.38825851
169,Snap-9499.czi,33.29,296.309,161,1803,0,65535,Tentacle Area,0,Pedal disc,,,4,A2,Sym,HS,Sym-HS,0,,0
170,Snap-9498.czi,14.143,1169.445,730,2459,730,65535,Symbiont Area,42.484,Pedal disc,,,4,A2,Sym,HS,Sym-HS,0,,42.4842295
171,Snap-9501.czi,35.284,438.505,170,2263,0,65535,Tentacle Area,0,Pedal disc,,,4,A3,Sym,HS,Sym-HS,0,,0
172,Snap-9500.czi,8.819,954.849,589,2460,589,65535,Symbiont Area,24.996,Pedal disc,,,4,A3,Sym,HS,Sym-HS,0,,24.99433171
173,Snap-9503.czi,25.513,358.819,175,2499,0,65535,Tentacle Area,0,Pedal disc,,,4,A4,Sym,HS,Sym-HS,0,,0
174,Snap-9502.czi,8.245,1066.266,642,2474,642,65535,Symbiont Area,32.317,Pedal disc,,,4,A4,Sym,HS,Sym-HS,0,,32.31685807
175,Snap-9505.czi,55.138,439.704,258,3981,0,65535,Tentacle Area,0,Pedal disc,,,4,A5,Sym,HS,Sym-HS,0,,0
176,Snap-9504.czi,16.452,762.348,470,1865,470,65535,Symbiont Area,29.837,Pedal disc,,,4,A5,Sym,HS,Sym-HS,0,,29.83786137
177,Snap-9507.czi,65.774,510.264,321,2494,0,65535,Tentacle Area,0,Pedal disc,,,4,A6,Sym,HS,Sym-HS,0,,0
178,Snap-9506.czi,11.757,1015.94,605,2859,605,65535,Symbiont Area,17.875,Pedal disc,,,4,A6,Sym,HS,Sym-HS,0,,17.87484416
179,Snap-9509.czi,32.752,253.354,141,1063,0,65535,Tentacle Area,0,Pedal disc,,,4,B1,Sym,HS,Sym-HS,0,,0
180,Snap-9508.czi,8.551,853.378,523,2695,523,65535,Symbiont Area,26.107,Pedal disc,,,4,B1,Sym,HS,Sym-HS,0,,26.10832926
181,Snap-9511.czi,44.777,496.263,322,2775,0,65535,Tentacle Area,0,Pedal disc,,,4,B2,Sym,HS,Sym-HS,0,,0
182,Snap-9510.czi,15.397,934.482,587,2715,587,65535,Symbiont Area,34.386,Pedal disc,,,4,B2,Sym,HS,Sym-HS,0,,34.38595708
183,Snap-9513.czi,83.162,397.308,187,2139,0,65535,Tentacle Area,0,Pedal disc,,,4,B3,Sym,HS,Sym-HS,0,,0
184,Snap-9512.czi,16.611,837.691,501,3091,501,65535,Symbiont Area,19.975,Pedal disc,,,4,B3,Sym,HS,Sym-HS,0,,19.97426709
185,Snap-9515.czi,104.938,393.851,238,1569,0,65535,Tentacle Area,0,Pedal disc,,,4,B4,Sym,HS,Sym-HS,0,,0
186,Snap-9514.czi,34.107,857.018,521,2311,521,65535,Symbiont Area,32.502,Pedal disc,,,4,B4,Sym,HS,Sym-HS,0,,32.50204883
187,Snap-9517.czi,24.133,460.259,280,3377,0,65535,Tentacle Area,0,Pedal disc,,,4,B5,Sym,HS,Sym-HS,0,,0
188,Snap-9516.czi,5.812,961.41,587,2541,587,65535,Symbiont Area,24.084,Pedal disc,,,4,B5,Sym,HS,Sym-HS,0,,24.08320557
189,Snap-9519.czi,59.382,292.363,145,1406,0,65535,Tentacle Area,0,Pedal disc,,,4,B6,Sym,HS,Sym-HS,0,,0
190,Snap-9518.czi,17.368,679.626,413,2535,413,65535,Symbiont Area,29.248,Pedal disc,,,4,B6,Sym,HS,Sym-HS,0,,29.24792025
191,Snap-9521.czi,76.792,549.061,334,4095,0,65535,Tentacle Area,0,Pedal disc,,,4,C1,Sym,HS,Sym-HS,0,,0
192,Snap-9520.czi,17.897,734.359,446,2774,446,65535,Symbiont Area,23.306,Pedal disc,,,4,C1,Sym,HS,Sym-HS,0,,23.30581311
193,Snap-9523.czi,97.915,294.528,127,2033,0,65535,Tentacle Area,0,Pedal disc,,,4,C2,Sym,HS,Sym-HS,0,,0
194,Snap-9522.czi,23.522,628.163,373,2376,373,65535,Symbiont Area,24.023,Pedal disc,,,4,C2,Sym,HS,Sym-HS,0,,24.02287699
195,Snap-9525.czi,42.936,515.846,325,4095,0,65535,Tentacle Area,0,Pedal disc,,,4,C3,Sym,HS,Sym-HS,0,,0
196,Snap-9524.czi,12.53,983.887,606,2586,606,65535,Symbiont Area,29.182,Pedal disc,,,4,C3,Sym,HS,Sym-HS,0,,29.18297
197,Snap-9527.czi,35.381,553.255,360,2766,0,65535,Tentacle Area,0,Pedal disc,,,4,C4,Sym,HS,Sym-HS,0,,0
198,Snap-9526.czi,13.188,1114.921,705,3045,705,65535,Symbiont Area,37.275,Pedal disc,,,4,C4,Sym,HS,Sym-HS,0,,37.27424324
199,Snap-9529.czi,79.53,411.045,246,3041,0,65535,Tentacle Area,0,Pedal disc,,,4,C5,Sym,HS,Sym-HS,0,,0
200,Snap-9528.czi,12.4,913.679,540,2543,540,65535,Symbiont Area,15.592,Pedal disc,,,4,C5,Sym,HS,Sym-HS,0,,15.59160065
201,Snap-9531.czi,137.316,255.889,105,2345,0,65535,Tentacle Area,0,Pedal disc,,,4,C6,Sym,HS,Sym-HS,0,,0
202,Snap-9530.czi,18.631,731.328,422,2786,422,65535,Symbiont Area,13.568,Pedal disc,,,4,C6,Sym,HS,Sym-HS,0,,13.5679746
203,Snap-9533.czi,63.158,192.049,92,1124,0,65535,Tentacle Area,0,Pedal disc,,,4,D1,Sym,HS,Sym-HS,0,,0
204,Snap-9532.czi,23.052,687.894,431,2382,431,65535,Symbiont Area,36.499,Pedal disc,,,4,D1,Sym,HS,Sym-HS,0,,36.49893917
205,Snap-9535.czi,95.478,522.164,313,3054,0,65535,Tentacle Area,0,Pedal disc,,,4,D2,Sym,HS,Sym-HS,0,,0
206,Snap-9534.czi,24.274,563.911,343,2116,343,65535,Symbiont Area,25.424,Pedal disc,,,4,D2,Sym,HS,Sym-HS,0,,25.42365781
207,Snap-9537.czi,76.421,477.154,296,3837,0,65535,Tentacle Area,0,Pedal disc,,,4,D3,Sym,HS,Sym-HS,0,,0
208,Snap-9536.czi,17.887,702.021,422,2577,422,65535,Symbiont Area,23.405,Pedal disc,,,4,D3,Sym,HS,Sym-HS,0,,23.40587011
209,Snap-9539.czi,57.756,352.863,192,2326,0,65535,Tentacle Area,0,Pedal disc,,,4,D4,Sym,HS,Sym-HS,0,,0
210,Snap-9538.czi,16.715,587.333,369,2019,369,65535,Symbiont Area,28.94,Pedal disc,,,4,D4,Sym,HS,Sym-HS,0,,28.94071612
211,Snap-9541.czi,43.763,387.535,226,2534,0,65535,Tentacle Area,0,Pedal disc,,,4,D5,Sym,HS,Sym-HS,0,,0
212,Snap-9540.czi,7.583,935.704,556,3515,556,65535,Symbiont Area,17.327,Pedal disc,,,4,D5,Sym,HS,Sym-HS,0,,17.32742271
213,Snap-9543.czi,56.564,560.046,372,3501,0,65535,Tentacle Area,0,Pedal disc,,,4,D6,Sym,HS,Sym-HS,0,,0
214,Snap-9542.czi,18.114,700.593,436,2759,436,65535,Symbiont Area,32.024,Pedal disc,,,4,D6,Sym,HS,Sym-HS,0,,32.02390213
1,Snap-9594.czi,90.971,319.342,154,2704,0,65535,Tentacle Area,0,Pedal disc,,,5,A1,Sym,HS,Sym-HS,0,,0
2,Snap-9593.czi,22.482,858.187,527,2743,527,65535,Symbiont Area,24.714,Pedal disc,,,5,A1,Sym,HS,Sym-HS,0,,24.71337019
3,Snap-9596.czi,87.05,461.644,256,2905,0,65535,Tentacle Area,0,Pedal disc,,,5,A2,Sym,HS,Sym-HS,0,,0
4,Snap-9595.czi,26.549,613.65,373,2364,373,65535,Symbiont Area,30.499,Pedal disc,,,5,A2,Sym,HS,Sym-HS,0,,30.49856404
5,Snap-9598.czi,88.694,473.847,278,3543,0,65535,Tentacle Area,0,Pedal disc,,,5,A3,Sym,HS,Sym-HS,0,,0
6,Snap-9597.czi,25.323,717.971,441,2882,441,65535,Symbiont Area,28.551,Pedal disc,,,5,A3,Sym,HS,Sym-HS,0,,28.55097301
7,Snap-9600.czi,91.742,394.303,236,1712,0,65535,Tentacle Area,0,Pedal disc,,,5,A4,Sym,HS,Sym-HS,0,,0
8,Snap-9599.czi,27.456,842.797,521,2378,521,65535,Symbiont Area,29.927,Pedal disc,,,5,A4,Sym,HS,Sym-HS,0,,29.92740511
9,Snap-9602.czi,108.923,468.937,273,3785,0,65535,Tentacle Area,0,Pedal disc,,,5,A5,Sym,HS,Sym-HS,0,,0
10,Snap-9601.czi,29.687,877.475,545,3391,545,65535,Symbiont Area,27.255,Pedal disc,,,5,A5,Sym,HS,Sym-HS,0,,27.25503337
11,Snap-9604.czi,43.301,600.697,366,4095,0,65535,Tentacle Area,0,Pedal disc,,,5,A6,Sym,HS,Sym-HS,0,,0
12,Snap-9603.czi,8.967,672.018,406,2765,406,65535,Symbiont Area,20.708,Pedal disc,,,5,A6,Sym,HS,Sym-HS,0,,20.70852867
13,Snap-9606.czi,43.943,502.814,323,3307,0,65535,Tentacle Area,0,Pedal disc,,,5,B1,Sym,HS,Sym-HS,0,,0
14,Snap-9605.czi,12.959,706.532,445,2685,445,65535,Symbiont Area,29.489,Pedal disc,,,5,B1,Sym,HS,Sym-HS,0,,29.4904763
15,Snap-9608.czi,48.275,235.307,137,1269,0,65535,Tentacle Area,0,Pedal disc,,,5,B2,Sym,HS,Sym-HS,0,,0
16,Snap-9607.czi,12.114,747.38,446,3235,446,65535,Symbiont Area,25.093,Pedal disc,,,5,B2,Sym,HS,Sym-HS,0,,25.09373382
17,Snap-9610.czi,45.668,557.218,381,2873,0,65535,Tentacle Area,0,Pedal disc,,,5,B3,Sym,HS,Sym-HS,0,,0
18,Snap-9609.czi,19.554,729.24,462,2125,462,65535,Symbiont Area,42.817,Pedal disc,,,5,B3,Sym,HS,Sym-HS,0,,42.81772795
19,Snap-9612.czi,61.086,586.501,329,4065,0,65535,Tentacle Area,0,Pedal disc,,,5,B4,Sym,HS,Sym-HS,0,,0
20,Snap-9611.czi,15.176,1077.806,659,2940,659,65535,Symbiont Area,24.843,Pedal disc,,,5,B4,Sym,HS,Sym-HS,0,,24.84366303
21,Snap-9614.czi,49.615,566.93,367,4095,0,65535,Tentacle Area,0,Pedal disc,,,5,B5,Sym,HS,Sym-HS,0,,0
22,Snap-9613.czi,18.027,668.509,423,1576,423,65535,Symbiont Area,36.334,Pedal disc,,,5,B5,Sym,HS,Sym-HS,0,,36.33377003
23,Snap-9616.czi,55.716,532.489,340,4042,0,65535,Tentacle Area,0,Pedal disc,,,5,B6,Sym,HS,Sym-HS,0,,0
24,Snap-9615.czi,16.808,788.433,484,2125,484,65535,Symbiont Area,30.168,Pedal disc,,,5,B6,Sym,HS,Sym-HS,0,,30.1672769
25,Snap-9618.czi,56.811,529.716,340,3334,0,65535,Tentacle Area,0,Pedal disc,,,5,C1,Sym,HS,Sym-HS,0,,0
26,Snap-9617.czi,16.371,671.372,415,2630,415,65535,Symbiont Area,28.816,Pedal disc,,,5,C1,Sym,HS,Sym-HS,0,,28.81660242
27,Snap-9620.czi,44.559,395.537,217,2383,0,65535,Tentacle Area,0,Pedal disc,,,5,C2,Sym,HS,Sym-HS,0,,0
28,Snap-9619.czi,14.212,875.252,541,2523,541,65535,Symbiont Area,31.895,Pedal disc,,,5,C2,Sym,HS,Sym-HS,0,,31.89479118
29,Snap-9622.czi,48.5,514.76,336,3189,0,65535,Tentacle Area,0,Pedal disc,,,5,C3,Sym,HS,Sym-HS,0,,0
30,Snap-9621.czi,14.72,688.458,428,2111,428,65535,Symbiont Area,30.35,Pedal disc,,,5,C3,Sym,HS,Sym-HS,0,,30.35051546
31,Snap-9624.czi,37.976,676.993,444,4095,0,65535,Tentacle Area,0,Pedal disc,,,5,C4,Sym,HS,Sym-HS,0,,0
32,Snap-9623.czi,12.309,541.419,345,2229,345,65535,Symbiont Area,32.413,Pedal disc,,,5,C4,Sym,HS,Sym-HS,0,,32.41257636
33,Snap-9626.czi,83.17,556.849,335,4095,0,65535,Tentacle Area,0,Pedal disc,,,5,C5,Sym,HS,Sym-HS,0,,0
34,Snap-9625.czi,22.759,646.36,398,2428,398,65535,Symbiont Area,27.364,Pedal disc,,,5,C5,Sym,HS,Sym-HS,0,,27.36443429
35,Snap-9629.czi,42.017,575.135,402,4062,0,65535,Tentacle Area,0,Pedal disc,,,5,C6,Sym,HS,Sym-HS,0,,0
36,Snap-9627.czi,12.691,789.723,494,1815,494,65535,Symbiont Area,30.205,Pedal disc,,,5,C6,Sym,HS,Sym-HS,0,,30.20444106
37,Snap-9631.czi,54.321,406.469,220,3656,0,65535,Tentacle Area,0,Pedal disc,,,5,D1,Sym,HS,Sym-HS,0,,0
38,Snap-9630.czi,17.532,878.386,554,3241,554,65535,Symbiont Area,32.274,Pedal disc,,,5,D1,Sym,HS,Sym-HS,0,,32.27481085
39,Snap-9633.czi,66.548,512.542,296,4095,0,65535,Tentacle Area,0,Pedal disc,,,5,D2,Sym,HS,Sym-HS,0,,0
40,Snap-9632.czi,15.821,944.38,569,3086,569,65535,Symbiont Area,23.774,Pedal disc,,,5,D2,Sym,HS,Sym-HS,0,,23.77381739
41,Snap-9635.czi,57.978,452.096,284,4019,0,65535,Tentacle Area,0,Pedal disc,,,5,D3,Sym,HS,Sym-HS,0,,0
42,Snap-9634.czi,22.061,633.366,405,1680,405,65535,Symbiont Area,38.05,Pedal disc,,,5,D3,Sym,HS,Sym-HS,0,,38.0506399
43,Snap-9637.czi,25.191,635.579,402,3590,0,65535,Tentacle Area,0,Pedal disc,,,5,D4,Sym,HS,Sym-HS,0,,0
44,Snap-9636.czi,7.072,782.512,487,2324,487,65535,Symbiont Area,28.073,Pedal disc,,,5,D4,Sym,HS,Sym-HS,0,,28.07351832
45,Snap-9639.czi,95.659,363.852,223,3128,0,65535,Tentacle Area,0,Pedal disc,,,5,D5,Sym,HS,Sym-HS,0,,0
46,Snap-9638.czi,17.387,766.771,465,2634,465,65535,Symbiont Area,18.176,Pedal disc,,,5,D5,Sym,HS,Sym-HS,0,,18.17602107
47,Snap-9641.czi,117.871,442.735,253,2998,0,65535,Tentacle Area,0,Pedal disc,,,5,D6,Sym,HS,Sym-HS,0,,0
48,Snap-9640.czi,40.104,559.714,353,1661,353,65535,Symbiont Area,34.024,Pedal disc,,,5,D6,Sym,HS,Sym-HS,0,,34.02363601
49,Snap-557.czi,105.69,195.107,85,2351,0,65535,Tentacle Area,0,Pedal disc,,,1,A1,Sym,Control,Sym-Control,1,,0
50,Snap-556.czi,32.386,534.613,336,2168,336,65535,Symbiont Area,30.642,Pedal disc,,,1,A1,Sym,Control,Sym-Control,1,,30.64244489
51,Snap-559.czi,84.349,277.376,114,2955,0,65535,Tentacle Area,0,Pedal disc,,,1,A2,Sym,Control,Sym-Control,1,,0
52,Snap-558.czi,19.825,732.96,438,2143,438,65535,Symbiont Area,23.504,Pedal disc,,,1,A2,Sym,Control,Sym-Control,1,,23.50353887
53,Snap-561.czi,79.882,316.705,135,3112,0,65535,Tentacle Area,0,Pedal disc,,,1,A3,Sym,Control,Sym-Control,1,,0
54,Snap-560.czi,17.764,888.938,526,2525,526,65535,Symbiont Area,22.238,Pedal disc,,,1,A3,Sym,Control,Sym-Control,1,,22.23780076
55,Snap-563.czi,19.351,519.445,308,3213,0,65535,Tentacle Area,0,Pedal disc,,,1,A4,Sym,Control,Sym-Control,1,,0
56,Snap-562.czi,4.386,1243.734,743,3742,743,65535,Symbiont Area,22.666,Pedal disc,,,1,A4,Sym,Control,Sym-Control,1,,22.66549532
57,Snap-565.czi,115.407,234.28,108,1567,0,65535,Tentacle Area,0,Pedal disc,,,1,A4,Sym,Control,Sym-Control,1,,0
58,Snap-564.czi,27.636,644.418,399,2245,399,65535,Symbiont Area,23.947,Pedal disc,,,1,A4,Sym,Control,Sym-Control,1,,23.94655437
59,Snap-567.czi,75.64,296.61,109,2640,0,65535,Tentacle Area,0,Pedal disc,,,1,A5,Sym,Control,Sym-Control,1,,0
60,Snap-566.czi,10.245,1096.821,635,3112,635,65535,Symbiont Area,13.545,Pedal disc,,,1,A5,Sym,Control,Sym-Control,1,,13.54442094
61,Snap-570.czi,102.773,253.708,147,1348,0,65535,Tentacle Area,0,Pedal disc,,,1,A6,Sym,Control,Sym-Control,1,,0
62,Snap-568.czi,22.938,555.403,344,2434,344,65535,Symbiont Area,22.319,Pedal disc,,,1,A6,Sym,Control,Sym-Control,1,,22.31909159
63,Snap-572.czi,53.102,270.79,156,1409,0,65535,Tentacle Area,0,Pedal disc,,,1,B1,Sym,Control,Sym-Control,1,,0
64,Snap-571.czi,17.324,638.314,405,2260,405,65535,Symbiont Area,32.624,Pedal disc,,,1,B1,Sym,Control,Sym-Control,1,,32.62400663
65,Snap-574.czi,20.3,373.488,248,2284,0,65535,Tentacle Area,0,Pedal disc,,,1,B2,Sym,Control,Sym-Control,1,,0
66,Snap-573.czi,5.068,1172.096,735,2757,735,65535,Symbiont Area,24.963,Pedal disc,,,1,B2,Sym,Control,Sym-Control,1,,24.96551724
67,Snap-576.czi,79.239,253.606,154,1118,0,65535,Tentacle Area,0,Pedal disc,,,1,B3,Sym,Control,Sym-Control,1,,0
68,Snap-575.czi,14.017,648.776,389,1742,389,65535,Symbiont Area,17.689,Pedal disc,,,1,B3,Sym,Control,Sym-Control,1,,17.68952157
71,Snap-578.czi,73.08,224.774,115,2515,0,65535,Tentacle Area,0,Pedal disc,,,1,B4,Sym,Control,Sym-Control,1,,0
72,Snap-577.czi,19.793,660.321,410,2551,410,65535,Symbiont Area,27.085,Pedal disc,,,1,B4,Sym,Control,Sym-Control,1,,27.08401752
73,Snap-580.czi,25.93,281.413,179,1565,0,65535,Tentacle Area,0,Pedal disc,,,1,B5,Sym,Control,Sym-Control,1,,0
74,Snap-579.czi,8.585,617.423,402,2035,402,65535,Symbiont Area,33.108,Pedal disc,,,1,B5,Sym,Control,Sym-Control,1,,33.10836868
75,Snap-582.czi,44.695,211.09,110,1697,0,65535,Tentacle Area,0,Pedal disc,,,1,B6,Sym,Control,Sym-Control,1,,0
76,Snap-581.czi,12.24,636.981,392,2192,392,65535,Symbiont Area,27.386,Pedal disc,,,1,B6,Sym,Control,Sym-Control,1,,27.3856136
77,Snap-584.czi,65.771,324.365,208,2205,0,65535,Tentacle Area,0,Pedal disc,,,1,C1,Sym,Control,Sym-Control,1,,0
78,Snap-583.czi,26.371,801.726,505,1980,505,65535,Symbiont Area,40.095,Pedal disc,,,1,C1,Sym,Control,Sym-Control,1,,40.09517873
79,Snap-586.czi,38.767,407.308,231,3131,0,65535,Tentacle Area,0,Pedal disc,,,1,C2,Sym,Control,Sym-Control,1,,0
80,Snap-585.czi,12.935,912.532,578,1881,578,65535,Symbiont Area,33.366,Pedal disc,,,1,C2,Sym,Control,Sym-Control,1,,33.36600717
81,Snap-588.czi,54.172,401.64,236,3384,0,65535,Tentacle Area,0,Pedal disc,,,1,C3,Sym,Control,Sym-Control,1,,0
82,Snap-587.czi,15.525,927.214,566,2495,566,65535,Symbiont Area,28.658,Pedal disc,,,1,C3,Sym,Control,Sym-Control,1,,28.65871668
83,Snap-590.czi,45.111,340.844,191,2288,0,65535,Tentacle Area,0,Pedal disc,,,1,C4,Sym,Control,Sym-Control,1,,0
84,Snap-589.czi,13.604,893.568,536,2298,536,65535,Symbiont Area,30.156,Pedal disc,,,1,C4,Sym,Control,Sym-Control,1,,30.15672452
85,Snap-592.czi,133.072,278.749,171,2174,0,65535,Tentacle Area,0,Pedal disc,,,1,C5,Sym,Control,Sym-Control,1,,0
86,Snap-591.czi,23.82,518.444,307,2667,307,65535,Symbiont Area,17.9,Pedal disc,,,1,C5,Sym,Control,Sym-Control,1,,17.90008416
87,Snap-594.czi,86.739,226.577,98,2116,0,65535,Tentacle Area,0,Pedal disc,,,1,C6,Sym,Control,Sym-Control,1,,0
88,Snap-593.czi,25.493,750.675,461,2733,461,65535,Symbiont Area,29.39,Pedal disc,,,1,C6,Sym,Control,Sym-Control,1,,29.39047026
89,Snap-596.czi,116.943,250.078,146,2112,0,65535,Tentacle Area,0,Pedal disc,,,1,D1,Sym,Control,Sym-Control,1,,0
90,Snap-595.czi,27.767,758.759,465,2347,465,65535,Symbiont Area,23.744,Pedal disc,,,1,D1,Sym,Control,Sym-Control,1,,23.74404624
153,Snap-598.czi,105.01,265.329,167,1402,0,65535,Tentacle Area,0,Pedal disc,,,1,D2,Sym,Control,Sym-Control,1,,0
154,Snap-597.czi,27.024,693.421,431,1573,431,65535,Symbiont Area,25.735,Pedal disc,,,1,D2,Sym,Control,Sym-Control,1,,25.73469193
93,Snap-600.czi,100.846,393.556,193,2559,0,65535,Tentacle Area,0,Pedal disc,,,1,D3,Sym,Control,Sym-Control,1,,0
94,Snap-599.czi,16.563,961.05,551,2989,551,65535,Symbiont Area,16.424,Pedal disc,,,1,D3,Sym,Control,Sym-Control,1,,16.42405252
95,Snap-602.czi,61.741,373.852,213,3133,0,65535,Tentacle Area,0,Pedal disc,,,1,D4,Sym,Control,Sym-Control,1,,0
96,Snap-601.czi,18.261,660.52,405,2294,405,65535,Symbiont Area,29.576,Pedal disc,,,1,D4,Sym,Control,Sym-Control,1,,29.57678042
97,Snap-604.czi,113.722,300.231,119,2369,0,65535,Tentacle Area,0,Pedal disc,,,1,D5,Sym,Control,Sym-Control,1,,0
98,Snap-603.czi,32.633,767.056,480,2985,480,65535,Symbiont Area,28.695,Pedal disc,,,1,D5,Sym,Control,Sym-Control,1,,28.69541514
99,Snap-606.czi,100.763,275.607,146,2287,0,65535,Tentacle Area,0,Pedal disc,,,1,D6,Sym,Control,Sym-Control,1,,0
100,Snap-605.czi,26.589,719.179,452,2023,452,65535,Symbiont Area,26.387,Pedal disc,,,1,D6,Sym,Control,Sym-Control,1,,26.38766214
101,Snap-608.czi,115.738,250.202,124,2437,0,65535,Tentacle Area,0,Pedal disc,,,2,A1,Sym,Control,Sym-Control,1,,0
102,Snap-607.czi,21.967,559.684,336,2046,336,65535,Symbiont Area,18.98,Pedal disc,,,2,A1,Sym,Control,Sym-Control,1,,18.97993744
103,Snap-610.czi,84.41,393.703,201,2638,0,65535,Tentacle Area,0,Pedal disc,,,2,A2,Sym,Control,Sym-Control,1,,0
104,Snap-609.czi,13.076,681.746,407,2089,407,65535,Symbiont Area,15.491,Pedal disc,,,2,A2,Sym,Control,Sym-Control,1,,15.49105556
109,Snap-612.czi,73.307,247.704,133,2760,0,65535,Tentacle Area,0,Pedal disc,,,2,A3,Sym,Control,Sym-Control,1,,0
110,Snap-611.czi,27.197,766.768,487,2068,487,65535,Symbiont Area,37.1,Pedal disc,,,2,A3,Sym,Control,Sym-Control,1,,37.1001405
111,Snap-614.czi,47.128,189.498,120,587,0,65535,Tentacle Area,0,Pedal disc,,,2,A4,Sym,Control,Sym-Control,1,,0
112,Snap-613.czi,19.302,868.72,559,1805,559,65535,Symbiont Area,40.957,Pedal disc,,,2,A4,Sym,Control,Sym-Control,1,,40.95654388
113,Snap-615.czi,468.895,216.482,0,3795,0,65535,Tentacle Area,0,Pedal disc,,,2,A5,Sym,Control,Sym-Control,1,,0
114,Snap-615.czi,12.474,673.72,400,2299,400,65535,Symbiont Area,2.66,Pedal disc,,,2,A5,Sym,Control,Sym-Control,1,,2.660297081
115,Snap-618.czi,29.176,412.899,256,2897,0,65535,Tentacle Area,0,Pedal disc,,,2,A6,Sym,Control,Sym-Control,1,,0
116,Snap-617.czi,10.198,789.178,504,2024,504,65535,Symbiont Area,34.954,Pedal disc,,,2,A6,Sym,Control,Sym-Control,1,,34.95338634
117,Snap-620.czi,59.336,310.921,188,1913,0,65535,Tentacle Area,0,Pedal disc,,,2,B1,Sym,Control,Sym-Control,1,,0
118,Snap-619.czi,20.802,750.839,470,2060,470,65535,Symbiont Area,35.059,Pedal disc,,,2,B1,Sym,Control,Sym-Control,1,,35.05797492
119,Snap-622.czi,86.334,385.53,228,2904,0,65535,Tentacle Area,0,Pedal disc,,,2,B2,Sym,Control,Sym-Control,1,,0
120,Snap-621.czi,31.809,739.845,461,1838,461,65535,Symbiont Area,36.845,Pedal disc,,,2,B2,Sym,Control,Sym-Control,1,,36.84411703
121,Snap-624.czi,50.395,371.995,210,2804,0,65535,Tentacle Area,0,Pedal disc,,,2,B3,Sym,Control,Sym-Control,1,,0
122,Snap-623.czi,16.536,889.388,567,2372,567,65535,Symbiont Area,32.812,Pedal disc,,,2,B3,Sym,Control,Sym-Control,1,,32.81277905
123,Snap-626.czi,42.553,367.973,234,3255,0,65535,Tentacle Area,0,Pedal disc,,,2,B4,Sym,Control,Sym-Control,1,,0
124,Snap-625.czi,16.71,770.233,498,1902,498,65535,Symbiont Area,39.268,Pedal disc,,,2,B4,Sym,Control,Sym-Control,1,,39.26867671
125,Snap-628.czi,65.033,260.37,125,2617,0,65535,Tentacle Area,0,Pedal disc,,,2,B5,Sym,Control,Sym-Control,1,,0
126,Snap-627.czi,19.9,695.026,433,2207,433,65535,Symbiont Area,30.6,Pedal disc,,,2,B5,Sym,Control,Sym-Control,1,,30.59984931
127,Snap-630.czi,55.316,277.316,155,2727,0,65535,Tentacle Area,0,Pedal disc,,,2,B6,Sym,Control,Sym-Control,1,,0
128,Snap-629.czi,13.433,754.146,457,2249,457,65535,Symbiont Area,24.284,Pedal disc,,,2,B6,Sym,Control,Sym-Control,1,,24.2841131
129,Snap-632.czi,85.095,287.228,152,3093,0,65535,Tentacle Area,0,Pedal disc,,,2,C1,Sym,Control,Sym-Control,1,,0
130,Snap-631.czi,22.568,830.702,512,2251,512,65535,Symbiont Area,26.521,Pedal disc,,,2,C1,Sym,Control,Sym-Control,1,,26.52094718
131,Snap-634.czi,128.82,289.801,148,2946,0,65535,Tentacle Area,0,Pedal disc,,,2,C2,Sym,Control,Sym-Control,1,,0
132,Snap-633.czi,35.779,649.548,398,2385,398,65535,Symbiont Area,27.774,Pedal disc,,,2,C2,Sym,Control,Sym-Control,1,,27.77441391
133,Snap-636.czi,73.035,195.683,121,1222,0,65535,Tentacle Area,0,Pedal disc,,,2,C3,Sym,Control,Sym-Control,1,,0
134,Snap-635.czi,21.35,690.879,433,2110,433,65535,Symbiont Area,29.233,Pedal disc,,,2,C3,Sym,Control,Sym-Control,1,,29.23255973
135,Snap-638.czi,55.953,347.699,193,3107,0,65535,Tentacle Area,0,Pedal disc,,,2,C4,Sym,Control,Sym-Control,1,,0
136,Snap-637.czi,14.003,772.82,475,2582,475,65535,Symbiont Area,25.026,Pedal disc,,,2,C4,Sym,Control,Sym-Control,1,,25.02636141
137,Snap-640.czi,60.94,264.743,155,1546,0,65535,Tentacle Area,0,Pedal disc,,,2,C5,Sym,Control,Sym-Control,1,,0
138,Snap-639.czi,14.488,707.059,425,2148,425,65535,Symbiont Area,23.774,Pedal disc,,,2,C5,Sym,Control,Sym-Control,1,,23.77420414
139,Snap-642.czi,162.881,306.937,100,1592,0,65535,Tentacle Area,0,Pedal disc,,,2,C6,Sym,Control,Sym-Control,1,,0
140,Snap-641.czi,32.946,910.998,556,3258,556,65535,Symbiont Area,20.227,Pedal disc,,,2,C6,Sym,Control,Sym-Control,1,,20.22703692
141,Snap-644.czi,235.87,531.216,144,2455,0,65535,Tentacle Area,0,Pedal disc,,,2,D1,Sym,Control,Sym-Control,1,,0
142,Snap-643.czi,50.415,757.067,463,2837,463,65535,Symbiont Area,21.374,Pedal disc,,,2,D1,Sym,Control,Sym-Control,1,,21.37406198
143,Snap-646.czi,130.751,216.739,107,1750,0,65535,Tentacle Area,0,Pedal disc,,,2,D2,Sym,Control,Sym-Control,1,,0
144,Snap-645.czi,30.152,695.919,426,2902,426,65535,Symbiont Area,23.061,Pedal disc,,,2,D2,Sym,Control,Sym-Control,1,,23.06062669
145,Snap-648.czi,136.072,193.995,85,2327,0,65535,Tentacle Area,0,Pedal disc,,,2,D3,Sym,Control,Sym-Control,1,,0
146,Snap-647.czi,24.317,562.174,331,2395,331,65535,Symbiont Area,17.871,Pedal disc,,,2,D3,Sym,Control,Sym-Control,1,,17.87068611
147,Snap-650.czi,52.701,216.355,132,935,0,65535,Tentacle Area,0,Pedal disc,,,2,D4,Sym,Control,Sym-Control,1,,0
148,Snap-649.czi,16.289,659.361,408,2969,408,65535,Symbiont Area,30.908,Pedal disc,,,2,D4,Sym,Control,Sym-Control,1,,30.90833191
149,Snap-652.czi,83.766,212.35,108,2239,0,65535,Tentacle Area,0,Pedal disc,,,2,D5,Sym,Control,Sym-Control,1,,0
150,Snap-651.czi,22.469,562.102,351,1933,351,65535,Symbiont Area,26.824,Pedal disc,,,2,D5,Sym,Control,Sym-Control,1,,26.82353222
151,Snap-654.czi,76.797,268.054,135,1908,0,65535,Tentacle Area,0,Pedal disc,,,2,D6,Sym,Control,Sym-Control,1,,0
152,Snap-653.czi,17.508,725.786,440,2262,440,65535,Symbiont Area,22.798,Pedal disc,,,2,D6,Sym,Control,Sym-Control,1,,22.79776554
155,Snap-656.czi,124.717,743.653,227,3110,0,65535,Tentacle Area,0,Pedal disc,,,4,A1,Sym,HS,Sym-HS,1,,0
156,Snap-655.czi,20.518,986.173,586,3558,586,65535,Symbiont Area,16.452,Pedal disc,,,4,A1,Sym,HS,Sym-HS,1,,16.45164653
157,Snap-658.czi,35.068,293.889,177,2504,0,65535,Tentacle Area,0,Pedal disc,,,4,A2,Sym,HS,Sym-HS,1,,0
158,Snap-657.czi,9.822,942.839,589,2422,589,65535,Symbiont Area,28.008,Pedal disc,,,4,A2,Sym,HS,Sym-HS,1,,28.00844074
159,Snap-660.czi,23.695,416.331,207,2399,0,65535,Tentacle Area,0,Pedal disc,,,4,A3,Sym,HS,Sym-HS,1,,0
160,Snap-659.czi,7.915,1038.211,641,2343,641,65535,Symbiont Area,33.405,Pedal disc,,,4,A3,Sym,HS,Sym-HS,1,,33.40367166
161,Snap-662.czi,44.421,274.399,142,1244,0,65535,Tentacle Area,0,Pedal disc,,,4,A4,Sym,HS,Sym-HS,1,,0
162,Snap-661.czi,11.036,690.746,409,2269,409,65535,Symbiont Area,24.844,Pedal disc,,,4,A4,Sym,HS,Sym-HS,1,,24.84410527
163,Snap-664.czi,53.22,198.466,127,593,0,65535,Tentacle Area,0,Pedal disc,,,4,A5,Sym,HS,Sym-HS,1,,0
164,Snap-663.czi,14.904,671.449,414,1824,414,65535,Symbiont Area,28.005,Pedal disc,,,4,A5,Sym,HS,Sym-HS,1,,28.00450958
165,Snap-666.czi,60.156,263.962,126,2045,0,65535,Tentacle Area,0,Pedal disc,,,4,A6,Sym,HS,Sym-HS,1,,0
166,Snap-665.czi,12.063,766.124,459,2867,459,65535,Symbiont Area,20.053,Pedal disc,,,4,A6,Sym,HS,Sym-HS,1,,20.05286256
167,Snap-668.czi,91.19,647.532,268,1597,0,65535,Tentacle Area,0,Pedal disc,,,4,B1,Sym,HS,Sym-HS,1,,0
168,Snap-667.czi,17.89,1212.831,728,3688,728,65535,Symbiont Area,19.619,Pedal disc,,,4,B1,Sym,HS,Sym-HS,1,,19.61837921
169,Snap-670.czi,49.777,393.957,198,2675,0,65535,Tentacle Area,0,Pedal disc,,,4,B2,Sym,HS,Sym-HS,1,,0
170,Snap-669.czi,14.074,700.577,429,3123,429,65535,Symbiont Area,28.275,Pedal disc,,,4,B2,Sym,HS,Sym-HS,1,,28.2741025
171,Snap-672.czi,58.768,450.773,261,1456,0,65535,Tentacle Area,0,Pedal disc,,,4,B3,Sym,HS,Sym-HS,1,,0
172,Snap-671.czi,13.503,880.383,537,3043,537,65535,Symbiont Area,22.976,Pedal disc,,,4,B3,Sym,HS,Sym-HS,1,,22.97679009
173,Snap-674.czi,102.931,247.95,96,2637,0,65535,Tentacle Area,0,Pedal disc,,,4,B4,Sym,HS,Sym-HS,1,,0
174,Snap-673.czi,17.159,729.936,422,2369,422,65535,Symbiont Area,16.67,Pedal disc,,,4,B4,Sym,HS,Sym-HS,1,,16.67039084
175,Snap-676.czi,26.956,366.833,223,2488,0,65535,Tentacle Area,0,Pedal disc,,,4,B5,Sym,HS,Sym-HS,1,,0
176,Snap-675.czi,6.164,585.325,353,1649,353,65535,Symbiont Area,22.867,Pedal disc,,,4,B5,Sym,HS,Sym-HS,1,,22.8668942
177,Snap-678.czi,64.21,366.569,215,3368,0,65535,Tentacle Area,0,Pedal disc,,,4,B6,Sym,HS,Sym-HS,1,,0
178,Snap-677.czi,14.142,741.017,443,2488,443,65535,Symbiont Area,22.024,Pedal disc,,,4,B6,Sym,HS,Sym-HS,1,,22.02460676
179,Snap-680.czi,111.48,763.52,245,3303,0,65535,Tentacle Area,0,Pedal disc,,,4,C1,Sym,HS,Sym-HS,1,,0
180,Snap-679.czi,7.903,961.15,531,3873,531,65535,Symbiont Area,7.089,Pedal disc,,,4,C1,Sym,HS,Sym-HS,1,,7.089163976
181,Snap-682.czi,92.455,462.515,169,3113,0,65535,Tentacle Area,0,Pedal disc,,,4,C2,Sym,HS,Sym-HS,1,,0
182,Snap-681.czi,16.193,810.278,475,3877,475,65535,Symbiont Area,17.515,Pedal disc,,,4,C2,Sym,HS,Sym-HS,1,,17.5144665
183,Snap-684.czi,36.048,383.708,262,2978,0,65535,Tentacle Area,0,Pedal disc,,,4,C3,Sym,HS,Sym-HS,1,,0
184,Snap-683.czi,12.062,899.936,576,2040,576,65535,Symbiont Area,33.46,Pedal disc,,,4,C3,Sym,HS,Sym-HS,1,,33.46094097
185,Snap-686.czi,32.999,344.002,192,2504,0,65535,Tentacle Area,0,Pedal disc,,,4,C4,Sym,HS,Sym-HS,1,,0
186,Snap-685.czi,9.45,823.899,519,2078,519,65535,Symbiont Area,28.637,Pedal disc,,,4,C4,Sym,HS,Sym-HS,1,,28.63723143
187,Snap-690.czi,66.895,416.205,248,2458,0,65535,Tentacle Area,0,Pedal disc,,,4,C5,Sym,HS,Sym-HS,1,,0
188,Snap-689.czi,12.545,352.18,207,2179,207,65535,Symbiont Area,18.754,Pedal disc,,,4,C5,Sym,HS,Sym-HS,1,,18.75327005
191,Snap-692.czi,112.672,229.494,85,2498,0,65535,Tentacle Area,0,Pedal disc,,,4,C6,Sym,HS,Sym-HS,1,,0
192,Snap-691.czi,18.643,420.303,252,2981,252,65535,Symbiont Area,16.546,Pedal disc,,,4,C6,Sym,HS,Sym-HS,1,,16.54625817
193,Snap-694.czi,115.547,299.359,109,1382,0,65535,Tentacle Area,0,Pedal disc,,,4,D1,Sym,HS,Sym-HS,1,,0
194,Snap-693.czi,18.994,486.081,281,2842,281,65535,Symbiont Area,16.438,Pedal disc,,,4,D1,Sym,HS,Sym-HS,1,,16.43833245
197,Snap-696.czi,72.049,257.206,150,1823,0,65535,Tentacle Area,0,Pedal disc,,,4,D2,Sym,HS,Sym-HS,1,,0
198,Snap-695.czi,17.623,510.483,314,2148,314,65535,Symbiont Area,24.459,Pedal disc,,,4,D2,Sym,HS,Sym-HS,1,,24.45974268
199,Snap-698.czi,60.524,253.362,163,1447,0,65535,Tentacle Area,0,Pedal disc,,,4,D3,Sym,HS,Sym-HS,1,,0
200,Snap-697.czi,14.96,615.522,379,1889,379,65535,Symbiont Area,24.717,Pedal disc,,,4,D3,Sym,HS,Sym-HS,1,,24.71746745
201,Snap-700.czi,52.159,243.728,135,1589,0,65535,Tentacle Area,0,Pedal disc,,,4,D4,Sym,HS,Sym-HS,1,,0
202,Snap-699.czi,10.242,679.137,414,2887,414,65535,Symbiont Area,19.635,Pedal disc,,,4,D4,Sym,HS,Sym-HS,1,,19.63611266
203,Snap-702.czi,46.074,268.076,132,1749,0,65535,Tentacle Area,0,Pedal disc,,,4,D5,Sym,HS,Sym-HS,1,,0
204,Snap-701.czi,14.713,693.355,445,2876,445,65535,Symbiont Area,31.933,Pedal disc,,,4,D5,Sym,HS,Sym-HS,1,,31.93341147
205,Snap-704.czi,57.603,326.121,204,2747,0,65535,Tentacle Area,0,Pedal disc,,,4,D6,Sym,HS,Sym-HS,1,,0
206,Snap-703.czi,14.145,567.711,348,2237,348,65535,Symbiont Area,24.555,Pedal disc,,,4,D6,Sym,HS,Sym-HS,1,,24.55601271
207,Snap-706.czi,122.033,251.746,112,2013,0,65535,Tentacle Area,0,Pedal disc,,,5,A1,Sym,HS,Sym-HS,1,,0
208,Snap-705.czi,36.71,693.9,447,3561,447,65535,Symbiont Area,30.082,Pedal disc,,,5,A1,Sym,HS,Sym-HS,1,,30.08202699
209,Snap-708.czi,60.878,432.692,177,2833,0,65535,Tentacle Area,0,Pedal disc,,,5,A2,Sym,HS,Sym-HS,1,,0
210,Snap-707.czi,16.4,816.244,497,2697,497,65535,Symbiont Area,26.939,Pedal disc,,,5,A2,Sym,HS,Sym-HS,1,,26.93912415
211,Snap-710.czi,94.491,325.048,181,2219,0,65535,Tentacle Area,0,Pedal disc,,,5,A3,Sym,HS,Sym-HS,1,,0
212,Snap-709.czi,20.106,847.806,517,2689,517,65535,Symbiont Area,21.278,Pedal disc,,,5,A3,Sym,HS,Sym-HS,1,,21.27821697
213,Snap-712.czi,96.111,386.297,221,3310,0,65535,Tentacle Area,0,Pedal disc,,,5,A4,Sym,HS,Sym-HS,1,,0
214,Snap-711.czi,21.975,565.159,343,2197,343,65535,Symbiont Area,22.864,Pedal disc,,,5,A4,Sym,HS,Sym-HS,1,,22.86418828
215,Snap-715.czi,91.321,270.902,137,2232,0,65535,Tentacle Area,0,Pedal disc,,,5,A5,Sym,HS,Sym-HS,1,,0
216,Snap-714.czi,16.26,821.872,491,3208,491,65535,Symbiont Area,17.806,Pedal disc,,,5,A5,Sym,HS,Sym-HS,1,,17.80532408
217,Snap-717.czi,48.029,280.388,137,1876,0,65535,Tentacle Area,0,Pedal disc,,,5,A6,Sym,HS,Sym-HS,1,,0
218,Snap-716.czi,7.311,812.542,478,3583,478,65535,Symbiont Area,15.221,Pedal disc,,,5,A6,Sym,HS,Sym-HS,1,,15.22205334
219,Snap-719.czi,39.777,327.631,183,2269,0,65535,Tentacle Area,0,Pedal disc,,,5,B1,Sym,HS,Sym-HS,1,,0
220,Snap-718.czi,9.546,961.474,556,3181,556,65535,Symbiont Area,23.998,Pedal disc,,,5,B1,Sym,HS,Sym-HS,1,,23.99879327
221,Snap-721.czi,42.018,364.486,174,1807,0,65535,Tentacle Area,0,Pedal disc,,,5,B2,Sym,HS,Sym-HS,1,,0
222,Snap-720.czi,5.534,1077.531,618,2887,618,65535,Symbiont Area,13.171,Pedal disc,,,5,B2,Sym,HS,Sym-HS,1,,13.17054596
223,Snap-723.czi,43.891,443.844,298,3378,0,65535,Tentacle Area,0,Pedal disc,,,5,B3,Sym,HS,Sym-HS,1,,0
224,Snap-722.czi,16.47,693.573,440,1768,440,65535,Symbiont Area,37.525,Pedal disc,,,5,B3,Sym,HS,Sym-HS,1,,37.52477729
1,Snap-725.czi,45.879,404.092,258,2767,0,65535,Tentacle Area,0,Pedal disc,,,5,B4,Sym,HS,Sym-HS,1,,0
2,Snap-724.czi,13.983,812.213,501,2128,501,65535,Symbiont Area,30.478,Pedal disc,,,5,B4,Sym,HS,Sym-HS,1,,30.47799647
3,Snap-727.czi,37.547,407.367,267,2085,0,65535,Tentacle Area,0,Pedal disc,,,5,B5,Sym,HS,Sym-HS,1,,0
4,Snap-726.czi,9.913,825.701,505,2871,505,65535,Symbiont Area,26.401,Pedal disc,,,5,B5,Sym,HS,Sym-HS,1,,26.40157669
5,Snap-729.czi,60.748,360.623,193,3199,0,65535,Tentacle Area,0,Pedal disc,,,5,B6,Sym,HS,Sym-HS,1,,0
6,Snap-728.czi,17.921,611.767,382,2917,382,65535,Symbiont Area,29.5,Pedal disc,,,5,B6,Sym,HS,Sym-HS,1,,29.50055969
7,Snap-731.czi,39.73,217.715,120,1058,0,65535,Tentacle Area,0,Pedal disc,,,5,C1,Sym,HS,Sym-HS,1,,0
8,Snap-730.czi,3.967,844.762,489,3050,489,65535,Symbiont Area,9.984,Pedal disc,,,5,C1,Sym,HS,Sym-HS,1,,9.984898062
9,Snap-733.czi,36.117,284.553,144,1964,0,65535,Tentacle Area,0,Pedal disc,,,5,C2,Sym,HS,Sym-HS,1,,0
10,Snap-732.czi,8.376,864.194,513,2846,513,65535,Symbiont Area,23.192,Pedal disc,,,5,C2,Sym,HS,Sym-HS,1,,23.19129496
11,Snap-735.czi,53.05,517.004,303,3328,0,65535,Tentacle Area,0,Pedal disc,,,5,C3,Sym,HS,Sym-HS,1,,0
12,Snap-734.czi,15.936,558.07,352,1627,352,65535,Symbiont Area,30.04,Pedal disc,,,5,C3,Sym,HS,Sym-HS,1,,30.0395853
13,Snap-737.czi,32.075,481.494,282,2397,0,65535,Tentacle Area,0,Pedal disc,,,5,C4,Sym,HS,Sym-HS,1,,0
14,Snap-736.czi,5.12,530.986,303,2266,303,65535,Symbiont Area,15.961,Pedal disc,,,5,C4,Sym,HS,Sym-HS,1,,15.96258769
15,Snap-739.czi,69.576,400.547,206,3476,0,65535,Tentacle Area,0,Pedal disc,,,5,C5,Sym,HS,Sym-HS,1,,0
16,Snap-738.czi,11.429,692.782,399,3671,399,65535,Symbiont Area,16.427,Pedal disc,,,5,C5,Sym,HS,Sym-HS,1,,16.42664137
17,Snap-740.czi,466.889,280.434,29,4095,0,65535,Tentacle Area,0,Pedal disc,,,5,C6,Sym,HS,Sym-HS,1,,0
18,Snap-740.czi,7.919,666.071,406,1846,406,65535,Symbiont Area,1.696,Pedal disc,,,5,C6,Sym,HS,Sym-HS,1,,1.696120491
19,Snap-743.czi,105.079,889.388,228,2965,0,65535,Tentacle Area,0,Pedal disc,,,5,D1,Sym,HS,Sym-HS,1,,0
20,Snap-742.czi,5.218,1383.546,744,3991,744,65535,Symbiont Area,4.966,Pedal disc,,,5,D1,Sym,HS,Sym-HS,1,,4.965787645
21,Snap-745.czi,62.977,411.795,208,2791,0,65535,Tentacle Area,0,Pedal disc,,,5,D2,Sym,HS,Sym-HS,1,,0
22,Snap-744.czi,12.126,970.259,570,3326,570,65535,Symbiont Area,19.255,Pedal disc,,,5,D2,Sym,HS,Sym-HS,1,,19.25464852
23,Snap-747.czi,55.972,334.055,201,2621,0,65535,Tentacle Area,0,Pedal disc,,,5,D3,Sym,HS,Sym-HS,1,,0
24,Snap-746.czi,16.468,740.911,460,2061,460,65535,Symbiont Area,29.423,Pedal disc,,,5,D3,Sym,HS,Sym-HS,1,,29.42185378
25,Snap-749.czi,24.351,455.198,289,2624,0,65535,Tentacle Area,0,Pedal disc,,,5,D4,Sym,HS,Sym-HS,1,,0
26,Snap-748.czi,8.806,960.368,605,2435,605,65535,Symbiont Area,36.161,Pedal disc,,,5,D4,Sym,HS,Sym-HS,1,,36.16278592
27,Snap-751.czi,83.908,325.741,163,2739,0,65535,Tentacle Area,0,Pedal disc,,,5,D5,Sym,HS,Sym-HS,1,,0
28,Snap-750.czi,16.922,574.949,349,2539,349,65535,Symbiont Area,20.167,Pedal disc,,,5,D5,Sym,HS,Sym-HS,1,,20.16732612
29,Snap-753.czi,113.738,246.387,96,2575,0,65535,Tentacle Area,0,Pedal disc,,,5,D6,Sym,HS,Sym-HS,1,,0
30,Snap-752.czi,19.82,587.926,349,3370,349,65535,Symbiont Area,17.426,Pedal disc,,,5,D6,Sym,HS,Sym-HS,1,,17.42601417
31,Snap-851.czi,157.819,259.371,93,3225,0,65535,Tentacle Area,0,Pedal disc,,,1,A1,Sym,Control,Sym-Control,5,,0
32,Snap-850.czi,46.335,715.096,446,2634,446,65535,Symbiont Area,29.359,Pedal disc,,,1,A1,Sym,Control,Sym-Control,5,,29.35958281
33,Snap-853.czi,108.605,193.904,90,2179,0,65535,Tentacle Area,0,Pedal disc,,,1,A1,Sym,Control,Sym-Control,5,,0
34,Snap-852.czi,30.98,748.322,472,2439,472,65535,Symbiont Area,28.526,Pedal disc,,,1,A1,Sym,Control,Sym-Control,5,,28.52539018
35,Snap-855.czi,12.588,493.665,204,1043,0,65535,Tentacle Area,0,Tentacle,,,1,A1,Sym,Control,Sym-Control,5,,0
36,Snap-854.czi,5.068,525.229,360,3584,360,65535,Symbiont Area,40.256,Tentacle,,,1,A1,Sym,Control,Sym-Control,5,,40.26056562
37,Snap-857.czi,5.277,501.668,232,1563,0,65535,Tentacle Area,0,Tentacle,,,1,A1,Sym,Control,Sym-Control,5,,0
38,Snap-856.czi,2.465,497.857,330,1409,330,65535,Symbiont Area,46.718,Tentacle,,,1,A1,Sym,Control,Sym-Control,5,,46.71214705
39,Snap-859.czi,126.951,331.447,136,2755,0,65535,Tentacle Area,0,Pedal disc,,,1,A2,Sym,Control,Sym-Control,5,,0
40,Snap-858.czi,34.761,768.371,487,2596,487,65535,Symbiont Area,27.381,Pedal disc,,,1,A2,Sym,Control,Sym-Control,5,,27.38143063
41,Snap-861.czi,3.876,428.049,268,675,0,65535,Tentacle Area,0,Tentacle,,,1,A2,Sym,Control,Sym-Control,5,,0
42,Snap-860.czi,1.44,1077.877,847,1643,847,65535,Symbiont Area,37.146,Tentacle,,,1,A2,Sym,Control,Sym-Control,5,,37.15170279
43,Snap-863.czi,89.181,329.19,191,2400,0,65535,Tentacle Area,0,Pedal disc,,,1,A3,Sym,Control,Sym-Control,5,,0
44,Snap-862.czi,19.74,742.87,446,2016,446,65535,Symbiont Area,22.135,Pedal disc,,,1,A3,Sym,Control,Sym-Control,5,,22.13475965
45,Snap-865.czi,114.178,308.795,178,1849,0,65535,Tentacle Area,0,Pedal disc,,,1,A4,Sym,Control,Sym-Control,5,,0
46,Snap-864.czi,32.356,748.9,462,2799,462,65535,Symbiont Area,28.338,Pedal disc,,,1,A4,Sym,Control,Sym-Control,5,,28.33820876
47,Snap-867.czi,5.852,530.251,285,1033,0,65535,Tentacle Area,0,Tentacle,,,1,A4,Sym,Control,Sym-Control,5,,0
48,Snap-866.czi,2.604,1584.63,1161,2700,1161,65535,Symbiont Area,44.493,Tentacle,,,1,A4,Sym,Control,Sym-Control,5,,44.49760766
49,Snap-869.czi,20.132,443.392,240,2213,0,65535,Tentacle Area,0,Pedal disc,,,1,A4,Sym,Control,Sym-Control,5,,0
50,Snap-868.czi,5.23,1285.04,792,2922,792,65535,Symbiont Area,25.977,Pedal disc,,,1,A4,Sym,Control,Sym-Control,5,,25.97854163
51,Snap-871.czi,92.599,384.774,227,2173,0,65535,Tentacle Area,0,Pedal disc,,,1,A5,Sym,Control,Sym-Control,5,,0
52,Snap-870.czi,19.891,760.759,464,2572,464,65535,Symbiont Area,21.481,Pedal disc,,,1,A5,Sym,Control,Sym-Control,5,,21.48079353
53,Snap-873.czi,145.837,316.191,161,2932,0,65535,Tentacle Area,0,Pedal disc,,,1,A6,Sym,Control,Sym-Control,5,,0
54,Snap-872.czi,40.098,780.047,482,2409,482,65535,Symbiont Area,27.495,Pedal disc,,,1,A6,Sym,Control,Sym-Control,5,,27.49508012
55,Snap-875.czi,51.49,302.654,196,1543,0,65535,Tentacle Area,0,Pedal disc,,,1,B1,Sym,Control,Sym-Control,5,,0
56,Snap-874.czi,16.897,709.296,439,2579,439,65535,Symbiont Area,32.817,Pedal disc,,,1,B1,Sym,Control,Sym-Control,5,,32.81608079
57,Snap-877.czi,22.059,1072.767,479,3436,0,65535,Tentacle Area,0,Pedal disc,,,1,B2,Sym,Control,Sym-Control,5,,0
58,Snap-876.czi,9.767,1433.329,950,2963,950,65535,Symbiont Area,44.276,Pedal disc,,,1,B2,Sym,Control,Sym-Control,5,,44.27671245
59,Snap-879.czi,64.549,329.574,209,1814,0,65535,Tentacle Area,0,Pedal disc,,,1,B3,Sym,Control,Sym-Control,5,,0
60,Snap-878.czi,14.811,689.739,423,1868,423,65535,Symbiont Area,22.945,Pedal disc,,,1,B3,Sym,Control,Sym-Control,5,,22.94535934
61,Snap-881.czi,74.896,258.993,129,2413,0,65535,Tentacle Area,0,Pedal disc,,,1,B4,Sym,Control,Sym-Control,5,,0
62,Snap-880.czi,22.026,753.617,462,2104,462,65535,Symbiont Area,29.409,Pedal disc,,,1,B4,Sym,Control,Sym-Control,5,,29.40878018
63,Snap-883.czi,27.544,417.041,273,2463,0,65535,Tentacle Area,0,Pedal disc,,,1,B5,Sym,Control,Sym-Control,5,,0
64,Snap-882.czi,10.079,781.204,530,2239,530,65535,Symbiont Area,36.592,Pedal disc,,,1,B5,Sym,Control,Sym-Control,5,,36.59236131
65,Snap-885.czi,49.158,273.437,161,1022,0,65535,Tentacle Area,0,Pedal disc,,,1,B6,Sym,Control,Sym-Control,5,,0
66,Snap-884.czi,15.981,718.041,459,2544,459,65535,Symbiont Area,32.51,Pedal disc,,,1,B6,Sym,Control,Sym-Control,5,,32.50945929
67,Snap-887.czi,50.22,286.243,177,2157,0,65535,Tentacle Area,0,Pedal disc,,,1,C1,Sym,Control,Sym-Control,5,,0
68,Snap-886.czi,15.152,631.77,394,1641,394,65535,Symbiont Area,30.171,Pedal disc,,,1,C1,Sym,Control,Sym-Control,5,,30.17124652
69,Snap-889.czi,45.999,553.326,335,4095,0,65535,Tentacle Area,0,Pedal disc,,,1,C2,Sym,Control,Sym-Control,5,,0
70,Snap-888.czi,14.532,831.74,499,1957,499,65535,Symbiont Area,31.591,Pedal disc,,,1,C2,Sym,Control,Sym-Control,5,,31.59199113
71,Snap-891.czi,55.903,635.449,378,4095,0,65535,Tentacle Area,0,Pedal disc,,,1,C4,Sym,Control,Sym-Control,5,,0
72,Snap-890.czi,14.698,935.22,575,2156,575,65535,Symbiont Area,26.291,Pedal disc,,,1,C4,Sym,Control,Sym-Control,5,,26.29197002
73,Snap-893.czi,98.128,349.204,156,800,0,65535,Tentacle Area,0,Pedal disc,,,1,C6,Sym,Control,Sym-Control,5,,0
74,Snap-892.czi,27.998,773.623,462,2166,462,65535,Symbiont Area,28.532,Pedal disc,,,1,C6,Sym,Control,Sym-Control,5,,28.53212131
75,Snap-895.czi,4.411,378.158,230,816,0,65535,Tentacle Area,0,Tentacle,,,1,C6,Sym,Control,Sym-Control,5,,0
76,Snap-894.czi,1.487,1444.934,924,2653,924,65535,Symbiont Area,33.718,Tentacle,,,1,C6,Sym,Control,Sym-Control,5,,33.7111766
77,Snap-897.czi,184.374,331.263,107,2325,0,65535,Tentacle Area,0,Pedal disc,,,1,D1,Sym,Control,Sym-Control,5,,0
78,Snap-896.czi,41.713,854.97,511,2715,511,65535,Symbiont Area,22.624,Pedal disc,,,1,D1,Sym,Control,Sym-Control,5,,22.62412271
79,Snap-899.czi,132.084,325.906,130,1274,0,65535,Tentacle Area,0,Pedal disc,,,1,D2,Sym,Control,Sym-Control,5,,0
80,Snap-898.czi,41.169,851.709,529,2366,529,65535,Symbiont Area,31.169,Pedal disc,,,1,D2,Sym,Control,Sym-Control,5,,31.16880167
81,Snap-903.czi,5.628,446.012,233,2022,0,65535,Tentacle Area,0,Tentacle,,,1,D2,Sym,Control,Sym-Control,5,,0
82,Snap-902.czi,2.221,1671.54,1223,2782,1223,65535,Symbiont Area,39.463,Tentacle,,,1,D2,Sym,Control,Sym-Control,5,,39.4633973
83,Snap-905.czi,26.922,819.655,298,2767,0,65535,Tentacle Area,0,Tentacle,,,1,D2,Sym,Control,Sym-Control,5,,0
84,Snap-904.czi,12.402,1334.571,901,2696,901,65535,Symbiont Area,46.068,Tentacle,,,1,D2,Sym,Control,Sym-Control,5,,46.06641409
85,Snap-907.czi,9.048,787.483,370,2746,0,65535,Tentacle Area,0,Tentacle,,,1,D2,Sym,Control,Sym-Control,5,,0
86,Snap-906.czi,2.735,1796.766,1121,2461,1121,65535,Symbiont Area,30.231,Tentacle,,,1,D2,Sym,Control,Sym-Control,5,,30.22767462
87,Snap-909.czi,57.441,543.627,342,2225,0,65535,Tentacle Area,0,Pedal disc,,,1,D4,Sym,Control,Sym-Control,5,,0
88,Snap-908.czi,16.815,791.197,476,2757,476,65535,Symbiont Area,29.274,Pedal disc,,,1,D4,Sym,Control,Sym-Control,5,,29.27351543
89,Snap-910.czi,466.889,285.745,0,3765,0,65535,Tentacle Area,0,Pedal disc,,,1,D5,Sym,Control,Sym-Control,5,,0
90,Snap-910.czi,22.089,515.095,321,1578,321,65535,Symbiont Area,4.731,Pedal disc,,,1,D5,Sym,Control,Sym-Control,5,,4.73110311
91,Snap-913.czi,6.96,358.652,175,1451,0,65535,Tentacle Area,0,Pedal disc,,,1,D6,Sym,Control,Sym-Control,5,,0
92,Snap-912.czi,2.333,1313.281,818,2772,818,65535,Symbiont Area,33.524,Pedal disc,,,1,D6,Sym,Control,Sym-Control,5,,33.52011494
93,Snap-915.czi,146.39,355.667,133,2435,0,65535,Tentacle Area,0,Pedal disc,,,2,A1,Sym,Control,Sym-Control,5,,0
94,Snap-914.czi,39.061,812.697,504,2470,504,65535,Symbiont Area,26.683,Pedal disc,,,2,A1,Sym,Control,Sym-Control,5,,26.68283353
95,Snap-917.czi,114.198,282.28,117,1798,0,65535,Tentacle Area,0,Pedal disc,,,2,A2,Sym,Control,Sym-Control,5,,0
96,Snap-916.czi,35.216,680.892,419,1744,419,65535,Symbiont Area,30.838,Pedal disc,,,2,A2,Sym,Control,Sym-Control,5,,30.83766791
99,Snap-919.czi,73.231,181.042,98,1341,0,65535,Tentacle Area,0,Pedal disc,,,2,A3,Sym,Control,Sym-Control,5,,0
100,Snap-918.czi,25.553,887.738,548,2055,548,65535,Symbiont Area,34.894,Pedal disc,,,2,A3,Sym,Control,Sym-Control,5,,34.89369256
101,Snap-921.czi,76.359,577.488,256,3968,0,65535,Tentacle Area,0,Pedal disc,,,2,A4,Sym,Control,Sym-Control,5,,0
102,Snap-920.czi,32.837,840.316,538,2367,538,65535,Symbiont Area,43.003,Pedal disc,,,2,A4,Sym,Control,Sym-Control,5,,43.00344426
175,Snap-923.czi,1.419,1295.538,678,4095,0,65535,Tentacle Area,0,Tentacle,,,2,A4,Sym,Control,Sym-Control,5,,0
176,Snap-922.czi,0.776,672.355,492,1082,492,65535,Symbiont Area,54.705,Tentacle,,,2,A4,Sym,Control,Sym-Control,5,,54.68639887
105,Snap-925.czi,50.476,695.304,292,4095,0,65535,Tentacle Area,0,Pedal disc,,,2,A5,Sym,Control,Sym-Control,5,,0
106,Snap-924.czi,13.919,970.866,595,2408,595,65535,Symbiont Area,27.576,Pedal disc,,,2,A5,Sym,Control,Sym-Control,5,,27.57548142
177,Snap-927.czi,1.77,1238.171,704,3960,0,65535,Tentacle Area,0,Tentacle,,,2,A5,Sym,Control,Sym-Control,5,,0
178,Snap-926.czi,0.934,995.883,641,1680,641,65535,Symbiont Area,52.783,Tentacle,,,2,A5,Sym,Control,Sym-Control,5,,52.76836158
109,Snap-929.czi,27.575,735.52,492,4095,0,65535,Tentacle Area,0,Pedal disc,,,2,A6,Sym,Control,Sym-Control,5,,0
110,Snap-928.czi,4.985,762.205,470,2031,470,65535,Symbiont Area,18.078,Pedal disc,,,2,A6,Sym,Control,Sym-Control,5,,18.07796917
111,Snap-931.czi,70.013,607.791,360,4095,0,65535,Tentacle Area,0,Pedal disc,,,2,B1,Sym,Control,Sym-Control,5,,0
112,Snap-930.czi,17.706,815.783,495,1912,495,65535,Symbiont Area,25.29,Pedal disc,,,2,B1,Sym,Control,Sym-Control,5,,25.28958908
113,Snap-933.czi,86.261,570.827,304,4095,0,65535,Tentacle Area,0,Pedal disc,,,2,B2,Sym,Control,Sym-Control,5,,0
114,Snap-932.czi,21.401,671.228,413,2063,413,65535,Symbiont Area,24.81,Pedal disc,,,2,B2,Sym,Control,Sym-Control,5,,24.8095895
115,Snap-935.czi,49.008,688.987,425,4095,0,65535,Tentacle Area,0,Pedal disc,,,2,B3,Sym,Control,Sym-Control,5,,0
116,Snap-934.czi,10.581,819.246,500,2177,500,65535,Symbiont Area,21.591,Pedal disc,,,2,B3,Sym,Control,Sym-Control,5,,21.5903526
117,Snap-937.czi,48.459,647.772,411,4095,0,65535,Tentacle Area,0,Pedal disc,,,2,B4,Sym,Control,Sym-Control,5,,0
118,Snap-936.czi,14.844,844.513,520,1735,520,65535,Symbiont Area,30.632,Pedal disc,,,2,B4,Sym,Control,Sym-Control,5,,30.63208073
119,Snap-939.czi,65.268,225.836,124,1360,0,65535,Tentacle Area,0,Pedal disc,,,2,B5,Sym,Control,Sym-Control,5,,0
120,Snap-938.czi,19.848,710.528,437,1989,437,65535,Symbiont Area,30.41,Pedal disc,,,2,B5,Sym,Control,Sym-Control,5,,30.41000184
121,Snap-941.czi,80.804,300.657,124,2607,0,65535,Tentacle Area,0,Pedal disc,,,2,B6,Sym,Control,Sym-Control,5,,0
122,Snap-940.czi,20.87,673.846,416,2140,416,65535,Symbiont Area,25.828,Pedal disc,,,2,B6,Sym,Control,Sym-Control,5,,25.82792931
123,Snap-943.czi,83.583,405.617,209,3374,0,65535,Tentacle Area,0,Pedal disc,,,2,C1,Sym,Control,Sym-Control,5,,0
124,Snap-942.czi,23.343,733.894,454,2575,454,65535,Symbiont Area,27.928,Pedal disc,,,2,C1,Sym,Control,Sym-Control,5,,27.92792793
125,Snap-945.czi,226.408,699.377,165,3562,0,65535,Tentacle Area,0,Pedal disc,,,2,C2,Sym,Control,Sym-Control,5,,0
126,Snap-944.czi,70.425,908.862,556,2580,556,65535,Symbiont Area,31.105,Pedal disc,,,2,C2,Sym,Control,Sym-Control,5,,31.10534963
127,Snap-947.czi,242.134,454.1,109,2223,0,65535,Tentacle Area,0,Pedal disc,,,2,C3,Sym,Control,Sym-Control,5,,0
128,Snap-946.czi,67.147,834.405,509,2705,509,65535,Symbiont Area,27.731,Pedal disc,,,2,C3,Sym,Control,Sym-Control,5,,27.73133885
129,Snap-949.czi,7.884,551.873,273,1002,0,65535,Tentacle Area,0,Tentacle,,,2,C3,Sym,Control,Sym-Control,5,,0
130,Snap-948.czi,3.438,917.123,582,1834,582,65535,Symbiont Area,43.608,Tentacle,,,2,C3,Sym,Control,Sym-Control,5,,43.60730594
131,Snap-951.czi,49.866,176.674,84,1050,0,65535,Tentacle Area,0,Pedal disc,,,2,C4,Sym,Control,Sym-Control,5,,0
132,Snap-950.czi,14.476,515.008,324,1924,324,65535,Symbiont Area,29.03,Pedal disc,,,2,C4,Sym,Control,Sym-Control,5,,29.02979986
133,Snap-953.czi,65.098,428.022,203,2763,0,65535,Tentacle Area,0,Pedal disc,,,2,C5,Sym,Control,Sym-Control,5,,0
134,Snap-952.czi,19.545,579.012,369,2240,369,65535,Symbiont Area,30.024,Pedal disc,,,2,C5,Sym,Control,Sym-Control,5,,30.02396387
135,Snap-955.czi,6.99,555.691,309,1917,0,65535,Tentacle Area,0,Tentacle,,,2,C6,Sym,Control,Sym-Control,5,,0
136,Snap-954.czi,2.69,1596.723,1067,3677,1067,65535,Symbiont Area,38.479,Tentacle,,,2,C6,Sym,Control,Sym-Control,5,,38.48354793
137,Snap-957.czi,2.69,843.037,529,1363,0,65535,Tentacle Area,0,Tentacle,,,2,C6,Sym,Control,Sym-Control,5,,0
138,Snap-956.czi,0.792,1224.15,797,2837,797,65535,Symbiont Area,29.43,Tentacle,,,2,C6,Sym,Control,Sym-Control,5,,29.44237918
181,Snap-959.czi,15.925,458.645,254,1205,0,65535,Tentacle Area,0,Tentacle,,,2,C6,Sym,Control,Sym-Control,5,,0
182,Snap-958.czi,6.958,1114.952,725,2307,725,65535,Symbiont Area,43.691,Tentacle,,,2,C6,Sym,Control,Sym-Control,5,,43.69230769
141,Snap-961.czi,138.364,380.733,149,4095,0,65535,Tentacle Area,0,Pedal disc,,,2,D1,Sym,Control,Sym-Control,5,,0
142,Snap-960.czi,38.49,748.372,455,2696,455,65535,Symbiont Area,27.818,Pedal disc,,,2,D1,Sym,Control,Sym-Control,5,,27.81792952
143,Snap-963.czi,143.683,378.498,211,4095,0,65535,Tentacle Area,0,Pedal disc,,,2,D2,Sym,Control,Sym-Control,5,,0
144,Snap-962.czi,26.743,779.483,462,2335,462,65535,Symbiont Area,18.612,Pedal disc,,,2,D2,Sym,Control,Sym-Control,5,,18.61250113
147,Snap-965.czi,5.959,1124.099,385,4095,0,65535,Tentacle Area,0,Tentacle,,,2,D2,Sym,Control,Sym-Control,5,,0
148,Snap-964.czi,0.933,962.086,625,1994,625,65535,Symbiont Area,15.656,Tentacle,,,2,D2,Sym,Control,Sym-Control,5,,15.65698943
149,Snap-967.czi,9.666,479.392,172,922,0,65535,Tentacle Area,0,Tentacle,,,2,D3,Sym,Control,Sym-Control,5,,0
150,Snap-966.czi,3.859,850.192,526,1858,526,65535,Symbiont Area,39.92,Tentacle,,,2,D3,Sym,Control,Sym-Control,5,,39.923443
151,Snap-969.czi,4.802,568.113,258,1471,0,65535,Tentacle Area,0,Tentacle,,,2,D3,Sym,Control,Sym-Control,5,,0
152,Snap-968.czi,0.856,587.872,354,1688,354,65535,Symbiont Area,17.83,Tentacle,,,2,D3,Sym,Control,Sym-Control,5,,17.82590587
153,Snap-971.czi,132.621,193.581,93,2095,0,65535,Tentacle Area,0,Pedal disc,,,2,D3,Sym,Control,Sym-Control,5,,0
154,Snap-970.czi,30.081,595.372,363,1751,363,65535,Symbiont Area,22.682,Pedal disc,,,2,D3,Sym,Control,Sym-Control,5,,22.6819282
155,Snap-973.czi,170.591,210.117,95,1998,0,65535,Tentacle Area,0,Pedal disc,,,2,D3,Sym,Control,Sym-Control,5,,0
156,Snap-972.czi,33.67,548.491,326,2079,326,65535,Symbiont Area,19.737,Pedal disc,,,2,D3,Sym,Control,Sym-Control,5,,19.73726633
157,Snap-975.czi,116.344,674.246,295,4095,0,65535,Tentacle Area,0,Pedal disc,,,2,D4,Sym,Control,Sym-Control,5,,0
158,Snap-974.czi,33.547,827.744,508,2942,508,65535,Symbiont Area,28.834,Pedal disc,,,2,D4,Sym,Control,Sym-Control,5,,28.83431892
161,Snap-980.czi,8.936,1911.497,996,4095,0,65535,Tentacle Area,0,Tentacle,,,2,D4,Sym,Control,Sym-Control,5,,0
162,Snap-979.czi,3.649,1549.223,1011,3675,1011,65535,Symbiont Area,40.832,Tentacle,,,2,D4,Sym,Control,Sym-Control,5,,40.83482543
163,Snap-982.czi,7.055,2462.47,874,4095,0,65535,Tentacle Area,0,Tentacle,,,2,D4,Sym,Control,Sym-Control,5,,0
164,Snap-981.czi,2.034,1562.629,1024,3855,1024,65535,Symbiont Area,28.833,Tentacle,,,2,D4,Sym,Control,Sym-Control,5,,28.83061658
165,Snap-984.czi,4.497,1559.049,686,4095,0,65535,Tentacle Area,0,Tentacle,,,2,D4,Sym,Control,Sym-Control,5,,0
166,Snap-983.czi,1.171,1919.322,1272,3932,1272,65535,Symbiont Area,26.029,Tentacle,,,2,D4,Sym,Control,Sym-Control,5,,26.03958194
167,Snap-985.czi,466.889,490.202,3,4095,0,65535,Tentacle Area,0,Pedal disc,,,2,D5,Sym,Control,Sym-Control,5,,0
168,Snap-985.czi,25.383,718.252,430,2582,430,65535,Symbiont Area,5.437,Pedal disc,,,2,D5,Sym,Control,Sym-Control,5,,5.436624123
169,Snap-988.czi,7.104,494.8,281,1246,0,65535,Tentacle Area,0,Tentacle,,,2,D5,Sym,Control,Sym-Control,5,,0
170,Snap-987.czi,1.548,838.319,546,2053,546,65535,Symbiont Area,21.785,Tentacle,,,2,D5,Sym,Control,Sym-Control,5,,21.79054054
171,Snap-990.czi,3.419,564.887,277,1644,0,65535,Tentacle Area,0,Tentacle,,,2,D5,Sym,Control,Sym-Control,5,,0
172,Snap-989.czi,1.489,859.924,559,2089,559,65535,Symbiont Area,43.56,Tentacle,,,2,D5,Sym,Control,Sym-Control,5,,43.55074583
173,Snap-992.czi,130.813,703.098,307,3660,0,65535,Tentacle Area,0,Pedal disc,,,2,D6,Sym,Control,Sym-Control,5,,0
174,Snap-991.czi,33.175,837.506,523,2468,523,65535,Symbiont Area,25.361,Pedal disc,,,2,D6,Sym,Control,Sym-Control,5,,25.3606293
183,Snap-1044.czi,95.971,402.871,100,2192,0,65535,Tentacle Area,0,Pedal disc,,,4,A2,Sym,HS,Sym-HS,5,,0
184,Snap-1043.czi,24.332,1098.952,653,3637,653,65535,Symbiont Area,25.353,Pedal disc,,,4,A2,Sym,HS,Sym-HS,5,,25.3534922
185,Snap-1046.czi,28.018,201.9,84,1228,0,65535,Tentacle Area,0,Pedal disc,,,4,A3,Sym,HS,Sym-HS,5,,0
186,Snap-1045.czi,4.827,1100.842,653,3570,653,65535,Symbiont Area,17.229,Pedal disc,,,4,A3,Sym,HS,Sym-HS,5,,17.22821044
187,Snap-1048.czi,68.721,285.821,93,2224,0,65535,Tentacle Area,0,Pedal disc,,,4,A4,Sym,HS,Sym-HS,5,,0
188,Snap-1047.czi,24.009,1044.669,657,2991,657,65535,Symbiont Area,34.936,Pedal disc,,,4,A4,Sym,HS,Sym-HS,5,,34.93691885
189,Snap-1050.czi,88.525,320.416,93,2461,0,65535,Tentacle Area,0,Pedal disc,,,4,A5,Sym,HS,Sym-HS,5,,0
190,Snap-1049.czi,31.284,1054.884,653,2687,653,65535,Symbiont Area,35.339,Pedal disc,,,4,A5,Sym,HS,Sym-HS,5,,35.33916973
191,Snap-1052.czi,76.501,464.563,185,1725,0,65535,Tentacle Area,0,Pedal disc,,,4,A6,Sym,HS,Sym-HS,5,,0
192,Snap-1051.czi,14.989,885.589,543,3707,543,65535,Symbiont Area,19.593,Pedal disc,,,4,A6,Sym,HS,Sym-HS,5,,19.59320793
193,Snap-1054.czi,7.184,786.136,460,2021,0,65535,Tentacle Area,0,Tentacle,,,4,A6,Sym,HS,Sym-HS,5,,0
194,Snap-1053.czi,1.992,1224.916,812,2366,812,65535,Symbiont Area,27.727,Tentacle,,,4,A6,Sym,HS,Sym-HS,5,,27.72828508
195,Snap-1056.czi,5.797,680.488,442,2043,0,65535,Tentacle Area,0,Tentacle,,,4,A6,Sym,HS,Sym-HS,5,,0
196,Snap-1055.czi,1.198,1542.313,914,3494,914,65535,Symbiont Area,20.671,Tentacle,,,4,A6,Sym,HS,Sym-HS,5,,20.66586165
197,Snap-1058.czi,115.75,695.674,165,2591,0,65535,Tentacle Area,0,Pedal disc,,,4,B3,Sym,HS,Sym-HS,5,,0
198,Snap-1057.czi,18.583,996.383,571,3903,571,65535,Symbiont Area,16.055,Pedal disc,,,4,B3,Sym,HS,Sym-HS,5,,16.05442765
199,Snap-1060.czi,95.158,512.591,177,1616,0,65535,Tentacle Area,0,Pedal disc,,,4,B4,Sym,HS,Sym-HS,5,,0
200,Snap-1059.czi,19.545,713.509,425,3630,425,65535,Symbiont Area,20.54,Pedal disc,,,4,B4,Sym,HS,Sym-HS,5,,20.53952374
201,Snap-1062.czi,35.445,315.662,159,1577,0,65535,Tentacle Area,0,Pedal disc,,,4,B5,Sym,HS,Sym-HS,5,,0
202,Snap-1061.czi,10.956,1082.321,652,3125,652,65535,Symbiont Area,30.91,Pedal disc,,,4,B5,Sym,HS,Sym-HS,5,,30.90986035
203,Snap-1064.czi,49.898,302.449,134,2366,0,65535,Tentacle Area,0,Pedal disc,,,4,C3,Sym,HS,Sym-HS,5,,0
204,Snap-1063.czi,16.089,1167.241,723,3035,723,65535,Symbiont Area,32.244,Pedal disc,,,4,C3,Sym,HS,Sym-HS,5,,32.24377731
205,Snap-1066.czi,5.72,779.02,335,1357,0,65535,Tentacle Area,0,Tentacle,,,4,C3,Sym,HS,Sym-HS,5,,0
206,Snap-1065.czi,2.545,1239.418,870,2423,870,65535,Symbiont Area,44.499,Tentacle,,,4,C3,Sym,HS,Sym-HS,5,,44.49300699
207,Snap-1068.czi,71.736,593.316,200,2715,0,65535,Tentacle Area,0,Pedal disc,,,4,C5,Sym,HS,Sym-HS,5,,0
208,Snap-1067.czi,7.001,1316.977,741,3887,741,65535,Symbiont Area,9.759,Pedal disc,,,4,C5,Sym,HS,Sym-HS,5,,9.759395562
209,Snap-1070.czi,83.246,219.728,110,1589,0,65535,Tentacle Area,0,Pedal disc,,,4,D3,Sym,HS,Sym-HS,5,,0
210,Snap-1069.czi,24.017,829.652,507,2280,507,65535,Symbiont Area,28.851,Pedal disc,,,4,D3,Sym,HS,Sym-HS,5,,28.85063547
211,Snap-1072.czi,50.257,286.812,134,2460,0,65535,Tentacle Area,0,Pedal disc,,,4,D4,Sym,HS,Sym-HS,5,,0
212,Snap-1071.czi,8.178,703.611,421,2564,421,65535,Symbiont Area,16.273,Pedal disc,,,4,D4,Sym,HS,Sym-HS,5,,16.27236007
213,Snap-1074.czi,48.173,152.409,77,747,0,65535,Tentacle Area,0,Pedal disc,,,4,D5,Sym,HS,Sym-HS,5,,0
214,Snap-1073.czi,4.543,1556.019,874,3401,874,65535,Symbiont Area,9.43,Pedal disc,,,4,D5,Sym,HS,Sym-HS,5,,9.430593901
215,Snap-1076.czi,57.968,271.257,128,2309,0,65535,Tentacle Area,0,Pedal disc,,,4,D6,Sym,HS,Sym-HS,5,,0
216,Snap-1075.czi,10.75,604.913,361,3825,361,65535,Symbiont Area,18.545,Pedal disc,,,4,D6,Sym,HS,Sym-HS,5,,18.54471433
217,Snap-1078.czi,72.48,625.338,134,2812,0,65535,Tentacle Area,0,Pedal disc,,,5,A2,Sym,HS,Sym-HS,5,,0
218,Snap-1077.czi,29.25,1070.668,708,3058,708,65535,Symbiont Area,40.356,Pedal disc,,,5,A2,Sym,HS,Sym-HS,5,,40.35596026
219,Snap-1080.czi,89.937,272.452,107,2531,0,65535,Tentacle Area,0,Pedal disc,,,5,A3,Sym,HS,Sym-HS,5,,0
220,Snap-1079.czi,25.769,557.793,348,3251,348,65535,Symbiont Area,28.652,Pedal disc,,,5,A3,Sym,HS,Sym-HS,5,,28.65227882
221,Snap-1082.czi,89.645,418.663,184,2967,0,65535,Tentacle Area,0,Pedal disc,,,5,A4,Sym,HS,Sym-HS,5,,0
222,Snap-1081.czi,15.59,535.905,318,3214,318,65535,Symbiont Area,17.391,Pedal disc,,,5,A4,Sym,HS,Sym-HS,5,,17.39081934
223,Snap-1084.czi,90.215,308.89,136,2364,0,65535,Tentacle Area,0,Pedal disc,,,5,A5,Sym,HS,Sym-HS,5,,0
224,Snap-1083.czi,11.596,892.931,513,3137,513,65535,Symbiont Area,12.854,Pedal disc,,,5,A5,Sym,HS,Sym-HS,5,,12.85373829
225,Snap-1086.czi,38.121,385.449,236,2449,0,65535,Tentacle Area,0,Pedal disc,,,5,A6,Sym,HS,Sym-HS,5,,0
226,Snap-1085.czi,1.54,1611.174,888,3622,888,65535,Symbiont Area,4.04,Pedal disc,,,5,A6,Sym,HS,Sym-HS,5,,4.039768107
227,Snap-1088.czi,86.269,938.376,309,3752,0,65535,Tentacle Area,0,Pedal disc,,,5,B1,Sym,HS,Sym-HS,5,,0
228,Snap-1087.czi,4.747,1344.207,740,3893,740,65535,Symbiont Area,5.503,Pedal disc,,,5,B1,Sym,HS,Sym-HS,5,,5.502555959
229,Snap-1090.czi,4.425,1670.149,706,3146,0,65535,Tentacle Area,0,Tentacle,,,5,B1,Sym,HS,Sym-HS,5,,0
230,Snap-1089.czi,0.617,1901.114,1116,3929,1114,65535,Symbiont Area,13.944,Tentacle,,,5,B1,Sym,HS,Sym-HS,5,,13.94350282
231,Snap-1092.czi,38.64,345.441,183,1542,0,65535,Tentacle Area,0,Pedal disc,,,5,B2,Sym,HS,Sym-HS,5,,0
232,Snap-1091.czi,9.817,818.984,488,3462,488,65535,Symbiont Area,25.408,Pedal disc,,,5,B2,Sym,HS,Sym-HS,5,,25.4063147
233,Snap-1094.czi,46.655,705.309,290,3628,0,65535,Tentacle Area,0,Pedal disc,,,5,B3,Sym,HS,Sym-HS,5,,0
234,Snap-1093.czi,10.439,1373.141,813,3738,813,65535,Symbiont Area,22.374,Pedal disc,,,5,B3,Sym,HS,Sym-HS,5,,22.37487943
235,Snap-1096.czi,38.88,468.072,268,3913,0,65535,Tentacle Area,0,Pedal disc,,,5,B5,Sym,HS,Sym-HS,5,,0
236,Snap-1095.czi,7.491,568.396,347,2109,347,65535,Symbiont Area,19.267,Pedal disc,,,5,B5,Sym,HS,Sym-HS,5,,19.26697531
237,Snap-1098.czi,53.268,348.105,150,1791,0,65535,Tentacle Area,0,Pedal disc,,,5,C2,Sym,HS,Sym-HS,5,,0
238,Snap-1097.czi,11.833,975.612,588,3059,588,65535,Symbiont Area,22.214,Pedal disc,,,5,C2,Sym,HS,Sym-HS,5,,22.21408726
239,Snap-1100.czi,2.951,745.904,349,2965,0,65535,Tentacle Area,0,Tentacle,,,5,C2,Sym,HS,Sym-HS,5,,0
240,Snap-1099.czi,0.597,1019.643,646,2468,646,65535,Symbiont Area,20.231,Tentacle,,,5,C2,Sym,HS,Sym-HS,5,,20.23043036
241,Snap-1102.czi,142.311,665.418,236,3574,0,65535,Tentacle Area,0,Pedal disc,,,5,C3,Sym,HS,Sym-HS,5,,0
242,Snap-1101.czi,38.635,704.777,443,2988,443,65535,Symbiont Area,27.148,Pedal disc,,,5,C3,Sym,HS,Sym-HS,5,,27.1482879
243,Snap-1104.czi,38.146,641.53,346,3177,0,65535,Tentacle Area,0,Pedal disc,,,5,C4,Sym,HS,Sym-HS,5,,0
244,Snap-1103.czi,6.145,966.467,572,2671,572,65535,Symbiont Area,16.108,Pedal disc,,,5,C4,Sym,HS,Sym-HS,5,,16.10915954
259,Snap-1106.czi,57.135,272.949,146,1243,0,65535,Tentacle Area,0,Pedal disc,,,5,C5,Sym,HS,Sym-HS,5,,0
260,Snap-1105.czi,5.503,1082.289,615,3332,615,65535,Symbiont Area,9.632,Pedal disc,,,5,C5,Sym,HS,Sym-HS,5,,9.631574341
247,Snap-1108.czi,57.59,232.773,122,2634,0,65535,Tentacle Area,0,Pedal disc,,,5,D2,Sym,HS,Sym-HS,5,,0
248,Snap-1107.czi,15.838,734.521,462,2238,462,65535,Symbiont Area,27.502,Pedal disc,,,5,D2,Sym,HS,Sym-HS,5,,27.50130231
249,Snap-1110.czi,3.089,438.879,191,935,0,65535,Tentacle Area,0,Tentacle,,,5,D2,Sym,HS,Sym-HS,5,,0
250,Snap-1109.czi,1.408,1245.115,878,2108,878,65535,Symbiont Area,45.583,Tentacle,,,5,D2,Sym,HS,Sym-HS,5,,45.58109421
251,Snap-1112.czi,58.235,365.397,147,2622,0,65535,Tentacle Area,0,Pedal disc,,,5,D3,Sym,HS,Sym-HS,5,,0
252,Snap-1111.czi,13.286,580.551,349,2700,349,65535,Symbiont Area,22.815,Pedal disc,,,5,D3,Sym,HS,Sym-HS,5,,22.81445866
255,Snap-1114.czi,31.814,437.526,250,3173,0,65535,Tentacle Area,0,Pedal disc,,,5,D4,Sym,HS,Sym-HS,5,,0
256,Snap-1113.czi,2.426,1190.924,670,3189,670,65535,Symbiont Area,7.624,Pedal disc,,,5,D4,Sym,HS,Sym-HS,5,,7.625573647
257,Snap-1116.czi,82.629,215.142,102,1419,0,65535,Tentacle Area,0,Pedal disc,,,5,D5,Sym,HS,Sym-HS,5,,0
258,Snap-1115.czi,24.625,674.5,421,2232,421,65535,Symbiont Area,29.802,Pedal disc,,,5,D5,Sym,HS,Sym-HS,5,,29.80188554
261,Snap-1164.czi,138.997,298.095,116,2207,0,65535,Tentacle Area,0,Pedal disc,,,1,A1,Sym,Control,Sym-Control,7,,0
262,Snap-1163.czi,36.886,801.997,498,2979,498,65535,Symbiont Area,26.537,Pedal disc,,,1,A1,Sym,Control,Sym-Control,7,,26.53726339
263,Snap-1166.czi,24.482,753.131,222,2969,0,65535,Tentacle Area,0,Tentacle,,,1,A1,Sym,Control,Sym-Control,7,,0
264,Snap-1165.czi,7.626,1334.831,897,3223,897,65535,Symbiont Area,31.151,Tentacle,,,1,A1,Sym,Control,Sym-Control,7,,31.1494159
265,Snap-1168.czi,28.888,594.527,180,1080,0,65535,Tentacle Area,0,Tentacle,,,1,A1,Sym,Control,Sym-Control,7,,0
266,Snap-1167.czi,15.474,858.367,574,3256,574,65535,Symbiont Area,53.564,Tentacle,,,1,A1,Sym,Control,Sym-Control,7,,53.56549432
267,Snap-1170.czi,8.336,391.976,181,1300,0,65535,Tentacle Area,0,Tentacle,,,1,A1,Sym,Control,Sym-Control,7,,0
268,Snap-1169.czi,4.42,1298.077,936,2688,936,65535,Symbiont Area,53.019,Tentacle,,,1,A1,Sym,Control,Sym-Control,7,,53.02303263
269,Snap-1172.czi,2.096,483.207,274,1030,0,65535,Tentacle Area,0,Tentacle,,,1,A1,Sym,Control,Sym-Control,7,,0
270,Snap-1171.czi,1.309,1774.871,1198,3511,1198,65535,Symbiont Area,62.471,Tentacle,,,1,A1,Sym,Control,Sym-Control,7,,62.45229008
271,Snap-1174.czi,111.351,349.846,188,2285,0,65535,Tentacle Area,0,Pedal disc,,,1,A2,Sym,Control,Sym-Control,7,,0
272,Snap-1173.czi,26.079,786.316,482,2782,482,65535,Symbiont Area,23.421,Pedal disc,,,1,A2,Sym,Control,Sym-Control,7,,23.42053506
273,Snap-1176.czi,20.342,772.113,416,1518,0,65535,Tentacle Area,0,Tentacle,,,1,A2,Sym,Control,Sym-Control,7,,0
274,Snap-1175.czi,7.223,1590.357,1073,3251,1073,65535,Symbiont Area,35.507,Tentacle,,,1,A2,Sym,Control,Sym-Control,7,,35.50781634
275,Snap-1178.czi,5.557,980.721,518,1737,0,65535,Tentacle Area,0,Tentacle,,,1,A2,Sym,Control,Sym-Control,7,,0
276,Snap-1177.czi,2.589,1748.26,1146,3483,1146,65535,Symbiont Area,46.585,Tentacle,,,1,A2,Sym,Control,Sym-Control,7,,46.58988663
277,Snap-1180.czi,94.01,397.039,238,2332,0,65535,Tentacle Area,0,Pedal disc,,,1,A3,Sym,Control,Sym-Control,7,,0
278,Snap-1179.czi,30.711,810.794,509,2649,509,65535,Symbiont Area,32.668,Pedal disc,,,1,A3,Sym,Control,Sym-Control,7,,32.6678013
279,Snap-1182.czi,101.988,410.72,236,3186,0,65535,Tentacle Area,0,Pedal disc,,,1,A4,Sym,Control,Sym-Control,7,,0
280,Snap-1181.czi,25.779,896.403,551,2996,551,65535,Symbiont Area,25.276,Pedal disc,,,1,A4,Sym,Control,Sym-Control,7,,25.27650312
281,Snap-1184.czi,21.094,673.389,391,1700,0,65535,Tentacle Area,0,Tentacle,,,1,A4,Sym,Control,Sym-Control,7,,0
282,Snap-1183.czi,11.001,1516.7,1053,2896,1053,65535,Symbiont Area,52.15,Tentacle,,,1,A4,Sym,Control,Sym-Control,7,,52.15227079
283,Snap-1186.czi,5.348,612.681,243,1625,0,65535,Tentacle Area,0,Tentacle,,,1,A4,Sym,Control,Sym-Control,7,,0
284,Snap-1185.czi,2.482,1411.656,942,2515,942,65535,Symbiont Area,46.406,Tentacle,,,1,A4,Sym,Control,Sym-Control,7,,46.40987285
285,Snap-1188.czi,2.606,673.393,349,1225,0,65535,Tentacle Area,0,Tentacle,,,1,A4,Sym,Control,Sym-Control,7,,0
286,Snap-1187.czi,1.149,1275.223,843,2325,843,65535,Symbiont Area,44.111,Tentacle,,,1,A4,Sym,Control,Sym-Control,7,,44.09056025
287,Snap-1190.czi,22.977,460.613,250,2518,0,65535,Tentacle Area,0,Pedal disc,,,1,A4,Sym,Control,Sym-Control,7,,0
288,Snap-1189.czi,9.14,1085.66,681,2779,681,65535,Symbiont Area,39.78,Pedal disc,,,1,A4,Sym,Control,Sym-Control,7,,39.77890934
289,Snap-1192.czi,92.778,435.957,258,3134,0,65535,Tentacle Area,0,Pedal disc,,,1,A5,Sym,Control,Sym-Control,7,,0
290,Snap-1191.czi,19.437,947.917,576,2772,576,65535,Symbiont Area,20.95,Pedal disc,,,1,A5,Sym,Control,Sym-Control,7,,20.9500097
291,Snap-1194.czi,8.266,1031.299,559,2715,0,65535,Tentacle Area,0,Tentacle,,,1,A5,Sym,Control,Sym-Control,7,,0
292,Snap-1193.czi,3.359,2163.985,1647,3530,1647,65535,Symbiont Area,40.638,Tentacle,,,1,A5,Sym,Control,Sym-Control,7,,40.63634164
293,Snap-1196.czi,6.791,810.068,365,3163,0,65535,Tentacle Area,0,Tentacle,,,1,A5,Sym,Control,Sym-Control,7,,0
294,Snap-1195.czi,2.568,1977.457,1271,3683,1271,65535,Symbiont Area,37.811,Tentacle,,,1,A5,Sym,Control,Sym-Control,7,,37.81475482
295,Snap-1198.czi,249.796,466.724,117,2160,0,65535,Tentacle Area,0,Pedal disc,,,1,A6,Sym,Control,Sym-Control,7,,0
296,Snap-1197.czi,65.418,1037.324,622,2882,622,65535,Symbiont Area,26.189,Pedal disc,,,1,A6,Sym,Control,Sym-Control,7,,26.18856987
297,Snap-1200.czi,56.427,330.066,199,1479,0,65535,Tentacle Area,0,Pedal disc,,,1,B1,Sym,Control,Sym-Control,7,,0
298,Snap-1199.czi,14.907,767.092,481,2669,481,65535,Symbiont Area,26.418,Pedal disc,,,1,B1,Sym,Control,Sym-Control,7,,26.41820405
299,Snap-1202.czi,96.469,448.985,239,1566,0,65535,Tentacle Area,0,Pedal disc,,,1,B3,Sym,Control,Sym-Control,7,,0
300,Snap-1201.czi,19.379,744.513,449,2485,449,65535,Symbiont Area,20.089,Pedal disc,,,1,B3,Sym,Control,Sym-Control,7,,20.08831853
301,Snap-1204.czi,3.937,652.907,341,1125,0,65535,Tentacle Area,0,Tentacle,,,1,B3,Sym,Control,Sym-Control,7,,0
302,Snap-1203.czi,1.916,923.833,674,1620,674,65535,Symbiont Area,48.671,Tentacle,,,1,B3,Sym,Control,Sym-Control,7,,48.66649733
303,Snap-1206.czi,75.613,313.133,167,2461,0,65535,Tentacle Area,0,Pedal disc,,,1,B4,Sym,Control,Sym-Control,7,,0
304,Snap-1205.czi,18.822,721.705,445,2526,445,65535,Symbiont Area,24.893,Pedal disc,,,1,B4,Sym,Control,Sym-Control,7,,24.89254493
305,Snap-1208.czi,26.305,564.219,356,3573,0,65535,Tentacle Area,0,Pedal disc,,,1,B5,Sym,Control,Sym-Control,7,,0
306,Snap-1207.czi,6.994,981.775,637,2730,637,65535,Symbiont Area,26.589,Pedal disc,,,1,B5,Sym,Control,Sym-Control,7,,26.58810112
307,Snap-1210.czi,48.077,402.295,260,1663,0,65535,Tentacle Area,0,Pedal disc,,,1,B6,Sym,Control,Sym-Control,7,,0
308,Snap-1209.czi,14.71,843.239,554,2995,554,65535,Symbiont Area,30.597,Pedal disc,,,1,B6,Sym,Control,Sym-Control,7,,30.59675105
309,Snap-1212.czi,53.1,401.169,253,1423,0,65535,Tentacle Area,0,Pedal disc,,,1,C1,Sym,Control,Sym-Control,7,,0
310,Snap-1211.czi,16.94,845.348,538,2287,538,65535,Symbiont Area,31.902,Pedal disc,,,1,C1,Sym,Control,Sym-Control,7,,31.90207156
311,Snap-1214.czi,51.369,436.011,259,3059,0,65535,Tentacle Area,0,Pedal disc,,,1,C2,Sym,Control,Sym-Control,7,,0
312,Snap-1213.czi,14.444,774.689,454,1901,454,65535,Symbiont Area,28.118,Pedal disc,,,1,C2,Sym,Control,Sym-Control,7,,28.11812572
313,Snap-1216.czi,62.2,327.709,214,1133,0,65535,Tentacle Area,0,Pedal disc,,,1,C4,Sym,Control,Sym-Control,7,,0
314,Snap-1215.czi,15.035,739.197,457,2287,457,65535,Symbiont Area,24.172,Pedal disc,,,1,C4,Sym,Control,Sym-Control,7,,24.17202572
315,Snap-1218.czi,19.548,456.301,282,680,0,65535,Tentacle Area,0,Tentacle,,,1,C6,Sym,Control,Sym-Control,7,,0
316,Snap-1217.czi,6.256,1171.18,778,1977,778,65535,Symbiont Area,32.003,Tentacle,,,1,C6,Sym,Control,Sym-Control,7,,32.00327399
317,Snap-1220.czi,157.212,485.046,220,1670,0,65535,Tentacle Area,0,Pedal disc,,,1,D1,Sym,Control,Sym-Control,7,,0
318,Snap-1219.czi,36.092,871.291,522,2771,522,65535,Symbiont Area,22.958,Pedal disc,,,1,D1,Sym,Control,Sym-Control,7,,22.95753505
319,Snap-1222.czi,7.858,1062.886,560,1933,0,65535,Tentacle Area,0,Tentacle,,,1,D1,Sym,Control,Sym-Control,7,,0
320,Snap-1221.czi,3.041,748.95,496,2176,496,65535,Symbiont Area,38.693,Tentacle,,,1,D1,Sym,Control,Sym-Control,7,,38.69941461
321,Snap-1224.czi,16.599,938.804,332,2713,0,65535,Tentacle Area,0,Tentacle,,,1,D1,Sym,Control,Sym-Control,7,,0
322,Snap-1223.czi,8.468,2033.676,1443,3545,1443,65535,Symbiont Area,51.014,Tentacle,,,1,D1,Sym,Control,Sym-Control,7,,51.01512139
323,Snap-1226.czi,14.977,442.091,243,1351,0,65535,Tentacle Area,0,Tentacle,,,1,D1,Sym,Control,Sym-Control,7,,0
324,Snap-1225.czi,8.827,2259.4,1365,3779,1365,65535,Symbiont Area,58.936,Tentacle,,,1,D1,Sym,Control,Sym-Control,7,,58.93703679
325,Snap-1228.czi,22.67,838.088,248,2296,0,65535,Tentacle Area,0,Tentacle,,,1,D1,Sym,Control,Sym-Control,7,,0
326,Snap-1227.czi,12.386,1725.28,1123,2866,1123,65535,Symbiont Area,54.635,Tentacle,,,1,D1,Sym,Control,Sym-Control,7,,54.63608293
327,Snap-1230.czi,21.579,568.42,228,1760,0,65535,Tentacle Area,0,Tentacle,,,1,D1,Sym,Control,Sym-Control,7,,0
328,Snap-1229.czi,5.739,1449.891,916,3255,916,65535,Symbiont Area,26.597,Tentacle,,,1,D1,Sym,Control,Sym-Control,7,,26.59530099
329,Snap-1232.czi,5.881,804.763,574,2306,0,65535,Tentacle Area,0,Tentacle,,,1,D1,Sym,Control,Sym-Control,7,,0
330,Snap-1231.czi,2.904,1479.671,944,3091,944,65535,Symbiont Area,49.38,Tentacle,,,1,D1,Sym,Control,Sym-Control,7,,49.37935725
331,Snap-1234.czi,20.133,1185.764,461,2890,0,65535,Tentacle Area,0,Tentacle,,,1,D1,Sym,Control,Sym-Control,7,,0
332,Snap-1233.czi,5.244,1767.493,1151,3915,1151,65535,Symbiont Area,26.047,Tentacle,,,1,D1,Sym,Control,Sym-Control,7,,26.04678885
333,Snap-1236.czi,37.37,829.605,400,1478,0,65535,Tentacle Area,0,Tentacle,,,1,D1,Sym,Control,Sym-Control,7,,0
334,Snap-1235.czi,9.566,1726.028,988,3816,988,65535,Symbiont Area,25.598,Tentacle,,,1,D1,Sym,Control,Sym-Control,7,,25.59807332
335,Snap-1238.czi,95.598,313.95,190,1932,0,65535,Tentacle Area,0,Body column,,,1,D2,Sym,Control,Sym-Control,7,,0
336,Snap-1237.czi,36.886,874.454,557,2300,557,65535,Symbiont Area,38.585,Body column,,,1,D2,Sym,Control,Sym-Control,7,,38.58448922
337,Snap-1240.czi,10.012,550.234,268,1691,0,65535,Tentacle Area,0,Tentacle,,,1,D2,Sym,Control,Sym-Control,7,,0
338,Snap-1239.czi,5.198,1963.494,1366,3167,1366,65535,Symbiont Area,51.919,Tentacle,,,1,D2,Sym,Control,Sym-Control,7,,51.91769876
339,Snap-1242.czi,22.055,484.964,202,2212,0,65535,Tentacle Area,0,Tentacle,,,1,D2,Sym,Control,Sym-Control,7,,0
340,Snap-1241.czi,11.172,1241.658,869,2623,869,65535,Symbiont Area,50.653,Tentacle,,,1,D2,Sym,Control,Sym-Control,7,,50.65518023
341,Snap-1244.czi,30.968,570.539,320,1596,0,65535,Tentacle Area,0,Tentacle,,,1,D2,Sym,Control,Sym-Control,7,,0
342,Snap-1243.czi,5.785,2348.363,1400,3657,1400,65535,Symbiont Area,18.68,Tentacle,,,1,D2,Sym,Control,Sym-Control,7,,18.6805735
343,Snap-1246.czi,11.748,562.408,306,1035,0,65535,Tentacle Area,0,Tentacle,,,1,D2,Sym,Control,Sym-Control,7,,0
344,Snap-1245.czi,3.912,1359.35,902,3130,902,65535,Symbiont Area,33.299,Tentacle,,,1,D2,Sym,Control,Sym-Control,7,,33.29928498
345,Snap-1248.czi,47.5,752.801,383,1973,0,65535,Tentacle Area,0,Tentacle,,,1,D2,Sym,Control,Sym-Control,7,,0
346,Snap-1247.czi,15.191,1019.187,611,2704,611,65535,Symbiont Area,31.981,Tentacle,,,1,D2,Sym,Control,Sym-Control,7,,31.98105263
347,Snap-1250.czi,62.616,459.653,275,2780,0,65535,Tentacle Area,0,Pedal disc,,,1,D4,Sym,Control,Sym-Control,7,,0
348,Snap-1249.czi,14.634,862.33,516,2989,516,65535,Symbiont Area,23.371,Pedal disc,,,1,D4,Sym,Control,Sym-Control,7,,23.37102338
349,Snap-1252.czi,72.96,346.375,156,2312,0,65535,Tentacle Area,0,Pedal disc,,,1,D5,Sym,Control,Sym-Control,7,,0
350,Snap-1251.czi,10.288,1077.473,629,3573,629,65535,Symbiont Area,14.1,Pedal disc,,,1,D5,Sym,Control,Sym-Control,7,,14.10087719
351,Snap-1254.czi,6.598,495.716,281,1069,0,65535,Tentacle Area,0,Pedal disc,,,1,D6,Sym,Control,Sym-Control,7,,0
352,Snap-1253.czi,0.383,1753.795,955,3819,955,65535,Symbiont Area,5.81,Pedal disc,,,1,D6,Sym,Control,Sym-Control,7,,5.80478933
353,Snap-1256.czi,194.527,326.463,181,2250,0,65535,Tentacle Area,0,Pedal disc,,,2,A1,Sym,Control,Sym-Control,7,,0
354,Snap-1255.czi,37.147,1108.838,659,2899,659,65535,Symbiont Area,19.096,Pedal disc,,,2,A1,Sym,Control,Sym-Control,7,,19.09606379
355,Snap-1258.czi,16.22,695.671,322,1717,0,65535,Tentacle Area,0,Tentacle,,,2,A1,Sym,Control,Sym-Control,7,,0
356,Snap-1257.czi,9.366,1082.763,700,3203,700,65535,Symbiont Area,57.745,Tentacle,,,2,A1,Sym,Control,Sym-Control,7,,57.74352651
357,Snap-1260.czi,119.588,484.279,271,1973,0,65535,Tentacle Area,0,Pedal disc,,,2,A2,Sym,Control,Sym-Control,7,,0
358,Snap-1259.czi,20.377,816.251,485,2314,485,65535,Symbiont Area,17.04,Pedal disc,,,2,A2,Sym,Control,Sym-Control,7,,17.03933505
359,Snap-1262.czi,1.297,572.103,382,909,0,65535,Tentacle Area,0,Tentacle,,,2,A2,Sym,Control,Sym-Control,7,,0
360,Snap-1261.czi,0.602,1373.965,969,2573,969,65535,Symbiont Area,46.415,Tentacle,,,2,A2,Sym,Control,Sym-Control,7,,46.41480339
361,Snap-1264.czi,8.719,639.481,268,1541,0,65535,Tentacle Area,0,Tentacle,,,2,A2,Sym,Control,Sym-Control,7,,0
362,Snap-1263.czi,4.365,1306.184,912,2248,912,65535,Symbiont Area,50.067,Tentacle,,,2,A2,Sym,Control,Sym-Control,7,,50.06308063
363,Snap-1266.czi,7.039,647.94,243,1521,0,65535,Tentacle Area,0,Tentacle,,,2,A2,Sym,Control,Sym-Control,7,,0
364,Snap-1265.czi,3.995,1257.835,841,2276,841,65535,Symbiont Area,56.752,Tentacle,,,2,A2,Sym,Control,Sym-Control,7,,56.75522091
365,Snap-1268.czi,75.51,433.378,280,1587,0,65535,Tentacle Area,0,Pedal disc,,,2,A3,Sym,Control,Sym-Control,7,,0
366,Snap-1267.czi,23.549,676.271,420,2045,420,65535,Symbiont Area,31.186,Pedal disc,,,2,A3,Sym,Control,Sym-Control,7,,31.1865978
367,Snap-1270.czi,55,315.484,198,1929,0,65535,Tentacle Area,0,Pedal disc,,,2,A4,Sym,Control,Sym-Control,7,,0
368,Snap-1269.czi,16.986,979.441,594,2201,594,65535,Symbiont Area,30.884,Pedal disc,,,2,A4,Sym,Control,Sym-Control,7,,30.88363636
369,Snap-1272.czi,11.902,1089.105,374,3118,0,65535,Tentacle Area,0,Tentacle,,,2,A4,Sym,Control,Sym-Control,7,,0
370,Snap-1271.czi,5.284,1002.118,722,2111,722,65535,Symbiont Area,44.398,Tentacle,,,2,A4,Sym,Control,Sym-Control,7,,44.39589985
371,Snap-1274.czi,5.544,704.334,307,2889,0,65535,Tentacle Area,0,Tentacle,,,2,A4,Sym,Control,Sym-Control,7,,0
372,Snap-1273.czi,1.185,1045.328,681,1983,681,65535,Symbiont Area,21.383,Tentacle,,,2,A4,Sym,Control,Sym-Control,7,,21.37445887
373,Snap-1276.czi,19.949,839.869,233,2485,0,65535,Tentacle Area,0,Tentacle,,,2,A4,Sym,Control,Sym-Control,7,,0
374,Snap-1275.czi,6.743,501.934,335,1227,335,65535,Symbiont Area,33.801,Tentacle,,,2,A4,Sym,Control,Sym-Control,7,,33.80119304
375,Snap-1278.czi,38.431,486.983,230,2951,0,65535,Tentacle Area,0,Pedal disc,,,2,A5,Sym,Control,Sym-Control,7,,0
376,Snap-1277.czi,9.885,953.541,591,2098,591,65535,Symbiont Area,25.722,Pedal disc,,,2,A5,Sym,Control,Sym-Control,7,,25.72142281
377,Snap-1280.czi,53.438,399.341,195,3043,0,65535,Tentacle Area,0,Body column,,,2,A5,Sym,Control,Sym-Control,7,,0
378,Snap-1279.czi,6.073,873.909,494,1759,494,65535,Symbiont Area,11.364,Body column,,,2,A5,Sym,Control,Sym-Control,7,,11.36457203
379,Snap-1282.czi,9.004,1050.852,544,2242,0,65535,Tentacle Area,0,Tentacle,,,2,A5,Sym,Control,Sym-Control,7,,0
380,Snap-1281.czi,4.417,642.921,446,1853,446,65535,Symbiont Area,49.057,Tentacle,,,2,A5,Sym,Control,Sym-Control,7,,49.05597512
381,Snap-1284.czi,18.252,973.114,540,2191,0,65535,Tentacle Area,0,Tentacle,,,2,A5,Sym,Control,Sym-Control,7,,0
382,Snap-1283.czi,5.06,739.763,456,2258,456,65535,Symbiont Area,27.722,Tentacle,,,2,A5,Sym,Control,Sym-Control,7,,27.72298926
383,Snap-1286.czi,28.789,495.549,349,3471,0,65535,Tentacle Area,0,Pedal disc,,,2,A6,Sym,Control,Sym-Control,7,,0
384,Snap-1285.czi,6.776,729.092,453,1847,453,65535,Symbiont Area,23.536,Pedal disc,,,2,A6,Sym,Control,Sym-Control,7,,23.53676752
385,Snap-1288.czi,131.356,533.749,253,3285,0,65535,Tentacle Area,0,Pedal disc,,,2,B1,Sym,Control,Sym-Control,7,,0
386,Snap-1287.czi,36.35,792.081,487,2483,487,65535,Symbiont Area,27.673,Pedal disc,,,2,B1,Sym,Control,Sym-Control,7,,27.67288894
387,Snap-1290.czi,85.966,395.339,230,2373,0,65535,Tentacle Area,0,Pedal disc,,,2,B2,Sym,Control,Sym-Control,7,,0
388,Snap-1289.czi,24.902,700.518,432,2342,432,65535,Symbiont Area,28.968,Pedal disc,,,2,B2,Sym,Control,Sym-Control,7,,28.96726613
389,Snap-1292.czi,52.503,472.939,287,3000,0,65535,Tentacle Area,0,Pedal disc,,,2,B3,Sym,Control,Sym-Control,7,,0
390,Snap-1291.czi,16.166,758.264,466,1956,466,65535,Symbiont Area,30.79,Pedal disc,,,2,B3,Sym,Control,Sym-Control,7,,30.79062149
391,Snap-1294.czi,81.529,489.957,299,3049,0,65535,Tentacle Area,0,Body column,,,2,B4,Sym,Control,Sym-Control,7,,0
392,Snap-1293.czi,25.71,832.163,527,2637,527,65535,Symbiont Area,31.534,Body column,,,2,B4,Sym,Control,Sym-Control,7,,31.5347913
393,Snap-1296.czi,67.042,399.84,262,1442,0,65535,Tentacle Area,0,Pedal disc,,,2,B5,Sym,Control,Sym-Control,7,,0
394,Snap-1295.czi,16.125,703.636,427,1954,427,65535,Symbiont Area,24.052,Pedal disc,,,2,B5,Sym,Control,Sym-Control,7,,24.05208675
395,Snap-1298.czi,137.144,373.383,173,2951,0,65535,Tentacle Area,0,Pedal disc,,,2,B6,Sym,Control,Sym-Control,7,,0
396,Snap-1297.czi,40.017,777.888,484,2072,484,65535,Symbiont Area,29.179,Pedal disc,,,2,B6,Sym,Control,Sym-Control,7,,29.17881934
397,Snap-1300.czi,7.017,441.346,274,688,0,65535,Tentacle Area,0,Tentacle,,,2,B6,Sym,Control,Sym-Control,7,,0
398,Snap-1299.czi,1.788,722.436,521,1017,521,65535,Symbiont Area,25.48,Tentacle,,,2,B6,Sym,Control,Sym-Control,7,,25.48097478
399,Snap-1302.czi,86.126,357.82,228,2628,0,65535,Tentacle Area,0,Pedal disc,,,2,C1,Sym,Control,Sym-Control,7,,0
400,Snap-1301.czi,21.699,670.489,417,1979,417,65535,Symbiont Area,25.194,Pedal disc,,,2,C1,Sym,Control,Sym-Control,7,,25.1944825
401,Snap-1304.czi,132.617,367.826,184,2588,0,65535,Tentacle Area,0,Pedal disc,,,2,C2,Sym,Control,Sym-Control,7,,0
402,Snap-1303.czi,33.904,635.1,389,1994,389,65535,Symbiont Area,25.566,Pedal disc,,,2,C2,Sym,Control,Sym-Control,7,,25.56534984
477,Snap-1306.czi,28.293,878.8,354,2182,0,65535,Tentacle Area,0,Tentacle,,,2,C2,Sym,Control,Sym-Control,7,,0
478,Snap-1305.czi,10.311,533.24,355,2223,355,65535,Symbiont Area,36.442,Tentacle,,,2,C2,Sym,Control,Sym-Control,7,,36.4436433
405,Snap-1308.czi,6.469,887.652,302,2390,0,65535,Tentacle Area,0,Tentacle,,,2,C2,Sym,Control,Sym-Control,7,,0
406,Snap-1307.czi,3.792,480.49,325,1268,325,65535,Symbiont Area,58.614,Tentacle,,,2,C2,Sym,Control,Sym-Control,7,,58.61802442
407,Snap-1310.czi,26.573,894.308,349,1938,0,65535,Tentacle Area,0,Tentacle,,,2,C2,Sym,Control,Sym-Control,7,,0
408,Snap-1309.czi,8.518,976.144,629,1990,629,65535,Symbiont Area,32.056,Tentacle,,,2,C2,Sym,Control,Sym-Control,7,,32.05509352
409,Snap-1312.czi,33.23,862.15,284,2375,0,65535,Tentacle Area,0,Tentacle,,,2,C2,Sym,Control,Sym-Control,7,,0
410,Snap-1311.czi,16.358,676.182,439,1788,439,65535,Symbiont Area,49.227,Tentacle,,,2,C2,Sym,Control,Sym-Control,7,,49.22660247
411,Snap-1314.czi,151.339,375.121,154,2930,0,65535,Tentacle Area,0,Pedal disc,,,2,C3,Sym,Control,Sym-Control,7,,0
412,Snap-1313.czi,37.553,853.387,511,2251,511,65535,Symbiont Area,24.814,Pedal disc,,,2,C3,Sym,Control,Sym-Control,7,,24.81382856
415,Snap-1316.czi,9.827,554.246,294,1784,0,65535,Tentacle Area,0,Tentacle,,,2,C3,Sym,Control,Sym-Control,7,,0
416,Snap-1315.czi,2.922,493.499,328,1239,328,65535,Symbiont Area,29.737,Tentacle,,,2,C3,Sym,Control,Sym-Control,7,,29.73440521
417,Snap-1318.czi,29.247,794.968,282,1795,0,65535,Tentacle Area,0,Tentacle,,,2,C3,Sym,Control,Sym-Control,7,,0
418,Snap-1317.czi,10.649,840.704,583,1827,583,65535,Symbiont Area,36.41,Tentacle,,,2,C3,Sym,Control,Sym-Control,7,,36.41057202
419,Snap-1320.czi,48.367,307.18,199,972,0,65535,Tentacle Area,0,Pedal disc,,,2,C4,Sym,Control,Sym-Control,7,,0
420,Snap-1319.czi,11.943,543.139,337,2599,337,65535,Symbiont Area,24.692,Pedal disc,,,2,C4,Sym,Control,Sym-Control,7,,24.6924556
421,Snap-1322.czi,66.926,469.643,274,3001,0,65535,Tentacle Area,0,Pedal disc,,,2,C5,Sym,Control,Sym-Control,7,,0
422,Snap-1321.czi,19,641.319,398,2141,398,65535,Symbiont Area,28.389,Pedal disc,,,2,C5,Sym,Control,Sym-Control,7,,28.38956459
423,Snap-1324.czi,5.906,381.116,280,645,0,65535,Tentacle Area,0,Tentacle,,,2,C6,Sym,Control,Sym-Control,7,,0
424,Snap-1323.czi,3.119,828.133,609,1973,609,65535,Symbiont Area,52.815,Tentacle,,,2,C6,Sym,Control,Sym-Control,7,,52.81070098
425,Snap-1326.czi,12.429,915.084,534,2198,0,65535,Tentacle Area,0,Tentacle,,,2,C6,Sym,Control,Sym-Control,7,,0
426,Snap-1325.czi,6.134,1023.507,648,2493,648,65535,Symbiont Area,49.352,Tentacle,,,2,C6,Sym,Control,Sym-Control,7,,49.35232118
429,Snap-1328.czi,131.015,281.092,132,2346,0,65535,Tentacle Area,0,Pedal disc,,,2,D1,Sym,Control,Sym-Control,7,,0
430,Snap-1327.czi,25.426,789.783,470,2308,470,65535,Symbiont Area,19.407,Pedal disc,,,2,D1,Sym,Control,Sym-Control,7,,19.40693814
431,Snap-1330.czi,7.329,1136.022,389,3463,0,65535,Tentacle Area,0,Tentacle,,,2,D1,Sym,Control,Sym-Control,7,,0
432,Snap-1329.czi,2.244,696.078,455,1778,455,65535,Symbiont Area,30.624,Tentacle,,,2,D1,Sym,Control,Sym-Control,7,,30.61809251
435,Snap-1332.czi,9.331,760.259,315,1745,0,65535,Tentacle Area,0,Tentacle,,,2,D1,Sym,Control,Sym-Control,7,,0
436,Snap-1331.czi,4.832,659.12,422,1558,422,65535,Symbiont Area,51.782,Tentacle,,,2,D1,Sym,Control,Sym-Control,7,,51.78437467
437,Snap-1334.czi,247.82,421.305,166,2554,0,65535,Tentacle Area,0,Pedal disc,,,2,D2,Sym,Control,Sym-Control,7,,0
438,Snap-1333.czi,57.665,978.709,593,3359,593,65535,Symbiont Area,23.269,Pedal disc,,,2,D2,Sym,Control,Sym-Control,7,,23.26890485
439,Snap-1336.czi,17.563,1259.664,392,2853,0,65535,Tentacle Area,0,Tentacle,,,2,D2,Sym,Control,Sym-Control,7,,0
440,Snap-1335.czi,6.933,498.207,336,1544,336,65535,Symbiont Area,39.475,Tentacle,,,2,D2,Sym,Control,Sym-Control,7,,39.47503274
441,Snap-1338.czi,20.099,1068.024,340,2831,0,65535,Tentacle Area,0,Tentacle,,,2,D2,Sym,Control,Sym-Control,7,,0
442,Snap-1337.czi,6.788,554.469,370,1304,370,65535,Symbiont Area,33.775,Tentacle,,,2,D2,Sym,Control,Sym-Control,7,,33.77282452
443,Snap-1340.czi,141.274,233.605,143,2168,0,65535,Tentacle Area,0,Pedal disc,,,2,D3,Sym,Control,Sym-Control,7,,0
444,Snap-1339.czi,27.788,676.962,403,1837,403,65535,Symbiont Area,19.67,Pedal disc,,,2,D3,Sym,Control,Sym-Control,7,,19.66957827
445,Snap-1342.czi,15.268,621.382,356,1554,0,65535,Tentacle Area,0,Tentacle,,,2,D3,Sym,Control,Sym-Control,7,,0
446,Snap-1341.czi,5.382,1603.509,1077,3576,1077,65535,Symbiont Area,35.252,Tentacle,,,2,D3,Sym,Control,Sym-Control,7,,35.25019649
447,Snap-1344.czi,67.184,623.101,288,1496,0,65535,Tentacle Area,0,Tentacle,,,2,D3,Sym,Control,Sym-Control,7,,0
448,Snap-1343.czi,21.405,1394.017,934,3365,934,65535,Symbiont Area,31.861,Tentacle,,,2,D3,Sym,Control,Sym-Control,7,,31.86026435
449,Snap-1346.czi,21.347,576.414,283,2069,0,65535,Tentacle Area,0,Tentacle,,,2,D3,Sym,Control,Sym-Control,7,,0
450,Snap-1345.czi,9.367,648.765,435,1690,435,65535,Symbiont Area,43.881,Tentacle,,,2,D3,Sym,Control,Sym-Control,7,,43.87970207
451,Snap-1348.czi,11.189,728.211,261,1556,0,65535,Tentacle Area,0,Tentacle,,,2,D3,Sym,Control,Sym-Control,7,,0
452,Snap-1347.czi,3.952,1114.275,734,3030,734,65535,Symbiont Area,35.317,Tentacle,,,2,D3,Sym,Control,Sym-Control,7,,35.32040397
453,Snap-1350.czi,4.518,393.57,161,1388,0,65535,Tentacle Area,0,Tentacle,,,2,D3,Sym,Control,Sym-Control,7,,0
454,Snap-1349.czi,1.456,1451.302,885,3287,885,65535,Symbiont Area,32.234,Tentacle,,,2,D3,Sym,Control,Sym-Control,7,,32.22664896
455,Snap-1352.czi,11.157,541.049,236,1142,0,65535,Tentacle Area,0,Tentacle,,,2,D3,Sym,Control,Sym-Control,7,,0
456,Snap-1351.czi,5.451,1166.511,803,2637,803,65535,Symbiont Area,48.854,Tentacle,,,2,D3,Sym,Control,Sym-Control,7,,48.85721968
457,Snap-1354.czi,84.149,348.009,177,2171,0,65535,Tentacle Area,0,Pedal disc,,,2,D4,Sym,Control,Sym-Control,7,,0
458,Snap-1353.czi,19.458,1019.672,602,3235,602,65535,Symbiont Area,23.124,Pedal disc,,,2,D4,Sym,Control,Sym-Control,7,,23.12326944
459,Snap-1355.czi,8.353,1112.382,159,2459,0,65535,Tentacle Area,0,Tentacle,,,2,D4,Sym,Control,Sym-Control,7,,0
460,Snap-1356.czi,3.098,564.304,371,1678,371,65535,Symbiont Area,37.089,Tentacle,,,2,D4,Sym,Control,Sym-Control,7,,37.08847121
463,Snap-1358.czi,21.733,862.149,343,2465,0,65535,Tentacle Area,0,Tentacle,,,2,D4,Sym,Control,Sym-Control,7,,0
464,Snap-1357.czi,7.193,1169.839,742,3035,742,65535,Symbiont Area,33.097,Tentacle,,,2,D4,Sym,Control,Sym-Control,7,,33.09713339
465,Snap-1360.czi,86.195,284.903,156,2337,0,65535,Tentacle Area,0,Pedal disc,,,2,D5,Sym,Control,Sym-Control,7,,0
466,Snap-1359.czi,13.637,919.167,531,2805,531,65535,Symbiont Area,15.821,Pedal disc,,,2,D5,Sym,Control,Sym-Control,7,,15.82110331
467,Snap-1362.czi,3.936,474.619,270,1055,0,65535,Tentacle Area,0,Tentacle,,,2,D5,Sym,Control,Sym-Control,7,,0
468,Snap-1361.czi,1.506,791.981,521,1863,521,65535,Symbiont Area,38.265,Tentacle,,,2,D5,Sym,Control,Sym-Control,7,,38.26219512
469,Snap-1364.czi,8.034,615.965,316,1463,0,65535,Tentacle Area,0,Tentacle,,,2,D5,Sym,Control,Sym-Control,7,,0
470,Snap-1363.czi,3.287,740.371,517,1368,517,65535,Symbiont Area,40.912,Tentacle,,,2,D5,Sym,Control,Sym-Control,7,,40.91361713
471,Snap-1366.czi,123.763,430.666,190,2864,0,65535,Tentacle Area,0,Pedal disc,,,2,D6,Sym,Control,Sym-Control,7,,0
472,Snap-1365.czi,28.537,911.521,538,3039,538,65535,Symbiont Area,23.058,Pedal disc,,,2,D6,Sym,Control,Sym-Control,7,,23.05777979
473,Snap-1368.czi,16.417,1255.749,512,3514,0,65535,Tentacle Area,0,Tentacle,,,2,D6,Sym,Control,Sym-Control,7,,0
474,Snap-1367.czi,6.843,1209.482,792,3352,792,65535,Symbiont Area,41.679,Tentacle,,,2,D6,Sym,Control,Sym-Control,7,,41.68240239
475,Snap-1370.czi,26.828,1280.314,420,3509,0,65535,Tentacle Area,0,Tentacle,,,2,D6,Sym,Control,Sym-Control,7,,0
476,Snap-1369.czi,8.004,795.038,542,2403,542,65535,Symbiont Area,29.833,Tentacle,,,2,D6,Sym,Control,Sym-Control,7,,29.83450127
479,Snap-1444.czi,24.104,373.345,225,1893,0,65535,Tentacle Area,0,Pedal disc,,,4,A3,Sym,HS,Sym-HS,7,,0
480,Snap-1443.czi,6.273,1214.658,739,3313,739,65535,Symbiont Area,26.025,Pedal disc,,,4,A3,Sym,HS,Sym-HS,7,,26.02472619
481,Snap-1446.czi,63.574,525.702,198,2355,0,65535,Tentacle Area,0,Pedal disc,,,4,A4,Sym,HS,Sym-HS,7,,0
482,Snap-1445.czi,20.486,1083.426,662,2824,662,65535,Symbiont Area,32.224,Pedal disc,,,4,A4,Sym,HS,Sym-HS,7,,32.2238651
483,Snap-1448.czi,6.274,674.337,341,1570,0,65535,Tentacle Area,0,Tentacle,,,4,A4,Sym,HS,Sym-HS,7,,0
484,Snap-1447.czi,2.808,913.362,587,2189,587,65535,Symbiont Area,44.758,Tentacle,,,4,A4,Sym,HS,Sym-HS,7,,44.75613644
485,Snap-1450.czi,4.973,484.635,290,935,0,65535,Tentacle Area,0,Tentacle,,,4,A4,Sym,HS,Sym-HS,7,,0
486,Snap-1449.czi,1.797,1970.159,1327,3559,1327,65535,Symbiont Area,36.131,Tentacle,,,4,A4,Sym,HS,Sym-HS,7,,36.1351297
487,Snap-1452.czi,63.49,328.134,189,939,0,65535,Tentacle Area,0,Pedal disc,,,4,A5,Sym,HS,Sym-HS,7,,0
488,Snap-1451.czi,21.494,1112.602,683,2488,683,65535,Symbiont Area,33.855,Pedal disc,,,4,A5,Sym,HS,Sym-HS,7,,33.85415026
489,Snap-1454.czi,10.369,580.371,303,1010,0,65535,Tentacle Area,0,Tentacle,,,4,A5,Sym,HS,Sym-HS,7,,0
490,Snap-1453.czi,4.528,921.646,604,2123,604,65535,Symbiont Area,43.674,Tentacle,,,4,A5,Sym,HS,Sym-HS,7,,43.66862764
491,Snap-1456.czi,12.204,825.623,471,2522,0,65535,Tentacle Area,0,Tentacle,,,4,A6,Sym,HS,Sym-HS,7,,0
492,Snap-1455.czi,2.652,1873.759,1239,3440,1239,65535,Symbiont Area,21.734,Tentacle,,,4,A6,Sym,HS,Sym-HS,7,,21.73058014
493,Snap-1458.czi,10.976,903.265,562,2549,0,65535,Tentacle Area,0,Tentacle,,,4,A6,Sym,HS,Sym-HS,7,,0
494,Snap-1457.czi,3.469,1678.338,1100,3656,1100,65535,Symbiont Area,31.608,Tentacle,,,4,A6,Sym,HS,Sym-HS,7,,31.6053207
495,Snap-1460.czi,7.019,755.547,443,2147,0,65535,Tentacle Area,0,Tentacle,,,4,A6,Sym,HS,Sym-HS,7,,0
496,Snap-1459.czi,2.51,1461.267,1007,3769,1007,65535,Symbiont Area,35.76,Tentacle,,,4,A6,Sym,HS,Sym-HS,7,,35.76007978
497,Snap-1462.czi,109.575,575.159,177,2300,0,65535,Tentacle Area,0,Pedal disc,,,4,B3,Sym,HS,Sym-HS,7,,0
498,Snap-1461.czi,12.047,932.475,527,3890,527,65535,Symbiont Area,10.995,Pedal disc,,,4,B3,Sym,HS,Sym-HS,7,,10.99429614
499,Snap-1464.czi,23.657,1450.823,447,2526,0,65535,Tentacle Area,0,Tentacle,,,4,B3,Sym,HS,Sym-HS,7,,0
500,Snap-1463.czi,6.259,1117.102,707,3709,707,65535,Symbiont Area,26.457,Tentacle,,,4,B3,Sym,HS,Sym-HS,7,,26.45728537
501,Snap-1466.czi,3.618,741.873,347,1661,0,65535,Tentacle Area,0,Tentacle,,,4,B3,Sym,HS,Sym-HS,7,,0
502,Snap-1465.czi,1.412,1361.964,876,3025,876,65535,Symbiont Area,39.024,Tentacle,,,4,B3,Sym,HS,Sym-HS,7,,39.02708679
503,Snap-1468.czi,97.497,985.231,267,2670,0,65535,Tentacle Area,0,Body column,,,4,C3,Sym,HS,Sym-HS,7,,0
504,Snap-1467.czi,19.585,1086.109,644,3373,644,65535,Symbiont Area,20.087,Body column,,,4,C3,Sym,HS,Sym-HS,7,,20.08779757
505,Snap-1470.czi,10.026,1274.748,552,2595,0,65535,Tentacle Area,0,Tentacle,,,4,C3,Sym,HS,Sym-HS,7,,0
506,Snap-1469.czi,4.637,1389.096,934,2933,934,65535,Symbiont Area,46.244,Tentacle,,,4,C3,Sym,HS,Sym-HS,7,,46.24975065
507,Snap-1472.czi,8.337,1717.44,692,2944,0,65535,Tentacle Area,0,Tentacle,,,4,C3,Sym,HS,Sym-HS,7,,0
508,Snap-1471.czi,3.883,1848.839,1199,3578,1199,65535,Symbiont Area,46.572,Tentacle,,,4,C3,Sym,HS,Sym-HS,7,,46.57550678
509,Snap-1474.czi,69.302,786.974,388,3147,0,65535,Tentacle Area,0,Pedal disc,,,4,C5,Sym,HS,Sym-HS,7,,0
510,Snap-1473.czi,3.038,1729.232,927,3829,927,65535,Symbiont Area,4.384,Pedal disc,,,4,C5,Sym,HS,Sym-HS,7,,4.38371187
511,Snap-1476.czi,125.7,492.625,219,2786,0,65535,Tentacle Area,0,Pedal disc,,,4,D3,Sym,HS,Sym-HS,7,,0
512,Snap-1475.czi,23.906,854.608,505,3143,505,65535,Symbiont Area,19.018,Pedal disc,,,4,D3,Sym,HS,Sym-HS,7,,19.01829753
513,Snap-1478.czi,48.447,302.075,182,1789,0,65535,Tentacle Area,0,Pedal disc,,,4,D4,Sym,HS,Sym-HS,7,,0
514,Snap-1477.czi,13.762,855.539,518,2654,518,65535,Symbiont Area,28.407,Pedal disc,,,4,D4,Sym,HS,Sym-HS,7,,28.40629967
515,Snap-1480.czi,53.686,457.195,228,2909,0,65535,Tentacle Area,0,Pedal disc,,,4,D5,Sym,HS,Sym-HS,7,,0
516,Snap-1479.czi,2.299,1632.023,888,3529,888,65535,Symbiont Area,4.283,Pedal disc,,,4,D5,Sym,HS,Sym-HS,7,,4.282308237
517,Snap-1482.czi,77.007,393.076,185,2483,0,65535,Tentacle Area,0,Pedal disc,,,4,D6,Sym,HS,Sym-HS,7,,0
518,Snap-1481.czi,13.874,276.626,165,3182,165,65535,Symbiont Area,18.017,Pedal disc,,,4,D6,Sym,HS,Sym-HS,7,,18.01654395
519,Snap-1484.czi,85.839,359.903,151,1761,0,65535,Tentacle Area,0,Pedal disc,,,5,A3,Sym,HS,Sym-HS,7,,0
520,Snap-1483.czi,18.087,490.49,298,3172,298,65535,Symbiont Area,21.071,Pedal disc,,,5,A3,Sym,HS,Sym-HS,7,,21.07084192
521,Snap-1486.czi,87.942,418.039,198,3088,0,65535,Tentacle Area,0,Pedal disc,,,5,A4,Sym,HS,Sym-HS,7,,0
522,Snap-1485.czi,10.198,496.679,282,3713,282,65535,Symbiont Area,11.596,Pedal disc,,,5,A4,Sym,HS,Sym-HS,7,,11.59627937
523,Snap-1488.czi,123.161,405.673,197,3123,0,65535,Tentacle Area,0,Pedal disc,,,5,A5,Sym,HS,Sym-HS,7,,0
524,Snap-1487.czi,14.425,1201.377,678,3488,678,65535,Symbiont Area,11.712,Pedal disc,,,5,A5,Sym,HS,Sym-HS,7,,11.71231153
525,Snap-1490.czi,3.041,980.695,333,3102,0,65535,Tentacle Area,0,Tentacle,,,5,A5,Sym,HS,Sym-HS,7,,0
526,Snap-1489.czi,0.396,1794.871,1115,3189,1115,65535,Symbiont Area,13.024,Tentacle,,,5,A5,Sym,HS,Sym-HS,7,,13.02203223
527,Snap-1492.czi,43.142,490.026,262,3438,0,65535,Tentacle Area,0,Pedal disc,,,5,A6,Sym,HS,Sym-HS,7,,0
528,Snap-1491.czi,4.201,1260.579,706,3609,706,65535,Symbiont Area,9.738,Pedal disc,,,5,A6,Sym,HS,Sym-HS,7,,9.737610681
529,Snap-1494.czi,28.486,403.343,249,1473,0,65535,Tentacle Area,0,Pedal disc,,,5,B2,Sym,HS,Sym-HS,7,,0
530,Snap-1493.czi,5.218,627.19,369,3480,369,65535,Symbiont Area,18.317,Pedal disc,,,5,B2,Sym,HS,Sym-HS,7,,18.31777013
531,Snap-1496.czi,43.323,733.569,350,3327,0,65535,Tentacle Area,0,Pedal disc,,,5,B3,Sym,HS,Sym-HS,7,,0
532,Snap-1495.czi,6.631,1356.182,772,3775,772,65535,Symbiont Area,15.307,Pedal disc,,,5,B3,Sym,HS,Sym-HS,7,,15.30595757
533,Snap-1498.czi,16.19,645.992,389,3329,0,65535,Tentacle Area,0,Pedal disc,,,5,B5,Sym,HS,Sym-HS,7,,0
534,Snap-1497.czi,5.414,887.101,583,2883,583,65535,Symbiont Area,33.442,Pedal disc,,,5,B5,Sym,HS,Sym-HS,7,,33.44039531
535,Snap-1500.czi,37.952,473.305,318,2921,0,65535,Tentacle Area,0,Pedal disc,,,5,B5,Sym,HS,Sym-HS,7,,0
536,Snap-1499.czi,10.109,549.426,336,1976,336,65535,Symbiont Area,26.636,Pedal disc,,,5,B5,Sym,HS,Sym-HS,7,,26.6362774
537,Snap-1502.czi,48.31,558.358,305,3140,0,65535,Tentacle Area,0,Pedal disc,,,5,C2,Sym,HS,Sym-HS,7,,0
538,Snap-1501.czi,11.686,1271.443,767,3434,767,65535,Symbiont Area,24.19,Pedal disc,,,5,C2,Sym,HS,Sym-HS,7,,24.18960878
539,Snap-1504.czi,11.594,1677.221,669,3248,0,65535,Tentacle Area,0,Tentacle,,,5,C2,Sym,HS,Sym-HS,7,,0
540,Snap-1503.czi,3.69,1472.52,960,3802,960,65535,Symbiont Area,31.83,Tentacle,,,5,C2,Sym,HS,Sym-HS,7,,31.82680697
541,Snap-1507.czi,5.448,1504.961,645,2886,0,65535,Tentacle Area,0,Tentacle,,,5,C2,Sym,HS,Sym-HS,7,,0
542,Snap-1505.czi,3.199,1747.106,1184,3551,1184,65535,Symbiont Area,58.718,Tentacle,,,5,C2,Sym,HS,Sym-HS,7,,58.71879589
543,Snap-1509.czi,38.434,400.956,213,2336,0,65535,Tentacle Area,0,Pedal disc,,,5,C4,Sym,HS,Sym-HS,7,,0
544,Snap-1508.czi,6.917,815.913,490,3025,490,65535,Symbiont Area,17.997,Pedal disc,,,5,C4,Sym,HS,Sym-HS,7,,17.99708591
545,Snap-1510.czi,466.889,390.232,80,4095,0,65535,Tentacle Area,0,Pedal disc,,,5,C5,Sym,HS,Sym-HS,7,,0
546,Snap-1510.czi,4.77,1306.481,747,3207,747,65535,Symbiont Area,1.022,Pedal disc,,,5,C5,Sym,HS,Sym-HS,7,,1.021656111
547,Snap-1511.czi,51.302,268.294,170,1213,0,65535,Tentacle Area,0,Pedal disc,,,5,D2,Sym,HS,Sym-HS,7,,0
548,Snap-1510.czi,4.848,1290.299,732,3214,732,65535,Symbiont Area,9.449,Pedal disc,,,5,D2,Sym,HS,Sym-HS,7,,9.44992398
549,Snap-1513.czi,94.415,657.818,275,2082,0,65535,Tentacle Area,0,Body column,,,5,D2,Sym,HS,Sym-HS,7,,0
550,Snap-1512.czi,15.267,1112.796,649,3685,649,65535,Symbiont Area,16.17,Body column,,,5,D2,Sym,HS,Sym-HS,7,,16.17010009
551,Snap-1515.czi,18.272,1121.868,569,2187,0,65535,Tentacle Area,0,Tentacle,,,5,D2,Sym,HS,Sym-HS,7,,0
552,Snap-1514.czi,6.552,1143.316,718,3103,718,65535,Symbiont Area,35.855,Tentacle,,,5,D2,Sym,HS,Sym-HS,7,,35.85814361
553,Snap-1517.czi,13.324,562.646,289,1487,0,65535,Tentacle Area,0,Tentacle,,,5,D2,Sym,HS,Sym-HS,7,,0
554,Snap-1516.czi,3.204,1588.563,1008,3836,1008,65535,Symbiont Area,24.048,Tentacle,,,5,D2,Sym,HS,Sym-HS,7,,24.04683278
555,Snap-1520.czi,57.005,363.185,188,2236,0,65535,Tentacle Area,0,Pedal disc,,,5,D3,Sym,HS,Sym-HS,7,,0
556,Snap-1518.czi,7.493,799.625,470,3677,470,65535,Symbiont Area,13.144,Pedal disc,,,5,D3,Sym,HS,Sym-HS,7,,13.14446101
557,Snap-1522.czi,33.918,405.123,220,2477,0,65535,Tentacle Area,0,Pedal disc,,,5,D4,Sym,HS,Sym-HS,7,,0
558,Snap-1521.czi,3.952,927.31,533,3144,533,65535,Symbiont Area,11.651,Pedal disc,,,5,D4,Sym,HS,Sym-HS,7,,11.6516304
559,Snap-1524.czi,25.209,651.897,328,3564,0,65535,Tentacle Area,0,Pedal disc,,,5,D4,Sym,HS,Sym-HS,7,,0
560,Snap-1523.czi,4.955,1211.438,742,3256,742,65535,Symbiont Area,19.654,Pedal disc,,,5,D4,Sym,HS,Sym-HS,7,,19.65567853
561,Snap-1526.czi,86.944,325.275,193,2475,0,65535,Tentacle Area,0,Pedal disc,,,5,D5,Sym,HS,Sym-HS,7,,0
562,Snap-1525.czi,26.734,782.805,497,2754,497,65535,Symbiont Area,30.748,Pedal disc,,,5,D5,Sym,HS,Sym-HS,7,,30.74852779
563,Snap-9813.czi,58.104,311.66,191,1362,0,65535,Tentacle Area,0,Body column,,,1,A1,Sym,Control,Sym-Control,14,,0
564,Snap-9812.czi,13.741,646.37,404,1390,404,65535,Symbiont Area,23.648,Body column,,,1,A1,Sym,Control,Sym-Control,14,,23.64897425
565,Snap-9815.czi,5.925,518.053,240,2680,0,65535,Tentacle Area,0,Tentacle,,,1,A1,Sym,Control,Sym-Control,14,,0
566,Snap-9814.czi,2.106,2053.844,1475,3012,1475,65535,Symbiont Area,35.547,Tentacle,,,1,A1,Sym,Control,Sym-Control,14,,35.5443038
567,Snap-9817.czi,2.932,580.65,372,3066,0,65535,Tentacle Area,0,Tentacle,,,1,A1,Sym,Control,Sym-Control,14,,0
568,Snap-9816.czi,1.296,1538.917,1034,2460,1034,65535,Symbiont Area,44.214,Tentacle,,,1,A1,Sym,Control,Sym-Control,14,,44.20190996
569,Snap-9819.czi,3.38,411.087,261,1073,0,65535,Tentacle Area,0,Tentacle,,,1,A2,Sym,Control,Sym-Control,14,,0
570,Snap-9818.czi,1.382,1821.022,1262,2563,1261,65535,Symbiont Area,40.878,Tentacle,,,1,A2,Sym,Control,Sym-Control,14,,40.88757396
571,Snap-9821.czi,9.402,719.173,362,1809,0,65535,Tentacle Area,0,Tentacle,,,1,A2,Sym,Control,Sym-Control,14,,0
572,Snap-9820.czi,4.452,1924.136,1290,3287,1290,65535,Symbiont Area,47.351,Tentacle,,,1,A2,Sym,Control,Sym-Control,14,,47.35162731
573,Snap-9823.czi,6.735,415.059,258,850,0,65535,Tentacle Area,0,Tentacle,,,1,A2,Sym,Control,Sym-Control,14,,0
574,Snap-9822.czi,2.758,2177.288,1591,3141,1591,65535,Symbiont Area,40.957,Tentacle,,,1,A2,Sym,Control,Sym-Control,14,,40.95025984
575,Snap-9825.czi,2.593,413.214,198,1972,0,65535,Tentacle Area,0,Tentacle,,,1,A2,Sym,Control,Sym-Control,14,,0
576,Snap-9824.czi,1.325,1424.872,943,2203,943,65535,Symbiont Area,51.081,Tentacle,,,1,A2,Sym,Control,Sym-Control,14,,51.099113
577,Snap-9827.czi,3.082,802.367,472,2095,0,65535,Tentacle Area,0,Tentacle,,,1,A3,Sym,Control,Sym-Control,14,,0
578,Snap-9826.czi,1.571,1802.329,1188,2809,1188,65535,Symbiont Area,50.967,Tentacle,,,1,A3,Sym,Control,Sym-Control,14,,50.9733939
579,Snap-9829.czi,3.446,705.136,335,1504,0,65535,Tentacle Area,0,Tentacle,,,1,A3,Sym,Control,Sym-Control,14,,0
580,Snap-9828.czi,1.631,2128.285,1496,3631,1496,65535,Symbiont Area,47.324,Tentacle,,,1,A3,Sym,Control,Sym-Control,14,,47.33023796
581,Snap-9831.czi,12.146,942.673,390,3381,0,65535,Tentacle Area,0,Tentacle,,,1,A4,Sym,Control,Sym-Control,14,,0
582,Snap-9830.czi,7.379,1976.678,1361,3140,1361,65535,Symbiont Area,60.749,Tentacle,,,1,A4,Sym,Control,Sym-Control,14,,60.75251111
583,Snap-9833.czi,2.193,705.397,332,2474,0,65535,Tentacle Area,0,Tentacle,,,1,A4,Sym,Control,Sym-Control,14,,0
584,Snap-9832.czi,1.041,1797.623,1215,3201,1215,65535,Symbiont Area,47.444,Tentacle,,,1,A4,Sym,Control,Sym-Control,14,,47.46922025
585,Snap-9835.czi,15.847,921.97,427,3383,0,65535,Tentacle Area,0,Tentacle,,,1,A4,Sym,Control,Sym-Control,14,,0
586,Snap-9834.czi,6.131,1795.061,1288,3215,1288,65535,Symbiont Area,38.688,Tentacle,,,1,A4,Sym,Control,Sym-Control,14,,38.6887108
587,Snap-9837.czi,21.821,494.195,285,2625,0,65535,Tentacle Area,0,Pedal disc,,,1,A4,Sym,Control,Sym-Control,14,,0
588,Snap-9836.czi,8.703,925.058,617,3077,617,65535,Symbiont Area,39.883,Pedal disc,,,1,A4,Sym,Control,Sym-Control,14,,39.88359837
589,Snap-9839.czi,5.107,707.295,296,3138,0,65535,Tentacle Area,0,Tentacle,,,1,A5,Sym,Control,Sym-Control,14,,0
590,Snap-9838.czi,2.804,2259.106,1383,3759,1383,65535,Symbiont Area,54.908,Tentacle,,,1,A5,Sym,Control,Sym-Control,14,,54.90503231
591,Snap-9841.czi,3.794,745.902,338,3426,0,65535,Tentacle Area,0,Tentacle,,,1,A5,Sym,Control,Sym-Control,14,,0
592,Snap-9840.czi,1.649,2763.359,1941,3692,1941,65535,Symbiont Area,43.471,Tentacle,,,1,A5,Sym,Control,Sym-Control,14,,43.46336321
593,Snap-9843.czi,4.12,728.688,442,2360,0,65535,Tentacle Area,0,Tentacle,,,1,A5,Sym,Control,Sym-Control,14,,0
594,Snap-9842.czi,2.46,2368.81,1510,3907,1510,65535,Symbiont Area,59.711,Tentacle,,,1,A5,Sym,Control,Sym-Control,14,,59.70873786
595,Snap-9845.czi,9.714,363.866,177,1645,0,65535,Tentacle Area,0,Tentacle,,,1,A6,Sym,Control,Sym-Control,14,,0
596,Snap-9844.czi,4.686,1333.12,931,2175,931,65535,Symbiont Area,48.242,Tentacle,,,1,A6,Sym,Control,Sym-Control,14,,48.23965411
597,Snap-9847.czi,19.181,566.211,227,2449,0,65535,Tentacle Area,0,Tentacle,,,1,A6,Sym,Control,Sym-Control,14,,0
598,Snap-9846.czi,6.253,1871.203,1218,2616,1218,65535,Symbiont Area,32.602,Tentacle,,,1,A6,Sym,Control,Sym-Control,14,,32.59996872
599,Snap-9849.czi,13.442,569.186,228,2292,0,65535,Tentacle Area,0,Tentacle,,,1,A6,Sym,Control,Sym-Control,14,,0
600,Snap-9848.czi,6.027,1964.743,1329,3941,1329,65535,Symbiont Area,44.838,Tentacle,,,1,A6,Sym,Control,Sym-Control,14,,44.83707782
601,Snap-9851.czi,51.875,271.501,114,1218,0,65535,Tentacle Area,0,Pedal disc,,,1,B1,Sym,Control,Sym-Control,14,,0
602,Snap-9850.czi,14.784,703.991,444,3365,444,65535,Symbiont Area,28.5,Pedal disc,,,1,B1,Sym,Control,Sym-Control,14,,28.49927711
603,Snap-9853.czi,63.997,280.837,166,1201,0,65535,Tentacle Area,0,Body column,,,1,B3,Sym,Control,Sym-Control,14,,0
604,Snap-9852.czi,19.486,1003.294,635,2471,635,65535,Symbiont Area,30.449,Body column,,,1,B3,Sym,Control,Sym-Control,14,,30.44830226
605,Snap-9855.czi,65.963,283.902,172,1169,0,65535,Tentacle Area,0,Body column,,,1,B3,Sym,Control,Sym-Control,14,,0
606,Snap-9854.czi,21.357,565.577,357,2009,357,65535,Symbiont Area,32.376,Body column,,,1,B3,Sym,Control,Sym-Control,14,,32.37724179
607,Snap-9857.czi,4.934,401.744,241,1132,0,65535,Tentacle Area,0,Tentacle,,,1,B3,Sym,Control,Sym-Control,14,,0
608,Snap-9856.czi,1.183,2632.353,1662,3791,1662,65535,Symbiont Area,23.984,Tentacle,,,1,B3,Sym,Control,Sym-Control,14,,23.97648966
609,Snap-9859.czi,60.249,311.726,146,2801,0,65535,Tentacle Area,0,Pedal disc,,,1,B4,Sym,Control,Sym-Control,14,,0
610,Snap-9858.czi,22.023,794.221,499,1945,499,65535,Symbiont Area,36.553,Pedal disc,,,1,B4,Sym,Control,Sym-Control,14,,36.55330379
611,Snap-9861.czi,19.046,278.065,173,2011,0,65535,Tentacle Area,0,Pedal disc,,,1,B5,Sym,Control,Sym-Control,14,,0
612,Snap-9860.czi,4.87,633.162,412,1932,412,65535,Symbiont Area,25.568,Pedal disc,,,1,B5,Sym,Control,Sym-Control,14,,25.56967342
613,Snap-9863.czi,55.599,240.657,119,1963,0,65535,Tentacle Area,0,Pedal disc,,,1,C1,Sym,Control,Sym-Control,14,,0
614,Snap-9862.czi,22.439,855.581,553,2460,553,65535,Symbiont Area,40.358,Pedal disc,,,1,C1,Sym,Control,Sym-Control,14,,40.35863954
615,Snap-9865.czi,61.916,347.171,136,1979,0,65535,Tentacle Area,0,Pedal disc,,,1,C2,Sym,Control,Sym-Control,14,,0
616,Snap-9864.czi,19.199,998.409,645,3071,645,65535,Symbiont Area,31.008,Pedal disc,,,1,C2,Sym,Control,Sym-Control,14,,31.00814006
617,Snap-9867.czi,4.836,463.748,275,1324,0,65535,Tentacle Area,0,Tentacle,,,1,C4,Sym,Control,Sym-Control,14,,0
618,Snap-9866.czi,1.23,2583.902,1781,3424,1781,65535,Symbiont Area,25.439,Tentacle,,,1,C4,Sym,Control,Sym-Control,14,,25.43424318
619,Snap-9869.czi,9.118,786.679,363,2347,0,65535,Tentacle Area,0,Tentacle,,,1,C4,Sym,Control,Sym-Control,14,,0
620,Snap-9868.czi,3.031,2479.594,1612,3914,1612,65535,Symbiont Area,33.241,Tentacle,,,1,C4,Sym,Control,Sym-Control,14,,33.24193902
621,Snap-9871.czi,4.861,1004.446,723,2816,0,65535,Tentacle Area,0,Tentacle,,,1,C4,Sym,Control,Sym-Control,14,,0
622,Snap-9870.czi,2.945,1976.646,1383,3350,1383,65535,Symbiont Area,60.591,Tentacle,,,1,C4,Sym,Control,Sym-Control,14,,60.58424193
623,Snap-9873.czi,9.315,557.694,251,1735,0,65535,Tentacle Area,0,Tentacle,,,1,C6,Sym,Control,Sym-Control,14,,0
624,Snap-9872.czi,5.7,2391.824,1604,3711,1604,65535,Symbiont Area,61.188,Tentacle,,,1,C6,Sym,Control,Sym-Control,14,,61.19162641
625,Snap-9875.czi,7.855,505.43,298,2434,0,65535,Tentacle Area,0,Tentacle,,,1,C6,Sym,Control,Sym-Control,14,,0
626,Snap-9874.czi,3.963,2229.077,1542,2828,1542,65535,Symbiont Area,50.45,Tentacle,,,1,C6,Sym,Control,Sym-Control,14,,50.45194144
627,Snap-9877.czi,10.338,548.932,242,1763,0,65535,Tentacle Area,0,Tentacle,,,1,C6,Sym,Control,Sym-Control,14,,0
628,Snap-9876.czi,6.661,2288.843,1437,3939,1437,65535,Symbiont Area,64.434,Tentacle,,,1,C6,Sym,Control,Sym-Control,14,,64.43219191
629,Snap-9879.czi,11.839,514.178,209,1509,0,65535,Tentacle Area,0,Tentacle,,,1,C6,Sym,Control,Sym-Control,14,,0
630,Snap-9878.czi,8.251,2252.345,1395,3730,1395,65535,Symbiont Area,69.698,Tentacle,,,1,C6,Sym,Control,Sym-Control,14,,69.69338627
631,Snap-9881.czi,76.921,198.669,78,1145,0,65535,Tentacle Area,0,Pedal disc,,,1,D1,Sym,Control,Sym-Control,14,,0
632,Snap-9880.czi,17.049,448.661,268,1663,268,65535,Symbiont Area,22.164,Pedal disc,,,1,D1,Sym,Control,Sym-Control,14,,22.16429844
633,Snap-9883.czi,5.252,515.295,229,2343,0,65535,Tentacle Area,0,Tentacle,,,1,D1,Sym,Control,Sym-Control,14,,0
634,Snap-9882.czi,2.916,1651.935,1140,2679,1140,65535,Symbiont Area,55.519,Tentacle,,,1,D1,Sym,Control,Sym-Control,14,,55.52170602
635,Snap-9885.czi,5.639,466.855,200,1163,0,65535,Tentacle Area,0,Tentacle,,,1,D1,Sym,Control,Sym-Control,14,,0
636,Snap-9884.czi,2.153,1884.365,1201,2803,1201,65535,Symbiont Area,38.182,Tentacle,,,1,D1,Sym,Control,Sym-Control,14,,38.18052846
637,Snap-9887.czi,92.029,194.894,104,1309,0,65535,Tentacle Area,0,Body column,,,1,D2,Sym,Control,Sym-Control,14,,0
638,Snap-9886.czi,32.693,881.182,566,2652,566,65535,Symbiont Area,35.525,Body column,,,1,D2,Sym,Control,Sym-Control,14,,35.52467157
639,Snap-9889.czi,4.407,400.322,262,873,0,65535,Tentacle Area,0,Tentacle,,,1,D2,Sym,Control,Sym-Control,14,,0
640,Snap-9888.czi,2.218,2055.817,1175,3199,1175,65535,Symbiont Area,50.338,Tentacle,,,1,D2,Sym,Control,Sym-Control,14,,50.32902201
641,Snap-9891.czi,8.263,413.516,210,1522,0,65535,Tentacle Area,0,Tentacle,,,1,D2,Sym,Control,Sym-Control,14,,0
642,Snap-9890.czi,3.745,760.673,501,1278,501,65535,Symbiont Area,45.319,Tentacle,,,1,D2,Sym,Control,Sym-Control,14,,45.32252209
645,Snap-9893.czi,29.693,514.132,149,2003,0,65535,Tentacle Area,0,Tentacle,,,1,D2,Sym,Control,Sym-Control,14,,0
646,Snap-9892.czi,6.306,2566.231,1590,3778,1590,65535,Symbiont Area,21.236,Tentacle,,,1,D2,Sym,Control,Sym-Control,14,,21.23732866
647,Snap-9895.czi,14.83,534.458,214,2307,0,65535,Tentacle Area,0,Tentacle,,,1,D2,Sym,Control,Sym-Control,14,,0
648,Snap-9894.czi,5.735,1799.789,1227,3004,1227,65535,Symbiont Area,38.671,Tentacle,,,1,D2,Sym,Control,Sym-Control,14,,38.6716116
649,Snap-9897.czi,13.705,389.429,188,1654,0,65535,Tentacle Area,0,Tentacle,,,1,D2,Sym,Control,Sym-Control,14,,0
650,Snap-9896.czi,5.356,1891.953,1180,3283,1180,65535,Symbiont Area,39.084,Tentacle,,,1,D2,Sym,Control,Sym-Control,14,,39.08062751
651,Snap-9899.czi,27.737,572.186,178,2163,0,65535,Tentacle Area,0,Tentacle,,,1,D2,Sym,Control,Sym-Control,14,,0
652,Snap-9898.czi,11.451,1888.936,1216,3917,1216,65535,Symbiont Area,41.286,Tentacle,,,1,D2,Sym,Control,Sym-Control,14,,41.28420521
653,Snap-9901.czi,48.051,214.399,112,661,0,65535,Tentacle Area,0,Body column,,,1,D4,Sym,Control,Sym-Control,14,,0
654,Snap-9900.czi,12,541.151,331,1200,331,65535,Symbiont Area,24.973,Body column,,,1,D4,Sym,Control,Sym-Control,14,,24.97346569
655,Snap-9903.czi,2.023,378.571,254,539,0,65535,Tentacle Area,0,Tentacle,,,1,D4,Sym,Control,Sym-Control,14,,0
656,Snap-9902.czi,1.091,1276.402,785,1996,785,65535,Symbiont Area,53.941,Tentacle,,,1,D4,Sym,Control,Sym-Control,14,,53.92980722
657,Snap-9905.czi,75.306,353.814,156,1194,0,65535,Tentacle Area,0,Body column,,,2,A1,Sym,Control,Sym-Control,14,,0
658,Snap-9904.czi,16.477,626.702,375,2895,375,65535,Symbiont Area,21.88,Body column,,,2,A1,Sym,Control,Sym-Control,14,,21.88006268
659,Snap-9907.czi,2.446,412.493,217,1065,0,65535,Tentacle Area,0,Tentacle,,,2,A1,Sym,Control,Sym-Control,14,,0
660,Snap-9906.czi,1.193,1302.716,905,2094,905,65535,Symbiont Area,48.761,Tentacle,,,2,A1,Sym,Control,Sym-Control,14,,48.77350777
661,Snap-9909.czi,4.136,459.517,304,1372,0,65535,Tentacle Area,0,Tentacle,,,2,A1,Sym,Control,Sym-Control,14,,0
662,Snap-9908.czi,1.379,1528.56,1151,2115,1151,65535,Symbiont Area,33.333,Tentacle,,,2,A1,Sym,Control,Sym-Control,14,,33.34139265
663,Snap-9911.czi,80.84,361.509,189,3923,0,65535,Tentacle Area,0,Body column,,,2,A2,Sym,Control,Sym-Control,14,,0
664,Snap-9910.czi,29.098,681.236,429,2223,429,65535,Symbiont Area,35.995,Body column,,,2,A2,Sym,Control,Sym-Control,14,,35.99455715
665,Snap-9913.czi,13.485,411.545,248,2372,0,65535,Tentacle Area,0,Pedal disc,,,2,A5,Sym,Control,Sym-Control,14,,0
666,Snap-9912.czi,4.606,1428.318,903,2775,903,65535,Symbiont Area,34.154,Pedal disc,,,2,A5,Sym,Control,Sym-Control,14,,34.15647015
667,Snap-9915.czi,32.055,234.46,129,1669,0,65535,Tentacle Area,0,Pedal disc,,,2,A6,Sym,Control,Sym-Control,14,,0
668,Snap-9914.czi,10.813,711.87,461,3674,461,65535,Symbiont Area,33.733,Pedal disc,,,2,A6,Sym,Control,Sym-Control,14,,33.73264701
669,Snap-9917.czi,86.607,432.453,152,2544,0,65535,Tentacle Area,0,Pedal disc,,,2,B2,Sym,Control,Sym-Control,14,,0
670,Snap-9916.czi,25.819,872.083,539,2414,539,65535,Symbiont Area,29.812,Pedal disc,,,2,B2,Sym,Control,Sym-Control,14,,29.81167804
671,Snap-9919.czi,102.66,290.091,122,2259,0,65535,Tentacle Area,0,Pedal disc,,,2,B6,Sym,Control,Sym-Control,14,,0
672,Snap-9918.czi,38.851,874.38,600,2714,600,65535,Symbiont Area,37.845,Pedal disc,,,2,B6,Sym,Control,Sym-Control,14,,37.84434054
673,Snap-9921.czi,81.067,497.794,167,2896,0,65535,Tentacle Area,0,Pedal disc,,,2,C1,Sym,Control,Sym-Control,14,,0
674,Snap-9920.czi,27.067,748.265,465,2292,465,65535,Symbiont Area,33.388,Pedal disc,,,2,C1,Sym,Control,Sym-Control,14,,33.38843179
675,Snap-9923.czi,49.801,238.759,136,1060,0,65535,Tentacle Area,0,Body column,,,2,C2,Sym,Control,Sym-Control,14,,0
676,Snap-9922.czi,14.271,492.008,300,2075,300,65535,Symbiont Area,28.655,Body column,,,2,C2,Sym,Control,Sym-Control,14,,28.65605108
677,Snap-9925.czi,2.926,588.318,200,2102,0,65535,Tentacle Area,0,Tentacle,,,2,C2,Sym,Control,Sym-Control,14,,0
678,Snap-9924.czi,1.411,1446.867,939,1964,939,65535,Symbiont Area,48.228,Tentacle,,,2,C2,Sym,Control,Sym-Control,14,,48.2228298
679,Snap-9927.czi,5.578,542.659,150,2115,0,65535,Tentacle Area,0,Tentacle,,,2,C2,Sym,Control,Sym-Control,14,,0
680,Snap-9926.czi,2.77,1476.558,936,1996,936,65535,Symbiont Area,49.654,Tentacle,,,2,C2,Sym,Control,Sym-Control,14,,49.65937612
681,Snap-9929.czi,44.589,224.807,107,1474,0,65535,Tentacle Area,0,Pedal disc,,,2,C4,Sym,Control,Sym-Control,14,,0
682,Snap-9928.czi,11.506,680.324,423,3481,423,65535,Symbiont Area,25.805,Pedal disc,,,2,C4,Sym,Control,Sym-Control,14,,25.80457063
683,Snap-9931.czi,65.902,303.452,105,2581,0,65535,Tentacle Area,0,Pedal disc,,,2,C5,Sym,Control,Sym-Control,14,,0
684,Snap-9930.czi,20.779,703.358,444,2316,444,65535,Symbiont Area,31.531,Pedal disc,,,2,C5,Sym,Control,Sym-Control,14,,31.53015083
685,Snap-9933.czi,92.445,258.66,124,2510,0,65535,Tentacle Area,0,Pedal disc,,,2,C6,Sym,Control,Sym-Control,14,,0
686,Snap-9932.czi,27.872,736.832,466,2742,466,65535,Symbiont Area,30.149,Pedal disc,,,2,C6,Sym,Control,Sym-Control,14,,30.14981881
687,Snap-9935.czi,78.654,211.246,110,1624,0,65535,Tentacle Area,0,Pedal disc,,,2,D1,Sym,Control,Sym-Control,14,,0
688,Snap-9934.czi,19.501,798.697,484,2589,484,65535,Symbiont Area,24.793,Pedal disc,,,2,D1,Sym,Control,Sym-Control,14,,24.79339894
689,Snap-9937.czi,9.657,425.88,227,1364,0,65535,Tentacle Area,0,Tentacle,,,2,D2,Sym,Control,Sym-Control,14,,0
690,Snap-9936.czi,2.636,1438.62,946,2511,946,65535,Symbiont Area,27.3,Tentacle,,,2,D2,Sym,Control,Sym-Control,14,,27.29626178
691,Snap-9939.czi,6.419,404.121,257,1061,0,65535,Tentacle Area,0,Tentacle,,,2,D2,Sym,Control,Sym-Control,14,,0
692,Snap-9938.czi,3.331,1927.74,1189,2950,1189,65535,Symbiont Area,51.896,Tentacle,,,2,D2,Sym,Control,Sym-Control,14,,51.8928182
693,Snap-9941.czi,24.044,556.295,236,2324,0,65535,Tentacle Area,0,Tentacle,,,2,D2,Sym,Control,Sym-Control,14,,0
694,Snap-9940.czi,9.047,1866.002,1282,3838,1282,65535,Symbiont Area,37.627,Tentacle,,,2,D2,Sym,Control,Sym-Control,14,,37.62685077
695,Snap-9943.czi,4.551,635.107,393,2068,0,65535,Tentacle Area,0,Tentacle,,,2,D2,Sym,Control,Sym-Control,14,,0
696,Snap-9942.czi,2.171,2612.607,1540,3860,1540,65535,Symbiont Area,47.711,Tentacle,,,2,D2,Sym,Control,Sym-Control,14,,47.70380136
697,Snap-9945.czi,17.144,514.363,283,2368,0,65535,Tentacle Area,0,Tentacle,,,2,D2,Sym,Control,Sym-Control,14,,0
698,Snap-9944.czi,4.459,2087.242,1205,3725,1205,65535,Symbiont Area,26.009,Tentacle,,,2,D2,Sym,Control,Sym-Control,14,,26.00909939
699,Snap-9741.czi,13.919,416.902,232,1839,0,65535,Tentacle Area,0,Pedal disc,,,4,A3,Sym,HS,Sym-HS,14,,0
700,Snap-9740.czi,4.339,1370.685,870,3307,870,65535,Symbiont Area,31.17,Pedal disc,,,4,A3,Sym,HS,Sym-HS,14,,31.17321647
701,Snap-9743.czi,13.605,545.577,369,2424,0,65535,Tentacle Area,0,Pedal disc,,,4,A4,Sym,HS,Sym-HS,14,,0
702,Snap-9742.czi,4.112,1716.554,1083,3729,1083,65535,Symbiont Area,30.227,Pedal disc,,,4,A4,Sym,HS,Sym-HS,14,,30.22418229
703,Snap-9745.czi,24.99,350.599,194,1550,0,65535,Tentacle Area,0,Pedal disc,,,4,A6,Sym,HS,Sym-HS,14,,0
704,Snap-9744.czi,4.466,1122.18,671,3450,671,65535,Symbiont Area,17.869,Pedal disc,,,4,A6,Sym,HS,Sym-HS,14,,17.87114846
705,Snap-9747.czi,22.168,395.922,190,1198,0,65535,Tentacle Area,0,Pedal disc,,,4,B3,Sym,HS,Sym-HS,14,,0
706,Snap-9746.czi,5.39,1593.523,993,3575,993,65535,Symbiont Area,24.315,Pedal disc,,,4,B3,Sym,HS,Sym-HS,14,,24.31432696
707,Snap-9749.czi,15.85,512.169,364,2897,0,65535,Tentacle Area,0,Pedal disc,,,4,C3,Sym,HS,Sym-HS,14,,0
708,Snap-9748.czi,6.815,1457.33,948,2961,948,65535,Symbiont Area,42.999,Pedal disc,,,4,C3,Sym,HS,Sym-HS,14,,42.99684543
709,Snap-9751.czi,63.63,1270.335,511,3171,0,65535,Tentacle Area,0,Pedal disc,,,4,C5,Sym,HS,Sym-HS,14,,0
710,Snap-9750.czi,6.345,1315.193,729,3789,729,65535,Symbiont Area,9.971,Pedal disc,,,4,C5,Sym,HS,Sym-HS,14,,9.971711457
711,Snap-9753.czi,53.159,451.45,235,2985,0,65535,Tentacle Area,0,Pedal disc,,,4,D4,Sym,HS,Sym-HS,14,,0
712,Snap-9752.czi,10.875,842.402,509,2781,509,65535,Symbiont Area,20.458,Pedal disc,,,4,D4,Sym,HS,Sym-HS,14,,20.45749544
713,Snap-9755.czi,56.364,642.041,308,3344,0,65535,Tentacle Area,0,Pedal disc,,,4,D5,Sym,HS,Sym-HS,14,,0
714,Snap-9754.czi,7.271,1339.491,764,3500,764,65535,Symbiont Area,12.901,Pedal disc,,,4,D5,Sym,HS,Sym-HS,14,,12.90007806
715,Snap-9757.czi,18.858,515.592,285,3262,0,65535,Tentacle Area,0,Pedal disc,,,4,D6,Sym,HS,Sym-HS,14,,0
716,Snap-9756.czi,2.001,392.653,219,2424,219,65535,Symbiont Area,10.613,Pedal disc,,,4,D6,Sym,HS,Sym-HS,14,,10.61088132
717,Snap-9759.czi,67.369,420.299,162,1823,0,65535,Tentacle Area,0,Body column,,,4,D3,Sym,HS,Sym-HS,14,,0
718,Snap-9758.czi,22.128,913.807,567,2477,567,65535,Symbiont Area,32.846,Body column,,,4,D3,Sym,HS,Sym-HS,14,,32.84596773
719,Snap-9761.czi,4.626,933.772,430,2835,0,65535,Tentacle Area,0,Tentacle,,,4,D3,Sym,HS,Sym-HS,14,,0
720,Snap-9760.czi,2.053,1009.275,688,2197,688,65535,Symbiont Area,44.385,Tentacle,,,4,D3,Sym,HS,Sym-HS,14,,44.3795936
721,Snap-9763.czi,4.171,523.43,301,1515,0,65535,Tentacle Area,0,Tentacle,,,4,D3,Sym,HS,Sym-HS,14,,0
722,Snap-9762.czi,2.166,1343.36,936,2858,936,65535,Symbiont Area,51.927,Tentacle,,,4,D3,Sym,HS,Sym-HS,14,,51.92999281
723,Snap-9765.czi,3.149,621.535,363,2796,0,65535,Tentacle Area,0,Tentacle,,,4,D3,Sym,HS,Sym-HS,14,,0
724,Snap-9764.czi,1.406,1091.932,739,2459,739,65535,Symbiont Area,44.643,Tentacle,,,4,D3,Sym,HS,Sym-HS,14,,44.64909495
725,Snap-9767.czi,76.839,502.583,221,1923,0,65535,Tentacle Area,0,Pedal disc,,,5,A3,Sym,HS,Sym-HS,14,,0
726,Snap-9766.czi,4.977,707.962,387,3531,387,65535,Symbiont Area,6.477,Pedal disc,,,5,A3,Sym,HS,Sym-HS,14,,6.477179557
727,Snap-9769.czi,91.253,729.091,284,3305,0,65535,Tentacle Area,0,Pedal disc,,,5,A4,Sym,HS,Sym-HS,14,,0
728,Snap-9768.czi,10.807,1165.057,652,3660,652,65535,Symbiont Area,11.843,Pedal disc,,,5,A4,Sym,HS,Sym-HS,14,,11.84289832
729,Snap-9771.czi,43.196,509.432,244,2981,0,65535,Tentacle Area,0,Pedal disc,,,5,A6,Sym,HS,Sym-HS,14,,0
730,Snap-9770.czi,4.438,1313.805,758,3464,758,65535,Symbiont Area,10.274,Pedal disc,,,5,A6,Sym,HS,Sym-HS,14,,10.27409945
731,Snap-9773.czi,24.392,622.278,366,1509,0,65535,Tentacle Area,0,Pedal disc,,,5,B2,Sym,HS,Sym-HS,14,,0
732,Snap-9772.czi,1.906,1035.249,571,3533,571,65535,Symbiont Area,7.815,Pedal disc,,,5,B2,Sym,HS,Sym-HS,14,,7.814037389
733,Snap-9775.czi,39.401,945.642,437,3297,0,65535,Tentacle Area,0,Pedal disc,,,5,B3,Sym,HS,Sym-HS,14,,0
734,Snap-9774.czi,4.767,1319.478,741,3692,741,65535,Symbiont Area,12.099,Pedal disc,,,5,B3,Sym,HS,Sym-HS,14,,12.0986777
735,Snap-9777.czi,42.445,400.134,209,2197,0,65535,Tentacle Area,0,Pedal disc,,,5,B5,Sym,HS,Sym-HS,14,,0
736,Snap-9776.czi,8.219,927.155,569,3386,569,65535,Symbiont Area,19.363,Pedal disc,,,5,B5,Sym,HS,Sym-HS,14,,19.36388267
737,Snap-9779.czi,38.458,359.065,188,1900,0,65535,Tentacle Area,0,Pedal disc,,,5,C4,Sym,HS,Sym-HS,14,,0
738,Snap-9778.czi,9.552,961.893,614,2971,614,65535,Symbiont Area,24.837,Pedal disc,,,5,C4,Sym,HS,Sym-HS,14,,24.83748505
739,Snap-9781.czi,49.884,442.621,235,1926,0,65535,Tentacle Area,0,Pedal disc,,,5,C5,Sym,HS,Sym-HS,14,,0
740,Snap-9780.czi,7.341,913.973,527,3475,527,65535,Symbiont Area,14.715,Pedal disc,,,5,C5,Sym,HS,Sym-HS,14,,14.71614145
741,Snap-9783.czi,57.522,492.05,218,3318,0,65535,Tentacle Area,0,Pedal disc,,,5,D3,Sym,HS,Sym-HS,14,,0
742,Snap-9782.czi,6.338,1303.752,763,3625,763,65535,Symbiont Area,11.018,Pedal disc,,,5,D3,Sym,HS,Sym-HS,14,,11.01839296
743,Snap-9785.czi,25.408,725.032,325,2799,0,65535,Tentacle Area,0,Pedal disc,,,5,D4,Sym,HS,Sym-HS,14,,0
744,Snap-9784.czi,2.846,1649.611,948,3471,948,65535,Symbiont Area,11.202,Pedal disc,,,5,D4,Sym,HS,Sym-HS,14,,11.20119647
745,Snap-9787.czi,84.623,220.016,99,2672,0,65535,Tentacle Area,0,Pedal disc,,,5,D5,Sym,HS,Sym-HS,14,,0
746,Snap-9786.czi,17.25,917.388,569,3167,569,65535,Symbiont Area,20.385,Pedal disc,,,5,D5,Sym,HS,Sym-HS,14,,20.38452903
1,Snap-1582.czi,113006.753,268.224,90,3107,0,65535,Tentacle Area,0,Pedal disc,,,1,A1,Sym,Control,Sym-Control,9,,0
2,Snap-1581.czi,21754.613,1012.777,592,3017,592,65535,Symbiont Area,19.251,Pedal disc,,,1,A1,Sym,Control,Sym-Control,9,,19.25071947
3,Snap-1584.czi,22191.172,471.254,98,1894,0,65535,Tentacle Area,0,Tentacle,,,1,A1,Sym,Control,Sym-Control,9,,0
4,Snap-1583.czi,5225.077,1028.216,692,2345,692,65535,Symbiont Area,23.546,Tentacle,,,1,A1,Sym,Control,Sym-Control,9,,23.54574603
5,Snap-1586.czi,69782.51,264.668,86,2058,0,65535,Tentacle Area,0,Pedal disc,,,1,A2,Sym,Control,Sym-Control,9,,0
6,Snap-1585.czi,17297.135,879.007,531,3257,531,65535,Symbiont Area,24.787,Pedal disc,,,1,A2,Sym,Control,Sym-Control,9,,24.78720671
7,Snap-1588.czi,11005.636,1127.315,158,2554,0,65535,Tentacle Area,0,Tentacle,,,1,A2,Sym,Control,Sym-Control,9,,0
8,Snap-1587.czi,2496.318,1595.108,1085,2705,1085,65535,Symbiont Area,22.682,Tentacle,,,1,A2,Sym,Control,Sym-Control,9,,22.68217848
9,Snap-1590.czi,67446.199,266.678,98,2163,0,65535,Tentacle Area,0,Pedal disc,,,1,A3,Sym,Control,Sym-Control,9,,0
10,Snap-1589.czi,23125.912,813.845,510,3043,510,65535,Symbiont Area,34.288,Pedal disc,,,1,A3,Sym,Control,Sym-Control,9,,34.28793964
11,Snap-1592.czi,61065.616,345.717,165,2452,0,65535,Tentacle Area,0,Pedal disc,,,1,A4,Sym,Control,Sym-Control,9,,0
12,Snap-1591.czi,15019.637,944.717,579,3021,579,65535,Symbiont Area,24.596,Pedal disc,,,1,A4,Sym,Control,Sym-Control,9,,24.59589862
13,Snap-1596.czi,42308.53,263.927,61,1896,0,65535,Tentacle Area,0,Tentacle,,,1,A4,Sym,Control,Sym-Control,9,,0
14,Snap-1593.czi,16219.253,1188.508,826,2628,826,65535,Symbiont Area,38.336,Tentacle,,,1,A4,Sym,Control,Sym-Control,9,,38.33565714
15,Snap-1595.czi,29938.946,282.58,74,1043,0,65535,Tentacle Area,0,Tentacle,,,1,A4,Sym,Control,Sym-Control,9,,0
16,Snap-1594.czi,8463.695,1198.92,797,2824,797,65535,Symbiont Area,28.27,Tentacle,,,1,A4,Sym,Control,Sym-Control,9,,28.26984958
17,Snap-1598.czi,15589.606,324.708,130,1901,0,65535,Tentacle Area,0,Pedal disc,,,1,A4,Sym,Control,Sym-Control,9,,0
18,Snap-1597.czi,5896.24,1035.341,664,2791,664,65535,Symbiont Area,37.822,Pedal disc,,,1,A4,Sym,Control,Sym-Control,9,,37.82161012
19,Snap-1600.czi,150624.93,232.551,43,1919,0,65535,Tentacle Area,0,Pedal disc,,,1,A6,Sym,Control,Sym-Control,9,,0
20,Snap-1599.czi,36256.176,962.911,592,3191,592,65535,Symbiont Area,24.071,Pedal disc,,,1,A6,Sym,Control,Sym-Control,9,,24.07050148
21,Snap-1602.czi,38542.755,283.617,114,1822,0,65535,Tentacle Area,0,Pedal disc,,,1,B1,Sym,Control,Sym-Control,9,,0
22,Snap-1601.czi,10603.89,635.741,395,2031,395,65535,Symbiont Area,27.512,Pedal disc,,,1,B1,Sym,Control,Sym-Control,9,,27.5120188
23,Snap-1604.czi,85536.88,532.811,104,2641,0,65535,Tentacle Area,0,Pedal disc,,,1,B3,Sym,Control,Sym-Control,9,,0
24,Snap-1603.czi,12563.97,812.409,468,2815,468,65535,Symbiont Area,14.688,Pedal disc,,,1,B3,Sym,Control,Sym-Control,9,,14.688366
25,Snap-1606.czi,54794.226,179.573,58,1861,0,65535,Tentacle Area,0,Pedal disc,,,1,B4,Sym,Control,Sym-Control,9,,0
26,Snap-1605.czi,14731.842,687.261,416,2210,416,65535,Symbiont Area,26.886,Pedal disc,,,1,B4,Sym,Control,Sym-Control,9,,26.88575617
27,Snap-1608.czi,15932.323,334.543,181,2263,0,65535,Tentacle Area,0,Pedal disc,Pretty sure this one is dead,,1,B5,Sym,Control,Sym-Control,9,,0
28,Snap-1607.czi,5527.576,844.063,561,2417,561,65535,Symbiont Area,34.694,Pedal disc,Pretty sure this one is dead,,1,B5,Sym,Control,Sym-Control,9,,34.69409954
29,Snap-1610.czi,39150.563,232.92,100,2067,0,65535,Tentacle Area,0,Pedal disc,,,1,C1,Sym,Control,Sym-Control,9,,0
30,Snap-1609.czi,12987.987,670.72,413,2305,413,65535,Symbiont Area,33.174,Pedal disc,,,1,C1,Sym,Control,Sym-Control,9,,33.1744578
31,Snap-1612.czi,34839.469,358.705,153,3056,0,65535,Tentacle Area,0,Pedal disc,,,1,C2,Sym,Control,Sym-Control,9,,0
32,Snap-1611.czi,11625.553,623.803,383,2428,383,65535,Symbiont Area,33.369,Pedal disc,,,1,C2,Sym,Control,Sym-Control,9,,33.36891558
33,Snap-1614.czi,27396.356,525.894,341,1438,0,65535,Tentacle Area,0,Body column,,,1,C4,Sym,Control,Sym-Control,9,,0
34,Snap-1613.czi,4170.764,437.98,264,1361,264,65535,Symbiont Area,15.224,Body column,,,1,C4,Sym,Control,Sym-Control,9,,15.22379108
35,Snap-1616.czi,9794.344,463.806,260,1353,0,65535,Tentacle Area,0,Tentacle,,,1,C4,Sym,Control,Sym-Control,9,,0
36,Snap-1615.czi,3486.412,2211.042,1332,3813,1332,65535,Symbiont Area,35.596,Tentacle,,,1,C4,Sym,Control,Sym-Control,9,,35.59617673
37,Snap-1618.czi,47585.717,323.378,116,1024,0,65535,Tentacle Area,0,Body column,,,1,C6,Sym,Control,Sym-Control,9,,0
38,Snap-1617.czi,9615.958,760.983,456,2618,456,65535,Symbiont Area,20.208,Body column,,,1,C6,Sym,Control,Sym-Control,9,,20.20765601
39,Snap-1620.czi,15012.934,204.957,56,695,0,65535,Tentacle Area,0,Tentacle,,,1,C6,Sym,Control,Sym-Control,9,,0
40,Snap-1619.czi,5580.767,1276.713,809,3094,809,65535,Symbiont Area,37.173,Tentacle,,,1,C6,Sym,Control,Sym-Control,9,,37.17306024
41,Snap-1622.czi,58979.261,253.186,110,2671,0,65535,Tentacle Area,0,Body column,,,1,D1,Sym,Control,Sym-Control,9,,0
42,Snap-1621.czi,16474.615,712.672,443,2821,443,65535,Symbiont Area,27.933,Body column,,,1,D1,Sym,Control,Sym-Control,9,,27.93289492
43,Snap-1621.czi,311524.871,780.461,11,4095,0,65535,Tentacle Area,0,Tentacle,,,1,D1,Sym,Control,Sym-Control,9,,0
44,Snap-1621.czi,13280.323,1034.424,708,2287,708,65535,Symbiont Area,4.263,Tentacle,,,1,D1,Sym,Control,Sym-Control,9,,4.263005698
45,Snap-1626.czi,52661.166,271.527,64,1595,0,65535,Tentacle Area,0,Tentacle,,,1,D1,Sym,Control,Sym-Control,9,,0
46,Snap-1623.czi,18098.249,1526.988,1010,3290,1010,65535,Symbiont Area,34.367,Tentacle,,,1,D1,Sym,Control,Sym-Control,9,,34.36735335
47,Snap-1625.czi,50017.816,273.397,83,1762,0,65535,Tentacle Area,0,Tentacle,,,1,D1,Sym,Control,Sym-Control,9,,0
48,Snap-1624.czi,8549.753,1912.865,1177,3207,1177,65535,Symbiont Area,17.093,Tentacle,,,1,D1,Sym,Control,Sym-Control,9,,17.09341527
49,Snap-1628.czi,38694.545,203.784,53,1307,0,65535,Tentacle Area,0,Tentacle,,,1,D2,Sym,Control,Sym-Control,9,,0
50,Snap-1627.czi,7075.747,1293.039,812,2674,812,65535,Symbiont Area,18.286,Tentacle,,,1,D2,Sym,Control,Sym-Control,9,,18.28616152
51,Snap-1632.czi,43549.661,157.368,55,1101,0,65535,Tentacle Area,0,Tentacle,,,1,D2,Sym,Control,Sym-Control,9,,0
52,Snap-1629.czi,14488.372,1313.89,859,2504,859,65535,Symbiont Area,33.269,Tentacle,,,1,D2,Sym,Control,Sym-Control,9,,33.26862177
53,Snap-1631.czi,42711.14,255.409,79,1300,0,65535,Tentacle Area,0,Tentacle,,,1,D2,Sym,Control,Sym-Control,9,,0
54,Snap-1630.czi,10141.817,1510.716,956,2386,956,65535,Symbiont Area,23.745,Tentacle,,,1,D2,Sym,Control,Sym-Control,9,,23.745133
55,Snap-1634.czi,43514.849,203.263,65,2068,0,65535,Tentacle Area,0,Pedal disc,,,1,D4,Sym,Control,Sym-Control,9,,0
56,Snap-1633.czi,10908.984,675.225,401,2603,401,65535,Symbiont Area,25.07,Pedal disc,,,1,D4,Sym,Control,Sym-Control,9,,25.06956648
57,Snap-1636.czi,6704.921,292.352,150,674,0,65535,Tentacle Area,0,Pedal disc,,,1,D4,Sym,Control,Sym-Control,9,,0
58,Snap-1635.czi,464.884,1508.902,841,3892,841,65535,Symbiont Area,6.933,Pedal disc,,,1,D4,Sym,Control,Sym-Control,9,,6.933474682
59,Snap-1638.czi,112996.59,187.379,50,2103,0,65535,Tentacle Area,0,Pedal disc,,,2,A1,Sym,Control,Sym-Control,9,,0
60,Snap-1637.czi,21962.838,1004.038,589,2821,589,65535,Symbiont Area,19.437,Pedal disc,,,2,A1,Sym,Control,Sym-Control,9,,19.43672636
61,Snap-1639.czi,10475.453,2314.591,939,4095,0,65535,Tentacle Area,0,Tentacle,,,2,A1,Sym,Control,Sym-Control,9,,0
62,Snap-1639.czi,3977.026,905.16,611,1994,611,65535,Symbiont Area,37.965,Tentacle,,,2,A1,Sym,Control,Sym-Control,9,,37.96519349
63,Snap-1641.czi,13765.1,1634.145,100,3862,0,65535,Tentacle Area,0,Tentacle,,,2,A1,Sym,Control,Sym-Control,9,,0
64,Snap-1641.czi,4039.083,919.951,587,2217,587,65535,Symbiont Area,29.343,Tentacle,,,2,A1,Sym,Control,Sym-Control,9,,29.34292522
65,Snap-1640.czi,32679.598,1979.225,227,4095,0,65535,Tentacle Area,0,Tentacle,,,2,A1,Sym,Control,Sym-Control,9,,0
66,Snap-1640.czi,11075.693,1253.033,818,2381,818,65535,Symbiont Area,33.892,Tentacle,,,2,A1,Sym,Control,Sym-Control,9,,33.89176636
67,Snap-1646.czi,43227.053,207.644,82,778,0,65535,Tentacle Area,0,Body column,,,2,A2,Sym,Control,Sym-Control,9,,0
68,Snap-1645.czi,8332.014,865.993,528,2960,528,65535,Symbiont Area,19.275,Body column,,,2,A2,Sym,Control,Sym-Control,9,,19.27499892
69,Snap-1647.czi,36550.242,1641.52,278,3896,0,65535,Tentacle Area,0,Body column,,,2,A2,Sym,Control,Sym-Control,9,,0
70,Snap-1647.czi,9826.994,753.866,462,1824,462,65535,Symbiont Area,26.886,Body column,,,2,A2,Sym,Control,Sym-Control,9,,26.88626248
71,Snap-1650.czi,93485.96,176.969,66,1006,0,65535,Tentacle Area,0,Pedal disc,,,2,A3,Sym,Control,Sym-Control,9,,0
72,Snap-1649.czi,29384.977,737.643,453,2367,453,65535,Symbiont Area,31.433,Pedal disc,,,2,A3,Sym,Control,Sym-Control,9,,31.43250281
73,Snap-1652.czi,28347.962,516.496,239,4095,0,65535,Tentacle Area,0,Pedal disc,,,2,A4,Sym,Control,Sym-Control,9,,0
74,Snap-1651.czi,9184.806,1096.478,689,3055,689,65535,Symbiont Area,32.4,Pedal disc,,,2,A4,Sym,Control,Sym-Control,9,,32.40023392
75,Snap-1654.czi,15751.343,574.202,258,4095,0,65535,Tentacle Area,0,Body column,,,2,A4,Sym,Control,Sym-Control,9,,0
76,Snap-1653.czi,5588.551,914.068,554,2416,554,65535,Symbiont Area,35.48,Body column,,,2,A4,Sym,Control,Sym-Control,9,,35.47983813
77,Snap-1656.czi,57635.639,228.579,90,1403,0,65535,Tentacle Area,0,Pedal disc,,,2,A5,Sym,Control,Sym-Control,9,,0
78,Snap-1655.czi,11594.201,932.369,550,2447,550,65535,Symbiont Area,20.116,Pedal disc,,,2,A5,Sym,Control,Sym-Control,9,,20.11637452
79,Snap-1658.czi,22213.443,719.487,324,4095,0,65535,Tentacle Area,0,Pedal disc,,,2,A6,Sym,Control,Sym-Control,9,,0
80,Snap-1657.czi,6076.787,659.72,412,1706,412,65535,Symbiont Area,27.356,Pedal disc,,,2,A6,Sym,Control,Sym-Control,9,,27.35634904
81,Snap-1660.czi,72289.856,1162.899,478,4095,0,65535,Tentacle Area,0,Pedal disc,,,2,B1,Sym,Control,Sym-Control,9,,0
82,Snap-1659.czi,20244.931,1017.333,640,2646,640,65535,Symbiont Area,28.005,Pedal disc,,,2,B1,Sym,Control,Sym-Control,9,,28.00521694
83,Snap-1662.czi,17329.569,588.917,186,2827,0,65535,Tentacle Area,0,Tentacle,,,2,B1,Sym,Control,Sym-Control,9,,0
84,Snap-1661.czi,5923.916,1271.696,868,3631,868,65535,Symbiont Area,34.184,Tentacle,,,2,B1,Sym,Control,Sym-Control,9,,34.18386228
85,Snap-1664.czi,60312.937,299.738,132,2896,0,65535,Tentacle Area,0,Pedal disc,,,2,B2,Sym,Control,Sym-Control,9,,0
86,Snap-1663.czi,20894.038,747.371,463,2614,463,65535,Symbiont Area,34.643,Pedal disc,,,2,B2,Sym,Control,Sym-Control,9,,34.64271355
87,Snap-1666.czi,33948.839,439.862,169,2801,0,65535,Tentacle Area,0,Pedal disc,"check thresholding, those seem like more should be symbiotic",,2,B3,Sym,Control,Sym-Control,9,,0
88,Snap-1665.czi,9919.106,772.149,469,2177,469,65535,Symbiont Area,29.218,Pedal disc,"check thresholding, those seem like more should be symbiotic",,2,B3,Sym,Control,Sym-Control,9,,29.21780624
89,Snap-1668.czi,48568.027,337.071,171,1619,0,65535,Tentacle Area,0,Body column,,,2,B5,Sym,Control,Sym-Control,9,,0
90,Snap-1667.czi,10251.227,1322.82,844,3320,844,65535,Symbiont Area,21.107,Body column,,,2,B5,Sym,Control,Sym-Control,9,,21.10694552
91,Snap-1670.czi,14926.66,551.73,234,1440,0,65535,Tentacle Area,0,Tentacle,,,2,B5,Sym,Control,Sym-Control,9,,0
92,Snap-1669.czi,4457.478,899.379,625,3305,625,65535,Symbiont Area,29.863,Tentacle,,,2,B5,Sym,Control,Sym-Control,9,,29.86252785
93,Snap-1672.czi,81071.834,251.086,76,2661,0,65535,Tentacle Area,0,Pedal disc,,,2,B6,Sym,Control,Sym-Control,9,,0
94,Snap-1671.czi,24490.508,904.804,561,2845,561,65535,Symbiont Area,30.208,Pedal disc,,,2,B6,Sym,Control,Sym-Control,9,,30.20840505
95,Snap-1674.czi,61249.407,331.089,116,3616,0,65535,Tentacle Area,0,Pedal disc,,,2,C1,Sym,Control,Sym-Control,9,,0
96,Snap-1673.czi,15270.674,721.431,443,2682,443,65535,Symbiont Area,24.932,Pedal disc,,,2,C1,Sym,Control,Sym-Control,9,,24.93195404
97,Snap-1676.czi,89728.834,252.784,96,1734,0,65535,Tentacle Area,0,Body column,,,2,C2,Sym,Control,Sym-Control,9,,0
98,Snap-1675.czi,21067.667,739.04,449,2631,449,65535,Symbiont Area,23.479,Body column,,,2,C2,Sym,Control,Sym-Control,9,,23.47926086
99,Snap-1677.czi,16879.605,1734.114,129,4095,0,65535,Tentacle Area,0,Tentacle,,,2,C2,Sym,Control,Sym-Control,9,,0
100,Snap-1677.czi,5623.147,763.657,494,2466,494,65535,Symbiont Area,33.313,Tentacle,,,2,C2,Sym,Control,Sym-Control,9,,33.31326177
101,Snap-1681.czi,157375.258,607.697,99,3145,0,65535,Tentacle Area,0,Pedal disc,,,2,C3,Sym,Control,Sym-Control,9,,0
102,Snap-1680.czi,30359.287,1058.968,619,2993,619,65535,Symbiont Area,19.291,Pedal disc,,,2,C3,Sym,Control,Sym-Control,9,,19.29101651
103,Snap-1683.czi,36731.438,247.54,109,1244,0,65535,Tentacle Area,0,Pedal disc,,,2,C4,Sym,Control,Sym-Control,9,,0
104,Snap-1682.czi,8479.696,549.266,331,2544,331,65535,Symbiont Area,23.086,Pedal disc,,,2,C4,Sym,Control,Sym-Control,9,,23.08566302
105,Snap-1685.czi,43050.83,337.048,160,2722,0,65535,Tentacle Area,0,Pedal disc,,,2,C5,Sym,Control,Sym-Control,9,,0
106,Snap-1684.czi,11973.459,708.879,443,2318,443,65535,Symbiont Area,27.812,Pedal disc,,,2,C5,Sym,Control,Sym-Control,9,,27.81237667
107,Snap-1687.czi,35330.3,548.474,170,3200,0,65535,Tentacle Area,0,Tentacle,,,2,C6,Sym,Control,Sym-Control,9,,0
108,Snap-1686.czi,9571.416,877.618,568,1647,568,65535,Symbiont Area,27.091,Tentacle,,,2,C6,Sym,Control,Sym-Control,9,,27.09123896
109,Snap-1688.czi,41241.027,2019.568,162,4095,0,65535,Tentacle Area,0,Tentacle,,,2,C6,Sym,Control,Sym-Control,9,,0
110,Snap-1688.czi,15988.109,779.347,504,2864,504,65535,Symbiont Area,38.767,Tentacle,,,2,C6,Sym,Control,Sym-Control,9,,38.76748511
111,Snap-1691.czi,80472.242,195.891,69,2301,0,65535,Tentacle Area,0,Pedal disc,,,2,D1,Sym,Control,Sym-Control,9,,0
112,Snap-1690.czi,16427.046,1021.276,607,3132,607,65535,Symbiont Area,20.413,Pedal disc,,,2,D1,Sym,Control,Sym-Control,9,,20.41330724
113,Snap-1694.czi,28520.942,311.256,85,2446,0,65535,Tentacle Area,0,Tentacle,,,2,D1,Sym,Control,Sym-Control,9,,0
114,Snap-1693.czi,8738.085,897.589,583,3232,583,65535,Symbiont Area,30.637,Tentacle,,,2,D1,Sym,Control,Sym-Control,9,,30.63743477
115,Snap-1695.czi,20833.063,526.832,148,2848,0,65535,Tentacle Area,0,Tentacle,,,2,D1,Sym,Control,Sym-Control,9,,0
116,Snap-1692.czi,6548.374,967.833,644,3158,644,65535,Symbiont Area,31.433,Tentacle,,,2,D1,Sym,Control,Sym-Control,9,,31.43260307
117,Snap-1699.czi,90064.848,203.664,89,1231,0,65535,Tentacle Area,0,Pedal disc,,,2,D3,Sym,Control,Sym-Control,9,,0
118,Snap-1698.czi,15817.94,787.101,458,3286,458,65535,Symbiont Area,17.563,Pedal disc,,,2,D3,Sym,Control,Sym-Control,9,,17.56283428
119,Snap-1697.czi,188547.768,468.63,105,3500,0,65535,Tentacle Area,0,Pedal disc,,,2,D2,Sym,Control,Sym-Control,9,,0
120,Snap-1696.czi,37120.211,675.732,405,2785,405,65535,Symbiont Area,19.687,Pedal disc,,,2,D2,Sym,Control,Sym-Control,9,,19.68743061
121,Snap-1701.czi,16662.947,434.155,166,1248,0,65535,Tentacle Area,0,Tentacle,,,2,D3,Sym,Control,Sym-Control,9,,0
122,Snap-1700.czi,5527.576,1452.321,870,3549,870,65535,Symbiont Area,33.173,Tentacle,,,2,D3,Sym,Control,Sym-Control,9,,33.17285952
123,Snap-1703.czi,37086.696,428.284,195,2069,0,65535,Tentacle Area,0,Pedal disc,,,2,D4,Sym,Control,Sym-Control,9,,0
124,Snap-1702.czi,9885.158,948.37,574,3095,574,65535,Symbiont Area,26.654,Pedal disc,,,2,D4,Sym,Control,Sym-Control,9,,26.65418888
125,Snap-1705.czi,22070.302,346.102,147,3017,0,65535,Tentacle Area,0,Tentacle,,,2,D4,Sym,Control,Sym-Control,9,,0
126,Snap-1704.czi,7056.287,1087.905,675,2685,675,65535,Symbiont Area,31.972,Tentacle,,,2,D4,Sym,Control,Sym-Control,9,,31.97186427
127,Snap-1707.czi,46905.473,318.745,138,1471,0,65535,Tentacle Area,0,Body column,,,2,D5,Sym,Control,Sym-Control,9,,0
128,Snap-1706.czi,9993.919,668.035,408,1915,408,65535,Symbiont Area,21.307,Body column,,,2,D5,Sym,Control,Sym-Control,9,,21.30650937
129,Snap-1709.czi,29806.832,572.753,139,1923,0,65535,Tentacle Area,0,Tentacle,,,2,D5,Sym,Control,Sym-Control,9,,0
130,Snap-1708.czi,7453.708,1989.217,1403,3416,1403,65535,Symbiont Area,25.007,Tentacle,,,2,D5,Sym,Control,Sym-Control,9,,25.00670987
131,Snap-1711.czi,85994.845,353.114,134,1795,0,65535,Tentacle Area,0,Pedal disc,,,2,D6,Sym,Control,Sym-Control,9,,0
132,Snap-1710.czi,19889.024,780.88,465,2403,465,65535,Symbiont Area,23.128,Pedal disc,,,2,D6,Sym,Control,Sym-Control,9,,23.12815844
133,Snap-1713.czi,4012.055,551.9,183,1767,0,65535,Tentacle Area,0,Tentacle,,,2,D6,Sym,Control,Sym-Control,9,,0
134,Snap-1712.czi,1273.998,2197.058,1256,3015,1256,65535,Symbiont Area,31.754,Tentacle,,,2,D6,Sym,Control,Sym-Control,9,,31.75425063
135,Snap-1715.czi,41662.017,534.954,196,1679,0,65535,Tentacle Area,0,Body column,,,3,A1,Sym,Control,Sym-Control,9,,0
136,Snap-1714.czi,8626.296,1155.06,656,3120,656,65535,Symbiont Area,20.705,Body column,,,3,A1,Sym,Control,Sym-Control,9,,20.70542096
137,Snap-1719.czi,23893.295,559.062,233,1870,0,65535,Tentacle Area,0,Tentacle,,,3,A1,Sym,Control,Sym-Control,9,,0
138,Snap-1716.czi,10053.598,1339.791,846,2884,846,65535,Symbiont Area,42.077,Tentacle,,,3,A1,Sym,Control,Sym-Control,9,,42.07706806
139,Snap-1718.czi,25392.815,620.9,238,1789,0,65535,Tentacle Area,0,Tentacle,,,3,A1,Sym,Control,Sym-Control,9,,0
140,Snap-1717.czi,11153.534,1282.577,787,2719,787,65535,Symbiont Area,43.924,Tentacle,,,3,A1,Sym,Control,Sym-Control,9,,43.92397613
141,Snap-1720.czi,90661.629,1693.3,92,4095,0,65535,Tentacle Area,0,Pedal disc,,,3,A2,Sym,Control,Sym-Control,9,,0
142,Snap-1720.czi,23996.65,871.958,533,2575,533,65535,Symbiont Area,26.468,Pedal disc,,,3,A2,Sym,Control,Sym-Control,9,,26.46836403
143,Snap-1725.czi,63721.291,577.955,87,2765,0,65535,Tentacle Area,0,Tentacle,,,3,A2,Sym,Control,Sym-Control,9,,0
144,Snap-1722.czi,18791.682,842.358,548,2122,548,65535,Symbiont Area,29.49,Tentacle,,,3,A2,Sym,Control,Sym-Control,9,,29.49042887
145,Snap-1724.czi,31785.724,409.918,67,1739,0,65535,Tentacle Area,0,Tentacle,,,3,A2,Sym,Control,Sym-Control,9,,0
146,Snap-1723.czi,7194.238,1402.869,864,3616,864,65535,Symbiont Area,22.634,Tentacle,,,3,A2,Sym,Control,Sym-Control,9,,22.63355084
147,Snap-1727.czi,103680.32,344.91,80,2724,0,65535,Tentacle Area,0,Pedal disc,,,3,A2,Sym,Control,Sym-Control,9,,0
148,Snap-1726.czi,23474.683,708.011,433,3174,433,65535,Symbiont Area,22.641,Pedal disc,,,3,A2,Sym,Control,Sym-Control,9,,22.64140678
149,Snap-1731.czi,51558.419,475.437,127,2200,0,65535,Tentacle Area,30.576,Tentacle,,,3,A4,Sym,Control,Sym-Control,9,,0
150,Snap-1728.czi,17635.743,1775.684,1184,3207,1184,65535,Symbiont Area,34.205,Tentacle,,,3,A4,Sym,Control,Sym-Control,9,,34.20536033
151,Snap-1733.czi,146719.258,350.273,112,3691,0,65535,Tentacle Area,0,Pedal disc,,,3,A5,Sym,Control,Sym-Control,9,,0
152,Snap-1732.czi,33329.138,892.819,538,2809,538,65535,Symbiont Area,22.716,Pedal disc,,,3,A5,Sym,Control,Sym-Control,9,,22.71626674
153,Snap-1737.czi,61705.426,595.541,161,2353,0,65535,Tentacle Area,0,Tentacle,,,3,A5,Sym,Control,Sym-Control,9,,0
154,Snap-1734.czi,25756.29,803.789,526,2178,526,65535,Symbiont Area,41.741,Tentacle,,,3,A5,Sym,Control,Sym-Control,9,,41.74072147
155,Snap-1736.czi,14261.985,586.371,274,1791,0,65535,Tentacle Area,0,Tentacle,,,3,A5,Sym,Control,Sym-Control,9,,0
156,Snap-1735.czi,2837.304,1522.956,944,3241,944,65535,Symbiont Area,19.894,Tentacle,,,3,A5,Sym,Control,Sym-Control,9,,19.89417322
157,Snap-1739.czi,105162.326,221.253,96,2173,0,65535,Tentacle Area,0,Pedal disc,,,3,B3,Sym,Control,Sym-Control,9,,0
158,Snap-1738.czi,27279.162,937.431,566,2883,566,65535,Symbiont Area,25.94,Pedal disc,,,3,B3,Sym,Control,Sym-Control,9,,25.94005195
159,Snap-1741.czi,40908.04,677.693,151,2843,0,65535,Tentacle Area,0,Tentacle,,,3,B3,Sym,Control,Sym-Control,9,,0
160,Snap-1740.czi,9438.005,845.577,482,1922,482,65535,Symbiont Area,23.071,Tentacle,,,3,B3,Sym,Control,Sym-Control,9,,23.07127156
161,Snap-1743.czi,19196.023,454.122,226,1656,0,65535,Tentacle Area,0,Body column,,,3,C2,Sym,Control,Sym-Control,9,,0
162,Snap-1742.czi,5859.697,1090.547,641,3240,641,65535,Symbiont Area,30.526,Body column,,,3,C2,Sym,Control,Sym-Control,9,,30.52557814
163,Snap-1745.czi,31540.957,317.047,140,2604,0,65535,Tentacle Area,0,Pedal disc,,,3,C3,Sym,Control,Sym-Control,9,,0
164,Snap-1744.czi,5983.811,982.732,606,3391,606,65535,Symbiont Area,18.972,Pedal disc,,,3,C3,Sym,Control,Sym-Control,9,,18.97155816
165,Snap-1747.czi,7822.588,467.971,246,941,0,65535,Tentacle Area,0,Tentacle,,,3,C5,Sym,Control,Sym-Control,9,,0
166,Snap-1746.czi,1538.441,1933.618,1142,3801,1142,65535,Symbiont Area,19.667,Tentacle,,,3,C5,Sym,Control,Sym-Control,9,,19.66664996
167,Snap-1749.czi,34155.117,394.854,182,2885,0,65535,Tentacle Area,0,Pedal disc,,,3,C6,Sym,Control,Sym-Control,9,,0
168,Snap-1748.czi,8613.107,677.153,433,2355,433,65535,Symbiont Area,25.218,Pedal disc,,,3,C6,Sym,Control,Sym-Control,9,,25.2176182
169,Snap-1752.czi,39010.017,442.986,175,3094,0,65535,Tentacle Area,0,Pedal disc,,,3,D1,Sym,Control,Sym-Control,9,,0
170,Snap-1751.czi,9703.746,1084.184,657,2976,657,65535,Symbiont Area,24.875,Pedal disc,,,3,D1,Sym,Control,Sym-Control,9,,24.87501095
171,Snap-1754.czi,116002.983,161.274,53,1769,0,65535,Tentacle Area,0,Pedal disc,,,3,D2,Sym,Control,Sym-Control,9,,0
172,Snap-1753.czi,30797.143,727.592,447,2286,447,65535,Symbiont Area,26.549,Pedal disc,,,3,D2,Sym,Control,Sym-Control,9,,26.5485785
173,Snap-1758.czi,33973.921,483.457,116,3087,0,65535,Tentacle Area,0,Tentacle,,,3,D2,Sym,Control,Sym-Control,9,,0
174,Snap-1755.czi,9571.632,869.812,517,3095,517,65535,Symbiont Area,28.173,Tentacle,,,3,D2,Sym,Control,Sym-Control,9,,28.1734687
175,Snap-1757.czi,8691.164,529.177,127,1829,0,65535,Tentacle Area,8.284,Tentacle,,,3,D2,Sym,Control,Sym-Control,9,,0
176,Snap-1756.czi,4045.786,1704.051,980,2772,980,65535,Symbiont Area,46.551,Tentacle,,,3,D2,Sym,Control,Sym-Control,9,,46.55056561
177,Snap-1760.czi,45600.339,292.007,104,2594,0,65535,Tentacle Area,0,Body column,,,3,D2,Sym,Control,Sym-Control,9,,0
178,Snap-1759.czi,10984.662,958.237,585,3181,585,65535,Symbiont Area,24.089,Body column,,,3,D2,Sym,Control,Sym-Control,9,,24.08899197
179,Snap-1762.czi,27313.542,262.594,124,1332,0,65535,Tentacle Area,0,Pedal disc,,,3,D3,Sym,Control,Sym-Control,9,,0
180,Snap-1761.czi,7402.247,1039.904,635,2872,635,65535,Symbiont Area,27.101,Pedal disc,,,3,D3,Sym,Control,Sym-Control,9,,27.10101458
181,Snap-1765.czi,4521.697,527.966,282,1424,0,65535,Tentacle Area,0,Tentacle,,,3,D3,Sym,Control,Sym-Control,9,,0
182,Snap-1764.czi,2117.059,975.265,580,1828,580,65535,Symbiont Area,46.82,Tentacle,,,3,D3,Sym,Control,Sym-Control,9,,46.82001027
183,Snap-1766.czi,4084.49,404.74,201,1154,0,65535,Tentacle Area,0,Tentacle,,,3,D3,Sym,Control,Sym-Control,9,,0
184,Snap-1763.czi,1198.535,1160.882,703,3555,703,65535,Symbiont Area,29.344,Tentacle,,,3,D3,Sym,Control,Sym-Control,9,,29.34356554
185,Snap-1768.czi,45839.484,241.313,116,2001,0,65535,Tentacle Area,0,Pedal disc,,,3,D5,Sym,Control,Sym-Control,9,,0
186,Snap-1767.czi,12398.125,594.834,367,2610,367,65535,Symbiont Area,27.047,Pedal disc,,,3,D5,Sym,Control,Sym-Control,9,,27.04682496
187,Snap-1770.czi,43571.716,258.213,89,2382,0,65535,Tentacle Area,0,Pedal disc,,,3,D6,Sym,Control,Sym-Control,9,,0
188,Snap-1769.czi,11290.621,726.674,446,3151,446,65535,Symbiont Area,25.913,Pedal disc,,,3,D6,Sym,Control,Sym-Control,9,,25.91272972
189,Snap-1546.czi,12098.005,477.471,205,2622,0,65535,Tentacle Area,0,Pedal disc,,,4,A3,Sym,HS,Sym-HS,9,,0
190,Snap-1545.czi,4121.032,1305.272,814,3473,814,65535,Symbiont Area,34.064,Pedal disc,,,4,A3,Sym,HS,Sym-HS,9,,34.063732
191,Snap-1548.czi,25817.697,394.123,128,1464,0,65535,Tentacle Area,0,Body column,,,4,A4,Sym,HS,Sym-HS,9,,0
192,Snap-1547.czi,6581.673,966.529,602,2312,602,65535,Symbiont Area,25.493,Body column,,,4,A4,Sym,HS,Sym-HS,9,,25.49287413
193,Snap-1551.czi,61953.652,571.879,109,2504,0,65535,Tentacle Area,0,Tentacle,,,4,A4,Sym,HS,Sym-HS,9,,0
194,Snap-1550.czi,21767.371,1671.219,1072,3829,1072,65535,Symbiont Area,35.135,Tentacle,,,4,A4,Sym,HS,Sym-HS,9,,35.13492796
195,Snap-1554.czi,42842.173,403.736,106,2048,0,65535,Tentacle Area,0,Pedal disc,,,4,A5,Sym,HS,Sym-HS,9,,0
196,Snap-1553.czi,13053.071,1240.808,750,3477,750,65535,Symbiont Area,30.468,Pedal disc,,,4,A5,Sym,HS,Sym-HS,9,,30.46780797
197,Snap-1556.czi,46623.299,505.633,192,1517,0,65535,Tentacle Area,0,Body column,,,4,A6,Sym,HS,Sym-HS,9,,0
198,Snap-1555.czi,2519.454,1090.22,604,4029,604,65535,Symbiont Area,5.404,Body column,,,4,A6,Sym,HS,Sym-HS,9,,5.403851838
199,Snap-1560.czi,19469.764,650.506,296,2083,0,65535,Tentacle Area,0,Tentacle,,,4,A6,Sym,HS,Sym-HS,9,,0
200,Snap-1557.czi,8151.034,1494.087,978,3535,978,65535,Symbiont Area,41.865,Tentacle,,,4,A6,Sym,HS,Sym-HS,9,,41.86508886
201,Snap-1559.czi,5239.78,474.615,221,937,0,65535,Tentacle Area,0,Tentacle,,,4,A6,Sym,HS,Sym-HS,9,,0
202,Snap-1558.czi,1886.347,1758.342,1201,3390,1201,65535,Symbiont Area,36,Tentacle,,,4,A6,Sym,HS,Sym-HS,9,,36.00050002
203,Snap-1562.czi,55224.514,434.74,125,1397,0,65535,Tentacle Area,0,Pedal disc,,,4,B3,Sym,HS,Sym-HS,9,,0
204,Snap-1561.czi,899.712,1718.464,935,3950,935,65535,Symbiont Area,1.629,Pedal disc,,,4,B3,Sym,HS,Sym-HS,9,,1.62918953
205,Snap-1566.czi,18086.573,668.043,222,2526,0,65535,Tentacle Area,0,Tentacle,,,4,B3,Sym,HS,Sym-HS,9,,0
206,Snap-1563.czi,4966.04,2319.533,1530,3903,1530,65535,Symbiont Area,27.457,Tentacle,,,4,B3,Sym,HS,Sym-HS,9,,27.45705336
207,Snap-1565.czi,30223.498,906.454,292,2632,0,65535,Tentacle Area,0,Tentacle,"might want to discard, images dont line up super well",,4,B3,Sym,HS,Sym-HS,9,,0
208,Snap-1564.czi,8620.675,1519.461,902,3863,902,65535,Symbiont Area,28.523,Tentacle,"might want to discard, images dont line up super well",,4,B3,Sym,HS,Sym-HS,9,,28.52308823
209,Snap-1568.czi,48071.791,818.63,120,1790,0,65535,Tentacle Area,0,Body column,beautiful body collum example,,4,C3,Sym,HS,Sym-HS,9,,0
210,Snap-1567.czi,10747.031,1237.25,733,3885,733,65535,Symbiont Area,22.356,Body column,beautiful body collum example,,4,C3,Sym,HS,Sym-HS,9,,22.35621094
211,Snap-1571.czi,28652.84,575.25,161,2721,0,65535,Tentacle Area,0,Tentacle,,,4,C3,Sym,HS,Sym-HS,9,,0
212,Snap-1570.czi,7019.961,1693.495,1148,3253,1148,65535,Symbiont Area,24.5,Tentacle,,,4,C3,Sym,HS,Sym-HS,9,,24.50005305
213,Snap-1572.czi,17125.02,481.613,163,2238,0,65535,Tentacle Area,0,Tentacle,,,4,C3,Sym,HS,Sym-HS,9,,0
214,Snap-1569.czi,5407.571,1593.569,1092,3617,1092,65535,Symbiont Area,31.577,Tentacle,,,4,C3,Sym,HS,Sym-HS,9,,31.57702006
215,Snap-1574.czi,47534.688,727.566,411,2526,0,65535,Tentacle Area,0,Pedal disc,,,4,C5,Sym,HS,Sym-HS,9,,0
216,Snap-1573.czi,5406.274,1341.39,784,3857,784,65535,Symbiont Area,11.373,Pedal disc,,,4,C5,Sym,HS,Sym-HS,9,,11.37332383
217,Snap-1576.czi,16138.602,222.282,85,1658,0,65535,Tentacle Area,0,Pedal disc,,,4,D3,Sym,HS,Sym-HS,9,,0
218,Snap-1575.czi,4525.373,655.297,414,2472,414,65535,Symbiont Area,28.041,Pedal disc,,,4,D3,Sym,HS,Sym-HS,9,,28.04067539
219,Snap-1578.czi,34058.897,342.153,174,2542,0,65535,Tentacle Area,0,Pedal disc,,,4,D4,Sym,HS,Sym-HS,9,,0
220,Snap-1577.czi,7600.957,756.535,460,3092,460,65535,Symbiont Area,22.317,Pedal disc,,,4,D4,Sym,HS,Sym-HS,9,,22.31709676
221,Snap-1580.czi,35817.887,375.739,188,2560,0,65535,Tentacle Area,0,Body column,,,4,D5,Sym,HS,Sym-HS,9,,0
222,Snap-1579.czi,3805.56,1381.283,797,3708,797,65535,Symbiont Area,10.625,Body column,,,4,D5,Sym,HS,Sym-HS,9,,10.62474735
223,Snap-1502.czi,54307.936,505.155,252,3055,0,65535,Tentacle Area,0,Pedal disc,,,5,A3,Sym,HS,Sym-HS,9,,0
224,Snap-1501.czi,12188.819,462.92,283,3855,283,65535,Symbiont Area,22.444,Pedal disc,,,5,A3,Sym,HS,Sym-HS,9,,22.44390028
225,Snap-1504.czi,63907.461,646.803,301,3394,0,65535,Tentacle Area,0,Pedal disc,,,5,A4,Sym,HS,Sym-HS,9,,0
226,Snap-1503.czi,3250.727,1460.952,805,3824,805,65535,Symbiont Area,5.087,Pedal disc,,,5,A4,Sym,HS,Sym-HS,9,,5.086615787
227,Snap-1506.czi,69910.948,1173.897,462,2425,0,65535,Tentacle Area,0,Tentacle,,,5,A5,Sym,HS,Sym-HS,9,,0
228,Snap-1505.czi,16945.769,1167.205,718,3476,718,65535,Symbiont Area,24.239,Tentacle,,,5,A5,Sym,HS,Sym-HS,9,,24.23907769
229,Snap-1508.czi,21219.889,1219.6,481,2540,0,65535,Tentacle Area,0,Tentacle,,,5,A5,Sym,HS,Sym-HS,9,,0
230,Snap-1507.czi,7832.534,1303.842,855,3336,855,65535,Symbiont Area,36.911,Tentacle,,,5,A5,Sym,HS,Sym-HS,9,,36.91128639
231,Snap-1512.czi,56430.4,667.602,192,2267,0,65535,Tentacle Area,0,Tentacle,,,5,A5,Sym,HS,Sym-HS,9,,0
232,Snap-1509.czi,14494.427,1341.814,824,3809,824,65535,Symbiont Area,25.685,Tentacle,,,5,A5,Sym,HS,Sym-HS,9,,25.68549399
233,Snap-1511.czi,29335.246,821.125,209,2194,0,65535,Tentacle Area,0,Tentacle,,,5,A5,Sym,HS,Sym-HS,9,,0
234,Snap-1510.czi,10105.275,1866.299,1187,3625,1187,65535,Symbiont Area,34.448,Tentacle,,,5,A5,Sym,HS,Sym-HS,9,,34.447555
235,Snap-1514.czi,32313.096,722.245,343,3416,0,65535,Tentacle Area,0,Pedal disc,,,5,A6,Sym,HS,Sym-HS,9,,0
236,Snap-1513.czi,2912.767,1234.386,714,3772,714,65535,Symbiont Area,9.014,Pedal disc,,,5,A6,Sym,HS,Sym-HS,9,,9.014199692
237,Snap-1516.czi,17981.271,492.237,324,2867,0,65535,Tentacle Area,0,Pedal disc,,,5,B2,Sym,HS,Sym-HS,9,,0
238,Snap-1515.czi,458.613,1548.447,820,3794,820,65535,Symbiont Area,2.551,Pedal disc,,,5,B2,Sym,HS,Sym-HS,9,,2.550503799
239,Snap-1518.czi,28570.458,873.566,383,3205,0,65535,Tentacle Area,0,Pedal disc,,,5,B3,Sym,HS,Sym-HS,9,,0
240,Snap-1517.czi,3189.535,1568.605,874,3884,874,65535,Symbiont Area,11.164,Pedal disc,,,5,B3,Sym,HS,Sym-HS,9,,11.16375173
241,Snap-1520.czi,26459.453,1380.777,308,3111,0,65535,Tentacle Area,0,Pedal disc,,,5,B5,Sym,HS,Sym-HS,9,,0
242,Snap-1519.czi,8452.668,786.663,494,2281,494,65535,Symbiont Area,31.946,Pedal disc,,,5,B5,Sym,HS,Sym-HS,9,,31.94573977
243,Snap-1522.czi,26468.967,961.85,501,2731,0,65535,Tentacle Area,0,Pedal disc,,,5,C2,Sym,HS,Sym-HS,9,,0
244,Snap-1521.czi,4144.601,1272.634,747,3441,747,65535,Symbiont Area,15.658,Pedal disc,,,5,C2,Sym,HS,Sym-HS,9,,15.65834058
245,Snap-1526.czi,10789.844,946.738,278,2795,0,65535,Tentacle Area,0,Tentacle,,,5,C2,Sym,HS,Sym-HS,9,,0
246,Snap-1523.czi,3468.898,1958.186,1332,3747,1332,65535,Symbiont Area,32.15,Tentacle,,,5,C2,Sym,HS,Sym-HS,9,,32.14965851
247,Snap-1528.czi,23388.193,785.814,396,3322,0,65535,Tentacle Area,0,Pedal disc,,,5,C4,Sym,HS,Sym-HS,9,,0
248,Snap-1527.czi,4892.307,759.578,462,3211,462,65535,Symbiont Area,20.918,Pedal disc,,,5,C4,Sym,HS,Sym-HS,9,,20.91784945
249,Snap-1530.czi,34384.316,273.386,155,967,0,65535,Tentacle Area,0,Pedal disc,,,5,C5,Sym,HS,Sym-HS,9,,0
250,Snap-1529.czi,4902.253,1216.753,711,3516,711,65535,Symbiont Area,14.257,Pedal disc,,,5,C5,Sym,HS,Sym-HS,9,,14.25723577
251,Snap-1532.czi,66977.207,531.736,128,2154,0,65535,Tentacle Area,0,Pedal disc,,,5,D2,Sym,HS,Sym-HS,9,,0
252,Snap-1531.czi,9292.918,1262.442,732,3848,732,65535,Symbiont Area,13.875,Pedal disc,,,5,D2,Sym,HS,Sym-HS,9,,13.87474697
253,Snap-1536.czi,5690.826,602.863,367,1866,0,65535,Tentacle Area,0,Tentacle,,,5,D2,Sym,HS,Sym-HS,9,,0
254,Snap-1533.czi,2961.201,1259.168,794,2467,794,65535,Symbiont Area,52.035,Tentacle,,,5,D2,Sym,HS,Sym-HS,9,,52.03464313
255,Snap-1535.czi,12192.928,521.384,192,1782,0,65535,Tentacle Area,0,Tentacle,,,5,D2,Sym,HS,Sym-HS,9,,0
256,Snap-1534.czi,4476.722,1169.824,764,2697,764,65535,Symbiont Area,36.716,Tentacle,,,5,D2,Sym,HS,Sym-HS,9,,36.71572571
257,Snap-1538.czi,40711.708,264.944,88,1915,0,65535,Tentacle Area,0,Pedal disc,,,5,D3,Sym,HS,Sym-HS,9,,0
258,Snap-1537.czi,6540.806,816.172,489,3639,489,65535,Symbiont Area,16.066,Pedal disc,,,5,D3,Sym,HS,Sym-HS,9,,16.06615473
259,Snap-1540.czi,24577.647,353.259,168,1948,0,65535,Tentacle Area,0,Pedal disc,,,5,D4,Sym,HS,Sym-HS,9,,0
260,Snap-1539.czi,2509.507,1678.341,973,3763,973,65535,Symbiont Area,10.211,Pedal disc,,,5,D4,Sym,HS,Sym-HS,9,,10.21052585
261,Snap-1542.czi,14006.407,327.569,183,2219,0,65535,Tentacle Area,0,Pedal disc,,,5,D4,Sym,HS,Sym-HS,9,,0
262,Snap-1541.czi,2595.349,1236.175,762,3400,762,65535,Symbiont Area,18.53,Pedal disc,,,5,D4,Sym,HS,Sym-HS,9,,18.52972715
263,Snap-1544.czi,61135.456,146.934,46,1901,0,65535,Tentacle Area,0,Pedal disc,,,5,D5,Sym,HS,Sym-HS,9,,0
264,Snap-1543.czi,16251.255,738.655,463,2491,463,65535,Symbiont Area,26.582,Pedal disc,,,5,D5,Sym,HS,Sym-HS,9,,26.58237308
265,Snap-1446.czi,59097.968,616.195,192,2547,0,65535,Tentacle Area,0,Pedal disc,dead,,6,A1,Sym,HS,Sym-HS,9,,0
266,Snap-1445.czi,3623.282,1123.7,615,3946,615,65535,Symbiont Area,6.131,Pedal disc,dead,,6,A1,Sym,HS,Sym-HS,9,,6.130975603
267,Snap-1448.czi,20026.759,578.648,293,1663,0,65535,Tentacle Area,0,Pedal disc,,,6,A2,Sym,HS,Sym-HS,9,,0
268,Snap-1447.czi,3754.315,1212.196,714,3434,714,65535,Symbiont Area,18.746,Pedal disc,,,6,A2,Sym,HS,Sym-HS,9,,18.74649313
269,Snap-1451.czi,14012.461,806.595,273,2218,0,65535,Tentacle Area,0,Tentacle,beautiful sample,,6,A2,Sym,HS,Sym-HS,9,,0
270,Snap-1450.czi,5682.393,1878.54,1211,3924,1211,65535,Symbiont Area,40.552,Tentacle,beautiful sample,,6,A2,Sym,HS,Sym-HS,9,,40.55242687
271,Snap-1452.czi,9166.859,819.783,420,1848,0,65535,Tentacle Area,0,Tentacle,beautiful sample,,6,A2,Sym,HS,Sym-HS,9,,0
272,Snap-1449.czi,2728.111,1977.524,1181,3900,1181,65535,Symbiont Area,29.761,Tentacle,beautiful sample,,6,A2,Sym,HS,Sym-HS,9,,29.76058648
273,Snap-1454.czi,53788.78,999.503,253,3710,0,65535,Tentacle Area,0,Pedal disc,,,6,A5,Sym,HS,Sym-HS,9,,0
274,Snap-1453.czi,5807.371,897.861,506,3968,506,65535,Symbiont Area,10.797,Pedal disc,,,6,A5,Sym,HS,Sym-HS,9,,10.79662153
275,Snap-1456.czi,15337.704,778.878,0,4005,0,65535,Tentacle Area,0,Tentacle,,,6,A5,Sym,HS,Sym-HS,9,,0
276,Snap-1455.czi,3849.67,2015.667,1176,4015,1176,65535,Symbiont Area,25.099,Tentacle,,,6,A5,Sym,HS,Sym-HS,9,,25.09938906
277,Snap-1460.czi,104112.986,455.335,173,1234,0,65535,Tentacle Area,25.099,Pedal disc,,,6,B2,Sym,HS,Sym-HS,9,,0
278,Snap-1459.czi,17066.639,1015.973,600,3680,600,65535,Symbiont Area,16.392,Pedal disc,,,6,B2,Sym,HS,Sym-HS,9,,16.39242102
279,Snap-1463.czi,39940.433,781.893,277,2101,0,65535,Tentacle Area,0,Tentacle,,,6,B2,Sym,HS,Sym-HS,9,,0
280,Snap-1461.czi,12758.356,1337.107,821,3778,821,65535,Symbiont Area,31.943,Tentacle,,,6,B2,Sym,HS,Sym-HS,9,,31.9434594
281,Snap-1472.czi,9487.088,622.783,247,1434,0,65535,Tentacle Area,25.845,Pedal disc,,,6,B5,Sym,HS,Sym-HS,9,,0
282,Snap-1471.czi,669.865,2241.988,1272,3797,1272,65535,Symbiont Area,7.061,Pedal disc,,,6,B5,Sym,HS,Sym-HS,9,,7.060807278
283,Snap-1474.czi,112220.775,542.235,218,3601,0,65535,Tentacle Area,0,Body column,great images of body collumn and tentacles,,6,C2,Sym,HS,Sym-HS,9,,0
284,Snap-1473.czi,17391.409,872.607,512,3212,512,65535,Symbiont Area,15.497,Body column,great images of body collumn and tentacles,,6,C2,Sym,HS,Sym-HS,9,,15.497495
285,Snap-1476.czi,57618.557,673.042,135,3561,0,65535,Tentacle Area,0,Tentacle,great images of body collumn and tentacles,,6,C2,Sym,HS,Sym-HS,9,,0
286,Snap-1475.czi,20204.929,1420.282,893,3476,893,65535,Symbiont Area,35.067,Tentacle,great images of body collumn and tentacles,,6,C2,Sym,HS,Sym-HS,9,,35.06670429
287,Snap-1480.czi,23473.602,857.358,349,2995,0,65535,Tentacle Area,0,Tentacle,great images of body collumn and tentacles,,6,C2,Sym,HS,Sym-HS,9,,0
288,Snap-1477.czi,9018.312,1597.835,1111,3497,1111,65535,Symbiont Area,38.419,Tentacle,great images of body collumn and tentacles,,6,C2,Sym,HS,Sym-HS,9,,38.41895249
289,Snap-1479.czi,47268.731,647.386,244,3767,0,65535,Tentacle Area,0,Tentacle,great images of body collumn and tentacles,,6,C2,Sym,HS,Sym-HS,9,,0
290,Snap-1478.czi,14339.177,1268.616,794,3380,794,65535,Symbiont Area,30.335,Tentacle,great images of body collumn and tentacles,,6,C2,Sym,HS,Sym-HS,9,,30.33543888
291,Snap-1482.czi,40365.964,602.864,286,1392,0,65535,Tentacle Area,0,Body column,,,6,C4,Sym,HS,Sym-HS,9,,0
292,Snap-1481.czi,5166.696,1065.661,613,3590,613,65535,Symbiont Area,12.8,Body column,,,6,C4,Sym,HS,Sym-HS,9,,12.79963486
293,Snap-1486.czi,15251.43,844.735,331,2952,0,65535,Tentacle Area,0,Tentacle,,,6,C4,Sym,HS,Sym-HS,9,,0
294,Snap-1483.czi,1979.972,1412.476,820,3897,820,65535,Symbiont Area,12.982,Tentacle,,,6,C4,Sym,HS,Sym-HS,9,,12.9822056
295,Snap-1485.czi,13760.775,520.819,177,1542,0,65535,Tentacle Area,0,Tentacle,,,6,C4,Sym,HS,Sym-HS,9,,0
296,Snap-1484.czi,3339.163,1596.443,980,3916,980,65535,Symbiont Area,24.266,Tentacle,,,6,C4,Sym,HS,Sym-HS,9,,24.26580625
297,Snap-1488.czi,14925.579,586.589,234,2158,0,65535,Tentacle Area,0,Pedal disc,,,6,C4,Sym,HS,Sym-HS,9,,0
298,Snap-1487.czi,1928.943,1647.132,967,3749,967,65535,Symbiont Area,12.924,Pedal disc,,,6,C4,Sym,HS,Sym-HS,9,,12.92373984
299,Snap-1490.czi,3922.754,925.283,268,2253,0,65535,Tentacle Area,0,Tentacle,,,6,C4,Sym,HS,Sym-HS,9,,0
300,Snap-1489.czi,1015.825,1732.994,1016,3954,1016,65535,Symbiont Area,25.896,Tentacle,,,6,C4,Sym,HS,Sym-HS,9,,25.89571
301,Snap-1492.czi,31585.716,562.394,229,2645,0,65535,Tentacle Area,0,Body column,,,6,D1,Sym,HS,Sym-HS,9,,0
302,Snap-1491.czi,1324.162,1347.643,750,3826,750,65535,Symbiont Area,4.192,Body column,,,6,D1,Sym,HS,Sym-HS,9,,4.192281093
303,Snap-1494.czi,18161.386,622.895,233,2018,0,65535,Tentacle Area,0,Tentacle,,,6,D1,Sym,HS,Sym-HS,9,,0
304,Snap-1493.czi,1186.21,1030.466,581,3907,581,65535,Symbiont Area,6.531,Tentacle,,,6,D1,Sym,HS,Sym-HS,9,,6.531494898
305,Snap-1496.czi,48468.131,760.653,371,2823,0,65535,Tentacle Area,0,Pedal disc,,,6,D2,Sym,HS,Sym-HS,9,,0
306,Snap-1495.czi,5291.674,1262.219,729,3322,729,65535,Symbiont Area,10.918,Pedal disc,,,6,D2,Sym,HS,Sym-HS,9,,10.91784208
307,Snap-1497.czi,6325.23,1764.283,175,3695,0,65535,Tentacle Area,0,Tentacle,,,6,D2,Sym,HS,Sym-HS,9,,0
308,Snap-1497.czi,3476.249,2132.726,1472,3552,1472,65535,Symbiont Area,54.958,Tentacle,,,6,D2,Sym,HS,Sym-HS,9,,54.95846001
309,Snap-1585.czi,90051.658,440.725,94,1476,0,65535,Tentacle Area,0,Pedal disc,,,1,A1,Sym,Control,Sym-Control,11,,0
310,Snap-1584.czi,20362.989,926.163,547,3985,547,65535,Symbiont Area,22.613,Pedal disc,,,1,A1,Sym,Control,Sym-Control,11,,22.61256422
311,Snap-1589.czi,61799.7,604.354,159,3062,0,65535,Tentacle Area,0,Tentacle,,,1,A1,Sym,Control,Sym-Control,11,,0
312,Snap-1588.czi,9614.228,1187.43,742,3119,742,65535,Symbiont Area,15.557,Tentacle,,,1,A1,Sym,Control,Sym-Control,11,,15.55707876
313,Snap-1593.czi,38638.759,339.91,154,1320,0,65535,Tentacle Area,0,Pedal disc,,,1,A2,Sym,Control,Sym-Control,11,,0
314,Snap-1592.czi,8289.634,423.938,257,2975,257,65535,Symbiont Area,21.454,Pedal disc,,,1,A2,Sym,Control,Sym-Control,11,,21.45419318
315,Snap-1595.czi,25907.647,356.844,141,1621,0,65535,Tentacle Area,0,Tentacle,,,1,A2,Sym,Control,Sym-Control,11,,0
316,Snap-1594.czi,7099.099,1493.014,937,2939,937,65535,Symbiont Area,27.402,Tentacle,,,1,A2,Sym,Control,Sym-Control,11,,27.40155831
317,Snap-1597.czi,18492.427,376.764,135,1540,0,65535,Tentacle Area,0,Tentacle,,,1,A2,Sym,Control,Sym-Control,11,,0
318,Snap-1596.czi,5827.48,1722.621,1134,3454,1134,65535,Symbiont Area,31.513,Tentacle,,,1,A2,Sym,Control,Sym-Control,11,,31.5127917
319,Snap-1599.czi,38840.713,286.738,136,2490,0,65535,Tentacle Area,0,Pedal disc,,,1,A3,Sym,Control,Sym-Control,11,,0
320,Snap-1598.czi,11253.863,867.987,528,2292,528,65535,Symbiont Area,28.974,Pedal disc,,,1,A3,Sym,Control,Sym-Control,11,,28.97439859
321,Snap-1601.czi,63298.788,507.17,135,2959,0,65535,Tentacle Area,0,Pedal disc,,,1,A4,Sym,Control,Sym-Control,11,,0
322,Snap-1600.czi,16887.821,802.917,491,3210,491,65535,Symbiont Area,26.68,Pedal disc,,,1,A4,Sym,Control,Sym-Control,11,,26.67953295
323,Snap-1603.czi,68022.439,451.457,77,3174,0,65535,Tentacle Area,0,Tentacle,,,1,A4,Sym,Control,Sym-Control,11,,0
324,Snap-1602.czi,5008.42,1968.598,1152,3255,1152,65535,Symbiont Area,7.363,Tentacle,,,1,A4,Sym,Control,Sym-Control,11,,7.362893883
325,Snap-1605.czi,17505.36,435.977,86,1580,0,65535,Tentacle Area,0,Tentacle,,,1,A4,Sym,Control,Sym-Control,11,,0
326,Snap-1604.czi,4554.996,2237.032,1400,3849,1400,65535,Symbiont Area,26.021,Tentacle,,,1,A4,Sym,Control,Sym-Control,11,,26.02057884
327,Snap-1607.czi,9274.971,499.372,243,1625,0,65535,Tentacle Area,0,Tentacle,,,1,A4,Sym,Control,Sym-Control,11,,0
328,Snap-1606.czi,3268.025,2536.766,1593,3621,1593,65535,Symbiont Area,35.235,Tentacle,,,1,A4,Sym,Control,Sym-Control,11,,35.23488106
329,Snap-1609.czi,40767.278,607.414,186,2221,0,65535,Tentacle Area,0,Tentacle,,,1,A4,Sym,Control,Sym-Control,11,,0
330,Snap-1608.czi,13192.103,1389.927,875,3289,875,65535,Symbiont Area,32.36,Tentacle,,,1,A4,Sym,Control,Sym-Control,11,,32.35953845
331,Snap-1611.czi,30091.168,631.379,178,2641,0,65535,Tentacle Area,0,Tentacle,,,1,A4,Sym,Control,Sym-Control,11,,0
332,Snap-1610.czi,6318.094,1724.71,1035,3422,1035,65535,Symbiont Area,20.997,Tentacle,,,1,A4,Sym,Control,Sym-Control,11,,20.99650635
333,Snap-1613.czi,14745.896,344.463,147,2019,0,65535,Tentacle Area,0,Pedal disc,,,1,A4,Sym,Control,Sym-Control,11,,0
334,Snap-1612.czi,5728.233,1018.49,652,2426,652,65535,Symbiont Area,38.846,Pedal disc,,,1,A4,Sym,Control,Sym-Control,11,,38.84628645
335,Snap-1615.czi,75625.559,467.722,135,1524,0,65535,Tentacle Area,0,Body column,,,1,A5,Sym,Control,Sym-Control,11,,0
336,Snap-1614.czi,19965.568,628.292,385,2913,385,65535,Symbiont Area,26.401,Body column,,,1,A5,Sym,Control,Sym-Control,11,,26.40055593
337,Snap-1617.czi,122004.091,462.753,149,2000,0,65535,Tentacle Area,0,Body column,,,1,A6,Sym,Control,Sym-Control,11,,0
338,Snap-1616.czi,30767.088,874.872,551,3169,551,65535,Symbiont Area,25.218,Body column,,,1,A6,Sym,Control,Sym-Control,11,,25.21807896
339,Snap-1619.czi,29865.429,274.525,124,737,0,65535,Tentacle Area,0,Tentacle,,,1,A6,Sym,Control,Sym-Control,11,,0
340,Snap-1618.czi,11242.619,1052.733,665,2576,665,65535,Symbiont Area,37.644,Tentacle,,,1,A6,Sym,Control,Sym-Control,11,,37.64425751
341,Snap-1621.czi,52353.262,594.999,185,2702,0,65535,Tentacle Area,0,Tentacle,,,1,A6,Sym,Control,Sym-Control,11,,0
342,Snap-1620.czi,9798.668,1553.922,978,3561,978,65535,Symbiont Area,18.716,Tentacle,,,1,A6,Sym,Control,Sym-Control,11,,18.71644216
343,Snap-1623.czi,39408.952,265.84,122,1737,0,65535,Tentacle Area,0,Pedal disc,,,1,B1,Sym,Control,Sym-Control,11,,0
344,Snap-1622.czi,10482.372,498.927,316,2362,316,65535,Symbiont Area,26.599,Pedal disc,,,1,B1,Sym,Control,Sym-Control,11,,26.59896158
345,Snap-1625.czi,58629.625,452.315,163,1906,0,65535,Tentacle Area,0,Body column,,,1,B3,Sym,Control,Sym-Control,11,,0
346,Snap-1624.czi,14373.124,713.162,430,2217,430,65535,Symbiont Area,24.515,Body column,,,1,B3,Sym,Control,Sym-Control,11,,24.51512183
347,Snap-1627.czi,52679.329,199.626,68,1836,0,65535,Tentacle Area,0,Pedal disc,,,1,B4,Sym,Control,Sym-Control,11,,0
348,Snap-1626.czi,13460.006,799.825,486,2298,486,65535,Symbiont Area,25.551,Pedal disc,,,1,B4,Sym,Control,Sym-Control,11,,25.55083038
349,Snap-1629.czi,17280.918,432.645,218,2694,0,65535,Tentacle Area,0,Pedal disc,,,1,B5,Sym,Control,Sym-Control,11,,0
350,Snap-1628.czi,5921.105,767.433,498,2121,498,65535,Symbiont Area,34.264,Pedal disc,,,1,B5,Sym,Control,Sym-Control,11,,34.26383367
351,Snap-1631.czi,39240.945,290.622,131,2321,0,65535,Tentacle Area,0,Body column,,,1,C1,Sym,Control,Sym-Control,11,,0
352,Snap-1630.czi,11755.505,626.815,381,2033,381,65535,Symbiont Area,29.957,Body column,,,1,C1,Sym,Control,Sym-Control,11,,29.95724237
353,Snap-1633.czi,53829.646,420.565,108,3125,0,65535,Tentacle Area,0,Body column,,,1,C2,Sym,Control,Sym-Control,11,,0
354,Snap-1632.czi,19743.505,939.769,577,2717,577,65535,Symbiont Area,36.678,Body column,,,1,C2,Sym,Control,Sym-Control,11,,36.67775374
355,Snap-1638.czi,82359.67,388.938,102,2320,0,65535,Tentacle Area,17.716,Pedal disc,,,1,C4,Sym,Control,Sym-Control,11,,0
356,Snap-1637.czi,25905.485,1033.317,632,2828,632,65535,Symbiont Area,31.454,Pedal disc,,,1,C4,Sym,Control,Sym-Control,11,,31.45409033
357,Snap-1640.czi,150834.235,535.673,120,2896,0,65535,Tentacle Area,0,Body column,,,1,C6,Sym,Control,Sym-Control,11,,0
358,Snap-1639.czi,45557.31,640.813,402,2727,402,65535,Symbiont Area,30.204,Body column,,,1,C6,Sym,Control,Sym-Control,11,,30.20356088
359,Snap-1642.czi,9738.125,784.905,233,3447,0,65535,Tentacle Area,0,Tentacle,,,1,C6,Sym,Control,Sym-Control,11,,0
360,Snap-1641.czi,3670.419,1930.855,1133,3472,1133,65535,Symbiont Area,37.691,Tentacle,,,1,C6,Sym,Control,Sym-Control,11,,37.69122906
361,Snap-1644.czi,128459.489,420.108,103,2949,0,65535,Tentacle Area,0,Pedal disc,,,1,D1,Sym,Control,Sym-Control,11,,0
362,Snap-1643.czi,29071.235,941.172,565,2827,565,65535,Symbiont Area,22.631,Pedal disc,,,1,D1,Sym,Control,Sym-Control,11,,22.63066374
363,Snap-1646.czi,94383.294,270.928,106,1422,0,65535,Tentacle Area,0,Body column,,,1,D2,Sym,Control,Sym-Control,11,,0
364,Snap-1645.czi,29124.21,629.552,394,1957,394,65535,Symbiont Area,30.857,Body column,,,1,D2,Sym,Control,Sym-Control,11,,30.85737821
365,Snap-1648.czi,87041.59,321.662,85,2997,0,65535,Tentacle Area,0,Tentacle,,,1,D2,Sym,Control,Sym-Control,11,,0
366,Snap-1647.czi,40378.073,1063.076,690,2627,690,65535,Symbiont Area,46.389,Tentacle,,,1,D2,Sym,Control,Sym-Control,11,,46.38940189
367,Snap-1650.czi,90396.321,361.869,108,3155,0,65535,Tentacle Area,0,Tentacle,,,1,D2,Sym,Control,Sym-Control,11,,0
368,Snap-1649.czi,23375.22,1402.032,881,2809,881,65535,Symbiont Area,25.859,Tentacle,,,1,D2,Sym,Control,Sym-Control,11,,25.85859661
369,Snap-1652.czi,5447.14,302.714,161,756,0,65535,Tentacle Area,0,Tentacle,,,1,D2,Sym,Control,Sym-Control,11,,0
370,Snap-1651.czi,2020.623,1870.276,1094,2817,1094,65535,Symbiont Area,37.095,Tentacle,,,1,D2,Sym,Control,Sym-Control,11,,37.0951178
371,Snap-1654.czi,42437.616,1545.382,371,2644,0,65535,Tentacle Area,0,Pedal disc,,,1,D4,Sym,Control,Sym-Control,11,,0
372,Snap-1653.czi,1401.354,1934.064,1036,4008,1036,65535,Symbiont Area,3.302,Pedal disc,,,1,D4,Sym,Control,Sym-Control,11,,3.30215062
373,Snap-1656.czi,65913.164,361.727,138,1157,0,65535,Tentacle Area,0,Pedal disc,,,2,A1,Sym,Control,Sym-Control,11,,0
374,Snap-1655.czi,16059.247,584.133,346,3395,346,65535,Symbiont Area,24.364,Pedal disc,,,2,A1,Sym,Control,Sym-Control,11,,24.36424839
375,Snap-1658.czi,27991.84,424.448,100,2413,0,65535,Tentacle Area,0,Body column,,,2,A2,Sym,Control,Sym-Control,11,,0
376,Snap-1657.czi,4799.763,700.28,413,2166,413,65535,Symbiont Area,17.147,Body column,,,2,A2,Sym,Control,Sym-Control,11,,17.14700784
377,Snap-1660.czi,31355.652,374.372,115,2688,0,65535,Tentacle Area,0,Tentacle,,,2,A2,Sym,Control,Sym-Control,11,,0
378,Snap-1659.czi,12487.426,907.171,581,2152,581,65535,Symbiont Area,39.825,Tentacle,,,2,A2,Sym,Control,Sym-Control,11,,39.82511989
379,Snap-1662.czi,60170.877,137.845,42,1597,0,65535,Tentacle Area,0,Pedal disc,,,2,A3,Sym,Control,Sym-Control,11,,0
380,Snap-1661.czi,14146.737,833.578,493,2547,493,65535,Symbiont Area,23.511,Pedal disc,,,2,A3,Sym,Control,Sym-Control,11,,23.51093703
381,Snap-1664.czi,37773.643,148.517,70,1084,0,65535,Tentacle Area,0,Body column,dead,,2,A4,Sym,Control,Sym-Control,11,,0
382,Snap-1663.czi,9254.646,770.643,497,1872,497,65535,Symbiont Area,24.5,Body column,dead,,2,A4,Sym,Control,Sym-Control,11,,24.50027391
383,Snap-1666.czi,23706.477,295.905,173,1784,0,65535,Tentacle Area,0,Pedal disc,,,2,A5,Sym,Control,Sym-Control,11,,0
384,Snap-1665.czi,6172.143,865.51,531,2968,531,65535,Symbiont Area,26.036,Pedal disc,,,2,A5,Sym,Control,Sym-Control,11,,26.03568215
385,Snap-1668.czi,20585.052,369.501,197,2581,0,65535,Tentacle Area,0,Pedal disc,,,2,A6,Sym,Control,Sym-Control,11,,0
386,Snap-1667.czi,6474.641,731.219,481,1966,481,65535,Symbiont Area,31.453,Pedal disc,,,2,A6,Sym,Control,Sym-Control,11,,31.45311948
387,Snap-1670.czi,55341.275,241.608,129,1408,0,65535,Tentacle Area,0,Body column,,,2,B2,Sym,Control,Sym-Control,11,,0
388,Snap-1669.czi,17801.588,691.7,433,2162,433,65535,Symbiont Area,32.167,Body column,,,2,B2,Sym,Control,Sym-Control,11,,32.16692785
389,Snap-1672.czi,33415.195,377.257,186,2741,0,65535,Tentacle Area,0,Tentacle,,,2,B4,Sym,Control,Sym-Control,11,,0
390,Snap-1671.czi,9475.196,697.172,430,2402,430,65535,Symbiont Area,28.356,Tentacle,,,2,B4,Sym,Control,Sym-Control,11,,28.35595004
391,Snap-1674.czi,32839.388,277.61,145,2053,0,65535,Tentacle Area,0,Body column,,,2,B5,Sym,Control,Sym-Control,11,,0
392,Snap-1673.czi,9710.016,673.708,413,2496,413,65535,Symbiont Area,29.568,Body column,,,2,B5,Sym,Control,Sym-Control,11,,29.56820024
393,Snap-1676.czi,67314.302,206.853,87,1563,0,65535,Tentacle Area,0,Body column,,,2,B6,Sym,Control,Sym-Control,11,,0
394,Snap-1675.czi,23272.297,856.794,531,2482,531,65535,Symbiont Area,34.573,Body column,,,2,B6,Sym,Control,Sym-Control,11,,34.57258905
395,Snap-1678.czi,57186.539,197.795,93,1787,0,65535,Tentacle Area,0,Pedal disc,,,2,C1,Sym,Control,Sym-Control,11,,0
396,Snap-1677.czi,20005.353,649.775,401,2479,401,65535,Symbiont Area,34.983,Pedal disc,,,2,C1,Sym,Control,Sym-Control,11,,34.98262589
397,Snap-1680.czi,111172.732,265.092,90,2153,0,65535,Tentacle Area,0,Body column,,,2,C2,Sym,Control,Sym-Control,11,,0
398,Snap-1679.czi,29593.635,453.63,286,2587,286,65535,Symbiont Area,26.62,Body column,,,2,C2,Sym,Control,Sym-Control,11,,26.61950864
399,Snap-1684.czi,106473.731,396.755,98,2505,0,65535,Tentacle Area,0,Pedal disc,,,2,C3,Sym,Control,Sym-Control,11,,0
400,Snap-1683.czi,21010.151,659.486,400,3014,400,65535,Symbiont Area,19.733,Pedal disc,,,2,C3,Sym,Control,Sym-Control,11,,19.73270853
401,Snap-1688.czi,31483.657,218.492,102,976,0,65535,Tentacle Area,0,Pedal disc,,,2,C4,Sym,Control,Sym-Control,11,,0
402,Snap-1687.czi,7723.341,598.35,362,3122,362,65535,Symbiont Area,24.531,Pedal disc,,,2,C4,Sym,Control,Sym-Control,11,,24.5312703
403,Snap-1690.czi,42075.007,145.696,57,856,0,65535,Tentacle Area,0,Pedal disc,,,2,C5,Sym,Control,Sym-Control,11,,0
404,Snap-1689.czi,10469.182,712.549,441,2436,441,65535,Symbiont Area,24.882,Pedal disc,,,2,C4,Sym,Control,Sym-Control,11,,24.88218719
405,Snap-1692.czi,91137.54,151.221,62,1867,0,65535,Tentacle Area,0,Pedal disc,,,2,C6,Sym,Control,Sym-Control,11,,0
406,Snap-1691.czi,17068.585,634.636,381,2231,381,65535,Symbiont Area,18.728,Pedal disc,,,2,C6,Sym,Control,Sym-Control,11,,18.7283802
407,Snap-1694.czi,105009.455,292.892,122,2987,0,65535,Tentacle Area,0,Body column,,,2,D1,Sym,Control,Sym-Control,11,,0
408,Snap-1693.czi,16566.943,880.76,525,2319,525,65535,Symbiont Area,15.777,Body column,,,2,D1,Sym,Control,Sym-Control,11,,15.77662031
409,Snap-1696.czi,34414.371,626.382,223,1663,0,65535,Tentacle Area,0,Tentacle,,,2,D2,Sym,Control,Sym-Control,11,,0
410,Snap-1695.czi,9114.532,819.351,508,2574,508,65535,Symbiont Area,26.485,Tentacle,,,2,D2,Sym,Control,Sym-Control,11,,26.48466828
411,Snap-1698.czi,22838.333,448.441,193,1725,0,65535,Tentacle Area,0,Tentacle,,,2,D2,Sym,Control,Sym-Control,11,,0
412,Snap-1697.czi,8773.762,433.83,278,1255,278,65535,Symbiont Area,38.417,Tentacle,,,2,D2,Sym,Control,Sym-Control,11,,38.41682315
413,Snap-1700.czi,88063.037,465.346,160,1906,0,65535,Tentacle Area,0,Tentacle,thresholding is weird,,2,D2,Sym,Control,Sym-Control,11,,0
414,Snap-1699.czi,5088.423,2044.521,1181,3236,1181,65535,Symbiont Area,5.778,Tentacle,thresholding is weird,,2,D2,Sym,Control,Sym-Control,11,,5.778159797
415,Snap-1702.czi,85580.774,177.054,57,1951,0,65535,Tentacle Area,0,Pedal disc,,,2,D3,Sym,Control,Sym-Control,11,,0
416,Snap-1701.czi,14428.91,719.117,425,2784,425,65535,Symbiont Area,16.86,Pedal disc,,,2,D3,Sym,Control,Sym-Control,11,,16.85999007
417,Snap-1703.czi,28811.981,2053.774,165,3802,0,65535,Tentacle Area,0,Tentacle,,,2,D3,Sym,Control,Sym-Control,11,,0
418,Snap-1703.czi,10428.316,1162.497,755,2579,755,65535,Symbiont Area,36.194,Tentacle,,,2,D3,Sym,Control,Sym-Control,11,,36.19437344
419,Snap-1706.czi,39283.974,338.906,94,2738,0,65535,Tentacle Area,0,Tentacle,,,2,D3,Sym,Control,Sym-Control,11,,0
420,Snap-1705.czi,11737.99,707.54,450,2262,450,65535,Symbiont Area,29.88,Tentacle,,,2,D3,Sym,Control,Sym-Control,11,,29.87984362
421,Snap-1708.czi,16733.437,362.306,125,1535,0,65535,Tentacle Area,0,Tentacle,,,2,D3,Sym,Control,Sym-Control,11,,0
422,Snap-1707.czi,4880.414,1017.31,669,1900,669,65535,Symbiont Area,29.166,Tentacle,,,2,D3,Sym,Control,Sym-Control,11,,29.16564003
423,Snap-1710.czi,70490.864,284.95,97,2615,0,65535,Tentacle Area,0,Body column,,,2,D4,Sym,Control,Sym-Control,11,,0
424,Snap-1709.czi,20608.189,944.786,568,2623,568,65535,Symbiont Area,29.235,Body column,,,2,D4,Sym,Control,Sym-Control,11,,29.23526232
425,Snap-1712.czi,85772.565,368.715,128,2162,0,65535,Tentacle Area,0,Body column,,,2,D5,Sym,Control,Sym-Control,11,,0
426,Snap-1711.czi,19812.264,924.926,562,2628,562,65535,Symbiont Area,23.099,Body column,,,2,D5,Sym,Control,Sym-Control,11,,23.09860268
427,Snap-1714.czi,3097.639,492.775,266,773,0,65535,Tentacle Area,0,Tentacle,,,2,D5,Sym,Control,Sym-Control,11,,0
428,Snap-1713.czi,1056.259,802.394,549,1508,549,65535,Symbiont Area,34.099,Tentacle,,,2,D5,Sym,Control,Sym-Control,11,,34.09884109
429,Snap-1718.czi,41622.664,270.074,141,2338,0,65535,Tentacle Area,0,Body column,,,3,A1,Sym,Control,Sym-Control,11,,0
430,Snap-1717.czi,8382.611,740.668,445,2943,445,65535,Symbiont Area,20.14,Body column,,,3,A1,Sym,Control,Sym-Control,11,,20.13953504
431,Snap-1720.czi,68455.754,190.639,98,892,0,65535,Tentacle Area,0,Pedal disc,,,3,A2,Sym,Control,Sym-Control,11,,0
432,Snap-1719.czi,20584.188,692.561,433,1998,433,65535,Symbiont Area,30.069,Pedal disc,,,3,A2,Sym,Control,Sym-Control,11,,30.06933208
433,Snap-1722.czi,35181.537,739.48,196,3093,0,65535,Tentacle Area,0,Tentacle,,,3,A2,Sym,Control,Sym-Control,11,,0
434,Snap-1721.czi,13682.718,1285.014,881,2868,881,65535,Symbiont Area,38.892,Tentacle,,,3,A2,Sym,Control,Sym-Control,11,,38.89175734
435,Snap-1724.czi,9346.109,616.27,198,2685,0,65535,Tentacle Area,0,Tentacle,,,3,A2,Sym,Control,Sym-Control,11,,0
436,Snap-1723.czi,3670.636,1447.998,978,2778,978,65535,Symbiont Area,39.274,Tentacle,,,3,A2,Sym,Control,Sym-Control,11,,39.2744831
437,Snap-1726.czi,64340.992,317.552,131,2811,0,65535,Tentacle Area,0,Body column,,,3,A4,Sym,Control,Sym-Control,11,,0
438,Snap-1725.czi,13087.883,949.033,558,2464,558,65535,Symbiont Area,20.341,Body column,,,3,A4,Sym,Control,Sym-Control,11,,20.34143801
439,Snap-1728.czi,99756.485,182.596,62,1614,0,65535,Tentacle Area,0,Tentacle,,,3,A5,Sym,Control,Sym-Control,11,,0
440,Snap-1727.czi,21109.831,905.471,549,2279,549,65535,Symbiont Area,21.161,Tentacle,,,3,A5,Sym,Control,Sym-Control,11,,21.16136209
441,Snap-1732.czi,62302.855,170.698,78,699,0,65535,Tentacle Area,0,Pedal disc,,,3,B3,Sym,Control,Sym-Control,11,,0
442,Snap-1731.czi,15418.14,879.818,543,1985,543,65535,Symbiont Area,24.747,Pedal disc,,,3,B3,Sym,Control,Sym-Control,11,,24.74708422
443,Snap-1734.czi,28308.177,193.938,88,562,0,65535,Tentacle Area,0,Body column,,,3,B3,Sym,Control,Sym-Control,11,,0
444,Snap-1733.czi,11152.885,653.141,413,2791,413,65535,Symbiont Area,39.398,Body column,,,3,B3,Sym,Control,Sym-Control,11,,39.39810395
445,Snap-1736.czi,6531.292,328.35,110,1195,0,65535,Tentacle Area,0,Tentacle,,,3,B3,Sym,Control,Sym-Control,11,,0
446,Snap-1735.czi,3491.169,1213.958,777,2958,777,65535,Symbiont Area,53.453,Tentacle,,,3,B3,Sym,Control,Sym-Control,11,,53.45296153
447,Snap-1738.czi,21816.886,417.606,227,3092,0,65535,Tentacle Area,0,Pedal disc,,,3,B5,Sym,Control,Sym-Control,11,,0
448,Snap-1737.czi,6731.517,1409.87,863,2950,863,65535,Symbiont Area,30.855,Pedal disc,,,3,B5,Sym,Control,Sym-Control,11,,30.85461876
449,Snap-1740.czi,11284.999,524.708,284,3019,0,65535,Tentacle Area,0,Pedal disc,,,3,C2,Sym,Control,Sym-Control,11,,0
450,Snap-1739.czi,5769.099,1395.338,973,2987,973,65535,Symbiont Area,51.122,Pedal disc,,,3,C2,Sym,Control,Sym-Control,11,,51.12183882
451,Snap-1742.czi,30656.38,312.419,153,2540,0,65535,Tentacle Area,0,Pedal disc,,,3,C3,Sym,Control,Sym-Control,11,,0
452,Snap-1741.czi,8706.3,963.911,600,3527,600,65535,Symbiont Area,28.4,Pedal disc,,,3,C3,Sym,Control,Sym-Control,11,,28.39963492
453,Snap-1744.czi,13135.669,493.724,280,3096,0,65535,Tentacle Area,0,Pedal disc,,,3,C5,Sym,Control,Sym-Control,11,,0
454,Snap-1743.czi,7426.896,1715.537,1086,3240,1086,65535,Symbiont Area,56.54,Pedal disc,,,3,C5,Sym,Control,Sym-Control,11,,56.53991434
455,Snap-1746.czi,33032.261,307.138,121,2482,0,65535,Tentacle Area,0,Pedal disc,,,3,C6,Sym,Control,Sym-Control,11,,0
456,Snap-1745.czi,7478.358,734.907,458,2406,458,65535,Symbiont Area,22.64,Pedal disc,,,3,C6,Sym,Control,Sym-Control,11,,22.63955834
457,Snap-1748.czi,19565.768,422.276,229,2628,0,65535,Tentacle Area,0,Pedal disc,,,3,D1,Sym,Control,Sym-Control,11,,0
458,Snap-1747.czi,8605.755,1269.114,825,2691,825,65535,Symbiont Area,43.984,Pedal disc,,,3,D1,Sym,Control,Sym-Control,11,,43.9837322
459,Snap-1750.czi,138312.43,300.164,72,2587,0,65535,Tentacle Area,0,Pedal disc,,,3,D2,Sym,Control,Sym-Control,11,,0
460,Snap-1749.czi,41128.806,775.016,478,2834,478,65535,Symbiont Area,29.736,Pedal disc,,,3,D2,Sym,Control,Sym-Control,11,,29.73616037
461,Snap-1752.czi,142551.953,281.877,72,2784,0,65535,Tentacle Area,0,Pedal disc,,,3,D2,Sym,Control,Sym-Control,11,,0
462,Snap-1751.czi,42444.319,845.343,521,2578,521,65535,Symbiont Area,29.775,Pedal disc,,,3,D2,Sym,Control,Sym-Control,11,,29.77463171
463,Snap-1756.czi,22781.898,261.155,137,2442,0,65535,Tentacle Area,0,Pedal disc,,,3,D4,Sym,Control,Sym-Control,11,,0
464,Snap-1755.czi,8256.768,992.153,608,2838,608,65535,Symbiont Area,36.243,Pedal disc,,,3,D4,Sym,Control,Sym-Control,11,,36.24266951
465,Snap-1758.czi,43808.915,258.415,114,2359,0,65535,Tentacle Area,0,Pedal disc,,,3,D5,Sym,Control,Sym-Control,11,,0
466,Snap-1757.czi,14774.222,704.265,442,1848,442,65535,Symbiont Area,33.724,Pedal disc,,,3,D5,Sym,Control,Sym-Control,11,,33.72423627
467,Snap-1760.czi,45625.205,233.173,70,2002,0,65535,Tentacle Area,0,Body column,,,3,D6,Sym,Control,Sym-Control,11,,0
468,Snap-1759.czi,10903.362,841.424,514,2989,514,65535,Symbiont Area,23.898,Body column,,,4,D6,Sym,HS,Sym-HS,11,,23.89767235
469,Snap-1762.czi,10406.044,497.677,256,1757,0,65535,Tentacle Area,0,Pedal disc,,,4,A3,Sym,HS,Sym-HS,11,,0
470,Snap-1761.czi,4021.353,1239.753,792,2572,792,65535,Symbiont Area,38.644,Pedal disc,,,4,A3,Sym,HS,Sym-HS,11,,38.64439743
471,Snap-1764.czi,23157.914,431.283,188,2837,0,65535,Tentacle Area,0,Pedal disc,,,4,A4,Sym,HS,Sym-HS,11,,0
472,Snap-1763.czi,8383.908,1218.508,781,3993,781,65535,Symbiont Area,36.203,Pedal disc,,,4,A4,Sym,HS,Sym-HS,11,,36.20320898
473,Snap-1766.czi,22932.175,306.053,150,1786,0,65535,Tentacle Area,0,Pedal disc,,,4,A6,Sym,HS,Sym-HS,11,,0
474,Snap-1765.czi,4943.552,1226.69,693,3120,693,65535,Symbiont Area,21.557,Pedal disc,,,4,A6,Sym,HS,Sym-HS,11,,21.55727488
475,Snap-1768.czi,18817.413,245.642,116,1543,0,65535,Tentacle Area,0,Pedal disc,,,4,B3,Sym,HS,Sym-HS,11,,0
476,Snap-1767.czi,4319.743,1120.626,684,2917,684,65535,Symbiont Area,22.956,Pedal disc,,,4,B3,Sym,HS,Sym-HS,11,,22.95609391
477,Snap-1770.czi,13077.937,359.725,186,2628,0,65535,Tentacle Area,0,Pedal disc,,,4,C3,Sym,HS,Sym-HS,11,,0
478,Snap-1769.czi,5696.88,1408.81,927,3078,927,65535,Symbiont Area,43.561,Pedal disc,,,4,C3,Sym,HS,Sym-HS,11,,43.56099896
479,Snap-1771.czi,49157.024,1004.868,506,2556,0,65535,Tentacle Area,0,Pedal disc,,,4,C5,Sym,HS,Sym-HS,11,,0
480,Snap-1772.czi,3769.45,1066.048,582,3904,582,65535,Symbiont Area,7.668,Pedal disc,,,4,C5,Sym,HS,Sym-HS,11,,7.668181866
481,Snap-1774.czi,20055.734,205.648,111,623,0,65535,Tentacle Area,0,Pedal disc,,,4,D3,Sym,HS,Sym-HS,11,,0
482,Snap-1773.czi,5702.069,913.219,552,2061,552,65535,Symbiont Area,28.431,Pedal disc,,,4,D3,Sym,HS,Sym-HS,11,,28.43111601
483,Snap-1776.czi,11510.954,344.82,154,1551,0,65535,Tentacle Area,0,Body column,,,4,D3,Sym,HS,Sym-HS,11,,0
484,Snap-1775.czi,3086.179,1129.261,678,2769,678,65535,Symbiont Area,26.811,Body column,,,4,D3,Sym,HS,Sym-HS,11,,26.81080126
485,Snap-1778.czi,5268.755,405.129,167,1203,0,65535,Tentacle Area,0,Tentacle,,,4,D3,Sym,HS,Sym-HS,11,,0
486,Snap-1777.czi,1850.67,1993.156,1179,3849,1179,65535,Symbiont Area,35.125,Tentacle,,,4,D3,Sym,HS,Sym-HS,11,,35.12537592
487,Snap-1780.czi,36646.245,442.496,188,3028,0,65535,Tentacle Area,0,Pedal disc,,,4,D4,Sym,HS,Sym-HS,11,,0
488,Snap-1779.czi,6618.863,719.009,430,3143,430,65535,Symbiont Area,18.062,Pedal disc,,,4,D4,Sym,HS,Sym-HS,11,,18.06150398
489,Snap-1782.czi,38321.773,434.02,205,2380,0,65535,Tentacle Area,0,Pedal disc,,,4,D5,Sym,HS,Sym-HS,11,,0
490,Snap-1781.czi,2761.193,1485.614,824,3064,824,65535,Symbiont Area,7.205,Pedal disc,,,4,D5,Sym,HS,Sym-HS,11,,7.2052851
491,Snap-1784.czi,28521.807,471.968,180,2889,0,65535,Tentacle Area,0,Pedal disc,,,4,D6,Sym,HS,Sym-HS,11,,0
492,Snap-1783.czi,5218.59,218.427,126,3830,126,65535,Symbiont Area,18.297,Pedal disc,,,4,D6,Sym,HS,Sym-HS,11,,18.29684213
493,Snap-1785.czi,53640.233,465.383,188,2482,0,65535,Tentacle Area,0,Pedal disc,,,5,A3,Sym,HS,Sym-HS,11,,0
494,Snap-1786.czi,5974.081,463.566,266,3443,266,65535,Symbiont Area,11.137,Pedal disc,,,5,A3,Sym,HS,Sym-HS,11,,11.13731367
495,Snap-1789.czi,63028.074,541.103,165,2921,0,65535,Tentacle Area,0,Pedal disc,,,5,A4,Sym,HS,Sym-HS,11,,0
496,Snap-1788.czi,10760.005,910.732,533,3809,533,65535,Symbiont Area,17.072,Pedal disc,,,5,A4,Sym,HS,Sym-HS,11,,17.07176551
497,Snap-1793.czi,29873.646,440.212,185,2825,0,65535,Tentacle Area,0,Pedal disc,,,5,A6,Sym,HS,Sym-HS,11,,0
498,Snap-1792.czi,3900.699,1114.81,659,3541,659,65535,Symbiont Area,13.057,Pedal disc,,,5,A6,Sym,HS,Sym-HS,11,,13.05732484
499,Snap-1795.czi,19934.215,463.108,261,1427,0,65535,Tentacle Area,0,Pedal disc,,,5,B2,Sym,HS,Sym-HS,11,,0
500,Snap-1794.czi,1816.939,1332.827,732,3603,732,65535,Symbiont Area,9.115,Pedal disc,,,5,B2,Sym,HS,Sym-HS,11,,9.114675446
501,Snap-1797.czi,31494.469,922.723,366,3161,0,65535,Tentacle Area,0,Pedal disc,,,5,B3,Sym,HS,Sym-HS,11,,0
502,Snap-1796.czi,2226.469,1694.14,935,3865,935,65535,Symbiont Area,7.069,Pedal disc,,,5,B3,Sym,HS,Sym-HS,11,,7.069396852
503,Snap-1799.czi,27903.836,336.362,188,2759,0,65535,Tentacle Area,0,Pedal disc,,,5,B5,Sym,HS,Sym-HS,11,,0
504,Snap-1798.czi,7187.968,786.533,493,3003,493,65535,Symbiont Area,25.76,Pedal disc,,,5,B5,Sym,HS,Sym-HS,11,,25.75978443
505,Snap-1801.czi,10921.309,625.668,286,3066,0,65535,Tentacle Area,0,Pedal disc,,,5,C2,Sym,HS,Sym-HS,11,,0
506,Snap-1800.czi,3951.944,1754.904,1057,3647,1057,65535,Symbiont Area,36.186,Pedal disc,,,5,C2,Sym,HS,Sym-HS,11,,36.18562573
507,Snap-1803.czi,21680.881,337.179,174,2460,0,65535,Tentacle Area,0,Pedal disc,,,5,C4,Sym,HS,Sym-HS,11,,0
508,Snap-1802.czi,3315.81,1381.117,824,3088,824,65535,Symbiont Area,15.294,Pedal disc,,,5,C4,Sym,HS,Sym-HS,11,,15.29370509
509,Snap-1805.czi,32209.957,384.118,236,1786,0,65535,Tentacle Area,0,Pedal disc,,,5,C5,Sym,HS,Sym-HS,11,,0
510,Snap-1804.czi,6730.003,758.447,460,3523,460,65535,Symbiont Area,20.894,Pedal disc,,,5,C5,Sym,HS,Sym-HS,11,,20.89416946
511,Snap-1807.czi,37522.389,310.205,129,2560,0,65535,Tentacle Area,0,Pedal disc,,,5,D3,Sym,HS,Sym-HS,11,,0
512,Snap-1806.czi,3701.123,1229.809,707,3685,707,65535,Symbiont Area,9.864,Pedal disc,,,5,D3,Sym,HS,Sym-HS,11,,9.863772267
513,Snap-1809.czi,18335.015,698.735,254,3123,0,65535,Tentacle Area,0,Pedal disc,,,5,D4,Sym,HS,Sym-HS,11,,0
514,Snap-1808.czi,2396.205,1375.879,794,3637,794,65535,Symbiont Area,13.069,Pedal disc,,,5,D4,Sym,HS,Sym-HS,11,,13.06901031
515,Snap-1815.czi,11477.223,365.805,184,1669,0,65535,Tentacle Area,0,Pedal disc,,,6,A2,Sym,HS,Sym-HS,11,,0
516,Snap-1814.czi,5371.029,1762.004,1116,3560,1116,65535,Symbiont Area,46.797,Pedal disc,,,6,A2,Sym,HS,Sym-HS,11,,46.79728711
517,Snap-1819.czi,87323.331,824.147,196,2900,0,65535,Tentacle Area,0,Body column,,,6,B2,Sym,HS,Sym-HS,11,,0
518,Snap-1818.czi,14189.333,958.766,558,3472,558,65535,Symbiont Area,16.249,Body column,,,6,B2,Sym,HS,Sym-HS,11,,16.24918889
519,Snap-1819.czi,30868.065,533.485,148,1962,0,65535,Tentacle Area,0,Tentacle,,,6,B2,Sym,HS,Sym-HS,11,,0
520,Snap-1818.czi,12651.757,1132.716,708,2431,708,65535,Symbiont Area,40.987,Tentacle,,,6,B2,Sym,HS,Sym-HS,11,,40.98655682
521,Snap-1821.czi,21068.099,789.494,208,2487,0,65535,Tentacle Area,0,Tentacle,,,6,B2,Sym,HS,Sym-HS,11,,0
522,Snap-1820.czi,8453.316,1287.376,842,3664,842,65535,Symbiont Area,40.124,Tentacle,,,6,B2,Sym,HS,Sym-HS,11,,40.12377196
523,Snap-1823.czi,10538.59,752.047,234,2638,0,65535,Tentacle Area,0,Tentacle,,,6,B2,Sym,HS,Sym-HS,11,,0
524,Snap-1822.czi,2805.952,1568.061,976,3051,976,65535,Symbiont Area,26.625,Tentacle,,,6,B2,Sym,HS,Sym-HS,11,,26.62549734
525,Snap-1825.czi,35729.668,623.176,201,2681,0,65535,Tentacle Area,0,Body column,,,6,B3,Sym,HS,Sym-HS,11,,0
526,Snap-1824.czi,3584.794,1574.878,871,3802,871,65535,Symbiont Area,10.033,Body column,,,6,B3,Sym,HS,Sym-HS,11,,10.0331019
527,Snap-1827.czi,76421.699,396.693,117,3236,0,65535,Tentacle Area,0,Body column,,,6,C2,Sym,HS,Sym-HS,11,,0
528,Snap-1826.czi,21112.641,1038.195,619,2569,619,65535,Symbiont Area,27.627,Body column,,,6,C2,Sym,HS,Sym-HS,11,,27.62650043
529,Snap-1829.czi,27970.001,425.815,105,1702,0,65535,Tentacle Area,0,Tentacle,,,6,C4,Sym,HS,Sym-HS,11,,0
530,Snap-1828.czi,5185.075,1529.066,897,3700,897,65535,Symbiont Area,18.538,Tentacle,,,6,C4,Sym,HS,Sym-HS,11,,18.53798647
531,Snap-1833.czi,19793.453,683.208,285,3156,0,65535,Tentacle Area,0,Body column,,,6,D1,Sym,HS,Sym-HS,11,,0
532,Snap-1832.czi,836.791,2182.799,1170,3974,1170,65535,Symbiont Area,4.228,Body column,,,6,D1,Sym,HS,Sym-HS,11,,4.22761506
533,Snap-1835.czi,19199.266,324.583,161,1413,0,65535,Tentacle Area,0,Pedal disc,,,6,D2,Sym,HS,Sym-HS,11,,0
534,Snap-1834.czi,5855.157,1056.491,651,2587,651,65535,Symbiont Area,30.497,Pedal disc,,,6,D2,Sym,HS,Sym-HS,11,,30.49677524
741,Snap-02.czi,29127.454,199.189,75,1376,0,65535,Tentacle Area,0,Body column,,,1,A1,Sym,Control,Sym-Control,13,,0
742,Snap-01.czi,8199.901,489.575,297,1178,297,65535,Symbiont Area,28.152,Body column,,,1,A1,Sym,Control,Sym-Control,13,,28.15179452
743,Snap-04.czi,19090.721,656.741,259,2965,0,65535,Tentacle Area,0,Tentacle,,,1,A2,Sym,Control,Sym-Control,13,,0
744,Snap-03.czi,4905.713,1871.537,1234,3513,1234,65535,Symbiont Area,25.697,Tentacle,,,1,A2,Sym,Control,Sym-Control,13,,25.69684508
745,Snap-06.czi,14549.78,531.299,216,1936,0,65535,Tentacle Area,0,Tentacle,,,1,A2,Sym,Control,Sym-Control,13,,0
746,Snap-05.czi,4695.11,1706.46,1094,3041,1094,65535,Symbiont Area,32.269,Tentacle,,,1,A2,Sym,Control,Sym-Control,13,,32.26928517
747,Snap-08.czi,18796.439,539.153,188,2457,0,65535,Tentacle Area,0,Tentacle,,,1,A2,Sym,Control,Sym-Control,13,,0
748,Snap-07.czi,5455.141,1556.134,994,3783,994,65535,Symbiont Area,29.022,Tentacle,,,1,A2,Sym,Control,Sym-Control,13,,29.02220468
749,Snap-10.czi,50639.03,329.485,160,2160,0,65535,Tentacle Area,0,Pedal disc,,,1,A3,Sym,Control,Sym-Control,13,,0
750,Snap-09.czi,17329.569,1131.705,708,2639,708,65535,Symbiont Area,34.222,Pedal disc,,,1,A3,Sym,Control,Sym-Control,13,,34.22176333
751,Snap-12.czi,44342.774,684.806,228,3015,0,65535,Tentacle Area,0,Tentacle,,,1,A4,Sym,Control,Sym-Control,13,,0
752,Snap-11.czi,14031.273,1545.428,963,3449,963,65535,Symbiont Area,31.643,Tentacle,,,1,A4,Sym,Control,Sym-Control,13,,31.64274973
753,Snap-14.czi,10017.272,609.68,368,1615,0,65535,Tentacle Area,0,Tentacle,,,1,A4,Sym,Control,Sym-Control,13,,0
754,Snap-13.czi,2450.478,2275.765,1324,3441,1324,65535,Symbiont Area,24.463,Tentacle,,,1,A4,Sym,Control,Sym-Control,13,,24.46252832
755,Snap-16.czi,23754.262,860.316,332,3006,0,65535,Tentacle Area,0,Tentacle,,,1,A4,Sym,Control,Sym-Control,13,,0
756,Snap-15.czi,12056.274,1563.021,973,3827,973,65535,Symbiont Area,50.754,Tentacle,,,1,A4,Sym,Control,Sym-Control,13,,50.75415098
757,Snap-18.czi,14943.094,509.231,266,3055,0,65535,Tentacle Area,0,Pedal disc,,,1,A4,Sym,Control,Sym-Control,13,,0
758,Snap-17.czi,5711.151,936.444,619,2066,619,65535,Symbiont Area,38.219,Pedal disc,,,1,A4,Sym,Control,Sym-Control,13,,38.21933396
759,Snap-20.czi,25749.587,785.381,222,2915,0,65535,Tentacle Area,0,Tentacle,,,1,A5,Sym,Control,Sym-Control,13,,0
760,Snap-19.czi,11218.402,2138.62,1341,3832,1341,65535,Symbiont Area,43.567,Tentacle,,,1,A5,Sym,Control,Sym-Control,13,,43.56730848
761,Snap-22.czi,6734.544,459.225,240,1665,0,65535,Tentacle Area,0,Tentacle,,,1,A5,Sym,Control,Sym-Control,13,,0
762,Snap-21.czi,2741.301,2184.616,1314,3689,1314,65535,Symbiont Area,40.705,Tentacle,,,1,A5,Sym,Control,Sym-Control,13,,40.70507224
763,Snap-24.czi,2906.064,816.957,433,3031,0,65535,Tentacle Area,0,Tentacle,,,1,A5,Sym,Control,Sym-Control,13,,0
764,Snap-23.czi,1682.447,2181.673,1347,3594,1347,65535,Symbiont Area,57.894,Tentacle,,,1,A5,Sym,Control,Sym-Control,13,,57.8943547
765,Snap-26.czi,119001.159,384.159,117,3116,0,65535,Tentacle Area,0,Body column,,,1,A6,Sym,Control,Sym-Control,13,,0
766,Snap-25.czi,40712.573,1106.61,724,2775,724,65535,Symbiont Area,34.212,Body column,,,1,A6,Sym,Control,Sym-Control,13,,34.21191301
767,Snap-28.czi,10292.094,496.217,218,2360,0,65535,Tentacle Area,0,Tentacle,,,1,A6,Sym,Control,Sym-Control,13,,0
768,Snap-27.czi,4516.94,1263.296,853,2423,853,65535,Symbiont Area,43.887,Tentacle,,,1,A6,Sym,Control,Sym-Control,13,,43.88747324
769,Snap-30.czi,6301.229,697.904,302,2445,0,65535,Tentacle Area,0,Tentacle,,,1,A6,Sym,Control,Sym-Control,13,,0
770,Snap-29.czi,2919.254,1893.297,1215,3403,1215,65535,Symbiont Area,46.328,Tentacle,,,1,A6,Sym,Control,Sym-Control,13,,46.32832738
771,Snap-32.czi,81407.415,206.133,77,2396,0,65535,Tentacle Area,0,Pedal disc,,,1,B1,Sym,Control,Sym-Control,13,,0
772,Snap-31.czi,25785.264,526.064,333,2517,333,65535,Symbiont Area,31.674,Pedal disc,,,1,B1,Sym,Control,Sym-Control,13,,31.67434318
773,Snap-34.czi,17376.922,813.321,326,2469,0,65535,Tentacle Area,0,Tentacle,,,1,B3,Sym,Control,Sym-Control,13,,0
774,Snap-33.czi,5200.427,1543.031,1007,2677,1007,65535,Symbiont Area,29.927,Tentacle,,,1,B3,Sym,Control,Sym-Control,13,,29.9272046
775,Snap-36.czi,7260.835,702.712,295,2388,0,65535,Tentacle Area,0,Tentacle,,,1,B3,Sym,Control,Sym-Control,13,,0
776,Snap-35.czi,3541.765,1252.692,865,2308,865,65535,Symbiont Area,48.779,Tentacle,,,1,B3,Sym,Control,Sym-Control,13,,48.77903161
777,Snap-38.czi,3068.449,691.068,293,1876,0,65535,Tentacle Area,0,Tentacle,,,1,B3,Sym,Control,Sym-Control,13,,0
778,Snap-37.czi,2278.579,2313.499,1444,3780,1444,65535,Symbiont Area,74.258,Tentacle,,,1,B3,Sym,Control,Sym-Control,13,,74.25833051
779,Snap-40.czi,53037.614,389.665,98,2385,0,65535,Tentacle Area,0,Pedal disc,,,1,B4,Sym,Control,Sym-Control,13,,0
780,Snap-39.czi,18167.224,670.403,411,2641,411,65535,Symbiont Area,34.253,Pedal disc,,,1,B4,Sym,Control,Sym-Control,13,,34.25347151
781,Snap-42.czi,16152.872,309.667,158,1540,0,65535,Tentacle Area,0,Pedal disc,,,1,B5,Sym,Control,Sym-Control,13,,0
782,Snap-41.czi,6479.615,956.232,630,2755,630,65535,Symbiont Area,40.114,Pedal disc,,,1,B5,Sym,Control,Sym-Control,13,,40.11432147
783,Snap-44.czi,37257.514,205.784,91,1476,0,65535,Tentacle Area,0,Pedal disc,,,1,C1,Sym,Control,Sym-Control,13,,0
784,Snap-43.czi,14229.983,910.368,583,2445,583,65535,Symbiont Area,38.194,Pedal disc,,,1,C1,Sym,Control,Sym-Control,13,,38.1935923
785,Snap-46.czi,25958.46,348.532,188,2066,0,65535,Tentacle Area,0,Body column,,,1,C2,Sym,Control,Sym-Control,13,,0
786,Snap-45.czi,10105.275,950.877,603,2223,603,65535,Symbiont Area,38.929,Body column,,,1,C2,Sym,Control,Sym-Control,13,,38.92863829
787,Snap-48.czi,10990.501,481.128,282,1622,0,65535,Tentacle Area,0,Tentacle,,,1,C4,Sym,Control,Sym-Control,13,,0
788,Snap-47.czi,4035.191,1652.093,1125,2991,1125,65535,Symbiont Area,36.715,Tentacle,,,1,C4,Sym,Control,Sym-Control,13,,36.71525984
789,Snap-50.czi,5642.608,943.74,400,2563,0,65535,Tentacle Area,0,Tentacle,,,1,C4,Sym,Control,Sym-Control,13,,0
790,Snap-49.czi,2754.706,2178.213,1282,3551,1282,65535,Symbiont Area,48.82,Tentacle,,,1,C4,Sym,Control,Sym-Control,13,,48.81973017
791,Snap-52.czi,2295.877,507.086,232,1553,0,65535,Tentacle Area,0,Tentacle,,,1,C4,Sym,Control,Sym-Control,13,,0
792,Snap-51.czi,1123.505,1832.725,1169,2967,1169,65535,Symbiont Area,48.936,Tentacle,,,1,C4,Sym,Control,Sym-Control,13,,48.93576616
793,Snap-54.czi,38012.571,482.868,129,2669,0,65535,Tentacle Area,0,Tentacle,,,1,C6,Sym,Control,Sym-Control,13,,0
794,Snap-53.czi,16423.37,2315.09,1428,3834,1428,65535,Symbiont Area,43.205,Tentacle,,,1,C6,Sym,Control,Sym-Control,13,,43.20510181
795,Snap-56.czi,5051.665,337.669,180,1241,0,65535,Tentacle Area,0,Tentacle,,,1,C6,Sym,Control,Sym-Control,13,,0
796,Snap-55.czi,2507.129,2203.45,1429,3212,1429,65535,Symbiont Area,49.63,Tentacle,,,1,C6,Sym,Control,Sym-Control,13,,49.62975573
797,Snap-60.czi,18682.056,367.449,154,1884,0,65535,Tentacle Area,0,Tentacle,,,1,D1,Sym,Control,Sym-Control,13,,0
798,Snap-59.czi,10219.442,1757.134,1198,3552,1198,65535,Symbiont Area,54.702,Tentacle,,,1,D1,Sym,Control,Sym-Control,13,,54.70191289
799,Snap-62.czi,7618.688,679.838,231,2992,0,65535,Tentacle Area,0,Tentacle,,,1,D1,Sym,Control,Sym-Control,13,,0
800,Snap-61.czi,2710.164,2383.626,1404,3530,1404,65535,Symbiont Area,35.573,Tentacle,,,1,D1,Sym,Control,Sym-Control,13,,35.57258153
801,Snap-64.czi,4410.125,651.862,235,2976,0,65535,Tentacle Area,0,Tentacle,,,1,D1,Sym,Control,Sym-Control,13,,0
802,Snap-63.czi,1625.363,2306.03,1353,3744,1353,65535,Symbiont Area,36.855,Tentacle,,,1,D1,Sym,Control,Sym-Control,13,,36.8552592
803,Snap-66.czi,23545.821,482.094,139,2640,0,65535,Tentacle Area,0,Tentacle,,,1,D2,Sym,Control,Sym-Control,13,,0
804,Snap-65.czi,7584.524,1466.513,941,2835,941,65535,Symbiont Area,32.212,Tentacle,,,1,D2,Sym,Control,Sym-Control,13,,32.21176276
805,Snap-68.czi,29719.261,397.649,169,1940,0,65535,Tentacle Area,0,Tentacle,,,1,D2,Sym,Control,Sym-Control,13,,0
806,Snap-67.czi,6988.392,1969.393,1156,3643,1156,65535,Symbiont Area,23.515,Tentacle,,,1,D2,Sym,Control,Sym-Control,13,,23.51468968
807,Snap-70.czi,46423.075,196.361,78,1080,0,65535,Tentacle Area,0,Body column,,,1,D2,Sym,Control,Sym-Control,13,,0
808,Snap-69.czi,16406.937,1034.12,695,2886,695,65535,Symbiont Area,35.342,Body column,,,1,D2,Sym,Control,Sym-Control,13,,35.34220213
809,Snap-74.czi,13213.726,522.775,220,1762,0,65535,Tentacle Area,0,Tentacle,,,1,D4,Sym,Control,Sym-Control,13,,0
810,Snap-73.czi,4730.138,1491.528,971,2793,971,65535,Symbiont Area,35.797,Tentacle,,,1,D4,Sym,Control,Sym-Control,13,,35.79715517
811,Snap-76.czi,13503.035,511.304,227,1933,0,65535,Tentacle Area,0,Tentacle,,,1,D4,Sym,Control,Sym-Control,13,,0
812,Snap-75.czi,4689.272,1499.711,947,3301,947,65535,Symbiont Area,34.728,Tentacle,,,1,D4,Sym,Control,Sym-Control,13,,34.72754088
601,Snap-80.czi,25065.883,390.975,136,2423,0,65535,Tentacle Area,0,Tentacle,,,2,A1,Sym,Control,Sym-Control,13,,0
602,Snap-79.czi,8751.491,1344.651,860,2510,860,65535,Symbiont Area,34.914,Tentacle,,,2,A1,Sym,Control,Sym-Control,13,,34.91395456
603,Snap-82.czi,20069.572,391.007,144,2887,0,65535,Tentacle Area,0,Tentacle,,,2,A1,Sym,Control,Sym-Control,13,,0
604,Snap-81.czi,7911.024,1628.297,1084,3307,1084,65535,Symbiont Area,39.418,Tentacle,,,2,A1,Sym,Control,Sym-Control,13,,39.41800054
605,Snap-86.czi,10152.196,331.429,121,1516,0,65535,Tentacle Area,0,Tentacle,,,2,A2,Sym,Control,Sym-Control,13,,0
606,Snap-85.czi,3861.13,980.699,591,2309,591,65535,Symbiont Area,38.032,Tentacle,,,2,A2,Sym,Control,Sym-Control,13,,38.03246115
607,Snap-92.czi,15055.747,525.706,217,2713,0,65535,Tentacle Area,0,Pedal disc,,,2,A5,Sym,Control,Sym-Control,13,,0
608,Snap-91.czi,4614.241,1536.866,967,3223,967,65535,Symbiont Area,30.648,Pedal disc,,,2,A5,Sym,Control,Sym-Control,13,,30.64770549
611,Snap-103.czi,60877.5,730.191,150,3511,0,65535,Tentacle Area,0,Pedal disc,,,2,C1,Sym,Control,Sym-Control,13,,0
612,Snap-102.czi,13159.021,755.588,449,2110,449,65535,Symbiont Area,21.616,Pedal disc,,,2,C1,Sym,Control,Sym-Control,13,,21.6155739
613,Snap-105.czi,22558.322,253.943,122,1602,0,65535,Tentacle Area,0,Tentacle,,,2,C2,Sym,Control,Sym-Control,13,,0
614,Snap-104.czi,8748.247,1101.64,721,2307,721,65535,Symbiont Area,38.781,Tentacle,,,2,C2,Sym,Control,Sym-Control,13,,38.78057508
615,Snap-107.czi,12524.833,435.992,175,1778,0,65535,Tentacle Area,0,Tentacle,,,2,C2,Sym,Control,Sym-Control,13,,0
616,Snap-106.czi,4350.663,1349.589,837,2984,837,65535,Symbiont Area,34.736,Tentacle,,,2,C2,Sym,Control,Sym-Control,13,,34.73629549
617,Snap-109.czi,51893.135,209.511,104,623,0,65535,Tentacle Area,0,Body column,,,2,C2,Sym,Control,Sym-Control,13,,0
618,Snap-108.czi,17326.974,805.62,508,2965,508,65535,Symbiont Area,33.39,Body column,,,2,C2,Sym,Control,Sym-Control,13,,33.38972294
619,Snap-111.czi,32448.453,276.608,105,1713,0,65535,Tentacle Area,0,Pedal disc,,,2,C4,Sym,Control,Sym-Control,13,,0
620,Snap-110.czi,8026.056,683.346,412,2711,412,65535,Symbiont Area,24.735,Pedal disc,,,2,C4,Sym,Control,Sym-Control,13,,24.73478782
621,Snap-113.czi,43809.131,384.655,126,2500,0,65535,Tentacle Area,0,Pedal disc,,,2,C5,Sym,Control,Sym-Control,13,,0
622,Snap-112.czi,11613.229,689.73,430,3332,430,65535,Symbiont Area,26.509,Pedal disc,,,2,C5,Sym,Control,Sym-Control,13,,26.50869519
623,Snap-115.czi,23137.805,382.223,152,1844,0,65535,Tentacle Area,0,Tentacle,,,2,C6,Sym,Control,Sym-Control,13,,0
624,Snap-114.czi,7197.482,1447.743,934,2588,934,65535,Symbiont Area,31.107,Tentacle,,,2,C6,Sym,Control,Sym-Control,13,,31.1070216
625,Snap-117.czi,23198.564,371.94,161,2002,0,65535,Tentacle Area,0,Tentacle,,,2,C6,Sym,Control,Sym-Control,13,,0
626,Snap-116.czi,5726.719,1567.404,965,3203,965,65535,Symbiont Area,24.686,Tentacle,,,2,C6,Sym,Control,Sym-Control,13,,24.68566158
627,Snap-121.czi,47587.447,312.72,160,2684,0,65535,Tentacle Area,0,Body column,,,2,D1,Sym,Control,Sym-Control,13,,0
628,Snap-120.czi,11843.508,765.155,465,2545,465,65535,Symbiont Area,24.888,Body column,,,2,D1,Sym,Control,Sym-Control,13,,24.88788272
629,Snap-123.czi,9658.555,338.802,190,914,0,65535,Tentacle Area,38.055,Tentacle,,,2,D2,Sym,Control,Sym-Control,13,,0
630,Snap-122.czi,2416.314,1150.488,798,2082,798,65535,Symbiont Area,25.017,Tentacle,,,2,D2,Sym,Control,Sym-Control,13,,25.01734473
631,Snap-125.czi,8397.53,515.012,277,1500,0,65535,Tentacle Area,0,Tentacle,,,2,D2,Sym,Control,Sym-Control,13,,0
632,Snap-124.czi,4112.383,1502.648,1019,2467,1019,65535,Symbiont Area,48.971,Tentacle,,,2,D2,Sym,Control,Sym-Control,13,,48.97134038
633,Snap-131.czi,45626.935,444.051,115,2573,0,65535,Tentacle Area,75.448,Tentacle,beautiful sample,,3,A2,Sym,Control,Sym-Control,13,,0
634,Snap-130.czi,16113.303,1911.316,1221,3662,1221,65535,Symbiont Area,35.315,Tentacle,beautiful sample,,3,A2,Sym,Control,Sym-Control,13,,35.31533074
635,Snap-133.czi,41695.099,534.018,150,2965,0,65535,Tentacle Area,0,Tentacle,,,3,A2,Sym,Control,Sym-Control,13,,0
636,Snap-132.czi,15014.448,2132.577,1318,3805,1318,65535,Symbiont Area,36.01,Tentacle,,,3,A2,Sym,Control,Sym-Control,13,,36.01010277
637,Snap-135.czi,23827.13,308.799,102,1733,0,65535,Tentacle Area,0,Tentacle,,,3,A2,Sym,Control,Sym-Control,13,,0
638,Snap-134.czi,9630.445,1777.175,1121,3252,1121,65535,Symbiont Area,40.418,Tentacle,,,3,A2,Sym,Control,Sym-Control,13,,40.41798152
639,Snap-137.czi,3636.904,619.304,247,2482,0,65535,Tentacle Area,0,Tentacle,,,3,A4,Sym,Control,Sym-Control,13,,0
640,Snap-136.czi,1680.933,1328.785,833,2588,833,65535,Symbiont Area,46.219,Tentacle,,,3,A4,Sym,Control,Sym-Control,13,,46.21878939
641,Snap-139.czi,1691.312,456.387,231,1950,0,65535,Tentacle Area,0,Tentacle,,,3,A4,Sym,Control,Sym-Control,13,,0
642,Snap-138.czi,489.317,783.827,472,1530,472,65535,Symbiont Area,28.931,Tentacle,,,3,A4,Sym,Control,Sym-Control,13,,28.93120843
643,Snap-141.czi,14430.424,323.975,104,1760,0,65535,Tentacle Area,0,Tentacle,,,3,A5,Sym,Control,Sym-Control,13,,0
644,Snap-140.czi,4479.317,960.806,566,2889,566,65535,Symbiont Area,31.041,Tentacle,,,3,A5,Sym,Control,Sym-Control,13,,31.04078577
645,Snap-143.czi,45405.304,205.289,100,2261,0,65535,Tentacle Area,0,Pedal disc,,,3,A5,Sym,Control,Sym-Control,13,,0
646,Snap-142.czi,12524.401,616.275,376,1506,376,65535,Symbiont Area,27.584,Pedal disc,,,3,A6,Sym,Control,Sym-Control,13,,27.58356381
647,Snap-145.czi,37535.146,533.408,161,2994,0,65535,Tentacle Area,0,Tentacle,,,3,B3,Sym,Control,Sym-Control,13,,0
648,Snap-144.czi,14063.706,1552.596,984,3175,984,65535,Symbiont Area,37.468,Tentacle,,,3,B3,Sym,Control,Sym-Control,13,,37.4680999
649,Snap-147.czi,13500.657,447.377,185,2279,0,65535,Tentacle Area,0,Tentacle,,,3,B3,Sym,Control,Sym-Control,13,,0
650,Snap-146.czi,2691.569,2266.4,1380,3627,1380,65535,Symbiont Area,19.937,Tentacle,,,3,B3,Sym,Control,Sym-Control,13,,19.9365779
651,Snap-149.czi,4892.739,651.399,333,2526,0,65535,Tentacle Area,0,Tentacle,,,3,B3,Sym,Control,Sym-Control,13,,0
652,Snap-148.czi,3445.329,1695.848,1085,2643,1085,65535,Symbiont Area,70.417,Tentacle,,,3,B3,Sym,Control,Sym-Control,13,,70.4171835
653,Snap-151.czi,16294.932,494.673,250,2882,0,65535,Tentacle Area,0,Tentacle,,,3,B5,Sym,Control,Sym-Control,13,,0
654,Snap-150.czi,6574.754,1063.395,660,2212,660,65535,Symbiont Area,40.348,Tentacle,,,3,B5,Sym,Control,Sym-Control,13,,40.34845926
655,Snap-153.czi,14998.663,589.174,241,2724,0,65535,Tentacle Area,0,Pedal disc,,,3,B5,Sym,Control,Sym-Control,13,,0
656,Snap-152.czi,2159.655,1295.15,734,3323,734,65535,Symbiont Area,14.399,Pedal disc,,,3,B5,Sym,Control,Sym-Control,13,,14.39898343
657,Snap-155.czi,30853.578,653.383,242,3506,0,65535,Tentacle Area,0,Body column,,,3,C3,Sym,Control,Sym-Control,13,,0
658,Snap-154.czi,5961.107,1153.868,684,3691,684,65535,Symbiont Area,19.321,Body column,,,3,C3,Sym,Control,Sym-Control,13,,19.32063438
659,Snap-157.czi,5437.843,438.525,277,2230,0,65535,Tentacle Area,0,Pedal disc,,,3,C5,Sym,Control,Sym-Control,13,,0
660,Snap-156.czi,2762.058,1947.621,1307,3525,1307,65535,Symbiont Area,50.793,Pedal disc,,,3,C5,Sym,Control,Sym-Control,13,,50.7932649
661,Snap-159.czi,30445.994,499.069,202,2894,0,65535,Tentacle Area,0,Pedal disc,,,3,C6,Sym,Control,Sym-Control,13,,0
662,Snap-158.czi,5424.869,1018.254,604,3157,604,65535,Symbiont Area,17.818,Pedal disc,,,3,C6,Sym,Control,Sym-Control,13,,17.81800588
663,Snap-161.czi,14976.392,485.043,255,2926,0,65535,Tentacle Area,0,Body column,,,3,D1,Sym,Control,Sym-Control,13,,0
664,Snap-160.czi,5495.142,1269.445,832,3045,832,65535,Symbiont Area,36.692,Body column,,,3,D1,Sym,Control,Sym-Control,13,,36.69202836
665,Snap-163.czi,95786.378,204.206,90,2280,0,65535,Tentacle Area,0,Body column,,,3,D2,Sym,Control,Sym-Control,13,,0
666,Snap-162.czi,27333.651,788.513,489,2172,489,65535,Symbiont Area,28.536,Body column,,,3,D2,Sym,Control,Sym-Control,13,,28.53605238
667,Snap-165.czi,28800.954,193.76,117,1195,0,65535,Tentacle Area,28.536,Body column,,,3,D2,Sym,Control,Sym-Control,13,,0
668,Snap-164.czi,8128.33,610.265,383,1811,383,65535,Symbiont Area,28.222,Body column,,,3,D2,Sym,Control,Sym-Control,13,,28.22243319
669,Snap-169.czi,12005.244,381.571,196,2454,0,65535,Tentacle Area,0,Pedal disc,,,3,D3,Sym,Control,Sym-Control,13,,0
670,Snap-168.czi,4744.625,1129.424,732,2791,732,65535,Symbiont Area,39.521,Pedal disc,,,3,D3,Sym,Control,Sym-Control,13,,39.52127087
671,Snap-173.czi,20394.991,350.716,141,2538,0,65535,Tentacle Area,0,Pedal disc,,,3,D4,Sym,Control,Sym-Control,13,,0
672,Snap-172.czi,5810.182,985.164,609,3217,609,65535,Symbiont Area,28.488,Pedal disc,,,3,D4,Sym,Control,Sym-Control,13,,28.4882793
673,Snap-175.czi,31097.047,231.096,126,1565,0,65535,Tentacle Area,0,Body column,,,3,D5,Sym,Control,Sym-Control,13,,0
674,Snap-174.czi,11969.351,819.961,525,2950,525,65535,Symbiont Area,38.49,Body column,,,3,D5,Sym,Control,Sym-Control,13,,38.49031389
677,Snap-179.czi,9481.034,443.729,224,1653,0,65535,Tentacle Area,0,Pedal disc,,,4,A3,Sym,HS,Sym-HS,13,,0
678,Snap-178.czi,3734.638,1232.695,786,3002,786,65535,Symbiont Area,39.391,Pedal disc,,,4,A3,Sym,HS,Sym-HS,13,,39.39061921
679,Snap-181.czi,17036.584,291.035,126,1670,0,65535,Tentacle Area,0,Pedal disc,,,4,A4,Sym,HS,Sym-HS,13,,0
680,Snap-180.czi,6011.055,1386.533,886,3248,886,65535,Symbiont Area,35.283,Pedal disc,,,4,A4,Sym,HS,Sym-HS,13,,35.28321757
681,Snap-183.czi,18109.06,313.402,114,1913,0,65535,Tentacle Area,0,Pedal disc,,,4,A5,Sym,HS,Sym-HS,13,,0
682,Snap-182.czi,2033.38,1271.583,736,2985,736,65535,Symbiont Area,11.229,Pedal disc,,,4,A5,Sym,HS,Sym-HS,13,,11.22852318
683,Snap-185.czi,19700.908,877.867,403,4095,0,65535,Tentacle Area,0,Pedal disc,,,4,B3,Sym,HS,Sym-HS,13,,0
684,Snap-184.czi,4795.438,1489.895,905,3922,905,65535,Symbiont Area,24.341,Pedal disc,,,4,B3,Sym,HS,Sym-HS,13,,24.34120295
685,Snap-187.czi,9567.956,192.522,102,730,0,65535,Tentacle Area,0,Pedal disc,,,4,C3,Sym,HS,Sym-HS,13,,0
686,Snap-186.czi,3535.063,1332.975,847,2849,847,65535,Symbiont Area,36.947,Pedal disc,,,4,C3,Sym,HS,Sym-HS,13,,36.94689859
687,Snap-189.czi,44940.636,1749.359,931,4095,0,65535,Tentacle Area,0,Pedal disc,,,4,C5,Sym,HS,Sym-HS,13,,0
688,Snap-188.czi,15077.802,132.856,78,3741,78,65535,Symbiont Area,33.55,Pedal disc,,,4,C5,Sym,HS,Sym-HS,13,,33.55048647
689,Snap-191.czi,35985.029,703.51,334,3817,0,65535,Tentacle Area,0,Pedal disc,,,4,D4,Sym,HS,Sym-HS,13,,0
690,Snap-190.czi,7752.747,822.468,493,3665,493,65535,Symbiont Area,21.544,Pedal disc,,,4,D4,Sym,HS,Sym-HS,13,,21.5443678
691,Snap-193.czi,37947.487,831.342,379,4095,0,65535,Tentacle Area,0,Pedal disc,,,4,D5,Sym,HS,Sym-HS,13,,0
692,Snap-192.czi,5441.735,1421.593,809,3688,809,65535,Symbiont Area,14.34,Pedal disc,,,4,D5,Sym,HS,Sym-HS,13,,14.34017225
693,Snap-195.czi,13990.19,780.967,396,4095,0,65535,Tentacle Area,0,Pedal disc,,,4,D6,Sym,HS,Sym-HS,13,,0
694,Snap-194.czi,1102.747,271.497,156,2692,156,65535,Symbiont Area,7.882,Pedal disc,,,4,D6,Sym,HS,Sym-HS,13,,7.882287517
695,Snap-197.czi,7099.315,810.221,306,3340,0,65535,Tentacle Area,0,Tentacle,,,4,D3,Sym,HS,Sym-HS,13,,0
696,Snap-196.czi,1541.468,1834.281,1048,3329,1048,65535,Symbiont Area,21.713,Tentacle,,,4,D3,Sym,HS,Sym-HS,13,,21.71291174
697,Snap-199.czi,3330.73,906.167,427,3063,0,65535,Tentacle Area,0,Tentacle,,,4,D3,Sym,HS,Sym-HS,13,,0
698,Snap-198.czi,1048.475,2181.568,1309,3565,1309,65535,Symbiont Area,31.479,Tentacle,,,4,D3,Sym,HS,Sym-HS,13,,31.47883497
699,Snap-201.czi,38180.578,855.055,464,4095,0,65535,Tentacle Area,0,Pedal disc,,,4,D3,Sym,HS,Sym-HS,13,,0
700,Snap-200.czi,8489.858,923.919,566,2886,566,65535,Symbiont Area,22.236,Pedal disc,,,4,D3,Sym,HS,Sym-HS,13,,22.23606463
701,Snap-203.czi,54514.647,1244.604,543,4095,0,65535,Tentacle Area,0,Pedal disc,,,5,A3,Sym,HS,Sym-HS,13,,0
702,Snap-202.czi,6207.82,437.282,247,3408,247,65535,Symbiont Area,11.387,Pedal disc,,,5,A3,Sym,HS,Sym-HS,13,,11.38743501
703,Snap-205.czi,60771.334,1807.754,680,4095,0,65535,Tentacle Area,0,Pedal disc,,,5,A4,Sym,HS,Sym-HS,13,,0
704,Snap-204.czi,11175.805,991.525,573,3609,573,65535,Symbiont Area,18.39,Pedal disc,,,5,A4,Sym,HS,Sym-HS,13,,18.38992871
705,Snap-207.czi,28064.491,1315.297,659,4095,0,65535,Tentacle Area,0,Pedal disc,,,5,A6,Sym,HS,Sym-HS,13,,0
706,Snap-206.czi,2797.519,1243.745,729,3540,729,65535,Symbiont Area,9.968,Pedal disc,,,5,A6,Sym,HS,Sym-HS,13,,9.968180075
707,Snap-209.czi,20827.441,760.773,408,2704,0,65535,Tentacle Area,0,Pedal disc,,,5,B2,Sym,HS,Sym-HS,13,,0
708,Snap-208.czi,2635.783,903.42,510,3463,510,65535,Symbiont Area,12.655,Pedal disc,,,5,B2,Sym,HS,Sym-HS,13,,12.65533773
709,Snap-213.czi,27196.997,1051.476,635,4095,0,65535,Tentacle Area,0,Pedal disc,,,5,B5,Sym,HS,Sym-HS,13,,0
710,Snap-212.czi,5677.204,695.035,425,3242,425,65535,Symbiont Area,20.874,Pedal disc,,,5,B5,Sym,HS,Sym-HS,13,,20.87437815
711,Snap-217.czi,33727.424,558.547,338,4095,0,65535,Tentacle Area,0,Pedal disc,,,5,C5,Sym,HS,Sym-HS,13,,0
712,Snap-216.czi,8183.684,722.767,440,3567,440,65535,Symbiont Area,24.264,Pedal disc,,,5,C5,Sym,HS,Sym-HS,13,,24.26418335
713,Snap-219.czi,38429.021,1086.954,511,4095,0,65535,Tentacle Area,0,Pedal disc,,,5,D3,Sym,HS,Sym-HS,13,,0
714,Snap-218.czi,4482.128,1247.469,726,3535,726,65535,Symbiont Area,11.663,Pedal disc,,,5,D3,Sym,HS,Sym-HS,13,,11.66339366
715,Snap-221.czi,16064.869,1728.447,911,4095,0,65535,Tentacle Area,0,Pedal disc,,,5,D4,Sym,HS,Sym-HS,13,,0
716,Snap-220.czi,2852.008,1283.037,757,3268,757,65535,Symbiont Area,17.753,Pedal disc,,,5,D4,Sym,HS,Sym-HS,13,,17.75307349
717,Snap-223.czi,57123.402,558.949,262,4095,0,65535,Tentacle Area,0,Pedal disc,,,5,D5,Sym,HS,Sym-HS,13,,0
718,Snap-222.czi,10874.604,713.414,441,2974,441,65535,Symbiont Area,19.037,Pedal disc,,,5,D5,Sym,HS,Sym-HS,13,,19.03703845
719,Snap-227.czi,8536.131,664.04,333,1954,0,65535,Tentacle Area,0,Pedal disc,,,6,A2,Sym,HS,Sym-HS,13,,0
720,Snap-226.czi,2274.687,1691.997,1062,3426,1062,65535,Symbiont Area,26.648,Pedal disc,,,6,A2,Sym,HS,Sym-HS,13,,26.64775177
721,Snap-231.czi,20916.093,546.924,278,3432,0,65535,Tentacle Area,0,Pedal disc,,,6,C2,Sym,HS,Sym-HS,13,,0
722,Snap-230.czi,2188.197,1480.053,843,3671,843,65535,Symbiont Area,10.462,Pedal disc,,,6,C2,Sym,HS,Sym-HS,13,,10.46178653
723,Snap-233.czi,20523.212,446.421,217,1746,0,65535,Tentacle Area,0,Pedal disc,,,6,C4,Sym,HS,Sym-HS,13,,0
724,Snap-232.czi,1859.319,1253.896,717,3281,717,65535,Symbiont Area,9.06,Pedal disc,,,6,C4,Sym,HS,Sym-HS,13,,9.059590672
725,Snap-237.czi,12288.932,960.529,393,3526,0,65535,Tentacle Area,0,Pedal disc,,,6,D1,Sym,HS,Sym-HS,13,,0
726,Snap-236.czi,641.107,1052.113,575,3665,575,65535,Symbiont Area,5.217,Pedal disc,,,6,D1,Sym,HS,Sym-HS,13,,5.216946436
727,Snap-242.czi,19782.641,856.485,219,3489,0,65535,Tentacle Area,0,Tentacle,,,6,D2,Sym,HS,Sym-HS,13,,0
728,Snap-241.czi,6250.416,1693.113,1054,3843,1054,65535,Symbiont Area,31.595,Tentacle,,,6,D2,Sym,HS,Sym-HS,13,,31.59545786
729,Snap-244.czi,29247.675,741.085,197,2434,0,65535,Tentacle Area,0,Tentacle,,,6,B2,Sym,HS,Sym-HS,13,,0
730,Snap-243.czi,8007.893,1228.868,774,3709,774,65535,Symbiont Area,27.38,Tentacle,,,6,B2,Sym,HS,Sym-HS,13,,27.37958829
731,Snap-246.czi,4312.391,1116.063,464,3331,0,65535,Tentacle Area,0,Tentacle,,,6,B2,Sym,HS,Sym-HS,13,,0
732,Snap-245.czi,1629.688,1976.954,1251,3842,1251,65535,Symbiont Area,37.791,Tentacle,,,6,B2,Sym,HS,Sym-HS,13,,37.79082184
733,Snap-248.czi,19925.35,878.992,229,3502,0,65535,Tentacle Area,0,Tentacle,,,6,B2,Sym,HS,Sym-HS,13,,0
734,Snap-247.czi,6927.849,1686.841,1037,3814,1037,65535,Symbiont Area,34.769,Tentacle,,,6,B2,Sym,HS,Sym-HS,13,,34.76902037
735,Snap-250.czi,5841.967,1344.05,362,3393,0,65535,Tentacle Area,0,Tentacle,,,6,B3,Sym,HS,Sym-HS,13,,0
736,Snap-249.czi,1474.222,2036.19,1199,3763,1199,65535,Symbiont Area,25.235,Tentacle,,,6,B3,Sym,HS,Sym-HS,13,,25.23502786
737,Snap-252.czi,2631.674,1021.492,348,2763,0,65535,Tentacle Area,0,Tentacle,,,6,B3,Sym,HS,Sym-HS,13,,0
738,Snap-251.czi,750.085,2449.22,1450,3857,1450,65535,Symbiont Area,28.502,Tentacle,,,6,B3,Sym,HS,Sym-HS,13,,28.5022005
739,Snap-254.czi,11150.939,342.832,234,2194,0,65535,Tentacle Area,0,Pedal disc,,,6,B3,Sym,HS,Sym-HS,13,,0
740,Snap-253.czi,1595.308,1232.262,723,3184,723,65535,Symbiont Area,14.306,Pedal disc,,,6,B3,Sym,HS,Sym-HS,13,,14.30649024